source_cohort,source_disease_context,pca_basis,gsm,arm,cohort,PC1,PC2,PC3,PC4,PC5,PC6,PC7,PC8,sentrix,gender,PC9,PC10
breast_EPIC_Italy,breast_pre_dx,breast_epic_GSE51057_GSE51032_HC,GSM1235566,case,GSE51057,2.863146414821385,-0.3588908064672593,0.2055489165773769,-0.4655454229807096,-0.205437881763611,-0.4114298906690035,0.1278349092175452,0.079812963149344,,,,
breast_EPIC_Italy,breast_pre_dx,breast_epic_GSE51057_GSE51032_HC,GSM1235915,case,GSE51057,1.2596107155656278,-0.7476324076967528,-0.0660555239254481,0.0787752171803739,0.2351369918223222,0.3726695487126596,0.0101914207705498,-0.0963696007049244,,,,
breast_EPIC_Italy,breast_pre_dx,breast_epic_GSE51057_GSE51032_HC,GSM1235926,case,GSE51057,4.635883176674543,-0.3947582331069571,-0.1190814263331873,-0.5417248200257982,-0.2075625236266878,-0.0391742969360627,0.2915156321144904,-0.0754832626295331,,,,
breast_EPIC_Italy,breast_pre_dx,breast_epic_GSE51057_GSE51032_HC,GSM1235936,case,GSE51057,6.882094486384195,0.8458886092027714,-1.579478370001266,-0.9806310818367228,-0.3423942262749483,-0.2679578264810796,-0.2196937027347495,-0.1517422046540796,,,,
breast_EPIC_Italy,breast_pre_dx,breast_epic_GSE51057_GSE51032_HC,GSM1235939,case,GSE51057,5.745947325490308,-0.4367599701552006,-0.4332244479330269,-0.6612756576816096,0.9263543507634748,-0.6766341625943659,-0.2577952678306976,-0.1790139709221748,,,,
breast_EPIC_Italy,breast_pre_dx,breast_epic_GSE51057_GSE51032_HC,GSM1236100,case,GSE51057,1.4917797622186832,-0.1838449590206035,-0.6233742584846308,0.1279231801476812,0.5254373579855393,0.0455124601158453,0.092319242839903,0.0291766346033656,,,,
breast_EPIC_Italy,breast_pre_dx,breast_epic_GSE51057_GSE51032_HC,GSM1236213,case,GSE51057,-0.3930088556105262,0.3990753017961628,0.4389923066591557,-1.7341847996871909,0.2754482622068281,0.421051265252217,0.2998780368152188,-0.1776215573792766,,,,
breast_EPIC_Italy,breast_pre_dx,breast_epic_GSE51057_GSE51032_HC,GSM1236218,case,GSE51057,3.076327010174708,-1.82079004060744,0.1535979141481362,0.3294373476689398,1.2808993101518955,-0.5062579895059959,0.471718623351239,-0.2104261222847622,,,,
breast_EPIC_Italy,breast_pre_dx,breast_epic_GSE51057_GSE51032_HC,GSM1236295,case,GSE51057,0.767242520174881,-0.7952503915784377,-0.4461106212965631,-0.1200217427323345,0.2380197193779772,-0.1002761105330934,-0.1750522448952449,0.0234619244467111,,,,
breast_EPIC_Italy,breast_pre_dx,breast_epic_GSE51057_GSE51032_HC,GSM1236332,case,GSE51057,-1.07053298405681,0.2809517694244991,-0.4378560488708156,-0.7307019666019968,0.3600957822584946,0.6722634018337275,0.0042674864133842,-0.2377409873369591,,,,
breast_EPIC_Italy,breast_pre_dx,breast_epic_GSE51057_GSE51032_HC,GSM1236345,case,GSE51057,3.988273325875254,-1.6230195444075783,0.2584686912196411,-0.1996654243708459,-0.1912488698708437,1.4299285234862384,-0.4305914946502887,-0.3191297135503737,,,,
breast_EPIC_Italy,breast_pre_dx,breast_epic_GSE51057_GSE51032_HC,GSM1235534,hc,GSE51057,0.5147535311027308,0.328254238893853,0.6074553285826554,0.542300235916061,-0.1857484504330741,-0.0570304759965601,0.1215688486729148,0.0776660880887548,,,,
breast_EPIC_Italy,breast_pre_dx,breast_epic_GSE51057_GSE51032_HC,GSM1235535,hc,GSE51057,0.6669893856514897,-0.8487207904596941,-0.1054116776874944,0.2028792777870444,-0.2732490369023592,0.4200947650860516,0.1402925988719582,-0.026684801265356,,,,
breast_EPIC_Italy,breast_pre_dx,breast_epic_GSE51057_GSE51032_HC,GSM1235537,hc,GSE51057,0.59920151656163,-0.8157721217472176,-0.0051630847802505,0.0951059679187107,-0.1905774897007067,0.1910782370494352,-0.2474438958429552,-0.0124463494644345,,,,
breast_EPIC_Italy,breast_pre_dx,breast_epic_GSE51057_GSE51032_HC,GSM1235539,hc,GSE51057,0.8268540203329818,-0.801372077998512,-0.699976951995418,-0.4063114879207235,-0.919198382915024,-0.0393624405639454,-0.0551125039456456,0.0874629154925607,,,,
breast_EPIC_Italy,breast_pre_dx,breast_epic_GSE51057_GSE51032_HC,GSM1235540,hc,GSE51057,-1.2808547890202682,-1.5512288919895607,0.6096425304124552,0.7020808942005493,-0.3933478779534881,0.0556306252664043,0.0166792019331851,0.2141991494744429,,,,
breast_EPIC_Italy,breast_pre_dx,breast_epic_GSE51057_GSE51032_HC,GSM1235541,hc,GSE51057,-5.162676789927827,1.2045259588399246,0.5567202974219359,-0.0419499254445012,-0.0089509004107781,0.1163524011961823,0.1151678309062768,0.0135318714305677,,,,
breast_EPIC_Italy,breast_pre_dx,breast_epic_GSE51057_GSE51032_HC,GSM1235542,hc,GSE51057,0.3745105252219076,0.1920134803957752,-0.4166565296575657,-0.6568909356378234,0.266352443554331,0.0463539713806476,0.0037160716785858,0.1421454854687138,,,,
breast_EPIC_Italy,breast_pre_dx,breast_epic_GSE51057_GSE51032_HC,GSM1235545,hc,GSE51057,-1.481930328599018,-0.4802468917060562,-0.199690166941643,0.8495757107932869,0.4937810287596328,0.081038550796563,0.1748777762124979,-0.0579584435381891,,,,
breast_EPIC_Italy,breast_pre_dx,breast_epic_GSE51057_GSE51032_HC,GSM1235546,hc,GSE51057,1.2486491301947475,-0.7109236988747968,0.0001915865371154,-0.2427705437216815,-0.0707322636549086,0.2836095721805052,0.1439987369505508,0.132571209863277,,,,
breast_EPIC_Italy,breast_pre_dx,breast_epic_GSE51057_GSE51032_HC,GSM1235547,hc,GSE51057,0.5397253810908912,0.0402890720324398,-0.7442226343797829,-0.3344030014665333,0.2916386677739696,-0.0122282209060365,-0.2120500733757011,-0.0070476662619685,,,,
breast_EPIC_Italy,breast_pre_dx,breast_epic_GSE51057_GSE51032_HC,GSM1235552,hc,GSE51057,1.93630797362068,-0.3794172591778228,-0.6105959714119941,0.5517363755435583,0.1358281293991693,0.0349276669282113,0.0159509183329147,0.0814397209294564,,,,
breast_EPIC_Italy,breast_pre_dx,breast_epic_GSE51057_GSE51032_HC,GSM1235554,hc,GSE51057,-0.7580074721790483,-0.3268341069705016,-0.2159390439505114,0.5381151399584548,0.3666366269104623,-0.123207037720634,-0.2665696709998089,-0.2453540920199921,,,,
breast_EPIC_Italy,breast_pre_dx,breast_epic_GSE51057_GSE51032_HC,GSM1235555,hc,GSE51057,-0.6403860258790915,0.3030142097671288,-0.5006757807095682,-0.0566914319027883,0.6402660247286796,0.2086290578208358,-0.3417218281446139,-0.1215144060360759,,,,
breast_EPIC_Italy,breast_pre_dx,breast_epic_GSE51057_GSE51032_HC,GSM1235556,hc,GSE51057,-1.1448663632406753,-1.1609223508163236,0.2303654013613335,0.9395100500804304,0.6679514077344365,0.3803087272708197,-0.2028557604898764,0.0225852121254352,,,,
breast_EPIC_Italy,breast_pre_dx,breast_epic_GSE51057_GSE51032_HC,GSM1235557,hc,GSE51057,3.269063313946329,-0.7125121709388406,-0.679666128866434,0.2859529282071478,0.1551793338900993,-0.2393474060573199,-0.2179727040996509,-0.0306349738235296,,,,
breast_EPIC_Italy,breast_pre_dx,breast_epic_GSE51057_GSE51032_HC,GSM1235558,hc,GSE51057,2.8160359781301456,-0.5459548566061996,-1.5332368232544766,0.3725674774615993,-0.4194732275424528,0.170634877553624,0.017924788679664,0.1123848677576515,,,,
breast_EPIC_Italy,breast_pre_dx,breast_epic_GSE51057_GSE51032_HC,GSM1235559,hc,GSE51057,-0.0519602951716315,-0.2912796466421319,-0.7649478910762709,-0.1660631280285311,-0.1432393977416971,-0.1599751849468549,0.0193061003690208,-0.021353196167405,,,,
breast_EPIC_Italy,breast_pre_dx,breast_epic_GSE51057_GSE51032_HC,GSM1235560,hc,GSE51057,1.8686674061111257,-0.4073744104577633,-0.4006592277998215,-0.3342681051792091,0.216844624166395,0.0513197979779497,0.0085571514584283,0.0321673861439857,,,,
breast_EPIC_Italy,breast_pre_dx,breast_epic_GSE51057_GSE51032_HC,GSM1235570,hc,GSE51057,2.9360635624028486,-0.6143086796205565,0.0058313693714206,-0.3026127532255024,-0.1122395526005423,-0.095406650944697,-0.1142252130559422,0.1131338778697975,,,,
breast_EPIC_Italy,breast_pre_dx,breast_epic_GSE51057_GSE51032_HC,GSM1235571,hc,GSE51057,0.8324533348799914,0.5051532300840045,-0.8103614293267417,-0.3860336696282802,0.1112639590494827,-0.0569980293219613,0.3203539856147147,0.0501302867746011,,,,
breast_EPIC_Italy,breast_pre_dx,breast_epic_GSE51057_GSE51032_HC,GSM1235576,hc,GSE51057,-0.9698320660439264,-0.093500078668124,-0.3493115025356755,0.5245433229582861,-0.2251405619361911,-0.2655437346260842,0.0750303905401372,-0.2279937074879564,,,,
breast_EPIC_Italy,breast_pre_dx,breast_epic_GSE51057_GSE51032_HC,GSM1235577,hc,GSE51057,3.5475776394740186,0.3445146225427421,-0.3379926201676436,0.0335437114507366,0.0127712322321162,-0.0905798841606551,-0.2065633274231323,0.0192956101929378,,,,
breast_EPIC_Italy,breast_pre_dx,breast_epic_GSE51057_GSE51032_HC,GSM1235580,hc,GSE51057,-0.7732138748420639,-0.4812631072451833,-0.5896971242648117,-0.4280854575176571,0.1160952357542992,-0.2490338589238715,0.0437422573933038,-0.1498842118290062,,,,
breast_EPIC_Italy,breast_pre_dx,breast_epic_GSE51057_GSE51032_HC,GSM1235581,hc,GSE51057,-4.012099253690586,0.3868198820129591,-0.7833457466517023,0.0691963561462783,-0.0128500701138529,-0.2308648443281849,-0.2819820096245714,-0.1344704782189186,,,,
breast_EPIC_Italy,breast_pre_dx,breast_epic_GSE51057_GSE51032_HC,GSM1235587,hc,GSE51057,3.1460035736613,-0.6153010923514396,-0.6761527473255925,0.2968487348553014,-0.2961123922304649,0.1352289121122264,0.0041878245681265,0.0143320452136111,,,,
breast_EPIC_Italy,breast_pre_dx,breast_epic_GSE51057_GSE51032_HC,GSM1235590,hc,GSE51057,0.9925765128448968,-0.6716035406286869,-1.1468550741567107,0.6299955654707938,-0.487388457697591,-0.5225583609787355,0.1277283582389669,-0.2154136921389022,,,,
breast_EPIC_Italy,breast_pre_dx,breast_epic_GSE51057_GSE51032_HC,GSM1235596,hc,GSE51057,-2.029458947451821,0.0857945251943354,0.1226325559852634,0.7997351493874699,-0.4748001531241693,0.0122999846093702,-0.0607267032465784,-0.2688310122078756,,,,
breast_EPIC_Italy,breast_pre_dx,breast_epic_GSE51057_GSE51032_HC,GSM1235604,hc,GSE51057,-0.9848770688899152,-0.4413807838356924,-0.6640074953480919,0.7178995322378368,-1.00284698343542,-0.2896417635055696,0.1640022468583832,-0.1852523401703356,,,,
breast_EPIC_Italy,breast_pre_dx,breast_epic_GSE51057_GSE51032_HC,GSM1235605,hc,GSE51057,-1.714621325000651,-0.6223921546569402,-1.4479320269370215,0.3769793827955357,-0.3207834760856516,-0.3169303770189031,-0.2036052922842421,-0.2333774387985468,,,,
breast_EPIC_Italy,breast_pre_dx,breast_epic_GSE51057_GSE51032_HC,GSM1235612,hc,GSE51057,-2.0262964010629703,0.3787161962330806,-1.2621968570009643,0.5741525113934698,-0.2250868957286602,0.1557701634789209,-0.2177327498384724,-0.0290860779173785,,,,
breast_EPIC_Italy,breast_pre_dx,breast_epic_GSE51057_GSE51032_HC,GSM1235621,hc,GSE51057,0.897167468675316,-1.511893055842739,-2.036335444271136,0.0718636148629082,-0.907074925996706,0.6939881760532044,-0.0767219658052634,-0.0130249059342357,,,,
breast_EPIC_Italy,breast_pre_dx,breast_epic_GSE51057_GSE51032_HC,GSM1235625,hc,GSE51057,-5.00615164472201,0.6259956709542875,-1.1897647277459,-0.7494400922990794,-0.1106232314480525,0.385578599884053,0.1945522156448036,0.0923932221933672,,,,
breast_EPIC_Italy,breast_pre_dx,breast_epic_GSE51057_GSE51032_HC,GSM1235628,hc,GSE51057,0.4260218259451153,0.4492335824082041,0.0747348768421114,0.8699179772788049,-0.6973911237262858,-0.26286326679752,-0.0913246822597338,-0.1097973211411021,,,,
breast_EPIC_Italy,breast_pre_dx,breast_epic_GSE51057_GSE51032_HC,GSM1235632,hc,GSE51057,-1.984110582551164,0.8832708583657493,-0.968063417279418,-0.7356604536061075,-0.8525021719776807,0.5560689755922669,0.2006129129519625,-0.0155087540214571,,,,
breast_EPIC_Italy,breast_pre_dx,breast_epic_GSE51057_GSE51032_HC,GSM1235640,hc,GSE51057,-3.183256680878701,-0.6563644373756142,-0.823041300081992,1.048427901435972,-0.1866628212069876,0.1687747235412561,0.2515868782084337,-0.2931032824729652,,,,
breast_EPIC_Italy,breast_pre_dx,breast_epic_GSE51057_GSE51032_HC,GSM1235641,hc,GSE51057,-1.9308613457675503,-0.5738480008356125,0.1756668691710547,0.1745058514780385,0.2913771133535375,0.1711275856758136,-0.0791824912867794,0.2550926837559797,,,,
breast_EPIC_Italy,breast_pre_dx,breast_epic_GSE51057_GSE51032_HC,GSM1235643,hc,GSE51057,-4.004431595973908,0.335475969520258,-0.3919637093099749,0.3436341891081926,-0.1915248605755682,0.1922833730352834,-0.2990708833117887,-0.0307836450342534,,,,
breast_EPIC_Italy,breast_pre_dx,breast_epic_GSE51057_GSE51032_HC,GSM1235644,hc,GSE51057,-1.4894080869899278,-0.4008786713136349,-1.13283152079252,0.3015352988346399,0.3965384308488146,0.3654800292671296,-0.1177431165587891,-0.0806058336310522,,,,
breast_EPIC_Italy,breast_pre_dx,breast_epic_GSE51057_GSE51032_HC,GSM1235649,hc,GSE51057,-2.340442175038959,-1.1706478110474,-0.8745833206213409,0.3736439105969495,-0.0078657829649272,0.63435595421029,-0.1589310380094229,-0.1221641185242546,,,,
breast_EPIC_Italy,breast_pre_dx,breast_epic_GSE51057_GSE51032_HC,GSM1235654,hc,GSE51057,-2.0623779056275624,-1.3187405724413648,0.9400912094742562,0.1083929697711759,-0.4253280847255044,-0.0904118044383433,0.1775587259912319,0.2712937548384184,,,,
breast_EPIC_Italy,breast_pre_dx,breast_epic_GSE51057_GSE51032_HC,GSM1235661,hc,GSE51057,-0.0822766076694053,2.055542815542113,-0.6201012248953273,1.253211313964225,-0.3490361329712623,0.347820720165035,0.0192750772448235,0.2429270319647559,,,,
breast_EPIC_Italy,breast_pre_dx,breast_epic_GSE51057_GSE51032_HC,GSM1235664,hc,GSE51057,-0.8664721886549537,-0.0403321211660008,-0.7415819807135272,0.6224212049011145,-0.2039983329557292,0.1625866359567646,-0.2226064860047004,0.1820297785107173,,,,
breast_EPIC_Italy,breast_pre_dx,breast_epic_GSE51057_GSE51032_HC,GSM1235670,hc,GSE51057,-3.06493362394633,-0.0424789167121837,-0.7170904924694187,1.029857968509642,-0.3336806848116825,-0.2108431314311096,0.2224351825274373,-0.3023253019977487,,,,
breast_EPIC_Italy,breast_pre_dx,breast_epic_GSE51057_GSE51032_HC,GSM1235672,hc,GSE51057,-3.0985336282748874,-0.2991785648483154,1.3388391220981304,0.5577453863932065,-0.2373466227227951,0.1930910286043647,-0.1692507775536069,-0.1012344918559679,,,,
breast_EPIC_Italy,breast_pre_dx,breast_epic_GSE51057_GSE51032_HC,GSM1235677,hc,GSE51057,0.6975920436314685,0.1993739499069712,-0.3188814778890458,0.5114244885388665,-0.4637022136792262,-0.0247684959197496,0.0056392012424794,0.0137131010322241,,,,
breast_EPIC_Italy,breast_pre_dx,breast_epic_GSE51057_GSE51032_HC,GSM1235694,hc,GSE51057,-2.123706140472783,-0.2985745421382255,-0.4117177062705605,0.3328510785090192,-0.0770814612867646,0.4459942026269757,0.1123413858545993,-0.193934569743226,,,,
breast_EPIC_Italy,breast_pre_dx,breast_epic_GSE51057_GSE51032_HC,GSM1235703,hc,GSE51057,-0.1219155119327545,-0.2411208603539898,-0.7954698812628179,-0.5131780991254506,-0.328439982018369,0.1487989428265593,-0.0192817340978758,0.05022940611589,,,,
breast_EPIC_Italy,breast_pre_dx,breast_epic_GSE51057_GSE51032_HC,GSM1235721,hc,GSE51057,-1.2003044070510422,0.8732164857832782,-1.7932303496874338,1.4312113163981386,-0.5048641339354873,-0.0389103176511661,0.0590363096042038,-0.146467459767048,,,,
breast_EPIC_Italy,breast_pre_dx,breast_epic_GSE51057_GSE51032_HC,GSM1235730,hc,GSE51057,-1.0717739639753074,-0.6319176775247332,0.1908726250855713,0.2602519938950852,-1.1198559934899863,-0.0158346536027448,0.1454199041703765,0.036521482575076,,,,
breast_EPIC_Italy,breast_pre_dx,breast_epic_GSE51057_GSE51032_HC,GSM1235740,hc,GSE51057,-1.5544363194251123,-0.8592899495278249,0.4634400733292348,-0.0845671269724529,-0.6494317685437611,-0.0806570885270221,0.1510037425739447,-0.088976388976451,,,,
breast_EPIC_Italy,breast_pre_dx,breast_epic_GSE51057_GSE51032_HC,GSM1235752,hc,GSE51057,-2.641512261575032,0.3730077173428152,-1.093152987556098,0.6477246537952738,-0.6514879879854075,0.0680434025701749,0.0487433683578177,-0.0469040509594438,,,,
breast_EPIC_Italy,breast_pre_dx,breast_epic_GSE51057_GSE51032_HC,GSM1235782,hc,GSE51057,0.1462276732456581,-0.5142243387959865,-0.160762882289469,0.5138410329878773,-0.3452962686887091,0.2104280127123908,0.1102025329726368,0.2057246326488175,,,,
breast_EPIC_Italy,breast_pre_dx,breast_epic_GSE51057_GSE51032_HC,GSM1235784,hc,GSE51057,0.3017440982880351,0.4650302907189774,-1.076061260754284,0.0083412810999756,-0.1667309218622068,0.3084931176149641,-0.1058417337149539,-0.1912497192036377,,,,
breast_EPIC_Italy,breast_pre_dx,breast_epic_GSE51057_GSE51032_HC,GSM1235786,hc,GSE51057,-1.7244356138992187,0.1361772897082194,-1.1554306617369472,-1.225123967455367,-0.4967213518798821,0.3315448836793278,-0.0275606515117777,0.281265873388866,,,,
breast_EPIC_Italy,breast_pre_dx,breast_epic_GSE51057_GSE51032_HC,GSM1235790,hc,GSE51057,0.3496518576601962,-0.3304578217949804,-0.0852736741856724,-0.0152493912843171,-0.0918506142878234,0.1089824431979987,-0.0178941891639701,0.1288395163370263,,,,
breast_EPIC_Italy,breast_pre_dx,breast_epic_GSE51057_GSE51032_HC,GSM1235804,hc,GSE51057,-6.783971435909301,2.23814358609956,-1.1653668571850069,-2.094560230981015,-0.4734927550841227,0.2708151806505339,-0.3336832740206575,0.0141760103217923,,,,
breast_EPIC_Italy,breast_pre_dx,breast_epic_GSE51057_GSE51032_HC,GSM1235811,hc,GSE51057,-3.639416083426617,0.5156976708863289,-1.7129267539965534,1.0803448575718029,0.1781544516092261,-0.2285722136135115,-0.3190474954857781,-0.060363961984104,,,,
breast_EPIC_Italy,breast_pre_dx,breast_epic_GSE51057_GSE51032_HC,GSM1235812,hc,GSE51057,-1.0907876436764306,0.743628004181522,0.1514180812011686,-0.1692162293493611,0.1998250772648304,0.0100166679545984,0.2692217147992282,0.2708667260259979,,,,
breast_EPIC_Italy,breast_pre_dx,breast_epic_GSE51057_GSE51032_HC,GSM1235813,hc,GSE51057,0.7873617031384752,-0.100282125506995,0.4948132153376345,-0.5915339429253561,-0.1104066879673689,-0.0543832470713961,-0.105634430933735,0.3383999099407492,,,,
breast_EPIC_Italy,breast_pre_dx,breast_epic_GSE51057_GSE51032_HC,GSM1235815,hc,GSE51057,-1.761842307418585,-0.366259427551118,0.6021102967899697,0.2221263933227546,0.1717685353435018,0.9296302972478172,0.0402735670591834,-0.1678336074257356,,,,
breast_EPIC_Italy,breast_pre_dx,breast_epic_GSE51057_GSE51032_HC,GSM1235816,hc,GSE51057,0.6032594860229201,-0.4100300837674281,0.3094786452149868,-0.1993813835159984,0.4050048316723615,0.2636656670962266,0.1287358445568671,-0.0590321424549861,,,,
breast_EPIC_Italy,breast_pre_dx,breast_epic_GSE51057_GSE51032_HC,GSM1235817,hc,GSE51057,-1.9153599010456483,-0.0557192299020633,-1.0112942012703865,1.1460766374520766,0.2887490425928753,0.1410187367584307,-0.2432074175016794,-0.1072019176904539,,,,
breast_EPIC_Italy,breast_pre_dx,breast_epic_GSE51057_GSE51032_HC,GSM1235818,hc,GSE51057,0.639594519644593,-0.2442758357336238,1.0983497470535424,0.2673329003567344,0.1259772413854328,0.3424774807076876,0.0568774759982931,0.0889614874180551,,,,
breast_EPIC_Italy,breast_pre_dx,breast_epic_GSE51057_GSE51032_HC,GSM1235819,hc,GSE51057,2.4962883345206737,-0.4353472764996763,0.1581999371274665,0.5943539552636915,-0.0302576005128674,-0.1999511420899568,0.11486731078651,0.1190704857187893,,,,
breast_EPIC_Italy,breast_pre_dx,breast_epic_GSE51057_GSE51032_HC,GSM1235829,hc,GSE51057,3.200109508631196,0.4147354907375378,-1.7512334434414578,-0.7525714247466584,0.6652621114067806,-0.013302600692474,0.005375372072781,-0.1099332543732959,,,,
breast_EPIC_Italy,breast_pre_dx,breast_epic_GSE51057_GSE51032_HC,GSM1235830,hc,GSE51057,0.6075853382295373,-0.685187427486103,0.9210440394181124,0.7077938493119195,-0.062984805091392,0.2980018351427307,-0.0029353941943524,-0.0276485275007625,,,,
breast_EPIC_Italy,breast_pre_dx,breast_epic_GSE51057_GSE51032_HC,GSM1235831,hc,GSE51057,2.2797165300139666,-0.0279078113922685,1.5153254249349457,0.1056516945353263,0.3870834426970224,0.3510823943081891,0.0554493457756812,0.190012666485392,,,,
breast_EPIC_Italy,breast_pre_dx,breast_epic_GSE51057_GSE51032_HC,GSM1235850,hc,GSE51057,1.6613191002552927,-0.3248490468519074,0.4531425219348552,0.2664260418237568,0.1879602133934784,0.1948589410153715,0.1765411291887396,-0.0135551725283876,,,,
breast_EPIC_Italy,breast_pre_dx,breast_epic_GSE51057_GSE51032_HC,GSM1235852,hc,GSE51057,-4.386966247119315,0.2329153614463303,0.0152466653337087,-0.547460568642246,0.2565948559727626,-0.3725631813214093,0.1196802810884698,0.1277367036538133,,,,
breast_EPIC_Italy,breast_pre_dx,breast_epic_GSE51057_GSE51032_HC,GSM1235866,hc,GSE51057,2.7249737969711427,-1.1791669604908717,0.3060081626706808,0.0920750274573019,-0.0712680696715978,0.3082892361644578,-0.0488976095695726,0.1522113683233926,,,,
breast_EPIC_Italy,breast_pre_dx,breast_epic_GSE51057_GSE51032_HC,GSM1235871,hc,GSE51057,1.3179300465061925,-0.7204846642338522,-0.1203038310828317,0.43674794587366,0.2065491634231153,-0.0326232524739434,0.0669871229514863,-0.083212083330708,,,,
breast_EPIC_Italy,breast_pre_dx,breast_epic_GSE51057_GSE51032_HC,GSM1235874,hc,GSE51057,0.500046894605102,-0.2047143133227848,0.1003371551476496,-0.4634825571474084,0.2963399426952809,-0.1204571572767405,0.0947505517512675,-0.0835252633616164,,,,
breast_EPIC_Italy,breast_pre_dx,breast_epic_GSE51057_GSE51032_HC,GSM1235875,hc,GSE51057,-1.0322493605635352,0.0381577069896914,1.2908073703811156,0.6795844654792904,0.3267913888202193,0.0332027838599263,-0.0331515387706884,0.028567111499469,,,,
breast_EPIC_Italy,breast_pre_dx,breast_epic_GSE51057_GSE51032_HC,GSM1235876,hc,GSE51057,0.0912270285283016,-1.2836002721152358,1.5717829430900263,-0.2578324405935487,-0.423872550886947,-0.0296679671663833,-0.0243610198927896,-0.0338281090381365,,,,
breast_EPIC_Italy,breast_pre_dx,breast_epic_GSE51057_GSE51032_HC,GSM1235883,hc,GSE51057,0.0811221353466127,-1.4900871672885798,0.2740758436865634,0.3962407123401664,0.291031534584624,-0.0254889219554932,-0.2167701276628665,0.0770005875503832,,,,
breast_EPIC_Italy,breast_pre_dx,breast_epic_GSE51057_GSE51032_HC,GSM1235886,hc,GSE51057,-3.2572942700825585,0.0869643497081844,0.2595350403187712,-1.0672601725348068,-0.0698209929893791,-0.6305120506639111,-0.2039896637873439,-0.3084487026902777,,,,
breast_EPIC_Italy,breast_pre_dx,breast_epic_GSE51057_GSE51032_HC,GSM1235887,hc,GSE51057,1.4230641181352717,-0.5931247840568032,0.1557385156884468,-0.1911529001137914,0.2066064490291694,0.507426613766815,0.1960469382434616,-0.1123548441483673,,,,
breast_EPIC_Italy,breast_pre_dx,breast_epic_GSE51057_GSE51032_HC,GSM1235891,hc,GSE51057,-3.230720067166432,-0.1250860059594971,-1.0076313134252215,0.79464612392534,0.2446518460842135,0.0365245444222835,0.1360920668771692,-0.1873463897481142,,,,
breast_EPIC_Italy,breast_pre_dx,breast_epic_GSE51057_GSE51032_HC,GSM1235897,hc,GSE51057,2.136987168852523,-0.944869981610715,0.6472204889120452,0.0308583141219339,0.3464990023084819,-0.0818525653100339,0.0749283185885297,-0.0698747951045479,,,,
breast_EPIC_Italy,breast_pre_dx,breast_epic_GSE51057_GSE51032_HC,GSM1235901,hc,GSE51057,3.897788975461349,0.103747377082334,-1.9086383201242072,-0.1476883642563085,-0.3403368292170768,-0.427110054258053,0.0830992476678458,-0.0167257940840913,,,,
breast_EPIC_Italy,breast_pre_dx,breast_epic_GSE51057_GSE51032_HC,GSM1235911,hc,GSE51057,4.452501284141731,-1.1631443789703657,-0.572267019215062,0.0360322824115483,-0.0447635425221742,-0.1043952929112651,-0.1232529970751143,-0.0817855165886213,,,,
breast_EPIC_Italy,breast_pre_dx,breast_epic_GSE51057_GSE51032_HC,GSM1235922,hc,GSE51057,2.788237457871289,-0.2989900473244691,0.2251420719638993,0.0609058807222059,0.3988124968464825,-0.8617993328104004,-0.1245701661943457,0.1197192591111496,,,,
breast_EPIC_Italy,breast_pre_dx,breast_epic_GSE51057_GSE51032_HC,GSM1235929,hc,GSE51057,2.387021422217893,-1.0864717105647097,1.4197991571057107,0.1005553620928621,-0.0652151614080104,0.1261277980693218,0.1096335702089835,0.0138312172291405,,,,
breast_EPIC_Italy,breast_pre_dx,breast_epic_GSE51057_GSE51032_HC,GSM1235940,hc,GSE51057,-2.0711763569311934,0.6299445896209177,0.307634688215088,-0.1147235882700975,0.7214709049226783,-0.129023301276924,0.2099987173467525,-0.048686650815886,,,,
breast_EPIC_Italy,breast_pre_dx,breast_epic_GSE51057_GSE51032_HC,GSM1235941,hc,GSE51057,1.0785951507752871,-0.1828530285793447,-0.3420840750263427,0.0291854313309389,-0.0808973773594626,0.1726805959006948,0.0455275127061587,-0.0998163528642856,,,,
breast_EPIC_Italy,breast_pre_dx,breast_epic_GSE51057_GSE51032_HC,GSM1235947,hc,GSE51057,3.0957122513736484,-0.5564979217052042,-0.4249420368469243,-0.2319868758088569,0.402008814914855,0.2618318294481709,-0.1283995042904019,0.2059930856187225,,,,
breast_EPIC_Italy,breast_pre_dx,breast_epic_GSE51057_GSE51032_HC,GSM1235949,hc,GSE51057,1.6040940350751614,-0.2933253076794649,0.6038981833838923,-0.7578071327638038,0.401927093488694,0.17786601117397,0.0731503620765063,-0.1397958373399976,,,,
breast_EPIC_Italy,breast_pre_dx,breast_epic_GSE51057_GSE51032_HC,GSM1235950,hc,GSE51057,0.2790467717698986,-0.7107668202856551,0.916944735547364,0.5205170016715681,0.5321164443003163,0.0720805610378425,-0.3643125892789502,-0.1265387196023483,,,,
breast_EPIC_Italy,breast_pre_dx,breast_epic_GSE51057_GSE51032_HC,GSM1235953,hc,GSE51057,-2.1434587761428343,-0.6471784110384987,0.019692870680068,0.2694948426955767,0.5453156564425101,-0.6204332143910747,0.0632076238431945,-0.1789200810596353,,,,
breast_EPIC_Italy,breast_pre_dx,breast_epic_GSE51057_GSE51032_HC,GSM1235955,hc,GSE51057,1.61786998083584,-0.4461978495121411,-0.253895833643857,0.7360975260436488,0.3745577401211133,-0.2370872196187242,-0.1152349444508647,0.2611257829136168,,,,
breast_EPIC_Italy,breast_pre_dx,breast_epic_GSE51057_GSE51032_HC,GSM1235962,hc,GSE51057,-0.7740263700521549,0.2904983093321915,1.2234799397185423,0.6385894317992187,0.3821343473808788,0.6052966454358945,0.0932821134553307,0.091666462452536,,,,
breast_EPIC_Italy,breast_pre_dx,breast_epic_GSE51057_GSE51032_HC,GSM1235963,hc,GSE51057,0.3059520053637354,-0.9933588881085426,-0.308590229528554,-0.5666106624414616,-0.2813820554501036,0.1559488352829346,0.2945465367511297,-0.0486952236878336,,,,
breast_EPIC_Italy,breast_pre_dx,breast_epic_GSE51057_GSE51032_HC,GSM1235978,hc,GSE51057,0.631106518920117,0.0069402739762221,0.0232803391291446,-0.6178928276916738,0.349397971856594,0.0788464929249007,0.0673333701412874,-0.2094163906018246,,,,
breast_EPIC_Italy,breast_pre_dx,breast_epic_GSE51057_GSE51032_HC,GSM1235979,hc,GSE51057,-6.960491593988067,1.4934502105265364,-0.8123655852390766,-0.8696360556270244,1.0728370632096218,0.3810003516226507,0.194385365815246,-0.2181141446143925,,,,
breast_EPIC_Italy,breast_pre_dx,breast_epic_GSE51057_GSE51032_HC,GSM1235984,hc,GSE51057,3.4769092614480948,0.5059646581763343,0.3435824155554893,-1.885451143795148,0.0128491587499985,-0.3661959045276248,0.0270089241970044,-0.1614101249607975,,,,
breast_EPIC_Italy,breast_pre_dx,breast_epic_GSE51057_GSE51032_HC,GSM1235988,hc,GSE51057,0.6207052336327092,-0.4711570205445215,-0.1161736011692576,-0.5866803132799844,0.167314801195115,0.1460700091877875,0.2920243429333573,-0.3396528520677171,,,,
breast_EPIC_Italy,breast_pre_dx,breast_epic_GSE51057_GSE51032_HC,GSM1236004,hc,GSE51057,3.918411063031844,-0.4061257795818125,-0.1997261957198838,-0.0884030766425995,0.0213608030420221,-0.0887214291679468,0.0401076395988721,-0.1364543232838109,,,,
breast_EPIC_Italy,breast_pre_dx,breast_epic_GSE51057_GSE51032_HC,GSM1236009,hc,GSE51057,0.4315058087250978,-0.3888761730659694,0.706701362376388,-0.5049383625850111,0.9101696480478636,0.4356843983453026,-0.2010100465377967,0.0494688116263492,,,,
breast_EPIC_Italy,breast_pre_dx,breast_epic_GSE51057_GSE51032_HC,GSM1236013,hc,GSE51057,2.8790330524543184,-0.8295036873166715,0.3250678883968144,-0.4966358583360387,0.207865583146919,-0.3531698135968132,0.0181128663660645,0.0081159657639669,,,,
breast_EPIC_Italy,breast_pre_dx,breast_epic_GSE51057_GSE51032_HC,GSM1236016,hc,GSE51057,6.542864899735454,-0.0661185874902065,-0.3687863146728696,-1.1866898190028468,0.6251317818663229,-0.2642622703173309,-0.0581255314605829,-0.1748804431142732,,,,
breast_EPIC_Italy,breast_pre_dx,breast_epic_GSE51057_GSE51032_HC,GSM1236018,hc,GSE51057,3.8706804711424287,0.2989859170552291,-0.5337143620617364,-0.8017677941609542,0.5296329473731441,-0.1232038854980316,-0.2744299590204228,-0.1287712741273044,,,,
breast_EPIC_Italy,breast_pre_dx,breast_epic_GSE51057_GSE51032_HC,GSM1236025,hc,GSE51057,-0.5176012475717188,1.1130427731420935,0.8477657984708391,-0.5941270522355159,0.0346847476778531,-0.2056671249033267,0.2853912760458221,-0.0523017814356607,,,,
breast_EPIC_Italy,breast_pre_dx,breast_epic_GSE51057_GSE51032_HC,GSM1236029,hc,GSE51057,0.3439933113163889,-0.2844935493431683,-0.8921144305553754,-0.0392108008063661,0.7036435663129125,-0.0710098735110707,0.0883922679781931,0.2609294972522188,,,,
breast_EPIC_Italy,breast_pre_dx,breast_epic_GSE51057_GSE51032_HC,GSM1236032,hc,GSE51057,1.7827265053498094,-0.463296845032593,0.6992182744615532,-1.2621350063844456,0.4231464909692575,-0.0125201949424568,0.0290948603293805,0.0218493740023259,,,,
breast_EPIC_Italy,breast_pre_dx,breast_epic_GSE51057_GSE51032_HC,GSM1236043,hc,GSE51057,0.6872388198125795,0.0180052802360401,-0.3959192798300935,0.8945892805507927,0.0591182352550016,0.0057825686811078,0.1113774530367039,-0.0250222365630831,,,,
breast_EPIC_Italy,breast_pre_dx,breast_epic_GSE51057_GSE51032_HC,GSM1236046,hc,GSE51057,0.86851747269146,-1.0906034520573744,0.2434317938309683,-0.4387587811949769,-0.188392830945521,-0.1577705992168676,-0.0167838712158606,-0.1980306944396377,,,,
breast_EPIC_Italy,breast_pre_dx,breast_epic_GSE51057_GSE51032_HC,GSM1236048,hc,GSE51057,0.8322196827133248,0.4562527405372885,0.2837748511909326,0.2453476076962361,0.6995287142160456,-0.0176091987779117,0.1373846444222932,0.1084538048587215,,,,
breast_EPIC_Italy,breast_pre_dx,breast_epic_GSE51057_GSE51032_HC,GSM1236052,hc,GSE51057,-0.3333159141989029,0.5819947371589274,1.465873746558355,-0.3153700964060273,-0.0551451365902851,0.4689061897638662,0.2161562234167066,0.0429133848403421,,,,
breast_EPIC_Italy,breast_pre_dx,breast_epic_GSE51057_GSE51032_HC,GSM1236053,hc,GSE51057,1.3089205186122528,0.8238903723973103,-0.5450252041580067,-0.7858313329507467,0.2277248370958858,-0.2023386177649875,0.070942206607792,-0.0381086601763812,,,,
breast_EPIC_Italy,breast_pre_dx,breast_epic_GSE51057_GSE51032_HC,GSM1236054,hc,GSE51057,-1.2425605278286302,-0.7037998433057348,0.2588789499306644,0.2877256067930573,-0.0103581845793011,0.2610258661529567,-0.0463686714738689,0.1755124079161562,,,,
breast_EPIC_Italy,breast_pre_dx,breast_epic_GSE51057_GSE51032_HC,GSM1236065,hc,GSE51057,1.9427852160747523,-0.7789324268771727,0.3465542887430427,0.0139938184769884,-0.4042667783730189,0.0747138105477826,-0.068771941478376,-0.0009274798464707,,,,
breast_EPIC_Italy,breast_pre_dx,breast_epic_GSE51057_GSE51032_HC,GSM1236067,hc,GSE51057,-0.247195033984606,-0.3526213004796403,0.1590050835792458,1.177821971279491,-0.3986164801057356,0.3880233923053723,0.1711860942327184,0.0989181564538888,,,,
breast_EPIC_Italy,breast_pre_dx,breast_epic_GSE51057_GSE51032_HC,GSM1236074,hc,GSE51057,4.423865373789866,-0.0218959163564104,-0.8347536833016558,-0.114993082759355,0.3512240239567342,-0.2909718764889629,0.0826255819267069,0.0209542404001856,,,,
breast_EPIC_Italy,breast_pre_dx,breast_epic_GSE51057_GSE51032_HC,GSM1236084,hc,GSE51057,-0.7028150241656782,0.3248528812086823,0.9056186175840668,-0.5421627694475795,0.4773983686306952,0.3211161513144005,-0.071716720712993,0.1031619608831136,,,,
breast_EPIC_Italy,breast_pre_dx,breast_epic_GSE51057_GSE51032_HC,GSM1236086,hc,GSE51057,0.3409544448484499,0.417906574385366,0.3169027334516646,-0.768961937140889,0.134127304239339,-0.0039075140684987,0.0538944954059739,0.0489350754598164,,,,
breast_EPIC_Italy,breast_pre_dx,breast_epic_GSE51057_GSE51032_HC,GSM1236107,hc,GSE51057,2.027740501693591,-0.8292827560214697,0.7863759515535083,0.3838049602373783,0.3998605823422888,0.2159684500135557,-0.1962230544003304,0.1288831705759656,,,,
breast_EPIC_Italy,breast_pre_dx,breast_epic_GSE51057_GSE51032_HC,GSM1236109,hc,GSE51057,0.2950664085772878,-0.5284850734646664,-0.038568098072022,0.2399004641661312,0.2278051223131952,0.0308315693396757,0.2672874889229639,-0.051878814773873,,,,
breast_EPIC_Italy,breast_pre_dx,breast_epic_GSE51057_GSE51032_HC,GSM1236110,hc,GSE51057,-0.1053246570074147,-0.8947135710828382,0.7681583918555684,-0.3242545457599802,0.3530008527415706,0.2062170953258323,0.1836414149054356,0.0041771038841456,,,,
breast_EPIC_Italy,breast_pre_dx,breast_epic_GSE51057_GSE51032_HC,GSM1236112,hc,GSE51057,0.2005270454843635,-0.48704653384419,0.4765593006341787,-0.9688623483819137,0.4211590478220697,-0.1048464849560011,0.0446113147897739,-0.1984209602707971,,,,
breast_EPIC_Italy,breast_pre_dx,breast_epic_GSE51057_GSE51032_HC,GSM1236113,hc,GSE51057,-1.1663524359416455,-0.8279285482456654,0.0003922026642381,0.2829364355211598,0.4681837497356086,0.2771937823147156,0.0075307502165661,-0.0560394002240555,,,,
breast_EPIC_Italy,breast_pre_dx,breast_epic_GSE51057_GSE51032_HC,GSM1236115,hc,GSE51057,2.700868030634444,-0.7620086887551375,-1.2468648022182762,0.5346728555773702,-0.1857283812218018,-0.0618884351433486,0.1666921807417102,0.1849153459636821,,,,
breast_EPIC_Italy,breast_pre_dx,breast_epic_GSE51057_GSE51032_HC,GSM1236119,hc,GSE51057,0.9893084365367004,-0.9637383685016192,0.587321176806075,-0.2209407767716044,0.1563462139868283,-0.443602294019669,0.169771585354305,-0.1267075453448482,,,,
breast_EPIC_Italy,breast_pre_dx,breast_epic_GSE51057_GSE51032_HC,GSM1236131,hc,GSE51057,0.2458053717710138,-0.4847830621676831,0.3782782908125428,0.3351769209006576,-0.1445063252408513,-0.268094447374008,0.1102679443053703,-0.2238674411896924,,,,
breast_EPIC_Italy,breast_pre_dx,breast_epic_GSE51057_GSE51032_HC,GSM1236135,hc,GSE51057,1.4384256038280163,0.0683277780033785,-0.609895153915002,0.4596362434664056,0.1787384182850239,0.0368775264325849,0.0112189467305497,-0.0150369599124038,,,,
breast_EPIC_Italy,breast_pre_dx,breast_epic_GSE51057_GSE51032_HC,GSM1236136,hc,GSE51057,-0.7769995711513983,0.224794587794731,0.0271019930602303,-0.5989202504932493,0.1489034298359715,0.3491423790475466,0.2122627884494655,0.0406397486835433,,,,
breast_EPIC_Italy,breast_pre_dx,breast_epic_GSE51057_GSE51032_HC,GSM1236142,hc,GSE51057,-4.848971937817384,-0.2539490182416198,-0.2954921869468263,-0.453415646414711,0.1041146339694154,0.1598798798033446,0.3127387713386099,-0.401088160608983,,,,
breast_EPIC_Italy,breast_pre_dx,breast_epic_GSE51057_GSE51032_HC,GSM1236147,hc,GSE51057,0.8810660909665415,0.0668890336170553,-0.2992675047002613,-1.6747084501434355,-0.0761726528005352,0.0041623298356488,0.0471097750885498,0.0647994571678372,,,,
breast_EPIC_Italy,breast_pre_dx,breast_epic_GSE51057_GSE51032_HC,GSM1236160,hc,GSE51057,-0.119125290278409,0.2982410928666711,0.6940722983662341,-0.2552873351779262,0.250420656548191,0.0459869686905521,-0.0163580343149112,0.3097862846100568,,,,
breast_EPIC_Italy,breast_pre_dx,breast_epic_GSE51057_GSE51032_HC,GSM1236162,hc,GSE51057,0.3965515865052945,0.5953099715041542,-0.6663862601288754,-0.1184853785913369,-0.0031358888842593,0.1303814433962405,0.0043819855146629,-0.0321316248807995,,,,
breast_EPIC_Italy,breast_pre_dx,breast_epic_GSE51057_GSE51032_HC,GSM1236167,hc,GSE51057,-0.7595506764083508,-0.0173651919480922,-0.0591920830889236,0.2367750649147731,0.7144149104649794,0.2968187466546072,0.2674617640148449,0.2257236678592098,,,,
breast_EPIC_Italy,breast_pre_dx,breast_epic_GSE51057_GSE51032_HC,GSM1236171,hc,GSE51057,-1.6510745760218548,-0.3656402649396011,-0.4048293966189051,0.4350916395918647,0.2208046633266126,-0.6566884970693182,-0.0568877878079293,-0.072478643886338,,,,
breast_EPIC_Italy,breast_pre_dx,breast_epic_GSE51057_GSE51032_HC,GSM1236173,hc,GSE51057,2.5868107189281,-1.3533947958635406,0.8062291325455454,-0.2892305027604175,0.1219135372124169,0.2078606025112342,-0.003808056465513,-0.2915734189707384,,,,
breast_EPIC_Italy,breast_pre_dx,breast_epic_GSE51057_GSE51032_HC,GSM1236180,hc,GSE51057,-0.7851627331247449,0.2516765931602981,-0.3253678779772815,-1.118391974792997,-0.4738992746799215,0.1580553598693234,0.3463702772267702,0.046574182904352,,,,
breast_EPIC_Italy,breast_pre_dx,breast_epic_GSE51057_GSE51032_HC,GSM1236186,hc,GSE51057,1.9775905020867213,-0.0786775635502868,0.0004038505950861,0.4351568472406697,0.2583076340984429,-0.1193453389128213,0.0212087535484296,0.0157752717323002,,,,
breast_EPIC_Italy,breast_pre_dx,breast_epic_GSE51057_GSE51032_HC,GSM1236192,hc,GSE51057,-0.3638535250213949,-0.7464230054096369,0.1891879280420671,0.309788087500098,0.199130934143276,-0.2120047249503236,0.0806760972059868,0.0382285340543163,,,,
breast_EPIC_Italy,breast_pre_dx,breast_epic_GSE51057_GSE51032_HC,GSM1236195,hc,GSE51057,3.152815931420231,-0.5752941194031348,-0.1525339796609836,-0.1660639676423222,0.1449656367207493,0.0120823942319215,0.2453940836291916,0.0452304874890541,,,,
breast_EPIC_Italy,breast_pre_dx,breast_epic_GSE51057_GSE51032_HC,GSM1236196,hc,GSE51057,1.2745930604094848,-0.5749986562372112,0.3371487496340608,-0.3930779776796145,0.3012026029636538,0.1935579438679308,0.1857889788145122,-0.3294399594163006,,,,
breast_EPIC_Italy,breast_pre_dx,breast_epic_GSE51057_GSE51032_HC,GSM1236199,hc,GSE51057,1.110646775269544,-0.6413291102888529,-0.1792223387610413,-0.0720226893075351,-0.0453538705680081,-0.261688584391738,-0.1279689688766998,0.0699645575717727,,,,
breast_EPIC_Italy,breast_pre_dx,breast_epic_GSE51057_GSE51032_HC,GSM1236205,hc,GSE51057,4.02080011940137,-0.5548143966702527,-0.2056302203048599,-0.1462885916635535,0.1532612819660046,-0.2981834182676522,-0.1101067047493094,-0.0759178764854841,,,,
breast_EPIC_Italy,breast_pre_dx,breast_epic_GSE51057_GSE51032_HC,GSM1236208,hc,GSE51057,1.7833093442123409,-0.50704650512666,-0.7010145706524666,-0.4357898517158527,0.3507749592735571,0.1086670364819125,-0.0735695536021825,0.2518675736327412,,,,
breast_EPIC_Italy,breast_pre_dx,breast_epic_GSE51057_GSE51032_HC,GSM1236209,hc,GSE51057,-0.9129032436057568,0.2166420056981675,-0.2694045626128274,-1.042305646022542,0.2254361814206299,0.1330540085383889,0.0982857686294341,-0.0523406521331297,,,,
breast_EPIC_Italy,breast_pre_dx,breast_epic_GSE51057_GSE51032_HC,GSM1236214,hc,GSE51057,3.1667946804412592,-0.6383496686676464,0.1404046991010833,-0.2280105584117485,0.2809971927259526,-0.3925834431835331,0.0774304752901755,-0.069469683573054,,,,
breast_EPIC_Italy,breast_pre_dx,breast_epic_GSE51057_GSE51032_HC,GSM1236216,hc,GSE51057,-0.7487463000047355,-0.6097785377874719,0.486259446866883,-0.8599104723247079,-0.0128259311198047,0.2776849256284687,-0.3101142612976515,-0.2435462205306533,,,,
breast_EPIC_Italy,breast_pre_dx,breast_epic_GSE51057_GSE51032_HC,GSM1236219,hc,GSE51057,0.8469117383610244,-0.4028315929038056,0.3767724731287079,0.1472351876707383,0.2419317847214789,-0.3238578503334725,-0.0079200393347531,0.1066828326788225,,,,
breast_EPIC_Italy,breast_pre_dx,breast_epic_GSE51057_GSE51032_HC,GSM1236221,hc,GSE51057,1.7947101171952349,-0.3793442046835666,0.7990050722391232,-0.3633403092452055,0.324263021946806,0.1705008533080286,0.0386700366458192,-0.0724324860908341,,,,
breast_EPIC_Italy,breast_pre_dx,breast_epic_GSE51057_GSE51032_HC,GSM1236224,hc,GSE51057,1.2589642146749214,0.374642744044418,-0.6696182575288301,-0.8933437458590053,0.5197795917735858,0.239648316387471,0.0643117468418523,0.1168421153937401,,,,
breast_EPIC_Italy,breast_pre_dx,breast_epic_GSE51057_GSE51032_HC,GSM1236227,hc,GSE51057,-3.260692916669349,1.2259503337745932,0.141193869825989,-2.1776195884556526,-0.0927396790751304,-0.1499836175138729,-0.215517910622571,7.375429947082022e-05,,,,
breast_EPIC_Italy,breast_pre_dx,breast_epic_GSE51057_GSE51032_HC,GSM1236230,hc,GSE51057,0.7151756051794202,-0.2011403912516248,-0.296206909645941,0.0305054871477666,0.0711822502475064,0.1863490984784595,0.1511592588064497,-0.3560018024126565,,,,
breast_EPIC_Italy,breast_pre_dx,breast_epic_GSE51057_GSE51032_HC,GSM1236237,hc,GSE51057,-0.4064358187115428,-0.1486547504506379,1.0625206585193223,0.6713598172382215,0.2362040747137527,-0.0747355814910479,0.0363862316881256,0.0864514757299875,,,,
breast_EPIC_Italy,breast_pre_dx,breast_epic_GSE51057_GSE51032_HC,GSM1236243,hc,GSE51057,2.501148462339723,-0.7851107047703336,-0.44760709287293,-0.1724446481097567,0.0433896053446323,-0.2810165303247955,-0.3621730347477236,0.1000174769402535,,,,
breast_EPIC_Italy,breast_pre_dx,breast_epic_GSE51057_GSE51032_HC,GSM1236253,hc,GSE51057,-4.3785440434875404,-0.7692081872763872,-0.4601920991387228,0.7832039443586288,0.6851222801662855,-0.1367203643488224,-0.1085990316853662,-0.0300753185216571,,,,
breast_EPIC_Italy,breast_pre_dx,breast_epic_GSE51057_GSE51032_HC,GSM1236262,hc,GSE51057,4.298906721680326,-0.3374264821080266,0.4540975499305186,-0.4639032623579424,0.0180003840124324,-0.0388172537602813,0.0693999378252808,-0.240704758581555,,,,
breast_EPIC_Italy,breast_pre_dx,breast_epic_GSE51057_GSE51032_HC,GSM1236265,hc,GSE51057,-1.9882581098540328,-0.1921956199193383,-1.409677309868819,-0.6754385099265354,-0.0317801052946142,-0.1367271888378644,-0.0753866648771423,0.0842031828182066,,,,
breast_EPIC_Italy,breast_pre_dx,breast_epic_GSE51057_GSE51032_HC,GSM1236267,hc,GSE51057,2.3527722660771397,-0.4955122228405931,-0.4591166441748154,-0.5324152087817837,-0.0518941268062415,-0.0909451551148005,-0.06729302591192,-0.1198405917060534,,,,
breast_EPIC_Italy,breast_pre_dx,breast_epic_GSE51057_GSE51032_HC,GSM1236268,hc,GSE51057,0.7703495891469314,-1.1940450282110338,0.7524716180172674,0.3386010141190547,0.0162366046824647,0.0562282525679711,-0.1868902167295926,-0.1806984415077045,,,,
breast_EPIC_Italy,breast_pre_dx,breast_epic_GSE51057_GSE51032_HC,GSM1236278,hc,GSE51057,2.988586517543644,-0.2461641067375805,-0.0555361552533024,-0.1343123646235686,0.0858430586406031,-0.2729550909974154,-0.0332464098856078,0.0285257591138517,,,,
breast_EPIC_Italy,breast_pre_dx,breast_epic_GSE51057_GSE51032_HC,GSM1236280,hc,GSE51057,3.5109842454302447,0.4432408674596658,-0.2797465677733791,-1.3281185450678843,0.2084804467468602,0.1154949566582861,0.1162198617609387,-0.192137738181201,,,,
breast_EPIC_Italy,breast_pre_dx,breast_epic_GSE51057_GSE51032_HC,GSM1236283,hc,GSE51057,2.84976760118115,-0.5414568222339469,0.2020481959314845,-0.2882066034710638,0.2182957274446818,-0.2267342315935373,0.1904654595829157,0.0127989587687887,,,,
breast_EPIC_Italy,breast_pre_dx,breast_epic_GSE51057_GSE51032_HC,GSM1236291,hc,GSE51057,2.7288541839242315,-0.6273575973704504,0.018867005511742,-0.7159361382230476,0.0808978017319079,0.3984150699956389,-0.022319924408115,0.002548216682292,,,,
breast_EPIC_Italy,breast_pre_dx,breast_epic_GSE51057_GSE51032_HC,GSM1236292,hc,GSE51057,-1.6362194005741162,0.8298989491204599,0.1850964976668432,-1.1326416631860858,0.2616818733097512,0.1388792439750392,0.0275036956812323,0.1156168906668684,,,,
breast_EPIC_Italy,breast_pre_dx,breast_epic_GSE51057_GSE51032_HC,GSM1236294,hc,GSE51057,-0.0985403487980785,-0.1723055067288572,-0.4071186606030755,-1.1336570693356742,0.2453879758110106,0.0656705906978103,0.1175041062260379,0.0762393827611889,,,,
breast_EPIC_Italy,breast_pre_dx,breast_epic_GSE51057_GSE51032_HC,GSM1236296,hc,GSE51057,0.942851417582696,-0.4583433819395857,-0.4607640417273357,-0.0589096074287999,-0.0551150433513012,-0.2855010260853436,-0.4042080684555754,-0.0802372245136345,,,,
breast_EPIC_Italy,breast_pre_dx,breast_epic_GSE51057_GSE51032_HC,GSM1236330,hc,GSE51057,-0.3631974963696535,-0.3969992854697996,0.0392000698004229,-0.5110790341375919,-0.2010935024731991,0.2685946373615565,0.0874371711528399,-0.0268487516217658,,,,
breast_EPIC_Italy,breast_pre_dx,breast_epic_GSE51057_GSE51032_HC,GSM1236336,hc,GSE51057,4.006404512405156,0.0096091627722979,-0.1035993944458325,-0.6985092094494602,-0.0233969187939859,-0.3527268763665252,-0.164966584216168,0.0530915896539799,,,,
breast_EPIC_Italy,breast_pre_dx,breast_epic_GSE51057_GSE51032_HC,GSM1236343,hc,GSE51057,-0.171753793301616,-0.2461389711373077,0.0627002563344915,-0.0529989792632318,-0.1106087251202811,0.1447710140559389,0.0229921094430641,0.0292500795938918,,,,
breast_EPIC_Italy,breast_pre_dx,breast_epic_GSE51057_GSE51032_HC,GSM1236348,hc,GSE51057,1.4481408329220928,0.1447358081110654,-1.1049577661547267,0.1253851245447486,0.5009957552331509,-0.1279119847388262,0.0269234991224351,0.1061003972223325,,,,
breast_EPIC_Italy,breast_pre_dx,breast_epic_GSE51057_GSE51032_HC,GSM1236358,hc,GSE51057,4.063306034649565,0.238660730006283,-1.383155449470354,-0.5736711147611431,-0.4210125260721951,-0.1126360583112285,-0.0363257886647234,-0.069646147308332,,,,
breast_EPIC_Italy,breast_pre_dx,breast_epic_GSE51057_GSE51032_HC,GSM1236360,hc,GSE51057,-0.9700799687298848,0.2277636295547556,-0.3774511285200659,0.1098466003558389,0.0398465681353463,-0.0216947818470481,-0.0706207344604178,0.2985621514241721,,,,
breast_EPIC_Italy,breast_pre_dx,breast_epic_GSE51057_GSE51032_HC,GSM1236363,hc,GSE51057,0.6487194365136979,-0.2354550570040424,-1.7594200279896774,0.3826576984157698,0.0284734944764787,0.3073996601723344,-0.1218386635206,0.0531508924227202,,,,
breast_EPIC_Italy,breast_pre_dx,breast_epic_GSE51057_GSE51032_HC,GSM1236366,hc,GSE51057,1.2210728616965023,-0.6024886506887984,-0.3069737747599905,-0.0307510232417368,-0.7529195052268588,-0.0502368818076537,0.2011321393479383,0.3491365906803163,,,,
breast_EPIC_Italy,breast_pre_dx,breast_epic_GSE51057_GSE51032_HC,GSM1236367,hc,GSE51057,-0.0052032767018061,0.0596538529292653,-0.231992999020215,0.4343444120885865,-1.117403045597782,0.276130285632944,-0.1606741925509533,-0.1473965484088492,,,,
breast_EPIC_Italy,breast_pre_dx,breast_epic_GSE51057_GSE51032_HC,GSM1236368,hc,GSE51057,1.461279085499081,-0.8269701987620239,-0.8363664381733272,-0.4468371752237359,-0.8653152866776127,0.0125258841157815,0.0692951448098038,-0.0621921098287199,,,,
breast_EPIC_Italy,breast_pre_dx,breast_epic_GSE51057_GSE51032_HC,GSM1236370,hc,GSE51057,0.5661298591733057,0.250421860476919,0.3623380493180832,-0.1552021013471905,0.1231166799199085,0.2109879521899553,-0.0881042914426626,-0.1659997246852639,,,,
breast_EPIC_Italy,breast_pre_dx,breast_epic_GSE51057_GSE51032_HC,GSM1236372,hc,GSE51057,-1.1991543295268787,-0.8711418411670876,0.416449395988909,0.3714473421610137,0.3389244946311834,-0.0282490531873185,-0.2654497097963336,-0.1505757279420203,,,,
breast_EPIC_Italy,breast_pre_dx,breast_epic_GSE51057_GSE51032_HC,GSM1236373,hc,GSE51057,1.1502936510581856,-0.1782240444193006,-0.8942803966074131,0.339518655374429,-0.5244388435198053,-0.0352456660820586,-0.2021958664020898,-0.0383168852089901,,,,
breast_EPIC_Italy,breast_pre_dx,breast_epic_GSE51057_GSE51032_HC,GSM1236375,hc,GSE51057,0.0865402734129033,0.038123534838171,-0.8931609061217978,-0.4694849417972909,-0.2965961348003359,0.1176917120954128,0.0277510241695627,-0.0132953928911427,,,,
breast_EPIC_Italy,breast_pre_dx,breast_epic_GSE51057_GSE51032_HC,GSM1236378,hc,GSE51057,-1.2003875574293017,0.1642704655597018,-2.775734233666374,0.5028435566860754,0.1200176317377811,0.1220418946789564,-0.00892033924669,0.0848338537086734,,,,
breast_EPIC_Italy,breast_pre_dx,breast_epic_GSE51057_GSE51032_HC,GSM1235566,case,GSE51032,2.863146414821385,-0.3588908064672593,0.2055489165773769,-0.4655454229807096,-0.205437881763611,-0.4114298906690035,0.1278349092175452,0.079812963149344,,,,
breast_EPIC_Italy,breast_pre_dx,breast_epic_GSE51057_GSE51032_HC,GSM1235820,case,GSE51032,-1.6882363173594572,3.0214138499156804,-0.7871186787969315,0.4578679580237053,0.4040357566994738,-0.5878977474279534,-0.223286546783296,0.037455366541344,,,,
breast_EPIC_Italy,breast_pre_dx,breast_epic_GSE51057_GSE51032_HC,GSM1235859,case,GSE51032,3.398562171228682,1.8038138793170877,-0.6860712354013321,0.996571714772016,-0.5387325921925517,-0.3138365714503954,-0.028917815446106,0.1116408971448586,,,,
breast_EPIC_Italy,breast_pre_dx,breast_epic_GSE51057_GSE51032_HC,GSM1235890,case,GSE51032,0.1640863480134665,1.8564407620698773,-0.5501802793890914,0.6296119001198378,-0.0276137151554803,0.5350400731050625,0.0991320418298175,-0.1802148974082746,,,,
breast_EPIC_Italy,breast_pre_dx,breast_epic_GSE51057_GSE51032_HC,GSM1235892,case,GSE51032,-3.699630054352341,0.7075480142818724,0.6851085450432508,0.2962081793895967,0.9360643188445265,0.0862747050200879,-0.3717446220170697,-0.2536754057604604,,,,
breast_EPIC_Italy,breast_pre_dx,breast_epic_GSE51057_GSE51032_HC,GSM1235915,case,GSE51032,1.2596107155656278,-0.7476324076967528,-0.0660555239254481,0.0787752171803739,0.2351369918223222,0.3726695487126596,0.0101914207705498,-0.0963696007049244,,,,
breast_EPIC_Italy,breast_pre_dx,breast_epic_GSE51057_GSE51032_HC,GSM1235918,case,GSE51032,-3.257674878577313,2.614419457708515,-0.6391966445072789,0.2141113007021658,0.0907838362667642,-0.1265080359557849,0.4480463075253442,0.1544044266869668,,,,
breast_EPIC_Italy,breast_pre_dx,breast_epic_GSE51057_GSE51032_HC,GSM1235920,case,GSE51032,-2.9773926442157066,0.8999500951604898,0.5601623219855478,0.9898399689302404,0.5535618948970206,-0.3783063963655124,0.078837181968881,0.008519215292724,,,,
breast_EPIC_Italy,breast_pre_dx,breast_epic_GSE51057_GSE51032_HC,GSM1235926,case,GSE51032,4.635883176674543,-0.3947582331069571,-0.1190814263331873,-0.5417248200257982,-0.2075625236266878,-0.0391742969360627,0.2915156321144904,-0.0754832626295331,,,,
breast_EPIC_Italy,breast_pre_dx,breast_epic_GSE51057_GSE51032_HC,GSM1235936,case,GSE51032,6.882094486384195,0.8458886092027714,-1.579478370001266,-0.9806310818367228,-0.3423942262749483,-0.2679578264810796,-0.2196937027347495,-0.1517422046540796,,,,
breast_EPIC_Italy,breast_pre_dx,breast_epic_GSE51057_GSE51032_HC,GSM1235939,case,GSE51032,5.745947325490308,-0.4367599701552006,-0.4332244479330269,-0.6612756576816096,0.9263543507634748,-0.6766341625943659,-0.2577952678306976,-0.1790139709221748,,,,
breast_EPIC_Italy,breast_pre_dx,breast_epic_GSE51057_GSE51032_HC,GSM1235959,case,GSE51032,-0.6535655589536625,2.2319777270491263,0.4326056590871182,0.1460706278441878,0.1292702417646908,0.1782845625154199,-0.2178862563073804,-0.0353720121755465,,,,
breast_EPIC_Italy,breast_pre_dx,breast_epic_GSE51057_GSE51032_HC,GSM1235985,case,GSE51032,8.76440270397381,6.12359717453338,1.1832225022892071,1.3729918516983892,-0.1753679908278101,1.144610519758801,-0.0912728136018396,0.2347532273521315,,,,
breast_EPIC_Italy,breast_pre_dx,breast_epic_GSE51057_GSE51032_HC,GSM1236008,case,GSE51032,6.072348996130638,6.263977477632482,0.674630332530878,2.214463617951385,-0.4978368136095894,0.4657207359542346,-0.1050619750291441,-0.573317539219487,,,,
breast_EPIC_Italy,breast_pre_dx,breast_epic_GSE51057_GSE51032_HC,GSM1236012,case,GSE51032,0.5539061306112657,3.1408639293232867,-0.0086742267963687,-0.318464723259687,0.6678658105918871,0.0978060983692449,-0.082665358930762,-0.2224496272566406,,,,
breast_EPIC_Italy,breast_pre_dx,breast_epic_GSE51057_GSE51032_HC,GSM1236021,case,GSE51032,6.854943611164287,4.273090322638057,-0.1306642170973926,0.8605521775946433,0.3526076227701795,0.9600140462947582,-0.184755476835921,-0.3916595461836745,,,,
breast_EPIC_Italy,breast_pre_dx,breast_epic_GSE51057_GSE51032_HC,GSM1236024,case,GSE51032,0.7741452167686451,1.1000939786623571,-0.7607702687527335,-0.6848862404093385,-0.4184047468848703,-0.2546455904821867,-0.0548054338219942,0.0313146810553712,,,,
breast_EPIC_Italy,breast_pre_dx,breast_epic_GSE51057_GSE51032_HC,GSM1236034,case,GSE51032,6.685733825384113,5.183750288157385,0.6785607675823194,1.2923900968001587,-0.281780212670353,0.1001623540229299,-0.0427607489677761,-0.230340778087616,,,,
breast_EPIC_Italy,breast_pre_dx,breast_epic_GSE51057_GSE51032_HC,GSM1236080,case,GSE51032,-0.6988663057398592,0.2385866887628198,1.159908561629278,-0.2583199960801939,0.0826091637854873,0.3490357020448997,0.5002467063962797,0.0994952809542359,,,,
breast_EPIC_Italy,breast_pre_dx,breast_epic_GSE51057_GSE51032_HC,GSM1236095,case,GSE51032,-2.254789163701095,3.3117169316024517,0.547933313854464,0.3312739277574368,-0.53891018658343,-0.0293741389672184,0.0047353719042773,-0.3157623381296715,,,,
breast_EPIC_Italy,breast_pre_dx,breast_epic_GSE51057_GSE51032_HC,GSM1236100,case,GSE51032,1.4917797622186832,-0.1838449590206035,-0.6233742584846308,0.1279231801476812,0.5254373579855393,0.0455124601158453,0.092319242839903,0.0291766346033656,,,,
breast_EPIC_Italy,breast_pre_dx,breast_epic_GSE51057_GSE51032_HC,GSM1236106,case,GSE51032,-3.062282106047887,0.1609118704337976,0.5512528042813841,0.1342934392901591,0.2962892568899853,-0.0158492077729949,0.0290019433375787,-0.2891900661930057,,,,
breast_EPIC_Italy,breast_pre_dx,breast_epic_GSE51057_GSE51032_HC,GSM1236120,case,GSE51032,2.880982390799685,1.5736668450178997,-0.0256431402444701,0.3114649193537355,-0.2953323405559653,0.8752407089646126,0.0261672831699441,-0.0382490476504928,,,,
breast_EPIC_Italy,breast_pre_dx,breast_epic_GSE51057_GSE51032_HC,GSM1236129,case,GSE51032,-0.9794729627184204,0.5035269997019813,-0.3943746205642725,0.6067808143223091,0.2335262412803255,-0.1974956431815702,-0.2183335653571763,0.0936254324718788,,,,
breast_EPIC_Italy,breast_pre_dx,breast_epic_GSE51057_GSE51032_HC,GSM1236139,case,GSE51032,8.1329847318971,5.1614017161792605,-0.5942761756900431,1.1449882483308138,-0.7697355969661734,0.0465574439707741,0.0878173024032791,0.0227038321580375,,,,
breast_EPIC_Italy,breast_pre_dx,breast_epic_GSE51057_GSE51032_HC,GSM1236149,case,GSE51032,-1.4269460064022936,0.0967057872340075,-0.1937360318669324,0.282174980825513,0.0883576079251646,0.3898340298638076,-0.1913969541317197,-0.2506831801298234,,,,
breast_EPIC_Italy,breast_pre_dx,breast_epic_GSE51057_GSE51032_HC,GSM1236165,case,GSE51032,-4.31180435672658,0.2008268619914352,-0.0002297912335798,-0.529008684892193,0.0794842256629073,-0.7568216266854816,-0.0311441516510327,-0.2778306699807896,,,,
breast_EPIC_Italy,breast_pre_dx,breast_epic_GSE51057_GSE51032_HC,GSM1236191,case,GSE51032,-0.0541269807952868,0.3189904172315062,-0.679185654206308,0.727419227008442,0.2084035865899867,0.3537466754023677,0.1836811312270477,0.0414719121143444,,,,
breast_EPIC_Italy,breast_pre_dx,breast_epic_GSE51057_GSE51032_HC,GSM1236200,case,GSE51032,4.693993809751312,4.7430024367745816,0.7238634189207099,0.2962938523778731,-0.5664985706530563,0.6653809925905789,-0.0835608213130942,-0.2206744248323169,,,,
breast_EPIC_Italy,breast_pre_dx,breast_epic_GSE51057_GSE51032_HC,GSM1236213,case,GSE51032,-0.3930088556105262,0.3990753017961628,0.4389923066591557,-1.7341847996871909,0.2754482622068281,0.421051265252217,0.2998780368152188,-0.1776215573792766,,,,
breast_EPIC_Italy,breast_pre_dx,breast_epic_GSE51057_GSE51032_HC,GSM1236217,case,GSE51032,-3.813678734423033,0.6119604329980973,0.1796933724412826,0.9435584528897968,-0.1556330219209732,-0.0539990274413947,0.3686079722708017,0.045725091694584,,,,
breast_EPIC_Italy,breast_pre_dx,breast_epic_GSE51057_GSE51032_HC,GSM1236218,case,GSE51032,3.076327010174708,-1.82079004060744,0.1535979141481362,0.3294373476689398,1.2808993101518955,-0.5062579895059959,0.471718623351239,-0.2104261222847622,,,,
breast_EPIC_Italy,breast_pre_dx,breast_epic_GSE51057_GSE51032_HC,GSM1236295,case,GSE51032,0.767242520174881,-0.7952503915784377,-0.4461106212965631,-0.1200217427323345,0.2380197193779772,-0.1002761105330934,-0.1750522448952449,0.0234619244467111,,,,
breast_EPIC_Italy,breast_pre_dx,breast_epic_GSE51057_GSE51032_HC,GSM1236332,case,GSE51032,-1.07053298405681,0.2809517694244991,-0.4378560488708156,-0.7307019666019968,0.3600957822584946,0.6722634018337275,0.0042674864133842,-0.2377409873369591,,,,
breast_EPIC_Italy,breast_pre_dx,breast_epic_GSE51057_GSE51032_HC,GSM1236339,case,GSE51032,-0.7439633470071901,-0.8259921151574452,0.161001592383865,0.0060226119360566,0.4538703745226824,-0.2879901890439835,-0.0153577111214215,0.0217487003294608,,,,
breast_EPIC_Italy,breast_pre_dx,breast_epic_GSE51057_GSE51032_HC,GSM1236345,case,GSE51032,3.988273325875254,-1.6230195444075783,0.2584686912196411,-0.1996654243708459,-0.1912488698708437,1.4299285234862384,-0.4305914946502887,-0.3191297135503737,,,,
breast_EPIC_Italy,breast_pre_dx,breast_epic_GSE51057_GSE51032_HC,GSM1235534,hc,GSE51032,0.5147535311027308,0.328254238893853,0.6074553285826554,0.542300235916061,-0.1857484504330741,-0.0570304759965601,0.1215688486729148,0.0776660880887548,,,,
breast_EPIC_Italy,breast_pre_dx,breast_epic_GSE51057_GSE51032_HC,GSM1235535,hc,GSE51032,0.6669893856514897,-0.8487207904596941,-0.1054116776874944,0.2028792777870444,-0.2732490369023592,0.4200947650860516,0.1402925988719582,-0.026684801265356,,,,
breast_EPIC_Italy,breast_pre_dx,breast_epic_GSE51057_GSE51032_HC,GSM1235537,hc,GSE51032,0.59920151656163,-0.8157721217472176,-0.0051630847802505,0.0951059679187107,-0.1905774897007067,0.1910782370494352,-0.2474438958429552,-0.0124463494644345,,,,
breast_EPIC_Italy,breast_pre_dx,breast_epic_GSE51057_GSE51032_HC,GSM1235539,hc,GSE51032,0.8268540203329818,-0.801372077998512,-0.699976951995418,-0.4063114879207235,-0.919198382915024,-0.0393624405639454,-0.0551125039456456,0.0874629154925607,,,,
breast_EPIC_Italy,breast_pre_dx,breast_epic_GSE51057_GSE51032_HC,GSM1235540,hc,GSE51032,-1.2808547890202682,-1.5512288919895607,0.6096425304124552,0.7020808942005493,-0.3933478779534881,0.0556306252664043,0.0166792019331851,0.2141991494744429,,,,
breast_EPIC_Italy,breast_pre_dx,breast_epic_GSE51057_GSE51032_HC,GSM1235541,hc,GSE51032,-5.162676789927827,1.2045259588399246,0.5567202974219359,-0.0419499254445012,-0.0089509004107781,0.1163524011961823,0.1151678309062768,0.0135318714305677,,,,
breast_EPIC_Italy,breast_pre_dx,breast_epic_GSE51057_GSE51032_HC,GSM1235542,hc,GSE51032,0.3745105252219076,0.1920134803957752,-0.4166565296575657,-0.6568909356378234,0.266352443554331,0.0463539713806476,0.0037160716785858,0.1421454854687138,,,,
breast_EPIC_Italy,breast_pre_dx,breast_epic_GSE51057_GSE51032_HC,GSM1235545,hc,GSE51032,-1.481930328599018,-0.4802468917060562,-0.199690166941643,0.8495757107932869,0.4937810287596328,0.081038550796563,0.1748777762124979,-0.0579584435381891,,,,
breast_EPIC_Italy,breast_pre_dx,breast_epic_GSE51057_GSE51032_HC,GSM1235546,hc,GSE51032,1.2486491301947475,-0.7109236988747968,0.0001915865371154,-0.2427705437216815,-0.0707322636549086,0.2836095721805052,0.1439987369505508,0.132571209863277,,,,
breast_EPIC_Italy,breast_pre_dx,breast_epic_GSE51057_GSE51032_HC,GSM1235547,hc,GSE51032,0.5397253810908912,0.0402890720324398,-0.7442226343797829,-0.3344030014665333,0.2916386677739696,-0.0122282209060365,-0.2120500733757011,-0.0070476662619685,,,,
breast_EPIC_Italy,breast_pre_dx,breast_epic_GSE51057_GSE51032_HC,GSM1235552,hc,GSE51032,1.93630797362068,-0.3794172591778228,-0.6105959714119941,0.5517363755435583,0.1358281293991693,0.0349276669282113,0.0159509183329147,0.0814397209294564,,,,
breast_EPIC_Italy,breast_pre_dx,breast_epic_GSE51057_GSE51032_HC,GSM1235554,hc,GSE51032,-0.7580074721790483,-0.3268341069705016,-0.2159390439505114,0.5381151399584548,0.3666366269104623,-0.123207037720634,-0.2665696709998089,-0.2453540920199921,,,,
breast_EPIC_Italy,breast_pre_dx,breast_epic_GSE51057_GSE51032_HC,GSM1235555,hc,GSE51032,-0.6403860258790915,0.3030142097671288,-0.5006757807095682,-0.0566914319027883,0.6402660247286796,0.2086290578208358,-0.3417218281446139,-0.1215144060360759,,,,
breast_EPIC_Italy,breast_pre_dx,breast_epic_GSE51057_GSE51032_HC,GSM1235556,hc,GSE51032,-1.1448663632406753,-1.1609223508163236,0.2303654013613335,0.9395100500804304,0.6679514077344365,0.3803087272708197,-0.2028557604898764,0.0225852121254352,,,,
breast_EPIC_Italy,breast_pre_dx,breast_epic_GSE51057_GSE51032_HC,GSM1235557,hc,GSE51032,3.269063313946329,-0.7125121709388406,-0.679666128866434,0.2859529282071478,0.1551793338900993,-0.2393474060573199,-0.2179727040996509,-0.0306349738235296,,,,
breast_EPIC_Italy,breast_pre_dx,breast_epic_GSE51057_GSE51032_HC,GSM1235558,hc,GSE51032,2.8160359781301456,-0.5459548566061996,-1.5332368232544766,0.3725674774615993,-0.4194732275424528,0.170634877553624,0.017924788679664,0.1123848677576515,,,,
breast_EPIC_Italy,breast_pre_dx,breast_epic_GSE51057_GSE51032_HC,GSM1235559,hc,GSE51032,-0.0519602951716315,-0.2912796466421319,-0.7649478910762709,-0.1660631280285311,-0.1432393977416971,-0.1599751849468549,0.0193061003690208,-0.021353196167405,,,,
breast_EPIC_Italy,breast_pre_dx,breast_epic_GSE51057_GSE51032_HC,GSM1235560,hc,GSE51032,1.8686674061111257,-0.4073744104577633,-0.4006592277998215,-0.3342681051792091,0.216844624166395,0.0513197979779497,0.0085571514584283,0.0321673861439857,,,,
breast_EPIC_Italy,breast_pre_dx,breast_epic_GSE51057_GSE51032_HC,GSM1235570,hc,GSE51032,2.9360635624028486,-0.6143086796205565,0.0058313693714206,-0.3026127532255024,-0.1122395526005423,-0.095406650944697,-0.1142252130559422,0.1131338778697975,,,,
breast_EPIC_Italy,breast_pre_dx,breast_epic_GSE51057_GSE51032_HC,GSM1235571,hc,GSE51032,0.8324533348799914,0.5051532300840045,-0.8103614293267417,-0.3860336696282802,0.1112639590494827,-0.0569980293219613,0.3203539856147147,0.0501302867746011,,,,
breast_EPIC_Italy,breast_pre_dx,breast_epic_GSE51057_GSE51032_HC,GSM1235576,hc,GSE51032,-0.9698320660439264,-0.093500078668124,-0.3493115025356755,0.5245433229582861,-0.2251405619361911,-0.2655437346260842,0.0750303905401372,-0.2279937074879564,,,,
breast_EPIC_Italy,breast_pre_dx,breast_epic_GSE51057_GSE51032_HC,GSM1235577,hc,GSE51032,3.5475776394740186,0.3445146225427421,-0.3379926201676436,0.0335437114507366,0.0127712322321162,-0.0905798841606551,-0.2065633274231323,0.0192956101929378,,,,
breast_EPIC_Italy,breast_pre_dx,breast_epic_GSE51057_GSE51032_HC,GSM1235580,hc,GSE51032,-0.7732138748420639,-0.4812631072451833,-0.5896971242648117,-0.4280854575176571,0.1160952357542992,-0.2490338589238715,0.0437422573933038,-0.1498842118290062,,,,
breast_EPIC_Italy,breast_pre_dx,breast_epic_GSE51057_GSE51032_HC,GSM1235581,hc,GSE51032,-4.012099253690586,0.3868198820129591,-0.7833457466517023,0.0691963561462783,-0.0128500701138529,-0.2308648443281849,-0.2819820096245714,-0.1344704782189186,,,,
breast_EPIC_Italy,breast_pre_dx,breast_epic_GSE51057_GSE51032_HC,GSM1235587,hc,GSE51032,3.1460035736613,-0.6153010923514396,-0.6761527473255925,0.2968487348553014,-0.2961123922304649,0.1352289121122264,0.0041878245681265,0.0143320452136111,,,,
breast_EPIC_Italy,breast_pre_dx,breast_epic_GSE51057_GSE51032_HC,GSM1235590,hc,GSE51032,0.9925765128448968,-0.6716035406286869,-1.1468550741567107,0.6299955654707938,-0.487388457697591,-0.5225583609787355,0.1277283582389669,-0.2154136921389022,,,,
breast_EPIC_Italy,breast_pre_dx,breast_epic_GSE51057_GSE51032_HC,GSM1235593,hc,GSE51032,-0.6913679424164337,-0.1221199169931083,0.5641481787647356,-0.1571739943042667,0.1956049612022504,0.2688286991983892,0.1738286422374829,0.0374525549908454,,,,
breast_EPIC_Italy,breast_pre_dx,breast_epic_GSE51057_GSE51032_HC,GSM1235595,hc,GSE51032,1.2813577313335398,-0.767622264602986,0.2551988586963742,-0.2540623529309294,-0.1701932095306103,-0.3503426457742471,-0.0401194384540796,-0.0203539019562224,,,,
breast_EPIC_Italy,breast_pre_dx,breast_epic_GSE51057_GSE51032_HC,GSM1235596,hc,GSE51032,-2.029458947451821,0.0857945251943354,0.1226325559852634,0.7997351493874699,-0.4748001531241693,0.0122999846093702,-0.0607267032465784,-0.2688310122078756,,,,
breast_EPIC_Italy,breast_pre_dx,breast_epic_GSE51057_GSE51032_HC,GSM1235597,hc,GSE51032,1.7178782249315905,-0.1349362081291319,-0.6338928835784613,-0.1939835353853777,-0.5933899141697125,-0.2196723292127495,-0.0038030038987076,-0.052926905552128,,,,
breast_EPIC_Italy,breast_pre_dx,breast_epic_GSE51057_GSE51032_HC,GSM1235599,hc,GSE51032,-1.5163446199868402,1.4618329346863006,0.2107685755076233,-0.406497655268065,0.4124968478676458,0.2738194481794149,-0.3250160541331793,0.0329770392123287,,,,
breast_EPIC_Italy,breast_pre_dx,breast_epic_GSE51057_GSE51032_HC,GSM1235604,hc,GSE51032,-0.9848770688899152,-0.4413807838356924,-0.6640074953480919,0.7178995322378368,-1.00284698343542,-0.2896417635055696,0.1640022468583832,-0.1852523401703356,,,,
breast_EPIC_Italy,breast_pre_dx,breast_epic_GSE51057_GSE51032_HC,GSM1235605,hc,GSE51032,-1.714621325000651,-0.6223921546569402,-1.4479320269370215,0.3769793827955357,-0.3207834760856516,-0.3169303770189031,-0.2036052922842421,-0.2333774387985468,,,,
breast_EPIC_Italy,breast_pre_dx,breast_epic_GSE51057_GSE51032_HC,GSM1235609,hc,GSE51032,-0.8316000492371735,-0.4261813468362547,0.7894981047423255,1.014522879540392,0.523508068263693,0.3127484165172943,-0.1698671692790553,0.0541976091664019,,,,
breast_EPIC_Italy,breast_pre_dx,breast_epic_GSE51057_GSE51032_HC,GSM1235612,hc,GSE51032,-2.0262964010629703,0.3787161962330806,-1.2621968570009643,0.5741525113934698,-0.2250868957286602,0.1557701634789209,-0.2177327498384724,-0.0290860779173785,,,,
breast_EPIC_Italy,breast_pre_dx,breast_epic_GSE51057_GSE51032_HC,GSM1235613,hc,GSE51032,0.5735695963822547,-0.3402133286838114,-0.0282079530324363,-0.2846018889731501,-0.1312506701844296,-0.0223989543936155,0.0285647143520117,0.0623242094923143,,,,
breast_EPIC_Italy,breast_pre_dx,breast_epic_GSE51057_GSE51032_HC,GSM1235614,hc,GSE51032,3.782039245725198,0.3778827450798768,1.0565497962005146,0.6177602320732517,-0.0591753197180865,-0.0572739840579617,-0.1357291698556898,-0.0415668384467202,,,,
breast_EPIC_Italy,breast_pre_dx,breast_epic_GSE51057_GSE51032_HC,GSM1235615,hc,GSE51032,0.4172621104365529,0.4188350746458962,-0.1218956893819696,0.6615473102826852,0.1217290918629715,0.1673719951932956,-0.061860544251025,0.0296312861127503,,,,
breast_EPIC_Italy,breast_pre_dx,breast_epic_GSE51057_GSE51032_HC,GSM1235621,hc,GSE51032,0.897167468675316,-1.511893055842739,-2.036335444271136,0.0718636148629082,-0.907074925996706,0.6939881760532044,-0.0767219658052634,-0.0130249059342357,,,,
breast_EPIC_Italy,breast_pre_dx,breast_epic_GSE51057_GSE51032_HC,GSM1235625,hc,GSE51032,-5.00615164472201,0.6259956709542875,-1.1897647277459,-0.7494400922990794,-0.1106232314480525,0.385578599884053,0.1945522156448036,0.0923932221933672,,,,
breast_EPIC_Italy,breast_pre_dx,breast_epic_GSE51057_GSE51032_HC,GSM1235626,hc,GSE51032,-0.7378557045046484,0.5374440688172805,0.0997971695796096,-0.6605354011075584,0.2605511196963881,0.2610911243569146,0.2923107631444332,0.2116970712817045,,,,
breast_EPIC_Italy,breast_pre_dx,breast_epic_GSE51057_GSE51032_HC,GSM1235628,hc,GSE51032,0.4260218259451153,0.4492335824082041,0.0747348768421114,0.8699179772788049,-0.6973911237262858,-0.26286326679752,-0.0913246822597338,-0.1097973211411021,,,,
breast_EPIC_Italy,breast_pre_dx,breast_epic_GSE51057_GSE51032_HC,GSM1235632,hc,GSE51032,-1.984110582551164,0.8832708583657493,-0.968063417279418,-0.7356604536061075,-0.8525021719776807,0.5560689755922669,0.2006129129519625,-0.0155087540214571,,,,
breast_EPIC_Italy,breast_pre_dx,breast_epic_GSE51057_GSE51032_HC,GSM1235633,hc,GSE51032,2.429794135966304,-0.8043216535864521,-0.646501147026912,0.7502521233583455,0.7026947003147497,0.3894555670017273,-0.1881987804903598,0.1623932242869445,,,,
breast_EPIC_Italy,breast_pre_dx,breast_epic_GSE51057_GSE51032_HC,GSM1235635,hc,GSE51032,1.3335571881053023,-0.5976155125748586,-0.4649425986832399,0.4454800763160594,0.4648672811243018,-0.0109952620000645,0.0284200394781364,0.1740991537068567,,,,
breast_EPIC_Italy,breast_pre_dx,breast_epic_GSE51057_GSE51032_HC,GSM1235639,hc,GSE51032,-1.4175894872049055,-0.3569536462693683,1.535647644699877,-0.0292119567848954,-0.6101136520325254,0.1549213746536027,-0.1137164972744923,-0.0218715536592129,,,,
breast_EPIC_Italy,breast_pre_dx,breast_epic_GSE51057_GSE51032_HC,GSM1235640,hc,GSE51032,-3.183256680878701,-0.6563644373756142,-0.823041300081992,1.048427901435972,-0.1866628212069876,0.1687747235412561,0.2515868782084337,-0.2931032824729652,,,,
breast_EPIC_Italy,breast_pre_dx,breast_epic_GSE51057_GSE51032_HC,GSM1235641,hc,GSE51032,-1.9308613457675503,-0.5738480008356125,0.1756668691710547,0.1745058514780385,0.2913771133535375,0.1711275856758136,-0.0791824912867794,0.2550926837559797,,,,
breast_EPIC_Italy,breast_pre_dx,breast_epic_GSE51057_GSE51032_HC,GSM1235642,hc,GSE51032,0.4387544069185158,-0.7309898436839364,0.7437443289278699,0.3925325821059122,0.5181021596140502,-0.0726558215194706,0.1044930002626405,0.1256918269765086,,,,
breast_EPIC_Italy,breast_pre_dx,breast_epic_GSE51057_GSE51032_HC,GSM1235643,hc,GSE51032,-4.004431595973908,0.335475969520258,-0.3919637093099749,0.3436341891081926,-0.1915248605755682,0.1922833730352834,-0.2990708833117887,-0.0307836450342534,,,,
breast_EPIC_Italy,breast_pre_dx,breast_epic_GSE51057_GSE51032_HC,GSM1235644,hc,GSE51032,-1.4894080869899278,-0.4008786713136349,-1.13283152079252,0.3015352988346399,0.3965384308488146,0.3654800292671296,-0.1177431165587891,-0.0806058336310522,,,,
breast_EPIC_Italy,breast_pre_dx,breast_epic_GSE51057_GSE51032_HC,GSM1235645,hc,GSE51032,2.274716390863216,-1.105815513937891,1.1063156432774868,0.8336454369032628,0.42329116292362,0.1724583526580538,-0.3103449068706301,0.1400746412304076,,,,
breast_EPIC_Italy,breast_pre_dx,breast_epic_GSE51057_GSE51032_HC,GSM1235647,hc,GSE51032,0.7999131835972169,0.3739853228893047,0.0381438176552748,-0.9722920513431385,-0.1127334264309356,-0.0761109380760494,-0.1042111917239837,0.3962730529812376,,,,
breast_EPIC_Italy,breast_pre_dx,breast_epic_GSE51057_GSE51032_HC,GSM1235648,hc,GSE51032,3.539869994189483,-0.2872164121161857,-1.965483819857185,0.1423917218839358,-0.9650676698124276,-0.4015386891349095,0.1346296725497656,0.1057232126565068,,,,
breast_EPIC_Italy,breast_pre_dx,breast_epic_GSE51057_GSE51032_HC,GSM1235649,hc,GSE51032,-2.340442175038959,-1.1706478110474,-0.8745833206213409,0.3736439105969495,-0.0078657829649272,0.63435595421029,-0.1589310380094229,-0.1221641185242546,,,,
breast_EPIC_Italy,breast_pre_dx,breast_epic_GSE51057_GSE51032_HC,GSM1235650,hc,GSE51032,1.876952490580288,-1.7773986893134763,-0.6307974859357749,0.5821335902037685,0.0572160218042684,-0.3026056211559755,0.1472828540250952,0.0312646877457857,,,,
breast_EPIC_Italy,breast_pre_dx,breast_epic_GSE51057_GSE51032_HC,GSM1235651,hc,GSE51032,0.2075508899777312,-1.1657391960744514,-0.4678188848284379,-0.0952553011603335,0.6744060587903458,0.0470574642528272,0.1834434507870118,0.0513620560556334,,,,
breast_EPIC_Italy,breast_pre_dx,breast_epic_GSE51057_GSE51032_HC,GSM1235653,hc,GSE51032,2.4422488097712787,-1.1735765192304768,0.9145449460182902,-0.0953230164279088,0.3912162519366573,0.3621003000044307,-0.1039681967383027,0.0688122294453037,,,,
breast_EPIC_Italy,breast_pre_dx,breast_epic_GSE51057_GSE51032_HC,GSM1235654,hc,GSE51032,-2.0623779056275624,-1.3187405724413648,0.9400912094742562,0.1083929697711759,-0.4253280847255044,-0.0904118044383433,0.1775587259912319,0.2712937548384184,,,,
breast_EPIC_Italy,breast_pre_dx,breast_epic_GSE51057_GSE51032_HC,GSM1235656,hc,GSE51032,0.8639102323347971,-0.7160219320202265,0.5265979311026301,0.4514369506927524,0.6674252949667355,-0.1845191737254846,0.3565054357704604,0.154981922593402,,,,
breast_EPIC_Italy,breast_pre_dx,breast_epic_GSE51057_GSE51032_HC,GSM1235658,hc,GSE51032,-0.5893242931961186,-0.5928253494998647,0.3978759822946993,1.0620754690078826,0.0418746694765339,-0.2160910949735865,0.1078955365739051,0.0937986522785084,,,,
breast_EPIC_Italy,breast_pre_dx,breast_epic_GSE51057_GSE51032_HC,GSM1235661,hc,GSE51032,-0.0822766076694053,2.055542815542113,-0.6201012248953273,1.253211313964225,-0.3490361329712623,0.347820720165035,0.0192750772448235,0.2429270319647559,,,,
breast_EPIC_Italy,breast_pre_dx,breast_epic_GSE51057_GSE51032_HC,GSM1235664,hc,GSE51032,-0.8664721886549537,-0.0403321211660008,-0.7415819807135272,0.6224212049011145,-0.2039983329557292,0.1625866359567646,-0.2226064860047004,0.1820297785107173,,,,
breast_EPIC_Italy,breast_pre_dx,breast_epic_GSE51057_GSE51032_HC,GSM1235670,hc,GSE51032,-3.06493362394633,-0.0424789167121837,-0.7170904924694187,1.029857968509642,-0.3336806848116825,-0.2108431314311096,0.2224351825274373,-0.3023253019977487,,,,
breast_EPIC_Italy,breast_pre_dx,breast_epic_GSE51057_GSE51032_HC,GSM1235672,hc,GSE51032,-3.0985336282748874,-0.2991785648483154,1.3388391220981304,0.5577453863932065,-0.2373466227227951,0.1930910286043647,-0.1692507775536069,-0.1012344918559679,,,,
breast_EPIC_Italy,breast_pre_dx,breast_epic_GSE51057_GSE51032_HC,GSM1235673,hc,GSE51032,2.934476143693571,-0.9669064937790184,1.2393780223635462,0.7429210352613629,-0.4946848047949854,0.0891493358844141,-0.1046430945966394,0.0780934183529557,,,,
breast_EPIC_Italy,breast_pre_dx,breast_epic_GSE51057_GSE51032_HC,GSM1235674,hc,GSE51032,3.67311325816724,-0.3857786335112919,0.8807177374778621,0.0578870971010012,-0.149208530553214,0.0894506174102671,-0.005830986116971,0.1296780713224877,,,,
breast_EPIC_Italy,breast_pre_dx,breast_epic_GSE51057_GSE51032_HC,GSM1235677,hc,GSE51032,0.6975920436314685,0.1993739499069712,-0.3188814778890458,0.5114244885388665,-0.4637022136792262,-0.0247684959197496,0.0056392012424794,0.0137131010322241,,,,
breast_EPIC_Italy,breast_pre_dx,breast_epic_GSE51057_GSE51032_HC,GSM1235681,hc,GSE51032,-1.6595166504512644,0.1982574309325948,-0.3205129691475737,0.4921679732493751,0.4777240414098559,0.6091435187679243,0.0099255656247378,0.0904020510299776,,,,
breast_EPIC_Italy,breast_pre_dx,breast_epic_GSE51057_GSE51032_HC,GSM1235685,hc,GSE51032,2.491278533337666,-1.0150887656950152,0.0102315296536058,-0.1268303291800916,-0.7977978666381296,-0.3107540497428497,0.0560043922853168,0.0431971212963679,,,,
breast_EPIC_Italy,breast_pre_dx,breast_epic_GSE51057_GSE51032_HC,GSM1235686,hc,GSE51032,1.095011080508394,-0.0510876808085171,-0.1064873728278486,-0.3907329421576015,0.412395610443414,0.170840003214396,0.0375368153902752,-0.1006085763463849,,,,
breast_EPIC_Italy,breast_pre_dx,breast_epic_GSE51057_GSE51032_HC,GSM1235687,hc,GSE51032,5.402143893645103,-0.757254250151804,0.4477257809954202,0.0493630523623919,0.1660026735008365,0.3088538248836855,-0.1262135968778269,0.0724247279059354,,,,
breast_EPIC_Italy,breast_pre_dx,breast_epic_GSE51057_GSE51032_HC,GSM1235689,hc,GSE51032,0.2484389830126366,-1.6107182826627604,1.40486234025399,-0.7191147036855668,0.2947092613038865,0.0365450767871758,0.0673680656157313,-0.2317017269053935,,,,
breast_EPIC_Italy,breast_pre_dx,breast_epic_GSE51057_GSE51032_HC,GSM1235690,hc,GSE51032,-2.648771368798178,-0.5303371574850969,2.1581991057839374,0.9555104306071652,-0.2814544004984895,0.1183097758088958,0.0316593144751607,-0.0299666471361244,,,,
breast_EPIC_Italy,breast_pre_dx,breast_epic_GSE51057_GSE51032_HC,GSM1235691,hc,GSE51032,0.1398001161350693,-0.0894158197687268,0.6685259853935233,-0.5992967287478658,0.4863975801705904,-0.0224134788745577,-0.3797560030181032,0.182584483649405,,,,
breast_EPIC_Italy,breast_pre_dx,breast_epic_GSE51057_GSE51032_HC,GSM1235693,hc,GSE51032,-0.927195180053827,0.2518666906406233,1.130605860204619,0.079484140891757,-0.0252104398786857,0.1173040279622488,0.2174873548195211,0.1306938511029053,,,,
breast_EPIC_Italy,breast_pre_dx,breast_epic_GSE51057_GSE51032_HC,GSM1235694,hc,GSE51032,-2.123706140472783,-0.2985745421382255,-0.4117177062705605,0.3328510785090192,-0.0770814612867646,0.4459942026269757,0.1123413858545993,-0.193934569743226,,,,
breast_EPIC_Italy,breast_pre_dx,breast_epic_GSE51057_GSE51032_HC,GSM1235696,hc,GSE51032,2.0440195775535046,-0.3413940532279456,0.0653736002695365,0.364060603296777,0.3344787487768824,-0.0023966045462864,0.1897646498993966,0.0910535756004091,,,,
breast_EPIC_Italy,breast_pre_dx,breast_epic_GSE51057_GSE51032_HC,GSM1235698,hc,GSE51032,1.373348588912845,-0.3357257517928603,0.7344805402335325,-0.3155378134388811,-0.1117950183716278,0.1019754456562017,0.1337211203396983,-0.2537955027667974,,,,
breast_EPIC_Italy,breast_pre_dx,breast_epic_GSE51057_GSE51032_HC,GSM1235699,hc,GSE51032,1.8886766959928585,-0.987361533463637,0.8458206544742678,0.4568176000338562,-0.0456015029499539,-0.7757836360004855,0.0852487132336428,0.0062371015627947,,,,
breast_EPIC_Italy,breast_pre_dx,breast_epic_GSE51057_GSE51032_HC,GSM1235701,hc,GSE51032,0.388156543960592,-1.391328334874399,-0.7413441773961954,-0.1823342232278819,0.0380295594849767,-0.0107107942723406,0.1090003333156613,-0.1281668216130048,,,,
breast_EPIC_Italy,breast_pre_dx,breast_epic_GSE51057_GSE51032_HC,GSM1235703,hc,GSE51032,-0.1219155119327545,-0.2411208603539898,-0.7954698812628179,-0.5131780991254506,-0.328439982018369,0.1487989428265593,-0.0192817340978758,0.05022940611589,,,,
breast_EPIC_Italy,breast_pre_dx,breast_epic_GSE51057_GSE51032_HC,GSM1235709,hc,GSE51032,4.32211836287304,-1.446569030231566,-0.3731470430478462,-0.1574721253349512,-0.1332812631502744,0.1642924391953555,-0.0510997423616006,0.0916554912055865,,,,
breast_EPIC_Italy,breast_pre_dx,breast_epic_GSE51057_GSE51032_HC,GSM1235710,hc,GSE51032,2.5852120918618025,-1.355395777201232,-0.3436058714056524,0.2815454177853372,0.2886325348823153,0.0884777071251696,0.0047608471644082,0.0453913462519747,,,,
breast_EPIC_Italy,breast_pre_dx,breast_epic_GSE51057_GSE51032_HC,GSM1235712,hc,GSE51032,-1.237407201723762,0.3742256222883736,0.6484525597119791,-0.0905464032357396,-0.6456560897351523,0.3120086719210261,0.1386307297217839,-0.1003133000037047,,,,
breast_EPIC_Italy,breast_pre_dx,breast_epic_GSE51057_GSE51032_HC,GSM1235713,hc,GSE51032,-0.55982409317043,-0.1422172133143913,-0.4129753429381704,-0.1169671691355043,-0.0272578927063051,-0.0325486427194119,0.0163211892642264,-0.0767319316029469,,,,
breast_EPIC_Italy,breast_pre_dx,breast_epic_GSE51057_GSE51032_HC,GSM1235720,hc,GSE51032,0.7542722857811036,0.1241035093914214,0.368539580573924,-0.682618968746144,-0.5099170052462978,-0.0789048799590011,0.0332775817777553,0.013922023429343,,,,
breast_EPIC_Italy,breast_pre_dx,breast_epic_GSE51057_GSE51032_HC,GSM1235721,hc,GSE51032,-1.2003044070510422,0.8732164857832782,-1.7932303496874338,1.4312113163981386,-0.5048641339354873,-0.0389103176511661,0.0590363096042038,-0.146467459767048,,,,
breast_EPIC_Italy,breast_pre_dx,breast_epic_GSE51057_GSE51032_HC,GSM1235722,hc,GSE51032,-2.086234923934319,-0.6795620205375894,-0.016002036316488,0.4746254757574156,0.5764623426746307,-0.0421442380965469,0.0386523004898616,0.0899566654325368,,,,
breast_EPIC_Italy,breast_pre_dx,breast_epic_GSE51057_GSE51032_HC,GSM1235724,hc,GSE51032,-2.767725778159584,-0.0609868022516647,-0.6245436619581498,0.0128367256398249,0.685734721982021,-0.0116935823023785,0.1844230176934341,0.0105359174579946,,,,
breast_EPIC_Italy,breast_pre_dx,breast_epic_GSE51057_GSE51032_HC,GSM1235725,hc,GSE51032,4.56329978575685,-0.8214907656439692,-0.7706066211235948,-0.8346610913176687,-0.5718643887658813,0.8679934786015172,0.2390463384655367,-0.0544025464223151,,,,
breast_EPIC_Italy,breast_pre_dx,breast_epic_GSE51057_GSE51032_HC,GSM1235730,hc,GSE51032,-1.0717739639753074,-0.6319176775247332,0.1908726250855713,0.2602519938950852,-1.1198559934899863,-0.0158346536027448,0.1454199041703765,0.036521482575076,,,,
breast_EPIC_Italy,breast_pre_dx,breast_epic_GSE51057_GSE51032_HC,GSM1235731,hc,GSE51032,0.8728456086114831,0.1423877076086931,0.2417099966152812,-0.4429324776592221,0.0827231533438228,-0.3904781901284901,-0.1708612460335365,-0.0464242578865623,,,,
breast_EPIC_Italy,breast_pre_dx,breast_epic_GSE51057_GSE51032_HC,GSM1235736,hc,GSE51032,3.0081505972216767,-0.8957132435947625,0.374984607383019,-0.4560641028396432,-0.5887657531048923,0.0520654497425845,-0.1782936236988633,-0.0829239436465505,,,,
breast_EPIC_Italy,breast_pre_dx,breast_epic_GSE51057_GSE51032_HC,GSM1235738,hc,GSE51032,-0.0296436449822396,-0.6340108042547955,0.1500887736348428,0.1950069070437731,-0.0413082424461303,0.0101609090973646,0.047650545625259,-0.1657992812318856,,,,
breast_EPIC_Italy,breast_pre_dx,breast_epic_GSE51057_GSE51032_HC,GSM1235740,hc,GSE51032,-1.5544363194251123,-0.8592899495278249,0.4634400733292348,-0.0845671269724529,-0.6494317685437611,-0.0806570885270221,0.1510037425739447,-0.088976388976451,,,,
breast_EPIC_Italy,breast_pre_dx,breast_epic_GSE51057_GSE51032_HC,GSM1235741,hc,GSE51032,1.900691098368468,0.2100125222331116,-0.5575737195382041,-1.0731666603270025,-0.2123894846988216,0.3096559917556591,-0.0280136092608262,-0.0383398762560414,,,,
breast_EPIC_Italy,breast_pre_dx,breast_epic_GSE51057_GSE51032_HC,GSM1235743,hc,GSE51032,0.9068484670038468,-1.267423127256901,2.0472099728110487,-0.2321300895424752,-0.3790294195122756,0.2067639651926154,0.0624616739759251,-0.0270782598831079,,,,
breast_EPIC_Italy,breast_pre_dx,breast_epic_GSE51057_GSE51032_HC,GSM1235745,hc,GSE51032,-4.143494650886726,1.1412451125483518,-0.2363927174279571,-1.7399987491289586,-0.4401594829463506,-0.0458707445547019,0.277340003073868,0.2380170149878949,,,,
breast_EPIC_Italy,breast_pre_dx,breast_epic_GSE51057_GSE51032_HC,GSM1235746,hc,GSE51032,-1.0569542676338022,-1.1770931022608664,1.9706506053334487,-0.3295257350679095,-0.5044253522969184,-0.1742909220670646,-0.0353604411586064,-0.1004856944694924,,,,
breast_EPIC_Italy,breast_pre_dx,breast_epic_GSE51057_GSE51032_HC,GSM1235748,hc,GSE51032,-1.137746135153984,-0.1833191832994821,-0.5502894107594366,0.1135731139730191,-0.2189227262673337,-0.9870806475636827,0.4583878259848632,0.137603564416368,,,,
breast_EPIC_Italy,breast_pre_dx,breast_epic_GSE51057_GSE51032_HC,GSM1235751,hc,GSE51032,3.440931909133168,-0.6291993702873673,0.0110544186834615,-0.2479250143876532,-0.6702291664239255,0.5296101454874852,-0.0444151710405833,0.1023922507152017,,,,
breast_EPIC_Italy,breast_pre_dx,breast_epic_GSE51057_GSE51032_HC,GSM1235752,hc,GSE51032,-2.641512261575032,0.3730077173428152,-1.093152987556098,0.6477246537952738,-0.6514879879854075,0.0680434025701749,0.0487433683578177,-0.0469040509594438,,,,
breast_EPIC_Italy,breast_pre_dx,breast_epic_GSE51057_GSE51032_HC,GSM1235753,hc,GSE51032,-2.1150111680741377,-0.5439646322256715,-0.2646907072543432,0.5994889023203283,0.1853123937055371,-0.1729110284419507,0.1319697605163591,-0.1345043969042866,,,,
breast_EPIC_Italy,breast_pre_dx,breast_epic_GSE51057_GSE51032_HC,GSM1235754,hc,GSE51032,-0.1612134794818527,-1.568382640815474,1.1228320159337402,0.2846300393049876,0.2159348130547168,0.3772235954020694,0.1654534277988549,-0.2635296515653031,,,,
breast_EPIC_Italy,breast_pre_dx,breast_epic_GSE51057_GSE51032_HC,GSM1235758,hc,GSE51032,0.0397185199212497,-0.7626667768401189,0.5533182257883104,0.2990056101101672,-0.2434340413322912,0.0042170907647465,-0.0807762594656534,0.1847661234925927,,,,
breast_EPIC_Italy,breast_pre_dx,breast_epic_GSE51057_GSE51032_HC,GSM1235759,hc,GSE51032,-3.1443663072609263,0.0132940799562441,0.4061183805954887,0.0446792371360411,0.2508811600767504,-0.2229838171704394,0.0680120661332246,-0.1248256265030112,,,,
breast_EPIC_Italy,breast_pre_dx,breast_epic_GSE51057_GSE51032_HC,GSM1235765,hc,GSE51032,0.1911632466939095,-1.3037746155609562,0.7006051637414707,-0.0452677032928813,0.0877326982386505,0.6689238309240525,0.3737310791769144,-0.1019627293646973,,,,
breast_EPIC_Italy,breast_pre_dx,breast_epic_GSE51057_GSE51032_HC,GSM1235769,hc,GSE51032,-3.363726503399979,-0.079813090725749,1.525686864260856,1.2122361382447735,0.5245031119566635,-0.1997231209715529,0.0382003482645637,0.0075384671146951,,,,
breast_EPIC_Italy,breast_pre_dx,breast_epic_GSE51057_GSE51032_HC,GSM1235770,hc,GSE51032,-0.8658950598164136,-0.0558573491122206,-1.3747244787371895,-0.4248428848883154,0.7279696710104872,-0.2070342465257667,-0.1923921456699545,0.0014906491567368,,,,
breast_EPIC_Italy,breast_pre_dx,breast_epic_GSE51057_GSE51032_HC,GSM1235773,hc,GSE51032,0.913695442019668,-1.7146421017674436,-0.1595720138652689,0.1661119821684427,-0.0089473142182003,-0.0938117469668812,0.1297362140203486,0.1143387391890267,,,,
breast_EPIC_Italy,breast_pre_dx,breast_epic_GSE51057_GSE51032_HC,GSM1235774,hc,GSE51032,3.665507326426221,-0.8005576309223172,-0.6824345974460139,-0.2641033978269739,-0.1696192141409334,0.0596748641227572,-0.0910097350187512,-0.0030079982617865,,,,
breast_EPIC_Italy,breast_pre_dx,breast_epic_GSE51057_GSE51032_HC,GSM1235775,hc,GSE51032,-0.8254104516606091,-0.9450719882510404,-0.6355266131953338,0.5344653854856426,-0.3496293213918675,-0.673721250891169,0.1784614209893499,0.0422588143175678,,,,
breast_EPIC_Italy,breast_pre_dx,breast_epic_GSE51057_GSE51032_HC,GSM1235779,hc,GSE51032,-1.1332236610565385,-0.8092314280919345,-0.1817380060803839,0.137308212620962,0.0730779932378092,-0.1506973644214924,0.2507815310212775,0.0666185353267948,,,,
breast_EPIC_Italy,breast_pre_dx,breast_epic_GSE51057_GSE51032_HC,GSM1235782,hc,GSE51032,0.1462276732456581,-0.5142243387959865,-0.160762882289469,0.5138410329878773,-0.3452962686887091,0.2104280127123908,0.1102025329726368,0.2057246326488175,,,,
breast_EPIC_Italy,breast_pre_dx,breast_epic_GSE51057_GSE51032_HC,GSM1235784,hc,GSE51032,0.3017440982880351,0.4650302907189774,-1.076061260754284,0.0083412810999756,-0.1667309218622068,0.3084931176149641,-0.1058417337149539,-0.1912497192036377,,,,
breast_EPIC_Italy,breast_pre_dx,breast_epic_GSE51057_GSE51032_HC,GSM1235786,hc,GSE51032,-1.7244356138992187,0.1361772897082194,-1.1554306617369472,-1.225123967455367,-0.4967213518798821,0.3315448836793278,-0.0275606515117777,0.281265873388866,,,,
breast_EPIC_Italy,breast_pre_dx,breast_epic_GSE51057_GSE51032_HC,GSM1235788,hc,GSE51032,-2.7523947532609694,0.0518862636404775,-0.1875217980090394,0.4330024589472778,0.3458241753028604,-0.3752080089635619,-0.1861363016119744,0.3606275915614797,,,,
breast_EPIC_Italy,breast_pre_dx,breast_epic_GSE51057_GSE51032_HC,GSM1235790,hc,GSE51032,0.3496518576601962,-0.3304578217949804,-0.0852736741856724,-0.0152493912843171,-0.0918506142878234,0.1089824431979987,-0.0178941891639701,0.1288395163370263,,,,
breast_EPIC_Italy,breast_pre_dx,breast_epic_GSE51057_GSE51032_HC,GSM1235791,hc,GSE51032,1.7294158510004858,-0.8196028405166982,-0.660897563004283,-0.1361952988266634,-0.0985606308579457,0.043426755651012,-0.0605408173259903,0.1287477641658823,,,,
breast_EPIC_Italy,breast_pre_dx,breast_epic_GSE51057_GSE51032_HC,GSM1235794,hc,GSE51032,-2.0974097819440285,0.1927094785962927,0.8659538339773676,0.1717396770388981,-0.1800939240185634,-0.5184638028109213,0.0931461729209943,0.1760587225483326,,,,
breast_EPIC_Italy,breast_pre_dx,breast_epic_GSE51057_GSE51032_HC,GSM1235795,hc,GSE51032,-2.065396790012163,-0.5431689553101136,-0.0886006859446425,-0.265151178906369,-0.0655048128797771,-0.0556877893770075,0.2460256832264034,-0.2675715619985102,,,,
breast_EPIC_Italy,breast_pre_dx,breast_epic_GSE51057_GSE51032_HC,GSM1235798,hc,GSE51032,-4.132351121937854,-0.7528669573444535,0.3784722592258466,0.1077662782072443,-0.1562817504626787,-0.0602922113698467,0.2427890990796649,0.1779592366641646,,,,
breast_EPIC_Italy,breast_pre_dx,breast_epic_GSE51057_GSE51032_HC,GSM1235802,hc,GSE51032,-1.4543562017297214,-0.4734447144317537,1.143079716761441,-0.895127137447109,-0.1853944784609825,-0.126917562909303,0.0512106465005503,0.1494359035494629,,,,
breast_EPIC_Italy,breast_pre_dx,breast_epic_GSE51057_GSE51032_HC,GSM1235803,hc,GSE51032,-3.107053670283942,0.6843769086465218,0.2973626805343984,-1.8862787304757225,-0.3227226806790067,0.0776451417045018,-0.0572605231493365,0.0527775349013148,,,,
breast_EPIC_Italy,breast_pre_dx,breast_epic_GSE51057_GSE51032_HC,GSM1235804,hc,GSE51032,-6.783971435909301,2.23814358609956,-1.1653668571850069,-2.094560230981015,-0.4734927550841227,0.2708151806505339,-0.3336832740206575,0.0141760103217923,,,,
breast_EPIC_Italy,breast_pre_dx,breast_epic_GSE51057_GSE51032_HC,GSM1235807,hc,GSE51032,-1.7007962939910215,-0.2218776032811819,0.589785932856648,-0.235413627624263,-0.4058391080551631,0.4739763663272712,-0.3974755004798245,0.0122469001694855,,,,
breast_EPIC_Italy,breast_pre_dx,breast_epic_GSE51057_GSE51032_HC,GSM1235810,hc,GSE51032,1.0840294123438254,-0.3073162563430352,-1.4215707658615224,-0.4569368370878771,-0.295675385463326,-0.6952892533939676,0.0498229101647976,0.0420118637078414,,,,
breast_EPIC_Italy,breast_pre_dx,breast_epic_GSE51057_GSE51032_HC,GSM1235811,hc,GSE51032,-3.639416083426617,0.5156976708863289,-1.7129267539965534,1.0803448575718029,0.1781544516092261,-0.2285722136135115,-0.3190474954857781,-0.060363961984104,,,,
breast_EPIC_Italy,breast_pre_dx,breast_epic_GSE51057_GSE51032_HC,GSM1235812,hc,GSE51032,-1.0907876436764306,0.743628004181522,0.1514180812011686,-0.1692162293493611,0.1998250772648304,0.0100166679545984,0.2692217147992282,0.2708667260259979,,,,
breast_EPIC_Italy,breast_pre_dx,breast_epic_GSE51057_GSE51032_HC,GSM1235813,hc,GSE51032,0.7873617031384752,-0.100282125506995,0.4948132153376345,-0.5915339429253561,-0.1104066879673689,-0.0543832470713961,-0.105634430933735,0.3383999099407492,,,,
breast_EPIC_Italy,breast_pre_dx,breast_epic_GSE51057_GSE51032_HC,GSM1235814,hc,GSE51032,0.1819596730628053,0.7997482281893008,-0.0761310126941492,0.7533614954395453,-0.0416318726205053,0.0995604380564507,0.1591397614161735,0.052124783570126,,,,
breast_EPIC_Italy,breast_pre_dx,breast_epic_GSE51057_GSE51032_HC,GSM1235815,hc,GSE51032,-1.761842307418585,-0.366259427551118,0.6021102967899697,0.2221263933227546,0.1717685353435018,0.9296302972478172,0.0402735670591834,-0.1678336074257356,,,,
breast_EPIC_Italy,breast_pre_dx,breast_epic_GSE51057_GSE51032_HC,GSM1235816,hc,GSE51032,0.6032594860229201,-0.4100300837674281,0.3094786452149868,-0.1993813835159984,0.4050048316723615,0.2636656670962266,0.1287358445568671,-0.0590321424549861,,,,
breast_EPIC_Italy,breast_pre_dx,breast_epic_GSE51057_GSE51032_HC,GSM1235817,hc,GSE51032,-1.9153599010456483,-0.0557192299020633,-1.0112942012703865,1.1460766374520766,0.2887490425928753,0.1410187367584307,-0.2432074175016794,-0.1072019176904539,,,,
breast_EPIC_Italy,breast_pre_dx,breast_epic_GSE51057_GSE51032_HC,GSM1235818,hc,GSE51032,0.639594519644593,-0.2442758357336238,1.0983497470535424,0.2673329003567344,0.1259772413854328,0.3424774807076876,0.0568774759982931,0.0889614874180551,,,,
breast_EPIC_Italy,breast_pre_dx,breast_epic_GSE51057_GSE51032_HC,GSM1235819,hc,GSE51032,2.4962883345206737,-0.4353472764996763,0.1581999371274665,0.5943539552636915,-0.0302576005128674,-0.1999511420899568,0.11486731078651,0.1190704857187893,,,,
breast_EPIC_Italy,breast_pre_dx,breast_epic_GSE51057_GSE51032_HC,GSM1235827,hc,GSE51032,1.84010909679872,1.4855765161283627,-0.1200394638752176,0.2657170897864842,0.5073666470123949,-0.5167361684864782,-0.2407146657115252,0.0980519118052835,,,,
breast_EPIC_Italy,breast_pre_dx,breast_epic_GSE51057_GSE51032_HC,GSM1235829,hc,GSE51032,3.200109508631196,0.4147354907375378,-1.7512334434414578,-0.7525714247466584,0.6652621114067806,-0.013302600692474,0.005375372072781,-0.1099332543732959,,,,
breast_EPIC_Italy,breast_pre_dx,breast_epic_GSE51057_GSE51032_HC,GSM1235830,hc,GSE51032,0.6075853382295373,-0.685187427486103,0.9210440394181124,0.7077938493119195,-0.062984805091392,0.2980018351427307,-0.0029353941943524,-0.0276485275007625,,,,
breast_EPIC_Italy,breast_pre_dx,breast_epic_GSE51057_GSE51032_HC,GSM1235831,hc,GSE51032,2.2797165300139666,-0.0279078113922685,1.5153254249349457,0.1056516945353263,0.3870834426970224,0.3510823943081891,0.0554493457756812,0.190012666485392,,,,
breast_EPIC_Italy,breast_pre_dx,breast_epic_GSE51057_GSE51032_HC,GSM1235834,hc,GSE51032,-0.1528054764324063,-0.471654426729687,0.4775778394512221,-0.4446874074407848,-0.3679097550828147,-0.2705839510703645,-0.0812615719937126,0.0715551780586294,,,,
breast_EPIC_Italy,breast_pre_dx,breast_epic_GSE51057_GSE51032_HC,GSM1235843,hc,GSE51032,0.1696219219052239,3.034729268900814,-0.0532393740103662,0.8172129233485124,-0.0308097283733227,-0.4469517410945537,0.2684595902274088,0.5320260356007229,,,,
breast_EPIC_Italy,breast_pre_dx,breast_epic_GSE51057_GSE51032_HC,GSM1235846,hc,GSE51032,3.8478402967950056,-0.4572471374711309,0.1147564868877098,-0.3264744486135776,-0.5660227450913745,0.0164480593960231,0.2543167047073617,0.1117860010527724,,,,
breast_EPIC_Italy,breast_pre_dx,breast_epic_GSE51057_GSE51032_HC,GSM1235850,hc,GSE51032,1.6613191002552927,-0.3248490468519074,0.4531425219348552,0.2664260418237568,0.1879602133934784,0.1948589410153715,0.1765411291887396,-0.0135551725283876,,,,
breast_EPIC_Italy,breast_pre_dx,breast_epic_GSE51057_GSE51032_HC,GSM1235851,hc,GSE51032,-1.1745476772527912,0.3213448296362738,0.60444327453581,-0.640699563463506,-0.3282933122780817,-0.0395105476111716,-0.1695698402435035,-0.213270730611843,,,,
breast_EPIC_Italy,breast_pre_dx,breast_epic_GSE51057_GSE51032_HC,GSM1235852,hc,GSE51032,-4.386966247119315,0.2329153614463303,0.0152466653337087,-0.547460568642246,0.2565948559727626,-0.3725631813214093,0.1196802810884698,0.1277367036538133,,,,
breast_EPIC_Italy,breast_pre_dx,breast_epic_GSE51057_GSE51032_HC,GSM1235854,hc,GSE51032,-1.763578496797218,-0.7014549766555119,0.8484515478244347,0.2624519089281757,0.0092437329437956,-0.1350680984686591,0.1484309282415923,0.1998381333057489,,,,
breast_EPIC_Italy,breast_pre_dx,breast_epic_GSE51057_GSE51032_HC,GSM1235862,hc,GSE51032,-3.326003479887285,2.05530360430737,0.6917742226795025,-0.6505226623328494,-0.0623605158483518,-0.2396672429449184,0.1458644920558126,0.0519901219906751,,,,
breast_EPIC_Italy,breast_pre_dx,breast_epic_GSE51057_GSE51032_HC,GSM1235866,hc,GSE51032,2.7249737969711427,-1.1791669604908717,0.3060081626706808,0.0920750274573019,-0.0712680696715978,0.3082892361644578,-0.0488976095695726,0.1522113683233926,,,,
breast_EPIC_Italy,breast_pre_dx,breast_epic_GSE51057_GSE51032_HC,GSM1235868,hc,GSE51032,-0.5788309211937539,4.1461583981994186e-05,-0.1794697826112737,0.5935115264959419,0.6336800305169419,0.0068645052190302,-0.3773634895442734,-0.1267494587941338,,,,
breast_EPIC_Italy,breast_pre_dx,breast_epic_GSE51057_GSE51032_HC,GSM1235869,hc,GSE51032,-0.2610809110211302,-0.0190227053495208,-0.1405621352795213,-0.5139865364978843,0.0268970239205293,-0.2175280196808719,0.0329271711637837,-0.0969814102365261,,,,
breast_EPIC_Italy,breast_pre_dx,breast_epic_GSE51057_GSE51032_HC,GSM1235871,hc,GSE51032,1.3179300465061925,-0.7204846642338522,-0.1203038310828317,0.43674794587366,0.2065491634231153,-0.0326232524739434,0.0669871229514863,-0.083212083330708,,,,
breast_EPIC_Italy,breast_pre_dx,breast_epic_GSE51057_GSE51032_HC,GSM1235872,hc,GSE51032,6.004509380015204,5.37120722466086,2.3368579392519333,1.223753491834631,-0.6831934667466206,-0.0074525055712124,-0.3739173013283116,-0.1550440849635227,,,,
breast_EPIC_Italy,breast_pre_dx,breast_epic_GSE51057_GSE51032_HC,GSM1235874,hc,GSE51032,0.500046894605102,-0.2047143133227848,0.1003371551476496,-0.4634825571474084,0.2963399426952809,-0.1204571572767405,0.0947505517512675,-0.0835252633616164,,,,
breast_EPIC_Italy,breast_pre_dx,breast_epic_GSE51057_GSE51032_HC,GSM1235875,hc,GSE51032,-1.0322493605635352,0.0381577069896914,1.2908073703811156,0.6795844654792904,0.3267913888202193,0.0332027838599263,-0.0331515387706884,0.028567111499469,,,,
breast_EPIC_Italy,breast_pre_dx,breast_epic_GSE51057_GSE51032_HC,GSM1235876,hc,GSE51032,0.0912270285283016,-1.2836002721152358,1.5717829430900263,-0.2578324405935487,-0.423872550886947,-0.0296679671663833,-0.0243610198927896,-0.0338281090381365,,,,
breast_EPIC_Italy,breast_pre_dx,breast_epic_GSE51057_GSE51032_HC,GSM1235877,hc,GSE51032,0.0921567236735047,-0.1121080538629739,-0.330223937232119,-0.2864617958993075,-0.1724458028052892,-0.1392955511958171,0.0171373159561521,0.3021552120367108,,,,
breast_EPIC_Italy,breast_pre_dx,breast_epic_GSE51057_GSE51032_HC,GSM1235878,hc,GSE51032,2.221451286199633,1.5818600387540502,-0.2170577078378765,0.3824093834198273,0.0554086872214856,0.1790647660608602,0.0394812310305588,0.0371273205273538,,,,
breast_EPIC_Italy,breast_pre_dx,breast_epic_GSE51057_GSE51032_HC,GSM1235879,hc,GSE51032,-3.694015594460154,0.0083900926223869,0.5649345323356574,-0.2581146567063888,-0.2677996952079142,-0.3142706893533216,-0.090069176671652,0.1848215926021837,,,,
breast_EPIC_Italy,breast_pre_dx,breast_epic_GSE51057_GSE51032_HC,GSM1235881,hc,GSE51032,-2.2164082549853115,-0.7627562865186419,0.647646857159487,0.7816424294151937,0.2270516360354119,0.4110429490951173,-0.1658689162280739,-0.0354255425592048,,,,
breast_EPIC_Italy,breast_pre_dx,breast_epic_GSE51057_GSE51032_HC,GSM1235883,hc,GSE51032,0.0811221353466127,-1.4900871672885798,0.2740758436865634,0.3962407123401664,0.291031534584624,-0.0254889219554932,-0.2167701276628665,0.0770005875503832,,,,
breast_EPIC_Italy,breast_pre_dx,breast_epic_GSE51057_GSE51032_HC,GSM1235885,hc,GSE51032,-0.0610369579583387,0.5884247207494216,-0.6966851018532804,0.6469995551995831,0.2209591837679002,-0.5554484086073361,0.0084721971676218,-0.0365817491983835,,,,
breast_EPIC_Italy,breast_pre_dx,breast_epic_GSE51057_GSE51032_HC,GSM1235886,hc,GSE51032,-3.2572942700825585,0.0869643497081844,0.2595350403187712,-1.0672601725348068,-0.0698209929893791,-0.6305120506639111,-0.2039896637873439,-0.3084487026902777,,,,
breast_EPIC_Italy,breast_pre_dx,breast_epic_GSE51057_GSE51032_HC,GSM1235887,hc,GSE51032,1.4230641181352717,-0.5931247840568032,0.1557385156884468,-0.1911529001137914,0.2066064490291694,0.507426613766815,0.1960469382434616,-0.1123548441483673,,,,
breast_EPIC_Italy,breast_pre_dx,breast_epic_GSE51057_GSE51032_HC,GSM1235888,hc,GSE51032,-3.1988683662036737,0.4338075185135009,-0.9061452539401276,-0.8673839101123534,-0.8521457904425281,-0.2341563301560671,-0.0958446974353461,0.0410713964178301,,,,
breast_EPIC_Italy,breast_pre_dx,breast_epic_GSE51057_GSE51032_HC,GSM1235891,hc,GSE51032,-3.230720067166432,-0.1250860059594971,-1.0076313134252215,0.79464612392534,0.2446518460842135,0.0365245444222835,0.1360920668771692,-0.1873463897481142,,,,
breast_EPIC_Italy,breast_pre_dx,breast_epic_GSE51057_GSE51032_HC,GSM1235893,hc,GSE51032,-1.4881280748675896,0.5322263183703749,0.3635939374338122,0.0852000711158376,-0.1301514045701981,-0.1238010603909831,0.1110835547830464,0.0377465364248618,,,,
breast_EPIC_Italy,breast_pre_dx,breast_epic_GSE51057_GSE51032_HC,GSM1235894,hc,GSE51032,0.3380626831117498,-0.5283179902860691,0.10853676952309,0.4498468632463213,0.0138637476957234,-0.0866429520137045,0.0273660902701759,0.132863717279304,,,,
breast_EPIC_Italy,breast_pre_dx,breast_epic_GSE51057_GSE51032_HC,GSM1235895,hc,GSE51032,1.945727256613768,3.761376106455989,-1.2585541915420233,0.5358657951760312,0.7161330418647383,0.3083398895186145,-0.0947219956994714,-0.2993474182546878,,,,
breast_EPIC_Italy,breast_pre_dx,breast_epic_GSE51057_GSE51032_HC,GSM1235897,hc,GSE51032,2.136987168852523,-0.944869981610715,0.6472204889120452,0.0308583141219339,0.3464990023084819,-0.0818525653100339,0.0749283185885297,-0.0698747951045479,,,,
breast_EPIC_Italy,breast_pre_dx,breast_epic_GSE51057_GSE51032_HC,GSM1235898,hc,GSE51032,-2.4986258620442814,0.4307317459678661,0.8218947782951038,0.1390367514481962,0.1897237684323071,0.5513872831524786,0.0217483117947356,-0.1788999569075767,,,,
breast_EPIC_Italy,breast_pre_dx,breast_epic_GSE51057_GSE51032_HC,GSM1235899,hc,GSE51032,-0.6026590094279348,1.1859880442774873,0.2719866988377591,0.1302208945107287,0.3783935430643194,-0.5172155491591298,0.0959067856415055,0.1757656774519952,,,,
breast_EPIC_Italy,breast_pre_dx,breast_epic_GSE51057_GSE51032_HC,GSM1235901,hc,GSE51032,3.897788975461349,0.103747377082334,-1.9086383201242072,-0.1476883642563085,-0.3403368292170768,-0.427110054258053,0.0830992476678458,-0.0167257940840913,,,,
breast_EPIC_Italy,breast_pre_dx,breast_epic_GSE51057_GSE51032_HC,GSM1235903,hc,GSE51032,2.996231683121652,-0.9643953326612122,-0.1666063797595793,-0.1134957867192845,-0.6055980834061301,0.0643978203175306,-0.1194971847187237,0.0638132981438387,,,,
breast_EPIC_Italy,breast_pre_dx,breast_epic_GSE51057_GSE51032_HC,GSM1235905,hc,GSE51032,1.1144434115894768,0.0703382531378601,-0.3594074525467964,0.0414180518955189,-0.1760863544192459,-0.2052019921277737,-0.1612616009927935,-0.0069459021026448,,,,
breast_EPIC_Italy,breast_pre_dx,breast_epic_GSE51057_GSE51032_HC,GSM1235906,hc,GSE51032,-2.189901227057984,-1.2599752378766522,-0.5071832981427843,0.7441976351553597,-0.3051384515846646,-0.1488824071579165,0.001835717327262,0.0255319773208069,,,,
breast_EPIC_Italy,breast_pre_dx,breast_epic_GSE51057_GSE51032_HC,GSM1235907,hc,GSE51032,-1.672146953582054,1.23232177778755,1.2042748755553654,-0.0998430712444137,-0.2084084153717584,-0.4596063181211415,-0.0837576295410162,0.0376694360558441,,,,
breast_EPIC_Italy,breast_pre_dx,breast_epic_GSE51057_GSE51032_HC,GSM1235910,hc,GSE51032,-2.225492344079642,1.295337629954584,0.0379113205878901,-0.4620575214550522,-0.3385859156544659,-0.3098107048942706,0.1272241848848658,0.2289922619082136,,,,
breast_EPIC_Italy,breast_pre_dx,breast_epic_GSE51057_GSE51032_HC,GSM1235911,hc,GSE51032,4.452501284141731,-1.1631443789703657,-0.572267019215062,0.0360322824115483,-0.0447635425221742,-0.1043952929112651,-0.1232529970751143,-0.0817855165886213,,,,
breast_EPIC_Italy,breast_pre_dx,breast_epic_GSE51057_GSE51032_HC,GSM1235913,hc,GSE51032,-0.6880514446619133,-0.3041148493622456,-0.0565203958051294,0.7788405897490671,0.6915741569186579,-0.0884650066315849,0.2972109068536401,-0.0044712721374967,,,,
breast_EPIC_Italy,breast_pre_dx,breast_epic_GSE51057_GSE51032_HC,GSM1235914,hc,GSE51032,1.341309314708996,0.2311849917440292,0.561954890153412,0.6408152981755125,0.5085303746927083,0.033164661793875,-0.0661801434677331,-0.0456079280439586,,,,
breast_EPIC_Italy,breast_pre_dx,breast_epic_GSE51057_GSE51032_HC,GSM1235917,hc,GSE51032,-1.377710592995786,-0.2129100341803838,1.0761209621880763,-0.7950015254041108,-0.3858202917321822,-0.4980142089024839,-0.2073459275387208,0.0892624936004621,,,,
breast_EPIC_Italy,breast_pre_dx,breast_epic_GSE51057_GSE51032_HC,GSM1235919,hc,GSE51032,1.4618037066181009,0.6616330408783353,0.1804178936026029,0.4913690716328892,0.0591382942116496,-0.1790162670361245,0.2668928834708041,-0.0909541467561337,,,,
breast_EPIC_Italy,breast_pre_dx,breast_epic_GSE51057_GSE51032_HC,GSM1235922,hc,GSE51032,2.788237457871289,-0.2989900473244691,0.2251420719638993,0.0609058807222059,0.3988124968464825,-0.8617993328104004,-0.1245701661943457,0.1197192591111496,,,,
breast_EPIC_Italy,breast_pre_dx,breast_epic_GSE51057_GSE51032_HC,GSM1235924,hc,GSE51032,0.2256333242157194,0.0468448310937455,0.4119917224833669,-0.3114130519121215,-0.3576110506813773,0.4520982506910579,0.0242474148511656,-0.0248398014651842,,,,
breast_EPIC_Italy,breast_pre_dx,breast_epic_GSE51057_GSE51032_HC,GSM1235928,hc,GSE51032,2.1415254795003293,1.3235633170599623,-0.1947773002242181,1.115642162960973,0.8580422658099186,0.0381769057525615,-0.3063324893568352,0.0500829202904206,,,,
breast_EPIC_Italy,breast_pre_dx,breast_epic_GSE51057_GSE51032_HC,GSM1235929,hc,GSE51032,2.387021422217893,-1.0864717105647097,1.4197991571057107,0.1005553620928621,-0.0652151614080104,0.1261277980693218,0.1096335702089835,0.0138312172291405,,,,
breast_EPIC_Italy,breast_pre_dx,breast_epic_GSE51057_GSE51032_HC,GSM1235937,hc,GSE51032,-0.1067668375347453,1.77614158241791,-0.2881913690828194,-0.4117143244788557,-0.0181830888838205,-0.0374079157221368,0.1220038171106917,0.1880352843648765,,,,
breast_EPIC_Italy,breast_pre_dx,breast_epic_GSE51057_GSE51032_HC,GSM1235940,hc,GSE51032,-2.0711763569311934,0.6299445896209177,0.307634688215088,-0.1147235882700975,0.7214709049226783,-0.129023301276924,0.2099987173467525,-0.048686650815886,,,,
breast_EPIC_Italy,breast_pre_dx,breast_epic_GSE51057_GSE51032_HC,GSM1235941,hc,GSE51032,1.0785951507752871,-0.1828530285793447,-0.3420840750263427,0.0291854313309389,-0.0808973773594626,0.1726805959006948,0.0455275127061587,-0.0998163528642856,,,,
breast_EPIC_Italy,breast_pre_dx,breast_epic_GSE51057_GSE51032_HC,GSM1235942,hc,GSE51032,-3.211474917067156,-0.9209633239612584,0.8151656428494641,-0.0289785346343963,0.0372458742384904,-0.1209258693726775,-0.0467736105632008,0.0740688746377911,,,,
breast_EPIC_Italy,breast_pre_dx,breast_epic_GSE51057_GSE51032_HC,GSM1235944,hc,GSE51032,-2.273946458204428,-0.0348389536748598,-0.1550846784912427,-0.3477493742078489,-0.2970665343889409,0.016772896774193,0.3185800007326206,0.0598687976356519,,,,
breast_EPIC_Italy,breast_pre_dx,breast_epic_GSE51057_GSE51032_HC,GSM1235945,hc,GSE51032,-3.964093728418984,-0.8217603068739484,1.381603526677063,-0.3366217530437796,-0.8582821853382927,0.140106834729025,-0.0369246785876815,0.1305076816981822,,,,
breast_EPIC_Italy,breast_pre_dx,breast_epic_GSE51057_GSE51032_HC,GSM1235946,hc,GSE51032,-2.506510037845672,0.6637566426780269,-0.0596154453520258,-0.6396701815071698,-0.5278709296269427,0.1886815195349192,-0.4027288903680806,0.0129173093348087,,,,
breast_EPIC_Italy,breast_pre_dx,breast_epic_GSE51057_GSE51032_HC,GSM1235947,hc,GSE51032,3.0957122513736484,-0.5564979217052042,-0.4249420368469243,-0.2319868758088569,0.402008814914855,0.2618318294481709,-0.1283995042904019,0.2059930856187225,,,,
breast_EPIC_Italy,breast_pre_dx,breast_epic_GSE51057_GSE51032_HC,GSM1235949,hc,GSE51032,1.6040940350751614,-0.2933253076794649,0.6038981833838923,-0.7578071327638038,0.401927093488694,0.17786601117397,0.0731503620765063,-0.1397958373399976,,,,
breast_EPIC_Italy,breast_pre_dx,breast_epic_GSE51057_GSE51032_HC,GSM1235950,hc,GSE51032,0.2790467717698986,-0.7107668202856551,0.916944735547364,0.5205170016715681,0.5321164443003163,0.0720805610378425,-0.3643125892789502,-0.1265387196023483,,,,
breast_EPIC_Italy,breast_pre_dx,breast_epic_GSE51057_GSE51032_HC,GSM1235952,hc,GSE51032,0.8459847121056605,0.5421771464174316,0.0348910835460265,0.7283982574660972,0.3302273637039473,-0.1668764919339103,-0.1314336775886878,0.007726746928764,,,,
breast_EPIC_Italy,breast_pre_dx,breast_epic_GSE51057_GSE51032_HC,GSM1235953,hc,GSE51032,-2.1434587761428343,-0.6471784110384987,0.019692870680068,0.2694948426955767,0.5453156564425101,-0.6204332143910747,0.0632076238431945,-0.1789200810596353,,,,
breast_EPIC_Italy,breast_pre_dx,breast_epic_GSE51057_GSE51032_HC,GSM1235955,hc,GSE51032,1.61786998083584,-0.4461978495121411,-0.253895833643857,0.7360975260436488,0.3745577401211133,-0.2370872196187242,-0.1152349444508647,0.2611257829136168,,,,
breast_EPIC_Italy,breast_pre_dx,breast_epic_GSE51057_GSE51032_HC,GSM1235956,hc,GSE51032,-0.6290097750223218,-0.4108511042964423,0.221650680489566,-0.2317156522866622,-0.6230557633791618,-0.2374956448448262,-0.0167329673712466,0.0880639727159188,,,,
breast_EPIC_Italy,breast_pre_dx,breast_epic_GSE51057_GSE51032_HC,GSM1235957,hc,GSE51032,-0.732388522290993,-0.4266797611486305,-0.0690636703095125,-0.3147460779615273,-0.0989006951796011,0.1439031246509043,-0.2306955465302674,-0.0088169402948374,,,,
breast_EPIC_Italy,breast_pre_dx,breast_epic_GSE51057_GSE51032_HC,GSM1235961,hc,GSE51032,-3.0940726077386587,1.1114193484515054,0.14802189120061,0.817108908662781,0.4517063394604866,-0.2242308072002983,0.0350920107698396,-0.0336478827520297,,,,
breast_EPIC_Italy,breast_pre_dx,breast_epic_GSE51057_GSE51032_HC,GSM1235962,hc,GSE51032,-0.7740263700521549,0.2904983093321915,1.2234799397185423,0.6385894317992187,0.3821343473808788,0.6052966454358945,0.0932821134553307,0.091666462452536,,,,
breast_EPIC_Italy,breast_pre_dx,breast_epic_GSE51057_GSE51032_HC,GSM1235963,hc,GSE51032,0.3059520053637354,-0.9933588881085426,-0.308590229528554,-0.5666106624414616,-0.2813820554501036,0.1559488352829346,0.2945465367511297,-0.0486952236878336,,,,
breast_EPIC_Italy,breast_pre_dx,breast_epic_GSE51057_GSE51032_HC,GSM1235964,hc,GSE51032,-2.5132207346216684,-0.4459508132400498,0.4991705309242783,0.6653168141799638,-0.3468791144431493,-0.1791179673530958,0.0933460561916496,0.0855648383779327,,,,
breast_EPIC_Italy,breast_pre_dx,breast_epic_GSE51057_GSE51032_HC,GSM1235965,hc,GSE51032,-3.859986926463418,-0.8802230074607316,1.5218817182094662,0.1693991782490562,-0.0708115450307628,0.1014703092262646,-0.0932038254791217,-0.0424312575114943,,,,
breast_EPIC_Italy,breast_pre_dx,breast_epic_GSE51057_GSE51032_HC,GSM1235969,hc,GSE51032,-3.397562544717815,-0.0417146648928654,-0.0514064379402019,0.3155614789330166,0.5161514981702853,-0.4298032651030034,-0.0314718161536913,0.2082429499941568,,,,
breast_EPIC_Italy,breast_pre_dx,breast_epic_GSE51057_GSE51032_HC,GSM1235975,hc,GSE51032,-0.6516552648713229,1.3788593432728382,0.5914194185843662,-0.1147809605817457,0.2048655921653693,-0.4429825665389253,0.0935318955542763,0.0535344489487042,,,,
breast_EPIC_Italy,breast_pre_dx,breast_epic_GSE51057_GSE51032_HC,GSM1235977,hc,GSE51032,1.4584554287655265,-0.4043001766599666,0.4115144621571993,-0.2875984885014407,-0.2713754061629139,0.1456829934992771,-0.092003835038321,-0.1117354254482666,,,,
breast_EPIC_Italy,breast_pre_dx,breast_epic_GSE51057_GSE51032_HC,GSM1235978,hc,GSE51032,0.631106518920117,0.0069402739762221,0.0232803391291446,-0.6178928276916738,0.349397971856594,0.0788464929249007,0.0673333701412874,-0.2094163906018246,,,,
breast_EPIC_Italy,breast_pre_dx,breast_epic_GSE51057_GSE51032_HC,GSM1235979,hc,GSE51032,-6.960491593988067,1.4934502105265364,-0.8123655852390766,-0.8696360556270244,1.0728370632096218,0.3810003516226507,0.194385365815246,-0.2181141446143925,,,,
breast_EPIC_Italy,breast_pre_dx,breast_epic_GSE51057_GSE51032_HC,GSM1235980,hc,GSE51032,-1.276486799541033,-0.0246042429773616,0.1591325879545389,-0.072441006564196,-0.1236296928497122,-0.1413199652684672,-0.0687005242474507,-0.0820246640511511,,,,
breast_EPIC_Italy,breast_pre_dx,breast_epic_GSE51057_GSE51032_HC,GSM1235981,hc,GSE51032,6.121427932152451,-0.7620958924151634,-0.0150573809646543,-0.6279229029009583,-0.6283678210869961,0.1461417028610769,-0.2277452140078792,-0.0269920236106499,,,,
breast_EPIC_Italy,breast_pre_dx,breast_epic_GSE51057_GSE51032_HC,GSM1235982,hc,GSE51032,-1.6037438012691425,0.2789454037393699,0.7696132074165204,-0.3528271117670667,-0.3783567622484055,-0.1373856391386315,0.1721460016311498,-0.1406923375679203,,,,
breast_EPIC_Italy,breast_pre_dx,breast_epic_GSE51057_GSE51032_HC,GSM1235984,hc,GSE51032,3.4769092614480948,0.5059646581763343,0.3435824155554893,-1.885451143795148,0.0128491587499985,-0.3661959045276248,0.0270089241970044,-0.1614101249607975,,,,
breast_EPIC_Italy,breast_pre_dx,breast_epic_GSE51057_GSE51032_HC,GSM1235988,hc,GSE51032,0.6207052336327092,-0.4711570205445215,-0.1161736011692576,-0.5866803132799844,0.167314801195115,0.1460700091877875,0.2920243429333573,-0.3396528520677171,,,,
breast_EPIC_Italy,breast_pre_dx,breast_epic_GSE51057_GSE51032_HC,GSM1235990,hc,GSE51032,0.8882016752071347,0.0702452768907136,-1.2344327998534153,0.0351417324375855,-0.7766036087022873,-0.2040312485613428,0.0187204707250652,0.1898454933285338,,,,
breast_EPIC_Italy,breast_pre_dx,breast_epic_GSE51057_GSE51032_HC,GSM1235995,hc,GSE51032,-1.4440443586349323,1.6414619345684824,0.1400396613548052,-0.0608415173434066,0.3431387884577614,-0.1443035475524977,-0.0344251963748658,0.1216758083886291,,,,
breast_EPIC_Italy,breast_pre_dx,breast_epic_GSE51057_GSE51032_HC,GSM1235997,hc,GSE51032,-2.681366759962569,0.0317583715726121,0.7011679456987487,-0.2801487664661646,-0.4182483051573137,0.0612413354356787,-0.0403172602450766,0.0492333087936465,,,,
breast_EPIC_Italy,breast_pre_dx,breast_epic_GSE51057_GSE51032_HC,GSM1235999,hc,GSE51032,-1.6289084012098225,-0.4193804206862073,-0.049789102331123,0.2179880094687405,0.0635977854221262,0.6522254715056158,-0.4255062912397551,-0.0362439008989385,,,,
breast_EPIC_Italy,breast_pre_dx,breast_epic_GSE51057_GSE51032_HC,GSM1236000,hc,GSE51032,1.4012259498856146,1.1897424843335789,0.4643096913806681,0.400573606943196,0.2837843757407751,-0.1723319080425481,0.1414518927352691,-0.1085661457846528,,,,
breast_EPIC_Italy,breast_pre_dx,breast_epic_GSE51057_GSE51032_HC,GSM1236002,hc,GSE51032,-3.4224056076603557,1.2473942540040068,0.3512205937312701,-1.0457062664931434,0.0374334070796808,0.0468822475935218,-0.0144779149820805,0.0786762283206623,,,,
breast_EPIC_Italy,breast_pre_dx,breast_epic_GSE51057_GSE51032_HC,GSM1236004,hc,GSE51032,3.918411063031844,-0.4061257795818125,-0.1997261957198838,-0.0884030766425995,0.0213608030420221,-0.0887214291679468,0.0401076395988721,-0.1364543232838109,,,,
breast_EPIC_Italy,breast_pre_dx,breast_epic_GSE51057_GSE51032_HC,GSM1236007,hc,GSE51032,-2.846813054475541,-0.8982448695438647,1.191341848477519,-0.239804601038746,0.1187397917316648,-0.1516037244204472,-0.4238751365247345,-0.1631238209031972,,,,
breast_EPIC_Italy,breast_pre_dx,breast_epic_GSE51057_GSE51032_HC,GSM1236009,hc,GSE51032,0.4315058087250978,-0.3888761730659694,0.706701362376388,-0.5049383625850111,0.9101696480478636,0.4356843983453026,-0.2010100465377967,0.0494688116263492,,,,
breast_EPIC_Italy,breast_pre_dx,breast_epic_GSE51057_GSE51032_HC,GSM1236010,hc,GSE51032,1.1710797096220775,0.8927739147036164,-0.4909337030833154,0.3642876216019484,0.6046752311058526,-0.250781083929021,0.1251499681001606,-0.0006141300746714,,,,
breast_EPIC_Italy,breast_pre_dx,breast_epic_GSE51057_GSE51032_HC,GSM1236013,hc,GSE51032,2.8790330524543184,-0.8295036873166715,0.3250678883968144,-0.4966358583360387,0.207865583146919,-0.3531698135968132,0.0181128663660645,0.0081159657639669,,,,
breast_EPIC_Italy,breast_pre_dx,breast_epic_GSE51057_GSE51032_HC,GSM1236015,hc,GSE51032,-0.9437843732279912,-0.1415976206059085,0.0679024172552538,0.3778846997086583,-0.6582419088150615,0.7294366838146645,0.0269458608207761,0.0902104443159299,,,,
breast_EPIC_Italy,breast_pre_dx,breast_epic_GSE51057_GSE51032_HC,GSM1236016,hc,GSE51032,6.542864899735454,-0.0661185874902065,-0.3687863146728696,-1.1866898190028468,0.6251317818663229,-0.2642622703173309,-0.0581255314605829,-0.1748804431142732,,,,
breast_EPIC_Italy,breast_pre_dx,breast_epic_GSE51057_GSE51032_HC,GSM1236018,hc,GSE51032,3.8706804711424287,0.2989859170552291,-0.5337143620617364,-0.8017677941609542,0.5296329473731441,-0.1232038854980316,-0.2744299590204228,-0.1287712741273044,,,,
breast_EPIC_Italy,breast_pre_dx,breast_epic_GSE51057_GSE51032_HC,GSM1236025,hc,GSE51032,-0.5176012475717188,1.1130427731420935,0.8477657984708391,-0.5941270522355159,0.0346847476778531,-0.2056671249033267,0.2853912760458221,-0.0523017814356607,,,,
breast_EPIC_Italy,breast_pre_dx,breast_epic_GSE51057_GSE51032_HC,GSM1236026,hc,GSE51032,-2.8538387951928663,0.0932777435375224,0.5819016443027352,-0.3690476379318689,-0.0093744352491539,0.0272998956420625,-0.2403349668941068,0.0798939723295711,,,,
breast_EPIC_Italy,breast_pre_dx,breast_epic_GSE51057_GSE51032_HC,GSM1236029,hc,GSE51032,0.3439933113163889,-0.2844935493431683,-0.8921144305553754,-0.0392108008063661,0.7036435663129125,-0.0710098735110707,0.0883922679781931,0.2609294972522188,,,,
breast_EPIC_Italy,breast_pre_dx,breast_epic_GSE51057_GSE51032_HC,GSM1236031,hc,GSE51032,-1.0820798857696767,0.2254569113075704,0.9308807201001524,-0.7010982432885424,0.0248078914271227,-0.0873225756006512,-0.419714077750022,0.0474450670247393,,,,
breast_EPIC_Italy,breast_pre_dx,breast_epic_GSE51057_GSE51032_HC,GSM1236032,hc,GSE51032,1.7827265053498094,-0.463296845032593,0.6992182744615532,-1.2621350063844456,0.4231464909692575,-0.0125201949424568,0.0290948603293805,0.0218493740023259,,,,
breast_EPIC_Italy,breast_pre_dx,breast_epic_GSE51057_GSE51032_HC,GSM1236035,hc,GSE51032,-0.3780194698275673,0.4727766276851802,-0.5203954422282406,-0.2792873659578942,0.4126212772351095,-0.0525476706052474,-0.0244148751957883,-0.0705009142143395,,,,
breast_EPIC_Italy,breast_pre_dx,breast_epic_GSE51057_GSE51032_HC,GSM1236037,hc,GSE51032,3.93629097028996,4.662010540923946,1.939604113366769,0.2267226465537264,-1.3331303855965997,-0.354384787165173,0.171074613480164,-0.4246094039118743,,,,
breast_EPIC_Italy,breast_pre_dx,breast_epic_GSE51057_GSE51032_HC,GSM1236038,hc,GSE51032,-3.955079313239074,-0.5503720088297562,0.5926593870690164,0.8635909384861634,0.3072808646931554,-0.3471974059686036,0.0571751596397346,0.0624613413123234,,,,
breast_EPIC_Italy,breast_pre_dx,breast_epic_GSE51057_GSE51032_HC,GSM1236040,hc,GSE51032,-2.046664027192065,-0.5986094875304412,0.3411781723096458,0.6978520278449959,0.4107906124092567,0.0814372132045608,0.1971231308634337,0.2291143519774775,,,,
breast_EPIC_Italy,breast_pre_dx,breast_epic_GSE51057_GSE51032_HC,GSM1236043,hc,GSE51032,0.6872388198125795,0.0180052802360401,-0.3959192798300935,0.8945892805507927,0.0591182352550016,0.0057825686811078,0.1113774530367039,-0.0250222365630831,,,,
breast_EPIC_Italy,breast_pre_dx,breast_epic_GSE51057_GSE51032_HC,GSM1236044,hc,GSE51032,-3.2574759968740032,0.4283955379034279,-0.3803393016824377,0.8606675265016352,-0.4897873778300967,-0.302051221109579,-0.1419961572423524,0.0037642654432029,,,,
breast_EPIC_Italy,breast_pre_dx,breast_epic_GSE51057_GSE51032_HC,GSM1236046,hc,GSE51032,0.86851747269146,-1.0906034520573744,0.2434317938309683,-0.4387587811949769,-0.188392830945521,-0.1577705992168676,-0.0167838712158606,-0.1980306944396377,,,,
breast_EPIC_Italy,breast_pre_dx,breast_epic_GSE51057_GSE51032_HC,GSM1236048,hc,GSE51032,0.8322196827133248,0.4562527405372885,0.2837748511909326,0.2453476076962361,0.6995287142160456,-0.0176091987779117,0.1373846444222932,0.1084538048587215,,,,
breast_EPIC_Italy,breast_pre_dx,breast_epic_GSE51057_GSE51032_HC,GSM1236050,hc,GSE51032,-1.3435973952959002,-0.7056318723111416,-0.0134570585366649,0.4518259657109317,-1.068560337789369,-0.4680665052291274,-0.2494457317162772,0.0351738930278758,,,,
breast_EPIC_Italy,breast_pre_dx,breast_epic_GSE51057_GSE51032_HC,GSM1236052,hc,GSE51032,-0.3333159141989029,0.5819947371589274,1.465873746558355,-0.3153700964060273,-0.0551451365902851,0.4689061897638662,0.2161562234167066,0.0429133848403421,,,,
breast_EPIC_Italy,breast_pre_dx,breast_epic_GSE51057_GSE51032_HC,GSM1236053,hc,GSE51032,1.3089205186122528,0.8238903723973103,-0.5450252041580067,-0.7858313329507467,0.2277248370958858,-0.2023386177649875,0.070942206607792,-0.0381086601763812,,,,
breast_EPIC_Italy,breast_pre_dx,breast_epic_GSE51057_GSE51032_HC,GSM1236054,hc,GSE51032,-1.2425605278286302,-0.7037998433057348,0.2588789499306644,0.2877256067930573,-0.0103581845793011,0.2610258661529567,-0.0463686714738689,0.1755124079161562,,,,
breast_EPIC_Italy,breast_pre_dx,breast_epic_GSE51057_GSE51032_HC,GSM1236055,hc,GSE51032,4.449212658249796,0.2768459944548505,-0.1023080533711378,0.0730699804981582,-0.2935404389754468,0.2662862643161549,0.2104370796467111,0.0109794362195521,,,,
breast_EPIC_Italy,breast_pre_dx,breast_epic_GSE51057_GSE51032_HC,GSM1236056,hc,GSE51032,1.2398725598097455,7.413168269410431,0.9796140112991624,-0.4564124667603625,0.0383835633711102,-0.5047280341722811,0.2784898308292113,-0.0651208268364595,,,,
breast_EPIC_Italy,breast_pre_dx,breast_epic_GSE51057_GSE51032_HC,GSM1236058,hc,GSE51032,-0.1757904065646013,0.2600599798827079,-0.7187382192848658,0.3057801612049555,0.2662875865294144,-0.5614905500575889,-0.1886156440828773,-0.0229130350320035,,,,
breast_EPIC_Italy,breast_pre_dx,breast_epic_GSE51057_GSE51032_HC,GSM1236059,hc,GSE51032,-1.5928712233278162,1.838920555877533,0.4150688902013991,0.0330585754757556,-0.0640207660299737,0.0970014604054423,0.3123717212853605,-0.1365560404527663,,,,
breast_EPIC_Italy,breast_pre_dx,breast_epic_GSE51057_GSE51032_HC,GSM1236060,hc,GSE51032,2.439803419808116,-0.9381272461760324,0.0333671178785951,0.2011044834253048,-0.6754496582268109,-0.2836591019858722,0.08177314647904,-0.0505335300294032,,,,
breast_EPIC_Italy,breast_pre_dx,breast_epic_GSE51057_GSE51032_HC,GSM1236061,hc,GSE51032,-1.208661411647611,-0.2639986882643835,1.8060136461541805,0.5530583018606824,-0.5962755676855503,-0.3165829267402275,0.0508130091273542,0.0456457473344775,,,,
breast_EPIC_Italy,breast_pre_dx,breast_epic_GSE51057_GSE51032_HC,GSM1236063,hc,GSE51032,-3.601372171698468,0.6299118703244039,0.6321733435930994,-0.9905608944990952,0.2011687370238178,-0.1125476842140522,-0.2034323203761429,0.1185718758423383,,,,
breast_EPIC_Italy,breast_pre_dx,breast_epic_GSE51057_GSE51032_HC,GSM1236065,hc,GSE51032,1.9427852160747523,-0.7789324268771727,0.3465542887430427,0.0139938184769884,-0.4042667783730189,0.0747138105477826,-0.068771941478376,-0.0009274798464707,,,,
breast_EPIC_Italy,breast_pre_dx,breast_epic_GSE51057_GSE51032_HC,GSM1236066,hc,GSE51032,2.2803140372141684,-0.3726912175045125,0.0175911880644014,0.0690484682609016,0.4025126006843604,-0.0945870219987726,0.0175596955370315,-0.090712222954034,,,,
breast_EPIC_Italy,breast_pre_dx,breast_epic_GSE51057_GSE51032_HC,GSM1236067,hc,GSE51032,-0.247195033984606,-0.3526213004796403,0.1590050835792458,1.177821971279491,-0.3986164801057356,0.3880233923053723,0.1711860942327184,0.0989181564538888,,,,
breast_EPIC_Italy,breast_pre_dx,breast_epic_GSE51057_GSE51032_HC,GSM1236069,hc,GSE51032,-1.9336186783469256,0.8169497003320402,-0.357469173640863,0.410536260253655,0.2353777229837156,-0.3252921727969916,-0.0282246159331402,0.0138204873814831,,,,
breast_EPIC_Italy,breast_pre_dx,breast_epic_GSE51057_GSE51032_HC,GSM1236071,hc,GSE51032,1.0587698811879949,0.8520888070825804,-0.3000850824041472,0.4264488992311647,0.0387516070820841,0.0407736565551582,-0.0625623482629605,0.0501183850513693,,,,
breast_EPIC_Italy,breast_pre_dx,breast_epic_GSE51057_GSE51032_HC,GSM1236074,hc,GSE51032,4.423865373789866,-0.0218959163564104,-0.8347536833016558,-0.114993082759355,0.3512240239567342,-0.2909718764889629,0.0826255819267069,0.0209542404001856,,,,
breast_EPIC_Italy,breast_pre_dx,breast_epic_GSE51057_GSE51032_HC,GSM1236077,hc,GSE51032,4.738857258327184,4.026580421392122,1.9330334971094296,1.0744423831084875,-0.975351640388759,0.2710673492854272,-0.0281573184548927,-0.3657782294617439,,,,
breast_EPIC_Italy,breast_pre_dx,breast_epic_GSE51057_GSE51032_HC,GSM1236083,hc,GSE51032,-0.3438927627978853,0.0924271071179544,0.5013033616471965,0.0798362891674995,0.1862059769830505,-0.1429071219199289,0.0726044233945965,0.0368905019828625,,,,
breast_EPIC_Italy,breast_pre_dx,breast_epic_GSE51057_GSE51032_HC,GSM1236084,hc,GSE51032,-0.7028150241656782,0.3248528812086823,0.9056186175840668,-0.5421627694475795,0.4773983686306952,0.3211161513144005,-0.071716720712993,0.1031619608831136,,,,
breast_EPIC_Italy,breast_pre_dx,breast_epic_GSE51057_GSE51032_HC,GSM1236086,hc,GSE51032,0.3409544448484499,0.417906574385366,0.3169027334516646,-0.768961937140889,0.134127304239339,-0.0039075140684987,0.0538944954059739,0.0489350754598164,,,,
breast_EPIC_Italy,breast_pre_dx,breast_epic_GSE51057_GSE51032_HC,GSM1236087,hc,GSE51032,-5.471148262123199,1.598562651363524,0.1599062496092246,-0.4105173419047843,0.2211590164071508,-0.5046859965911689,0.1211952065058698,0.1701983969419583,,,,
breast_EPIC_Italy,breast_pre_dx,breast_epic_GSE51057_GSE51032_HC,GSM1236088,hc,GSE51032,2.517327333767596,4.261296152579237,0.9111985608923652,-0.336931050266158,0.071689210128048,0.2269225297290625,0.428674123244695,-0.1253402596008738,,,,
breast_EPIC_Italy,breast_pre_dx,breast_epic_GSE51057_GSE51032_HC,GSM1236089,hc,GSE51032,0.7535237134027699,0.6527016446680646,-0.1981256763802932,0.6754862725380868,0.0427225437637436,-0.3349306568949428,0.0915311861141739,-0.0855545901095812,,,,
breast_EPIC_Italy,breast_pre_dx,breast_epic_GSE51057_GSE51032_HC,GSM1236091,hc,GSE51032,-0.0211481137541708,-0.8012163864294699,1.9039603594791528,-0.3874412012278364,-0.5768057177300945,0.1053192991708097,-0.1035466271627008,0.0967577910101892,,,,
breast_EPIC_Italy,breast_pre_dx,breast_epic_GSE51057_GSE51032_HC,GSM1236092,hc,GSE51032,0.5248735016867626,-0.216655688874984,0.7359459860243971,-0.1408289880995583,-0.2229086120767913,-0.3883477826228527,-0.1149950923995459,0.190585630824164,,,,
breast_EPIC_Italy,breast_pre_dx,breast_epic_GSE51057_GSE51032_HC,GSM1236094,hc,GSE51032,5.727783741603543,4.6261628418974725,0.8146534194983256,0.6719785238651247,-0.048992877071415,0.6561399551349294,-0.2750239560994471,0.0273974828880828,,,,
breast_EPIC_Italy,breast_pre_dx,breast_epic_GSE51057_GSE51032_HC,GSM1236097,hc,GSE51032,-0.2300577206807333,0.7515434684412665,0.5833213928350869,0.4682031247780672,-0.2929326621571172,-0.2042763662240817,0.1871878601643672,-0.0527366422662238,,,,
breast_EPIC_Italy,breast_pre_dx,breast_epic_GSE51057_GSE51032_HC,GSM1236098,hc,GSE51032,-4.673892194804099,0.0499589065717505,0.3835747697375243,-0.3113772854532661,-0.3406210139390603,-0.1884936212932296,-0.045109811953416,-0.0026426956412149,,,,
breast_EPIC_Italy,breast_pre_dx,breast_epic_GSE51057_GSE51032_HC,GSM1236102,hc,GSE51032,-2.6573424655140485,1.6860317860258522,-0.8936407344130923,-0.8771406244429969,0.7250522943915373,-0.197013715416265,-0.2426441792197373,0.0543013449008742,,,,
breast_EPIC_Italy,breast_pre_dx,breast_epic_GSE51057_GSE51032_HC,GSM1236107,hc,GSE51032,2.027740501693591,-0.8292827560214697,0.7863759515535083,0.3838049602373783,0.3998605823422888,0.2159684500135557,-0.1962230544003304,0.1288831705759656,,,,
breast_EPIC_Italy,breast_pre_dx,breast_epic_GSE51057_GSE51032_HC,GSM1236108,hc,GSE51032,0.3876406683577283,-0.1037638982932121,-0.5830682123511195,-0.2007324804088623,-0.4135401685643065,0.0660928199769601,-0.2281047015016365,0.1890369639260865,,,,
breast_EPIC_Italy,breast_pre_dx,breast_epic_GSE51057_GSE51032_HC,GSM1236109,hc,GSE51032,0.2950664085772878,-0.5284850734646664,-0.038568098072022,0.2399004641661312,0.2278051223131952,0.0308315693396757,0.2672874889229639,-0.051878814773873,,,,
breast_EPIC_Italy,breast_pre_dx,breast_epic_GSE51057_GSE51032_HC,GSM1236110,hc,GSE51032,-0.1053246570074147,-0.8947135710828382,0.7681583918555684,-0.3242545457599802,0.3530008527415706,0.2062170953258323,0.1836414149054356,0.0041771038841456,,,,
breast_EPIC_Italy,breast_pre_dx,breast_epic_GSE51057_GSE51032_HC,GSM1236111,hc,GSE51032,-0.6584012766325898,0.3777615094895609,1.2869555552806906,0.5714371711199256,0.1367397283862303,0.4835267556492565,-0.1485365035421321,0.0144950047758307,,,,
breast_EPIC_Italy,breast_pre_dx,breast_epic_GSE51057_GSE51032_HC,GSM1236112,hc,GSE51032,0.2005270454843635,-0.48704653384419,0.4765593006341787,-0.9688623483819137,0.4211590478220697,-0.1048464849560011,0.0446113147897739,-0.1984209602707971,,,,
breast_EPIC_Italy,breast_pre_dx,breast_epic_GSE51057_GSE51032_HC,GSM1236113,hc,GSE51032,-1.1663524359416455,-0.8279285482456654,0.0003922026642381,0.2829364355211598,0.4681837497356086,0.2771937823147156,0.0075307502165661,-0.0560394002240555,,,,
breast_EPIC_Italy,breast_pre_dx,breast_epic_GSE51057_GSE51032_HC,GSM1236115,hc,GSE51032,2.700868030634444,-0.7620086887551375,-1.2468648022182762,0.5346728555773702,-0.1857283812218018,-0.0618884351433486,0.1666921807417102,0.1849153459636821,,,,
breast_EPIC_Italy,breast_pre_dx,breast_epic_GSE51057_GSE51032_HC,GSM1236116,hc,GSE51032,2.4778712609484743,2.14188111373873,-1.3428868790278754,0.920664531615272,-0.6387941607251927,0.2009979223453029,0.1626147637843529,-0.4187393580294656,,,,
breast_EPIC_Italy,breast_pre_dx,breast_epic_GSE51057_GSE51032_HC,GSM1236118,hc,GSE51032,-1.7467885935046294,1.048460789655496,0.0883938743702343,-1.4379073969762046,-0.802783167935553,-0.1669622064058015,-0.0777049691998679,0.094925685030079,,,,
breast_EPIC_Italy,breast_pre_dx,breast_epic_GSE51057_GSE51032_HC,GSM1236119,hc,GSE51032,0.9893084365367004,-0.9637383685016192,0.587321176806075,-0.2209407767716044,0.1563462139868283,-0.443602294019669,0.169771585354305,-0.1267075453448482,,,,
breast_EPIC_Italy,breast_pre_dx,breast_epic_GSE51057_GSE51032_HC,GSM1236121,hc,GSE51032,-4.649512165000379,-0.0755713647225502,-0.1863551706617067,-0.2052963072099023,-0.3704399480733264,0.002400845594482,-0.13171368672915,0.0299096413799339,,,,
breast_EPIC_Italy,breast_pre_dx,breast_epic_GSE51057_GSE51032_HC,GSM1236122,hc,GSE51032,-1.666863856005332,1.3116957428096852,0.3230059457866009,-0.2903657419749061,0.028961408226954,0.4133526068839286,-0.1367725969135324,-0.1409594062759473,,,,
breast_EPIC_Italy,breast_pre_dx,breast_epic_GSE51057_GSE51032_HC,GSM1236123,hc,GSE51032,-0.4600240796361126,-0.0992497046571595,-0.4349183687757609,0.6278438071334734,-0.3113364462215502,0.1815229760528379,-0.1114420380373849,0.2648779920093537,,,,
breast_EPIC_Italy,breast_pre_dx,breast_epic_GSE51057_GSE51032_HC,GSM1236124,hc,GSE51032,-1.4142641038949215,1.2833059976654806,-2.397265392057163,0.7550094541130208,0.5458954580553627,-0.2952667912582758,0.0388808397315396,-0.1718132480216568,,,,
breast_EPIC_Italy,breast_pre_dx,breast_epic_GSE51057_GSE51032_HC,GSM1236126,hc,GSE51032,-6.993222641975394,-1.2280697672698324,1.8989444947336689,-0.1359160469239748,-0.3589131650359858,-0.733505034409639,-0.1968806159040878,-0.1203070130809976,,,,
breast_EPIC_Italy,breast_pre_dx,breast_epic_GSE51057_GSE51032_HC,GSM1236131,hc,GSE51032,0.2458053717710138,-0.4847830621676831,0.3782782908125428,0.3351769209006576,-0.1445063252408513,-0.268094447374008,0.1102679443053703,-0.2238674411896924,,,,
breast_EPIC_Italy,breast_pre_dx,breast_epic_GSE51057_GSE51032_HC,GSM1236135,hc,GSE51032,1.4384256038280163,0.0683277780033785,-0.609895153915002,0.4596362434664056,0.1787384182850239,0.0368775264325849,0.0112189467305497,-0.0150369599124038,,,,
breast_EPIC_Italy,breast_pre_dx,breast_epic_GSE51057_GSE51032_HC,GSM1236136,hc,GSE51032,-0.7769995711513983,0.224794587794731,0.0271019930602303,-0.5989202504932493,0.1489034298359715,0.3491423790475466,0.2122627884494655,0.0406397486835433,,,,
breast_EPIC_Italy,breast_pre_dx,breast_epic_GSE51057_GSE51032_HC,GSM1236138,hc,GSE51032,-3.97149582738726,0.1708145662368419,0.8127422134955017,-0.2544824004494401,-0.0332288950166475,-0.130528946970778,-0.0955309260740949,-0.0754245335777546,,,,
breast_EPIC_Italy,breast_pre_dx,breast_epic_GSE51057_GSE51032_HC,GSM1236142,hc,GSE51032,-4.848971937817384,-0.2539490182416198,-0.2954921869468263,-0.453415646414711,0.1041146339694154,0.1598798798033446,0.3127387713386099,-0.401088160608983,,,,
breast_EPIC_Italy,breast_pre_dx,breast_epic_GSE51057_GSE51032_HC,GSM1236143,hc,GSE51032,-1.2379256082284626,1.170038810951111,1.3360396812871551,1.0354846743904906,0.0422404288874917,0.1441622960331202,0.1452112044224962,0.0789649047105157,,,,
breast_EPIC_Italy,breast_pre_dx,breast_epic_GSE51057_GSE51032_HC,GSM1236146,hc,GSE51032,-1.3322290166402535,0.7384125516607712,-0.1429526267660091,-0.6663089977371627,0.0577654609231876,0.1397481068501249,-0.1079305646153919,-0.0672833640258397,,,,
breast_EPIC_Italy,breast_pre_dx,breast_epic_GSE51057_GSE51032_HC,GSM1236147,hc,GSE51032,0.8810660909665415,0.0668890336170553,-0.2992675047002613,-1.6747084501434355,-0.0761726528005352,0.0041623298356488,0.0471097750885498,0.0647994571678372,,,,
breast_EPIC_Italy,breast_pre_dx,breast_epic_GSE51057_GSE51032_HC,GSM1236154,hc,GSE51032,-5.978112464930677,1.4806359808637746,0.0518665832473551,-1.103838176129029,-0.0971860555073813,0.1414479980559458,0.1816953393293695,0.1374194817861826,,,,
breast_EPIC_Italy,breast_pre_dx,breast_epic_GSE51057_GSE51032_HC,GSM1236155,hc,GSE51032,-6.750938881404929,-0.2160784539823092,-0.1979757786460516,0.2388998638294569,0.0164118159258235,0.0012112384614813,-0.0978618677648571,-0.1315143701076818,,,,
breast_EPIC_Italy,breast_pre_dx,breast_epic_GSE51057_GSE51032_HC,GSM1236159,hc,GSE51032,-0.4097280915238467,0.4329411032846109,-0.0295065719546053,0.121759687123183,0.242860889790331,0.1320889884298504,-0.1535021381773211,0.1238456988739502,,,,
breast_EPIC_Italy,breast_pre_dx,breast_epic_GSE51057_GSE51032_HC,GSM1236160,hc,GSE51032,-0.119125290278409,0.2982410928666711,0.6940722983662341,-0.2552873351779262,0.250420656548191,0.0459869686905521,-0.0163580343149112,0.3097862846100568,,,,
breast_EPIC_Italy,breast_pre_dx,breast_epic_GSE51057_GSE51032_HC,GSM1236162,hc,GSE51032,0.3965515865052945,0.5953099715041542,-0.6663862601288754,-0.1184853785913369,-0.0031358888842593,0.1303814433962405,0.0043819855146629,-0.0321316248807995,,,,
breast_EPIC_Italy,breast_pre_dx,breast_epic_GSE51057_GSE51032_HC,GSM1236163,hc,GSE51032,-4.214118381569357,3.072586961178417,-1.3015379729680938,-1.3248389619893626,0.1233282902533864,0.0411742482938804,-0.240922213483551,0.1592596967109387,,,,
breast_EPIC_Italy,breast_pre_dx,breast_epic_GSE51057_GSE51032_HC,GSM1236164,hc,GSE51032,0.1407202308881168,0.6614317240466445,-0.2148584171925663,0.0776039319688092,0.5297459892023472,-0.2167776500442726,0.053373318040609,-0.0521979256594008,,,,
breast_EPIC_Italy,breast_pre_dx,breast_epic_GSE51057_GSE51032_HC,GSM1236166,hc,GSE51032,-0.6219830191303096,-0.2249429855328885,0.6222469803895256,0.8052125564051561,0.1177329519059312,0.0359150024347219,0.0401327452729506,-0.3295533686303927,,,,
breast_EPIC_Italy,breast_pre_dx,breast_epic_GSE51057_GSE51032_HC,GSM1236167,hc,GSE51032,-0.7595506764083508,-0.0173651919480922,-0.0591920830889236,0.2367750649147731,0.7144149104649794,0.2968187466546072,0.2674617640148449,0.2257236678592098,,,,
breast_EPIC_Italy,breast_pre_dx,breast_epic_GSE51057_GSE51032_HC,GSM1236171,hc,GSE51032,-1.6510745760218548,-0.3656402649396011,-0.4048293966189051,0.4350916395918647,0.2208046633266126,-0.6566884970693182,-0.0568877878079293,-0.072478643886338,,,,
breast_EPIC_Italy,breast_pre_dx,breast_epic_GSE51057_GSE51032_HC,GSM1236173,hc,GSE51032,2.5868107189281,-1.3533947958635406,0.8062291325455454,-0.2892305027604175,0.1219135372124169,0.2078606025112342,-0.003808056465513,-0.2915734189707384,,,,
breast_EPIC_Italy,breast_pre_dx,breast_epic_GSE51057_GSE51032_HC,GSM1236174,hc,GSE51032,-0.6370335037287707,1.5401627261383612,-1.210604478629651,0.3290779283143454,0.5878200205613194,-0.014646378842297,0.3917311379687621,-0.1210978359568885,,,,
breast_EPIC_Italy,breast_pre_dx,breast_epic_GSE51057_GSE51032_HC,GSM1236175,hc,GSE51032,-3.290077530693046,-0.25322288871194,0.5073598176696777,0.1964025769291778,-0.5621481203241676,-0.1324847700813047,-0.0907803946790499,-0.1650137848446595,,,,
breast_EPIC_Italy,breast_pre_dx,breast_epic_GSE51057_GSE51032_HC,GSM1236180,hc,GSE51032,-0.7851627331247449,0.2516765931602981,-0.3253678779772815,-1.118391974792997,-0.4738992746799215,0.1580553598693234,0.3463702772267702,0.046574182904352,,,,
breast_EPIC_Italy,breast_pre_dx,breast_epic_GSE51057_GSE51032_HC,GSM1236181,hc,GSE51032,0.4690918215235063,-0.6647238547566134,-0.970339428017884,0.2525949687879786,-0.0830769572548632,-0.3792822081849881,0.0126374834084091,-0.0294857420152538,,,,
breast_EPIC_Italy,breast_pre_dx,breast_epic_GSE51057_GSE51032_HC,GSM1236184,hc,GSE51032,-1.129267780989064,1.8179186084564247,0.3096875444585313,0.8160572945633293,0.030178140502733,-0.1308877393051009,0.1410421238164379,-0.2575665754088459,,,,
breast_EPIC_Italy,breast_pre_dx,breast_epic_GSE51057_GSE51032_HC,GSM1236186,hc,GSE51032,1.9775905020867213,-0.0786775635502868,0.0004038505950861,0.4351568472406697,0.2583076340984429,-0.1193453389128213,0.0212087535484296,0.0157752717323002,,,,
breast_EPIC_Italy,breast_pre_dx,breast_epic_GSE51057_GSE51032_HC,GSM1236187,hc,GSE51032,-0.3824733728144711,1.608233086168913,0.6350183858403678,0.5094093551349598,0.048413135712865,-0.3843719017800851,0.2463887274628689,-0.0283959890017453,,,,
breast_EPIC_Italy,breast_pre_dx,breast_epic_GSE51057_GSE51032_HC,GSM1236189,hc,GSE51032,4.849596887207866,0.3389056322267436,0.1667196434306281,0.7050874089869438,0.3736096022704556,-0.1939679404580992,0.1135159427939702,-0.0274098074172313,,,,
breast_EPIC_Italy,breast_pre_dx,breast_epic_GSE51057_GSE51032_HC,GSM1236190,hc,GSE51032,-2.293924121114693,0.1952404715459634,-0.0777299500281355,1.0315836797153677,-0.4196787286180664,-0.1151879364194051,0.2379266937952805,0.1949393126785013,,,,
breast_EPIC_Italy,breast_pre_dx,breast_epic_GSE51057_GSE51032_HC,GSM1236192,hc,GSE51032,-0.3638535250213949,-0.7464230054096369,0.1891879280420671,0.309788087500098,0.199130934143276,-0.2120047249503236,0.0806760972059868,0.0382285340543163,,,,
breast_EPIC_Italy,breast_pre_dx,breast_epic_GSE51057_GSE51032_HC,GSM1236193,hc,GSE51032,-3.7133427101641066,-0.0899241428628317,0.5994615055450516,1.21522522025855,0.5006595122541548,-0.2417025223059974,-0.089422741662937,-0.0948757768329636,,,,
breast_EPIC_Italy,breast_pre_dx,breast_epic_GSE51057_GSE51032_HC,GSM1236195,hc,GSE51032,3.152815931420231,-0.5752941194031348,-0.1525339796609836,-0.1660639676423222,0.1449656367207493,0.0120823942319215,0.2453940836291916,0.0452304874890541,,,,
breast_EPIC_Italy,breast_pre_dx,breast_epic_GSE51057_GSE51032_HC,GSM1236196,hc,GSE51032,1.2745930604094848,-0.5749986562372112,0.3371487496340608,-0.3930779776796145,0.3012026029636538,0.1935579438679308,0.1857889788145122,-0.3294399594163006,,,,
breast_EPIC_Italy,breast_pre_dx,breast_epic_GSE51057_GSE51032_HC,GSM1236197,hc,GSE51032,0.5443547155433425,-0.3937943694254716,0.1581484825961693,-0.3194854481289886,-0.3715040257455121,-0.3628867395233983,0.0443268936022741,-0.1881346606317315,,,,
breast_EPIC_Italy,breast_pre_dx,breast_epic_GSE51057_GSE51032_HC,GSM1236198,hc,GSE51032,-0.5900114920702744,1.588494176064936,0.3114178070460452,0.5541287813754547,-0.1549335210281645,-0.171194058990541,0.2841197446449227,0.1062753568146725,,,,
breast_EPIC_Italy,breast_pre_dx,breast_epic_GSE51057_GSE51032_HC,GSM1236199,hc,GSE51032,1.110646775269544,-0.6413291102888529,-0.1792223387610413,-0.0720226893075351,-0.0453538705680081,-0.261688584391738,-0.1279689688766998,0.0699645575717727,,,,
breast_EPIC_Italy,breast_pre_dx,breast_epic_GSE51057_GSE51032_HC,GSM1236203,hc,GSE51032,-0.9249722291451984,-0.4224343706123162,0.4783699757390476,-0.1619990022861536,-0.2218829076308817,-0.1658112823391498,-0.1064367578457093,-0.1134075766053379,,,,
breast_EPIC_Italy,breast_pre_dx,breast_epic_GSE51057_GSE51032_HC,GSM1236205,hc,GSE51032,4.02080011940137,-0.5548143966702527,-0.2056302203048599,-0.1462885916635535,0.1532612819660046,-0.2981834182676522,-0.1101067047493094,-0.0759178764854841,,,,
breast_EPIC_Italy,breast_pre_dx,breast_epic_GSE51057_GSE51032_HC,GSM1236208,hc,GSE51032,1.7833093442123409,-0.50704650512666,-0.7010145706524666,-0.4357898517158527,0.3507749592735571,0.1086670364819125,-0.0735695536021825,0.2518675736327412,,,,
breast_EPIC_Italy,breast_pre_dx,breast_epic_GSE51057_GSE51032_HC,GSM1236209,hc,GSE51032,-0.9129032436057568,0.2166420056981675,-0.2694045626128274,-1.042305646022542,0.2254361814206299,0.1330540085383889,0.0982857686294341,-0.0523406521331297,,,,
breast_EPIC_Italy,breast_pre_dx,breast_epic_GSE51057_GSE51032_HC,GSM1236214,hc,GSE51032,3.1667946804412592,-0.6383496686676464,0.1404046991010833,-0.2280105584117485,0.2809971927259526,-0.3925834431835331,0.0774304752901755,-0.069469683573054,,,,
breast_EPIC_Italy,breast_pre_dx,breast_epic_GSE51057_GSE51032_HC,GSM1236216,hc,GSE51032,-0.7487463000047355,-0.6097785377874719,0.486259446866883,-0.8599104723247079,-0.0128259311198047,0.2776849256284687,-0.3101142612976515,-0.2435462205306533,,,,
breast_EPIC_Italy,breast_pre_dx,breast_epic_GSE51057_GSE51032_HC,GSM1236219,hc,GSE51032,0.8469117383610244,-0.4028315929038056,0.3767724731287079,0.1472351876707383,0.2419317847214789,-0.3238578503334725,-0.0079200393347531,0.1066828326788225,,,,
breast_EPIC_Italy,breast_pre_dx,breast_epic_GSE51057_GSE51032_HC,GSM1236221,hc,GSE51032,1.7947101171952349,-0.3793442046835666,0.7990050722391232,-0.3633403092452055,0.324263021946806,0.1705008533080286,0.0386700366458192,-0.0724324860908341,,,,
breast_EPIC_Italy,breast_pre_dx,breast_epic_GSE51057_GSE51032_HC,GSM1236222,hc,GSE51032,-2.322719372578654,0.7516322200535738,-0.6998995530828342,0.3484516531203677,0.2547352339178301,-0.2776263746185122,0.1125824743700376,0.0904868442872087,,,,
breast_EPIC_Italy,breast_pre_dx,breast_epic_GSE51057_GSE51032_HC,GSM1236224,hc,GSE51032,1.2589642146749214,0.374642744044418,-0.6696182575288301,-0.8933437458590053,0.5197795917735858,0.239648316387471,0.0643117468418523,0.1168421153937401,,,,
breast_EPIC_Italy,breast_pre_dx,breast_epic_GSE51057_GSE51032_HC,GSM1236227,hc,GSE51032,-3.260692916669349,1.2259503337745932,0.141193869825989,-2.1776195884556526,-0.0927396790751304,-0.1499836175138729,-0.215517910622571,7.375429947082022e-05,,,,
breast_EPIC_Italy,breast_pre_dx,breast_epic_GSE51057_GSE51032_HC,GSM1236230,hc,GSE51032,0.7151756051794202,-0.2011403912516248,-0.296206909645941,0.0305054871477666,0.0711822502475064,0.1863490984784595,0.1511592588064497,-0.3560018024126565,,,,
breast_EPIC_Italy,breast_pre_dx,breast_epic_GSE51057_GSE51032_HC,GSM1236232,hc,GSE51032,-1.6507103825006813,-0.336537500490719,0.42303788242166,-0.4770526675335769,0.1350441547074485,-0.3634868045498581,-0.0507940422865943,-0.0376265352262531,,,,
breast_EPIC_Italy,breast_pre_dx,breast_epic_GSE51057_GSE51032_HC,GSM1236233,hc,GSE51032,-1.6203425302423975,0.6580717672375257,0.5419535339624633,0.3880053730199669,-0.0017840621996259,-0.4759949084605669,-0.1566682921453194,-0.0447663690937191,,,,
breast_EPIC_Italy,breast_pre_dx,breast_epic_GSE51057_GSE51032_HC,GSM1236234,hc,GSE51032,1.2665933118467798,-0.2261276524720521,0.9602503521641912,-0.2961109074108792,-0.396689236323228,-0.0276659611705117,0.0565869091382316,0.0129165372470047,,,,
breast_EPIC_Italy,breast_pre_dx,breast_epic_GSE51057_GSE51032_HC,GSM1236237,hc,GSE51032,-0.4064358187115428,-0.1486547504506379,1.0625206585193223,0.6713598172382215,0.2362040747137527,-0.0747355814910479,0.0363862316881256,0.0864514757299875,,,,
breast_EPIC_Italy,breast_pre_dx,breast_epic_GSE51057_GSE51032_HC,GSM1236238,hc,GSE51032,-2.0275703280127755,1.346306347781168,-0.0802495192208675,0.8835079066838848,0.4005982935272115,-0.2436418583470243,0.189726933412492,0.1787451956185119,,,,
breast_EPIC_Italy,breast_pre_dx,breast_epic_GSE51057_GSE51032_HC,GSM1236239,hc,GSE51032,-1.671304863084718,-0.084089845479091,0.4874107507137442,0.1938980971948994,-0.5150050870811513,0.1372299261029483,-0.0250605486600976,0.3675539217250141,,,,
breast_EPIC_Italy,breast_pre_dx,breast_epic_GSE51057_GSE51032_HC,GSM1236243,hc,GSE51032,2.501148462339723,-0.7851107047703336,-0.44760709287293,-0.1724446481097567,0.0433896053446323,-0.2810165303247955,-0.3621730347477236,0.1000174769402535,,,,
breast_EPIC_Italy,breast_pre_dx,breast_epic_GSE51057_GSE51032_HC,GSM1236246,hc,GSE51032,-2.2506126404129216,0.6831157513991157,0.0593053960184907,0.3687367280800583,0.2460787910900277,0.5590445695597849,0.0770475602916747,0.0172441228275553,,,,
breast_EPIC_Italy,breast_pre_dx,breast_epic_GSE51057_GSE51032_HC,GSM1236247,hc,GSE51032,6.404922671204454,5.528936539422608,0.381125788663573,0.0445202233476171,0.0431036254064975,-0.1836532175246145,-0.4496764355640671,0.2198681423134016,,,,
breast_EPIC_Italy,breast_pre_dx,breast_epic_GSE51057_GSE51032_HC,GSM1236248,hc,GSE51032,10.127885615100803,5.123436742279978,-0.0741499071171832,1.0840837972498454,-0.1720712892883699,0.3308470913458739,-0.1994509275793427,0.199482696763813,,,,
breast_EPIC_Italy,breast_pre_dx,breast_epic_GSE51057_GSE51032_HC,GSM1236250,hc,GSE51032,-4.146838705057858,1.3943747646614166,-0.5843118500109046,-0.335037564494893,-0.8853133233949168,0.291881815196588,-0.1250771593303871,0.1092066652526109,,,,
breast_EPIC_Italy,breast_pre_dx,breast_epic_GSE51057_GSE51032_HC,GSM1236253,hc,GSE51032,-4.3785440434875404,-0.7692081872763872,-0.4601920991387228,0.7832039443586288,0.6851222801662855,-0.1367203643488224,-0.1085990316853662,-0.0300753185216571,,,,
breast_EPIC_Italy,breast_pre_dx,breast_epic_GSE51057_GSE51032_HC,GSM1236254,hc,GSE51032,0.4065227301497843,0.6065473683558441,0.1323032187295345,1.2213295076573247,-0.2730619645372245,0.1097703989196916,0.1698486190516385,0.1925128972702934,,,,
breast_EPIC_Italy,breast_pre_dx,breast_epic_GSE51057_GSE51032_HC,GSM1236257,hc,GSE51032,-1.0937992264070244,0.2753031589211918,-0.8744201880847411,0.8217024561061801,0.1563368100870935,0.0384784574458195,-0.1951684112617768,0.4339030279085112,,,,
breast_EPIC_Italy,breast_pre_dx,breast_epic_GSE51057_GSE51032_HC,GSM1236260,hc,GSE51032,1.5151549389479186,-0.0949093273530757,0.6749913500299034,0.4283399411335103,0.0375828955485063,-0.270220575977839,0.0781912314599692,-0.0579749560138433,,,,
breast_EPIC_Italy,breast_pre_dx,breast_epic_GSE51057_GSE51032_HC,GSM1236261,hc,GSE51032,0.6291948762927413,-0.2571396325444282,1.7965247599337768,0.3663265034978386,-0.1957244945505339,-0.5932466493332046,-0.0725557381599748,-0.0474096157295204,,,,
breast_EPIC_Italy,breast_pre_dx,breast_epic_GSE51057_GSE51032_HC,GSM1236262,hc,GSE51032,4.298906721680326,-0.3374264821080266,0.4540975499305186,-0.4639032623579424,0.0180003840124324,-0.0388172537602813,0.0693999378252808,-0.240704758581555,,,,
breast_EPIC_Italy,breast_pre_dx,breast_epic_GSE51057_GSE51032_HC,GSM1236264,hc,GSE51032,0.7170944877774672,1.6633587680063786,-0.4072038774139405,-1.055838564373842,0.2149877051983244,-0.1962097772590627,0.3081895141983346,0.0154745237826683,,,,
breast_EPIC_Italy,breast_pre_dx,breast_epic_GSE51057_GSE51032_HC,GSM1236265,hc,GSE51032,-1.9882581098540328,-0.1921956199193383,-1.409677309868819,-0.6754385099265354,-0.0317801052946142,-0.1367271888378644,-0.0753866648771423,0.0842031828182066,,,,
breast_EPIC_Italy,breast_pre_dx,breast_epic_GSE51057_GSE51032_HC,GSM1236267,hc,GSE51032,2.3527722660771397,-0.4955122228405931,-0.4591166441748154,-0.5324152087817837,-0.0518941268062415,-0.0909451551148005,-0.06729302591192,-0.1198405917060534,,,,
breast_EPIC_Italy,breast_pre_dx,breast_epic_GSE51057_GSE51032_HC,GSM1236268,hc,GSE51032,0.7703495891469314,-1.1940450282110338,0.7524716180172674,0.3386010141190547,0.0162366046824647,0.0562282525679711,-0.1868902167295926,-0.1806984415077045,,,,
breast_EPIC_Italy,breast_pre_dx,breast_epic_GSE51057_GSE51032_HC,GSM1236269,hc,GSE51032,-4.593886202141092,-0.9420952620152804,0.1833746877800013,0.6615116710005896,0.0453918849386909,-0.0303349665959153,-0.138627542270866,0.1763982110277304,,,,
breast_EPIC_Italy,breast_pre_dx,breast_epic_GSE51057_GSE51032_HC,GSM1236270,hc,GSE51032,2.888962719759109,4.608058585415932,0.8321098935067028,1.1205275322334456,-0.3132740457542553,0.0328124756666936,0.0942820152956652,-0.0690750177393695,,,,
breast_EPIC_Italy,breast_pre_dx,breast_epic_GSE51057_GSE51032_HC,GSM1236271,hc,GSE51032,-0.6657792075732866,-0.3335672383335326,1.204480110417445,-0.462510175605915,-0.1761636843958584,0.0065203347083549,-0.0432748104554356,0.0362966132224019,,,,
breast_EPIC_Italy,breast_pre_dx,breast_epic_GSE51057_GSE51032_HC,GSM1236273,hc,GSE51032,0.0678860220161834,0.6213431998217784,2.136496235622285,0.6169342073123751,-0.0411306190942952,-0.4936464896766967,-0.0347960444215644,0.0202880164125199,,,,
breast_EPIC_Italy,breast_pre_dx,breast_epic_GSE51057_GSE51032_HC,GSM1236275,hc,GSE51032,1.5568926471843894,-0.6458549827456364,-0.3541669895093185,0.2317358211707407,-0.2868151283257263,0.2379520402376459,-0.1632496614412929,-0.1287052633129155,,,,
breast_EPIC_Italy,breast_pre_dx,breast_epic_GSE51057_GSE51032_HC,GSM1236276,hc,GSE51032,0.757137119978117,0.7327699393953918,-0.573769371731121,0.5785648209098174,0.6712107066850155,0.024148199652263,0.2703197988609142,0.1385663143847667,,,,
breast_EPIC_Italy,breast_pre_dx,breast_epic_GSE51057_GSE51032_HC,GSM1236278,hc,GSE51032,2.988586517543644,-0.2461641067375805,-0.0555361552533024,-0.1343123646235686,0.0858430586406031,-0.2729550909974154,-0.0332464098856078,0.0285257591138517,,,,
breast_EPIC_Italy,breast_pre_dx,breast_epic_GSE51057_GSE51032_HC,GSM1236279,hc,GSE51032,-4.122641521237104,-0.0266604339759975,0.581496661331838,-0.1395674443484546,-0.095113058876627,-0.0372563150761385,-0.3709686532428979,0.048027649075557,,,,
breast_EPIC_Italy,breast_pre_dx,breast_epic_GSE51057_GSE51032_HC,GSM1236280,hc,GSE51032,3.5109842454302447,0.4432408674596658,-0.2797465677733791,-1.3281185450678843,0.2084804467468602,0.1154949566582861,0.1162198617609387,-0.192137738181201,,,,
breast_EPIC_Italy,breast_pre_dx,breast_epic_GSE51057_GSE51032_HC,GSM1236282,hc,GSE51032,-0.0212570816415397,-0.2096505097806033,0.7719680024540881,-0.2337154930820733,-0.3869354942318949,-0.1432591398011985,0.4018034560963479,-0.0428280336527155,,,,
breast_EPIC_Italy,breast_pre_dx,breast_epic_GSE51057_GSE51032_HC,GSM1236283,hc,GSE51032,2.84976760118115,-0.5414568222339469,0.2020481959314845,-0.2882066034710638,0.2182957274446818,-0.2267342315935373,0.1904654595829157,0.0127989587687887,,,,
breast_EPIC_Italy,breast_pre_dx,breast_epic_GSE51057_GSE51032_HC,GSM1236288,hc,GSE51032,-1.8276042590270472,-0.8516365317868252,0.8356891721586124,-0.3819154310763939,-0.2313318949349089,0.0672182662876536,-0.2350922077362883,-0.0359776215309905,,,,
breast_EPIC_Italy,breast_pre_dx,breast_epic_GSE51057_GSE51032_HC,GSM1236289,hc,GSE51032,1.359858830513152,1.313580185846008,0.1774110278326234,-0.2147017207675254,0.4783248040973961,0.4694226273765314,0.2286556556898462,0.0728651408947622,,,,
breast_EPIC_Italy,breast_pre_dx,breast_epic_GSE51057_GSE51032_HC,GSM1236290,hc,GSE51032,-1.456961684748587,0.3215919849622786,0.0476221156875636,-0.0687174930217835,-0.2567776969467312,0.1743745619750184,-0.0563234580472102,0.1242063383358113,,,,
breast_EPIC_Italy,breast_pre_dx,breast_epic_GSE51057_GSE51032_HC,GSM1236291,hc,GSE51032,2.7288541839242315,-0.6273575973704504,0.018867005511742,-0.7159361382230476,0.0808978017319079,0.3984150699956389,-0.022319924408115,0.002548216682292,,,,
breast_EPIC_Italy,breast_pre_dx,breast_epic_GSE51057_GSE51032_HC,GSM1236292,hc,GSE51032,-1.6362194005741162,0.8298989491204599,0.1850964976668432,-1.1326416631860858,0.2616818733097512,0.1388792439750392,0.0275036956812323,0.1156168906668684,,,,
breast_EPIC_Italy,breast_pre_dx,breast_epic_GSE51057_GSE51032_HC,GSM1236293,hc,GSE51032,0.7551268705063214,0.3790825618568618,0.4421375470629301,-0.9077316167605896,0.1123983596327617,0.0284136604919364,-0.2997299540817271,0.1440835869982604,,,,
breast_EPIC_Italy,breast_pre_dx,breast_epic_GSE51057_GSE51032_HC,GSM1236294,hc,GSE51032,-0.0985403487980785,-0.1723055067288572,-0.4071186606030755,-1.1336570693356742,0.2453879758110106,0.0656705906978103,0.1175041062260379,0.0762393827611889,,,,
breast_EPIC_Italy,breast_pre_dx,breast_epic_GSE51057_GSE51032_HC,GSM1236296,hc,GSE51032,0.942851417582696,-0.4583433819395857,-0.4607640417273357,-0.0589096074287999,-0.0551150433513012,-0.2855010260853436,-0.4042080684555754,-0.0802372245136345,,,,
breast_EPIC_Italy,breast_pre_dx,breast_epic_GSE51057_GSE51032_HC,GSM1236298,hc,GSE51032,4.054596212232246,-0.1611118990781974,0.581774226841055,-0.6275256094346215,0.3481897757863972,-0.0988368109140228,-0.0517879177198534,-0.128240986079482,,,,
breast_EPIC_Italy,breast_pre_dx,breast_epic_GSE51057_GSE51032_HC,GSM1236299,hc,GSE51032,-0.1179908189801429,-1.8932255020531996,2.4490534272090327,-0.1367013637844972,-0.6657729672149374,-0.3292639205830326,0.022127490240707,-0.092073980533436,,,,
breast_EPIC_Italy,breast_pre_dx,breast_epic_GSE51057_GSE51032_HC,GSM1236300,hc,GSE51032,-2.70564090467932,0.6363051180477983,0.9954912981327906,0.1037955763767146,0.4335067926676443,-0.2914739808611674,-0.2018560406899787,0.0422632491108374,,,,
breast_EPIC_Italy,breast_pre_dx,breast_epic_GSE51057_GSE51032_HC,GSM1236303,hc,GSE51032,0.6434039223822297,1.3107115673715009,0.6262456295222529,0.5953045427053181,-0.2001829575902234,0.2725510695076944,0.0702417191734144,-0.2514607710175186,,,,
breast_EPIC_Italy,breast_pre_dx,breast_epic_GSE51057_GSE51032_HC,GSM1236305,hc,GSE51032,-1.0752161562953388,-0.2269291871512584,0.96602434339855,0.1687809503309598,-0.4285599531911781,0.1847680822032827,-0.4120346497941079,-0.1035994065377989,,,,
breast_EPIC_Italy,breast_pre_dx,breast_epic_GSE51057_GSE51032_HC,GSM1236306,hc,GSE51032,0.4200813334991686,2.13131385062787,0.0345112105457494,0.1269181074778948,-0.5353125416591905,0.1778491537942332,0.0081412126194156,0.3416456030995407,,,,
breast_EPIC_Italy,breast_pre_dx,breast_epic_GSE51057_GSE51032_HC,GSM1236307,hc,GSE51032,-3.2908633519170114,0.2628979180146966,0.4458811871804208,-0.7151245659271549,-0.3357839149680149,-0.0850846110605606,-0.2859345192633669,-0.0189019029356415,,,,
breast_EPIC_Italy,breast_pre_dx,breast_epic_GSE51057_GSE51032_HC,GSM1236309,hc,GSE51032,-0.2788246733963554,-1.0197260434876767,-0.0846366096129988,0.3183265658635946,-0.0150700146685194,-0.4563871778199225,-0.181562650265637,0.07809712748489,,,,
breast_EPIC_Italy,breast_pre_dx,breast_epic_GSE51057_GSE51032_HC,GSM1236311,hc,GSE51032,-1.3996092914153084,-0.3861911650258144,0.6151620926502482,-0.4809296749401658,-0.1518462167130033,-0.0642223729703865,-0.099849884929125,0.276801954490073,,,,
breast_EPIC_Italy,breast_pre_dx,breast_epic_GSE51057_GSE51032_HC,GSM1236313,hc,GSE51032,0.3601382716340398,0.0641226168261527,0.3516724075339753,0.4432249543274701,-0.3555374840481641,0.0847590930169133,0.1215403747977884,0.0678667487007804,,,,
breast_EPIC_Italy,breast_pre_dx,breast_epic_GSE51057_GSE51032_HC,GSM1236314,hc,GSE51032,0.7914419650714042,2.513301452974837,0.5007077826423919,0.5530089384446961,-0.492437891841687,0.1348090198615273,-0.2649348163022895,0.0158360850789663,,,,
breast_EPIC_Italy,breast_pre_dx,breast_epic_GSE51057_GSE51032_HC,GSM1236315,hc,GSE51032,-2.765951126359922,0.8776576837662257,0.2370228601069091,0.6499451937248034,0.956296368924995,-0.142703328985329,0.0507028251441798,-0.0880249229461225,,,,
breast_EPIC_Italy,breast_pre_dx,breast_epic_GSE51057_GSE51032_HC,GSM1236316,hc,GSE51032,-2.6080884926037404,1.0559224549755617,-2.242406656045416,1.1113868371313915,0.5824389119054857,-0.1259650331613452,0.1083238147889473,-0.066611705615885,,,,
breast_EPIC_Italy,breast_pre_dx,breast_epic_GSE51057_GSE51032_HC,GSM1236320,hc,GSE51032,-0.031648217176852,0.1646654985257665,-0.063038132950538,0.5695511521507572,-0.25742859940827,0.1138130873941096,-0.039729065477679,0.3014026886025128,,,,
breast_EPIC_Italy,breast_pre_dx,breast_epic_GSE51057_GSE51032_HC,GSM1236322,hc,GSE51032,-3.099331491782608,0.5396034703858951,0.6922056443958723,-1.144849068929338,-0.1303809611783296,-0.3904929897323158,0.0170493098393705,0.1868637191517025,,,,
breast_EPIC_Italy,breast_pre_dx,breast_epic_GSE51057_GSE51032_HC,GSM1236323,hc,GSE51032,-1.3177324548697724,-0.3328777754236716,0.568015508331823,-0.7033247211918598,0.0799591106518032,0.2261938405451123,-0.3607260473667776,-0.2809175626512554,,,,
breast_EPIC_Italy,breast_pre_dx,breast_epic_GSE51057_GSE51032_HC,GSM1236324,hc,GSE51032,-2.609955957528108,-0.0839748393137369,0.2379538972621567,0.6165054560138299,-0.2696325534886055,-0.4184913595061961,0.0496570233435372,0.183227249683835,,,,
breast_EPIC_Italy,breast_pre_dx,breast_epic_GSE51057_GSE51032_HC,GSM1236325,hc,GSE51032,-2.232119818324099,0.2189167172026656,1.090660094922556,-0.4977552917746767,-0.171768060065887,-0.3589866661091193,-0.114981923554876,-0.0297050997854176,,,,
breast_EPIC_Italy,breast_pre_dx,breast_epic_GSE51057_GSE51032_HC,GSM1236326,hc,GSE51032,-4.53107585461898,0.2280731456406994,-0.4732282830779384,0.6777619801875283,0.4199583281533579,0.3420061251027208,-0.019365431145305,-0.116378880232457,,,,
breast_EPIC_Italy,breast_pre_dx,breast_epic_GSE51057_GSE51032_HC,GSM1236327,hc,GSE51032,-2.1962589712438407,-0.6170155213820596,0.5046129643819824,-0.2028857677989197,-0.5767144910311396,0.0295857994133307,-0.084329730314475,-0.0645916341572542,,,,
breast_EPIC_Italy,breast_pre_dx,breast_epic_GSE51057_GSE51032_HC,GSM1236328,hc,GSE51032,-3.913924549443568,0.4549309578413351,0.0525911716507165,-0.106830847021484,0.2412981704141245,0.076751135618321,-0.0835664916813732,-0.0102806785253686,,,,
breast_EPIC_Italy,breast_pre_dx,breast_epic_GSE51057_GSE51032_HC,GSM1236329,hc,GSE51032,-1.030129334886833,-0.0704850174474902,0.6902323625071424,0.0626425836965059,0.0458728704369433,-0.7674326762340742,-0.0285270040469204,-0.1406608744018828,,,,
breast_EPIC_Italy,breast_pre_dx,breast_epic_GSE51057_GSE51032_HC,GSM1236330,hc,GSE51032,-0.3631974963696535,-0.3969992854697996,0.0392000698004229,-0.5110790341375919,-0.2010935024731991,0.2685946373615565,0.0874371711528399,-0.0268487516217658,,,,
breast_EPIC_Italy,breast_pre_dx,breast_epic_GSE51057_GSE51032_HC,GSM1236331,hc,GSE51032,0.2455875690015866,0.0789912087529404,-1.1106178243582716,0.6231189392737797,-0.0012129632061563,0.5644188696570556,0.0787739029277898,0.0978772379959351,,,,
breast_EPIC_Italy,breast_pre_dx,breast_epic_GSE51057_GSE51032_HC,GSM1236334,hc,GSE51032,2.4730629397150947,0.3539459794885418,0.422565749033669,0.1301786440491658,-0.3021827261330595,0.197956149701252,-0.0516849409250068,0.1375975510214654,,,,
breast_EPIC_Italy,breast_pre_dx,breast_epic_GSE51057_GSE51032_HC,GSM1236336,hc,GSE51032,4.006404512405156,0.0096091627722979,-0.1035993944458325,-0.6985092094494602,-0.0233969187939859,-0.3527268763665252,-0.164966584216168,0.0530915896539799,,,,
breast_EPIC_Italy,breast_pre_dx,breast_epic_GSE51057_GSE51032_HC,GSM1236338,hc,GSE51032,0.5239205592408328,1.2832144174885236,0.0703594508386641,0.0965216207188969,0.1973358986500883,-0.0150416951899965,-0.0725394894623604,-0.0058157596422777,,,,
breast_EPIC_Italy,breast_pre_dx,breast_epic_GSE51057_GSE51032_HC,GSM1236342,hc,GSE51032,-2.101611376079508,-1.0853220879428094,-0.1323470411776684,0.6170752066294635,0.122438212562896,-0.3518872494262169,0.2608947437836706,0.2587402753666893,,,,
breast_EPIC_Italy,breast_pre_dx,breast_epic_GSE51057_GSE51032_HC,GSM1236343,hc,GSE51032,-0.171753793301616,-0.2461389711373077,0.0627002563344915,-0.0529989792632318,-0.1106087251202811,0.1447710140559389,0.0229921094430641,0.0292500795938918,,,,
breast_EPIC_Italy,breast_pre_dx,breast_epic_GSE51057_GSE51032_HC,GSM1236346,hc,GSE51032,-3.3934774277032256,1.1614321405071673,-0.6572082279002851,-0.412025719736962,0.3890286793844363,-0.1103931347564405,-0.1325295916593515,-0.2469262553454567,,,,
breast_EPIC_Italy,breast_pre_dx,breast_epic_GSE51057_GSE51032_HC,GSM1236348,hc,GSE51032,1.4481408329220928,0.1447358081110654,-1.1049577661547267,0.1253851245447486,0.5009957552331509,-0.1279119847388262,0.0269234991224351,0.1061003972223325,,,,
breast_EPIC_Italy,breast_pre_dx,breast_epic_GSE51057_GSE51032_HC,GSM1236351,hc,GSE51032,-1.0885244005978485,1.391853422191015,-0.1615138275165075,-0.115207388064106,0.0915820929848255,0.2037605788643257,-0.1046501920785454,0.0161476704895871,,,,
breast_EPIC_Italy,breast_pre_dx,breast_epic_GSE51057_GSE51032_HC,GSM1236354,hc,GSE51032,3.0372082702798195,0.317666297463914,-0.0269223805477791,0.8559425580926563,-0.3724104042125843,0.1229160512881424,0.0113229127857632,0.0608946208459987,,,,
breast_EPIC_Italy,breast_pre_dx,breast_epic_GSE51057_GSE51032_HC,GSM1236355,hc,GSE51032,7.557383999950083,6.836502210907876,1.5997540657356737,1.6068007283494632,-0.2888792860894419,0.3140633138147592,-0.2335154543993305,-0.2315473524780149,,,,
breast_EPIC_Italy,breast_pre_dx,breast_epic_GSE51057_GSE51032_HC,GSM1236358,hc,GSE51032,4.063306034649565,0.238660730006283,-1.383155449470354,-0.5736711147611431,-0.4210125260721951,-0.1126360583112285,-0.0363257886647234,-0.069646147308332,,,,
breast_EPIC_Italy,breast_pre_dx,breast_epic_GSE51057_GSE51032_HC,GSM1236360,hc,GSE51032,-0.9700799687298848,0.2277636295547556,-0.3774511285200659,0.1098466003558389,0.0398465681353463,-0.0216947818470481,-0.0706207344604178,0.2985621514241721,,,,
breast_EPIC_Italy,breast_pre_dx,breast_epic_GSE51057_GSE51032_HC,GSM1236363,hc,GSE51032,0.6487194365136979,-0.2354550570040424,-1.7594200279896774,0.3826576984157698,0.0284734944764787,0.3073996601723344,-0.1218386635206,0.0531508924227202,,,,
breast_EPIC_Italy,breast_pre_dx,breast_epic_GSE51057_GSE51032_HC,GSM1236366,hc,GSE51032,1.2210728616965023,-0.6024886506887984,-0.3069737747599905,-0.0307510232417368,-0.7529195052268588,-0.0502368818076537,0.2011321393479383,0.3491365906803163,,,,
breast_EPIC_Italy,breast_pre_dx,breast_epic_GSE51057_GSE51032_HC,GSM1236367,hc,GSE51032,-0.0052032767018061,0.0596538529292653,-0.231992999020215,0.4343444120885865,-1.117403045597782,0.276130285632944,-0.1606741925509533,-0.1473965484088492,,,,
breast_EPIC_Italy,breast_pre_dx,breast_epic_GSE51057_GSE51032_HC,GSM1236368,hc,GSE51032,1.461279085499081,-0.8269701987620239,-0.8363664381733272,-0.4468371752237359,-0.8653152866776127,0.0125258841157815,0.0692951448098038,-0.0621921098287199,,,,
breast_EPIC_Italy,breast_pre_dx,breast_epic_GSE51057_GSE51032_HC,GSM1236370,hc,GSE51032,0.5661298591733057,0.250421860476919,0.3623380493180832,-0.1552021013471905,0.1231166799199085,0.2109879521899553,-0.0881042914426626,-0.1659997246852639,,,,
breast_EPIC_Italy,breast_pre_dx,breast_epic_GSE51057_GSE51032_HC,GSM1236372,hc,GSE51032,-1.1991543295268787,-0.8711418411670876,0.416449395988909,0.3714473421610137,0.3389244946311834,-0.0282490531873185,-0.2654497097963336,-0.1505757279420203,,,,
breast_EPIC_Italy,breast_pre_dx,breast_epic_GSE51057_GSE51032_HC,GSM1236373,hc,GSE51032,1.1502936510581856,-0.1782240444193006,-0.8942803966074131,0.339518655374429,-0.5244388435198053,-0.0352456660820586,-0.2021958664020898,-0.0383168852089901,,,,
breast_EPIC_Italy,breast_pre_dx,breast_epic_GSE51057_GSE51032_HC,GSM1236375,hc,GSE51032,0.0865402734129033,0.038123534838171,-0.8931609061217978,-0.4694849417972909,-0.2965961348003359,0.1176917120954128,0.0277510241695627,-0.0132953928911427,,,,
breast_EPIC_Italy,breast_pre_dx,breast_epic_GSE51057_GSE51032_HC,GSM1236378,hc,GSE51032,-1.2003875574293017,0.1642704655597018,-2.775734233666374,0.5028435566860754,0.1200176317377811,0.1220418946789564,-0.00892033924669,0.0848338537086734,,,,
AD_AIBL,AD_AIBL,AD_AIBL_HC,,hc,,-0.1648,0.0171,-0.1154,-0.1155,0.0924,0.0209,0.009,-0.0039,202760950008_R02C01,Male,0.0126,-0.0426
AD_AIBL,AD_AIBL,AD_AIBL_HC,,hc,,-0.8293,-0.0012,-0.008,0.1053,0.0875,0.0452,0.0063,-0.0003,202760950008_R03C01,Male,-0.0342,-0.0183
AD_AIBL,AD_AIBL,AD_AIBL_HC,,hc,,0.1325,-0.0595,-0.0349,-0.026,-0.0493,-0.0463,0.0113,-0.0126,202760950008_R04C01,Female,0.0306,-0.0263
AD_AIBL,AD_AIBL,AD_AIBL_HC,,mci,,-0.0854,-0.2338,-0.0512,0.0081,-0.0632,-0.0393,-0.0371,-0.0255,202760950008_R06C01,Female,-0.0232,0.009
AD_AIBL,AD_AIBL,AD_AIBL_HC,,hc,,0.0595,0.0865,0.0232,0.0053,0.0278,-0.1088,-0.0699,-0.0055,202760950008_R07C01,Female,-0.0279,-0.0064
AD_AIBL,AD_AIBL,AD_AIBL_HC,,hc,,0.5147,0.1376,0.0162,0.1327,0.0846,-0.0033,0.0527,-0.0387,202760950008_R08C01,Female,0.03,0.0429
AD_AIBL,AD_AIBL,AD_AIBL_HC,,ad,,-0.1972,0.0979,0.0292,-0.0165,0.0083,0.0207,-0.0352,-0.0046,202760950052_R01C01,Male,-0.0363,-0.0044
AD_AIBL,AD_AIBL,AD_AIBL_HC,,hc,,0.1719,-0.1505,0.072,0.0341,-0.0253,-0.0318,-0.0049,-0.0184,202760950052_R02C01,Female,0.008,-0.0
AD_AIBL,AD_AIBL,AD_AIBL_HC,,mci,,0.2236,0.6393,-0.8695,0.2592,0.2,0.1651,-0.2309,-0.0166,202760950052_R03C01,Male,0.0058,-0.2606
AD_AIBL,AD_AIBL,AD_AIBL_HC,,hc,,-0.1021,0.0335,-0.0121,-0.0103,0.0382,-0.0703,0.0252,0.0015,202760950052_R05C01,Female,0.0343,0.001
AD_AIBL,AD_AIBL,AD_AIBL_HC,,hc,,0.0169,-0.173,-0.154,-0.0052,0.0043,-0.0428,-0.0058,0.0198,202760950052_R08C01,Female,-0.0293,0.0288
AD_AIBL,AD_AIBL,AD_AIBL_HC,,ad,,0.2015,0.2571,0.1168,-0.0166,-0.0491,-0.0412,0.0266,-0.0564,202760950055_R01C01,Female,-0.0013,0.0033
AD_AIBL,AD_AIBL,AD_AIBL_HC,,hc,,0.1332,-0.1364,-0.0442,-0.0103,0.0103,-0.0186,0.043,0.0088,202760950055_R02C01,Female,0.0072,-0.0166
AD_AIBL,AD_AIBL,AD_AIBL_HC,,ad,,-0.616,0.0001,-0.0432,0.0476,0.0455,0.049,-0.017,0.0332,202760950055_R03C01,Male,-0.039,0.0012
AD_AIBL,AD_AIBL,AD_AIBL_HC,,ad,,-0.5728,0.0566,0.0034,0.0314,0.0621,0.0489,-0.009,0.0171,202760950055_R04C01,Male,0.0047,0.0043
AD_AIBL,AD_AIBL,AD_AIBL_HC,,ad,,0.1409,-0.1368,0.0324,-0.0151,0.0038,0.0555,-0.0123,0.0261,202760950055_R05C01,Male,-0.0011,-0.0049
AD_AIBL,AD_AIBL,AD_AIBL_HC,,mci,,0.1899,-0.1083,-0.1808,0.029,0.0157,-0.0317,-0.0031,0.0347,202760950055_R06C01,Female,-0.0183,0.024
AD_AIBL,AD_AIBL,AD_AIBL_HC,,ad,,-0.1813,0.1578,0.0189,0.0053,-0.0608,-0.0653,0.0173,0.0157,202760950055_R07C01,Female,-0.0247,-0.0127
AD_AIBL,AD_AIBL,AD_AIBL_HC,,hc,,-0.1997,-0.0984,0.0438,-0.1107,-0.0444,0.0518,0.028,-0.0425,202760950057_R02C01,Male,-0.0,-0.0011
AD_AIBL,AD_AIBL,AD_AIBL_HC,,hc,,0.3263,0.2311,0.1775,-0.048,0.0524,0.0082,-0.014,-0.0581,202760950057_R04C01,Male,-0.0164,0.0171
AD_AIBL,AD_AIBL,AD_AIBL_HC,,ad,,-0.3848,0.0178,0.095,-0.0957,-0.0181,0.034,0.001,-0.0184,202760950057_R05C01,Male,-0.005,0.0032
AD_AIBL,AD_AIBL,AD_AIBL_HC,,hc,,-0.2904,0.1101,-0.1386,-0.0073,-0.0695,0.0468,-0.024,0.0261,202760950057_R07C01,Male,-0.0207,0.0359
AD_AIBL,AD_AIBL,AD_AIBL_HC,,mci,,-0.0733,-0.0398,-0.058,0.0517,0.0129,-0.0274,0.017,0.0197,202760950057_R08C01,Female,-0.0461,-0.0086
AD_AIBL,AD_AIBL,AD_AIBL_HC,,mci,,-0.0751,0.0764,-0.1071,-0.0485,0.0299,-0.0909,-0.0123,0.0003,202760950102_R01C01,Female,-0.0187,0.0261
AD_AIBL,AD_AIBL,AD_AIBL_HC,,ad,,-0.4948,0.1228,0.0991,0.0953,-0.0092,-0.038,-0.0095,0.011,202760950102_R04C01,Female,-0.0153,-0.0127
AD_AIBL,AD_AIBL,AD_AIBL_HC,,hc,,0.4004,-0.0475,0.0386,0.0617,0.0083,0.0136,0.0028,-0.0033,202760950102_R05C01,Female,0.0157,0.0203
AD_AIBL,AD_AIBL,AD_AIBL_HC,,hc,,0.3587,0.1459,0.1186,-0.0303,0.0786,0.0134,0.023,0.0253,202760950102_R07C01,Male,-0.0179,0.0138
AD_AIBL,AD_AIBL,AD_AIBL_HC,,hc,,-0.0489,0.1174,0.0362,-0.0375,-0.0241,-0.0899,-0.0151,-0.0228,202760950102_R08C01,Female,-0.0415,0.0031
AD_AIBL,AD_AIBL,AD_AIBL_HC,,hc,,0.0032,-0.0583,0.0453,0.0405,-0.0398,-0.0201,-0.0466,-0.0036,202760950105_R01C01,Female,0.0303,-0.0135
AD_AIBL,AD_AIBL,AD_AIBL_HC,,ad,,0.2992,0.3775,0.2265,-0.0159,0.0447,-0.0405,-0.0836,-0.0583,202760950105_R04C01,Male,-0.0611,0.0177
AD_AIBL,AD_AIBL,AD_AIBL_HC,,hc,,-0.0607,0.0414,-0.0505,-0.0816,0.0335,-0.067,0.0109,-0.0049,202760950105_R05C01,Female,0.0205,0.0123
AD_AIBL,AD_AIBL,AD_AIBL_HC,,hc,,0.4246,0.1612,-0.1877,0.0231,0.0801,0.094,-0.043,0.0193,202760950105_R06C01,Male,0.0198,-0.057
AD_AIBL,AD_AIBL,AD_AIBL_HC,,ad,,-0.0719,0.087,0.0445,0.0197,-0.0883,-0.0502,0.0079,0.0551,202760950105_R07C01,Female,0.0284,-0.016
AD_AIBL,AD_AIBL,AD_AIBL_HC,,hc,,0.424,-0.3872,0.1268,0.2874,0.0927,0.0978,-0.0246,0.0035,202760950105_R08C01,Female,-0.0144,-0.0096
AD_AIBL,AD_AIBL,AD_AIBL_HC,,ad,,0.3393,0.1924,0.1142,0.0407,0.0347,-0.0041,-0.0146,0.0409,202760950112_R02C01,Male,-0.0877,-0.0014
AD_AIBL,AD_AIBL,AD_AIBL_HC,,hc,,-0.6608,0.1422,-0.0683,-0.0138,0.0437,0.0335,0.0224,0.0297,202760950112_R03C01,Male,0.0025,0.0157
AD_AIBL,AD_AIBL,AD_AIBL_HC,,hc,,0.126,-0.097,-0.0628,-0.0468,-0.0263,-0.0279,0.0191,-0.0462,202760950112_R04C01,Female,0.0424,0.0262
AD_AIBL,AD_AIBL,AD_AIBL_HC,,hc,,0.3189,-0.0821,0.0983,0.0132,0.0757,-0.0331,0.0227,0.0162,202760950112_R05C01,Female,-0.0175,-0.0249
AD_AIBL,AD_AIBL,AD_AIBL_HC,,hc,,-0.5077,-0.0943,0.0693,0.0801,0.0263,-0.0224,-0.0105,-0.0133,202760950112_R07C01,Female,0.0142,-0.0043
AD_AIBL,AD_AIBL,AD_AIBL_HC,,mci,,-0.0999,-0.1648,0.0822,0.0486,-0.0152,-0.0273,-0.0071,0.0071,202760950113_R01C01,Female,-0.006,-0.0265
AD_AIBL,AD_AIBL,AD_AIBL_HC,,ad,,-0.0192,-0.1538,0.1146,-0.0696,-0.0038,0.05,-0.0537,0.0038,202760950113_R02C01,Male,0.0082,-0.032
AD_AIBL,AD_AIBL,AD_AIBL_HC,,mci,,-0.3174,0.1063,0.0339,0.0134,0.0063,-0.0746,-0.0341,-0.0301,202760950113_R03C01,Female,0.0061,0.0114
AD_AIBL,AD_AIBL,AD_AIBL_HC,,hc,,0.0825,0.0906,0.1006,-0.0372,0.0135,-0.0005,-0.0666,0.0099,202760950113_R06C01,Male,-0.0025,0.0031
AD_AIBL,AD_AIBL,AD_AIBL_HC,,ad,,0.1784,-0.0443,-0.0121,-0.0253,-0.0743,0.0905,-0.0159,-0.0181,202760950113_R07C01,Male,-0.0159,-0.0104
AD_AIBL,AD_AIBL,AD_AIBL_HC,,hc,,0.1001,0.1609,-0.103,-0.1267,-0.0104,-0.0039,0.0277,-0.0363,202760950113_R08C01,Male,-0.0201,0.03
AD_AIBL,AD_AIBL,AD_AIBL_HC,,hc,,-0.0958,-0.1477,-0.0437,-0.006,0.0325,-0.065,-0.032,-0.0036,202760950117_R01C01,Female,0.0357,0.0313
AD_AIBL,AD_AIBL,AD_AIBL_HC,,mci,,-0.0437,0.0187,0.0495,-0.1471,-0.0143,0.03,0.0714,0.037,202760950117_R02C01,Male,0.018,-0.017
AD_AIBL,AD_AIBL,AD_AIBL_HC,,hc,,-0.0103,-0.0918,-0.1111,0.0286,-0.105,-0.0134,0.0184,-0.0071,202760950117_R03C01,Female,-0.0172,0.0089
AD_AIBL,AD_AIBL,AD_AIBL_HC,,mci,,0.4466,0.252,0.1086,0.0223,0.0126,0.0594,-0.037,-0.042,202760950117_R04C01,Male,-0.0383,0.0263
AD_AIBL,AD_AIBL,AD_AIBL_HC,,mci,,-0.2836,-0.0543,0.0159,-0.0422,-0.0106,-0.0739,0.0168,0.0165,202760950117_R05C01,Female,0.0233,-0.0203
AD_AIBL,AD_AIBL,AD_AIBL_HC,,hc,,0.4366,0.027,0.0865,0.0904,0.0687,-0.0158,0.063,0.0598,202760950117_R07C01,Female,-0.0344,-0.0178
AD_AIBL,AD_AIBL,AD_AIBL_HC,,hc,,0.2632,0.047,0.0906,-0.034,0.0634,-0.0659,0.0264,0.0054,202760950119_R02C01,Female,0.0223,-0.0075
AD_AIBL,AD_AIBL,AD_AIBL_HC,,ad,,0.3479,0.1358,-0.6227,0.0786,0.2653,0.0189,-0.0491,-0.0863,202760950119_R05C01,Female,0.0313,-0.1984
AD_AIBL,AD_AIBL,AD_AIBL_HC,,ad,,-0.8335,-0.0335,0.0014,0.1971,-0.0016,0.0215,0.0323,-0.0131,202760950119_R06C01,Female,0.0029,-0.0034
AD_AIBL,AD_AIBL,AD_AIBL_HC,,hc,,0.1054,-0.0153,-0.0003,-0.0165,-0.0345,-0.0572,0.0296,0.0174,202760950123_R01C01,Female,-0.0036,-0.0068
AD_AIBL,AD_AIBL,AD_AIBL_HC,,hc,,-0.0598,0.0793,-0.0407,-0.0527,0.0408,-0.0993,-0.0583,0.0111,202760950123_R02C01,Female,0.0036,-0.0573
AD_AIBL,AD_AIBL,AD_AIBL_HC,,ad,,0.1898,-0.0289,0.0286,0.0776,-0.055,-0.0116,-0.0372,0.0099,202760950123_R03C01,Female,-0.0014,-0.0542
AD_AIBL,AD_AIBL,AD_AIBL_HC,,hc,,-0.1406,0.0597,0.0059,-0.0252,-0.0493,-0.0507,-0.0004,0.0154,202760950123_R04C01,Female,0.0203,-0.0052
AD_AIBL,AD_AIBL,AD_AIBL_HC,,ad,,-0.5015,-0.0158,-0.0069,0.033,-0.1492,0.1211,0.0401,-0.0356,202760950123_R05C01,Male,-0.0702,-0.0033
AD_AIBL,AD_AIBL,AD_AIBL_HC,,hc,,-0.0393,-0.0094,0.0107,-0.0199,-0.0082,0.0517,-0.023,-0.0249,202760950123_R06C01,Male,-0.0296,-0.009
AD_AIBL,AD_AIBL,AD_AIBL_HC,,ad,,-0.577,-0.0491,0.0646,0.0748,0.0682,-0.0615,0.0075,-0.0091,202760950123_R07C01,Female,-0.0164,0.0098
AD_AIBL,AD_AIBL,AD_AIBL_HC,,mci,,-0.1749,-0.02,0.0939,-0.0831,-0.003,0.0204,-0.0226,0.0005,202760950123_R08C01,Male,0.0323,-0.0002
AD_AIBL,AD_AIBL,AD_AIBL_HC,,mci,,-0.5197,0.0148,-0.0133,0.0804,-0.0022,0.0604,-0.0403,0.0391,202760950130_R02C01,Male,-0.0247,-0.009
AD_AIBL,AD_AIBL,AD_AIBL_HC,,mci,,-0.14,0.008,-0.0915,-0.0397,0.034,0.0273,-0.0309,0.0338,202760950130_R03C01,Male,-0.0253,0.036
AD_AIBL,AD_AIBL,AD_AIBL_HC,,hc,,0.2118,0.0531,0.0776,-0.0766,0.0005,0.0474,-0.0035,-0.0448,202760950130_R07C01,Male,-0.0196,-0.0044
AD_AIBL,AD_AIBL,AD_AIBL_HC,,hc,,-0.3194,-0.0797,0.0052,-0.0132,0.0016,-0.0399,-0.0342,-0.0068,202760950131_R01C01,Female,0.0223,-0.0018
AD_AIBL,AD_AIBL,AD_AIBL_HC,,hc,,0.247,0.238,0.1686,0.0667,-0.0472,-0.0973,-0.036,-0.0102,202760950131_R03C01,Female,-0.0617,-0.0434
AD_AIBL,AD_AIBL,AD_AIBL_HC,,hc,,0.262,-0.1284,-0.0303,0.0681,-0.0619,0.0213,-0.0319,0.0195,202760950131_R04C01,Female,0.0343,-0.0104
AD_AIBL,AD_AIBL,AD_AIBL_HC,,hc,,-0.0569,0.1362,0.1509,-0.1094,0.0466,-0.0429,-0.0223,-0.0779,202760950131_R05C01,Male,-0.0098,0.0006
AD_AIBL,AD_AIBL,AD_AIBL_HC,,ad,,0.0951,0.1087,0.032,0.0668,-0.1313,-0.0162,0.0462,-0.0233,202760950131_R08C01,Female,-0.0043,-0.0243
AD_AIBL,AD_AIBL,AD_AIBL_HC,,hc,,-0.0278,-0.0343,0.0479,-0.0588,-0.0172,0.0347,-0.0281,0.0399,202760950152_R02C01,Male,0.0653,-0.0179
AD_AIBL,AD_AIBL,AD_AIBL_HC,,hc,,0.2475,0.046,0.1169,-0.0314,0.0091,0.0446,-0.0297,-0.0396,202760950152_R04C01,Male,-0.0141,0.008
AD_AIBL,AD_AIBL,AD_AIBL_HC,,hc,,0.1717,0.3413,0.0784,-0.0266,-0.0049,0.0017,-0.0379,-0.0184,202760950152_R05C01,Male,0.004,0.0167
AD_AIBL,AD_AIBL,AD_AIBL_HC,,hc,,0.2215,-0.1697,-0.2223,-0.0175,0.0298,-0.0291,0.0025,-0.0616,202760950152_R06C01,Female,0.0086,0.0432
AD_AIBL,AD_AIBL,AD_AIBL_HC,,ad,,-1.0889,-0.0442,0.0642,0.1234,0.1405,0.1128,0.0553,-0.0168,202760950170_R01C01,Male,0.0332,0.0149
AD_AIBL,AD_AIBL,AD_AIBL_HC,,ad,,-0.2952,-0.0773,0.0035,0.0683,-0.0241,-0.0342,0.0231,0.0469,202760950170_R04C01,Female,0.008,-0.0122
AD_AIBL,AD_AIBL,AD_AIBL_HC,,hc,,0.2057,-0.2113,0.0591,0.0414,-0.0222,-0.0172,0.002,-0.0206,202760950170_R05C01,Female,0.0046,-0.0042
AD_AIBL,AD_AIBL,AD_AIBL_HC,,hc,,0.0301,0.0852,0.0509,-0.0166,-0.0386,0.0384,-0.0062,0.0161,202760950170_R06C01,Male,-0.0059,-0.0005
AD_AIBL,AD_AIBL,AD_AIBL_HC,,mci,,-0.1064,0.022,0.3464,0.5847,0.4045,0.2563,0.1227,-0.0642,202760950170_R07C01,Male,0.1373,0.0364
AD_AIBL,AD_AIBL,AD_AIBL_HC,,ad,,-0.3352,-0.0792,0.0467,-0.0117,-0.0255,0.0609,-0.0026,-0.0273,202760950170_R08C01,Male,0.0022,-0.0202
AD_AIBL,AD_AIBL,AD_AIBL_HC,,hc,,0.1219,0.1304,-0.0457,0.0397,-0.0669,-0.034,-0.0318,0.0133,202760950174_R01C01,Female,0.0061,0.0372
AD_AIBL,AD_AIBL,AD_AIBL_HC,,hc,,0.3436,0.1639,0.0915,0.0367,0.0447,-0.0748,-0.0124,-0.011,202760950174_R02C01,Female,-0.0174,0.0032
AD_AIBL,AD_AIBL,AD_AIBL_HC,,hc,,-0.2914,-0.0919,0.0144,-0.1045,-0.0007,0.0307,-0.0083,-0.0496,202760950174_R04C01,Male,-0.0396,-0.0032
AD_AIBL,AD_AIBL,AD_AIBL_HC,,hc,,-0.34,-0.0553,0.0498,0.0824,-0.0572,-0.0466,-0.0211,0.0168,202760950174_R05C01,Female,-0.0066,-0.0134
AD_AIBL,AD_AIBL,AD_AIBL_HC,,mci,,0.1223,0.0827,0.1137,-0.0809,0.0489,-0.0026,-0.011,0.0151,202760950174_R06C01,Male,0.0392,0.0081
AD_AIBL,AD_AIBL,AD_AIBL_HC,,hc,,0.0611,-0.008,0.0438,-0.0192,0.0155,-0.0692,0.0395,0.0419,202760950174_R08C01,Female,0.0145,-0.0363
AD_AIBL,AD_AIBL,AD_AIBL_HC,,ad,,-0.6085,-0.0408,0.033,0.0691,0.0186,0.0755,-0.0161,0.019,202761400001_R01C01,Male,0.0073,-0.0105
AD_AIBL,AD_AIBL,AD_AIBL_HC,,hc,,0.3435,0.1711,0.0506,0.0343,-0.0112,0.0687,-0.0041,0.0444,202761400001_R03C01,Male,-0.0491,-0.0165
AD_AIBL,AD_AIBL,AD_AIBL_HC,,hc,,-0.3624,0.0022,-0.0204,0.1302,-0.0381,0.005,-0.0054,-0.0015,202761400001_R04C01,Female,0.0009,0.0164
AD_AIBL,AD_AIBL,AD_AIBL_HC,,hc,,-0.2674,-0.0019,-0.0258,-0.1143,0.0533,0.0087,-0.0146,0.0377,202761400001_R05C01,Male,0.0287,-0.0277
AD_AIBL,AD_AIBL,AD_AIBL_HC,,hc,,-0.0091,0.0623,0.0089,-0.0192,-0.0477,-0.0513,0.0027,-0.005,202761400001_R06C01,Female,0.0492,-0.0183
AD_AIBL,AD_AIBL,AD_AIBL_HC,,mci,,0.051,0.0409,-0.0699,-0.0069,-0.0281,-0.0466,0.0293,0.0106,202761400001_R07C01,Female,0.0035,-0.0014
AD_AIBL,AD_AIBL,AD_AIBL_HC,,hc,,0.3432,0.0617,0.012,-0.009,-0.0175,-0.0072,0.1125,-0.0187,202761400001_R08C01,Female,-0.0046,0.0119
AD_AIBL,AD_AIBL,AD_AIBL_HC,,hc,,0.1046,-0.1616,-0.0034,-0.0721,0.0609,0.0351,0.0099,0.0101,202761400004_R01C01,Male,-0.0223,0.0049
AD_AIBL,AD_AIBL,AD_AIBL_HC,,hc,,-0.0478,-0.2826,0.0523,-0.0783,-0.0158,0.0556,-0.0288,-0.0448,202761400004_R02C01,Male,-0.0376,-0.0003
AD_AIBL,AD_AIBL,AD_AIBL_HC,,hc,,-0.1805,0.1588,-0.0229,0.0228,-0.0783,0.0728,-0.0093,-0.0316,202761400004_R03C01,Male,-0.0117,0.0227
AD_AIBL,AD_AIBL,AD_AIBL_HC,,hc,,-0.2943,-0.0146,0.0702,0.0426,-0.001,0.0531,-0.0515,0.0017,202761400004_R05C01,Male,-0.0237,0.0011
AD_AIBL,AD_AIBL,AD_AIBL_HC,,hc,,-0.1464,0.0422,0.0762,-0.0183,-0.0488,0.0231,-0.0439,0.0193,202761400004_R06C01,Male,0.0329,0.0021
AD_AIBL,AD_AIBL,AD_AIBL_HC,,mci,,-0.1067,0.0822,-0.1099,-0.091,-0.0047,0.0216,-0.0282,0.0354,202761400004_R07C01,Male,0.0298,0.0134
AD_AIBL,AD_AIBL,AD_AIBL_HC,,mci,,0.1894,-0.048,0.0835,-0.0317,0.0438,-0.0547,0.0646,0.0136,202761400005_R01C01,Female,-0.022,-0.024
AD_AIBL,AD_AIBL,AD_AIBL_HC,,hc,,0.0845,-0.1904,0.0554,-0.0188,-0.0122,-0.0384,0.0387,-0.0053,202761400005_R02C01,Female,0.0228,-0.0051
AD_AIBL,AD_AIBL,AD_AIBL_HC,,hc,,0.3847,-0.0908,-0.015,0.1191,-0.03,-0.0165,-0.0447,-0.0023,202761400005_R05C01,Female,-0.0302,0.0415
AD_AIBL,AD_AIBL,AD_AIBL_HC,,ad,,-0.7783,0.0187,0.0791,0.2289,0.0279,0.017,0.0034,-0.0221,202761400005_R06C01,Female,-0.0021,0.0027
AD_AIBL,AD_AIBL,AD_AIBL_HC,,hc,,0.1392,0.0206,-0.0371,-0.1188,-0.0254,0.033,0.0828,-0.0193,202761400005_R07C01,Male,-0.0419,0.007
AD_AIBL,AD_AIBL,AD_AIBL_HC,,hc,,-0.2822,0.0447,0.0616,0.0005,-0.0331,0.033,-0.0172,0.0047,202761400005_R08C01,Male,-0.0416,0.007
AD_AIBL,AD_AIBL,AD_AIBL_HC,,mci,,-0.0372,0.104,0.1403,-0.0464,-0.0355,-0.0765,0.0569,-0.0189,202761400010_R01C01,Female,0.0418,-0.0097
AD_AIBL,AD_AIBL,AD_AIBL_HC,,ad,,0.1807,-0.0092,0.1432,-0.0492,-0.001,-0.0827,0.0429,-0.0497,202761400010_R02C01,Female,0.0103,-0.0339
AD_AIBL,AD_AIBL,AD_AIBL_HC,,hc,,-0.4057,-0.1168,0.0884,-0.1161,-0.0308,-0.0802,0.0441,-0.074,202761400010_R03C01,Female,0.029,-0.0205
AD_AIBL,AD_AIBL,AD_AIBL_HC,,hc,,0.3431,-0.1963,-0.041,0.0477,0.005,0.0526,0.0315,0.0416,202761400010_R04C01,Female,0.0238,-0.0153
AD_AIBL,AD_AIBL,AD_AIBL_HC,,ad,,0.2432,0.0345,0.0035,0.0029,-0.0131,-0.059,0.0146,-0.0136,202761400010_R05C01,Female,0.0024,-0.009
AD_AIBL,AD_AIBL,AD_AIBL_HC,,hc,,0.1921,-0.1761,0.0255,-0.0037,0.0148,-0.0309,0.0245,0.0298,202761400010_R06C01,Female,0.0074,-0.0077
AD_AIBL,AD_AIBL,AD_AIBL_HC,,mci,,-0.1348,-0.1241,-0.0007,-0.0805,0.0162,0.0289,-0.074,0.0076,202761400010_R08C01,Male,0.0513,0.0168
AD_AIBL,AD_AIBL,AD_AIBL_HC,,hc,,-0.3736,-0.0628,0.0304,0.0658,0.0401,-0.0497,-0.0326,-0.0062,202761400022_R01C01,Female,-0.0276,0.0048
AD_AIBL,AD_AIBL,AD_AIBL_HC,,mci,,-0.0481,-0.0013,-0.0498,0.001,-0.0209,-0.0468,-0.0378,0.0272,202761400022_R02C01,Female,0.0218,0.0272
AD_AIBL,AD_AIBL,AD_AIBL_HC,,hc,,0.1143,0.0737,-0.0692,-0.1267,0.0764,0.0009,-0.012,-0.0166,202761400022_R03C01,Male,0.0309,0.0282
AD_AIBL,AD_AIBL,AD_AIBL_HC,,hc,,0.1005,0.0831,0.0186,-0.0478,-0.0559,0.0391,0.0186,0.0533,202761400022_R05C01,Male,-0.031,-0.0204
AD_AIBL,AD_AIBL,AD_AIBL_HC,,hc,,0.1295,0.0146,-0.2121,-0.1091,-0.014,0.0788,0.0526,0.016,202761400022_R06C01,Male,-0.0115,0.0374
AD_AIBL,AD_AIBL,AD_AIBL_HC,,hc,,-0.3263,0.0339,-0.0547,-0.0117,0.0183,0.0526,-0.0163,-0.0458,202761400022_R08C01,Male,0.0139,-0.0328
AD_AIBL,AD_AIBL,AD_AIBL_HC,,hc,,0.123,0.0953,-0.008,0.0053,-0.1002,0.1027,0.0272,-0.0336,202761400086_R01C01,Male,0.0111,0.0222
AD_AIBL,AD_AIBL,AD_AIBL_HC,,hc,,-0.5885,0.0273,0.0185,0.0668,0.0096,-0.0413,0.0386,0.0301,202761400086_R03C01,Female,0.0172,-0.0005
AD_AIBL,AD_AIBL,AD_AIBL_HC,,ad,,0.4936,-0.064,-0.0211,0.1085,0.0319,0.0151,0.0297,-0.0168,202761400086_R04C01,Female,0.0002,0.0411
AD_AIBL,AD_AIBL,AD_AIBL_HC,,hc,,0.2596,-0.0842,0.048,-0.0239,-0.0388,0.1022,-0.0192,0.0236,202761400086_R07C01,Male,0.0265,-0.0072
AD_AIBL,AD_AIBL,AD_AIBL_HC,,hc,,-0.2473,0.0561,0.0567,-0.0052,-0.0724,-0.0447,0.0547,0.0046,202761400086_R08C01,Female,0.0384,-0.0215
AD_AIBL,AD_AIBL,AD_AIBL_HC,,hc,,0.1327,0.0219,-0.038,0.0069,0.0069,-0.0603,-0.001,0.0461,202764140005_R01C01,Female,-0.031,-0.0045
AD_AIBL,AD_AIBL,AD_AIBL_HC,,hc,,0.1991,-0.0299,0.0134,0.0266,-0.058,-0.0282,0.0051,0.026,202764140005_R05C01,Female,0.0647,0.0056
AD_AIBL,AD_AIBL,AD_AIBL_HC,,hc,,0.0236,0.0518,0.0205,-0.0104,-0.0311,0.0531,-0.0301,0.0169,202764140005_R06C01,Male,-0.0339,0.0266
AD_AIBL,AD_AIBL,AD_AIBL_HC,,hc,,0.2066,0.0849,-0.106,-0.0835,-0.0233,0.0663,0.0303,-0.0292,202764140005_R07C01,Male,0.0041,-0.0433
AD_AIBL,AD_AIBL,AD_AIBL_HC,,ad,,0.2612,0.0964,0.083,0.033,-0.1032,-0.0057,-0.0035,0.0036,202764140038_R01C01,Female,0.0468,0.0099
AD_AIBL,AD_AIBL,AD_AIBL_HC,,hc,,0.0023,-0.0382,0.0254,-0.0097,-0.0281,-0.0469,0.0248,0.0038,202764140038_R04C01,Female,-0.001,-0.0021
AD_AIBL,AD_AIBL,AD_AIBL_HC,,mci,,0.0875,0.2222,0.0732,-0.0213,-0.0473,0.0332,-0.0319,-0.0072,202764140038_R05C01,Male,-0.0076,0.026
AD_AIBL,AD_AIBL,AD_AIBL_HC,,hc,,-0.0302,-0.0077,-0.0061,-0.0324,-0.0649,0.0491,-0.0179,-0.0099,202764140038_R06C01,Male,-0.0113,0.003
AD_AIBL,AD_AIBL,AD_AIBL_HC,,hc,,-0.0557,0.0424,0.0573,-0.0355,-0.0501,0.0914,0.0453,0.0625,202764140044_R02C01,Male,-0.0252,-0.0071
AD_AIBL,AD_AIBL,AD_AIBL_HC,,mci,,-0.23,0.0607,0.0979,-0.0203,0.0401,-0.0305,0.0632,0.0288,202764140044_R03C01,Female,0.0508,-0.0279
AD_AIBL,AD_AIBL,AD_AIBL_HC,,hc,,0.1744,-0.0094,-0.0391,-0.07,0.0742,0.0326,-0.0062,0.0139,202764140044_R04C01,Male,-0.025,-0.0351
AD_AIBL,AD_AIBL,AD_AIBL_HC,,hc,,0.0339,0.159,0.0635,-0.0636,0.0158,-0.0008,-0.0422,0.0158,202764140044_R05C01,Male,-0.0451,-0.0092
AD_AIBL,AD_AIBL,AD_AIBL_HC,,hc,,-0.5827,0.1364,-0.0656,-0.1027,0.0414,0.0047,0.0242,0.0302,202764140044_R06C01,Male,0.0011,0.0096
AD_AIBL,AD_AIBL,AD_AIBL_HC,,hc,,0.3835,0.0018,-0.1065,0.0438,0.0578,0.0021,0.0447,0.027,202764140044_R07C01,Female,0.0007,0.0155
AD_AIBL,AD_AIBL,AD_AIBL_HC,,hc,,0.0376,0.1203,-0.0013,-0.0359,-0.0292,0.0518,-0.0194,0.0065,202764140081_R03C01,Male,-0.01,0.0365
AD_AIBL,AD_AIBL,AD_AIBL_HC,,hc,,0.1562,-0.0948,0.0184,-0.0127,0.0281,0.0537,-0.1047,-0.0262,202764140081_R04C01,Male,-0.0137,0.0523
AD_AIBL,AD_AIBL,AD_AIBL_HC,,hc,,0.2524,0.007,-0.0299,0.0405,-0.0349,-0.0214,-0.0031,0.0357,202764140081_R05C01,Female,-0.0084,0.0183
AD_AIBL,AD_AIBL,AD_AIBL_HC,,ad,,-0.5118,0.2032,-0.209,-0.0014,0.01,-0.0882,0.0087,-0.0071,202764140081_R06C01,Female,-0.0248,0.0561
AD_AIBL,AD_AIBL,AD_AIBL_HC,,hc,,-0.2579,0.2074,0.069,-0.008,0.0116,-0.0886,0.0103,0.0383,202764140081_R07C01,Female,0.04,-0.0062
AD_AIBL,AD_AIBL,AD_AIBL_HC,,ad,,-0.2,-0.0844,0.0834,-0.1058,-0.0075,-0.0674,0.0671,0.0237,202764140088_R02C01,Female,0.0379,-0.0188
AD_AIBL,AD_AIBL,AD_AIBL_HC,,hc,,0.4607,-0.0107,-0.1525,0.0953,0.1047,0.0397,0.0016,-0.0492,202764140088_R03C01,Female,0.0395,-0.0489
AD_AIBL,AD_AIBL,AD_AIBL_HC,,hc,,-0.1129,-0.0725,-0.0418,0.0363,-0.1677,0.0255,0.0044,-0.046,202764140088_R04C01,Female,-0.0113,-0.0088
AD_AIBL,AD_AIBL,AD_AIBL_HC,,hc,,-0.3242,-0.024,0.0129,-0.0251,0.0049,0.0166,0.0189,0.0137,202764140088_R05C01,Male,0.0318,0.0056
AD_AIBL,AD_AIBL,AD_AIBL_HC,,hc,,-0.0514,-0.2041,0.0009,-0.0141,0.0197,-0.0506,0.0209,-0.0076,202764140088_R06C01,Female,-0.0188,-0.0005
AD_AIBL,AD_AIBL,AD_AIBL_HC,,ad,,-0.7161,0.0448,-0.0251,-0.0045,0.0248,0.0443,0.0483,0.0222,202764140088_R08C01,Male,0.0369,-0.0084
AD_AIBL,AD_AIBL,AD_AIBL_HC,,hc,,0.2746,0.1754,-0.1188,-0.0114,0.049,0.0704,0.0086,0.0315,202764140090_R01C01,Male,0.0316,-0.0789
AD_AIBL,AD_AIBL,AD_AIBL_HC,,hc,,-0.0519,0.019,0.0687,0.0051,-0.0655,0.0787,-0.0414,-0.0085,202764140090_R02C01,Male,0.002,-0.0071
AD_AIBL,AD_AIBL,AD_AIBL_HC,,hc,,0.1023,-0.0343,-0.0377,0.0201,-0.0306,-0.0416,-0.0421,0.0205,202764140090_R03C01,Female,-0.0132,0.0377
AD_AIBL,AD_AIBL,AD_AIBL_HC,,hc,,0.1367,0.0235,-0.0909,0.0293,-0.0302,-0.0519,0.0155,0.0176,202764140090_R07C01,Female,-0.0268,-0.0271
AD_AIBL,AD_AIBL,AD_AIBL_HC,,hc,,0.4296,0.1724,0.0098,0.0418,0.0302,0.0589,-0.0797,-0.0227,202764140144_R02C01,Male,-0.007,0.0231
AD_AIBL,AD_AIBL,AD_AIBL_HC,,hc,,-0.1826,0.016,-0.1516,-0.0868,0.0061,-0.0474,0.0464,-0.0265,202764140144_R03C01,Female,0.0285,0.0157
AD_AIBL,AD_AIBL,AD_AIBL_HC,,hc,,-0.0611,0.0744,0.0217,0.0099,0.0097,-0.0299,-0.0178,-0.0137,202764140144_R05C01,Female,0.005,0.0335
AD_AIBL,AD_AIBL,AD_AIBL_HC,,hc,,-0.1645,-0.1965,0.0517,-0.1248,0.0758,0.014,0.0226,-0.007,202764140144_R06C01,Male,-0.018,0.0019
AD_AIBL,AD_AIBL,AD_AIBL_HC,,ad,,-0.6504,0.0931,0.0378,0.0396,-0.0446,-0.0506,0.0516,-0.0078,202764140144_R07C01,Female,0.0167,-0.0124
AD_AIBL,AD_AIBL,AD_AIBL_HC,,hc,,-0.1072,0.1517,0.0149,0.0988,-0.0669,-0.005,0.0046,0.0132,202764140144_R08C01,Female,-0.0111,-0.0189
AD_AIBL,AD_AIBL,AD_AIBL_HC,,hc,,0.1192,-0.2106,0.0346,0.023,-0.0003,-0.0164,-0.012,-0.014,202772890011_R01C01,Female,0.0366,0.0233
AD_AIBL,AD_AIBL,AD_AIBL_HC,,mci,,-0.2451,0.1196,0.0231,-0.1286,0.0747,-0.016,-0.0489,-0.0242,202772890011_R02C01,Male,0.0213,0.0325
AD_AIBL,AD_AIBL,AD_AIBL_HC,,hc,,0.1318,-0.1469,0.0448,-0.0034,0.0277,-0.0183,-0.0336,0.0103,202772890011_R03C01,Female,0.0196,-0.0094
AD_AIBL,AD_AIBL,AD_AIBL_HC,,hc,,-0.5193,-0.0935,0.0414,-0.022,0.0505,-0.0743,-0.0448,-0.0022,202772890011_R04C01,Female,0.0138,-0.0067
AD_AIBL,AD_AIBL,AD_AIBL_HC,,hc,,-0.1434,0.0293,-0.0964,0.0118,0.0392,-0.0239,-0.0378,-0.0266,202772890011_R05C01,Female,0.014,-0.0129
AD_AIBL,AD_AIBL,AD_AIBL_HC,,hc,,-0.1817,-0.1732,0.0516,-0.0316,-0.0075,0.033,-0.0399,-0.0174,202772890011_R07C01,Male,-0.0524,0.0067
AD_AIBL,AD_AIBL,AD_AIBL_HC,,hc,,0.0364,-0.0619,0.0819,-0.0196,-0.0346,0.0414,-0.001,0.0241,202772890011_R08C01,Male,-0.0243,-0.017
AD_AIBL,AD_AIBL,AD_AIBL_HC,,hc,,0.0742,0.1035,-0.1073,-0.0552,0.0292,-0.1029,0.0433,0.0462,202772890012_R01C01,Female,-0.0205,0.0223
AD_AIBL,AD_AIBL,AD_AIBL_HC,,ad,,0.0016,0.1759,0.0833,-0.1084,0.0205,-0.0207,-0.0289,-0.0189,202772890012_R02C01,Male,-0.0036,0.0084
AD_AIBL,AD_AIBL,AD_AIBL_HC,,hc,,0.1832,-0.1629,0.0268,-0.0392,0.112,-0.0874,0.0014,0.0024,202772890012_R04C01,Female,0.0357,0.0022
AD_AIBL,AD_AIBL,AD_AIBL_HC,,hc,,0.4021,0.3122,0.1179,-0.0494,0.0539,0.0336,0.0539,0.0226,202772890012_R06C01,Male,0.0349,0.0245
AD_AIBL,AD_AIBL,AD_AIBL_HC,,hc,,0.1133,0.0821,0.1252,-0.0001,-0.0446,-0.0554,-0.0367,-0.0528,202772890012_R07C01,Female,-0.0091,-0.0145
AD_AIBL,AD_AIBL,AD_AIBL_HC,,hc,,0.1804,-0.1001,0.0462,0.0555,-0.122,0.1026,-0.0642,0.0156,202772890012_R08C01,Male,-0.0147,-0.0072
AD_AIBL,AD_AIBL,AD_AIBL_HC,,hc,,-0.1408,0.0025,-0.0032,-0.0787,0.0419,0.0184,-0.0133,-0.0134,202772890076_R02C01,Male,0.0017,-0.0093
AD_AIBL,AD_AIBL,AD_AIBL_HC,,ad,,-0.0349,0.0042,-0.0594,-0.0979,0.0145,0.0069,0.0255,0.0672,202772890076_R03C01,Male,-0.0129,0.0116
AD_AIBL,AD_AIBL,AD_AIBL_HC,,hc,,0.2915,0.047,0.1379,-0.0125,-0.0129,0.0238,-0.0137,-0.0485,202772890076_R04C01,Male,-0.0071,-0.0207
AD_AIBL,AD_AIBL,AD_AIBL_HC,,ad,,0.1317,-0.1413,0.0251,-0.003,-0.0147,0.0459,-0.0471,0.0484,202772890076_R05C01,Male,-0.0289,0.0103
AD_AIBL,AD_AIBL,AD_AIBL_HC,,hc,,0.1867,-0.1963,-0.1832,0.0216,0.037,-0.0246,-0.0293,-0.0166,202772890076_R07C01,Female,0.0045,0.0365
AD_AIBL,AD_AIBL,AD_AIBL_HC,,hc,,0.1425,0.1586,-0.1518,-0.0333,0.0199,-0.0805,0.0084,0.0091,202772890076_R08C01,Female,0.0085,0.0346
AD_AIBL,AD_AIBL,AD_AIBL_HC,,mci,,-0.8631,0.0002,0.0788,0.1114,0.1295,0.0673,0.0173,-0.0325,202790040004_R02C01,Male,0.0088,0.0102
AD_AIBL,AD_AIBL,AD_AIBL_HC,,hc,,0.5723,0.14,0.1344,0.1608,-0.0126,0.0218,0.0464,0.0235,202790040004_R04C01,Female,-0.0015,0.0021
AD_AIBL,AD_AIBL,AD_AIBL_HC,,hc,,0.0163,-0.0508,0.1298,-0.0507,0.0326,0.0082,-0.0747,-0.022,202790040004_R06C01,Male,-0.0058,0.0159
AD_AIBL,AD_AIBL,AD_AIBL_HC,,hc,,0.1316,-0.029,0.0762,-0.0045,-0.0083,-0.0521,0.0338,0.0592,202790040004_R07C01,Female,-0.015,-0.01
AD_AIBL,AD_AIBL,AD_AIBL_HC,,hc,,-0.6305,0.1502,0.0009,-0.0128,0.0199,0.0471,0.0508,-0.0292,202790040004_R08C01,Male,0.018,0.0036
AD_AIBL,AD_AIBL,AD_AIBL_HC,,hc,,0.384,-0.1294,0.0013,0.0964,-0.0091,0.0164,-0.0034,0.0085,202790040005_R01C01,Female,0.0193,0.0081
AD_AIBL,AD_AIBL,AD_AIBL_HC,,hc,,0.3377,0.1041,-0.1099,-0.0674,0.1377,0.0497,0.0775,-0.0033,202790040005_R02C01,Male,-0.0492,0.0452
AD_AIBL,AD_AIBL,AD_AIBL_HC,,ad,,0.0804,0.0786,0.0219,0.0783,-0.0212,-0.0471,-0.0014,0.0316,202790040005_R03C01,Female,-0.0307,-0.0001
AD_AIBL,AD_AIBL,AD_AIBL_HC,,ad,,-0.7391,-0.0794,0.0926,0.1338,0.1409,0.0791,0.013,-0.0223,202790040005_R04C01,Male,-0.0013,-0.0138
AD_AIBL,AD_AIBL,AD_AIBL_HC,,ad,,0.0003,-0.0693,0.0031,0.0197,-0.0081,-0.0312,-0.0091,0.0174,202790040005_R05C01,Female,-0.0204,-0.0276
AD_AIBL,AD_AIBL,AD_AIBL_HC,,hc,,0.2959,-0.03,0.1299,-0.0249,0.0924,0.0481,-0.0535,-0.0322,202790040005_R06C01,Male,-0.0106,-0.0041
AD_AIBL,AD_AIBL,AD_AIBL_HC,,ad,,-1.0681,0.0924,0.0221,0.1915,0.0187,-0.0041,0.063,-0.0153,202790040005_R08C01,Female,-0.0065,-0.0057
AD_AIBL,AD_AIBL,AD_AIBL_HC,,ad,,0.0113,0.1089,0.1563,-0.141,0.0606,-0.0289,0.0773,0.105,202790040008_R01C01,Male,-0.0331,-0.0395
AD_AIBL,AD_AIBL,AD_AIBL_HC,,hc,,0.2258,-0.032,0.0412,0.0021,-0.0048,0.0734,-0.0359,-0.0178,202790040008_R02C01,Male,-0.0531,-0.0132
AD_AIBL,AD_AIBL,AD_AIBL_HC,,hc,,0.3968,0.1838,0.0358,0.0482,0.022,-0.0438,0.0278,-0.0079,202790040008_R03C01,Female,0.0019,0.0175
AD_AIBL,AD_AIBL,AD_AIBL_HC,,mci,,0.2799,-0.3027,-0.0497,0.0544,0.0089,0.0256,-0.047,-0.0225,202790040008_R04C01,Female,0.0227,0.0328
AD_AIBL,AD_AIBL,AD_AIBL_HC,,hc,,0.3094,0.0731,0.0182,0.0313,-0.0169,-0.034,-0.0282,-0.0257,202790040008_R08C01,Female,0.0148,0.0063
AD_AIBL,AD_AIBL,AD_AIBL_HC,,hc,,0.1356,-0.0579,-0.0828,0.0271,-0.043,-0.0384,0.0331,0.0311,202790040009_R01C01,Female,-0.0183,0.0063
AD_AIBL,AD_AIBL,AD_AIBL_HC,,hc,,0.2632,-0.1647,0.0721,0.0737,-0.0486,0.0038,-0.0208,-0.0068,202790040009_R02C01,Female,0.0229,-0.0293
AD_AIBL,AD_AIBL,AD_AIBL_HC,,ad,,-0.1516,-0.1127,-0.0857,-0.086,-0.0165,0.0299,-0.0262,0.0176,202790040009_R04C01,Male,-0.0205,0.0047
AD_AIBL,AD_AIBL,AD_AIBL_HC,,mci,,-0.0747,0.1493,0.1247,0.0425,-0.0111,-0.067,-0.0412,-0.0639,202790040009_R05C01,Female,0.0361,0.0322
AD_AIBL,AD_AIBL,AD_AIBL_HC,,hc,,0.3736,-0.1115,0.0047,0.0739,-0.0223,0.0088,-0.0128,-0.0323,202790040009_R06C01,Female,0.0036,0.0185
AD_AIBL,AD_AIBL,AD_AIBL_HC,,ad,,-0.0907,-0.149,-0.1519,-0.0277,0.0272,-0.0377,-0.0106,-0.0051,202790040009_R07C01,Female,0.0009,0.0379
AD_AIBL,AD_AIBL,AD_AIBL_HC,,ad,,0.1647,0.0679,-0.0949,0.0185,-0.0134,-0.0365,-0.0145,0.0256,202790040009_R08C01,Female,0.0311,-0.0377
AD_AIBL,AD_AIBL,AD_AIBL_HC,,ad,,0.2217,0.2165,0.0787,0.0069,0.0133,0.0339,-0.1048,0.0099,202790040016_R01C01,Male,-0.0096,0.0352
AD_AIBL,AD_AIBL,AD_AIBL_HC,,hc,,-0.1136,0.0667,0.0364,0.0053,-0.0109,-0.0582,-0.0033,-0.0537,202790040016_R03C01,Female,0.0097,-0.0177
AD_AIBL,AD_AIBL,AD_AIBL_HC,,mci,,-0.2843,-0.0219,0.0038,-0.0872,0.0226,0.0574,0.019,-0.0115,202790040016_R04C01,Male,0.0076,-0.0299
AD_AIBL,AD_AIBL,AD_AIBL_HC,,mci,,-0.233,-0.0091,-0.0178,-0.0714,0.0075,0.0213,0.0093,-0.0049,202790040016_R05C01,Male,-0.0089,-0.0103
AD_AIBL,AD_AIBL,AD_AIBL_HC,,hc,,-0.35,0.022,0.1088,0.0339,0.0213,-0.0692,0.0036,-0.0163,202790040016_R06C01,Female,0.0366,-0.0022
AD_AIBL,AD_AIBL,AD_AIBL_HC,,ad,,-0.0867,-0.0709,-0.0013,0.0304,-0.0297,-0.0214,-0.0309,0.0284,202790040016_R08C01,Female,0.019,-0.0349
AD_AIBL,AD_AIBL,AD_AIBL_HC,,hc,,-0.365,0.0363,-0.0912,0.0429,-0.0088,-0.0863,-0.0221,0.051,202790040017_R01C01,Female,-0.009,-0.0009
AD_AIBL,AD_AIBL,AD_AIBL_HC,,hc,,-0.0434,-0.1339,0.0465,-0.0482,0.0212,0.0392,0.0076,0.0412,202790040017_R03C01,Male,-0.0008,-0.0161
AD_AIBL,AD_AIBL,AD_AIBL_HC,,hc,,0.1604,-0.1065,-0.0272,0.0404,-0.0056,-0.0163,0.0027,0.0395,202790040017_R06C01,Female,0.0147,0.0289
AD_AIBL,AD_AIBL,AD_AIBL_HC,,hc,,-0.0997,-0.0502,-0.0146,-0.0513,-0.0627,0.0637,-0.0422,0.0139,202790040018_R01C01,Male,0.0212,0.0031
AD_AIBL,AD_AIBL,AD_AIBL_HC,,hc,,0.1277,-0.2575,0.0136,0.0896,-0.0258,-0.0139,-0.0652,0.0335,202790040018_R02C01,Female,-0.0567,0.0078
AD_AIBL,AD_AIBL,AD_AIBL_HC,,hc,,0.0522,0.0071,0.082,-0.1241,0.0298,-0.004,0.0238,0.0302,202790040018_R03C01,Male,-0.0569,-0.0168
AD_AIBL,AD_AIBL,AD_AIBL_HC,,hc,,0.0565,0.0063,0.0202,-0.0926,0.0438,0.0139,-0.0066,0.0706,202790040018_R04C01,Male,-0.0132,-0.0095
AD_AIBL,AD_AIBL,AD_AIBL_HC,,hc,,-0.2531,-0.1874,-0.0844,-0.0912,0.0478,0.032,-0.0368,-0.0016,202790040018_R05C01,Male,0.0035,0.0314
AD_AIBL,AD_AIBL,AD_AIBL_HC,,hc,,0.1692,0.2323,0.0555,-0.0371,0.0074,-0.0021,-0.023,-0.0402,202790040018_R06C01,Male,-0.0285,0.0071
AD_AIBL,AD_AIBL,AD_AIBL_HC,,hc,,0.2995,-0.0263,0.0526,0.013,0.0574,-0.0412,0.009,-0.014,202790040018_R07C01,Female,0.0179,0.0047
AD_AIBL,AD_AIBL,AD_AIBL_HC,,hc,,-0.0588,-0.0831,-0.0589,-0.0985,0.0132,-0.0486,0.0695,0.0264,202790040018_R08C01,Female,0.0463,0.0133
AD_AIBL,AD_AIBL,AD_AIBL_HC,,ad,,0.197,-0.1329,0.0532,0.0183,-0.0438,-0.0377,-0.0033,0.0046,202790040032_R02C01,Female,-0.0278,-0.0027
AD_AIBL,AD_AIBL,AD_AIBL_HC,,mci,,0.1295,0.2683,0.0111,0.0156,-0.0806,0.0717,-0.0679,-0.0125,202790040032_R04C01,Male,0.0181,0.0058
AD_AIBL,AD_AIBL,AD_AIBL_HC,,hc,,-0.052,-0.0098,-0.1933,-0.0066,0.0172,-0.045,-0.0118,0.0112,202790040032_R05C01,Female,0.0015,0.0427
AD_AIBL,AD_AIBL,AD_AIBL_HC,,hc,,0.0277,-0.0444,-0.0525,0.0019,0.0254,-0.042,0.0057,0.0061,202790040032_R06C01,Female,-0.0361,0.0111
AD_AIBL,AD_AIBL,AD_AIBL_HC,,hc,,0.3747,0.2048,0.0068,-0.0238,0.0128,0.0593,0.0251,0.0362,202790040032_R07C01,Male,-0.0143,0.0087
AD_AIBL,AD_AIBL,AD_AIBL_HC,,hc,,0.0088,0.1099,0.01,-0.0167,0.0093,-0.0686,0.0373,-0.0139,202790040032_R08C01,Female,0.0077,-0.0007
AD_AIBL,AD_AIBL,AD_AIBL_HC,,ad,,0.0052,-0.2587,0.1286,-0.0748,-0.0406,0.0603,-0.0188,-0.0108,202790040037_R01C01,Male,0.017,-0.0199
AD_AIBL,AD_AIBL,AD_AIBL_HC,,mci,,-0.2728,-0.0465,0.1109,-0.0726,0.0067,0.0203,-0.0148,-0.0326,202790040037_R03C01,Male,0.0282,-0.0051
AD_AIBL,AD_AIBL,AD_AIBL_HC,,ad,,-0.009,0.0067,0.1209,-0.06,0.0188,0.0136,-0.027,-0.0035,202790040037_R04C01,Male,0.0102,-0.0073
AD_AIBL,AD_AIBL,AD_AIBL_HC,,hc,,0.0741,-0.0527,0.006,-0.0351,-0.0736,-0.0211,0.0644,-0.0239,202790040037_R05C01,Female,0.0254,-0.0177
AD_AIBL,AD_AIBL,AD_AIBL_HC,,hc,,0.0843,0.0747,-0.0181,0.0236,-0.0999,-0.0366,0.0086,-0.0085,202790040037_R06C01,Female,-0.0188,-0.0212
AD_AIBL,AD_AIBL,AD_AIBL_HC,,ad,,0.3815,0.0012,0.0216,0.0878,0.0098,-0.0159,-0.0031,0.0211,202790040037_R07C01,Female,-0.0068,-0.0022
AD_AIBL,AD_AIBL,AD_AIBL_HC,,hc,,-0.0379,-0.0063,-0.0534,0.0726,-0.0696,-0.0205,0.031,0.0394,202790040037_R08C01,Female,-0.0259,0.0034
AD_AIBL,AD_AIBL,AD_AIBL_HC,,hc,,0.212,0.0936,0.0678,-0.0152,-0.1392,-0.0042,0.0683,-0.1121,202790040039_R01C01,Female,-0.0286,-0.0142
AD_AIBL,AD_AIBL,AD_AIBL_HC,,ad,,-0.2511,-0.0098,0.0773,-0.0852,-0.0535,0.0731,0.0585,-0.0352,202790040039_R03C01,Male,-0.0326,-0.0102
AD_AIBL,AD_AIBL,AD_AIBL_HC,,ad,,-0.1844,0.0449,0.0612,0.0334,-0.0497,-0.0077,0.0349,-0.0261,202790040039_R05C01,Female,0.0451,0.0063
AD_AIBL,AD_AIBL,AD_AIBL_HC,,hc,,0.2358,0.0665,0.0442,-0.0382,0.0561,-0.0589,0.046,-0.0027,202790040039_R06C01,Female,0.007,0.0028
AD_AIBL,AD_AIBL,AD_AIBL_HC,,mci,,-0.2123,-0.0305,0.043,-0.0266,0.0327,0.054,0.0379,0.0278,202790040039_R07C01,Male,-0.0301,0.0056
AD_AIBL,AD_AIBL,AD_AIBL_HC,,hc,,-0.182,-0.133,-0.0451,0.1178,-0.0345,0.0315,-0.0139,-0.0039,202790040039_R08C01,Female,-0.0042,0.0066
AD_AIBL,AD_AIBL,AD_AIBL_HC,,ad,,0.1505,0.1326,0.0747,0.0116,-0.0753,-0.0152,0.022,0.0013,202790040040_R01C01,Female,0.0147,0.0102
AD_AIBL,AD_AIBL,AD_AIBL_HC,,hc,,-0.3353,0.0543,-0.034,0.0893,-0.0971,-0.0198,-0.0021,0.0063,202790040040_R02C01,Female,-0.0006,-0.0025
AD_AIBL,AD_AIBL,AD_AIBL_HC,,hc,,-0.0438,-0.079,-0.0268,-0.0026,-0.0219,0.0799,0.0146,0.0235,202790040040_R03C01,Male,0.0449,0.0219
AD_AIBL,AD_AIBL,AD_AIBL_HC,,ad,,0.466,0.1375,-0.6869,0.1529,0.2693,0.1768,-0.121,-0.0224,202790040040_R05C01,Male,0.0274,-0.1975
AD_AIBL,AD_AIBL,AD_AIBL_HC,,hc,,0.3135,0.3764,-0.2591,-0.04,0.0447,0.0925,-0.0438,-0.0587,202790040040_R06C01,Male,0.023,-0.1038
AD_AIBL,AD_AIBL,AD_AIBL_HC,,ad,,-0.4815,-0.146,0.1029,-0.0032,0.0753,0.0175,-0.0445,-0.0319,202790040040_R08C01,Male,-0.0159,-0.0138
AD_AIBL,AD_AIBL,AD_AIBL_HC,,hc,,-0.0877,-0.0691,0.0641,-0.1007,0.0225,0.0642,0.0365,0.0735,202790040043_R01C01,Male,-0.0104,0.0023
AD_AIBL,AD_AIBL,AD_AIBL_HC,,mci,,0.3941,0.2556,0.0966,-0.0201,0.0521,0.0356,0.0587,0.0068,202790040043_R02C01,Male,-0.0074,0.0176
AD_AIBL,AD_AIBL,AD_AIBL_HC,,mci,,-0.0287,0.1532,0.05,-0.0685,-0.0487,0.0243,-0.0146,0.0494,202790040043_R05C01,Male,0.0195,-0.0148
AD_AIBL,AD_AIBL,AD_AIBL_HC,,ad,,0.2845,-0.1278,-0.0476,0.0707,-0.004,-0.0201,-0.0284,0.0351,202790040043_R06C01,Female,0.0144,0.0199
AD_AIBL,AD_AIBL,AD_AIBL_HC,,ad,,-0.776,-0.0983,0.0752,0.0776,0.0019,-0.0371,-0.0008,0.0367,202790040043_R07C01,Female,0.0353,-0.017
AD_AIBL,AD_AIBL,AD_AIBL_HC,,hc,,-0.5443,-0.1527,-0.054,-0.0809,0.0259,0.0423,-0.0101,-0.0458,202790040043_R08C01,Male,-0.0251,0.0142
AD_AIBL,AD_AIBL,AD_AIBL_HC,,mci,,-0.0929,0.0639,-0.0665,-0.0404,-0.0337,0.0567,-0.027,0.0195,202790040044_R01C01,Male,0.0037,0.0278
AD_AIBL,AD_AIBL,AD_AIBL_HC,,hc,,0.3495,0.3345,0.0535,0.0931,-0.1694,-0.0126,-0.0067,0.0149,202790040044_R02C01,Female,-0.0066,-0.0195
AD_AIBL,AD_AIBL,AD_AIBL_HC,,ad,,-0.1495,-0.065,-0.0494,0.0276,-0.0249,-0.0547,-0.0292,-0.012,202790040044_R03C01,Female,-0.0115,0.0063
AD_AIBL,AD_AIBL,AD_AIBL_HC,,mci,,-0.2885,-0.1548,0.0025,-0.0356,0.0067,0.0687,0.0005,0.0283,202790040044_R07C01,Male,0.0014,0.0032
AD_AIBL,AD_AIBL,AD_AIBL_HC,,hc,,0.216,0.2595,0.09,0.0491,-0.0489,-0.0734,-0.0589,0.0193,202790040044_R08C01,Female,0.0279,0.0028
AD_AIBL,AD_AIBL,AD_AIBL_HC,,ad,,0.2059,0.1461,0.1167,-0.0241,-0.0004,0.0216,-0.0825,-0.0164,202790040045_R03C01,Male,0.0308,0.0266
AD_AIBL,AD_AIBL,AD_AIBL_HC,,ad,,-0.2381,-0.1409,-0.0436,-0.1053,0.0491,-0.0538,0.0711,0.0268,202790040045_R05C01,Female,-0.0122,0.0024
AD_AIBL,AD_AIBL,AD_AIBL_HC,,hc,,-0.1546,0.0312,0.0324,-0.1529,0.0648,-0.0125,0.007,0.0137,202790040045_R06C01,Male,-0.0115,-0.0084
AD_AIBL,AD_AIBL,AD_AIBL_HC,,hc,,-0.5651,0.0279,-0.0986,0.0602,0.0214,0.0016,0.0544,-0.0045,202790040045_R08C01,Female,0.0277,0.0293
AD_AIBL,AD_AIBL,AD_AIBL_HC,,hc,,0.3802,-0.0377,0.0234,-0.0136,0.1127,0.0743,0.0071,-0.0281,202790040046_R02C01,Male,-0.0114,-0.0082
AD_AIBL,AD_AIBL,AD_AIBL_HC,,hc,,-0.1903,-0.0458,-0.0657,0.0201,-0.0189,-0.0567,0.0006,0.058,202790040046_R05C01,Female,-0.0045,0.0031
AD_AIBL,AD_AIBL,AD_AIBL_HC,,hc,,-0.2738,0.0267,0.0343,-0.074,0.0264,0.0072,0.0251,0.03,202790040046_R06C01,Male,-0.0407,0.0006
AD_AIBL,AD_AIBL,AD_AIBL_HC,,ad,,0.3685,0.0467,0.0857,0.0453,0.0289,-0.0333,-0.002,-0.0228,202790040046_R07C01,Female,0.0283,-0.0016
AD_AIBL,AD_AIBL,AD_AIBL_HC,,ad,,0.1351,0.1918,0.0702,-0.0058,-0.0306,-0.0505,0.0411,0.0092,202790040046_R08C01,Female,0.0207,0.0089
AD_AIBL,AD_AIBL,AD_AIBL_HC,,ad,,0.0482,0.1378,0.03,-0.0642,0.0184,0.0261,0.014,0.0072,202790040047_R01C01,Male,-0.0205,-0.0043
AD_AIBL,AD_AIBL,AD_AIBL_HC,,hc,,0.2183,-0.1564,0.0423,-0.0038,0.0409,-0.0226,0.0157,0.0267,202790040047_R02C01,Female,0.0129,0.0126
AD_AIBL,AD_AIBL,AD_AIBL_HC,,hc,,-1.685,0.1861,-0.0034,0.638,0.2314,0.1455,0.1617,-0.056,202790040047_R03C01,Female,0.0475,0.0378
AD_AIBL,AD_AIBL,AD_AIBL_HC,,hc,,-0.2014,-0.0792,-0.0855,0.065,-0.074,-0.0464,-0.065,0.0057,202790040047_R04C01,Female,-0.021,0.0437
AD_AIBL,AD_AIBL,AD_AIBL_HC,,ad,,-0.0825,-0.089,0.1161,-0.1352,0.0154,0.021,0.0507,0.0119,202790040047_R06C01,Male,0.0044,-0.0236
AD_AIBL,AD_AIBL,AD_AIBL_HC,,hc,,-0.0919,0.1249,0.1788,-0.1145,0.0899,-0.0546,-0.0015,-0.0476,202790040047_R08C01,Male,-0.0354,-0.0256
AD_AIBL,AD_AIBL,AD_AIBL_HC,,hc,,-0.343,0.1209,0.0505,-0.0926,-0.0079,0.0606,0.1222,0.0622,202790040048_R01C01,Male,0.0264,-0.0299
AD_AIBL,AD_AIBL,AD_AIBL_HC,,hc,,0.2273,-0.0377,0.0867,-0.0059,0.037,0.0432,-0.0201,0.0036,202790040048_R02C01,Male,-0.0128,0.0201
AD_AIBL,AD_AIBL,AD_AIBL_HC,,hc,,-0.0164,-0.2012,0.0227,-0.0092,-0.0076,-0.0253,-0.0131,-0.0298,202790040048_R03C01,Female,0.0071,-0.0176
AD_AIBL,AD_AIBL,AD_AIBL_HC,,ad,,-0.3599,0.165,-0.0394,-0.0341,-0.0202,0.0258,-0.0241,0.0364,202790040048_R04C01,Male,0.0423,0.0189
AD_AIBL,AD_AIBL,AD_AIBL_HC,,hc,,0.3013,-0.0992,-0.0084,-0.0094,0.1312,-0.057,0.0297,0.0121,202790040048_R05C01,Female,0.0079,-0.0116
AD_AIBL,AD_AIBL,AD_AIBL_HC,,hc,,-0.3363,-0.0049,0.0064,-0.0425,-0.0096,0.0354,-0.0383,0.0232,202790040048_R06C01,Male,0.0331,0.0052
AD_AIBL,AD_AIBL,AD_AIBL_HC,,hc,,-0.1345,-0.0996,0.0456,0.0626,-0.0415,-0.0301,-0.0014,-0.0129,202790040048_R07C01,Female,-0.0049,0.0
AD_AIBL,AD_AIBL,AD_AIBL_HC,,hc,,-0.894,-0.1291,0.0669,0.0503,0.0709,-0.067,0.0189,-0.0344,202790040048_R08C01,Female,0.0353,-0.0196
AD_AIBL,AD_AIBL,AD_AIBL_HC,,hc,,0.3591,-0.0677,-0.0499,0.01,0.0664,-0.0081,0.0142,0.0117,202790040050_R01C01,Female,0.0723,0.0474
AD_AIBL,AD_AIBL,AD_AIBL_HC,,hc,,-0.2543,-0.1749,-0.0104,0.0433,0.0172,-0.0074,-0.0013,-0.0336,202790040050_R02C01,Female,0.0003,-0.0103
AD_AIBL,AD_AIBL,AD_AIBL_HC,,hc,,0.1644,-0.2215,-0.0735,0.0479,-0.0385,0.0137,-0.028,-0.0044,202790040050_R03C01,Female,0.0022,-0.0309
AD_AIBL,AD_AIBL,AD_AIBL_HC,,hc,,0.1903,-0.141,0.0793,0.0056,-0.0284,-0.0125,0.0317,-0.0141,202790040050_R04C01,Female,0.0249,-0.0352
AD_AIBL,AD_AIBL,AD_AIBL_HC,,hc,,0.0196,-0.2821,0.07,0.0301,-0.0217,-0.0362,-0.0396,-0.0153,202790040050_R05C01,Female,0.0047,-0.0242
AD_AIBL,AD_AIBL,AD_AIBL_HC,,ad,,-0.0747,0.0069,0.0497,0.0106,-0.0227,-0.0409,0.0328,-0.0022,202790040050_R07C01,Female,0.0039,0.0002
AD_AIBL,AD_AIBL,AD_AIBL_HC,,hc,,0.0588,0.0265,0.012,-0.0451,-0.0153,0.0499,0.0273,-0.0153,202790040050_R08C01,Male,-0.0103,-0.0065
AD_AIBL,AD_AIBL,AD_AIBL_HC,,hc,,0.1629,-0.1858,0.0111,0.038,-0.0359,-0.007,-0.0009,0.0281,202790040051_R01C01,Female,0.0106,-0.0131
AD_AIBL,AD_AIBL,AD_AIBL_HC,,mci,,-0.0997,0.0346,0.0029,-0.0592,0.0333,-0.1152,0.0006,0.0273,202790040051_R03C01,Female,-0.0113,0.0082
AD_AIBL,AD_AIBL,AD_AIBL_HC,,ad,,-0.3185,0.1572,-0.0475,-0.0209,-0.1785,0.0037,0.1567,-0.0974,202790040051_R04C01,Female,-0.0581,-0.0299
AD_AIBL,AD_AIBL,AD_AIBL_HC,,hc,,0.1681,-0.0579,0.1087,-0.0315,0.0355,-0.0609,0.0293,-0.0658,202790040051_R05C01,Female,-0.0081,-0.0243
AD_AIBL,AD_AIBL,AD_AIBL_HC,,ad,,-0.3592,-0.0224,0.0129,-0.0189,0.0228,0.048,0.0166,-0.017,202790040051_R06C01,Male,-0.0173,0.0096
AD_AIBL,AD_AIBL,AD_AIBL_HC,,ad,,0.287,-0.1063,0.1656,0.0244,0.0076,-0.0183,0.0126,0.0064,202790040052_R02C01,Female,0.0263,-0.0098
AD_AIBL,AD_AIBL,AD_AIBL_HC,,hc,,-0.154,-0.0205,0.1025,-0.0504,-0.0474,0.017,-0.0172,0.0155,202790040052_R03C01,Male,-0.0266,-0.0196
AD_AIBL,AD_AIBL,AD_AIBL_HC,,hc,,0.4051,-0.0627,0.1092,0.0829,0.0398,-0.0024,-0.0201,-0.0107,202790040052_R05C01,Female,-0.0158,0.0148
AD_AIBL,AD_AIBL,AD_AIBL_HC,,ad,,-0.8763,0.1126,0.0305,0.0556,0.0695,0.0291,0.0215,0.0126,202790040052_R06C01,Male,0.0085,-0.0104
AD_AIBL,AD_AIBL,AD_AIBL_HC,,hc,,0.0903,0.1816,-0.5441,0.0165,0.0545,0.0777,-0.0941,0.0218,202790040052_R08C01,Male,-0.035,-0.1006
AD_AIBL,AD_AIBL,AD_AIBL_HC,,hc,,-0.0712,-0.0139,-0.0226,0.0257,-0.0159,-0.0364,0.0174,0.0221,202790040053_R02C01,Female,0.0198,-0.0246
AD_AIBL,AD_AIBL,AD_AIBL_HC,,mci,,-0.3323,-0.1083,0.0768,-0.0654,-0.0241,0.0521,-0.063,0.0306,202790040053_R03C01,Male,0.0494,-0.0132
AD_AIBL,AD_AIBL,AD_AIBL_HC,,ad,,-0.1478,-0.052,0.0106,0.0381,-0.0757,0.0069,-0.0095,0.0473,202790040053_R04C01,Female,-0.0028,-0.0146
AD_AIBL,AD_AIBL,AD_AIBL_HC,,hc,,0.1294,0.0074,0.0446,-0.082,0.0247,0.0135,-0.0362,0.0043,202790040053_R05C01,Male,0.0261,0.0088
AD_AIBL,AD_AIBL,AD_AIBL_HC,,hc,,-0.366,-0.1351,0.0156,0.0129,-0.0042,-0.0506,0.0106,0.0036,202790040053_R06C01,Female,-0.0138,-0.005
AD_AIBL,AD_AIBL,AD_AIBL_HC,,ad,,0.2457,-0.1187,0.0586,0.0516,-0.0886,0.0307,0.0219,-0.0024,202790040054_R04C01,Female,0.0065,-0.028
AD_AIBL,AD_AIBL,AD_AIBL_HC,,hc,,0.0092,0.2318,0.0587,0.081,-0.0797,-0.0399,-0.0586,0.0237,202790040054_R05C01,Female,0.0191,0.0135
AD_AIBL,AD_AIBL,AD_AIBL_HC,,ad,,-0.816,-0.0647,0.1153,0.0454,0.0607,0.0494,-0.0997,-0.0631,202790040054_R06C01,Male,-0.0867,0.0147
AD_AIBL,AD_AIBL,AD_AIBL_HC,,ad,,-0.3125,0.095,-0.0112,0.0016,0.0193,-0.0693,0.0166,0.0341,202790040054_R07C01,Female,0.0027,-0.0006
AD_AIBL,AD_AIBL,AD_AIBL_HC,,ad,,-0.1783,0.0731,0.1087,0.0865,0.0186,-0.0528,0.0197,0.0364,202790040054_R08C01,Female,-0.0276,-0.016
AD_AIBL,AD_AIBL,AD_AIBL_HC,,hc,,0.2101,0.1139,-0.0041,0.0695,-0.0827,-0.0458,-0.0573,0.0446,202790040055_R01C01,Female,0.0163,0.0065
AD_AIBL,AD_AIBL,AD_AIBL_HC,,hc,,0.013,0.0613,-0.0494,-0.0322,-0.1052,-0.0239,0.1,-0.076,202790040055_R02C01,Female,-0.0209,0.0004
AD_AIBL,AD_AIBL,AD_AIBL_HC,,hc,,0.0796,-0.1597,-0.0428,-0.0198,-0.0262,-0.0187,0.0128,-0.0139,202790040055_R04C01,Female,-0.0198,0.0036
AD_AIBL,AD_AIBL,AD_AIBL_HC,,hc,,0.2677,-0.1061,0.0009,0.0098,-0.0219,0.0007,-0.0342,-0.0067,202790040055_R05C01,Female,0.056,0.0204
AD_AIBL,AD_AIBL,AD_AIBL_HC,,hc,,0.1793,0.0121,-0.0293,-0.0168,-0.0689,-0.0244,0.0508,-0.0333,202790040055_R06C01,Female,-0.0164,0.0071
AD_AIBL,AD_AIBL,AD_AIBL_HC,,hc,,0.1959,0.1055,-0.0039,0.0317,-0.0025,-0.0263,-0.0167,0.0178,202790040055_R07C01,Female,-0.0084,0.0076
AD_AIBL,AD_AIBL,AD_AIBL_HC,,ad,,0.0835,-0.1423,0.1195,0.0107,0.0234,-0.059,0.0022,0.0191,202790040055_R08C01,Female,-0.0158,-0.0259
AD_AIBL,AD_AIBL,AD_AIBL_HC,,hc,,-0.3079,0.0682,-0.0945,-0.0332,-0.0296,-0.0008,-0.0621,0.0863,202790040056_R01C01,Male,-0.0853,0.0042
AD_AIBL,AD_AIBL,AD_AIBL_HC,,hc,,-0.1254,-0.0522,-0.0191,-0.0364,-0.0256,-0.0442,0.0493,-0.0222,202790040056_R02C01,Female,-0.044,-0.0164
AD_AIBL,AD_AIBL,AD_AIBL_HC,,hc,,-0.2889,-0.0061,-0.0452,-0.101,-0.0367,0.0241,0.0225,0.0025,202790040056_R04C01,Male,-0.0099,0.0025
AD_AIBL,AD_AIBL,AD_AIBL_HC,,hc,,-0.2285,0.0125,0.0053,0.0795,-0.0315,0.0163,0.0477,0.0142,202790040056_R05C01,Female,-0.0078,-0.0107
AD_AIBL,AD_AIBL,AD_AIBL_HC,,hc,,0.1972,0.1216,0.0519,0.0044,-0.0824,-0.0414,0.016,0.0334,202790040056_R06C01,Female,0.0326,-0.0127
AD_AIBL,AD_AIBL,AD_AIBL_HC,,hc,,0.37,0.1223,-0.0046,-0.0119,0.0192,0.0671,-0.0029,0.0235,202790040056_R07C01,Male,0.0119,0.02
AD_AIBL,AD_AIBL,AD_AIBL_HC,,hc,,0.24,0.0174,0.0367,-0.0401,0.0275,0.07,-0.0255,-0.0125,202790040056_R08C01,Male,-0.0053,-0.0088
AD_AIBL,AD_AIBL,AD_AIBL_HC,,mci,,-0.0962,-0.0766,-0.0188,0.067,-0.0507,-0.0201,-0.0335,-0.0111,202790040057_R01C01,Female,-0.0294,0.0069
AD_AIBL,AD_AIBL,AD_AIBL_HC,,hc,,-0.0869,0.045,-0.0307,-0.0258,-0.0287,-0.0544,-0.0174,-0.0391,202790040057_R02C01,Female,-0.0008,0.0013
AD_AIBL,AD_AIBL,AD_AIBL_HC,,hc,,0.4366,-0.1963,-0.0126,0.1364,0.0091,0.0416,-0.0158,-0.0261,202790040057_R03C01,Female,-0.0297,0.0264
AD_AIBL,AD_AIBL,AD_AIBL_HC,,hc,,0.2849,0.0315,-0.3841,-0.0255,0.0907,0.1199,-0.0583,-0.0499,202790040057_R06C01,Male,0.0278,-0.1196
AD_AIBL,AD_AIBL,AD_AIBL_HC,,ad,,-0.7187,0.0138,0.0058,0.0977,0.0306,0.0761,-0.0064,-0.0089,202790040058_R02C01,Male,0.0076,0.0017
AD_AIBL,AD_AIBL,AD_AIBL_HC,,hc,,-0.2858,0.0719,-0.0586,-0.0412,0.0146,-0.0022,-0.0649,-0.0366,202790040058_R04C01,Male,-0.0202,0.0272
AD_AIBL,AD_AIBL,AD_AIBL_HC,,mci,,0.1423,-0.0377,-0.0085,-0.1019,0.0256,0.0562,0.0128,-0.0207,202790040058_R06C01,Male,0.0117,0.0258
AD_AIBL,AD_AIBL,AD_AIBL_HC,,hc,,-0.1331,0.1479,0.026,0.0128,-0.0558,-0.0485,0.0286,-0.0204,202790040058_R08C01,Female,0.0166,0.0036
AD_AIBL,AD_AIBL,AD_AIBL_HC,,hc,,-0.1068,0.071,0.0217,-0.1267,0.0656,0.0134,-0.0201,-0.0623,202790040060_R01C01,Male,-0.0181,0.035
AD_AIBL,AD_AIBL,AD_AIBL_HC,,hc,,-0.4248,0.0923,0.0647,0.0331,0.0112,0.0334,-0.0522,0.0022,202790040060_R02C01,Male,-0.0045,0.0062
AD_AIBL,AD_AIBL,AD_AIBL_HC,,hc,,0.0612,-0.0963,0.0479,0.0405,-0.0812,-0.005,0.0009,0.0105,202790040060_R03C01,Female,0.0136,-0.019
AD_AIBL,AD_AIBL,AD_AIBL_HC,,hc,,-0.3096,0.0769,-0.0053,-0.0116,-0.0265,0.014,-0.0472,0.001,202790040060_R06C01,Male,-0.0051,0.0213
AD_AIBL,AD_AIBL,AD_AIBL_HC,,hc,,-0.3804,0.1254,0.0177,0.0854,-0.0467,-0.0355,-0.0067,0.018,202790040060_R07C01,Female,0.0252,-0.0087
AD_AIBL,AD_AIBL,AD_AIBL_HC,,ad,,0.0814,-0.0696,0.0803,-0.0065,0.0106,-0.043,0.0168,-0.0051,202790040068_R01C01,Female,0.0167,-0.0093
AD_AIBL,AD_AIBL,AD_AIBL_HC,,hc,,0.2926,0.0447,0.0756,-0.0499,0.0724,0.0203,0.0801,0.0316,202790040068_R02C01,Male,-0.0387,-0.0273
AD_AIBL,AD_AIBL,AD_AIBL_HC,,hc,,-0.0884,0.0829,-0.006,-0.0263,-0.0368,0.0262,-0.0074,0.0614,202790040068_R03C01,Male,-0.0363,-0.0134
AD_AIBL,AD_AIBL,AD_AIBL_HC,,ad,,-0.2911,0.0085,0.0703,-0.0831,0.0619,0.0053,0.0087,0.0042,202790040068_R04C01,Male,-0.0043,-0.012
AD_AIBL,AD_AIBL,AD_AIBL_HC,,hc,,0.2886,-0.2201,0.0135,0.0466,0.0287,-0.0124,0.0361,0.049,202790040068_R06C01,Female,-0.0031,-0.0061
AD_AIBL,AD_AIBL,AD_AIBL_HC,,hc,,0.2398,-0.0541,-0.0864,-0.021,0.0057,0.0579,-0.0047,0.0154,202790040068_R08C01,Male,-0.0188,0.0077
AD_AIBL,AD_AIBL,AD_AIBL_HC,,ad,,0.2059,-0.1389,0.0196,0.056,-0.0132,-0.0222,-0.0341,-0.0087,202790040073_R01C01,Female,-0.0132,-0.0079
AD_AIBL,AD_AIBL,AD_AIBL_HC,,hc,,0.1464,0.2314,0.1264,-0.0664,0.0153,0.0165,-0.031,-0.0275,202790040073_R02C01,Male,0.0065,0.018
AD_AIBL,AD_AIBL,AD_AIBL_HC,,hc,,0.3505,0.1876,0.0751,-0.014,0.0527,0.0261,0.0278,0.0405,202790040073_R03C01,Male,-0.0243,0.0262
AD_AIBL,AD_AIBL,AD_AIBL_HC,,ad,,0.1527,0.1254,0.1486,-0.0708,0.0294,-0.0792,0.1018,0.0201,202790040073_R04C01,Female,-0.0084,-0.0318
AD_AIBL,AD_AIBL,AD_AIBL_HC,,mci,,-0.1802,0.0597,0.0468,-0.0262,-0.0641,-0.0536,0.0621,-0.0733,202790040073_R05C01,Female,0.0152,-0.0064
AD_AIBL,AD_AIBL,AD_AIBL_HC,,hc,,-0.0664,0.1653,0.0453,-0.0527,0.0347,0.0232,-0.0726,-0.0578,202790040073_R07C01,Male,0.0244,0.0542
AD_AIBL,AD_AIBL,AD_AIBL_HC,,ad,,-0.3111,-0.0828,-0.103,-0.0132,0.045,-0.057,0.0274,-0.007,202790040073_R08C01,Female,-0.0347,0.0096
AD_AIBL,AD_AIBL,AD_AIBL_HC,,ad,,0.33,-0.0948,0.0338,-0.0174,0.0143,0.0949,0.0003,-0.0085,202790040074_R01C01,Male,-0.0015,-0.0042
AD_AIBL,AD_AIBL,AD_AIBL_HC,,hc,,-0.0191,0.0752,-0.0025,-0.0845,-0.0096,0.0167,-0.0758,-0.0355,202790040074_R02C01,Male,0.0203,0.0414
AD_AIBL,AD_AIBL,AD_AIBL_HC,,hc,,-0.2548,0.0569,-0.0151,0.0388,-0.0335,-0.0599,0.0061,0.0353,202790040074_R04C01,Female,-0.003,0.0002
AD_AIBL,AD_AIBL,AD_AIBL_HC,,hc,,0.5608,0.1448,-0.0407,0.1869,0.0329,0.0175,0.0532,-0.0095,202790040074_R05C01,Female,-0.008,0.0204
AD_AIBL,AD_AIBL,AD_AIBL_HC,,ad,,0.2951,0.0886,0.0569,0.0309,0.0011,-0.0592,-0.0092,0.0416,202790040074_R06C01,Female,0.0235,0.0299
AD_AIBL,AD_AIBL,AD_AIBL_HC,,hc,,0.0216,-0.1246,0.0641,0.0305,-0.0553,-0.0309,0.0342,0.0622,202790040074_R08C01,Female,0.0016,-0.0205
AD_AIBL,AD_AIBL,AD_AIBL_HC,,hc,,-0.336,0.0006,0.1169,-0.0789,0.0145,0.0297,-0.0057,-0.0205,202790040075_R02C01,Male,0.004,-0.0155
AD_AIBL,AD_AIBL,AD_AIBL_HC,,hc,,0.0115,0.047,0.1096,-0.1621,0.05,-0.0191,0.041,0.049,202790040075_R03C01,Male,0.0242,-0.0106
AD_AIBL,AD_AIBL,AD_AIBL_HC,,mci,,-0.2545,-0.0142,-0.0481,-0.0029,0.0245,-0.087,-0.0027,0.0476,202790040075_R04C01,Female,-0.0255,-0.0316
AD_AIBL,AD_AIBL,AD_AIBL_HC,,mci,,-0.5462,-0.0442,0.043,0.0478,-0.0315,0.0707,0.0176,-0.0317,202790040075_R05C01,Male,0.0268,0.003
AD_AIBL,AD_AIBL,AD_AIBL_HC,,hc,,-0.0728,0.2534,-0.0089,-0.0984,0.0303,-0.0206,-0.0796,-0.0137,202790040075_R06C01,Male,0.0258,0.0165
AD_AIBL,AD_AIBL,AD_AIBL_HC,,hc,,-0.1156,0.111,-0.1235,0.0518,-0.0509,-0.0087,-0.0202,0.0534,202790040075_R08C01,Female,0.032,0.036
AD_AIBL,AD_AIBL,AD_AIBL_HC,,hc,,-0.5567,-0.0455,0.0015,0.0817,-0.0116,-0.0388,-0.0291,0.0028,202790040082_R01C01,Female,-0.0149,0.0262
AD_AIBL,AD_AIBL,AD_AIBL_HC,,mci,,0.1949,-0.0984,0.0008,0.0393,-0.0278,-0.0202,0.0199,-0.043,202790040082_R02C01,Female,-0.0113,-0.0133
AD_AIBL,AD_AIBL,AD_AIBL_HC,,ad,,-0.4602,-0.1904,0.1509,-0.064,0.0811,-0.0421,-0.1448,0.0412,202790040082_R03C01,Male,-0.1302,-0.0363
AD_AIBL,AD_AIBL,AD_AIBL_HC,,hc,,0.2554,-0.008,-0.0064,-0.0395,0.0176,-0.0128,0.0176,-0.0259,202790040082_R04C01,Female,0.1081,0.0198
AD_AIBL,AD_AIBL,AD_AIBL_HC,,hc,,0.1226,-0.1104,-0.0816,-0.0328,-0.0051,-0.0248,0.02,-0.0229,202790040082_R05C01,Female,0.0322,0.0146
AD_AIBL,AD_AIBL,AD_AIBL_HC,,hc,,-0.4301,-0.0153,0.0848,-0.0472,0.0285,0.058,0.0023,0.0004,202790040082_R06C01,Male,0.0278,0.0042
AD_AIBL,AD_AIBL,AD_AIBL_HC,,hc,,0.3535,0.0794,0.1872,0.1127,0.06,-0.0457,-0.0755,0.0057,202790040082_R07C01,Female,-0.0266,-0.0209
AD_AIBL,AD_AIBL,AD_AIBL_HC,,hc,,-0.3223,0.1002,0.0943,0.0187,-0.0121,0.074,-0.0017,0.0186,202790040082_R08C01,Male,0.0068,0.0041
AD_AIBL,AD_AIBL,AD_AIBL_HC,,hc,,0.1057,-0.0119,-0.0855,-0.0194,0.0361,-0.045,0.0321,0.0169,202790040083_R01C01,Female,-0.007,-0.0295
AD_AIBL,AD_AIBL,AD_AIBL_HC,,hc,,-0.1652,-0.1032,0.0558,-0.0266,0.0329,0.042,-0.0175,0.0148,202790040083_R02C01,Male,0.0188,0.0097
AD_AIBL,AD_AIBL,AD_AIBL_HC,,ad,,-0.3237,-0.1321,0.1312,-0.1054,0.0756,0.0175,0.011,0.0077,202790040083_R05C01,Male,0.0351,-0.0183
AD_AIBL,AD_AIBL,AD_AIBL_HC,,hc,,-0.3339,-0.1111,0.0371,-0.1304,0.0418,0.0314,0.0383,0.025,202790040083_R06C01,Male,0.0822,-0.0079
AD_AIBL,AD_AIBL,AD_AIBL_HC,,hc,,-0.7683,0.0697,-0.0208,0.1254,0.0537,0.0967,0.0232,-0.0109,202790040083_R07C01,Male,0.0235,0.003
AD_AIBL,AD_AIBL,AD_AIBL_HC,,hc,,0.262,-0.1834,0.0412,0.0028,-0.053,0.0252,0.1061,-0.0215,202790040083_R08C01,Female,0.0309,-0.0134
AD_AIBL,AD_AIBL,AD_AIBL_HC,,hc,,0.1663,-0.1314,-0.1108,0.0022,0.0148,-0.0364,-0.0214,0.0018,202790040084_R02C01,Female,0.0013,0.0104
AD_AIBL,AD_AIBL,AD_AIBL_HC,,hc,,0.3384,-0.0338,0.0512,0.0776,-0.0351,0.0004,-0.0244,-0.0205,202790040084_R04C01,Female,0.0204,0.0069
AD_AIBL,AD_AIBL,AD_AIBL_HC,,hc,,0.0061,-0.0198,-0.006,-0.0237,0.0123,-0.0523,0.0121,-0.0067,202790040084_R05C01,Female,0.0175,0.0112
AD_AIBL,AD_AIBL,AD_AIBL_HC,,hc,,-0.5352,-0.0115,0.0349,0.0486,-0.0329,0.0626,-0.0095,-0.0045,202790040084_R08C01,Male,-0.0129,0.012
AD_AIBL,AD_AIBL,AD_AIBL_HC,,hc,,0.1512,0.0136,0.0353,0.0442,-0.0106,-0.0315,0.0058,0.0459,202790040085_R01C01,Female,0.0224,-0.0056
AD_AIBL,AD_AIBL,AD_AIBL_HC,,ad,,-0.0311,0.0675,0.0097,-0.0063,-0.0114,-0.0441,0.0223,-0.0032,202790040085_R02C01,Female,0.0394,-0.0336
AD_AIBL,AD_AIBL,AD_AIBL_HC,,hc,,-0.0229,0.0459,0.02,-0.0582,0.0171,0.0037,-0.0054,-0.0116,202790040085_R03C01,Male,0.0055,0.0049
AD_AIBL,AD_AIBL,AD_AIBL_HC,,ad,,-0.1305,-0.0593,0.1272,-0.0178,-0.012,-0.0323,-0.0075,-0.0251,202790040085_R04C01,Female,0.0639,0.0028
AD_AIBL,AD_AIBL,AD_AIBL_HC,,ad,,-0.4245,0.0983,0.0151,0.0863,0.0202,-0.0381,0.0168,-0.025,202790040085_R05C01,Female,0.0051,0.0106
AD_AIBL,AD_AIBL,AD_AIBL_HC,,hc,,-0.0532,-0.0784,-0.027,0.0434,-0.006,-0.0261,0.0007,0.0317,202790040085_R06C01,Female,-0.0105,-0.0154
AD_AIBL,AD_AIBL,AD_AIBL_HC,,hc,,0.5482,0.3638,0.0664,0.0883,0.0434,0.0891,-0.003,0.0222,202790040085_R07C01,Male,-0.0169,0.0208
AD_AIBL,AD_AIBL,AD_AIBL_HC,,hc,,-0.006,-0.0704,-0.0628,0.0194,-0.0283,-0.0283,-0.0317,0.0375,202790040086_R01C01,Female,-0.0319,-0.0078
AD_AIBL,AD_AIBL,AD_AIBL_HC,,hc,,-0.2378,-0.1337,0.0365,0.0938,-0.0136,-0.0029,-0.0333,-0.0055,202790040086_R02C01,Female,-0.0122,-0.0122
AD_AIBL,AD_AIBL,AD_AIBL_HC,,hc,,-0.1918,-0.0631,-0.048,0.0079,-0.0126,-0.0293,0.0406,-0.0083,202790040086_R03C01,Female,-0.0113,-0.023
AD_AIBL,AD_AIBL,AD_AIBL_HC,,hc,,-0.3425,0.0087,0.0272,-0.0709,-0.0381,-0.024,-0.0059,0.0909,202790040086_R05C01,Male,-0.0652,-0.0329
AD_AIBL,AD_AIBL,AD_AIBL_HC,,ad,,-0.0563,0.0212,0.0739,-0.1375,-0.0265,-0.0047,0.0041,-0.0198,202790040086_R08C01,Male,-0.0042,-0.0033
AD_AIBL,AD_AIBL,AD_AIBL_HC,,hc,,0.1691,0.036,0.0237,0.0559,-0.0381,-0.0452,-0.0407,0.0035,202790040088_R01C01,Female,-0.0234,-0.0203
AD_AIBL,AD_AIBL,AD_AIBL_HC,,ad,,-0.5529,-0.039,0.0092,-0.0217,0.0125,-0.0908,0.0022,-0.0007,202790040088_R02C01,Female,-0.0112,-0.0188
AD_AIBL,AD_AIBL,AD_AIBL_HC,,mci,,0.3415,-0.0731,0.1321,-0.0113,0.0284,0.0495,-0.0066,0.0155,202790040088_R03C01,Male,0.0129,-0.0152
AD_AIBL,AD_AIBL,AD_AIBL_HC,,hc,,0.2955,-0.0709,-0.0895,-0.0477,0.0423,0.0767,0.0228,-0.0254,202790040088_R04C01,Male,-0.0289,0.0271
AD_AIBL,AD_AIBL,AD_AIBL_HC,,ad,,-0.9862,-0.0432,0.1082,0.1485,0.146,0.0659,0.0255,-0.0026,202790040088_R06C01,Male,-0.0153,-0.0013
AD_AIBL,AD_AIBL,AD_AIBL_HC,,hc,,0.313,-0.0179,-0.0809,0.0489,-0.0263,-0.0039,0.0158,-0.0375,202790040089_R01C01,Female,-0.0292,-0.0205
AD_AIBL,AD_AIBL,AD_AIBL_HC,,ad,,-0.1451,0.0269,0.0833,-0.0159,0.0042,0.0395,-0.0025,0.0252,202790040089_R02C01,Male,0.0133,-0.0013
AD_AIBL,AD_AIBL,AD_AIBL_HC,,hc,,0.2174,0.121,-0.0157,0.0167,0.0412,-0.0728,-0.0277,-0.014,202790040089_R03C01,Female,-0.0138,0.0059
AD_AIBL,AD_AIBL,AD_AIBL_HC,,hc,,-0.6826,0.0604,-0.0681,0.089,-0.0098,-0.0276,-0.0038,-0.0202,202790040089_R05C01,Female,0.0461,-0.0004
AD_AIBL,AD_AIBL,AD_AIBL_HC,,mci,,-0.8439,0.0141,0.0374,0.2023,0.0582,0.1252,-0.0077,-0.0052,202790040089_R08C01,Male,-0.0235,-0.0002
AD_AIBL,AD_AIBL,AD_AIBL_HC,,ad,,-0.5673,0.0086,0.0915,0.067,-0.0037,0.0954,0.0232,-0.0108,202790040090_R03C01,Male,0.0225,0.0053
AD_AIBL,AD_AIBL,AD_AIBL_HC,,mci,,0.0208,-0.01,0.0137,0.0044,-0.0145,0.0461,-0.0564,0.0106,202790040090_R05C01,Male,-0.0184,-0.0077
AD_AIBL,AD_AIBL,AD_AIBL_HC,,hc,,0.2586,-0.0732,-0.1086,0.026,-0.0152,-0.0213,-0.0236,-0.0003,202790040090_R07C01,Female,0.0427,0.0279
AD_AIBL,AD_AIBL,AD_AIBL_HC,,hc,,-0.2663,0.0812,0.078,-0.067,-0.0634,0.0287,0.0157,0.0074,202790040090_R08C01,Male,0.0648,-0.0061
AD_AIBL,AD_AIBL,AD_AIBL_HC,,hc,,-0.1583,0.058,0.102,-0.147,0.0894,-0.014,0.0288,0.0329,202790040108_R01C01,Male,0.0278,-0.0067
AD_AIBL,AD_AIBL,AD_AIBL_HC,,hc,,0.2979,0.0353,-0.1669,-0.0331,0.0334,0.0874,0.021,0.0052,202790040108_R02C01,Male,-0.0267,0.013
AD_AIBL,AD_AIBL,AD_AIBL_HC,,hc,,0.0109,-0.1154,0.0409,-0.0636,0.0323,0.0489,-0.0261,0.0028,202790040108_R05C01,Male,0.0257,0.0101
AD_AIBL,AD_AIBL,AD_AIBL_HC,,hc,,-0.7243,0.0375,0.0275,0.0417,-0.0009,0.0364,0.0698,-0.0504,202790040112_R01C01,Male,-0.0076,-0.01
AD_AIBL,AD_AIBL,AD_AIBL_HC,,mci,,0.1495,0.1113,-0.0693,-0.0487,-0.049,0.0588,0.0495,0.0619,202790040112_R02C01,Male,-0.0118,0.0109
AD_AIBL,AD_AIBL,AD_AIBL_HC,,mci,,-0.0399,-0.016,0.0604,-0.0912,-0.0238,0.0509,0.0228,-0.0416,202790040112_R03C01,Male,-0.0387,0.0079
AD_AIBL,AD_AIBL,AD_AIBL_HC,,hc,,0.0512,-0.0423,-0.0873,-0.0626,0.0258,0.0134,-0.0332,0.0296,202790040112_R07C01,Male,-0.0053,0.0379
AD_AIBL,AD_AIBL,AD_AIBL_HC,,hc,,-0.429,0.2162,-0.1336,0.0609,-0.0087,-0.0487,-0.0104,0.0141,202790040112_R08C01,Female,0.0406,0.0237
AD_AIBL,AD_AIBL,AD_AIBL_HC,,ad,,0.4995,-0.0545,0.0798,0.0804,0.1216,0.0197,0.1505,0.0259,202790040113_R05C01,Female,-0.004,-0.0088
AD_AIBL,AD_AIBL,AD_AIBL_HC,,ad,,0.1269,0.2053,0.0851,-0.0001,-0.1174,-0.0661,0.0081,-0.0077,202790040113_R06C01,Female,-0.0193,0.0046
AD_AIBL,AD_AIBL,AD_AIBL_HC,,ad,,0.117,0.0683,0.1394,-0.0631,-0.0747,0.0527,-0.0581,-0.0132,202790040113_R07C01,Male,0.0031,0.0151
AD_AIBL,AD_AIBL,AD_AIBL_HC,,ad,,-0.0847,0.0772,0.1436,-0.1263,-0.0068,0.0081,0.0182,-0.0545,202790040114_R03C01,Male,0.0095,0.0032
AD_AIBL,AD_AIBL,AD_AIBL_HC,,ad,,-0.057,-0.1733,0.0914,0.0205,-0.0099,0.0081,0.0137,0.0169,202790040114_R05C01,Female,0.0546,-0.0013
AD_AIBL,AD_AIBL,AD_AIBL_HC,,mci,,-0.3648,0.1593,0.045,-0.0723,-0.0118,0.0221,0.0253,0.0352,202790040114_R06C01,Male,0.0199,-0.0072
AD_AIBL,AD_AIBL,AD_AIBL_HC,,ad,,-0.4512,0.1595,0.0748,-0.0578,-0.0244,0.0046,0.0558,-0.0603,202790040114_R07C01,Male,-0.0374,-0.0089
AD_AIBL,AD_AIBL,AD_AIBL_HC,,hc,,0.1325,-0.0205,-0.0972,-0.0135,-0.0477,-0.0139,0.0253,0.0019,202790040114_R08C01,Female,-0.0422,0.0166
AD_AIBL,AD_AIBL,AD_AIBL_HC,,hc,,0.1777,-0.1787,0.1178,0.0134,-0.041,0.0842,-0.0434,-0.0112,202790040115_R01C01,Male,-0.003,0.0025
AD_AIBL,AD_AIBL,AD_AIBL_HC,,mci,,0.4221,-0.0971,0.0255,0.0798,-0.0444,0.0358,0.0545,-0.0106,202790040115_R02C01,Female,0.0027,-0.0053
AD_AIBL,AD_AIBL,AD_AIBL_HC,,hc,,0.1958,0.0351,0.0992,-0.019,-0.0365,0.048,-0.0346,0.0053,202790040115_R03C01,Male,-0.0055,0.004
AD_AIBL,AD_AIBL,AD_AIBL_HC,,hc,,0.025,-0.1355,-0.1452,-0.0697,-0.0119,-0.0338,0.0556,-0.0253,202790040115_R04C01,Female,-0.0085,0.0339
AD_AIBL,AD_AIBL,AD_AIBL_HC,,hc,,0.1476,0.0427,-0.1311,0.0701,-0.0423,-0.0087,-0.013,0.0245,202790040115_R05C01,Female,-0.0143,-0.0362
AD_AIBL,AD_AIBL,AD_AIBL_HC,,hc,,0.2199,-0.1664,-0.0295,0.0078,-0.0152,0.1024,-0.0027,0.0436,202790040115_R07C01,Male,0.005,0.0239
AD_AIBL,AD_AIBL,AD_AIBL_HC,,hc,,-0.156,0.132,0.2349,0.3771,0.3564,0.1379,0.0775,-0.0,202790040115_R08C01,Male,0.003,-0.0101
AD_AIBL,AD_AIBL,AD_AIBL_HC,,ad,,0.2826,0.0267,-0.1033,0.0647,-0.0083,-0.0207,-0.0614,0.0042,202790040117_R02C01,Female,0.0295,0.0185
AD_AIBL,AD_AIBL,AD_AIBL_HC,,hc,,0.3859,0.1498,0.1354,0.0246,0.0684,-0.0595,0.0272,0.0159,202790040117_R05C01,Female,0.0642,0.012
AD_AIBL,AD_AIBL,AD_AIBL_HC,,ad,,-0.5299,0.0064,-0.0432,-0.0159,0.0055,-0.0677,0.0209,0.0713,202790040117_R06C01,Female,0.0369,-0.0239
AD_AIBL,AD_AIBL,AD_AIBL_HC,,mci,,0.2776,0.1944,-0.132,-0.0542,-0.0609,0.0714,0.0142,-0.0473,202790040117_R07C01,Male,-0.046,0.0448
AD_AIBL,AD_AIBL,AD_AIBL_HC,,hc,,0.3801,0.0651,0.1234,0.0614,0.0497,-0.0443,0.0089,-0.0102,202790040117_R08C01,Female,-0.0097,-0.033
AD_AIBL,AD_AIBL,AD_AIBL_HC,,hc,,0.2292,0.0808,0.0274,0.0047,0.0281,-0.0669,0.0173,0.0046,202790040127_R03C01,Female,0.0249,-0.036
AD_AIBL,AD_AIBL,AD_AIBL_HC,,hc,,0.4014,0.2186,0.0881,-0.0306,0.0638,0.0483,0.0452,0.0254,202790040127_R04C01,Male,0.0211,-0.0062
AD_AIBL,AD_AIBL,AD_AIBL_HC,,mci,,0.254,-0.0009,0.0431,0.0053,-0.0245,-0.0036,-0.0045,0.0025,202790040127_R06C01,Female,0.0385,0.0111
AD_AIBL,AD_AIBL,AD_AIBL_HC,,hc,,0.2154,-0.1132,-0.111,0.0218,-0.0155,-0.0087,-0.0223,-0.004,202790040127_R07C01,Female,0.0244,0.0142
AD_AIBL,AD_AIBL,AD_AIBL_HC,,hc,,-0.194,-0.0668,0.0471,-0.0102,-0.0157,0.0583,-0.0298,0.0257,202790040127_R08C01,Male,0.0003,-0.0125
AD_AIBL,AD_AIBL,AD_AIBL_HC,,hc,,-0.0359,0.0337,-0.1094,-0.0463,-0.0213,-0.0347,0.0464,0.0331,202790040130_R01C01,Female,-0.0023,-0.0039
AD_AIBL,AD_AIBL,AD_AIBL_HC,,hc,,-0.1492,-0.0207,0.014,-0.0488,0.03,-0.0606,-0.031,-0.0003,202790040130_R02C01,Female,0.0378,-0.0055
AD_AIBL,AD_AIBL,AD_AIBL_HC,,hc,,0.038,-0.0474,0.0121,-0.0113,-0.1234,0.1003,-0.0366,-0.0358,202790040130_R03C01,Male,0.0288,0.0153
AD_AIBL,AD_AIBL,AD_AIBL_HC,,hc,,0.2891,-0.2615,0.0343,0.048,-0.0058,0.0151,0.0208,0.018,202790040130_R06C01,Female,0.0026,-0.0047
AD_AIBL,AD_AIBL,AD_AIBL_HC,,ad,,0.1367,-0.2589,0.0588,0.0531,-0.0645,0.087,-0.0918,0.0333,202790040131_R01C01,Male,-0.0328,-0.0124
AD_AIBL,AD_AIBL,AD_AIBL_HC,,mci,,0.1512,0.0346,0.0073,0.0638,-0.059,-0.0332,0.0238,0.0218,202790040131_R02C01,Female,-0.0477,-0.0135
AD_AIBL,AD_AIBL,AD_AIBL_HC,,hc,,-0.0249,0.09,-0.0417,0.0031,-0.0148,-0.0602,0.0,-0.0111,202790040131_R05C01,Female,0.0147,0.0082
AD_AIBL,AD_AIBL,AD_AIBL_HC,,hc,,-0.7237,0.114,-0.0077,0.1014,0.0007,0.0635,0.0123,0.0562,202790040131_R06C01,Male,-0.0388,0.0124
AD_AIBL,AD_AIBL,AD_AIBL_HC,,hc,,0.1453,-0.0849,-0.1402,0.0613,-0.1109,0.0041,0.0132,-0.0123,202790040131_R07C01,Female,-0.0467,0.016
AD_AIBL,AD_AIBL,AD_AIBL_HC,,hc,,-0.1457,-0.0346,0.0528,-0.0154,-0.0263,-0.0646,0.0272,-0.0089,202790040131_R08C01,Female,-0.0511,-0.0259
AD_AIBL,AD_AIBL,AD_AIBL_HC,,hc,,0.3189,0.0772,0.0401,-0.0021,0.035,-0.0363,0.0146,-0.0298,202790040132_R01C01,Female,0.0213,-0.0222
AD_AIBL,AD_AIBL,AD_AIBL_HC,,mci,,-0.2693,0.0417,0.0444,-0.1691,-0.0187,-0.0882,0.0711,-0.0294,202790040132_R02C01,Female,0.0811,-0.0122
AD_AIBL,AD_AIBL,AD_AIBL_HC,,hc,,0.3218,0.024,0.0506,0.0067,0.0102,-0.0172,0.04,0.0194,202790040132_R07C01,Female,0.0204,-0.0136
AD_AIBL,AD_AIBL,AD_AIBL_HC,,ad,,0.3002,0.2562,0.0421,0.0947,-0.0643,0.0042,0.0073,0.0566,202790040143_R01C01,Female,0.0346,-0.0285
AD_AIBL,AD_AIBL,AD_AIBL_HC,,hc,,-0.1917,0.0073,-0.04,0.0142,-0.0234,0.1029,0.0039,0.0142,202790040143_R02C01,Male,0.0299,-0.0057
AD_AIBL,AD_AIBL,AD_AIBL_HC,,hc,,0.3193,0.1936,0.0401,0.0746,-0.0066,-0.047,-0.0599,-0.0162,202790040143_R04C01,Female,0.0013,-0.0322
AD_AIBL,AD_AIBL,AD_AIBL_HC,,ad,,-0.3218,-0.0722,0.0844,0.049,-0.1115,0.0246,0.0143,-0.0549,202790040143_R07C01,Female,-0.0241,-0.0063
AD_AIBL,AD_AIBL,AD_AIBL_HC,,hc,,-0.1841,-0.0387,0.0668,-0.0775,-0.0404,0.0514,-0.0089,-0.0177,202790040151_R01C01,Male,0.0151,0.0038
AD_AIBL,AD_AIBL,AD_AIBL_HC,,ad,,0.2936,0.271,-0.6051,0.0563,0.168,0.0076,-0.079,-0.0098,202790040151_R02C01,Female,0.0847,-0.0705
AD_AIBL,AD_AIBL,AD_AIBL_HC,,hc,,0.2721,0.0172,0.0695,0.0483,-0.0356,-0.0038,0.0363,0.0422,202790040151_R05C01,Female,0.0342,-0.0069
AD_AIBL,AD_AIBL,AD_AIBL_HC,,mci,,-0.0885,-0.0894,-0.0904,0.0274,-0.0193,-0.0489,-0.0358,0.0536,202790040151_R06C01,Female,-0.0314,0.008
AD_AIBL,AD_AIBL,AD_AIBL_HC,,hc,,0.2826,-0.2832,0.0594,0.0276,-0.012,0.0987,-0.0383,-0.0008,202790040151_R07C01,Male,-0.0315,-0.0205
AD_AIBL,AD_AIBL,AD_AIBL_HC,,hc,,0.2472,0.1167,-0.0547,0.0253,0.0151,-0.056,0.0054,-0.0094,202790040152_R01C01,Female,0.0062,-0.0048
AD_AIBL,AD_AIBL,AD_AIBL_HC,,hc,,-0.3275,-0.0695,0.0482,0.0065,-0.0316,0.0957,0.0215,-0.0047,202790040152_R04C01,Male,-0.0082,0.0029
AD_AIBL,AD_AIBL,AD_AIBL_HC,,hc,,0.0073,0.1144,-0.0922,0.0048,0.0263,-0.0386,-0.0237,0.0066,202790040152_R05C01,Female,0.0434,-0.0316
AD_AIBL,AD_AIBL,AD_AIBL_HC,,hc,,-0.4198,0.1281,-0.0848,0.0344,-0.2687,0.044,0.1445,-0.1103,202790040153_R02C01,Female,-0.0629,-0.0165
AD_AIBL,AD_AIBL,AD_AIBL_HC,,hc,,-0.4588,-0.035,0.0195,0.006,0.0306,0.0446,-0.0219,0.0452,202790040153_R03C01,Male,0.0018,0.0004
AD_AIBL,AD_AIBL,AD_AIBL_HC,,mci,,0.0238,-0.0868,-0.0078,-0.0761,-0.0807,0.0845,0.0113,0.0338,202790040153_R04C01,Male,0.016,0.0001
AD_AIBL,AD_AIBL,AD_AIBL_HC,,hc,,0.0723,0.0681,0.0352,-0.075,-0.0413,0.0312,-0.0307,0.048,202790040153_R05C01,Male,0.0741,-0.0109
AD_AIBL,AD_AIBL,AD_AIBL_HC,,hc,,-0.0363,0.1578,0.0374,-0.0175,-0.044,0.0204,-0.0997,0.0079,202790040153_R06C01,Male,0.0132,0.0267
AD_AIBL,AD_AIBL,AD_AIBL_HC,,ad,,0.0485,0.0012,-0.1502,0.0117,0.0251,-0.073,0.0278,0.05,202790040153_R07C01,Female,-0.0168,0.0222
AD_AIBL,AD_AIBL,AD_AIBL_HC,,hc,,-0.1014,-0.0841,-0.2492,-0.0689,0.0618,-0.0661,-0.0044,0.0167,202790040153_R08C01,Female,-0.004,0.0616
AD_AIBL,AD_AIBL,AD_AIBL_HC,,hc,,-0.1898,-0.0598,-0.085,-0.089,0.0345,0.0281,0.0172,-0.0222,202790040157_R03C01,Male,-0.0272,0.0305
AD_AIBL,AD_AIBL,AD_AIBL_HC,,hc,,0.0652,0.1181,-0.1144,-0.0021,0.0319,-0.0901,-0.0421,-0.0375,202790040157_R04C01,Female,-0.0045,0.0538
AD_AIBL,AD_AIBL,AD_AIBL_HC,,hc,,0.0107,-0.023,-0.1103,-0.0609,-0.1055,0.0951,-0.0099,-0.0096,202790040157_R06C01,Male,-0.028,0.0144
AD_AIBL,AD_AIBL,AD_AIBL_HC,,hc,,0.4409,0.0572,-0.3992,0.1466,0.0972,0.0564,-0.1137,-0.046,202790040159_R01C01,Female,0.0493,-0.1206
AD_AIBL,AD_AIBL,AD_AIBL_HC,,hc,,-0.4503,0.0366,0.0512,0.0379,-0.0187,-0.0476,0.0479,0.0383,202790040159_R04C01,Female,0.0161,-0.0211
AD_AIBL,AD_AIBL,AD_AIBL_HC,,hc,,-0.4551,0.0371,0.0367,0.0956,-0.0082,-0.0294,0.0195,-0.0364,202790040159_R05C01,Female,-0.0026,-0.0139
AD_AIBL,AD_AIBL,AD_AIBL_HC,,mci,,0.0256,-0.0874,0.0552,0.1046,0.037,-0.0836,-0.0352,0.0452,202790040159_R06C01,Female,-0.0915,-0.0203
AD_AIBL,AD_AIBL,AD_AIBL_HC,,ad,,0.1381,0.2427,0.0906,0.0139,0.0163,-0.1022,0.0132,0.0244,202790040159_R07C01,Female,-0.0543,-0.0115
AD_AIBL,AD_AIBL,AD_AIBL_HC,,hc,,-0.2061,0.0345,0.0092,-0.0413,-0.0959,0.0418,0.0329,0.021,202790040159_R08C01,Male,-0.0064,0.0038
AD_AIBL,AD_AIBL,AD_AIBL_HC,,ad,,0.249,-0.0097,0.0057,-0.0586,0.0016,0.0809,0.0164,-0.0606,202790040160_R01C01,Male,-0.0325,-0.0242
AD_AIBL,AD_AIBL,AD_AIBL_HC,,mci,,-0.6899,0.1262,-0.0497,0.1287,-0.0078,-0.0236,0.0167,0.0066,202790040160_R03C01,Female,-0.0333,-0.0248
AD_AIBL,AD_AIBL,AD_AIBL_HC,,ad,,0.2083,0.2252,0.0426,0.0016,-0.0289,0.0377,-0.0196,0.058,202790040160_R07C01,Male,-0.0159,0.0058
AD_AIBL,AD_AIBL,AD_AIBL_HC,,hc,,0.3518,-0.1208,0.1144,0.0819,0.0499,-0.0121,-0.007,0.0073,202790040160_R08C01,Female,-0.0193,-0.0209
AD_AIBL,AD_AIBL,AD_AIBL_HC,,hc,,0.4251,-0.1734,0.116,0.1506,-0.1132,0.0692,-0.0245,0.0004,202790040161_R01C01,Female,0.0271,0.0032
AD_AIBL,AD_AIBL,AD_AIBL_HC,,mci,,-0.2795,0.1121,-0.0226,0.0358,-0.0358,-0.0614,0.0269,0.0376,202790040161_R02C01,Female,0.0017,0.0064
AD_AIBL,AD_AIBL,AD_AIBL_HC,,mci,,-0.6485,0.0572,0.049,0.008,0.0327,0.0308,0.0443,0.0042,202790040161_R05C01,Male,-0.0174,-0.0348
AD_AIBL,AD_AIBL,AD_AIBL_HC,,hc,,-0.091,0.0655,-0.0257,0.091,-0.0209,-0.0419,-0.0605,0.0363,202790040161_R07C01,Female,-0.0183,0.0089
AD_AIBL,AD_AIBL,AD_AIBL_HC,,hc,,0.2557,0.0268,-0.1416,0.0493,-0.0519,-0.0153,0.019,0.0441,202790040162_R02C01,Female,-0.0221,0.036
AD_AIBL,AD_AIBL,AD_AIBL_HC,,hc,,0.4668,0.1045,-0.0183,0.0477,-0.0393,0.0176,0.1611,-0.0078,202790040162_R03C01,Female,-0.0571,0.0058
AD_AIBL,AD_AIBL,AD_AIBL_HC,,hc,,-0.3993,0.0402,0.0708,-0.0217,-0.0917,0.0803,-0.0189,-0.0163,202790040162_R04C01,Male,0.0458,0.003
AD_AIBL,AD_AIBL,AD_AIBL_HC,,mci,,-0.4364,0.0057,-0.1008,0.0278,-0.015,-0.0345,0.0395,-0.0104,202790040162_R08C01,Female,-0.0003,0.0197
AD_AIBL,AD_AIBL,AD_AIBL_HC,,hc,,0.09,-0.1193,0.0784,-0.0251,-0.0537,0.0779,-0.0194,0.0258,202790040163_R01C01,Male,0.0175,-0.0034
AD_AIBL,AD_AIBL,AD_AIBL_HC,,mci,,-0.0423,-0.0756,-0.0843,-0.0269,-0.082,0.0519,-0.0098,0.0082,202790040163_R05C01,Male,-0.0169,-0.0103
AD_AIBL,AD_AIBL,AD_AIBL_HC,,ad,,0.3203,-0.0563,-0.1008,0.0586,0.0106,0.0136,-0.0247,0.0481,202790040163_R07C01,Female,0.0272,0.0301
AD_AIBL,AD_AIBL,AD_AIBL_HC,,hc,,0.0628,0.0196,-0.1942,0.0506,-0.0908,-0.0416,-0.0136,0.0175,202790040164_R02C01,Female,-0.0048,0.0216
AD_AIBL,AD_AIBL,AD_AIBL_HC,,hc,,0.1467,0.0241,-0.096,-0.0369,-0.059,-0.0203,0.0945,-0.019,202790040164_R06C01,Female,-0.0393,-0.007
AD_AIBL,AD_AIBL,AD_AIBL_HC,,hc,,-0.1056,0.0592,-0.0636,-0.0587,-0.0378,-0.0081,0.0327,-0.0397,202790040164_R08C01,Female,0.0142,-0.0128
AD_AIBL,AD_AIBL,AD_AIBL_HC,,ad,,0.4497,-0.0458,0.0335,0.0807,0.0094,0.0469,0.0557,-0.0248,202790040172_R01C01,Female,0.0028,0.01
AD_AIBL,AD_AIBL,AD_AIBL_HC,,hc,,0.0746,-0.0011,0.0724,0.037,-0.0159,-0.0456,-0.0058,0.0261,202790040172_R02C01,Female,-0.0201,-0.0091
AD_AIBL,AD_AIBL,AD_AIBL_HC,,hc,,0.0292,0.1728,-0.0862,-0.0666,0.1109,-0.0996,0.0364,0.0471,202790040172_R04C01,Female,0.0038,0.0146
AD_AIBL,AD_AIBL,AD_AIBL_HC,,hc,,-0.2828,-0.0468,0.0259,-0.0383,-0.0213,0.0713,0.0249,-0.0271,202790040172_R05C01,Male,-0.0151,-0.0271
AD_AIBL,AD_AIBL,AD_AIBL_HC,,ad,,0.2316,0.1133,0.0524,0.0659,-0.0067,-0.0736,-0.018,0.0003,202790040172_R06C01,Female,-0.0068,0.0071
AD_AIBL,AD_AIBL,AD_AIBL_HC,,hc,,0.2783,-0.0987,-0.0264,0.0842,-0.0678,-0.0017,-0.0402,0.0448,202790040172_R07C01,Female,0.0324,0.007
AD_AIBL,AD_AIBL,AD_AIBL_HC,,hc,,0.0264,0.0397,-0.1025,0.0993,-0.1129,0.0574,0.0105,0.0015,202790040172_R08C01,Female,0.0313,-0.0079
AD_AIBL,AD_AIBL,AD_AIBL_HC,,hc,,-0.3371,0.1615,0.0155,-0.0247,-0.056,0.0628,0.0624,-0.0303,202790040179_R03C01,Male,0.0011,0.0045
AD_AIBL,AD_AIBL,AD_AIBL_HC,,hc,,0.4241,0.0649,-0.015,0.0337,0.1153,0.0493,-0.0103,0.0035,202790040179_R04C01,Male,-0.0319,0.02
AD_AIBL,AD_AIBL,AD_AIBL_HC,,hc,,-0.3371,0.0258,0.0817,-0.0587,0.0234,-0.0152,0.0045,0.0183,202790040179_R06C01,Male,-0.0158,-0.0144
AD_AIBL,AD_AIBL,AD_AIBL_HC,,hc,,-0.0132,-0.1282,0.0911,-0.0315,-0.0616,-0.0294,0.0026,-0.0243,202790040179_R07C01,Female,0.0486,-0.0254
AD_AIBL,AD_AIBL,AD_AIBL_HC,,ad,,-0.4102,-0.0635,0.0202,-0.0169,-0.0701,0.0979,0.0108,0.0025,202790040179_R08C01,Male,0.0076,-0.001
AD_AIBL,AD_AIBL,AD_AIBL_HC,,hc,,0.2073,-0.1821,0.0504,0.0498,-0.0111,0.0091,-0.0167,-0.0097,202790040180_R01C01,Female,-0.0064,-0.0082
AD_AIBL,AD_AIBL,AD_AIBL_HC,,hc,,0.1824,-0.0231,-0.0795,-0.0226,0.0353,-0.02,0.0052,-0.044,202790040180_R03C01,Female,0.0122,0.0249
AD_AIBL,AD_AIBL,AD_AIBL_HC,,hc,,-0.2035,-0.1377,0.0792,0.0805,-0.0174,-0.0037,-0.0178,-0.0287,202790040180_R04C01,Female,0.0263,0.0046
AD_AIBL,AD_AIBL,AD_AIBL_HC,,hc,,-0.244,-0.0211,0.1617,-0.0807,0.0289,-0.0119,-0.0034,-0.0163,202790040180_R05C01,Male,-0.0662,-0.0354
AD_AIBL,AD_AIBL,AD_AIBL_HC,,hc,,-0.2924,0.009,-0.0752,0.0547,0.0435,-0.0312,0.0224,-0.008,202790040180_R07C01,Female,0.0092,0.0114
AD_AIBL,AD_AIBL,AD_AIBL_HC,,hc,,0.0461,0.1093,0.0276,0.0434,-0.1059,-0.0332,-0.0261,-0.0621,202796590001_R01C01,Female,-0.004,0.0191
AD_AIBL,AD_AIBL,AD_AIBL_HC,,hc,,0.1063,-0.1994,0.1414,-0.0477,-0.0284,0.0641,-0.0052,-0.0073,202796590001_R02C01,Male,0.0043,-0.025
AD_AIBL,AD_AIBL,AD_AIBL_HC,,hc,,-0.1462,0.0779,-0.0276,-0.0065,-0.0918,-0.0334,0.1062,-0.0743,202796590001_R03C01,Female,-0.044,-0.0197
AD_AIBL,AD_AIBL,AD_AIBL_HC,,hc,,0.2113,-0.3852,0.0237,0.0594,0.0979,-0.0448,-0.054,-0.0378,202796590001_R04C01,Female,-0.02,-0.0021
AD_AIBL,AD_AIBL,AD_AIBL_HC,,hc,,-0.2814,0.0387,0.0227,-0.0191,-0.0132,0.0431,-0.0184,-0.0114,202796590001_R05C01,Male,-0.0137,0.0028
AD_AIBL,AD_AIBL,AD_AIBL_HC,,ad,,0.1671,-0.1409,0.0804,-0.0352,0.0565,0.0513,-0.0126,0.0062,202796590001_R06C01,Male,-0.0037,0.0001
AD_AIBL,AD_AIBL,AD_AIBL_HC,,hc,,0.2893,-0.2249,0.1229,0.0006,0.0611,-0.0063,0.0247,-0.0146,202796590003_R03C01,Female,0.0331,-0.0097
AD_AIBL,AD_AIBL,AD_AIBL_HC,,ad,,-0.1342,-0.0009,0.0592,0.0607,-0.0812,-0.0376,-0.0322,0.0033,202796590003_R04C01,Female,0.0115,-0.0123
AD_AIBL,AD_AIBL,AD_AIBL_HC,,ad,,-0.4895,-0.1545,0.1236,0.0286,0.034,-0.0267,0.0015,0.0313,202796590003_R07C01,Female,-0.0255,0.0038
AD_AIBL,AD_AIBL,AD_AIBL_HC,,ad,,-0.1239,0.1136,0.0426,-0.0897,0.0915,-0.0422,-0.0192,-0.0067,202796590004_R01C01,Male,0.0144,0.0292
AD_AIBL,AD_AIBL,AD_AIBL_HC,,hc,,-0.4679,-0.015,-0.1113,-0.079,0.0683,0.0196,-0.0074,0.0018,202796590004_R02C01,Male,-0.0117,0.031
AD_AIBL,AD_AIBL,AD_AIBL_HC,,hc,,0.0502,-0.1896,0.0408,-0.0077,0.0319,-0.0415,0.0136,-0.0075,202796590004_R04C01,Female,-0.0172,-0.0075
AD_AIBL,AD_AIBL,AD_AIBL_HC,,hc,,0.0604,-0.0182,0.0664,-0.0685,0.0068,-0.0487,0.0195,-0.0045,202796590004_R05C01,Female,0.0489,0.0072
AD_AIBL,AD_AIBL,AD_AIBL_HC,,ad,,-0.4928,-0.0342,0.0578,0.0222,0.0287,0.0356,-0.0124,-0.0284,202796590004_R06C01,Male,-0.022,0.0108
AD_AIBL,AD_AIBL,AD_AIBL_HC,,hc,,0.0418,-0.0773,0.1,0.0733,-0.0588,-0.039,-0.0094,-0.0459,202796590004_R07C01,Female,-0.0439,0.002
AD_AIBL,AD_AIBL,AD_AIBL_HC,,mci,,-0.5593,-0.0075,0.0122,-0.052,0.0364,0.0344,0.0099,0.0102,202796590004_R08C01,Male,0.0232,-0.027
AD_AIBL,AD_AIBL,AD_AIBL_HC,,hc,,-0.021,0.1386,0.0233,0.0496,0.0141,-0.0515,-0.0081,-0.0207,202796590005_R01C01,Female,-0.0081,0.0124
AD_AIBL,AD_AIBL,AD_AIBL_HC,,hc,,-0.5919,0.0552,-0.0838,-0.0393,0.0007,0.0324,0.0366,0.0208,202796590005_R02C01,Male,-0.0319,0.0102
AD_AIBL,AD_AIBL,AD_AIBL_HC,,hc,,0.1947,-0.2754,-0.022,0.034,0.0118,-0.0113,-0.0298,0.0111,202796590005_R03C01,Female,0.0003,0.0012
AD_AIBL,AD_AIBL,AD_AIBL_HC,,mci,,-0.0326,-0.2206,0.0589,-0.0494,-0.0163,0.0748,-0.0631,0.0213,202796590005_R04C01,Male,0.0167,0.0056
AD_AIBL,AD_AIBL,AD_AIBL_HC,,hc,,-0.0416,-0.0486,0.0181,0.0601,-0.0077,-0.0414,0.0091,0.0449,202796590005_R07C01,Female,-0.0391,-0.0181
AD_AIBL,AD_AIBL,AD_AIBL_HC,,hc,,-0.1949,0.027,0.0175,-0.0556,0.0146,0.0094,0.0048,0.0341,202796590005_R08C01,Male,-0.0028,0.0067
AD_AIBL,AD_AIBL,AD_AIBL_HC,,ad,,-0.4338,-0.0448,-0.0248,0.0759,0.036,-0.0294,0.0284,0.0467,202796590006_R01C01,Female,0.0076,-0.0027
AD_AIBL,AD_AIBL,AD_AIBL_HC,,hc,,-0.1753,-0.1194,-0.0515,0.0162,-0.0065,-0.0325,0.0452,-0.0406,202796590006_R03C01,Female,-0.0403,-0.0075
AD_AIBL,AD_AIBL,AD_AIBL_HC,,ad,,-0.3538,-0.0892,0.0538,0.1583,-0.0177,0.0266,-0.0043,-0.0204,202796590006_R04C01,Female,0.0004,-0.0032
AD_AIBL,AD_AIBL,AD_AIBL_HC,,hc,,-0.6475,0.0677,-0.1341,0.0053,0.0206,0.0404,-0.0197,0.0086,202796590006_R06C01,Male,-0.0247,0.0278
AD_AIBL,AD_AIBL,AD_AIBL_HC,,hc,,0.1943,-0.1537,-0.08,0.1011,-0.0721,0.0164,-0.0464,0.0402,202796590006_R07C01,Female,0.0025,-0.0006
AD_AIBL,AD_AIBL,AD_AIBL_HC,,hc,,-0.1811,0.1834,-0.0505,0.0624,-0.033,-0.0708,-0.0064,0.0176,202796590008_R01C01,Female,0.0268,-0.0077
AD_AIBL,AD_AIBL,AD_AIBL_HC,,ad,,0.4672,0.0293,0.0504,0.0185,0.0977,0.0981,0.0797,0.0044,202796590008_R02C01,Male,-0.0238,-0.0003
AD_AIBL,AD_AIBL,AD_AIBL_HC,,ad,,0.2065,-0.1444,-0.0745,-0.0288,0.0261,-0.0061,0.0129,-0.0437,202796590008_R04C01,Female,0.026,-0.0188
AD_AIBL,AD_AIBL,AD_AIBL_HC,,hc,,0.343,0.1113,0.0174,-0.0591,0.0624,0.0522,0.0569,-0.0074,202796590008_R05C01,Male,-0.0632,0.0292
AD_AIBL,AD_AIBL,AD_AIBL_HC,,mci,,0.307,0.2997,0.1372,0.0126,-0.0162,-0.0709,-0.0553,-0.0606,202796590008_R06C01,Female,0.0353,0.0123
AD_AIBL,AD_AIBL,AD_AIBL_HC,,hc,,0.5124,0.1273,0.0399,0.1517,0.1447,0.0009,0.0123,-0.0383,202796590008_R07C01,Female,0.044,0.0011
AD_AIBL,AD_AIBL,AD_AIBL_HC,,hc,,0.0586,0.0951,-0.0022,0.054,-0.1666,-0.0206,-0.0125,0.0337,202796590008_R08C01,Female,0.0057,-0.0101
AD_AIBL,AD_AIBL,AD_AIBL_HC,,hc,,0.4231,-0.2124,-0.0384,0.1497,-0.0011,0.0076,-0.0043,0.0156,202796590009_R01C01,Female,-0.0138,-0.017
AD_AIBL,AD_AIBL,AD_AIBL_HC,,hc,,0.4704,0.3701,0.0704,0.098,0.0227,-0.0217,-0.0352,-0.0489,202796590009_R02C01,Female,-0.048,0.0402
AD_AIBL,AD_AIBL,AD_AIBL_HC,,hc,,-0.2524,-0.0997,0.0494,-0.0108,-0.0178,-0.0286,0.0252,0.0183,202796590009_R03C01,Female,0.0468,-0.0238
AD_AIBL,AD_AIBL,AD_AIBL_HC,,hc,,0.0112,-0.0991,0.0046,0.0138,-0.0635,-0.0383,0.002,-0.0154,202796590009_R04C01,Female,-0.0148,-0.0182
AD_AIBL,AD_AIBL,AD_AIBL_HC,,hc,,-0.2667,-0.2037,-0.0135,-0.0951,0.0673,-0.0839,0.0144,-0.0308,202796590009_R06C01,Female,0.0238,-0.0272
AD_AIBL,AD_AIBL,AD_AIBL_HC,,ad,,-0.3122,-0.1023,0.0925,-0.052,0.0414,0.032,-0.0271,0.0328,202796590009_R07C01,Male,0.0172,-0.0047
AD_AIBL,AD_AIBL,AD_AIBL_HC,,hc,,0.4164,-0.183,-0.076,0.0803,0.0524,0.0263,0.0701,-0.0178,202796590009_R08C01,Female,-0.0134,0.0028
AD_AIBL,AD_AIBL,AD_AIBL_HC,,ad,,0.4552,0.0015,-0.158,0.046,0.1194,0.1121,-0.0298,-0.0141,202796590010_R02C01,Male,0.0535,-0.0213
AD_AIBL,AD_AIBL,AD_AIBL_HC,,ad,,-0.2803,0.1852,-0.0482,-0.0517,-0.0509,-0.0624,0.0467,0.0374,202796590010_R04C01,Female,0.0776,0.006
AD_AIBL,AD_AIBL,AD_AIBL_HC,,hc,,-0.1817,0.0238,0.0122,-0.0069,-0.021,-0.0371,0.0625,0.0751,202796590010_R05C01,Female,-0.0117,-0.0328
AD_AIBL,AD_AIBL,AD_AIBL_HC,,hc,,0.0928,-0.0092,0.0726,-0.0394,0.0003,0.0652,0.0083,0.0506,202796590010_R06C01,Male,0.0103,0.0023
AD_AIBL,AD_AIBL,AD_AIBL_HC,,hc,,-0.3294,0.0299,0.0302,0.0843,0.0017,-0.0119,-0.0145,-0.0013,202796590010_R07C01,Female,0.0432,0.0121
AD_AIBL,AD_AIBL,AD_AIBL_HC,,hc,,0.2121,0.1237,0.0408,-0.046,0.0078,0.0243,-0.036,-0.0152,202796590010_R08C01,Male,0.0216,-0.0028
AD_AIBL,AD_AIBL,AD_AIBL_HC,,hc,,0.0105,-0.0591,-0.1452,0.0158,0.0259,-0.0651,-0.0255,0.0162,202796590012_R01C01,Female,-0.0199,0.0168
AD_AIBL,AD_AIBL,AD_AIBL_HC,,hc,,0.0832,0.1612,0.0956,-0.0444,-0.0449,0.0427,-0.0854,-0.0485,202796590012_R02C01,Male,0.0268,0.0168
AD_AIBL,AD_AIBL,AD_AIBL_HC,,hc,,-0.2438,-0.07,-0.005,-0.109,0.0055,0.0372,-0.0366,0.0334,202796590012_R03C01,Male,0.039,0.0028
AD_AIBL,AD_AIBL,AD_AIBL_HC,,hc,,0.1102,-0.3072,0.0674,-0.0208,-0.0064,-0.0262,-0.0272,0.0054,202796590012_R04C01,Female,0.0467,-0.0148
AD_AIBL,AD_AIBL,AD_AIBL_HC,,hc,,-0.4843,0.1123,-0.0119,0.0556,-0.0074,-0.0626,-0.0006,-0.0097,202796590012_R05C01,Female,0.0199,-0.0004
AD_AIBL,AD_AIBL,AD_AIBL_HC,,ad,,-0.5916,0.1346,-0.0348,0.07,-0.0032,-0.0554,-0.0035,0.0034,202796590012_R07C01,Female,0.016,0.0129
AD_AIBL,AD_AIBL,AD_AIBL_HC,,mci,,0.0283,0.0062,-0.0092,-0.1032,0.0767,0.0439,0.0408,-0.029,202796590013_R02C01,Male,-0.0169,-0.027
AD_AIBL,AD_AIBL,AD_AIBL_HC,,ad,,-0.3152,0.1979,0.0862,0.0181,-0.038,-0.0349,0.0244,-0.042,202796590013_R03C01,Female,0.0382,0.0018
AD_AIBL,AD_AIBL,AD_AIBL_HC,,hc,,0.1398,0.0408,-0.2547,-0.0291,-0.04,0.0371,0.0645,-0.0738,202796590013_R04C01,Female,0.0484,-0.0534
AD_AIBL,AD_AIBL,AD_AIBL_HC,,hc,,0.3171,-0.2017,-0.0355,0.0548,0.0402,0.0006,0.0256,-0.0136,202796590013_R05C01,Female,-0.0121,0.0167
AD_AIBL,AD_AIBL,AD_AIBL_HC,,hc,,-0.4122,0.0078,0.0733,0.0973,0.0285,0.0128,0.0119,-0.037,202796590013_R07C01,Female,0.0658,-0.0067
AD_AIBL,AD_AIBL,AD_AIBL_HC,,mci,,-0.2203,-0.0354,0.1584,-0.0261,0.0403,-0.0227,-0.0467,0.0408,202796590013_R08C01,Male,-0.0721,-0.0366
AD_AIBL,AD_AIBL,AD_AIBL_HC,,hc,,-0.166,0.1242,-0.0528,-0.0328,-0.0462,0.0318,-0.0385,0.0739,202796590014_R01C01,Male,-0.0076,0.0139
AD_AIBL,AD_AIBL,AD_AIBL_HC,,hc,,0.1399,0.0269,0.1781,0.0012,-0.0274,-0.0335,0.0549,-0.0054,202796590014_R02C01,Female,-0.007,-0.0144
AD_AIBL,AD_AIBL,AD_AIBL_HC,,mci,,-0.4998,0.0526,0.0089,0.0637,-0.0127,-0.0135,0.0651,0.0157,202796590014_R03C01,Female,-0.0101,-0.0074
AD_AIBL,AD_AIBL,AD_AIBL_HC,,hc,,0.3974,0.0752,0.0858,0.0918,0.0145,-0.0355,0.0693,0.0109,202796590014_R04C01,Female,-0.0384,-0.0252
AD_AIBL,AD_AIBL,AD_AIBL_HC,,hc,,-0.1118,-0.1004,0.0605,-0.0196,0.0074,-0.079,-0.0393,-0.0487,202796590014_R05C01,Female,0.0047,-0.009
AD_AIBL,AD_AIBL,AD_AIBL_HC,,mci,,-0.0135,0.0473,-0.0601,-0.054,-0.0417,0.0483,-0.0198,0.0635,202796590014_R06C01,Male,-0.011,0.0174
AD_AIBL,AD_AIBL,AD_AIBL_HC,,hc,,-0.2103,0.0509,-0.0069,0.0535,-0.0678,0.0834,0.0062,0.0199,202796590014_R07C01,Male,-0.0145,-0.002
AD_AIBL,AD_AIBL,AD_AIBL_HC,,ad,,-0.1368,0.0116,-0.0707,-0.0447,-0.0188,0.0302,-0.0281,0.0317,202796590014_R08C01,Male,0.016,0.03
AD_AIBL,AD_AIBL,AD_AIBL_HC,,mci,,-0.2189,-0.1277,-0.0179,-0.0874,0.0483,0.0305,-0.0662,0.0024,202796590015_R01C01,Male,0.0491,0.0052
AD_AIBL,AD_AIBL,AD_AIBL_HC,,mci,,0.1951,-0.1829,0.0947,-0.1054,0.0156,0.0707,0.0749,-0.0173,202796590015_R02C01,Male,-0.0253,-0.0197
AD_AIBL,AD_AIBL,AD_AIBL_HC,,mci,,-0.0439,0.1563,-0.0069,-0.0896,0.0116,-0.0137,-0.0121,0.0638,202796590015_R03C01,Male,0.0119,-0.0017
AD_AIBL,AD_AIBL,AD_AIBL_HC,,hc,,0.3516,0.073,0.1175,-0.0611,0.1191,0.0169,0.0784,0.0267,202796590015_R06C01,Male,-0.0348,-0.0092
AD_AIBL,AD_AIBL,AD_AIBL_HC,,hc,,0.065,0.0236,-0.0583,-0.0121,-0.1363,0.0716,0.0232,0.0861,202796590015_R07C01,Male,0.0165,0.0173
AD_AIBL,AD_AIBL,AD_AIBL_HC,,hc,,0.104,0.0536,-0.0796,0.0063,-0.0026,-0.0698,-0.0332,-0.0066,202796590019_R01C01,Female,0.0009,0.0304
AD_AIBL,AD_AIBL,AD_AIBL_HC,,hc,,-0.3552,-0.1133,0.0543,-0.101,0.0304,0.0212,-0.0603,-0.0015,202796590019_R02C01,Male,0.0596,-0.0036
AD_AIBL,AD_AIBL,AD_AIBL_HC,,ad,,-0.0716,-0.1964,0.0379,-0.067,-0.0262,0.0668,-0.0215,-0.0314,202796590019_R04C01,Male,-0.0129,0.0099
AD_AIBL,AD_AIBL,AD_AIBL_HC,,hc,,-0.6947,0.076,0.0273,0.1096,-0.0022,-0.0423,0.0095,-0.0045,202796590019_R05C01,Female,0.0279,0.0021
AD_AIBL,AD_AIBL,AD_AIBL_HC,,hc,,0.2256,0.1297,-0.0555,-0.01,-0.0161,0.0767,-0.0403,0.0365,202796590019_R06C01,Male,0.02,0.0072
AD_AIBL,AD_AIBL,AD_AIBL_HC,,hc,,0.3175,0.2584,0.0765,-0.0489,0.0567,0.0267,-0.0514,-0.0261,202796590019_R07C01,Male,0.0098,0.0253
AD_AIBL,AD_AIBL,AD_AIBL_HC,,hc,,0.4027,0.1614,0.013,0.0915,-0.045,-0.021,-0.0309,-0.0409,202796590022_R01C01,Female,-0.0229,0.0213
AD_AIBL,AD_AIBL,AD_AIBL_HC,,hc,,0.3234,0.1179,0.1688,0.0373,0.0107,-0.0524,0.015,0.022,202796590022_R02C01,Female,0.0138,-0.0203
AD_AIBL,AD_AIBL,AD_AIBL_HC,,hc,,-0.4268,0.2073,0.019,0.0222,-0.0264,0.022,-0.0595,0.0109,202796590022_R03C01,Male,-0.0106,0.019
AD_AIBL,AD_AIBL,AD_AIBL_HC,,ad,,-0.3104,0.1207,0.0216,0.0467,-0.0383,-0.0814,-0.021,-0.0043,202796590022_R04C01,Female,0.0381,0.0168
AD_AIBL,AD_AIBL,AD_AIBL_HC,,hc,,-0.3243,0.0356,0.0379,-0.0176,0.0143,0.0266,-0.0622,-0.0225,202796590022_R05C01,Male,0.0124,0.0307
AD_AIBL,AD_AIBL,AD_AIBL_HC,,mci,,-0.5272,0.1198,-0.043,0.1031,-0.0398,0.104,-0.0105,0.0061,202796590022_R06C01,Male,0.0268,0.0259
AD_AIBL,AD_AIBL,AD_AIBL_HC,,mci,,-0.4301,-0.0522,0.0356,0.0459,0.0275,-0.0466,-0.0087,-0.0457,202796590022_R08C01,Female,0.0118,0.0098
AD_AIBL,AD_AIBL,AD_AIBL_HC,,hc,,-0.0229,-0.1116,-0.0496,-0.0763,-0.0232,-0.0349,0.061,-0.0344,202796590023_R01C01,Female,-0.0409,0.0058
AD_AIBL,AD_AIBL,AD_AIBL_HC,,hc,,0.0862,0.0272,0.0518,-0.0178,0.0188,-0.0673,-0.0701,-0.0182,202796590023_R02C01,Female,0.0421,0.0035
AD_AIBL,AD_AIBL,AD_AIBL_HC,,hc,,-0.2982,0.1557,-0.3492,0.0453,0.0489,-0.0565,-0.0935,-0.0238,202796590023_R03C01,Female,-0.0373,-0.092
AD_AIBL,AD_AIBL,AD_AIBL_HC,,hc,,-0.0865,0.1653,0.0813,-0.0261,0.0518,-0.1143,-0.0242,-0.0151,202796590023_R05C01,Female,0.0067,0.0078
AD_AIBL,AD_AIBL,AD_AIBL_HC,,hc,,0.0867,0.0525,0.0459,-0.005,-0.0063,0.0445,-0.0693,0.0782,202796590023_R07C01,Male,-0.0516,0.0
AD_AIBL,AD_AIBL,AD_AIBL_HC,,ad,,0.2538,0.1243,-0.0739,-0.0608,0.0791,0.028,-0.0695,-0.0477,202796590023_R08C01,Male,-0.0113,0.0046
AD_AIBL,AD_AIBL,AD_AIBL_HC,,hc,,-0.1224,0.0034,0.0802,0.0079,0.0002,0.0385,-0.0386,-0.0018,202796590024_R01C01,Male,-0.0186,-0.0068
AD_AIBL,AD_AIBL,AD_AIBL_HC,,hc,,0.0468,-0.0463,0.1374,-0.0627,-0.0183,0.0332,-0.0375,-0.045,202796590024_R02C01,Male,-0.0133,0.0089
AD_AIBL,AD_AIBL,AD_AIBL_HC,,hc,,0.2159,0.2813,-0.4302,0.0124,0.1095,-0.0423,-0.0216,-0.0063,202796590024_R03C01,Female,0.016,-0.068
AD_AIBL,AD_AIBL,AD_AIBL_HC,,hc,,0.2206,0.0883,-0.1772,-0.0203,0.0377,-0.0178,-0.0166,-0.0601,202796590024_R04C01,Female,0.0045,0.0299
AD_AIBL,AD_AIBL,AD_AIBL_HC,,mci,,0.1988,-0.0417,0.0142,-0.0345,0.0761,0.0353,-0.0285,-0.0151,202796590024_R05C01,Male,-0.0472,0.0185
AD_AIBL,AD_AIBL,AD_AIBL_HC,,mci,,-0.1902,0.1221,0.026,-0.0219,-0.1066,0.0526,0.0281,-0.0439,202796590024_R06C01,Male,-0.0216,0.0046
AD_AIBL,AD_AIBL,AD_AIBL_HC,,hc,,-0.4487,0.04,-0.0292,0.0167,-0.0187,-0.0498,0.0147,0.0339,202796590024_R07C01,Female,0.0205,-0.0093
AD_AIBL,AD_AIBL,AD_AIBL_HC,,hc,,-0.1193,-0.0799,0.0687,-0.0731,0.068,0.0009,0.0129,0.0036,202796590024_R08C01,Male,-0.0324,-0.0059
AD_AIBL,AD_AIBL,AD_AIBL_HC,,ad,,-0.1151,-0.1328,0.0149,0.0222,-0.0363,0.0179,0.0271,-0.0232,202796590025_R01C01,Female,0.0182,0.0168
AD_AIBL,AD_AIBL,AD_AIBL_HC,,hc,,0.0413,-0.0436,0.0766,-0.0749,-0.0636,0.0862,0.0327,-0.0208,202796590025_R03C01,Male,0.0049,-0.0178
AD_AIBL,AD_AIBL,AD_AIBL_HC,,ad,,-0.3627,-0.1014,-0.0656,0.0058,-0.0304,-0.0427,0.0039,0.0147,202796590025_R05C01,Female,0.0757,0.0091
AD_AIBL,AD_AIBL,AD_AIBL_HC,,mci,,0.305,0.0185,0.0384,0.0362,0.0397,-0.0334,-0.0227,-0.0169,202796590025_R06C01,Female,0.0052,0.0071
AD_AIBL,AD_AIBL,AD_AIBL_HC,,mci,,0.2235,-0.1687,0.0519,-0.06,-0.0295,0.0789,0.023,-0.0767,202796590025_R08C01,Male,-0.0137,-0.0113
AD_AIBL,AD_AIBL,AD_AIBL_HC,,hc,,-1.6628,-0.0931,0.0213,0.1137,0.2387,-0.018,-0.1318,0.0061,202796590026_R01C01,Male,-0.1174,-0.0131
AD_AIBL,AD_AIBL,AD_AIBL_HC,,hc,,0.2122,-0.1341,-0.0674,-0.0838,0.1054,0.0427,0.0092,-0.0476,202796590026_R03C01,Male,-0.0516,0.0511
AD_AIBL,AD_AIBL,AD_AIBL_HC,,hc,,-0.2604,-0.0109,0.0387,0.0166,-0.0577,-0.0291,0.0185,0.0106,202796590026_R04C01,Female,0.0298,-0.0245
AD_AIBL,AD_AIBL,AD_AIBL_HC,,hc,,-0.2522,-0.1143,-0.0232,0.0441,0.0089,-0.0601,0.0058,0.0093,202796590026_R05C01,Female,-0.0214,-0.0109
AD_AIBL,AD_AIBL,AD_AIBL_HC,,mci,,-0.3765,0.0649,0.0539,-0.0394,-0.0142,0.0261,-0.0287,-0.0249,202796590026_R06C01,Male,-0.0046,0.005
AD_AIBL,AD_AIBL,AD_AIBL_HC,,mci,,-0.0177,0.2131,-0.432,-0.0408,0.0877,0.0767,-0.0787,-0.0307,202796590026_R07C01,Male,-0.0024,-0.1553
AD_AIBL,AD_AIBL,AD_AIBL_HC,,ad,,-0.2289,-0.141,-0.0878,0.0471,0.0088,0.0065,-0.0271,-0.0201,202796590026_R08C01,Female,0.0352,-0.0474
AD_AIBL,AD_AIBL,AD_AIBL_HC,,hc,,0.0294,-0.0322,0.0126,-0.0819,0.0444,0.0632,0.0176,-0.0005,202796590027_R01C01,Male,0.0223,-0.0406
AD_AIBL,AD_AIBL,AD_AIBL_HC,,ad,,-0.2318,0.129,0.1575,-0.0425,0.0688,-0.1042,-0.0146,0.0042,202796590027_R02C01,Female,0.0236,-0.0273
AD_AIBL,AD_AIBL,AD_AIBL_HC,,ad,,-0.0358,-0.1197,-0.0489,0.0233,-0.0278,0.0098,-0.0097,-0.0172,202796590027_R03C01,Female,0.0483,0.029
AD_AIBL,AD_AIBL,AD_AIBL_HC,,ad,,0.2368,0.3275,0.0391,-0.0159,0.0148,0.0356,-0.1096,-0.0354,202796590027_R04C01,Male,0.0207,0.0289
AD_AIBL,AD_AIBL,AD_AIBL_HC,,hc,,-0.4726,-0.0396,0.0229,-0.0568,0.0422,0.0586,0.001,-0.0131,202796590027_R05C01,Male,0.0696,0.0023
AD_AIBL,AD_AIBL,AD_AIBL_HC,,ad,,0.5329,0.0882,0.0114,0.1036,0.1263,0.1186,-0.0196,-0.0227,202796590027_R06C01,Male,0.0394,0.0365
AD_AIBL,AD_AIBL,AD_AIBL_HC,,hc,,0.1764,0.138,-0.0277,0.0282,-0.0445,-0.0015,0.0155,-0.0324,202796590027_R08C01,Female,0.0369,0.0222
AD_AIBL,AD_AIBL,AD_AIBL_HC,,hc,,0.106,0.0841,0.1441,-0.0835,0.0303,0.0252,0.0273,0.0303,202796590028_R01C01,Male,-0.0,-0.0066
AD_AIBL,AD_AIBL,AD_AIBL_HC,,ad,,0.2642,0.1827,0.0476,0.0377,0.0155,-0.077,-0.0501,-0.0152,202796590028_R03C01,Female,-0.0397,0.0153
AD_AIBL,AD_AIBL,AD_AIBL_HC,,hc,,-0.0393,0.038,0.0126,-0.0931,0.0564,0.0273,-0.0388,-0.0181,202796590028_R05C01,Male,0.0379,0.0362
AD_AIBL,AD_AIBL,AD_AIBL_HC,,ad,,-0.2758,-0.0448,-0.1059,-0.1286,0.0837,0.0022,-0.0246,0.0708,202796590028_R07C01,Male,-0.0401,0.0191
AD_AIBL,AD_AIBL,AD_AIBL_HC,,ad,,-0.1846,-0.135,0.0339,-0.0366,0.0424,0.068,0.011,0.0037,202796590029_R01C01,Male,0.0046,-0.0052
AD_AIBL,AD_AIBL,AD_AIBL_HC,,hc,,0.3468,-0.0685,-0.0801,-0.0047,0.1012,0.0736,-0.0005,0.011,202796590029_R02C01,Male,0.0093,-0.05
AD_AIBL,AD_AIBL,AD_AIBL_HC,,ad,,-0.2109,0.0093,0.0996,0.0224,0.0289,-0.0476,0.0695,0.0339,202796590029_R04C01,Female,-0.0165,-0.0406
AD_AIBL,AD_AIBL,AD_AIBL_HC,,hc,,0.4047,-0.195,-0.0391,0.0601,0.0351,0.039,0.0341,-0.0377,202796590029_R05C01,Female,-0.0198,0.013
AD_AIBL,AD_AIBL,AD_AIBL_HC,,ad,,-0.4235,0.0269,0.0289,0.1162,-0.0339,-0.0072,0.0144,0.0102,202796590029_R07C01,Female,0.0156,-0.0112
AD_AIBL,AD_AIBL,AD_AIBL_HC,,ad,,-0.1538,0.2212,0.0602,-0.0821,0.0186,-0.0189,0.0046,0.0373,202796590030_R03C01,Male,-0.0076,-0.0036
AD_AIBL,AD_AIBL,AD_AIBL_HC,,hc,,0.2933,-0.1686,-0.006,0.0832,-0.0368,-0.0002,-0.0514,0.0006,202796590030_R04C01,Female,0.004,0.0028
AD_AIBL,AD_AIBL,AD_AIBL_HC,,mci,,0.2782,0.1562,0.0758,-0.0779,0.1286,-0.0158,-0.017,-0.0325,202796590030_R05C01,Male,-0.0262,0.0059
AD_AIBL,AD_AIBL,AD_AIBL_HC,,hc,,0.0322,-0.0168,0.1113,-0.1024,0.0146,0.0025,0.0331,0.0388,202796590030_R06C01,Male,-0.0139,-0.0345
AD_AIBL,AD_AIBL,AD_AIBL_HC,,ad,,0.0297,0.3801,-0.3789,-0.007,0.0169,0.0577,-0.0612,0.002,202796590030_R07C01,Male,0.0021,-0.0996
AD_AIBL,AD_AIBL,AD_AIBL_HC,,hc,,0.1119,-0.1863,-0.0113,-0.0289,0.0151,0.009,-0.0099,-0.0499,202796590031_R01C01,Female,0.0922,0.0051
AD_AIBL,AD_AIBL,AD_AIBL_HC,,ad,,0.0655,-0.1099,0.048,-0.0073,-0.0211,-0.0346,0.0121,0.0209,202796590031_R02C01,Female,0.0105,-0.0415
AD_AIBL,AD_AIBL,AD_AIBL_HC,,hc,,0.0726,-0.103,-0.0228,0.0198,-0.0615,-0.0345,0.0136,0.029,202796590031_R03C01,Female,-0.0249,-0.0088
AD_AIBL,AD_AIBL,AD_AIBL_HC,,hc,,-0.2352,-0.1049,-0.0247,0.0383,0.0451,-0.0601,-0.0102,0.0097,202796590031_R04C01,Female,-0.0743,0.0029
AD_AIBL,AD_AIBL,AD_AIBL_HC,,hc,,0.2661,-0.0217,-0.0797,-0.0171,0.076,-0.0537,0.0337,-0.0307,202796590031_R05C01,Female,-0.0182,0.0341
AD_AIBL,AD_AIBL,AD_AIBL_HC,,mci,,0.3424,-0.0366,0.0988,0.0551,0.044,-0.0236,-0.0126,0.0257,202796590032_R01C01,Female,0.0103,0.0023
AD_AIBL,AD_AIBL,AD_AIBL_HC,,mci,,-0.4198,-0.03,-0.0336,-0.0955,-0.0429,0.0625,0.0157,-0.0148,202796590032_R05C01,Male,0.0358,0.0029
AD_AIBL,AD_AIBL,AD_AIBL_HC,,ad,,-0.1018,0.1479,0.0726,-0.0192,-0.0442,-0.0779,0.0394,-0.0092,202796590032_R07C01,Female,0.0077,-0.0228
AD_AIBL,AD_AIBL,AD_AIBL_HC,,ad,,-0.0144,-0.225,0.0674,-0.0312,0.0361,-0.066,-0.0357,-0.0348,202796590033_R02C01,Female,-0.0101,-0.008
AD_AIBL,AD_AIBL,AD_AIBL_HC,,hc,,-0.4152,0.0181,-0.0124,-0.037,-0.048,-0.046,0.0259,0.0419,202796590033_R03C01,Female,0.0411,-0.008
AD_AIBL,AD_AIBL,AD_AIBL_HC,,hc,,0.2192,0.0481,0.0464,-0.0109,-0.0198,-0.0413,0.0382,-0.0404,202796590033_R04C01,Female,-0.0231,-0.0192
AD_AIBL,AD_AIBL,AD_AIBL_HC,,hc,,0.0346,0.0129,0.0183,-0.0754,0.0161,0.0088,-0.0146,0.0148,202796590033_R07C01,Male,0.012,0.0051
AD_AIBL,AD_AIBL,AD_AIBL_HC,,ad,,0.342,0.2798,0.0403,-0.0167,0.1154,-0.0901,0.0221,-0.0078,202796590033_R08C01,Female,0.0484,0.0151
AD_AIBL,AD_AIBL,AD_AIBL_HC,,hc,,0.2444,-0.1352,-0.0344,-0.0436,0.1446,-0.045,0.072,0.0282,202796590034_R01C01,Female,0.0038,0.0173
AD_AIBL,AD_AIBL,AD_AIBL_HC,,hc,,0.1198,-0.1493,-0.0421,-0.0184,-0.0222,-0.052,-0.0082,0.0011,202796590034_R02C01,Female,0.0291,0.0252
AD_AIBL,AD_AIBL,AD_AIBL_HC,,ad,,-0.6705,-0.042,0.0254,-0.0312,-0.0073,0.0088,-0.0182,-0.0571,202796590034_R03C01,Male,-0.0311,0.0008
AD_AIBL,AD_AIBL,AD_AIBL_HC,,hc,,-0.3001,-0.1561,-0.0402,0.0442,-0.0647,-0.0371,-0.0198,-0.0057,202796590034_R04C01,Female,-0.0361,-0.0309
AD_AIBL,AD_AIBL,AD_AIBL_HC,,hc,,-0.2922,-0.1002,0.0075,-0.1196,-0.0282,0.002,0.0452,-0.0619,202796590034_R05C01,Male,-0.0678,-0.0553
AD_AIBL,AD_AIBL,AD_AIBL_HC,,mci,,-0.4757,-0.1451,0.0292,-0.0497,0.0133,-0.1089,-0.0527,0.0111,202796590034_R06C01,Female,-0.063,-0.046
AD_AIBL,AD_AIBL,AD_AIBL_HC,,hc,,-0.21,0.0519,-0.0197,-0.1054,0.0197,0.0034,0.0202,-0.034,202796590034_R07C01,Male,-0.0398,0.0011
AD_AIBL,AD_AIBL,AD_AIBL_HC,,hc,,0.3201,0.0837,0.1493,-0.0008,-0.0225,0.0502,-0.0481,-0.0175,202796590034_R08C01,Male,0.011,0.0055
AD_AIBL,AD_AIBL,AD_AIBL_HC,,hc,,0.0928,-0.0855,-0.1331,0.0081,-0.0032,-0.0113,0.006,0.02,202796590035_R01C01,Female,0.0428,0.0142
AD_AIBL,AD_AIBL,AD_AIBL_HC,,ad,,-0.0123,0.1651,0.0035,-0.0684,0.0176,-0.0964,0.027,-0.0403,202796590035_R02C01,Female,-0.0275,-0.0049
AD_AIBL,AD_AIBL,AD_AIBL_HC,,mci,,-0.1986,0.0458,-0.0251,-0.0574,0.0231,0.0437,0.0028,0.028,202796590035_R04C01,Male,0.0361,-0.0335
AD_AIBL,AD_AIBL,AD_AIBL_HC,,hc,,-0.1652,-0.099,-0.089,-0.0147,0.0273,-0.0538,-0.0082,0.0061,202796590035_R05C01,Female,0.0273,0.0059
AD_AIBL,AD_AIBL,AD_AIBL_HC,,hc,,0.1516,-0.1613,-0.1186,0.0637,-0.0361,-0.0063,0.0195,0.0242,202796590035_R07C01,Female,-0.0146,0.0352
AD_AIBL,AD_AIBL,AD_AIBL_HC,,hc,,-0.0628,-0.018,-0.1077,0.0419,-0.0879,-0.0083,0.0206,-0.0269,202796590035_R08C01,Female,-0.0286,0.0162
AD_AIBL,AD_AIBL,AD_AIBL_HC,,hc,,0.083,-0.0341,0.0052,0.0015,-0.0516,-0.0276,0.0107,-0.0501,202796590036_R01C01,Female,0.0108,-0.0366
AD_AIBL,AD_AIBL,AD_AIBL_HC,,mci,,-0.1006,-0.0981,0.0603,-0.0406,0.0107,0.0259,-0.0082,-0.0025,202796590036_R03C01,Male,-0.0064,-0.0073
AD_AIBL,AD_AIBL,AD_AIBL_HC,,ad,,0.0773,0.0531,0.0484,-0.1139,0.0473,-0.0025,0.0196,-0.0016,202796590036_R05C01,Male,-0.0188,0.019
AD_AIBL,AD_AIBL,AD_AIBL_HC,,hc,,0.2819,-0.0979,-0.1039,0.0465,0.0327,-0.0313,0.0193,0.0225,202796590036_R07C01,Female,-0.0311,0.0305
AD_AIBL,AD_AIBL,AD_AIBL_HC,,hc,,0.0464,0.1184,-0.0087,0.033,-0.0425,-0.0147,0.0185,0.0042,202796590036_R08C01,Female,0.0301,0.0152
AD_AIBL,AD_AIBL,AD_AIBL_HC,,hc,,-0.6325,0.0132,0.0599,-0.0467,-0.0551,0.0713,0.0781,-0.0774,202796590037_R02C01,Male,-0.028,-0.0236
AD_AIBL,AD_AIBL,AD_AIBL_HC,,mci,,0.1885,0.1033,0.0909,-0.0404,0.0173,0.0178,0.0093,-0.0015,202796590037_R03C01,Male,-0.0125,-0.0041
AD_AIBL,AD_AIBL,AD_AIBL_HC,,hc,,0.0637,0.302,0.0403,-0.0861,-0.0639,0.0296,-0.0054,-0.0404,202796590037_R04C01,Male,0.0309,0.014
AD_AIBL,AD_AIBL,AD_AIBL_HC,,hc,,-0.1708,-0.0367,0.1451,0.0716,0.0236,-0.0274,-0.0409,0.0013,202796590037_R05C01,Female,-0.0481,-0.0316
AD_AIBL,AD_AIBL,AD_AIBL_HC,,hc,,-0.0021,-0.0333,-0.064,-0.0517,-0.0269,0.0749,0.017,0.0792,202796590037_R06C01,Male,-0.0024,0.0098
AD_AIBL,AD_AIBL,AD_AIBL_HC,,hc,,-0.0988,0.0183,-0.2081,-0.0776,0.0045,0.0441,-0.0196,0.0477,202796590037_R07C01,Male,-0.0059,0.0613
AD_AIBL,AD_AIBL,AD_AIBL_HC,,hc,,-0.0356,0.0762,-0.0245,0.0017,0.0242,-0.0457,0.0137,0.0344,202796590038_R01C01,Female,0.0277,0.0125
AD_AIBL,AD_AIBL,AD_AIBL_HC,,hc,,0.1755,-0.0372,-0.016,-0.061,0.0284,0.069,-0.0173,0.013,202796590038_R02C01,Male,0.013,-0.0007
AD_AIBL,AD_AIBL,AD_AIBL_HC,,ad,,-0.1206,-0.094,0.0601,-0.0046,0.0081,0.0583,-0.0168,0.024,202796590038_R04C01,Male,-0.0179,-0.0053
AD_AIBL,AD_AIBL,AD_AIBL_HC,,hc,,-0.2505,-0.0336,-0.0332,-0.0762,-0.0307,0.0447,0.0459,0.0377,202796590038_R05C01,Male,0.0182,0.0139
AD_AIBL,AD_AIBL,AD_AIBL_HC,,hc,,-0.3236,0.0281,0.0389,0.0746,-0.0419,-0.0113,-0.0311,-0.0435,202796590038_R07C01,Female,0.0104,0.0017
AD_AIBL,AD_AIBL,AD_AIBL_HC,,hc,,-0.2968,0.0312,0.0801,-0.0659,-0.0534,0.0523,-0.0274,0.0008,202796590038_R08C01,Male,0.0218,0.0105
AD_AIBL,AD_AIBL,AD_AIBL_HC,,hc,,0.1212,-0.0819,-0.0463,-0.07,0.0316,0.0936,-0.0125,-0.0208,202796590039_R01C01,Male,0.0106,-0.0243
AD_AIBL,AD_AIBL,AD_AIBL_HC,,hc,,0.1343,-0.059,0.0566,-0.0046,-0.0407,0.0275,-0.0804,-0.0013,202796590039_R03C01,Male,0.0271,-0.0134
AD_AIBL,AD_AIBL,AD_AIBL_HC,,hc,,-0.1891,-0.0537,-0.0049,0.1096,-0.0225,0.0945,0.0759,0.0369,202796590039_R04C01,Female,0.0353,0.0417
AD_AIBL,AD_AIBL,AD_AIBL_HC,,hc,,-0.4714,-0.0379,-0.0853,0.0865,0.0271,-0.0172,-0.0001,0.0007,202796590039_R05C01,Female,0.0237,0.0253
AD_AIBL,AD_AIBL,AD_AIBL_HC,,hc,,0.2577,-0.0838,-0.0624,0.0486,-0.0739,0.025,0.0351,-0.043,202796590039_R06C01,Female,-0.0037,0.0102
AD_AIBL,AD_AIBL,AD_AIBL_HC,,ad,,-0.6211,0.2061,-0.1062,0.0941,-0.0518,0.007,-0.027,-0.019,202796590039_R07C01,Female,0.0632,-0.0081
AD_AIBL,AD_AIBL,AD_AIBL_HC,,hc,,-0.2824,0.1714,0.0876,0.0288,0.0192,0.0367,-0.0144,0.013,202796590039_R08C01,Male,-0.0126,0.0141
AD_AIBL,AD_AIBL,AD_AIBL_HC,,hc,,-0.0159,0.112,-0.0029,-0.1141,-0.0052,0.0453,0.043,-0.0237,202796590040_R01C01,Male,-0.014,0.0216
AD_AIBL,AD_AIBL,AD_AIBL_HC,,hc,,-0.107,-0.0846,0.0272,-0.0552,0.0296,0.0317,-0.0618,-0.0068,202796590040_R03C01,Male,0.0098,0.0082
AD_AIBL,AD_AIBL,AD_AIBL_HC,,hc,,0.0284,0.0894,-0.0485,0.0309,-0.0158,-0.0796,-0.0154,0.0123,202796590040_R05C01,Female,-0.0744,-0.0022
AD_AIBL,AD_AIBL,AD_AIBL_HC,,ad,,-0.3,0.0302,0.1081,-0.0197,-0.0394,0.0607,-0.0192,0.0152,202796590040_R06C01,Male,0.021,-0.0079
AD_AIBL,AD_AIBL,AD_AIBL_HC,,hc,,0.4148,-0.0226,-0.1201,0.0541,0.0687,-0.0016,0.0559,-0.0426,202796590040_R07C01,Female,-0.0494,0.0578
AD_AIBL,AD_AIBL,AD_AIBL_HC,,hc,,-0.1188,-0.039,0.0884,-0.0539,-0.0279,0.029,-0.0073,0.0392,202796590040_R08C01,Male,0.0046,-0.0162
AD_AIBL,AD_AIBL,AD_AIBL_HC,,ad,,0.4053,0.023,0.0233,0.1418,-0.0195,-0.02,-0.0434,0.0223,202796590041_R02C01,Female,-0.0252,-0.0276
AD_AIBL,AD_AIBL,AD_AIBL_HC,,ad,,0.1553,-0.1177,0.0678,0.014,0.0141,-0.0621,0.0077,0.0203,202796590041_R03C01,Female,-0.0223,-0.0548
AD_AIBL,AD_AIBL,AD_AIBL_HC,,hc,,0.0891,0.1414,0.0803,0.0831,-0.0647,-0.0432,-0.0231,-0.0054,202796590041_R04C01,Female,-0.0005,-0.0128
AD_AIBL,AD_AIBL,AD_AIBL_HC,,hc,,0.3623,0.0821,0.0718,-0.047,0.1517,0.03,0.0488,0.0356,202796590041_R05C01,Male,0.0012,0.0092
AD_AIBL,AD_AIBL,AD_AIBL_HC,,hc,,0.2212,-0.0863,-0.1918,0.015,-0.0161,-0.0164,0.053,0.0366,202796590041_R06C01,Female,-0.0011,0.0329
AD_AIBL,AD_AIBL,AD_AIBL_HC,,hc,,-0.4267,0.0706,-0.0259,-0.0147,0.0414,0.0097,-0.0102,0.0318,202796590041_R07C01,Male,-0.0141,-0.0078
AD_AIBL,AD_AIBL,AD_AIBL_HC,,ad,,-0.295,0.197,0.0685,0.0109,-0.0324,-0.0478,0.0182,-0.0196,202796590042_R01C01,Female,0.0249,0.0186
AD_AIBL,AD_AIBL,AD_AIBL_HC,,mci,,0.2504,-0.0719,-0.0957,-0.0005,0.039,-0.0449,-0.0047,-0.0146,202796590042_R05C01,Female,-0.0157,0.0406
AD_AIBL,AD_AIBL,AD_AIBL_HC,,hc,,0.131,-0.0477,-0.0589,-0.0614,-0.0833,0.0628,0.0157,-0.0089,202796590042_R06C01,Male,0.0069,0.0048
AD_AIBL,AD_AIBL,AD_AIBL_HC,,hc,,-0.2342,-0.1162,-0.0474,-0.1573,0.1173,-0.0439,-0.0549,-0.0076,202796590043_R01C01,Male,-0.0635,0.0172
AD_AIBL,AD_AIBL,AD_AIBL_HC,,hc,,-0.0807,-0.0743,0.044,-0.0509,0.0505,0.0108,-0.0432,-0.0022,202796590043_R02C01,Male,-0.0298,-0.0044
AD_AIBL,AD_AIBL,AD_AIBL_HC,,hc,,0.0686,0.1445,0.1478,0.0113,-0.0621,-0.0838,-0.046,0.0084,202796590043_R03C01,Female,-0.0222,-0.0202
AD_AIBL,AD_AIBL,AD_AIBL_HC,,mci,,0.1006,0.0473,0.0013,-0.0776,0.0894,-0.0079,-0.0535,-0.0659,202796590043_R05C01,Male,-0.0373,0.0274
AD_AIBL,AD_AIBL,AD_AIBL_HC,,mci,,0.3062,-0.003,0.0789,0.0533,-0.0336,-0.0214,-0.0176,0.0294,202796590043_R06C01,Female,-0.0098,0.0141
AD_AIBL,AD_AIBL,AD_AIBL_HC,,ad,,0.3038,-0.0096,0.0745,0.0488,0.0486,-0.0614,0.0149,0.0323,202796590043_R07C01,Female,-0.0317,-0.0357
AD_AIBL,AD_AIBL,AD_AIBL_HC,,hc,,0.1323,0.1104,0.0832,-0.0773,0.0233,-0.0027,0.0137,0.0735,202796590043_R08C01,Male,-0.0202,-0.0241
AD_AIBL,AD_AIBL,AD_AIBL_HC,,hc,,0.016,-0.0325,0.0779,-0.0491,-0.0015,0.0108,-0.0847,-0.0258,202796590044_R01C01,Male,-0.0293,0.0176
AD_AIBL,AD_AIBL,AD_AIBL_HC,,ad,,-0.2453,-0.1054,0.0892,-0.1198,0.0275,0.01,0.0189,-0.012,202796590044_R02C01,Male,0.0416,-0.0181
AD_AIBL,AD_AIBL,AD_AIBL_HC,,ad,,0.2434,0.1378,0.0476,-0.0703,0.03,0.0334,0.0011,-0.0351,202796590044_R03C01,Male,-0.0245,0.0027
AD_AIBL,AD_AIBL,AD_AIBL_HC,,hc,,-0.1831,-0.1101,0.0625,0.0028,-0.054,-0.0472,-0.0193,-0.0047,202796590044_R04C01,Female,-0.0287,-0.011
AD_AIBL,AD_AIBL,AD_AIBL_HC,,hc,,-0.3808,-0.1933,0.049,-0.1744,0.0788,-0.0325,-0.0151,-0.0073,202796590044_R05C01,Male,0.0159,-0.0008
AD_AIBL,AD_AIBL,AD_AIBL_HC,,hc,,-0.51,-0.0606,0.1125,-0.0036,0.0776,0.0101,0.0301,0.0121,202796590044_R08C01,Male,-0.0226,-0.0048
AD_AIBL,AD_AIBL,AD_AIBL_HC,,mci,,0.1433,-0.1623,-0.118,-0.0061,0.0011,-0.039,0.0513,-0.0126,202796590045_R01C01,Female,-0.0242,0.0007
AD_AIBL,AD_AIBL,AD_AIBL_HC,,hc,,0.1514,-0.118,-0.0237,-0.0505,0.0043,-0.0388,0.0552,0.0323,202796590045_R02C01,Female,0.0344,-0.0012
AD_AIBL,AD_AIBL,AD_AIBL_HC,,mci,,0.0104,-0.12,0.0327,-0.0884,0.0279,0.0177,-0.0769,0.0032,202796590045_R03C01,Male,0.011,0.0077
AD_AIBL,AD_AIBL,AD_AIBL_HC,,mci,,0.0788,-0.1398,0.0396,-0.0805,0.0756,0.0151,-0.0023,0.0018,202796590045_R05C01,Male,0.0059,0.0106
AD_AIBL,AD_AIBL,AD_AIBL_HC,,hc,,0.2103,-0.0345,-0.0455,-0.0283,0.0208,-0.0703,0.0248,-0.0112,202796590045_R07C01,Female,0.0029,0.028
AD_AIBL,AD_AIBL,AD_AIBL_HC,,hc,,0.2566,-0.0761,0.0408,0.0686,0.002,-0.0401,-0.0148,0.0192,202796590045_R08C01,Female,-0.0519,-0.0046
