cpg_id,intercept_alpha,slope_gamma,r_squared,n_samples
cg00002033,0.9064317096758953,-0.000542008574091455,0.0030639043582260106,599
cg00002426,0.8979090707990958,-9.664519747792674e-06,1.2340975571456525e-05,601
cg00002749,0.9217148879460577,0.0009888832838898093,0.029502633238422282,245
cg00004700,0.9225796717975262,7.641946023358604e-05,0.0010109222468993595,600
cg00007466,0.9242164810954793,0.00015913457674895367,0.006896112552126188,601
cg00009750,0.9661844883893783,-0.00012442422475885355,0.0025988530842117052,586
cg00014203,0.9239170477640426,0.0008100215395702094,0.006642101719911753,188
cg00015530,0.0692729728075275,0.0004261204050360173,0.009709179114205657,601
cg00016968,0.9013803853037127,-0.0008857433130907623,0.06089663963060099,601
cg00017461,0.019976979671237648,2.6367120866047494e-05,0.0005116896048229513,588
cg00018229,0.07166883373145339,-0.00020183424414660367,0.00944326854907962,599
cg00021152,0.9857899631320423,-3.7814547993719474e-05,0.0004631910668190242,446
cg00023321,0.8996480036334525,-0.00012946181270349384,0.0007011416840779772,597
cg00025331,0.9110363826096185,9.435312489055713e-05,0.002591393331037306,601
cg00026290,0.13391732168135334,0.0010430550530858298,0.025906297388836874,601
cg00028336,0.929474100761558,4.416580110811755e-06,4.57905592088359e-06,601
cg00028929,0.7177418032634961,-0.000337516200369596,0.003201579481841632,601
cg00031013,0.9013786368329224,-0.0005936077070015592,0.01574103987193387,601
cg00031187,0.8697487685597742,-3.1071518656341798e-06,3.8410141334210834e-07,601
cg00034336,0.1284161471659655,0.000772207214041967,0.009464127842067849,597
cg00037681,0.0244618309313308,0.0005796547495871946,0.01955978876896336,565
cg00040016,0.9594088773928985,-0.00027643086795826145,0.007515698287511974,587
cg00041401,0.03860357969296457,-2.018218333497644e-07,2.1262061888904782e-08,600
cg00041575,0.06251199351964083,0.0005172804641132395,0.011222051860781956,595
cg00041666,0.8831411604537563,-0.00023985231358402342,0.004901245792814368,601
cg00041865,0.9745774208808395,-4.388828975709528e-05,0.0002743063475777463,492
cg00043076,0.942916327160899,-0.000432491417296043,0.010568968020758018,594
cg00045607,0.048546837452197594,-1.4348730496808224e-05,0.00013710852391934925,601
cg00045753,0.9450041059957761,-0.00018521700948021606,0.0018506601453422977,565
cg00047683,0.9335699363498812,-0.00017490656980051836,0.003160890969058916,600
cg00048743,0.17754058460769845,0.0011935412546920476,0.01159907917963754,600
cg00051307,0.9020858614301972,-0.00030598192740308096,0.011999438008937435,601
cg00055073,0.15009571131687346,0.0005792309199862155,0.018787207624210378,601
cg00057966,0.03717049653361781,1.031436319074065e-05,1.2172175092528548e-05,577
cg00058291,0.6162431246967549,0.001170697562414655,0.031946310137187184,601
cg00058449,0.22885004830528793,0.0013513377344270801,0.026386433191415315,600
cg00058887,0.8929984146766362,-0.0003036137071177319,0.0021963841670421536,601
cg00067884,0.9730381982019793,-0.000430399802254214,0.013974348589698593,583
cg00070899,0.9041413228638643,-0.0002651569862818989,0.0029671655456379176,601
cg00075967,0.8665325483061312,-0.0007992167386779127,0.023355775653108313,601
cg00078348,0.6555487453255444,0.0004885586500282727,0.0037515094974072127,601
cg00081602,0.9555992187318486,-0.0002649212926853927,0.011615288527307532,599
cg00082235,0.050905418180906006,7.993590065797455e-05,0.0034815128747430757,601
cg00082897,0.8145080778215801,0.00031488956555979355,0.0021821387413191173,599
cg00090674,0.8983418098986371,0.0001036300243296447,0.0005675609113733326,601
cg00092400,0.12150502944181407,0.0005836961844330952,0.014578025838213438,601
cg00098182,0.8361524279472609,-0.0008195385270307758,0.021087578667409845,601
cg00100680,0.9897947561528782,-0.0001780423333439616,0.004562706571281883,388
cg00101602,0.9104193218944038,6.217822427792074e-05,0.0002266196474172144,601
cg00118342,0.046556297869999055,0.000421623168434135,0.020389991297707577,600
cg00130808,0.6296140205523755,0.0014679895466112084,0.017393047144246054,599
cg00136822,0.9614776766826446,0.00018398646547639977,0.003336010295815428,451
cg00141162,0.03855603810782616,0.0001435708477386032,0.012011268867351488,599
cg00143809,0.9506562011530069,-0.0005238887765482145,0.0392835282144649,601
cg00144425,0.9786672830766606,0.00013325720127874637,0.005367655024821172,344
cg00147943,0.9228232074228978,-0.00019269019731635466,0.0022126766588282942,597
cg00149213,0.060216360267540535,0.0005108005772255372,0.015459480315727858,600
cg00150025,0.980615548943293,-0.00014644128049546133,0.006685211921545031,582
cg00150245,0.931704964297313,1.6552448710690945e-05,3.413819196274037e-05,593
cg00150520,0.9976744692948648,-3.946398961864564e-05,0.010212297622296695,530
cg00154950,0.9660133275829633,6.60263382645814e-05,0.0014713183505601357,584
cg00157012,0.18860689917021617,0.0009032463997061785,0.016442774358710333,599
cg00164282,0.04470938888068911,0.0003138470968546246,0.006494010063236688,581
cg00164583,0.9684694320236596,-3.4177636923399643e-05,0.000606665184193278,599
cg00164997,0.05564218612099467,0.0002042407154458292,0.01345175248322128,600
cg00166234,0.9963639796953687,1.7188264871597493e-05,0.002405066458185834,111
cg00166343,0.0348238963127591,0.0001875152898293207,0.002467327757064708,525
cg00167158,0.9735793176895922,-0.0001795420098250331,0.0027793566250702284,490
cg00168191,0.9433365207708986,7.6146472297324675e-06,1.0729593263758552e-05,599
cg00171729,0.9174996035798095,-2.9372822796031845e-05,0.00011623215051781433,599
cg00172074,0.9589488966639659,-2.766295412580657e-05,9.35937837521772e-05,583
cg00172603,0.08377706004570264,0.0007601198019672465,0.010111421274452859,600
cg00183886,0.9502953832284342,-0.00025923665490662013,0.0057205241982692945,594
cg00187503,0.9286975542892607,-0.00011148765732678857,0.0025016144342965285,601
cg00192220,0.34474914172875254,0.0010152755787052412,0.0185369675651732,601
cg00195796,0.154062178045344,0.0007879053388038796,0.03633843204089626,601
cg00199519,0.9670561718604199,-0.00013690152962161591,0.0010334639823469383,486
cg00200645,0.9120300229370837,-0.00016236864736550845,0.0055082723289346935,599
cg00203564,0.9583230082052306,1.4147197863116601e-05,2.1685713896713033e-05,547
cg00206063,0.9167207125091904,-2.742107267456431e-05,0.00011864025617158713,601
cg00208218,0.9496181219627265,-0.00014749100899641814,0.004013268505750567,596
cg00211625,0.9759063142875828,2.338753814181431e-05,8.367506739503927e-05,476
cg00212786,0.9052679192099632,0.00014205295860727113,0.00214972726384699,600
cg00213668,0.9242072879983434,-0.0004097706400517087,0.00740338750454117,600
cg00216138,0.12945413296220537,9.026571267102813e-05,0.0003016602066812091,600
cg00222625,0.9624671227368006,0.0001389697720534203,0.0018295121603281173,377
cg00225623,0.049277863356701895,1.7477905783983655e-05,1.4232571617034395e-05,585
cg00229257,0.005004111728260319,5.990039304375635e-06,0.00010313230527070338,344
cg00232092,0.527152899519004,0.0012077984406361753,0.021857086867020814,600
cg00232402,0.09534801650145606,0.0012729350556436006,0.024812979289765225,596
cg00232535,0.8891157437859312,-6.290541775723855e-05,0.0006886749218039112,601
cg00238318,0.03449643641935124,0.00015251269063254355,0.01144381283055651,599
cg00240653,0.027505727778410042,0.00018190881983887365,0.001176564645306577,492
cg00242035,0.06702174590364593,9.429783386940821e-05,0.002362871602015537,601
cg00245885,0.9157020712489999,6.1016004101721024e-05,0.0008253593063421993,601
cg00247963,0.5565998777603466,0.0012523980766936619,0.038300039254636986,601
cg00249032,0.9353696227266787,4.2276395324326503e-05,0.00016778372691894639,598
cg00249974,0.9187712965855357,0.0001645528325821389,0.006079918868826972,590
cg00250409,0.9045734007721217,-5.243387457081324e-05,0.0005233401128379445,601
cg00250805,0.9104754285298514,1.8687597246233978e-05,6.115488629365728e-05,601
cg00255726,0.10286484762341801,0.00020044236102849714,0.0020666939813926977,601
cg00257775,0.2500190979205056,0.0013787033990917271,0.02819210184414822,601
cg00263619,0.7740390400404223,0.0007021616063983705,0.015661614559087655,600
cg00265360,0.08946366907379277,0.000718781044700828,0.06790243348841118,599
cg00266566,0.9864656613569277,-0.00011677915931009038,0.0019020511814840102,247
cg00268644,0.9635563230017561,-0.00017250392328431902,0.003479926177848758,591
cg00269140,0.9485005036740695,-0.00018077529061165517,0.0019157749990210693,567
cg00270093,0.9153324915947244,-0.00026133632175939444,0.010469247389261693,601
cg00280812,0.840898291827383,-9.772348755936273e-05,0.0008384893354905776,599
cg00281100,0.9578440108452451,-0.00018318389200380224,0.0043396540800836325,588
cg00281977,-0.003487678503913825,0.0005165720161487711,0.010607292032118742,585
cg00285317,0.8889405252532928,-0.000209126275126313,0.002808701098714006,601
cg00287536,0.1488744325548939,0.00047280100620127345,0.0044492325818289435,601
cg00287915,0.1745374212937177,0.0012571052346920285,0.038789927589466755,601
cg00293644,0.8697918707093086,-0.00011422564141164808,0.0007706079197710158,601
cg00302521,0.009760117702532926,0.00016317039880294469,0.016840455305818347,594
cg00304959,0.9725263612151889,-0.0001441605313103655,0.011195516176218057,600
cg00308914,0.10354040239041953,0.0009496240348747013,0.027531058061133207,601
cg00311883,0.014820589781003679,1.4148604567601699e-05,3.709242582716765e-05,121
cg00318947,0.8953387743986104,-9.090478967893614e-05,0.00123164289560862,601
cg00320288,0.14449689388018705,0.0012295346613920104,0.044824241892487904,600
cg00325139,0.9022425898004488,-0.00010620191960476427,0.0014295398380420599,599
cg00325381,0.7940139072299551,-0.00038741354120045655,0.007855763333771026,601
cg00325491,0.9264376457101403,-0.000845034454328323,0.03267881425564634,598
cg00325531,0.427615120246379,0.0005347718093808288,0.0004945493031546233,601
cg00327577,0.9030777570439268,-0.00018297890287034775,0.0025948520387414353,600
cg00331101,0.05444057288973982,0.0002462685122740247,0.0071483308083991615,599
cg00335219,0.17051548736344266,0.0010669327258515935,0.030909616088456215,601
cg00339740,0.9553999951522011,-0.00020119653195667636,0.0065215291051540225,597
cg00344411,0.9231125629823895,-7.8991232363554e-05,0.000790026240213626,601
cg00344422,0.2621592996581447,4.2885293884337276e-05,1.2220669209361823e-05,600
cg00344445,0.6467501850654911,0.0010868263519109155,0.01311252864939838,601
cg00355019,0.946354367100462,-0.0004307855548640181,0.018067405202263576,601
cg00355699,0.9186440469706862,-0.00010026114481087697,0.0012463070393426978,601
cg00356694,0.017287357643407393,8.83933233034261e-05,0.0024067158499474495,599
cg00359423,0.9749090691544605,-4.6807578056600383e-05,0.0002208671028497422,471
cg00360761,0.11261588121527184,0.0007819417693650994,0.019345759209592583,601
cg00362657,0.042981559978292894,-0.00012668266101202057,0.0014668828631314579,546
cg00362818,0.8558079164039073,-0.0003937014555636145,0.004189800082509576,601
cg00363080,0.047509826322364265,0.00035451220440738893,0.00696146978066714,585
cg00363813,0.05477469604040809,6.013295101689038e-05,0.001801689752358504,601
cg00366413,0.7046149353142594,0.00044304047132879296,0.006008732445574982,600
cg00370106,0.027499185477325723,0.000254636081892996,0.005335822107611854,501
cg00375025,0.9081481199268767,-3.258286224434888e-05,6.775434718553353e-05,597
cg00375608,0.9592285490867313,-0.00025242683950090053,0.008118167488374572,586
cg00380283,0.9074807648462497,-4.280479165620325e-05,0.00033627438755690076,601
cg00381974,1.0000841456483187,-6.508392661133765e-05,0.014103461207273571,226
cg00387964,0.02980216594906098,0.0002485052264641305,0.006866531705828294,590
cg00400165,0.9198237070255546,-8.140167855760346e-05,0.001160106247012127,599
cg00401471,0.9060140610694731,-8.203481239519828e-05,0.0001934325673026427,594
cg00405112,0.8972585599672702,-0.0007556921762205226,0.01984833935133734,601
cg00412294,0.0274907479763309,3.3189981191867376e-05,0.00024462835215000034,589
cg00415057,0.9093132448741137,-2.091113055021059e-05,1.5255656914181515e-05,599
cg00419094,0.9654940426854507,-2.7339925119077143e-05,0.00037263584350410994,599
cg00421645,0.9130691444293976,-5.5312298269167464e-05,0.00037505716820895874,599
cg00428709,0.951061664922252,-0.0005089772617513424,0.010551333402777141,573
cg00435692,0.906877955992045,5.810317179158609e-05,0.00039918084263679265,598
cg00437360,0.9757033528557735,-5.286242699760538e-05,0.00040313717061934984,522
cg00437411,0.86667211579655,-0.0003673753687008491,0.006109696372020634,601
cg00438740,0.018748830453381028,-0.00010446337002886506,0.0030403188251362234,250
cg00440980,0.8261052613908512,-0.0006511296791940762,0.01015158477359579,601
cg00442389,0.15296921001808722,-0.0006365909371774648,0.01965685561965469,600
cg00446087,0.9979542297808449,-6.250618253342785e-05,0.010720443236681199,332
cg00446123,0.6917971963202719,-0.0014145025216725981,0.012490098987690712,601
cg00447208,0.07276029665155817,-7.898990750801757e-06,1.3326079681186265e-05,601
cg00448868,0.6836354110877202,0.0007939090872892381,0.020186087560005617,601
cg00449000,0.04017123472777322,0.0001552502590375565,0.002455611396763868,598
cg00449021,0.07420246055892654,0.0005749200040025995,0.031002248256359888,601
cg00450164,0.023856450704784062,-2.343193374499833e-05,0.00022355563741804918,588
cg00452882,0.8492632400004521,0.0004535339364857243,0.002238614434758368,599
cg00456892,0.04972601171881864,0.0010873140653580933,0.04287785197926686,600
cg00458927,0.9479224348797548,-5.978372501932987e-05,0.000787893531352557,597
cg00459816,0.9160233518144028,7.509944638316102e-05,0.0006756613164093928,601
cg00461650,0.9265197107061974,-0.00011791706336434563,0.001128877564211983,600
cg00463982,0.2463619231879567,0.0008505489067927737,0.00260604435911993,599
cg00469083,0.9450330278801723,5.937356443163201e-05,0.000915254209679861,598
cg00470044,0.9457449559210505,-0.00012163072100518081,0.0019293104405652128,597
cg00473045,0.9645996379172852,2.761575106731341e-05,0.00017981223861940343,582
cg00475131,0.8796381898871798,-0.00013503509035015982,0.0023661483517538606,601
cg00476955,0.2561761886198163,0.0009955839920443121,0.018700763645871477,601
cg00480115,0.9406216157017232,-0.0002315198941763335,0.008977579206154496,599
cg00487187,0.05214478958373064,0.0009070440524160604,0.03367169313383067,601
cg00491064,0.8139790618467461,-0.0005184709922993044,0.00838922881212456,601
cg00491523,0.7602451240968502,-0.0008339516936694769,0.019124002904779225,601
cg00494556,0.8803338362445366,-7.47040319531183e-05,0.0004756137269991134,601
cg00498816,0.9584604124673753,-0.00015210055227115135,0.005710243100912837,600
cg00500789,0.9471745509963928,-0.0001785336798409615,0.0032310896164404745,601
cg00502099,0.027007232130313773,0.00041689900203549735,0.012408885548926718,592
cg00507815,0.9388614114042514,-0.00018746687880813587,0.0018544185548808878,600
cg00510718,0.053098312894508407,5.8581772001763e-05,5.410726504018193e-05,444
cg00512404,0.03197227635645411,0.0004306954057566039,0.009776740187623534,558
cg00513941,0.9864119613096954,1.9755491776730368e-05,0.00016530079645804552,287
cg00514575,0.11398937631030849,-0.0005400579047675761,0.0009055647897895369,601
cg00516870,0.9218260010453766,-0.00010329490534792674,0.001516754702123202,601
cg00520408,0.9017560396590053,-0.00023139461547632252,0.005083456672894782,601
cg00521850,0.9089969339014617,-0.00016849498545494217,0.0023774140212283745,601
cg00522883,0.07704892364273352,-0.00011184303228491818,0.0006771924468819135,581
cg00524220,0.0284829041586823,0.00012094341756005123,0.0021519914607092128,595
cg00532399,0.9250054278949862,-0.0005420270134874898,0.026960457793867354,601
cg00535514,0.048874602976759086,2.8094713351108014e-05,6.844499864699927e-05,600
cg00542261,0.915030072473933,-0.0001123157871249836,0.0011691361646054554,601
cg00543840,0.9288984709037872,-0.00033468582389038656,0.005692608930337073,601
cg00547103,0.18881041828340248,5.30589401144811e-05,6.361437321789065e-05,601
cg00552087,0.9826370906254827,-0.00015870633437375717,0.011625971192491091,596
cg00555816,0.07414634822326098,0.00010812958902259595,0.0011024137616535423,601
cg00558804,0.05322241968985118,0.0004109302271132734,0.014657498653131706,597
cg00561854,0.9189249258703158,-0.0006081699392119605,0.016318641654431087,598
cg00562139,0.9146634273492172,9.71984391820998e-06,2.4255289224117682e-05,600
cg00565263,0.9045901137756066,-0.0006477606953073586,0.027606879173675436,600
cg00566297,0.9709254275185698,-0.00022985977187458403,0.01172799294255611,598
cg00569276,0.05813498316062582,0.0009425363704693889,0.02380289127895585,597
cg00571747,0.9633920612953147,-0.0003915484028342934,0.009885062869300798,579
cg00572966,0.9291822632834716,6.61738723158848e-05,0.0008081669966149008,599
cg00577167,0.9259296241853913,0.00030112533074038334,0.0072795943227264015,571
cg00579036,0.04492149928868625,8.409979260896053e-05,0.004436690419618361,601
cg00581603,0.8112481420205946,0.00026499903022451026,0.0014404361821618306,601
cg00582337,0.9308474766088071,-2.2393190861072465e-06,2.358004175251338e-07,601
cg00582562,0.8681336571386363,0.00010088677679190637,0.00044958631325453524,601
cg00584026,0.97661830980888,-5.11657470233705e-05,0.0008091919902788458,593
cg00587301,0.07720843024441615,0.0003736494726761587,0.015968605904681743,601
cg00588393,0.9430676813556871,0.0001798269080785089,0.003114158524533339,581
cg00590639,0.995772563514555,-8.497623659080706e-07,3.024727041944786e-06,429
cg00592315,0.924134119218875,-0.00020559752332006658,0.0024485428805750553,584
cg00595022,0.9615484941292504,1.5144185204666735e-05,3.8798092887759594e-05,582
cg00596833,0.975386782343971,-0.00013533246873444343,0.0034035932939047164,573
cg00599850,0.9526906658912232,-1.605707145250014e-05,2.376785847912899e-05,597
cg00602416,0.9522124347360723,-0.0003105290534772594,0.008643639630834143,601
cg00607627,0.25083056376565543,-0.0003645751102561953,0.007226170611104976,601
cg00610577,0.1752117555164696,0.0018749074264693413,0.04309658899674251,601
cg00612751,0.21689118201484667,0.0010190666775810155,0.015586012785883563,600
cg00618087,0.9729022972640136,-0.0001958984172380849,0.005709758252344654,596
cg00619207,0.41488295663684766,-0.0003094784517989818,0.003131759869221873,600
cg00622170,0.8903609970952724,-0.0002343127942043467,0.003253439402168934,601
cg00622516,0.9648714527324106,-0.00027147020360572554,0.005370977730044912,573
cg00626702,0.9720214739683958,-8.532478683147663e-05,0.003137955181720997,598
cg00630080,0.8480985746167292,1.7569309066774503e-06,3.7583056433643236e-07,599
cg00631327,0.8450040207509579,0.00019780958066254213,0.0011345470891758191,601
cg00636427,0.21531685431239367,0.0018656315059010797,0.03704651750676602,601
cg00638021,0.8606141117696035,-0.0005733194131571012,0.02033719105413223,599
cg00643814,0.9072404128283136,-0.00015978674336307797,0.0023569767167129774,599
cg00646621,0.9084261121269713,0.0002455052739345604,0.003430850507786465,593
cg00660167,0.4790257206208869,0.0013163017678263632,0.009074499359877475,601
cg00661485,0.06197848893648348,0.0006148494095944196,0.037818947323103536,601
cg00666105,0.10770684519711579,0.0003180579945296421,0.006686271740038663,600
cg00666124,0.9768455416945689,-4.9300681375709055e-05,0.0004859999142493576,481
cg00674428,0.9134758401683691,-7.46965660870419e-05,0.0008417384924256366,600
cg00681462,0.04590413103679144,0.0006447554835984049,0.013219034766250526,601
cg00682096,0.9158571076627119,-3.738222366268579e-05,0.0002362908521515994,601
cg00685614,0.9906657807878785,-0.0013638497802445787,0.024176724940936256,595
cg00686083,0.027723781517890185,0.0003550028676529323,0.020849981872054113,586
cg00690901,0.9007623234087744,-0.00011607712199816249,0.0016133363728786376,601
cg00691123,0.3761171052773612,0.0017378346171984338,0.029322689400975488,601
cg00695265,0.9633337776510775,0.00011993142021403862,0.0012549009033735459,361
cg00695982,0.9347237428395357,-0.00020859781049481187,0.003802817705359063,600
cg00697672,0.8600244946506151,-0.00011257441849497103,0.0005634172799517945,600
cg00697916,0.19580330715054517,0.0008415143499932851,0.01012636623125529,601
cg00701064,0.30663446556382057,0.00121628471261361,0.02962851830082125,601
cg00702417,0.04061897635123053,0.0002752023420384838,0.008356351708251775,597
cg00703902,0.9707939539793442,0.00021121635886512497,0.005728165107373395,426
cg00707610,0.006087599151338512,5.320016357862954e-05,0.0028253256088860423,294
cg00707814,0.7023187866448539,-0.000375893318788819,0.0026134886083891695,601
cg00713400,0.9708620084911577,-4.421981894862362e-05,0.0005676176681005396,596
cg00715197,0.9152492809613917,0.00019457086053192103,0.0016063652892238656,600
cg00718036,0.9290660802205534,-0.0008950231144765602,0.02555485575969907,601
cg00724315,0.9892991658434633,-0.00029429540844310185,0.010314419508328454,302
cg00725777,0.745505612189612,0.0008230160958084326,0.007449501868360242,600
cg00730887,0.944703584485424,-5.331958962234506e-06,5.2129167987802205e-06,599
cg00741954,0.9844004717242385,-4.833719639806424e-05,0.0011194557638439795,583
cg00742587,0.9589853485016899,-0.000394173408822741,0.011403691580949005,581
cg00747922,0.12140726518760037,0.001053814311189936,0.023691292488699944,601
cg00747975,0.08930715066831926,0.0011721563405475753,0.055313896501654636,601
cg00754027,0.031778031891241454,0.00048671159818928226,0.0036604684222582007,451
cg00757207,0.0224556665289204,0.0002751442787089296,0.03344473431488337,601
cg00759427,0.08841892000456147,0.0010319506618904663,0.030226728190974717,601
cg00761859,0.9584940784942685,0.0003020738490024674,0.008612670809448275,134
cg00762678,0.12624772222682035,0.00048671358868046527,0.013878778157795701,601
cg00764217,0.824847094976709,7.278982321429404e-06,1.9455776192334184e-06,601
cg00765705,0.3063011607399586,0.002163943751665692,0.04350381732428743,601
cg00765737,0.05818699668529691,0.00039634275269687775,0.0124515759811753,601
cg00767000,0.9994903077381272,-0.0004159500879067413,0.010275768776291883,406
cg00768487,-0.0003558017139877745,0.0009864846358002045,0.00951000819827219,377
cg00769161,0.9674288254858763,-0.00011122913618148897,0.0015948359168687087,577
cg00773370,0.99672298502424,-8.20895222893279e-05,0.008521903880821746,345
cg00776174,0.12984641979363373,0.00018639912975559734,0.0005215856475190295,575
cg00782690,0.9174718620638347,-6.438192867481652e-05,0.0007565169589288656,599
cg00788312,0.01289470194400704,8.635826162580509e-05,0.005466147779005337,588
cg00791283,0.9625710088449877,-4.1778480475829586e-05,0.0002408159712820046,572
cg00793843,0.08736954118568302,0.0002366569570402222,0.0018808346982726043,601
cg00795205,0.9581859652073755,0.00017787205902298264,0.00254350428818495,429
cg00796302,0.9131681696893229,-0.0006451486521073291,0.0252952041867589,600
cg00799826,0.022451624671567312,0.00029772557534755333,0.0036518799775117072,459
cg00804354,0.17652317348942465,0.0013092875409798385,0.03566616468711692,601
cg00804392,0.03507888022758458,0.00031619747260058556,0.01665359669647526,600
cg00806644,0.01464166561617327,0.0003284308586654516,0.005482587959525498,523
cg00808492,0.9537983736819964,-0.00018743273338125695,0.004891554725093394,597
cg00811132,0.04652516321088895,0.0002464579834638985,0.012650221288061148,601
cg00812096,0.8869947632194426,-5.844922272742782e-05,0.0007295054249952804,601
cg00815177,0.967967729369236,-0.00027260306146126214,0.008350245574227033,580
cg00816037,0.13891438587786964,-4.636278259658313e-05,9.358879387721952e-05,601
cg00829990,0.3413051265347288,-0.0009083049008506361,0.00815768117526594,600
cg00832105,0.952934513164312,4.4258950458382126e-05,0.0005380767820889476,599
cg00837832,0.9763508166762019,-0.0002044601502524781,0.00428905472471397,486
cg00841988,0.0924671985013961,0.00010270448250747574,0.00028555457104795234,601
cg00842122,0.9693641839528911,0.0001155640547394795,0.001985430098679686,387
cg00842582,0.989994369994321,1.859671463603201e-05,0.0002571341010992878,350
cg00847221,0.9521289508475465,-0.00032472674257690536,0.011265472538637189,594
cg00850332,0.9063905663013725,0.00020709501757301755,0.0048299620395554355,596
cg00852964,0.13813546707349048,0.0008541719141195934,0.018729731720514176,600
cg00854273,0.08887954103866091,-4.185790354683204e-05,0.00011326837095004816,596
cg00858840,0.06142685704334516,0.001631585456087405,0.0936737657734773,601
cg00859858,0.527709336987163,-0.00014412658478562244,0.00043806499124499076,601
cg00861010,0.933770010967888,4.688958867226206e-05,0.000529073511156164,601
cg00863716,0.6566185184201073,0.0003380040572734509,0.0023454632508271844,601
cg00864618,0.8913636684869801,-3.466832027842814e-05,7.563973574920002e-05,599
cg00866541,0.8967339806622452,-2.6643126987569276e-05,0.00010377173218045765,601
cg00869668,0.35119800724345046,0.0015920486114952518,0.04135488362614692,599
cg00870778,0.9444047930988342,6.162286386017538e-05,0.0007893035908419499,598
cg00871207,0.823879872459161,0.0001876931335106971,0.0019606806578184033,601
cg00872532,0.9082333569403632,-0.0002515350499637393,0.004324731052096076,600
cg00872683,0.8342204268443678,-0.0002729783590851943,0.005559335245819752,601
cg00873953,0.9331775267599384,-0.00013954209062555146,0.0035847960474247875,601
cg00874605,0.908576138325,4.064128871335659e-05,0.0002957957735124639,601
cg00880290,0.010514572091361106,-0.00010181557846910802,0.014420746738795454,129
cg00884805,0.9502193215272626,-0.00011040766714557239,0.0007874290196290268,570
cg00894559,0.970796857761596,-2.2396169670829307e-05,7.938216712310986e-05,498
cg00897799,0.9393104782069275,-8.054719825456339e-05,0.0005825358471723829,591
cg00898480,0.907554724106968,-8.503515636095068e-05,0.00045422102326109215,598
cg00899907,0.10111044792948093,0.00019408884687532107,0.002701073987743885,598
cg00902153,0.14181479844283812,0.0006206834796720144,0.012887357763027851,599
cg00902464,0.8509277605040972,0.0001440331925270592,0.000729632590035445,601
cg00903584,0.07316700867483811,-0.00029054312316218703,0.002424080842603371,601
cg00907272,0.0911778562588439,4.378526031865061e-05,4.841179962467024e-05,559
cg00909094,0.9699590607997416,-0.00023061280238025766,0.004207828496947674,545
cg00916635,0.03186374878838108,9.809947477778257e-05,0.00043383509775263285,515
cg00916899,0.1350132252541945,0.001694501756423883,0.06817013898859892,601
cg00917373,0.9737255464648286,6.417433212120953e-05,0.0008730680019212178,440
cg00921266,0.995538496218206,-3.953823881190936e-05,0.0026806883085962463,445
cg00928596,0.07851683462536177,0.0010790370939714273,0.008943612125161926,598
cg00928816,0.747398907186602,-0.0010960758360714592,0.02532938823648556,601
cg00929658,0.9040013800129246,-0.00013928946638273355,0.0028052286361019974,601
cg00932141,0.9768459290586387,-2.4170553008805694e-05,0.0001386684617681322,470
cg00933443,0.8798516217748111,0.00012417232153859474,0.0016192621048217726,601
cg00936935,0.7945068404097912,-0.0007691641369841971,0.014668524946960915,601
cg00941576,0.8314201885635484,0.00017938311378063208,0.0028280262606547035,599
cg00943287,0.07105056627851941,0.0005015162174176526,0.008192379973707697,594
cg00944421,0.9430936655860326,-0.00026447902256590376,0.0014991290404628987,598
cg00960147,0.928132777731902,-0.0007458862655774444,0.034714008912250405,598
cg00963378,0.2832680196731664,-0.00023836140171651197,0.0001955616185915776,601
cg00974944,0.9296071956094575,-0.00038474380624131346,0.012669024807506313,596
cg00977842,0.9855029536696588,-0.00025935472292559487,0.00943514641213905,467
cg00980649,0.27145248505626346,0.0011053562292813826,0.017168794779588437,601
cg00980904,0.9340939489920571,-0.000812470908496218,0.02515619172979844,600
cg00983732,0.8716885578271623,1.619094325077854e-05,3.749759449034329e-05,601
cg00983904,0.050396361911767815,0.00015350260009597548,0.0032536342176958666,601
cg00984967,0.9487378101707701,-0.0002535177871454726,0.011070590377125433,601
cg00988056,0.03835837590783157,0.00026707369612897515,0.013174442265630026,597
cg00992348,0.9053276089283919,-5.360086223455262e-05,0.00038612135343985,601
cg00994306,0.07171109696783091,-1.6950760660274524e-06,1.883766578281154e-07,596
cg00994616,0.18890446419942458,0.0013773264668058092,0.02386669577059175,599
cg00994629,0.07698331440994435,0.00029763586701992014,0.005293805468144508,601
cg00994717,0.9656954487916289,-0.00017507093474003935,0.007010951162446655,588
cg00995854,0.3443466557114592,0.0009776803161767574,0.00888731286698552,601
cg01005211,0.04365790024226244,0.000479732286581545,0.019181480430468634,599
cg01006587,0.9832565709501484,-0.0006307187926674283,0.011394394887146886,408
cg01009920,0.9625714487191953,1.9963064090286967e-06,1.6711158065119136e-06,598
cg01012308,0.0026978663845992268,2.0638783850266272e-05,0.0015351351651805567,248
cg01012445,0.9205256792279671,0.00010126548165145459,0.0021686541146606064,601
cg01015401,0.10996331833733769,0.0012044097035708498,0.06028128022324297,601
cg01017395,0.9142540066783448,-8.050989609044205e-05,0.0008962485635152229,600
cg01019643,0.958361636811651,6.378226984818168e-05,0.0004589938136462246,561
cg01020840,0.9984123720583441,-0.00042984123118110234,0.012208847998799732,422
cg01021952,0.894055318805591,-0.00016990218337714026,0.0022554948025861332,600
cg01032675,0.10618724155144643,0.003352820762931632,0.08176626494326478,601
cg01035170,0.937260837128046,-0.00022267628187629972,0.006053280690045404,600
cg01035931,0.930804020799994,0.00013449664164215638,0.003211138765607857,601
cg01040782,0.9577731039101758,-0.00029829422581512647,0.005370926870821413,592
cg01041405,0.962093282833124,-0.00027400389934920404,0.004972575460592266,572
cg01045337,0.017802518386573436,-2.9029169628059984e-05,0.0005379114938672824,565
cg01051098,0.923269294109166,2.6848896468098466e-05,0.00016357249141185637,601
cg01051524,0.012056947245043335,0.0002873101944116103,0.023865398585427244,579
cg01051583,0.9417196985729579,-0.00013983662749854342,0.001099452957821767,582
cg01053766,0.9718294661646015,-7.107341553834637e-05,0.0031692787589759908,601
cg01054110,0.9727410504066067,-0.0017697512025604497,0.060781159269887586,601
cg01058360,0.4241140999795193,0.0017932272452262127,0.024247039461569475,601
cg01062942,0.9551219144343379,3.970778144580139e-05,0.00019079931908871917,579
cg01066220,0.9797259003616123,-1.008724829018375e-05,5.347656647958221e-05,587
cg01067983,0.8924255594160668,2.7455949988697747e-05,6.344521337853237e-05,599
cg01068601,0.9986930002982913,-9.623628716365624e-05,0.024070356432776663,448
cg01069104,0.09759727595860371,0.00022229447393598307,0.002017873555236527,599
cg01070161,0.9325374115599392,2.5945022479580277e-05,0.00011766861193973632,599
cg01070987,0.9457168928028633,-0.0005455518663430094,0.012880080536520233,595
cg01075459,0.85959856581854,-0.00043279913247740913,0.007588392682214118,601
cg01076838,0.9120661233317601,4.017739748257391e-05,0.00020777809326721908,600
cg01083093,0.043513859376721115,0.0003703190058862409,0.008408008495951802,565
cg01084215,0.9246700664408333,-7.603178939545812e-05,0.0008879510147802305,601
cg01086369,0.9982574772654689,-7.373895462436386e-05,0.010232709843123744,351
cg01087254,0.3157090439980098,0.0011544181797558946,0.012129096047857613,601
cg01087925,0.8836877583649568,4.953656814312268e-05,0.00056361615910272,601
cg01089914,0.9616705027602971,0.000453036552809182,0.007697422662789499,81
cg01093854,0.9354545253212004,0.0001718290056898348,0.006574853408618853,600
cg01095004,0.9892072542335679,-0.0003190041284621781,0.01944452068449043,600
cg01096199,0.08100740856976082,0.0001397459925213025,0.0005910470016704528,599
cg01097872,0.9207440759457959,-6.968915114738544e-05,0.0008818198993987281,599
cg01100043,0.9162151135351038,-4.413565208317286e-05,0.00040153303187184797,601
cg01119135,0.852911145817394,-0.0002237583174569113,0.005180524034911427,601
cg01120369,0.9035359718559847,2.4174218856996876e-05,0.00012089052881503193,598
cg01123926,0.03738920600283164,0.0001471220661322962,0.004675267854440057,601
cg01126699,0.9221781110150272,-3.0518373731777406e-05,0.00023216975858209032,600
cg01129641,0.06835835062585618,-7.73455864592938e-06,2.5829676003619184e-06,598
cg01133215,0.14239693628754307,0.0016004732659568063,0.07119307808870057,601
cg01134758,0.9880200089958534,-6.615677495296846e-05,0.001132543352500126,395
cg01138020,0.019049694062482782,0.00011469946548426464,0.008607112621716206,595
cg01142668,0.9974165044882461,-8.364871133119995e-05,0.012105162056261998,427
cg01144086,0.03860535851384341,-1.3293480021169448e-05,0.00014275579269740213,601
cg01146539,0.9395324388240955,-0.00024224197509613855,0.002486695548409079,576
cg01147727,0.9403036384212925,-0.0004513742803365521,0.013274196896813084,599
cg01149192,0.054008305097393516,0.00012273787307611261,0.00477099428864014,600
cg01152726,0.8663540196957112,-0.00011759544681487805,0.0006996654018721626,601
cg01154353,0.8830075670658314,-0.0008372667009745624,0.02372584189679805,600
cg01154721,0.9656025992658804,0.00025322355125836574,0.010876381475325325,591
cg01157280,0.9529798458113099,-0.00017648215418745859,0.007117369002474949,599
cg01162224,0.06588274226687459,0.00028767643767421827,0.013094015181981722,599
cg01166685,0.0379430121168504,9.949164299653073e-06,1.6813134626092463e-05,599
cg01172419,0.8396101372610448,-0.00024917315711345847,0.0029118567836676768,601
cg01176516,0.13055604749430058,0.0007822649492519442,0.0063294383652499064,601
cg01178188,0.9224097143123646,-0.0003114621961191587,0.013395669256384246,601
cg01180479,0.9922639593296165,3.941050829179257e-05,0.0024741040587895613,370
cg01189072,0.9738224611857198,-9.415091168216383e-05,0.00011531018158328354,193
cg01192077,0.9352641539150203,0.00017572037841322684,0.0039815293558059794,601
cg01195545,0.02482801513311108,0.00014225002130655655,0.0032971315989183125,589
cg01196336,0.8843277879081121,9.735391444242178e-05,0.0017270454099020949,601
cg01201482,0.019720037577718525,0.0003773329365021678,0.006173783524215826,563
cg01202639,0.8818815480674181,-0.0005615918899573476,0.010950769835319174,599
cg01203773,0.9220372856220489,-0.0001872289057249307,0.0025540697242388832,579
cg01206912,0.8817676821187688,4.4466190835058806e-05,0.00029719152279061856,601
cg01209296,0.07972750302544991,0.0013666469582162071,0.06931359191287845,601
cg01209642,0.01830293175680088,0.0005088638383916922,0.002126344099544375,600
cg01214458,0.8660369516024589,-7.677733652933962e-05,0.00023743440987267217,601
cg01214587,0.8181390522480706,-9.589409528068581e-05,0.0004912270224707305,596
cg01215651,0.9319276814075887,-0.000487544869752371,0.010721580956475574,590
cg01215963,0.9417670677255411,-0.0002130508717718991,0.006738591257524074,599
cg01217601,0.9250869176761319,2.0097379666944626e-05,1.7236341963156043e-05,554
cg01230035,0.018614150288181988,0.001482505852092891,0.04960632704165879,601
cg01231543,0.7581588183366719,0.00021254395051147382,0.0009821030933007124,599
cg01243072,0.6241183749782779,-0.0012771063434832346,0.03557281666707135,600
cg01243992,0.9721176538392721,3.5994087311576377e-06,1.5124011861766817e-06,508
cg01244043,0.023616516721481767,0.001664945205158035,0.05974916145103493,599
cg01247454,0.9641643893772428,-1.0116844059662085e-05,1.1426541513315236e-05,511
cg01260308,0.9522724887432275,-0.0001622644537074195,0.004654039714529046,601
cg01262913,0.060816086782167544,0.000489765866488559,0.033333930185419636,601
cg01264765,0.0697921182817666,0.0003823640312374811,0.014091689486139147,601
cg01266060,0.8964989145174719,7.762978233289477e-05,0.00047300595187593775,601
cg01271812,0.2949191415363751,0.0006437494194691818,0.008867893270366412,601
cg01272393,0.8914632860247259,-7.546340032581486e-05,0.0008370005799523961,601
cg01275887,0.9917315439692039,9.07237418253806e-06,7.79511165046598e-05,265
cg01276497,0.9268579079483816,0.0001762673535103557,0.0042183140312130885,596
cg01280881,0.09526957488873847,0.00011788936481766719,0.0006262454403648254,597
cg01281993,0.8311675013185821,-0.0005741339271822086,0.01619155190796484,601
cg01284881,0.020300998277740897,8.220436980569049e-05,0.005038130357424064,595
cg01288089,0.08548369158563326,-0.00014925522098955735,0.0014648484831666364,591
cg01288184,0.026728449166887353,7.709535605098567e-05,0.00106660447541862,562
cg01289421,0.8824136884540646,8.989452672361498e-05,0.0013030203587713896,601
cg01290568,0.3118046175930025,0.0011572603591247259,0.015953807496913885,601
cg01291088,0.8626790918824543,0.00034319464978736303,0.0035446646241623636,601
cg01298731,0.6319325190235683,0.0008937876725764708,0.014103706756427692,597
cg01303222,0.948657758840368,7.899697954938495e-06,3.868315852639803e-06,557
cg01303236,0.9032314330869038,0.00025723465801471564,0.015014380348315481,601
cg01303385,0.9042780362079624,9.61336659623197e-05,0.0017153042916553396,601
cg01303480,0.9774523804374331,-0.00018807582931329922,0.0034248271439861755,445
cg01305421,0.20296624272095065,0.0015455377615586786,0.02693897612569862,601
cg01305625,0.8780224251921056,-0.0001839651969492163,0.003167908092915339,599
cg01311222,0.9253934891909475,7.894179840998449e-05,0.0011248258183654825,600
cg01312412,0.9568242082195019,0.00016466218609733445,0.002007471702887731,435
cg01315201,0.9477162308766673,8.536894260737868e-05,0.0013794305105316873,600
cg01323777,0.9368620013357676,0.0005155036780869395,0.01515231023791519,575
cg01325552,0.9489634511948368,-3.9885811203343934e-05,0.00014108559190539882,597
cg01330831,0.8250552865840417,-0.00011063631092021209,0.00013903662489234137,592
cg01335087,0.8407768428067743,-0.0002443187819608615,0.0020544530639639014,601
cg01341572,0.9227551162363067,7.6013302711535635e-06,5.2118854705351936e-06,595
cg01346158,0.938357007649486,-0.00011494289798368281,0.00225036967410297,600
cg01347702,0.925862783526515,-0.0001989524035308745,0.006044501391279322,599
cg01348584,0.086190883518172,-0.00018604497383592941,0.0008060881891872596,597
cg01351822,0.09425882463304555,3.9603572632386773e-05,8.727801875330066e-06,558
cg01354879,0.9366461019575583,-0.0001639055637499893,0.0012486228775009378,578
cg01356872,0.9393381107444186,-0.00011231742433634707,0.0023706991661893717,598
cg01364755,0.9886473140707785,-5.50442108201697e-05,0.000776169073131272,367
cg01364769,0.8580891440652236,-0.00023847442946387234,0.002646711204215002,601
cg01366595,0.030216856417945887,0.0008727351617526786,0.05103520449849741,600
cg01373932,0.9141563599188581,-0.00011909643067822263,0.0012592418359600455,593
cg01379730,0.8847163155480975,1.0643298283084733e-05,1.2032421354390976e-05,600
cg01381934,0.3354855501592042,0.0012649647493763857,0.020281236990050466,601
cg01382502,0.014862076247845024,0.0002777950806692593,0.010022928527859576,534
cg01384290,0.913040683463844,-0.0009550743767936075,0.034090390888137256,601
cg01387220,0.9922191613860136,-0.0006640936584872116,0.008151470682353779,566
cg01389585,0.9129766249517741,-6.214068090160678e-07,2.0125571875695414e-08,591
cg01391484,0.9092099185863497,-7.63771954689727e-05,0.0009403039281671299,601
cg01394199,0.9363110849411369,-2.2166655628955766e-05,0.00010044491991323401,601
cg01407235,0.029141527798263435,-6.321426040205048e-05,0.0006716770388215387,477
cg01410923,0.8909447296455978,-0.0004974787076189935,0.007857697017251697,598
cg01413582,0.04011464870871005,0.00027531961112067864,0.017182663703305123,601
cg01414877,0.8933008204936613,-0.00024327594877401754,0.004573872242855104,601
cg01419713,0.871054861580366,-0.0002615296157000531,0.003327007609560395,601
cg01423916,0.04074593963983232,3.1189159199908474e-05,0.00012964051647867958,564
cg01433654,0.8775525684967883,-0.000870223181717163,0.041037588130332536,601
cg01434302,0.9186379601911607,-0.0003857327516125639,0.0049244989662105,594
cg01437161,0.8183301835911808,2.9972656996371095e-05,2.889632993097191e-05,601
cg01437515,0.12376608030952639,-0.000174539077902225,0.000340864325780732,601
cg01438056,0.8753693189631273,0.00017262599156608776,0.0009618044644911228,601
cg01443488,0.9793691036248927,-0.00023739424676321645,0.006393347847005293,511
cg01445689,0.9952241668882195,-0.0005667094087864797,0.0035771116506982947,265
cg01448132,0.06521022400066755,0.00012746100062758044,0.006603133806236228,601
cg01449715,0.21125121781754053,0.0012244084824775136,0.03052507487111089,601
cg01450803,0.9296746063385876,-0.00020135140007248198,0.002393360265323885,593
cg01456691,0.07013936033936322,-2.9796207112005034e-05,9.055018159687123e-05,601
cg01463828,0.9636258842553974,2.7034124302780575e-05,0.0002426433866969946,600
cg01471232,0.1325620715041416,-6.965154301304668e-05,0.00019877607995577584,601
cg01475476,0.9557634149805744,0.00019451259569236865,0.00351014859919474,469
cg01481000,0.09842106172890067,0.0007786622325734317,0.03420362665890986,599
cg01483139,0.06768334864252684,0.0008110900969531778,0.01561477321087057,600
cg01484075,0.8887391831139125,-0.0008077058559685692,0.026212386289334755,601
cg01485547,0.9130024611879435,-1.3040231841128805e-05,2.462409515702202e-05,601
cg01485838,-0.021669884118207486,0.0011972088800849903,0.014997800691288088,123
cg01485975,0.8851340577688235,0.00016430702225923494,0.002033089488862827,599
cg01492330,0.04676797562364952,0.0006827594401448563,0.0032627417694003347,598
cg01492538,0.29229422599815863,0.00194155035918221,0.07380313827009288,601
cg01493517,0.13685875590329413,-6.369759941477928e-05,0.0003677567440503182,601
cg01494083,0.9525502712643397,3.712202888152271e-05,0.0001675782456644903,577
cg01510278,0.07861677945862497,4.020909389881888e-05,0.00015786085667002236,601
cg01511480,0.7756936915422848,-6.520332048266458e-05,0.00024171591061705744,601
cg01514538,0.9959638400007836,2.660657588593187e-05,0.00397950292296656,249
cg01515802,0.016311239798772775,0.0008541138579183733,0.019251822488963177,470
cg01519261,0.07615397916312587,7.192376294767082e-05,0.0008739549102926292,599
cg01520563,0.8563712073050501,-5.069890601627324e-05,0.00022707280881184566,601
cg01534572,0.02302676345991803,0.00022142356313510758,0.015292596443409634,598
cg01537769,0.988048469048357,-6.744405063090588e-05,0.0012450564082042703,398
cg01545587,0.022020609670658844,0.0006662262090342489,0.019500585246198687,579
cg01552748,0.9459868597727175,3.585121043990876e-05,0.0003412448569187765,600
cg01556275,0.9330543925189843,-2.0624622946263002e-05,6.03250746753492e-05,601
cg01559561,0.9470167274384159,6.829768511980579e-05,0.0005897298024932773,601
cg01564045,0.8523391678635408,0.0007116454933334254,0.016995705266431016,601
cg01564640,0.9955678116831855,-7.885803425108526e-06,0.0001585321732980871,201
cg01568433,0.9806602552337927,-4.390234203840698e-05,0.00017350895358514418,251
cg01570265,0.953656316220882,0.00017075869768237655,0.004782486586612622,563
cg01574513,0.02897969718474859,0.0005905921979425121,0.022420412508100673,596
cg01577755,0.9459559586625774,3.862760307652144e-05,0.00032411869706971963,597
cg01578442,0.8731237044601662,-0.0003155501960429361,0.0048092107842799825,600
cg01580568,0.9203840780933302,-2.2401942216844722e-05,0.00010073630430196268,601
cg01581098,0.6918616353307948,0.000425972926979476,0.004199826762091408,601
cg01581222,0.1574922663098816,0.001408466274862601,0.044988948095064596,601
cg01585094,0.9898221876321637,4.7210191272952016e-05,0.0026195755985400915,452
cg01589587,0.8784905212150199,-0.000589955139706998,0.01581733044243261,600
cg01591881,0.8817450570235325,-0.00010010775904348975,0.00047160581716432226,601
cg01604601,0.033074375692026675,0.0001405922314700486,0.006889300766422135,597
cg01606770,0.9728586534527554,-0.00021867635497756352,0.005072309618376458,569
cg01612095,0.9799166290282231,-0.00014875190041348027,0.009519657742089516,596
cg01612681,0.0582213593778161,0.0006270977815031315,0.013817937012850168,599
cg01613817,0.08061330941146543,0.00041512542433342443,0.025895319603015388,601
cg01616876,0.2464956997829367,0.0005313331689820082,0.004548654467196878,601
cg01618923,0.9179226012031625,0.00011213068406158408,0.002288082409561021,600
cg01622006,0.013136222785674275,-1.2354937982883883e-05,4.14263018330141e-05,552
cg01631215,0.06539375601991358,0.0001484292167575128,0.004138520557897207,600
cg01634544,0.6827963926689591,-8.979967643666089e-05,0.00011039145872537848,601
cg01635742,0.8859742877560843,8.188379821479709e-05,0.0005910159169412177,601
cg01636184,0.05899843424485959,0.00045311555005516177,0.026555170042147025,600
cg01638792,0.9385954207934541,-0.00010632847253744917,0.00206226949479138,598
cg01640991,0.9215433352782412,-4.324328094951173e-05,0.0002446025112969874,596
cg01645401,0.9540417922143198,-6.462205633798925e-05,0.0002588132495426887,547
cg01645998,0.14932560451576934,0.0009177568524544835,0.011964656841123467,599
cg01653532,0.9015514486667928,-1.6081521437130684e-05,2.580042222244394e-05,601
cg01657186,0.9711462073774566,-5.074783361701919e-05,0.0003396919415732391,584
cg01660911,-0.020138702885504234,0.0028325183982169434,0.07151317401255453,596
cg01660934,0.9836097950632059,-0.00012380528021214756,0.006775014397626289,598
cg01661742,0.916428705801896,-0.00037965706488640364,0.019780356467756666,601
cg01668352,0.8777660406352333,8.337245666038105e-05,0.0007566827139300347,601
cg01676795,0.49819787363388573,0.0012791066569853792,0.018522882061907997,601
cg01677142,0.9911659411635332,-0.00024534393870579644,0.008776993845927894,286
cg01681098,0.03414264382161454,-3.9636799962877534e-05,0.0004117394091768256,587
cg01681367,0.04955545703284742,-6.812096911163364e-05,0.0002850159011238418,599
cg01684901,0.9428555388507931,-0.00010054199847069943,0.001348623427131379,597
cg01687402,0.9331527500402746,-0.00033845460107600887,0.012979235957381485,599
cg01689641,0.034758366573147265,0.00011953363628933997,0.0048522730479304554,600
cg01691160,0.9733829419803574,-6.654206798809789e-05,0.0007323440791273672,527
cg01693305,0.8774252470502185,-0.0005340911835662461,0.018025364264535715,601
cg01696784,0.9979353645983116,-0.00019974782763437082,0.013961539098948927,444
cg01697763,0.9388004928002803,-7.076195109956901e-05,0.00034006083923066033,580
cg01699740,0.9505437706709443,1.0743129429509118e-06,1.6010177261716052e-07,601
cg01700462,0.30149204474157293,0.0013265243256342656,0.02000897294406856,601
cg01700683,0.9440309522366865,1.846469583813051e-05,3.377230228518435e-05,586
cg01703355,0.9676044890543475,0.0001529480838316662,0.004208527538077211,509
cg01704698,0.12275971456108939,0.000507115538663095,0.00454595871914909,601
cg01708377,0.9174899909732047,6.531055698268238e-05,0.00028140028835588193,600
cg01710351,0.08484450858870735,0.00046781109605273884,0.012328381632099483,601
cg01713406,0.9493755154105856,2.359364822064119e-06,1.3377724539243019e-06,596
cg01714342,0.925411347255486,-0.00010601350294298239,0.0008441464172433966,591
cg01715726,0.6846109998647606,-0.00014397183264624666,0.0009161852137611337,601
cg01715901,0.02630715251264587,0.0004983263012429545,0.01652158081171673,549
cg01721555,0.9405794972034024,5.327403452746014e-05,0.0001760275540111378,559
cg01721818,0.9388905339540187,-5.358434475489472e-05,0.0006130592084606645,600
cg01722297,0.11694560353027254,0.0005772814609670086,0.01418042827708299,601
cg01730834,0.9698940264917484,-0.00015126695077402057,0.005345521909700612,589
cg01732952,0.9485082040634688,0.00026188585253158976,0.010281499016351336,570
cg01733904,0.05796028354340716,0.0007532399234288096,0.037746812325697765,600
cg01738164,0.02898149223386803,0.00010297938999666126,0.007413683886789757,596
cg01739725,0.075068285233453,0.0013053547499794688,0.06549519114722768,601
cg01744056,0.8107787118869304,-0.0006171984138289599,0.012325065684843373,601
cg01754009,0.9035118937222419,-0.00015519195861313128,0.0004894200036374974,600
cg01754267,0.9797471604197879,-4.578099239814975e-05,0.0007731514308849663,577
cg01758942,0.8259379161211635,-0.00033058646932305596,0.007010494012986923,601
cg01760983,0.0911779842674513,0.0008378187019165622,0.012770979677052097,597
cg01761758,0.520738260439507,0.0003778392037751641,0.0010832343518528686,599
cg01765152,0.016499603865825375,0.00024309949549649815,0.012023288936303334,576
cg01765930,0.05430343488466688,0.0001138863872284746,0.006235638079309713,601
cg01767053,0.9410198670596167,-4.361579860282566e-05,0.0002529882276633977,595
cg01768686,0.04630758168370366,-1.8598647990193347e-06,1.5867422629156636e-06,601
cg01770400,0.9284768768196933,-0.00012672622301737726,0.0010882740623725518,598
cg01771850,0.9415632224826828,-0.0003048309269981795,0.014005470823924226,600
cg01773515,0.9265062970191946,-3.666819798156544e-05,0.0002530927311135134,600
cg01774027,0.31618391584562305,0.0008012171586327765,0.013719709967216498,601
cg01777786,0.9552462505904291,0.00028803461517482276,0.01119725853863296,505
cg01783662,0.059619313961397115,0.0007820590103194853,0.025729871528961,598
cg01787084,0.2249829297826601,0.0022132299279294986,0.0428198299088276,601
cg01794103,0.04615249376948859,-0.00016330952229499566,0.0036466867856818075,583
cg01794555,0.022567789282610662,0.00013211384336887387,0.009325281764142157,597
cg01797036,0.06413547288667967,0.00011637630325818267,0.003230863539341766,600
cg01797371,0.24668300433037899,-0.0018862855857334699,0.016544733405707945,599
cg01798375,0.42434087370132745,-0.001670055299062953,0.009466430461008701,588
cg01799671,0.07969019777101095,0.0008272808850680842,0.012561137593799176,591
cg01807748,0.9037882955817947,-1.4135514108791125e-05,1.8812601605966428e-05,601
cg01808739,0.10436934131815163,0.000522515459190729,0.01109768467870298,601
cg01810907,0.9835576763058105,-0.000647583273900934,0.020609334860890116,503
cg01813071,0.040580049568975124,0.0005022534575632287,0.010443595879377265,561
cg01813738,0.9190090364379856,2.384554797195983e-05,7.979079341080553e-05,564
cg01816936,0.232037146705357,0.001097982221501187,0.024800450330577095,601
cg01817067,0.8953345751573946,-0.00039468285070906053,0.013084770551667235,601
cg01818776,0.07957416637626649,-2.5131772178722548e-05,1.5623347158988388e-05,528
cg01819912,0.9536150947244445,0.00010772551785014784,0.002236066728147579,589
cg01822420,0.9468361151378987,8.91540957030606e-06,1.742242483349088e-05,597
cg01832672,0.9421419551959181,-0.0003225116488785137,0.003651247684266612,580
cg01833470,0.030540120429043804,0.0002479637753562667,0.0042012307796179815,507
cg01833755,0.9612532297175775,-2.1825415003246735e-05,0.0001023748598530938,590
cg01835489,0.9497850657164295,-0.00013619646738370926,0.0035222075984724377,599
cg01842321,0.9286502239585254,7.705036462351366e-05,0.000489812417406088,588
cg01843506,0.048737705590102355,0.0004450738522461059,0.008769141601759678,585
cg01854776,0.9700366454656061,-0.00036038347385187515,0.03211910739506196,601
cg01859528,0.9592742974629653,-1.176650436387432e-05,3.813861884438552e-05,595
cg01860693,0.920680328946589,0.00016170012309816168,0.007103355134592815,601
cg01867320,0.07368307856286427,0.0009081090917533473,0.014426520962350309,586
cg01870976,0.937286111648351,-0.0002653393256580296,0.012376980214856337,601
cg01879083,0.9172503718844364,8.783333623503403e-06,3.6980510479400763e-06,601
cg01880399,0.9567621502214109,-0.0004636017442805358,0.01066258566204481,586
cg01886125,0.956287355835348,-0.0001313431094960175,0.006657064700727244,601
cg01886810,0.8933965852686733,0.0001882465974506928,0.006049034112090568,601
cg01886855,0.9663424740785054,-0.0003713789437731759,0.011629449072558251,592
cg01889448,0.9202396190480725,-0.00018261800019964358,0.0005799789389794308,461
cg01896804,0.9298685629370975,0.00024342844907417134,0.0073684179266158,596
cg01898377,0.9722563322687351,-7.691301017109274e-05,0.0008036155147551627,596
cg01898817,0.9298622464536151,9.631139586917499e-05,0.001214031582505437,598
cg01899355,0.4665374645333521,0.0002930133212264978,0.003907504549829133,601
cg01899540,0.9159702641021829,-9.138971284273527e-05,0.0011319619056802122,601
cg01903374,0.03728359957757056,2.0869948216888684e-05,0.00011229132408241416,577
cg01915642,0.9755454286152354,-0.00013691900359385603,0.00139398754152531,350
cg01917209,0.9310413022355148,-4.104093117572083e-05,0.0003564598578694733,601
cg01918222,0.802436025766201,-0.0008262060911773631,0.013943054692127643,586
cg01919011,0.9691991750025405,-3.586358425437756e-05,0.00027067171376049526,590
cg01921437,0.9689262127521427,-0.0002612108216615071,0.008090722596970412,582
cg01924223,0.96672509850872,-3.948156892625905e-05,0.0007152481806418365,601
cg01924952,0.06571973407255025,0.0005110715422589958,0.01407402002961855,601
cg01925950,0.30581613257534596,0.0010305269640003417,0.014194973308924719,599
cg01926646,0.9505204558029573,-3.945452356882926e-05,0.0006143480434689375,600
cg01927373,0.9385582822208738,0.0002730533503809322,0.011499174244323673,591
cg01937819,0.200222757669137,0.0009711360261038407,0.02214354656112605,601
cg01940181,0.9969284087428115,-6.402694960989587e-05,0.00614897776659018,216
cg01942646,0.8826678789280482,-0.0001801358591092721,0.0030424753830484708,601
cg01951274,0.033528584840133234,0.00013824413217943744,0.01427057531456688,601
cg01952913,0.142033863096469,-0.0003286700503356065,0.0010822017323491862,601
cg01957900,0.9856555422007267,-0.00011668620097230638,0.007683683848077938,592
cg01961086,0.9863347908108294,3.714897750412562e-05,0.0004986715459464053,275
cg01964852,0.9473229113217301,5.3088449268812095e-06,3.4986099279876726e-06,595
cg01967073,0.9869020726773694,-9.693487557961384e-05,0.0025910179333430428,424
cg01970726,0.9627073749389983,-1.2709596824372527e-05,4.417009797252902e-05,595
cg01973181,0.9455784851908886,0.00020857781886367475,0.0038596309628001757,554
cg01974027,0.8869339659531723,-0.00014911458740417423,0.001487228123872586,601
cg01974478,0.9037415703311447,-0.0003739799937828211,0.007345368542100883,601
cg01974715,0.9268878412741837,-0.00016487112816553304,0.0011050035797056657,596
cg01975706,0.9513415703332595,-7.986369858117904e-06,7.936127805474591e-06,586
cg01979888,0.06974765580799122,0.00016978364756084513,0.007661932287026385,601
cg01985595,0.9950896667387177,-0.0002941128287326849,0.010280155016335724,303
cg01987353,0.07337592416941383,0.0005093277084973525,0.009118625334842534,596
cg01988009,0.8879336408307864,0.00018361347102762403,0.0036745052442179738,600
cg01988891,0.04931784342650282,0.0005829611167173807,0.012834301986817787,577
cg01989521,0.8985152145576455,-0.00020860974547839468,0.0060500912989199795,601
cg01990910,0.3207168038338889,0.0017452856190269895,0.025311736167729082,599
cg01992464,0.9284127083716296,0.00010300670158305143,0.0010732167577597318,592
cg01995393,0.8871806251834182,2.1283224514732698e-05,2.2491620995435113e-05,599
cg01997629,0.04718498017508105,0.0002374339770591369,0.01231028997522532,600
cg02001279,0.21167778641972915,0.00010757685882949354,8.028137207627406e-05,601
cg02003183,0.10572571063887784,0.0015025822310124639,0.03835216239286754,601
cg02003272,0.935830713564423,-0.0006076395364021552,0.024809677016071063,600
cg02003457,0.9025832399526958,-4.6508959043964506e-05,0.0002914590106978254,601
cg02007434,0.9348587706082708,0.00019087175728889908,0.002355209445403017,564
cg02012974,0.3363090738519936,0.0013174737469934538,0.01851064962471105,601
cg02016178,0.028535131143356263,0.0001266133003865678,0.004984281155498316,600
cg02016467,0.9803451143929359,-0.0001823941710763502,0.009449067519877508,590
cg02023138,0.9184222601343187,4.0339408768460955e-05,0.00013570159807829718,601
cg02025988,0.9785978593521386,-0.0005668818241786807,0.02217647171934667,576
cg02026204,0.014299541362602444,-0.00012496790134191416,0.006901008084939764,395
cg02026535,0.9226404558682213,1.5899862424702912e-06,7.019593804002966e-07,601
cg02028402,0.9230664599449424,8.6537463430018e-05,0.0012722960553460672,601
cg02030929,0.03515745049474736,-0.0002556659313373345,0.006330649304593372,552
cg02032299,0.03713786568104799,0.0010116806325258156,0.060087954264518295,597
cg02032872,0.9476089736526796,-0.0003651401916662666,0.007046141317410215,536
cg02035605,0.09337828279815642,0.0009030004506664063,0.02904613784279997,600
cg02042823,0.9208735085895138,-0.0004843431568918199,0.0007465116954172846,597
cg02044895,0.03226149038287841,4.30477316638759e-05,0.0007864565068075313,596
cg02046552,0.25530543991001453,0.001550174361379698,0.03047906853097504,601
cg02046562,0.9326675881952835,2.242397331986444e-05,5.324102020987098e-05,595
cg02046589,0.9913539647881208,-0.0007433493624360438,0.010895006382835692,481
cg02046665,0.9826709236326031,-0.00016680601849870688,0.00587225109237044,509
cg02052265,0.06728037671906903,0.000473430273678279,0.0063631299152037135,601
cg02052531,0.9616781464721623,-0.0002881571265717783,0.003869083013652519,539
cg02053092,0.942819363054456,-5.711851345365903e-05,0.00037412394860514286,597
cg02053964,0.005517062562283651,1.4861250867743261e-05,0.00022702839994603874,370
cg02055988,0.9502479845573885,-3.2720066509126813e-06,1.4483840184986718e-06,593
cg02057688,0.9716514851197433,0.000308429407748645,0.016313316099362485,139
cg02059317,0.03974218485614639,0.0003372625646186808,0.013360031294259556,599
cg02061173,0.09404076393895003,0.0008224942979860701,0.0245646619562907,599
cg02062466,0.9681681643641392,-6.729815008847774e-05,0.0007570330621587962,588
cg02066184,0.898676386833599,-0.00025952536449531244,0.007404477228489692,601
cg02069524,0.9369690164016086,-0.00019750337511244254,0.004038964572678938,597
cg02072492,0.9347133096361138,-0.0003163577267284901,0.004692135127243757,591
cg02075410,0.9955701639615676,1.983041190980298e-05,0.0010152474283486868,239
cg02076020,0.8902534626614678,-2.280466067884682e-05,0.00012033204817241128,601
cg02077068,0.9486651873416804,9.508477852585456e-06,9.984916043981329e-06,590
cg02084214,0.8195334947290467,0.0006168085099105575,0.01918580025952854,600
cg02086166,0.9661182363191653,-0.00016536640237040047,0.002458189411463474,562
cg02086790,0.08347554231581272,0.0012729014798589322,0.04480979163114884,601
cg02087931,0.011084048915676076,0.0008029229658139357,0.060258434178849796,601
cg02088785,0.7328321141490027,-0.0009844691215656644,0.01717735759200345,601
cg02094283,0.9315929433899156,-0.0004103440761039179,0.007080500750670349,593
cg02095290,0.9751973247904409,-0.00036650464893757146,0.01140159041719313,538
cg02097616,0.9781976257315276,-0.0002639182743701573,0.007084984619464163,532
cg02099418,0.06061151313494055,0.0004902432317269823,0.006934383790949461,588
cg02100011,0.9642609086245946,-0.0004216067943614479,0.01783036504305402,598
cg02111655,0.03576528112578673,0.000310933411903439,0.01655594273943528,596
cg02116283,0.39636752614127035,0.0014984349707090384,0.022958533312850915,601
cg02116612,0.23201804034426637,0.0009841327364808812,0.0038872088273095295,573
cg02119693,0.9561437300756507,0.0002217778257039929,0.0028743828684768546,270
cg02119938,0.9516251268174407,-0.0003023467125910493,0.004458156773921806,601
cg02126031,0.1061313986964459,0.0010366366206567106,0.04399515851612312,601
cg02126235,0.8928528569314462,-4.588043509547035e-05,0.00024364737159376926,601
cg02127509,0.08059418106632323,0.0016078437581867303,0.027377014605254657,592
cg02131870,0.9675754793197457,9.166423360810753e-05,0.000898110807177499,385
cg02136460,0.960277036767056,3.365484508072008e-05,0.00042077225974834764,600
cg02136622,0.974702761105853,4.267471749246103e-05,0.0002664312563426252,335
cg02151485,0.9596944997591068,-4.884424598587055e-05,0.0009532838113006648,599
cg02151711,0.8967777726702694,-4.4184550110207e-05,0.0002012817667708111,601
cg02152417,0.904657852024015,3.0162145953069167e-05,4.2850704258134975e-05,601
cg02152631,0.9135230660745697,0.0001540458160060989,0.0024709026642257825,601
cg02153681,0.9622428042604224,5.693438894986323e-06,4.818167948283936e-06,579
cg02155796,0.04368208014844367,0.0002132809373322817,0.010275569134752471,601
cg02157894,0.08147914633847368,0.0015850510376278415,0.07599846199215199,600
cg02159996,0.49395271234212174,0.00014975424129459026,0.0004791332427094286,601
cg02166725,0.9572659438479486,0.0001933921676161923,0.0027929220373880126,493
cg02167021,0.00595945511522002,8.104075008857218e-05,0.010769811862345047,553
cg02174092,0.34520435949226536,0.0001538642713188364,5.107173501550655e-05,601
cg02184413,0.057371119437833254,0.00045490100420475966,0.013744742032963497,592
cg02185248,0.18713508661122547,0.0012579759864650437,0.018364986851502896,601
cg02189760,0.8771778528758523,-0.0001993809534144483,0.005277558108372604,601
cg02192520,0.9616559743028064,-5.208074005698198e-05,0.0003987938069394126,587
cg02193861,0.9529990572998771,-0.00012912756268447517,0.0032068517637521277,593
cg02195995,0.9651630955519643,0.00023834299260884327,0.002667733623874069,162
cg02198625,0.09231270073627852,0.001322620253038559,0.027526028840479055,601
cg02199887,0.07985402304464327,0.0003277064205761623,0.01575426003321323,601
cg02202923,0.019518442327027714,0.0006302944685128155,0.026334016722660447,594
cg02204442,0.8530481113402977,8.49174806932688e-05,0.000633363493011796,600
cg02205445,0.817690582026157,-0.0003237987380413295,0.006270926956087219,601
cg02207219,0.7820430267097316,-0.00020857965379536528,0.0005339847731000713,598
cg02209667,0.887192018186328,-0.0008143236597932627,0.013939058038928698,600
cg02212575,0.9591214715765936,-2.2994781429238547e-05,0.00014376395281179288,601
cg02212934,0.955441447182627,5.901163393639061e-06,1.3896186248363307e-05,600
cg02215611,0.9359488368931833,-0.000100297594128371,0.00247199315389357,601
cg02216731,0.9947243251716248,-5.138906372201399e-05,0.0029682628592577753,413
cg02219607,0.9457505147712536,0.0004273784043296207,0.011334936649915472,251
cg02219878,0.7407936200187117,0.0007101096457187054,0.01259354120304379,598
cg02228042,0.919866025596296,-5.066341809870599e-05,0.0003452961304073465,601
cg02237342,0.017027694619789837,6.336882167383345e-05,0.0011880360314459049,593
cg02242345,0.98248334547972,8.190399188234631e-05,0.0022528233163829903,56
cg02244175,0.24791007605003415,0.0002158160481377808,0.0011271479734046297,600
cg02245875,0.9514690241174247,-9.052866951251666e-05,0.0003195389947997507,498
cg02246426,0.1431196902372418,0.0013786009999064703,0.0169671410869342,601
cg02254879,0.9327605446536419,5.981346748705096e-06,6.141532766457125e-06,600
cg02258444,0.9452370400263964,-9.527138346053018e-05,0.0032943541263968923,601
cg02261047,0.16766401891675098,0.0012378391839051846,0.031042179049568408,601
cg02261780,0.9698495207266461,-3.27653041945996e-05,0.0004754126036153883,601
cg02262553,0.30751672292969856,0.0012984586438221407,0.013811756347400728,599
cg02264733,0.8671584850953312,9.040928092298955e-05,0.0007018320460761007,601
cg02268561,0.08643131008047007,0.00018596343601122204,0.0019473776367608941,598
cg02274550,0.9164013818097766,-0.00019134349805802466,0.003717282578106662,600
cg02276909,0.9019902008059981,-0.00018034762075797708,0.0033914515146896695,601
cg02278841,0.11475004422392335,0.00034326008420679715,0.00612466471325146,601
cg02279471,0.9678489225778236,0.00010182697302033413,0.0011616921356257803,375
cg02281970,0.8905259248235593,-0.00041385486579827434,0.004919903108398627,599
cg02286506,0.08124429258056556,9.50577293831694e-05,0.0018798674794197057,601
cg02287007,0.2656682952480908,0.0014076299495900835,0.026210668830511596,600
cg02289040,0.8678941789306861,-0.0002670969448115834,0.0037194871748653657,601
cg02293044,0.8726206911543289,9.94712995117426e-05,0.0007789062860855678,601
cg02296931,0.022136992292543668,0.0003948853399735888,0.012891185203119382,562
cg02297709,0.9262581002030736,-0.001191689480747097,0.029572845989171426,597
cg02303067,0.9598429912228664,4.198338287309813e-05,1.6762392244018542e-05,271
cg02305471,0.9753785055876796,-1.2305270331719793e-05,5.537966288660101e-06,156
cg02306995,0.13636082787532078,-0.00027204596749697994,0.004962844248636689,601
cg02307277,0.820341971794864,0.00018275110876141674,0.0016089194992385814,601
cg02309655,0.9509732941923047,-0.00015594677261227108,0.004822229973067471,600
cg02310645,0.943911774577344,-0.00025123210356067495,0.008573447802929346,601
cg02322889,0.8924857693051931,-0.00018712971653708804,0.002202073422311601,601
cg02326386,0.03728446798680179,-0.00012935155057708305,0.0009218871516331051,323
cg02328807,0.9931356098150206,2.5414931645626582e-05,0.0016327392532476948,262
cg02329494,0.9578811086318778,5.109780439790188e-05,0.0004110190592442331,576
cg02334109,0.22337798918725998,0.001661311906395491,0.04125233154597674,601
cg02335517,0.935499337317165,2.4327845761406303e-05,2.6333435320102794e-05,596
cg02341559,0.9443053972949763,0.00012446091768733054,0.0016669753565936585,572
cg02344497,0.9560606891526461,3.339598102177523e-05,0.0001541560038899048,595
cg02349468,0.9679499264964512,-5.182289573377278e-06,4.303593766796787e-06,561
cg02351277,0.19903556043606097,0.00041427365708961183,0.0036561375434195353,601
cg02352281,0.15179888352964716,-0.00037206413174114986,0.003579960625122447,601
cg02355558,0.9316765851039756,3.659645877058926e-05,0.00034858489237343804,599
cg02358761,0.03552493135082788,9.242047435157415e-05,0.003604097548520535,600
cg02359506,0.9427525949182756,2.0755512158946902e-05,4.105132207155027e-05,590
cg02360367,0.9672239871880204,-2.3214183201455273e-05,0.00010388877539002639,584
cg02360445,0.9305655205812833,-5.5439643909752316e-05,0.0001685452927144837,600
cg02361306,0.9314375263894017,-0.000380763250849176,0.006451529369731701,586
cg02362020,0.8597920124588503,0.00016223960456077964,0.002335342067797952,601
cg02365900,0.8955651054840337,0.00023498001993403546,0.00924260552301881,601
cg02367921,0.1850266302912629,0.0005071493889941872,0.004111508522515961,600
cg02368469,0.9516956702281798,0.00019144562431348255,0.00342601037383794,556
cg02370040,0.9603708844920105,4.12226517035007e-05,8.685073343761562e-05,300
cg02371830,0.013606236496158164,5.9365750693483584e-05,0.0029302509334859783,591
cg02378074,0.9831691762464163,-7.463598749713e-05,0.0005699108953362009,143
cg02379333,0.8892210429959347,-6.609440461434727e-05,0.000279434362264519,601
cg02381279,0.2947939859273647,0.001958476931964631,0.03288874699043853,601
cg02383368,0.9286658101526235,-5.133283170409376e-05,0.0004430198459584034,601
cg02389084,0.9483438470581577,-0.00010835046405317686,0.0018119206607121185,593
cg02390801,0.11699704365072328,0.0006251330222862447,0.01945242539803138,601
cg02392269,0.8936121367415674,0.0001844703541072263,0.0007801872416915989,592
cg02394186,0.02887688545507309,3.3416832634782966e-05,0.0006427456049290514,600
cg02394753,0.9401804434338402,-0.00019020369863422272,0.004497471052558377,596
cg02395280,0.18440709743881598,0.0006893373357292233,0.02286997855384132,601
cg02397720,0.018889682149958835,0.00022675932679727776,0.010678636521177287,586
cg02402946,0.36596855756231306,0.0011525007976066297,0.019707287132567197,601
cg02405193,0.33336320199757,0.0009368467199704353,0.011387032592829582,601
cg02406098,0.9274705598949624,0.0002721426845948934,0.0040318351474162295,601
cg02410867,0.9660154454510415,-5.545618036829827e-05,0.0004950641088079522,575
cg02412684,0.8946487922915182,-0.00019659145921643804,0.0012556949516044913,593
cg02413187,0.9350297605077624,0.00014186192288156166,0.0026584878193534056,592
cg02413285,0.9516578728494628,-8.572160330368388e-05,0.0014899166135216024,599
cg02417408,0.8048557131225088,-0.001171325248877989,0.0295306417881267,601
cg02419321,0.14145685177903694,0.0005843945177833324,0.008830546484293933,599
cg02420724,0.8570969968717093,-0.000190160434618641,0.0007608889295217525,600
cg02423000,0.8955356975843705,-0.00013992215262884585,0.00259173236500454,601
cg02424670,0.9311832850030152,6.746697438716147e-05,0.0002667349040668121,587
cg02426324,0.7490811123269423,0.00016360551700227792,0.0006465178762492529,599
cg02426414,0.918454653402267,-0.00012542857217084227,0.001526487570627899,601
cg02430732,0.90550872399542,-0.0006164254422516927,0.010485794593733111,601
cg02439077,0.9152001710915897,-0.00027798232092157303,0.008969204479939541,600
cg02441103,0.9447451037472826,0.00010785231587974297,0.000929183123618893,578
cg02455346,0.9496760146894778,-0.00025400071137373503,0.011942352742394746,601
cg02459416,0.966027561051691,0.00013101097421296438,0.005105329533946712,588
cg02466008,0.9339477594507964,0.000789649367927482,0.019631542884180453,240
cg02470008,0.24777155555613617,0.0017031672554373959,0.027650156277602145,601
cg02475653,0.9494975383192574,-0.00012875698920819615,0.0008839372519433564,512
cg02478828,0.9865480648591096,-0.00019446180566248908,0.013829971682759679,573
cg02482497,0.9479662896281177,0.0002988575804539412,0.01019501189394545,514
cg02483911,0.9670254219927916,0.00019215242327451083,0.005385877532762429,224
cg02484352,0.7841320784240123,0.0004072456698206156,0.007659152650438816,600
cg02485328,0.9380739457100877,1.6471828540478612e-05,4.6862275748793536e-05,596
cg02485642,0.9713339971041898,-0.0003645206324519051,0.01440788867970122,601
cg02486253,0.056973139035744094,0.0018160718212158926,0.014319058970821641,591
cg02497019,0.13803722117606956,0.0011469315234626147,0.033468007032615654,601
cg02501473,0.9559555361967766,-1.696624844873293e-05,1.4307911537891904e-05,505
cg02502704,0.9232648542287748,2.2338330920778117e-05,7.280110193008671e-05,601
cg02503763,0.01177829642827874,0.0023740303851936422,0.027948288314125547,384
cg02506767,0.8971108630098525,0.00027705237480844883,0.01292675961526768,601
cg02506867,0.029455696778218278,0.00013852365848177005,0.002569456466876785,575
cg02512860,0.5250201059258293,0.000566338290294567,0.008939425714282412,601
cg02513026,0.029948488188288207,0.0001263652345271546,0.005539230857753097,596
cg02519948,0.8975179349531567,-8.247544668175532e-05,0.0007538199479008023,599
cg02522196,0.041755985718804914,0.00027851313089354127,0.005475959288661403,589
cg02523585,0.9165748676060819,-0.0005406651532271434,0.004793421272476839,586
cg02524112,0.8549173243315678,-2.3919342705075458e-05,0.00010798728812366765,601
cg02524983,0.9539277483005806,-0.0005688109954214063,0.010406573636654759,589
cg02526838,0.9726748347279289,-0.0004134125115538072,0.01365741996971681,593
cg02528112,0.9949877652888761,-0.0004118251789765507,0.01436393014949211,244
cg02533339,0.0457447405218507,0.0007935878292001186,0.016114117077871803,589
cg02537838,0.8759177349388744,-0.0001237531155778109,0.002714899406477289,601
cg02538070,0.970975200088847,-0.0001033985644378263,0.0017684319672511828,573
cg02538681,0.4490350299080973,0.001379974277720833,0.012831772448946399,601
cg02539809,0.9188885074567067,-0.00018731565007526916,0.0029849879175779526,594
cg02540781,0.9229395625766065,-0.00033722035903959336,0.004156966696770348,601
cg02543462,0.21175436107156048,0.000610411676527961,0.0064823113077098204,601
cg02546601,0.988118060722776,7.53498140410161e-05,0.004904521191192557,299
cg02548912,0.9817875075571969,-0.0001604128999370557,0.001994703927823749,380
cg02551743,0.12557598123030847,0.0015326502882871192,0.04875327256240758,601
cg02552250,0.015555662260091089,2.4569377628953045e-05,0.0008066582514042464,598
cg02554168,0.024465899766917036,0.00030118029628180965,0.010831074175254751,566
cg02556649,0.9498796023655298,-0.00036038867498073695,0.011122578134088679,601
cg02560408,0.955532684397727,-0.0005938093525856453,0.021859821487104414,591
cg02561014,0.9020702656956041,0.00013280890531566235,0.003736339797416832,601
cg02562005,0.9197891718014954,5.1346945926549416e-05,0.00014318753563580255,600
cg02563407,0.021722885787889203,8.736772674498763e-05,0.0025654222152337036,572
cg02566978,0.03859802792044236,2.958524275636212e-07,7.732329776466429e-09,598
cg02567476,0.9073571150782135,-0.00046341861207632067,0.010674484382553695,599
cg02570643,0.9427745535334847,1.6688545928179188e-06,4.611435454604518e-07,597
cg02574421,0.01950747943437854,0.0001618700328663356,0.012604486087109734,595
cg02580005,0.9023567266081154,-3.974713481741574e-05,0.00016172697864635932,601
cg02583465,0.9160898990253502,0.00017244453532945094,0.0020612339016234937,599
cg02583618,0.021183191156242853,8.228321636298701e-05,0.001115890299492217,470
cg02586212,0.5050407913222537,-0.0012608839487772254,0.004746344514367951,601
cg02595061,0.09156864048191929,0.0005994840601249505,0.027985214345802256,601
cg02595834,0.04342854050740512,0.00013311289105614335,0.008814875228688401,601
cg02597698,0.03600652594914857,0.00013014180737492949,0.009381205261111636,601
cg02606840,0.06925178115417112,0.0005124116998598318,0.017336015807047467,600
cg02609337,0.06367582039582009,0.0005638350790842297,0.013470293297224822,594
cg02610227,0.9513846902925183,2.175076137085912e-05,6.153185148338736e-05,594
cg02621481,0.9258748638640459,0.0002369954946961227,0.009942964017610745,597
cg02621779,0.9704505307971826,-7.656241567950994e-05,0.0009767895278389727,539
cg02627991,0.07668635188377444,0.0005741389337468614,0.023646978208017422,601
cg02633363,0.8440259227435762,-0.00015073426031911573,0.001731592787157954,601
cg02633729,0.9406714976081847,2.1699947500381048e-05,0.00017696708714287634,599
cg02633817,0.9487308299702325,-0.00023799847106694674,0.00771865165079344,597
cg02634421,0.05578462838396462,9.551760596748545e-05,0.0020210120142786225,601
cg02637352,0.9826320308539004,-0.0005953321322373018,0.03133720554798636,587
cg02639667,0.9899309562888388,-8.305132218862123e-05,0.006887851433129422,584
cg02643834,0.862426591558758,-0.00018100621771084365,0.0038025090356714752,601
cg02647835,0.985255121242811,-9.407135829154985e-05,0.007804636201899751,598
cg02650401,0.15715039466148933,0.0009650245944537094,0.031004388744122702,601
cg02657012,0.05751012465338376,0.00010925261120021013,0.0010966577093657337,594
cg02658330,0.8912783283777836,-6.870780757079767e-05,0.0008581401756672102,599
cg02658488,0.012960050474575723,0.0002882087860818806,0.013083464595065597,527
cg02661728,0.9632790646729797,-0.0002588848073259316,0.007242018741294376,584
cg02664205,0.9242257049730045,-0.0001519177905440957,0.005230044394533007,598
cg02665578,0.9340050553448939,9.306485780596762e-05,0.0018005509495617744,600
cg02668822,0.8490867797522312,-0.0003277577359598509,0.011928659927437413,601
cg02670123,0.9827011859324309,-3.440574227670149e-05,0.00020930873091951074,422
cg02673417,0.2394814710568522,0.00151821500228926,0.036094060888137935,601
cg02677198,0.9660907641245726,1.941136159104121e-05,7.414898515056834e-05,551
cg02679662,0.9776271103823123,-8.941069942918865e-05,0.001510858163930151,534
cg02681040,0.8975454370984279,-0.0005979224706515081,0.04368761902457996,601
cg02689640,0.9040506272101192,-0.000569086323580755,0.012772506588213828,600
cg02691393,0.9165519340180043,-0.00011933973678452548,0.0027044979962528304,601
cg02693607,0.9730451633699322,2.3939577373122896e-05,6.177610099844522e-05,279
cg02695074,0.027581382826226755,0.00040642214629663993,0.019007405150407775,592
cg02696067,0.8805764224182301,-0.0007807381347975409,0.008784422017594107,592
cg02697979,0.9247521967838205,-0.0005430609477801242,0.013564124180362347,600
cg02701024,0.8276779022069642,0.0004298422981820288,0.0025198810995001875,599
cg02701443,0.008373185579413652,5.800995669307858e-05,0.002441918590400771,519
cg02709032,0.10425445470261537,0.0003588951890644735,0.008690837420480935,601
cg02710090,0.9276044686337532,9.006820882575067e-05,0.0007039499543342043,593
cg02710534,0.925875727220299,0.0001621588491516455,0.0016222500336041668,597
cg02711020,0.9699066063917612,-0.0005481882403224723,0.023938742993253603,587
cg02712474,0.9231466945832619,-0.0001366464141121885,0.003426038197072212,597
cg02715021,0.9907233323532065,7.462275960764797e-05,0.013048302174142767,209
cg02716776,0.02543239037703363,7.191412832942501e-05,0.0011875004962818014,566
cg02722633,0.09515741673334958,0.00024402251655368927,0.0008567525743520266,547
cg02726291,0.33381921136832915,0.0008498383957096997,0.01086583541544528,601
cg02729303,0.8869254503863934,-7.34252031806263e-05,0.00030292523509056757,601
cg02734358,0.3605212429977806,-0.00023280016046833948,0.001242306174903507,601
cg02736228,0.8763610540313898,7.224824990231208e-05,0.0006040544169307882,601
cg02737418,0.9753107890190698,-0.0001829889767986668,0.0031482471827593006,514
cg02740435,0.9249789963592843,-0.00026935322586406487,0.006669792887722181,598
cg02742281,0.9709364007009145,-0.0003218840119372158,0.016089589207438637,597
cg02743878,0.2617631522560249,0.0011076551959165635,0.024712205624793704,601
cg02751693,0.9121676287768092,-0.00044877738978778086,0.0050306783412880085,601
cg02753404,0.8895495866749754,9.54821659158013e-05,0.0019818858491581492,598
cg02756056,0.0539408942889082,1.919075401654223e-06,8.367538815168274e-07,599
cg02759531,0.9718628991614564,-7.583636373421028e-05,0.0008961521665100669,537
cg02760280,0.9568638526383926,6.677549533849198e-05,0.0005619136193287799,520
cg02768721,0.054428050380832725,0.0007989633563404271,0.0230200496980566,600
cg02775254,0.9413610228736387,2.4588617543349474e-05,2.0618723364229652e-05,594
cg02776283,0.18429310254820025,0.0012216247094285866,0.02739250976610541,601
cg02779037,0.19309447502184296,-0.0013410630486818899,0.004387953581137083,557
cg02786269,0.9361069264678596,-6.694757716384221e-05,0.0005399211991913289,600
cg02787737,0.3080497242140214,9.929764186527619e-05,0.00020254663578300747,601
cg02788013,0.006944569883176811,0.00010389264079522727,0.0014254106854689752,321
cg02792168,0.9813198869002395,-0.00024233384449324152,0.025707273012803622,596
cg02793733,0.8759051253496686,7.227633905714675e-05,0.00018649025116446172,601
cg02794695,0.04546676173917202,0.00010914079688302567,0.005234362741138754,600
cg02795014,0.9391413707641686,-0.0005381351761339172,0.0370649895705929,598
cg02797195,0.8335297540458803,-0.0008307086638376261,0.015218682595438682,601
cg02798280,0.9845283308297857,2.0127601208221738e-07,5.1518397548022676e-08,595
cg02799880,0.8806376124259033,-0.0002209314495205954,0.002388484008826186,601
cg02800571,0.9091083812230694,-0.0003164915433110933,0.004253968323253199,601
cg02802289,0.9167462785668303,-0.00030783485194487396,0.006065617564369075,600
cg02803819,0.9709864846507208,-0.000157714849627789,0.0030178799884068574,596
cg02809940,0.9032637876635283,0.00022580379348729852,0.002818533780171495,600
cg02810826,0.8925361341256449,0.0005774458138605148,0.005171982329090885,455
cg02811434,0.9528263517772941,-0.00027228688481700135,0.00789396908540363,582
cg02815538,0.9627159308191697,-0.0003932632983407872,0.00836005008244034,577
cg02816348,0.9766163421066123,-0.00016174218732290725,0.003970495142390784,515
cg02821871,0.9159150286118737,-7.12098923581423e-05,0.00038867046885848744,601
cg02825630,0.9188185038597836,0.0001527535764559338,0.0009461114165135731,570
cg02827029,0.992077494486118,9.528241908894188e-05,0.032754023850096625,104
cg02827061,0.9198235877965592,-0.00023551021201330792,0.007729272947102128,601
cg02827572,0.9431018835983279,6.623376110160543e-05,0.00036088263348244,570
cg02830467,0.5820532723722508,0.0008065511457812084,0.00858856376932593,599
cg02831955,0.9264084606836281,0.00010557376751369114,0.0020233488613207173,601
cg02836478,0.8905676500074289,-0.0007232797163323045,0.016949389356393896,601
cg02836764,0.9474758739981042,0.00010796009600445519,0.002571707507486032,598
cg02838309,0.9191392663153938,-0.00011638518282662171,0.001384441951605364,599
cg02844611,0.05117328711141035,0.00014899962997529342,0.0030682892094725522,601
cg02846431,0.7086884605309095,0.0010002803812768945,0.016284965534259843,595
cg02852025,0.0331780542007003,-4.730560882241582e-05,0.0003266450936647569,522
cg02859421,0.9423431368346401,-2.2316610332779993e-05,0.00010640009377793636,600
cg02861056,0.14658669314485917,0.0010299596699255436,0.02441618609162477,601
cg02870676,0.931819699457856,1.8364903259288223e-05,6.524615848624293e-05,601
cg02874145,0.8830064449689468,-0.00017638918372751635,0.0039889472411036575,601
cg02886263,0.0544444131293762,0.00042391911371233315,0.009852493526215311,600
cg02889774,0.4026107801751405,0.0014746254105409441,0.02667473059107406,601
cg02893550,0.15732982230410616,0.0010864153427086163,0.019547555105179804,601
cg02897527,0.053767896103669145,6.474918269484828e-05,0.0005488164689113617,598
cg02905744,0.942882107532404,-3.497716813036812e-05,0.00016729928323666599,596
cg02906741,0.9488099059841613,-6.57510058238758e-05,0.0011515288328992623,600
cg02906939,0.903124461353928,3.18016932239416e-05,0.0001626700464535391,601
cg02909176,0.957621199001087,5.444197309680668e-05,0.00115008539252337,597
cg02910281,0.902976824883636,-0.0007921968896924241,0.013137993676479165,598
cg02914097,0.352296354676668,0.0006275346348373643,0.00795859433219559,601
cg02914427,0.08320501889834374,-9.954535738144262e-05,0.00033334751887981184,595
cg02923669,0.962204135196272,6.092529155203836e-05,0.00030485389006529306,466
cg02923856,0.8446709749535578,0.00021354893492388,0.002060494092092857,601
cg02925240,0.952949211503487,0.00014417073928991796,0.001707783829191234,527
cg02926868,0.9637663406042697,5.3261793416318916e-05,0.0006946320403737882,596
cg02927682,0.3922907078754207,0.0018573931181653407,0.026930645613376436,601
cg02927821,0.9581010086543016,-0.00014675164715286833,0.0046775590503811415,595
cg02928476,0.015401908061740948,0.00040346586497535056,0.019811763572941676,573
cg02931467,0.8920004563065469,-0.00024185450478328253,0.0038821618057326424,598
cg02935132,0.029251571277297692,8.954045354765585e-05,0.007260666851847564,601
cg02937491,0.9392603570391223,0.0001491969067775734,0.0014051222186131085,565
cg02943050,0.9213468197634012,-0.0003283218830135003,0.007816243382166133,601
cg02944007,0.983867022366297,0.0001493962217854025,0.012442216613500201,68
cg02947498,0.8685244032786077,-8.975966553464449e-05,0.001491376969006697,601
cg02947862,0.019790084858582725,0.0001816740876771736,0.005794585474843017,555
cg02950608,0.9624561348869898,0.00011100829683383017,0.000853621864533749,352
cg02956248,0.9474190951695982,-0.0007472802311611659,0.008729541315320444,598
cg02957632,0.966502422940956,3.8702487489743664e-05,4.212374051570933e-05,337
cg02965411,0.8576174627252741,-0.0002923705524215457,0.0050276611817297034,601
cg02966200,0.9410003703995826,-0.000262934015989831,0.006982751853631619,595
cg02968918,0.8592326153581998,-0.0007012331495655454,0.008846997030487747,601
cg02972768,0.9919071332640887,5.688236052587107e-05,0.006628520191399256,249
cg02974655,0.08438576201560868,0.00047464077539001654,0.036932540583190177,601
cg02976723,0.8975685093875404,-7.413737093031806e-06,3.92379923885855e-06,601
cg02977388,0.9463524157341086,-6.539112706787948e-05,0.00024054596866773803,572
cg02977954,0.9000853817528952,-0.00027221541971916597,0.006648183814385256,601
cg02980499,0.9020210692054829,-0.00012552681241823272,0.0022167384088926934,601
cg02981092,0.8687971100540094,-0.00042537548464907155,0.00864187977913422,601
cg02987199,0.915856104301566,0.00022682502905126307,0.004391423851531351,594
cg02990330,0.8306563602885197,-0.0003525548543754565,0.003461084491031774,600
cg02992647,0.92014635414286,-8.364191556691735e-05,0.0015924826450781637,601
cg02996471,0.0370057347585581,0.00012232079270397089,0.0021025187599184036,590
cg02997560,0.014049796847248172,8.386418072698489e-05,0.005149585683287161,585
cg03002264,0.9796272493855231,-0.00025544770033061236,0.00298419181957299,472
cg03003434,0.03645202692355822,-1.785404773685077e-05,7.135430248506047e-05,594
cg03006477,0.29175326122524503,0.0007184384792953534,0.012115837599811052,601
cg03009240,0.9753460144135605,-7.818790498691012e-05,0.0034014618933757568,600
cg03014326,0.12055753476109768,0.0008021631460602368,0.0068156694092429415,600
cg03018678,0.9816671737669053,-0.0003662542280848766,0.00581335864109489,321
cg03025089,0.9396105454103543,-0.0002577968782541553,0.0036599821955511924,581
cg03027227,0.05407213439299023,0.0013431475973475768,0.060978483810856354,599
cg03028216,0.6693020904997389,-0.0038779823557104996,0.02781355562424659,600
cg03031520,0.7716740839417787,0.0005081072696423151,0.005137318934312685,601
cg03032253,0.9470022295458965,3.9280860723452435e-05,0.00013373806944805278,591
cg03032552,0.07043424278068236,0.00021100202856545164,0.005428244046076891,600
cg03051116,0.8824219003894543,0.00013602520686344872,0.0008939062569702783,601
cg03051374,0.06563405746777962,0.0001292643659955253,0.0004646168084270208,600
cg03053980,0.8218030964970648,-0.0003786441989047715,0.010505184448620808,601
cg03055271,0.8961312615204778,0.00027889796433142505,0.007245555001948456,601
cg03062717,0.8542825005917355,-0.00013527689569833073,0.0009936122097768951,601
cg03065308,0.9232259289369055,-5.6774536927207626e-05,0.00025291401203719754,596
cg03065459,0.893511709627393,-6.15288041242054e-05,0.00035262278082592857,600
cg03065612,0.030401381508184343,0.0001655086240793687,0.015703468421544797,600
cg03069098,0.9648249589475134,-0.00013094383312251814,0.0051520587704646514,599
cg03077671,0.09710755648659593,0.0005701042784963254,0.0037204334093450253,580
cg03078488,0.8950277683433914,2.2185226502672018e-05,2.2634008263633376e-05,595
cg03080043,0.9565921230545821,-9.439628831594928e-05,0.002446434288673416,601
cg03080538,0.8817035481628475,0.0002458738627980556,0.0035643846767443588,601
cg03081691,0.04975368472132194,0.0013606586777105065,0.04763845057993121,598
cg03087897,0.08366780590956929,-0.00025127697465176114,0.011485955130803638,601
cg03089651,0.04934053991475634,0.00016336215411870574,0.013089018966328525,600
cg03092482,0.8615892941664108,-0.0003936780983183511,0.009593155360334227,601
cg03097389,0.9515021824702096,-1.945709952918966e-05,6.456139156463259e-05,601
cg03098782,0.9564677697688038,-0.0002711133284749295,0.018583488940390414,601
cg03099144,0.9566166109984636,1.519280847847246e-05,2.438510456215237e-05,560
cg03100801,0.9470923960811638,-0.00021857026949907214,0.005712383496450757,599
cg03101580,0.9814300712588571,-8.991674704691862e-06,5.353903131177784e-05,591
cg03106245,0.3611907955094322,0.001521637657716542,0.028140344391619276,599
cg03106852,0.9686612047777502,-0.0002859209378536089,0.00921318258379944,561
cg03109729,0.9395597033916716,-0.00019995790189242235,0.005950184024536953,586
cg03110165,0.9250713712197696,-0.00015484083213648288,0.0019376168966841467,597
cg03113038,0.9240835266197762,-0.00013992477899757254,0.0018661868673747195,598
cg03114845,0.901230536926619,-0.00021165175313305002,0.002352842007228406,600
cg03130276,0.847671868267835,-0.0005517916622462026,0.022362342442702965,601
cg03131767,0.8221540177224611,0.00015398859714910615,0.0018270621367396656,601
cg03134230,0.9177245647428657,-0.00028648819369169295,0.007295228964262268,600
cg03140412,-0.004927673933567044,0.00029197933816758816,0.010142670412221277,265
cg03143457,0.9576107607009687,2.6811581541614575e-05,6.946801889218257e-05,529
cg03145999,0.04180148962333971,0.0011465915504373315,0.03231596056657848,601
cg03146575,0.9458276250803641,-0.00029343446459542585,0.003496507055079867,593
cg03151529,0.9346604354630415,-0.0001821356123953425,0.00781819882033774,601
cg03158310,0.9650227071210101,-0.0005115477775020155,0.047054388681304515,601
cg03162721,0.9419944711872177,1.3681243687400503e-05,1.3753978085895291e-05,587
cg03167633,0.3265183761158227,0.0010571811884872986,0.017047451351066,601
cg03176550,0.03448231903049262,0.0002237007677300366,0.010833689295764892,601
cg03177551,0.04917562324180891,0.0003646963697577409,0.029354680412267187,601
cg03179291,0.9397514874029023,-1.5568399296071455e-05,5.141720827617213e-05,599
cg03180302,0.8681631895146095,-0.0005733859846246556,0.01351983792449274,601
cg03188064,0.030886325876423582,0.00022160335267437336,0.0068509556010502015,596
cg03190513,0.009268468584848994,0.0003770912073124326,0.01508717128872672,467
cg03190661,0.04928663008927308,-6.253991901980683e-07,2.2219169171222575e-07,600
cg03203287,0.9065762771542774,5.3079371620744036e-05,0.00044343994841011813,600
cg03204322,0.11074266016119894,0.0018471660149755305,0.04353015895609991,599
cg03207391,0.9368467366865543,-0.00018519118467132218,0.0022935461366254684,599
cg03217587,0.03951056989997109,0.0003118556319682454,0.01482062830573705,596
cg03218479,0.06465043465798977,0.0014556422773552404,0.06145509662743054,601
cg03219838,0.8596040274716242,-0.00047660316589684734,0.015611915881821203,600
cg03219922,0.9886868221851287,5.638521078211993e-05,0.002211737050076712,169
cg03223894,0.029550854623521854,0.0002412852725545396,0.019856490385055103,595
cg03224396,0.9420722713659578,-0.00022910986075222377,0.0053205018817009675,597
cg03228145,0.0876877300463419,0.001493177344101187,0.0565115052993197,601
cg03231447,0.9777275945328088,-0.00016270398030067998,0.009701410284229217,598
cg03232056,0.013957553757870063,0.00015704106097255794,0.005172255869735354,546
cg03233624,0.801136402539885,0.0007232624152489945,0.014178504554579585,600
cg03233876,0.8526363636458125,0.0002543658054460718,0.003736595546207977,596
cg03234072,0.9307969759316124,0.00010900759163250328,0.0024735611642344724,597
cg03234777,0.11449375253245957,0.0005717174281965342,0.013215134017502073,601
cg03237892,0.9500500325770839,-0.00014089731268945082,0.0010664179498898196,571
cg03242471,0.12530759499558933,0.00042326624641006336,0.009809667156400748,601
cg03249630,0.3535461521237767,0.0013475826311254153,0.012602617680992023,601
cg03252568,0.974019136999659,-1.6142371961796503e-05,4.883959291424045e-05,507
cg03254137,0.21341369002330413,0.0012923244885049154,0.027246783591692525,601
cg03260530,0.9846736007757538,-1.462118973234728e-05,0.00016689928273772026,586
cg03260621,0.04688826967473045,-0.00015344252177705952,0.0008423047562879926,476
cg03263730,0.08669462063825539,0.0004788302298501116,0.014076625624410477,600
cg03270204,0.9205526727838553,-0.0004161340852789711,0.020832451500946814,600
cg03272225,0.01250258417077918,0.00079040611811337,0.023091666678838996,594
cg03274671,0.05517168517171382,0.0009503744320598439,0.022431073762693043,591
cg03277898,0.9958787234829745,-0.00012315954948717393,0.011151109329874065,526
cg03278514,0.026972789856367738,0.0007754415152956664,0.023082836515050165,597
cg03285468,0.8948452496188938,-0.0006162518004489196,0.026659834950213512,600
cg03290977,0.05682198742493031,0.0005451140308563589,0.03503251008729091,601
cg03291610,0.9328478276489931,-0.0001318070188336332,0.002137316919723742,601
cg03292149,0.9393364912746126,7.072223538412859e-05,0.0009801496586773206,598
cg03294458,0.17065215398275874,0.0008563828535635404,0.002915365299871353,601
cg03295251,0.9365555937695902,0.00012130356764376251,0.002945718846783185,601
cg03297163,0.0644821545028414,-0.00019664291962677528,0.001846044689362225,592
cg03297901,0.047324336952117275,0.0001997659225698037,0.0033638475562632886,587
cg03307465,-0.0036833171171706015,0.0005500484911162829,0.027104646624109385,563
cg03307717,0.012624409140119544,0.0009154205147428076,0.07388913348440984,601
cg03307958,0.8998358537451712,0.00011786565866889969,0.0028884743342093566,601
cg03308399,0.9906376553767152,-7.008692316699286e-05,0.0024307349478770446,591
cg03312170,0.9485160302743145,0.00019451935071880983,0.003137029628798249,492
cg03317505,0.055641435080512266,6.166190746010099e-05,0.0008645336655845881,600
cg03317980,0.9650879669611834,-1.90795189379679e-05,2.7139721937130545e-05,515
cg03319315,0.23015906806239955,-0.0002492831157719437,0.0009069492803898127,601
cg03320754,0.03283145639277118,0.00020857718997862817,0.012140279363522466,601
cg03324578,0.019691867920160144,6.164161708754508e-07,8.82508485178235e-08,550
cg03326606,0.9110018478894845,7.421441341483591e-05,0.0008742277804676402,601
cg03330490,0.09853180789263463,0.001612291698040883,0.031289777435556165,601
cg03330820,0.9763772932859828,-0.0005918511662915614,0.01832793626907514,505
cg03331514,0.9648845213156989,6.719102703235776e-05,0.0017092162169513037,601
cg03332469,0.0727285073500846,0.0010286562298620107,0.06559686159299849,601
cg03337482,0.5476117228793091,-0.0002855589364293344,0.002277350322915428,601
cg03337918,0.9462222843226623,-0.0002747042920956621,0.004803679029891317,596
cg03338209,0.9841918650165994,-0.00031048855280495593,0.00412157558900117,58
cg03338924,0.8425626074788698,9.869765156077897e-05,0.0004608020966688775,601
cg03339321,0.798616462515799,9.64452664614517e-05,4.3948227174905874e-05,601
cg03339668,1.0022883707299521,-0.00010777207083312842,0.05350670975823557,125
cg03340964,0.9792789773504235,-6.886016618660234e-05,0.0004952917781781974,366
cg03342674,0.9011986273203897,-0.0002567206464627542,0.006694414463836895,601
cg03343063,0.024240963308689988,0.000627246095505547,0.03734927599533022,596
cg03343584,0.9642019916351575,0.00016792040591301943,0.003271951629541303,419
cg03345059,0.8474319655225234,-0.00011189012934943874,0.00032481769228087654,601
cg03345976,0.899366612437567,0.00012947745256374155,0.0023868777736424374,600
cg03346415,0.9868001736164713,-3.306473348942023e-05,0.0015750299066058515,586
cg03352153,0.9552190781915199,-0.00011737468015068832,0.0024082397774872755,592
cg03352287,0.06904656288409522,0.0005048632178998274,0.007027305498529479,599
cg03355781,0.8560506308513781,-1.5522012941980385e-05,2.964424883966643e-05,601
cg03363012,0.9060110122920493,-4.381686389122266e-05,0.00025699872267581636,599
cg03363863,0.9735358876665433,-0.0003645141012039107,0.019334248826701095,601
cg03364683,0.02013078793084546,0.00012606601923530804,0.005388133211697288,593
cg03370077,0.9509296090326413,-0.00012141710711404092,0.0022171725033610645,596
cg03370270,0.04477165865676947,9.179807807361332e-05,0.0019350545052656543,599
cg03373714,0.03374658657747838,0.0002915185993808354,0.009057265986246787,586
cg03380645,0.8757321512197318,-0.00028379641159191144,0.0077553173133404485,601
cg03387311,1.024184301491276,-0.0006301927297744678,0.04646007178639011,46
cg03387497,0.8961733892006002,3.6881941219864155e-05,0.00016889290333976792,600
cg03389538,0.3370525427055609,0.0006845798957353516,0.008241587779594495,601
cg03390636,0.037255469378833506,7.349933053068638e-05,0.001408404690256826,599
cg03392753,0.1866802479771516,0.00029168890387328684,0.0010936707994966266,601
cg03395558,0.10125210277930176,0.00047555227677712695,0.0072078289612466095,599
cg03396285,0.9694801379761919,2.9128859983260114e-05,0.00014142702610431268,538
cg03396324,0.9786117900781165,-9.56561916530232e-05,0.008694804115402133,600
cg03403996,0.7247702175124324,-0.0007184134040666641,0.00039789189858085994,600
cg03406626,0.9655448452561147,-1.7607895429305477e-05,6.27459050062118e-05,572
cg03408619,0.9722408858846681,-9.201543249852424e-05,0.003282933699599644,597
cg03419014,0.9114031934013136,-0.0004476567485550122,0.007201294135347314,601
cg03419475,0.866144972007101,0.00022980519687158452,0.006027482406415485,601
cg03421300,0.8865210721602543,7.237327542844812e-05,0.0006899729558238477,598
cg03424772,0.9816821393366808,-0.0001543828348037016,0.0023890144923549572,224
cg03429643,0.06694772412773432,0.0006282219544667082,0.02085159579571172,601
cg03434624,0.11499520004922331,0.00025381584414149814,0.0011675589761727112,600
cg03435248,0.9619908538450439,-5.049209953146424e-06,4.769658533576582e-06,577
cg03435439,0.9524484024677291,-0.0002869496093508855,0.009512307419369037,588
cg03436397,0.02830919823641459,-9.378067028701503e-05,0.0008688371063536593,559
cg03443360,0.4974317488494593,0.000518580271661747,0.004489973362486688,601
cg03451296,0.001468852122571366,4.0366875421456753e-05,0.008886631388205446,282
cg03453449,0.8251173120855891,-8.520611992772834e-05,0.00015269148349272843,600
cg03459656,0.04876849434136736,0.0004162287298521022,0.024637142002111867,600
cg03462322,0.20701963484924119,0.0012895436886144766,0.025950471815419873,601
cg03466198,0.01036915202313679,0.00038421483408609795,0.011635200806722201,563
cg03466717,0.30667239235227617,0.0014772299101562239,0.01221641827179798,601
cg03467087,0.10662790574935319,0.0009203410507217741,0.031204763387736367,601
cg03467706,0.8827903090095472,-0.00038899536918105915,0.0044378912319982255,601
cg03475293,0.929081857092281,-0.00020699505635245676,0.0011874491520544872,597
cg03485608,0.9244620127475975,-0.00014437860710597066,0.0003282150591326083,549
cg03487027,0.9952874096078009,-4.847255203488647e-05,0.0013438057095056521,329
cg03487269,1.0000625977356952,-0.000454777248477959,0.023939419394336414,432
cg03490881,0.03543467515849291,9.7966893499387e-05,0.0036031829501568247,595
cg03494648,0.008643622108721973,0.0003296563065611285,0.009913641421313901,385
cg03498081,0.033880525976143584,-2.135049921652149e-05,5.4281191496197145e-05,591
cg03500965,0.010219956676764157,0.0001154106649125753,0.004013300006738718,241
cg03505148,0.9226231455718292,-0.00040735646673847723,0.019229196361592926,601
cg03505654,0.024066015607055208,0.00019262727761462368,0.0025174933461322713,412
cg03507641,0.08533348273100905,0.0001889829026073162,0.005416090282330921,600
cg03517252,0.9284643056369467,0.00022800984364144383,0.007945388533768027,599
cg03517776,0.029301849872426552,0.0006926511353459245,0.038595309964781555,599
cg03517918,0.9400267621391217,3.932800771417619e-05,2.9693320080181884e-05,592
cg03518664,0.9616082803768343,0.00013476491986260617,0.001933624454438898,451
cg03518729,0.04866882364417894,5.2203213328225996e-05,0.001331126206392086,600
cg03519157,0.11733233443790256,0.0013318930724356992,0.03629828787532818,601
cg03519577,0.04036662278965359,0.00023327068308980748,0.004206779569170371,580
cg03519907,0.9388960499779198,-0.0005139341326299421,0.03400927457662328,601
cg03526468,0.917925173052381,-8.189971617130482e-05,0.0015900486064597263,601
cg03528246,0.9401482889913587,-8.219892739818357e-05,0.00015463135827031849,600
cg03528519,0.8635496073199305,0.0003958043445435466,0.015108756152648173,601
cg03529555,0.9806603869943826,-0.00011214452657586585,0.0016908662655120699,423
cg03532253,0.6653748803573699,0.0010818754014751293,0.019814171294558536,601
cg03535099,0.9157950668189705,-3.768264337048486e-05,0.000155318751531075,601
cg03539313,0.9815617577760396,-0.00022270960034558436,0.002864530523985165,358
cg03545972,0.8824402130917403,-0.00036973075689163164,0.008721560647499738,601
cg03548857,0.1270064779499849,0.0010196689714764375,0.022950922673301455,600
cg03554660,0.8271477975150183,6.0455196866290335e-05,0.0005881710380667426,600
cg03559008,0.9515417397843934,-0.00013814467860416357,0.002649960028109022,599
cg03562788,0.9645173701545746,-4.341247257889145e-05,0.0005385556422754512,592
cg03569637,0.05712641023620518,0.00028393277818932584,0.0198666393570045,600
cg03573445,0.8702891566305123,-7.37296905413509e-05,0.0006207966678887233,601
cg03573679,0.09968543469538288,-8.112821608128354e-05,0.0011221162916617011,601
cg03574364,0.9498063361757895,-8.373672289641681e-05,0.0012250038594634471,597
cg03574571,0.35518709032291707,0.0014192868616721948,0.02499529149428903,594
cg03582793,0.9925090451363251,-0.00027768953704634475,0.006925317808882281,235
cg03591104,0.9138722311031487,-3.5727429708224006e-05,0.0001677816078856642,600
cg03593259,0.061007466156847906,0.000146332956206626,0.00860141357091826,601
cg03594790,0.9061928187750813,-0.0003434487391618334,0.01654790504967596,601
cg03598412,0.9385929728813506,0.0006959243280513882,0.058540636994996675,345
cg03598731,0.9867742803173116,-9.489416120959991e-05,0.0017554233983189116,597
cg03600270,0.9832678674307691,-2.1961814642730923e-05,0.00043936189171922546,599
cg03600605,0.8679957163993118,5.0347356984874107e-05,0.0004111868534909524,600
cg03601886,0.9481004332344531,-0.0006494124686479816,0.023451200945094453,601
cg03603122,0.8816891503482439,0.00039314050749818437,0.019533632478955898,601
cg03605116,0.02113237240471933,-6.390850312233421e-05,0.0013587661414781183,446
cg03606269,0.14006418824168676,0.0013885553562271744,0.036179943557605676,597
cg03608224,0.8562347438798911,-0.0002553734236251848,0.0020926402289186408,601
cg03623599,0.9460253736170163,-0.00011669996740714219,0.000861740979530623,568
cg03623982,0.07388284248795811,-9.608052024623192e-05,0.0025065024068053887,601
cg03636930,0.14982207918334373,-0.000464007859174276,0.0017990942030245982,593
cg03638489,0.8871989209078621,0.0003311418984774206,0.00415259290076575,601
cg03641722,0.9481738856548652,-0.00010815517350797196,0.0002615338645498566,586
cg03641958,0.9391785394701853,0.000645388555369833,0.02120596983989309,435
cg03647861,0.9489936293468931,8.110392704317324e-05,0.0017440305477234297,595
cg03648734,0.9766754806011514,-6.952410146534124e-05,0.00046063448207323,405
cg03649649,-0.006520169009856351,0.0005570411654954291,0.015040830038130615,136
cg03649855,0.9080274171893791,-0.000104198068319449,0.0004235947725855782,597
cg03653601,0.02942256923948532,0.00047612375007770433,0.028535398118237576,596
cg03654273,0.04962653336105265,4.650009419699374e-05,0.0009563777843106802,601
cg03661110,0.12228050660435673,0.0011257332515374752,0.030358513674064946,599
cg03661567,0.9447733075596341,-0.00029936593095419855,0.020276131832659194,601
cg03665360,0.947681272588955,-0.0002409814587804303,0.006136578971176698,590
cg03667819,0.9715200274133374,3.7813437669254725e-05,0.00022305695955837646,440
cg03668763,0.9601694440240376,9.30852377292961e-05,0.0010229888919498498,527
cg03668982,0.9252398188889572,-0.0001338988817944507,0.0008153833637269958,596
cg03670441,0.059685593955639445,-2.244332119587567e-05,1.4113866176002077e-05,465
cg03673624,0.9929800906591284,-7.831661543061416e-05,0.008933111490878942,550
cg03683087,0.08074670526642044,0.0005099004096841809,0.007614839932466255,588
cg03684062,0.0712723527729389,0.0002948195684222386,0.025286945977690767,601
cg03685771,0.9460466312264598,0.0005539318339562331,0.008619182213859267,83
cg03685774,0.9332919474571125,0.0001950784107213121,0.006817595571060209,598
cg03685886,0.05744623265471881,0.0008064504864323545,0.04497273161136883,601
cg03687070,0.9589224492080901,-0.00018595009747575758,0.003557379480087053,598
cg03689403,0.9691113197219208,-0.0001726683280626302,0.004583084520648817,583
cg03691530,0.9280975720480914,-0.0002486849744909946,0.0043976890310709615,597
cg03692651,0.02757629854303345,0.0031405233497279923,0.059002228685039015,601
cg03694415,0.9091448955937061,1.01804233050232e-06,1.3372949425605185e-07,600
cg03695591,0.967597627562488,5.988014966422607e-05,0.00035278992313192425,325
cg03699843,0.13078548031650902,0.0003707427445746188,0.007975027561966774,601
cg03701930,0.258401760862496,-0.0009257345833855104,0.0029521317751485254,597
cg03703171,0.9662911938418832,-0.0001330872530767894,0.0032352968786502068,594
cg03704393,0.9870500947893593,-0.0018371144143071408,0.008895173698988512,583
cg03704899,0.968714638345451,0.000134110964451763,0.0016410507925455065,279
cg03706175,0.9522598323219962,-0.0003463278738908745,0.003475876885637108,569
cg03707169,0.913744483267756,5.4281178685422474e-05,0.0003991850283363574,601
cg03708188,0.9554811688113143,-0.00015296134765487498,0.002420217571195038,586
cg03718183,0.936968220759039,-0.00017686467693772456,0.002876885178670352,596
cg03718241,0.04660482900708589,0.0005570447165913945,0.010948068765476604,601
cg03719978,0.9077159984240182,-7.926971303588322e-05,0.0009366581731679036,599
cg03724368,0.11326856496191626,0.0006743703296625337,0.022606789361448554,600
cg03724721,0.9373117012544414,-5.361408144322355e-05,0.0005826088862336265,600
cg03724728,0.914106770146318,1.4140642984093742e-05,1.801788414490524e-05,600
cg03729152,0.7809994769878776,-0.0002608323093174799,0.001423362081644064,601
cg03729251,0.9878176659867549,-4.2007191937801644e-05,0.0010084675698227574,573
cg03730946,0.8332387033295194,3.1250089850672794e-05,9.691116726540105e-05,601
cg03731303,0.24295522656389068,0.0005156981342402569,0.010624632937727974,601
cg03743205,0.2445680794876186,0.0011104230146508193,0.009854246956573331,601
cg03743262,0.8885881154677194,-0.0003707753305359933,0.014905729270691781,601
cg03743861,0.9853014970108737,0.00018602885555841513,0.04462132231929883,211
cg03744197,0.013292996019497651,8.967439224208279e-05,0.0035847557907033867,489
cg03744842,0.0761043367456036,-0.00011812497407009028,0.003188677820805008,601
cg03745491,0.9175613671592284,0.0002822429106691732,0.0062142730587115835,601
cg03747028,0.029277268101861327,-0.00020231188473021183,0.0034010160025551572,432
cg03749900,0.9519794688865576,-7.097243238814772e-05,0.00023569235062903537,516
cg03750478,0.0796040170229254,-5.7984862654936036e-05,0.0010497560617963586,601
cg03758011,0.028788348406675768,-0.00015171902811368464,0.0009880821548589047,124
cg03760457,0.9836454467082795,-0.00010421216240075141,0.004557245795908771,585
cg03761216,0.888619263766885,-0.0005924272050445652,0.016980989349987152,601
cg03762237,0.9010251322534261,-0.000600861934332179,0.02836773842496565,601
cg03762572,0.09928797935313641,0.000638463585028755,0.031336524086062245,601
cg03763118,0.9390620363268442,-0.00018126073044946625,0.005503364044960879,600
cg03763508,0.9314211033345388,-2.4256785618817985e-06,1.4956736631432932e-06,601
cg03764051,0.8793735564181703,-0.0001955753757019772,0.006139845601823124,601
cg03769927,0.8687318356393559,-0.00030971750041291547,0.008032088351389244,599
cg03772020,0.04083423144265914,6.492723932315676e-05,0.0009321023364537995,599
cg03772063,0.9490727294755226,-0.0001299824365009685,0.0008818403864101487,547
cg03775802,0.02218033985646814,0.00023954645932702245,0.007110371258509884,571
cg03778909,0.3565559710407957,0.0013922655118639733,0.023842055270970164,601
cg03779937,0.5678704514915311,0.00127796844542462,0.024361750098798707,600
cg03779973,0.9745102691350643,0.0001016640494874998,0.0029811246023579985,464
cg03780132,0.01675361432453774,0.00019075926680820659,0.025632219287475944,599
cg03780561,0.07093812578663984,-0.00015982896314882674,0.000618288532634681,590
cg03783410,0.08384461917990128,0.00036566893936217185,0.009976767509234485,601
cg03784048,0.09025990034973788,0.0004597666353789894,0.01510234943610056,601
cg03785426,0.8616139271640469,-0.0003101326633894279,0.004270885617654208,601
cg03787088,0.9386444948068914,-8.937535192173365e-05,0.0006413118863199951,599
cg03793055,0.8679174722895713,0.0002707423845737425,0.0018619825045744776,601
cg03796659,0.9187939692680724,-6.870667902821723e-05,0.0006208844821008475,601
cg03799835,0.8750114343799966,-5.92280108090813e-05,0.000499053798940996,601
cg03803789,0.965668298903729,-0.0001415659247103671,0.0025894775390751246,584
cg03807888,0.9393827651840226,0.00018775421498204176,0.0035582795928918998,593
cg03828329,0.9198739043846018,-0.000481985463852417,0.014614405586038215,601
cg03832697,0.9327335734621887,1.2316821061902899e-05,3.2623108818685687e-05,601
cg03841065,0.003918113972788726,1.0706621464729306e-05,0.00029521056447445737,171
cg03845941,0.9291107864060513,2.2382569072127922e-05,0.00014797925446818905,601
cg03847435,0.9661806290856818,-4.4970105335231075e-05,0.0002987663393808626,562
cg03853794,0.03544308250647621,0.0004955171254170815,0.004968083927584077,502
cg03854722,0.9390268805327205,1.2506105928443648e-05,2.359903899984417e-05,597
cg03856606,0.9481270522644429,-1.1385453814304297e-05,8.755796438442154e-06,528
cg03859306,0.0414127404838229,7.074091987848838e-05,0.002519572358159583,601
cg03859614,0.9673179996871963,-0.0004341662853556363,0.006628691154407784,591
cg03861143,0.8787794910350468,-0.00047261620564288816,0.025830076885509645,601
cg03875496,0.10506033189970099,0.0008825372726778066,0.037112232292811353,601
cg03876150,0.9476216276824148,-6.142473591472914e-05,0.0006857001581138666,601
cg03877381,0.898323754632524,-0.00030874360591261695,0.004324295712025972,601
cg03879386,0.9812906792344207,-1.2418822533677702e-05,1.9684931799046623e-05,186
cg03879823,0.8582141258273361,-0.00010439377255560947,0.0003661233048745105,601
cg03880611,0.8978935850420491,3.74889962518704e-07,2.4015905153440542e-08,601
cg03882698,0.8454467575269912,7.905695899215362e-05,0.0005021573177051986,599
cg03884238,0.9611696174630294,0.00030851806449810177,0.014638708171763604,402
cg03889013,0.02655960200360795,0.0004525924657279919,0.021280824891220296,588
cg03891050,0.18947434078182426,-6.398173027431011e-05,0.0002575813269832805,600
cg03891644,0.9465757959657332,-0.00011201216363514158,0.0019637358144174444,590
cg03892838,0.20550604824274085,0.0016266554978820362,0.023182683444933905,601
cg03893663,0.9709648190878174,0.00011620113160701773,0.0019196004818653467,400
cg03896661,0.037410809211912956,6.760402268263412e-05,0.0016294829419919443,600
cg03899824,0.976020669569756,-7.75565979162826e-05,0.0005975256503889526,401
cg03900314,0.16857865874351752,0.0023537289301278448,0.06073364875123444,601
cg03901549,0.8760126940581277,0.0003042772659017547,0.0008355573426999108,579
cg03901576,0.9009050955620173,-5.9806999736310924e-05,0.0002610852954751941,598
cg03909356,0.9060827458015647,-0.00010636210727601414,0.0008162535943626592,601
cg03909863,0.9476252659446103,8.951237804944118e-06,1.256551361072944e-06,379
cg03915932,0.9695864393912982,-4.1870681452627167e-05,0.00034565459607616145,569
cg03918433,0.798083426680651,-0.0004922844622107717,0.012480282906490059,601
cg03920544,0.9692460994963059,-4.110477562962302e-05,0.0001830812278446059,554
cg03924164,0.22092902013462468,0.0013450000750273863,0.02715698635886643,600
cg03927133,0.06877779387719214,0.0010734552600218598,0.08573092519506453,600
cg03929816,0.8932809138595993,5.68632294504038e-05,0.00021485775211216307,601
cg03930153,0.13055254616000528,0.0005574189591526644,0.011657944143881882,601
cg03930313,0.9717137667852135,-1.2454928096662898e-05,3.4168949048063446e-05,583
cg03934493,0.923845474738129,-1.010727198950931e-05,1.050359919774202e-05,584
cg03935381,0.8508419674975117,0.0001720396868130793,0.0021238201609211638,599
cg03939566,0.9440233635333578,-0.00013466655322325716,0.0015594522409287936,600
cg03941531,0.8952043956607203,4.976647586143615e-05,0.000585732987817833,601
cg03951662,0.9285777656356775,0.0001853136695277325,0.003279756417636559,587
cg03953626,0.009132064518856418,8.499453589491565e-06,7.729908515796691e-05,407
cg03955537,0.9520384573831253,-0.0002597923383705404,0.005547281815459493,595
cg03955927,0.9060128052179699,-0.0001182131330838993,0.0026935395784822846,601
cg03960326,0.9504871085722256,-0.00010534349239805878,0.0010088964842266401,589
cg03964696,0.9167911651608132,-0.0006655801174133515,0.029095361970214118,601
cg03966055,0.9079495178321355,-0.0004375113855802269,0.02056409925023661,601
cg03969902,0.9918719654525356,-0.0002240136665519441,0.011691448614803979,564
cg03972071,0.4594794559490062,-0.00016262033288961302,5.311506679372968e-05,601
cg03978682,0.4359333402292513,0.0005653508093524897,0.005823076891994905,601
cg03979258,0.10545894784676317,0.0008116691701607333,0.02784435913725103,601
cg03985005,0.0015491336172085944,0.0001996576740465357,0.015014265382797931,213
cg03986665,0.03181569315853406,0.00023302199557565268,0.010985541904029117,598
cg03987246,1.0004201209799894,-0.00028328251720441676,0.015008146856792859,185
cg03989520,0.9609670776399984,4.241952458262982e-05,0.00036664316718959533,586
cg03989663,0.9759490631641404,1.0113121466343044e-05,1.1718367658231088e-05,308
cg03991152,0.9263205724265192,6.260157217377417e-06,8.801415498638221e-06,601
cg03995457,0.8986462084987117,5.0868528684652475e-05,0.00020592159660692833,601
cg03998066,0.9780003532460035,0.00015554620300345438,0.0030225290201671973,101
cg03998606,0.17408789811451572,0.0008556111861939559,0.025258082175327767,598
cg04001668,0.9358197844057087,-0.00020509483092463429,0.007207077591322109,601
cg04004754,0.009722363903791487,2.9264428136746904e-05,0.00024759940663376945,201
cg04004768,0.9876797408320445,-4.8961385217795536e-05,0.0018582811572299684,580
cg04004830,0.08180808487398142,0.0005519884185600717,0.011963535187339502,601
cg04010915,0.8251770506396029,0.0003111798056387078,0.00714237855213351,601
cg04012857,0.9071403660795821,-0.00044906050599022394,0.004597717738270557,601
cg04013650,0.9292517762247247,-0.0003745003974743563,0.013082808061587792,599
cg04016431,0.03113061819230174,0.00018510634734443955,0.0025660705027298336,572
cg04021733,0.8909285399329396,-0.00017560289812718077,0.0028521053030703403,601
cg04022561,0.0861427092487449,0.0018160459241635598,0.08235758983885422,600
cg04026948,0.9658649895870562,-0.00039172258768039816,0.005553292211998517,510
cg04040884,0.952279131205698,-9.17981721993506e-05,0.0009483688269819046,585
cg04049508,0.9309712594699291,-9.294570758245306e-05,0.0018825673534307308,601
cg04055345,0.9585933406288103,4.6327564103870425e-05,0.00025413988516365116,543
cg04055874,0.9501396148990948,8.698958144283092e-06,1.5336597264270502e-05,598
cg04058685,0.11982319623844656,0.000486856770251523,0.006294230631685327,597
cg04064032,0.9383608525383184,-4.823241579659463e-05,0.0003564908382651666,600
cg04068784,0.9704626695015318,3.9929350959507926e-05,0.0002498006663905761,421
cg04068980,0.064104542989649,0.0016150929268061308,0.0241973773041656,593
cg04071104,0.9814375275173284,-0.0003464283870977924,0.0015538838000546118,455
cg04073296,0.9480076143716284,-0.00019425102367934377,0.0016583138226677896,546
cg04074004,0.965152154908585,5.102406331712938e-06,7.610211446129611e-06,595
cg04074321,0.08920951068198674,0.0010614946057140536,0.02026709708872232,601
cg04086097,0.0897914688394956,0.0017310013243298763,0.05767066265694898,601
cg04088524,0.9761083813979768,8.291030676199038e-05,0.0011795796105753542,378
cg04091768,0.7884799424178182,0.00031458025824199415,0.0035438338367514977,601
cg04093349,0.9964106489057214,3.1621358729794356e-07,1.1151229684092101e-07,117
cg04098585,0.031001174289712233,-0.0001518363212404673,0.006968375949129801,550
cg04101755,0.10898807253130802,0.001081769064509344,0.036211941049655194,601
cg04102510,0.14076302566747298,0.0001234119681200975,0.0009276137349584213,601
cg04104579,0.9668287144279544,5.521319704275138e-05,0.0002737902042068141,435
cg04105014,0.9049179423896672,-0.00019441351730184293,0.001129665863185747,600
cg04105416,0.07652090544029534,0.00021682232716102115,0.0009085107137131176,601
cg04110750,0.9721800348421081,0.00010221032360435379,0.0019292095968895806,429
cg04110886,0.669884860374981,0.0016108777165417657,0.013598992534551324,598
cg04112742,0.8986020755751628,1.9913482787780362e-05,8.874486596732734e-05,601
cg04117530,0.09988677867743183,0.000707085142758885,0.022187661603018105,601
cg04117801,0.9657851344801066,-0.00016249772090659023,0.0032669739432713563,594
cg04120842,0.986547001604193,-3.915887394345696e-06,3.0542118476528657e-06,183
cg04122858,0.9586376404291557,2.3590221035614582e-05,6.969155303970798e-05,560
cg04125586,0.9709939774269623,-0.0002464524853066217,0.017580154376324986,601
cg04127998,0.9450869118618475,-0.0001742203601160137,0.005013140766620849,599
cg04130557,0.8905435659793833,-0.0003998872449214237,0.010394334563498142,590
cg04137530,0.9325880414745007,-3.76735493025451e-05,0.000269841789598102,599
cg04143347,0.9027453711703494,-0.000504934098829728,0.013387701128500962,600
cg04146553,0.8673278146323754,-0.0002779737146074183,0.003505501088703622,600
cg04147906,0.18239143364457644,0.00036094924602342494,0.004607911930371467,597
cg04148467,0.9482159755092777,-9.948898445366942e-05,0.0010678261081369378,597
cg04156650,0.9736343941269644,-3.9003994346991544e-05,0.0002689556245283331,534
cg04157161,0.9232793118545437,-1.6264478329824492e-05,9.04708499827045e-06,601
cg04159215,0.11899385828824674,0.0006393728025251732,0.012883157751258478,601
cg04159903,0.03234854641550103,0.0003319384235481071,0.007135337782521622,599
cg04160501,0.01553849726916104,8.033225473625812e-06,1.900808323573866e-05,372
cg04163967,0.1490028961768585,0.0006011567150074734,0.01254609535390272,601
cg04167096,0.07352529121302245,0.00043433314899501464,0.01014594773615185,601
cg04173586,0.6135645272829807,0.0009051790409960269,0.004373458876977265,600
cg04179740,0.08750260571352594,0.0014588028624899062,0.026832371633347396,600
cg04180623,0.9167150169645766,2.9773132824415964e-05,5.4409398088872685e-05,569
cg04185382,0.9624875183695597,-3.0468770829291588e-05,0.0006011727074927142,601
cg04193970,0.07167799761195541,0.0017059202861581756,0.06536869690861036,601
cg04196143,0.9608470799807186,-6.02026068135414e-05,0.000532961017928435,599
cg04198562,0.9179913393161472,2.701422306587091e-05,7.412172557119678e-05,597
cg04201367,0.9143115076706244,4.677389888868865e-05,0.00032456954455628573,600
cg04204188,0.9925873056486765,1.2490160803610798e-05,0.00019971893541292918,292
cg04206484,0.9930541287998558,3.672759564516757e-05,0.003178690524532235,206
cg04206699,0.16206661034789255,-0.0006990709884004649,0.005240603591379234,601
cg04209595,0.9240957059509805,4.617739453605289e-05,0.0004856817379661482,601
cg04212021,0.05048367103445206,0.0001055702460738565,0.004554750984049338,601
cg04213522,0.9737440931437026,-4.579553406094398e-05,0.0002545797279320805,441
cg04214459,0.2341998136653377,4.5209877220801004e-05,4.1975856653331256e-05,597
cg04214938,0.9670730543861459,0.00019246126055886035,0.0021722565487597434,283
cg04216240,0.8479533244555294,-0.00033147434621769113,0.011408811029452237,601
cg04217778,0.07285733640170225,0.0015545523338330869,0.038793728354034496,601
cg04219977,0.8693914882770988,9.332353478051879e-05,0.00021974714193362388,594
cg04224025,0.03641394782358895,0.0005357614491567842,0.03210903014300248,595
cg04231905,0.07314871654501819,0.0007720157847205303,0.03547700028930578,599
cg04234708,0.9275245318403925,-0.00013344026144034406,0.0027880340776569312,600
cg04236915,0.9233106938736267,-0.0003200393571920592,0.007485456700420112,598
cg04236924,0.8899367372531196,-9.946038150515864e-05,0.0007284673187822888,601
cg04238983,0.3181059350150915,0.0016935921551304994,0.02790914347231299,601
cg04245402,0.9231331439754749,-0.0003264869774963553,0.002357516133845494,601
cg04254487,0.034952481018208,0.0010915388745313143,0.08354785003908105,601
cg04256466,0.1973232078411188,0.0009715532518853864,0.011915293991613285,601
cg04258189,0.9292618422855141,7.142393427676383e-05,0.001123539865902634,600
cg04259504,0.9569726655814738,6.517255372448807e-05,0.0002342910340134008,522
cg04261529,0.9870519743995267,-0.000529859118155196,0.02381022686354184,516
cg04272355,0.8996974953740634,-0.00012477421103123542,0.000751586232895729,601
cg04273604,0.11925102303851648,0.0012057805429758887,0.03978091935897332,600
cg04273763,0.9378230070201806,-0.00010729604815246777,0.002266452418366094,599
cg04274356,0.8846729392305638,-0.0004522302728507285,0.014181880802008884,601
cg04275506,0.8052429363423356,-0.0008370668064914049,0.018509921516130068,601
cg04275695,0.07469349350958408,8.844833549085171e-05,0.0005537296958159077,598
cg04276084,0.07868964878763868,0.0005343372874783185,0.01606895427840027,601
cg04280772,0.7830808025614676,-0.0006546354877003338,0.007978672605660098,601
cg04286737,0.9043506563473545,0.0002907608826474169,0.006216241284982438,601
cg04290171,0.8640358646938138,-0.0004831232049113686,0.0058068846300288746,601
cg04291024,0.9582633703050052,2.749002552543898e-05,0.00012707251937160713,592
cg04293328,0.91850158857721,0.00012290375600207295,0.003908342535360987,601
cg04300159,0.9351046099477924,-0.0001912955595185435,0.003626022231583592,595
cg04301742,0.992874386550902,-0.0003514779982663745,0.019823667877812423,489
cg04303335,0.9144575976726556,9.324374230559296e-05,0.0015381599306024674,601
cg04304687,0.9430580693109626,0.00014030073833005077,0.0009417462988368097,543
cg04309214,0.8966508714936137,-0.0001774803589140021,0.001037954613462455,601
cg04314361,0.9698007628680816,-0.00024004276363133413,0.009534287075435022,583
cg04314711,0.061397568774306154,-9.296216739639298e-05,0.00013559154488862468,591
cg04314978,0.1159747090779496,0.00024454942964483663,0.009478039179367181,601
cg04317344,0.9594364085391097,-5.521038381853232e-05,0.0006149669473730635,583
cg04317926,0.9216833709276216,0.00021607858990323902,0.007228018235825195,599
cg04318327,0.890773907488853,-0.0001964948319752129,0.0030341963143792894,600
cg04322572,0.9494146199685202,-0.0006589171401008425,0.017170896623382115,601
cg04329382,0.9348584841300313,0.00014400319563729046,0.004474283028662707,598
cg04330597,0.9319125843822889,-0.0005824081589442073,0.027520712210025944,600
cg04330884,0.138654303910484,6.378967596115284e-05,0.0005359938081826998,601
cg04332442,0.10193906688478212,-0.0001279137361506545,0.0012398471779904163,599
cg04334499,0.9734404166400378,-0.00015245238274828695,0.007273255107069998,594
cg04337594,0.9487903143715609,-0.00012826525704729932,0.0020605124625934224,597
cg04337828,0.21087020469187134,0.0011564001103791378,0.026868057806496926,601
cg04343928,0.05658387371576197,0.001558968416254837,0.0648296599177065,601
cg04347477,0.2868181351523082,0.001956652072030542,0.04070843755318776,601
cg04348273,0.9147023542139769,4.58069479490108e-05,0.0005791448123910747,595
cg04349839,0.4649660909249821,0.001023623438560271,0.013298905545371498,601
cg04351205,0.02085170814836225,8.472085866691755e-05,0.003597907897878394,595
cg04362711,0.8984794140936472,-3.0267569768845023e-05,0.00012655953576445889,601
cg04363282,0.8139092274365032,-0.0008990205105473415,0.02882909092184982,601
cg04365699,0.8967562084573663,-3.00424829751071e-05,7.021471295776127e-05,599
cg04366815,0.9168596233139722,-2.8165440191164263e-05,0.00018094195498252752,601
cg04367216,0.8780865857938618,-0.0001574166109705605,0.0018044305115335613,601
cg04370442,0.9848612433992376,-0.00030655346009714917,0.006002725414666177,565
cg04373034,0.9546262279288176,-0.0001468224680004452,0.003013556585771404,595
cg04379124,0.9537584383566983,-3.4459276677145667e-06,2.287155218216874e-06,595
cg04384689,0.9310944360955433,0.0001355124740008449,0.0030079325461389583,600
cg04384987,0.9542594410421172,-0.00013967659304844023,0.0017138530244636963,579
cg04396791,0.014437615386353644,0.0006855120311193868,0.010964397542166271,590
cg04398285,0.015595307271901143,0.0006240465868221285,0.032828454301124466,591
cg04411201,0.3266440658951641,0.0007373353778932655,0.005163540302733138,601
cg04420889,0.6194604980419037,0.0015029781286632527,0.014539495297826166,601
cg04420917,0.8075061645371191,6.27676058608896e-06,2.9492019740784414e-06,601
cg04421891,0.9289999934601154,5.875094786815697e-05,0.00015909573936201404,565
cg04425617,0.09446934609854264,4.617922030005419e-05,0.00015486805606779175,600
cg04428071,0.972549485492772,0.00017658687534876725,0.00608469381519694,109
cg04428290,0.9824328139073081,-0.00011975361049564539,0.010160262479347648,595
cg04434909,0.9365911537101964,-4.438733203634857e-05,0.00044091147074765136,567
cg04435975,0.9407441382263444,-0.0004372840931625604,0.020905844469159662,599
cg04436847,0.8682033848851207,0.0011651189754821707,0.00588579170128356,401
cg04436994,0.9531223037602321,-3.9392529553679565e-05,0.000618226484655926,601
cg04441857,0.0683667891590909,-1.9096342085036315e-05,6.496863419291898e-05,601
cg04449108,0.9716955231449029,-0.0001766807243543349,0.009703035708213181,600
cg04454285,0.23464360878959023,0.0014882310635983417,0.0291436681884103,601
cg04454664,0.9254754930119485,-0.00013820979124756403,0.0017403680027956447,601
cg04461859,0.96351565921959,0.0002829168145737109,0.009461817117071059,316
cg04462567,0.9696424124000809,0.00014312291632801843,0.0007349498028035306,555
cg04462662,0.8721064481319284,-0.0004453452548991804,0.013070518444301293,601
cg04466840,0.014774327686823517,1.8960426258644902e-05,0.00011860124687534945,398
cg04466898,0.05275595305597994,0.00021803082580955496,0.01664344467956902,601
cg04484550,0.9985327926234193,-2.6740024296429768e-05,0.004280622323505123,184
cg04486886,0.07856454405568356,0.000675787813837445,0.03372669466230349,600
cg04490478,0.9277820729771876,1.062944341090029e-05,1.7738083449181374e-05,598
cg04494750,0.9686701573276136,-2.9765901095427357e-05,0.00018244130913513956,597
cg04497684,0.9297176450991239,-0.0006666451175250819,0.014969402235257667,600
cg04497889,0.9302996050225911,-6.697101303442036e-05,0.0006231058393084687,601
cg04499514,0.04403965279531171,0.00029530092917944375,0.01617302370318907,595
cg04503340,0.9636928536869028,-0.0002688785222731068,0.009554997553018363,593
cg04504627,0.9250489287387176,-9.814980198077737e-05,0.001678623039106486,601
cg04507915,0.9828696507235799,-0.00015530846800464773,0.012591935289529288,594
cg04508984,1.0003978817797872,-0.0006394438219691624,0.01505161810285105,449
cg04509221,0.8791178113827435,-0.0008594367619506595,0.04446852586525807,601
cg04513411,0.9156676833728791,-0.000450680882341569,0.007451771399813456,597
cg04514047,0.18884559943401896,0.001027309930643434,0.023488605372601334,598
cg04514998,0.2209650752937512,5.537232924320355e-05,6.462341942659044e-05,601
cg04517263,0.11100068132066679,0.0005681771993823708,0.01260625331778209,601
cg04522310,0.012620163845149142,4.7724711162930756e-05,0.0008279211299345723,425
cg04523868,0.17877988460078914,0.0013384550017030764,0.03549928068171182,596
cg04528931,0.16659494537044192,0.0018192525189516572,0.05087833981074952,601
cg04529078,0.9564180305424079,-0.0002560593826977603,0.005160334494743513,581
cg04531363,0.9581308875240199,-0.00010750755117065995,0.0007062671708734092,519
cg04531756,0.09139797136261053,0.0005429202670251571,0.0047256774805904955,594
cg04533276,0.9296984055700942,-0.00037058047812755867,0.007716826629685314,598
cg04537185,0.9260449153630231,-2.825666652265845e-05,4.893599948907479e-05,594
cg04546097,0.7834960081005279,0.0002544835403508411,0.0032669545336588834,599
cg04546205,0.9908727694059368,-0.00013894335545951757,0.005496490683800537,574
cg04548715,0.9004048918778091,6.69966331952746e-06,4.883031294977691e-06,601
cg04548956,0.917938508965952,1.8701483631893447e-05,3.063260395275158e-05,600
cg04552418,0.3821652146665276,0.0012638604075170137,0.012977644054259607,601
cg04552555,0.06644066198470662,0.0014315053606044018,0.06422963033530249,601
cg04554131,0.27354253236902937,4.2176565771592945e-06,4.390087706696022e-07,601
cg04557025,0.8339504335805017,0.00040494303079518303,0.007067849311708452,601
cg04560029,0.9528952604468235,-0.00011076415431716095,0.0015921921646733228,594
cg04560810,0.013097332888613249,1.2336877348146839e-05,0.00010731902808269744,542
cg04566037,0.9520170479639903,-0.00022159052914495173,0.003405188907073309,578
cg04567323,0.2171862594345726,0.0012194691338155317,0.03522246918655081,601
cg04572706,0.9028625995970001,-0.00035797715366807224,0.00913912274688844,600
cg04576182,0.6983892954297971,-0.0002053581218911302,0.004168825950063515,601
cg04579966,0.013789591561730909,-2.6930077297983953e-05,0.00022356544413615342,236
cg04586041,0.9159052467896569,-3.507303719451805e-05,0.00022554819953879424,598
cg04586579,0.10707241808220944,0.0006424748759576101,0.007809728282585082,600
cg04587220,0.8878202740545276,-9.644851664181816e-05,0.0007276387677742635,601
cg04587886,0.7882426964687957,-0.0002979091191390738,0.0031559772691359678,601
cg04592811,0.3304079717330003,0.0011455277745247706,0.013891998184468513,601
cg04593859,0.907361290568663,0.00012051077389546927,0.0037114931829579367,601
cg04597393,0.06764906917083979,0.0021002960666503773,0.04040820018428981,596
cg04600795,0.9230635805752798,-0.00012767652207216283,0.0009800436905982313,581
cg04604692,0.9569603469286124,0.00014674389794014015,0.003102473851041787,561
cg04606170,0.04542391900739737,0.00015213010071882837,0.010574652910869786,600
cg04608582,0.9427817250156559,4.161300596288188e-05,0.00023744572348249893,599
cg04609499,0.8122039339923106,0.00013436281129806775,0.001197937289259987,601
cg04615639,0.9538835645556711,-0.0003202958833365083,0.00810992896141749,591
cg04615865,0.04835752873031467,0.0007643568624894705,0.022199028981923608,601
cg04617606,0.927473700500334,-0.0005850708041638333,0.01674709563322596,593
cg04623371,0.04656893832282905,0.00010854155164276519,0.004114068481159694,601
cg04625338,0.8382953690067734,-0.0006112547492082884,0.0094208363514251,600
cg04627183,0.9025935695319632,-7.143687281650903e-05,0.0012268956135492726,600
cg04628369,0.12534756852821582,0.0014577834629261213,0.04531674334898539,601
cg04628438,0.8854691638763916,-0.0004770485405657198,0.010207223598029724,601
cg04632069,0.05494169098262328,0.000612212507802431,0.017974665313952976,599
cg04639421,0.9706920898407919,-8.498536000910955e-05,0.001344769377621402,546
cg04640834,0.9369534633464472,2.791939295824277e-06,2.0524876608307707e-06,601
cg04643690,0.9525346294352153,-0.0002685550420378058,0.00494559755146029,598
cg04654299,0.831597014029661,0.00016003228485479313,0.0005207882112926443,595
cg04655481,0.2595644523543984,0.001328824366808573,0.03629762603394315,601
cg04655520,0.058339395049691774,0.0009237160883373635,0.06730296561650828,601
cg04655804,0.05353005476539992,-3.821928484096251e-05,0.00037989921455205966,597
cg04656451,0.12876111218198114,0.0011506463244664136,0.02766018451551089,601
cg04671971,0.046801926500066565,0.0006887959439878911,0.011774378560459486,597
cg04677833,0.9675168685921737,6.775186053231444e-05,0.0005449114660005527,487
cg04678315,0.15471534611104576,0.0013222082900966462,0.02627366875756354,600
cg04678644,0.979698370922588,-0.00016771239508961072,0.0011581569187126828,496
cg04678916,0.0692787995065869,0.00084783612360754,0.02324024782568712,597
cg04682193,0.28501700228226,0.0008230083116267491,0.009638787480831246,601
cg04683210,0.9942814167672634,3.777176632602564e-05,0.004860803625666321,190
cg04685228,0.08219391672828379,1.3212685893194246e-05,2.2635545760207876e-05,601
cg04690998,0.07242526982659553,0.0013979769744303318,0.03974227156971499,600
cg04700648,0.9552932180952136,0.00013446065505046345,0.0017527669413617275,523
cg04706627,0.06377909765118575,0.00021718670029541103,0.008562637797777328,601
cg04707822,0.027859608692273222,0.0001813139620218994,0.0017209690814021794,597
cg04713634,0.8633460826753642,-2.7045847123904176e-05,8.71952531249498e-05,601
cg04724556,0.9515148554625044,-3.0912140446125237e-06,1.9809737893394797e-06,598
cg04726013,0.22048489847225033,0.0022437042465166513,0.08008989199063943,601
cg04726091,0.07197235755254336,-5.4176123106499554e-05,0.00024001334474244018,601
cg04738673,0.952172015558021,0.00018798451419974334,0.0010453159826422365,430
cg04741284,0.04612645535612536,0.00020934534492510182,0.003929084080535938,597
cg04747007,0.9740124059577712,-0.00017866179575473575,0.016669196824854127,601
cg04747036,0.9753150255648335,-0.00014009551139130755,0.005877853667292987,601
cg04749840,0.9465736528143498,-4.3840162379537686e-05,0.00021116854693403742,592
cg04753163,0.05214662507815359,0.0005047451009836024,0.03609899232442393,601
cg04754652,0.1602390416316625,-2.3117368847560895e-05,2.062045961870318e-05,599
cg04757806,0.5101339037006917,0.00036104939267443583,0.006205959784045367,598
cg04767756,0.9825529298411547,-2.114078859508739e-05,0.00014418844488139904,554
cg04770088,0.0541086063374578,0.00028517526592169117,0.014577351793402693,601
cg04770127,0.9322767016553075,0.00017252158786521383,0.0010694617070844403,504
cg04771838,0.10225659348527297,0.0006781200994585199,0.0138210149380108,601
cg04774043,0.2161427889459428,0.0016025270629303906,0.03094218242281288,600
cg04777091,0.1854186234590932,0.0011872508227734203,0.014490513827186358,600
cg04777551,0.6005554210564614,0.004939854763719612,0.03279349484683891,432
cg04778178,0.9654339847592787,-4.702374906518592e-05,0.0007240070193582637,595
cg04779752,0.9511381862821879,-5.275068260047908e-05,0.0006301827371980595,601
cg04780984,0.9410264424229182,0.00011695637553795808,0.0018756548710714416,594
cg04781580,0.1554893332865636,0.0009501809585313043,0.01724106060625552,601
cg04783764,0.9339451278058758,-4.7641994926174006e-05,0.00047554735618071664,601
cg04784315,0.4113469684315154,0.0009909689023578053,0.011360516072741023,601
cg04785083,0.07742660301957315,-2.0925357623401677e-05,1.4820751807698151e-05,597
cg04785931,0.8927549895477042,-0.00018954815166716382,0.0012459837601210833,600
cg04790450,0.9506064737387763,-0.00018212314796530713,0.003428216461458855,592
cg04790829,0.022933964005538775,0.0001433388970448981,0.005622209243181242,582
cg04795700,0.11019705247785788,0.0008581258596388582,0.028731346709512495,601
cg04798016,0.9966105559736577,-4.3488046182110586e-05,0.005981217778688985,507
cg04800503,0.988989591729588,-0.0004209419465496134,0.022523490191902695,574
cg04801779,0.9610150453366205,0.0002782870307181677,0.006842666785853657,146
cg04807856,0.960171905990295,-0.0001536647833841514,0.007235534216914918,598
cg04809093,0.9800887780360225,4.4325796749796144e-05,0.0005126359363054611,336
cg04821009,0.8914848390511089,0.00024136803260579501,0.005237180268413022,600
cg04821042,0.9548365536659663,0.00031012025644818104,0.01332658418334498,465
cg04822621,0.04306999275314148,4.465232043091267e-05,0.0006188139639090595,596
cg04828062,0.10236309531250236,0.00028806435651583165,0.0056749266532041265,601
cg04831795,0.9328795212081109,-0.0005492749626465373,0.019531817715406907,597
cg04833731,0.9943779297058247,2.7072819116988784e-05,0.003469668321372632,297
cg04833853,0.9338291136847641,0.0002532310677593407,0.006657459164396529,599
cg04835995,0.027991507159536744,0.00020910491661907559,0.01994963032501218,599
cg04839706,0.9004463175864736,3.0734888040092987e-05,0.00010176634095093728,601
cg04844534,0.8331534082564508,-0.00025108729253550465,0.004958900618323048,601
cg04844995,0.8843657548217718,-1.3037810722274437e-05,3.125928976788206e-05,601
cg04848682,0.8910805471784896,3.09718561057228e-05,9.825780151329067e-05,601
cg04850059,0.9743902500961976,-7.332005675336168e-05,0.0012772065773097863,591
cg04853995,0.8904231376215178,-0.00035114300169034827,0.008157441066340754,601
cg04858553,0.01812951815236516,0.0008226788615968577,0.08820957323608436,601
cg04859102,0.04134368652814113,6.350541774262285e-05,0.0018871421149104783,601
cg04865531,0.8797612059391376,6.929902612513321e-05,0.000653126474591148,601
cg04872593,0.04300017611751886,0.0010112023658516384,0.038329765323904086,601
cg04872689,0.11067760778460191,0.000881801137426477,0.033215231598347716,601
cg04873833,0.9434111374848808,-4.3638225017398165e-05,3.631292926742358e-05,567
cg04874580,0.9495855212601694,-9.830762237975471e-05,0.0008532914280851012,591
cg04874795,0.1539798186777727,0.0006701091772321396,0.01737797117507245,601
cg04880751,0.048407376186783806,-1.6891116095031115e-05,1.544599767611121e-05,537
cg04883472,0.2924497996744562,0.00046138718895708967,0.005198616042718762,601
cg04884420,0.059036436486634605,0.00010548073456219295,0.005941251568752026,601
cg04885581,0.8921164261135416,-0.0001913125381854957,0.00016509391133223694,557
cg04886934,0.9984852812372029,-7.453191010790636e-05,0.017137317360422788,371
cg04887172,0.225654289463246,0.0012753318919607396,0.019990933056558968,600
cg04889043,0.8032181521787743,0.00028225542924319337,0.004141845846411196,601
cg04892182,0.959826705915711,0.0005762389940417279,0.06299694282318857,85
cg04897504,0.9601479432639475,-8.240930977258291e-05,0.0001934804750451935,560
cg04898358,0.944587101194304,-8.270019953787306e-05,0.0019553818813448087,600
cg04900186,0.05988756238919023,-7.828508306608634e-05,0.0004287995193655858,569
cg04904609,0.9782232758750999,4.6913846289331524e-05,0.0005776091002659411,501
cg04907257,0.08436959684235075,0.000633316915213785,0.024091145329787067,601
cg04910662,0.8615245523694909,-0.00017869280244041033,0.0034757148848642005,599
cg04910877,0.25993420454849314,0.0006905116709792761,0.011968991474118895,601
cg04911139,0.04735674019252985,0.0001325756105216618,0.007973958701960937,601
cg04915044,0.12892230870242943,-0.00015203046502418368,0.0007951794038331128,601
cg04915566,0.009951601848874088,7.085244808149559e-05,0.001837881973397626,454
cg04917160,0.06516310952691201,0.00023547621701647774,0.018671650543883977,601
cg04917446,0.8358561638212083,0.0002764875844406407,0.0005370968136454435,600
cg04919234,0.9644643823012362,-0.0001521161700369893,0.00340140208166706,590
cg04924511,0.21557278507330463,0.0018095691995034856,0.03817821338758909,600
cg04927360,0.9051915714340759,-2.657261966570596e-05,4.343157149633292e-05,601
cg04929759,0.04227376891213111,0.0011838787214079622,0.057289748001741025,597
cg04938335,0.9703240288437668,0.0001866429081146054,0.002405002311277049,42
cg04949981,0.9537587072794614,-0.00013524513494051152,0.0038454262286589103,597
cg04950914,0.9717541759749427,-0.00013683319698168465,0.004579506985169068,591
cg04956801,0.8670628990240197,-0.00014287958151153936,0.0013042160792087198,601
cg04957146,0.9369381302474116,-8.849705572645293e-05,0.001795891104016345,599
cg04957377,0.9315145693651187,-0.0003681631732959237,0.016137155714809115,601
cg04958236,0.5320479265361733,0.000866921950937588,0.01955376031838174,599
cg04960065,0.04306517943477109,4.726570962612966e-05,0.0010414191982965892,600
cg04962027,0.9508786668603019,-2.9258323555301844e-05,0.00010830761172198056,588
cg04963089,0.979032836362644,-0.00030542281606910413,0.0055282369046141255,365
cg04965200,0.8432973101041558,-0.0006825674183215127,0.011462665198917588,601
cg04978343,0.07621641278089838,0.0007259607432687499,0.01304489389734309,587
cg04982401,0.011672828953007888,0.0005345791295344473,0.037604544735765355,596
cg04987122,0.9760786209463436,-9.9828233839216e-05,0.004379765748097619,597
cg04989070,0.9179951701185092,-0.00012924563262091532,0.0019471290607410152,600
cg04989278,0.11295850054590843,0.001192410601789861,0.042320365913955715,601
cg04994456,0.9295816586460617,-0.00020515743203438545,0.0023545131584418177,599
cg04999352,0.2860618855010189,-0.0014425258700942354,0.06861600497828146,601
cg05002602,0.889211465752106,-0.00019920687794505057,0.004301657248340973,601
cg05003723,0.9826004718354557,0.00010763775638004304,0.006501132151020772,322
cg05012239,0.9206985525780637,-0.0008278091794494669,0.030480250457518454,601
cg05019826,0.08522800637597251,-0.0004772596660444721,0.006102281723218916,598
cg05023415,0.97160896940736,-0.00034918152179220423,0.017541224532625743,590
cg05029312,0.8736480769407443,-0.000309262067275126,0.0045031996864987045,601
cg05034446,0.8896416132683806,-0.00014170034410629454,0.000941955997339039,601
cg05036937,0.891918823790192,1.950326980112951e-05,2.9458191005637957e-05,600
cg05036991,0.7830490728420062,-0.0010056090046949384,0.015977203257727557,595
cg05048624,0.0495915120645892,0.00029902465022042004,0.0217776011868418,600
cg05051393,0.9395599389329626,-4.437391624836135e-05,0.00031529904978799816,595
cg05055703,0.972642012714109,-9.265754086070163e-06,7.361471611178061e-06,420
cg05060949,0.002983642251948238,0.00014340646501806984,0.013921832550719437,507
cg05060976,0.9645875819667354,9.126372777474476e-06,6.9396287101231025e-06,494
cg05064852,0.9164081701837008,-4.508522682281676e-05,0.00019737642528183663,601
cg05069337,0.9543912988437778,0.00034400364302146,0.006995959876155755,254
cg05081263,0.9718667946248831,-4.370962309371202e-05,0.000230271898650658,466
cg05084827,0.074170530716869,0.0008395779455218598,0.011639295734648725,598
cg05090785,0.9298804207166826,-0.00011488776833255256,0.0006004287605571035,582
cg05098343,0.8171456912219714,-0.0007308879897651511,0.012474256588989374,601
cg05098566,0.11821771978897688,-0.0001178725572196247,0.0007924733743279733,598
cg05098589,0.9580360402721374,-1.622208638272029e-05,3.056552877267471e-05,588
cg05099464,0.09570384845953386,0.00019999315748068158,0.0014506135726201075,599
cg05102670,0.9294530975811035,0.00020819997335724108,0.0029635109526933157,597
cg05109049,0.04209249280088001,-3.7198215750937344e-05,5.590341618388894e-05,525
cg05109569,0.9242821549457504,-5.6541142764592574e-05,0.00048369955870541936,600
cg05110391,0.048518924678154614,0.0007139754222193968,0.05798077562091464,600
cg05115424,0.13409531512026968,0.000813640762452665,0.019781474917917707,600
cg05116002,0.97477258187108,-0.0002416946659704027,0.003202890492978394,553
cg05130816,0.018829668558785782,0.0009230344961058714,0.017499696544914123,580
cg05134727,0.9193856307767354,8.515416621346045e-05,0.0010689880681383768,600
cg05138702,0.9300607809726106,9.664218819524308e-05,0.0017158440715303591,598
cg05142677,0.931927583722021,-0.0005042050402396159,0.008623042709697382,598
cg05148373,0.002850011110662053,7.939392032311287e-05,0.005883785265002772,199
cg05149537,0.959000707635447,4.052644670884915e-05,0.00017999991472117394,568
cg05150641,0.9808284826455477,-0.00014737400343494477,0.0024656314631162912,327
cg05152432,0.9566166750720949,0.00012342617917399698,0.0045943239852949125,599
cg05157340,0.06479517511508202,0.0003161787716923265,0.03273808756184149,601
cg05162858,0.2509470044630382,0.0012350450302504128,0.011388525689017492,600
cg05164052,0.06542074034262518,9.162944792712341e-05,0.0014696657105036648,601
cg05174942,0.9432385148089752,-4.673880608673144e-05,0.00011058861200319292,569
cg05185926,0.09283515611930751,0.0004059583880708469,0.010489454361184425,601
cg05186455,0.8885222893657427,-0.00018295710218553735,0.0015334732514478144,601
cg05194102,0.992815478274533,3.934182359579564e-06,1.4828681503264995e-05,358
cg05198900,0.933483077786708,-8.125144935336654e-05,0.0014794751809140694,600
cg05199874,0.022645305829841998,-0.00012136916149220396,0.002195784041231219,444
cg05200628,0.009346201997337936,0.0003217084486552189,0.011087277587043198,444
cg05208050,0.8712273556978237,-0.00020353278633145557,0.004766099923882106,601
cg05210398,1.0027860322248936,-0.00027816508022661103,0.011286916187112861,98
cg05212706,0.06017231471932119,-0.00012124304737696419,0.00046505357691872806,593
cg05214235,0.18464654883898726,0.0015408941473289586,0.0531211942880111,601
cg05214427,0.8613654634934473,-0.00019450210748166142,0.0034219746914248006,601
cg05223146,0.957737931725051,-0.0002565898163870213,0.005724694813231679,594
cg05226335,0.49768641449408,0.0014831150784338568,0.008135099569306026,601
cg05229311,0.09431953003202945,0.0001899976601732214,0.006771552277586301,601
cg05231542,0.8349116774808182,-4.2547924441434285e-06,3.665224291848901e-07,601
cg05234326,0.06885785140427875,0.00034484421713206365,0.021046487967395833,601
cg05236530,0.8877657059489628,-0.000189660959169605,0.0023293798968117008,601
cg05241536,0.333644580437721,0.0007431321788485757,0.026531197588879007,601
cg05241828,0.9962347605692438,-2.460148092599982e-05,0.0025357523508435786,370
cg05244153,0.9556070151584584,0.00011469826158584355,0.002534331585707039,585
cg05244762,0.9472819894480137,2.1953105600752814e-05,5.282387752403306e-05,592
cg05248655,0.12792960112169782,0.0004495242025322056,0.009179266211018389,601
cg05249010,0.9707282289326625,-6.333742039669798e-05,0.0003273142970231513,492
cg05249479,0.06744683284882946,0.0006835904796497707,0.02601900738264129,600
cg05250241,0.9668900326619327,-4.282940918834906e-05,0.001006491530813003,601
cg05257202,0.29283478547311004,0.00019958407296269938,0.0012570813358602217,601
cg05257260,0.9554765371891912,-0.00023693453827521854,0.003150360723696788,554
cg05258935,0.993940745808648,1.4136690245095208e-06,3.103750800592664e-06,142
cg05261686,0.2793209976313023,0.0007058829881933899,0.005351254956236118,601
cg05263838,0.9614999105769438,-0.00019515903813026924,0.00328403661634713,569
cg05272790,0.9155330107915083,-0.00035328525020321286,0.00950841912875755,601
cg05276338,0.9547169806774429,-0.00010838610854841281,0.0031277284523427706,599
cg05284912,0.895208053240589,-0.0002257639486777741,0.0036489987974834825,601
cg05287480,0.8704731388471769,0.00021535103318332836,0.004303575456723552,601
cg05291674,0.9603823843376617,-0.00030200361655137036,0.006175381281907644,566
cg05294307,0.9644255025558507,4.1342862479199955e-05,0.00031004600350093003,549
cg05302100,0.970699592040787,-4.318517566135957e-05,0.0003054509488487067,538
cg05304979,0.0033072319772407266,0.000721862139649642,0.03799195543034006,564
cg05305099,0.8778998261044436,0.00021959245611958254,0.00681814504435041,601
cg05305434,0.0673100532781818,-0.00017836679601959313,0.007205422103675918,601
cg05307864,0.01685517549514516,2.1519026188198354e-05,0.00013063789643508184,400
cg05314394,0.09218632100350391,0.000765808576345609,0.020432137323217248,601
cg05320607,0.03379987252916918,0.00023004484976874595,0.009149281427067502,599
cg05323324,0.21903634379351702,0.0014484140955194947,0.019980168118355346,601
cg05323436,0.04715386540199616,0.0009103228515072819,0.05185994753342116,601
cg05327192,0.9189329968683955,-1.1175331484189475e-05,2.096980175236851e-05,600
cg05327967,0.9188869883031942,-0.0005240060521528084,0.01266213999520116,599
cg05343739,0.09426570228028261,-0.00030006321735253564,0.01436122882543267,600
cg05343811,0.056474689246723664,0.0007506003002507734,0.01885357139174959,598
cg05355764,0.9919570749084196,-1.1743040678692556e-05,0.00018936171534977841,467
cg05358544,0.9179107977483152,4.468385734747689e-05,0.0002028499106017101,597
cg05360774,0.09086649523682368,0.0007537825891710066,0.027252430617684453,601
cg05361594,0.9364291464006008,-4.018059507362926e-05,0.0002443037376185231,599
cg05364691,0.9326421450193747,-0.00013281360069319174,0.0014978329374346622,598
cg05367052,0.9722370392400717,-4.654844418109209e-05,0.0003600620043425762,540
cg05368966,0.07446519725434599,0.0004998642289250733,0.011235566868631919,601
cg05369623,0.10573158161067683,0.0009474119518219285,0.03378608854757226,601
cg05374783,0.8934499205065509,-9.84975024090246e-05,0.00111326107565346,601
cg05379608,0.9486541263519311,-0.00020543483931523005,0.004639023952207055,595
cg05380921,0.9411316418827121,-0.00033749951147382445,0.003317353394380551,543
cg05387269,0.04089584631443503,-0.00010734947605494027,0.0014736580696608215,592
cg05391255,0.9720305121247792,-0.0002499217771656049,0.0066580512566664085,534
cg05391892,0.9725606628045769,-4.1488014012112115e-05,0.0009719340885470107,598
cg05393025,0.8751847713500317,-0.0002449978125256673,0.0058053419938265405,601
cg05396243,0.9261427742437142,-0.00020493018317309275,0.002425501088557991,601
cg05400732,0.9700660318863774,-7.313188920205052e-05,0.0012533100706854094,580
cg05403316,0.2616947138015379,0.0009596567585570105,0.017760949211026555,601
cg05403469,0.005850601398902269,0.0004527749417386608,0.011881935688088596,223
cg05409131,0.9762228429450851,-0.0004192290692968208,0.009864621769100301,478
cg05409391,0.9868421645107075,0.00016048011518219802,0.036068455373530206,102
cg05412788,0.9275897942133344,0.00010198789152423268,0.00041790294441990117,599
cg05415980,0.9716828510569452,0.00010951810277940226,0.0027420160216788947,447
cg05423393,0.05002735456909854,0.0005090554784547191,0.016244102421810513,599
cg05427381,0.9464868428761797,-0.0005747972098502904,0.010491719751589135,589
cg05427639,0.036848343926783544,0.0004159553011243475,0.02352100820861802,599
cg05428864,0.9753698176261235,8.905759528470273e-05,0.000984389231456828,301
cg05437648,0.9102988111894569,-0.0003510428805080748,0.005375971540676039,599
cg05441854,0.0745158922277871,0.0022787435903648986,0.06825424760824039,599
cg05461169,0.8144904045287276,-0.00031549393142664645,0.004842313016746647,601
cg05465955,0.748905936195444,0.00024878298101763775,0.0013676604330883357,601
cg05468843,0.06830363310949425,0.0008408406213633315,0.02786149695738893,601
cg05473987,0.6209851178257391,0.0005431520814342581,0.009072706853530565,601
cg05475386,0.2237290962605724,0.0005147447656374017,0.002929512487075847,598
cg05475524,0.1687009213357854,0.0016647469356771605,0.018498584712370647,601
cg05477457,0.009409281504303132,0.0005804948036763782,0.007250628482567412,430
cg05477953,0.9623368808175999,-0.00021740921361449746,0.0034670362656566978,545
cg05478809,0.9384787991602852,-2.6872909848191444e-05,1.8626786324360545e-05,461
cg05487105,0.8934457070212694,7.18640537757218e-05,0.0009329187074822443,601
cg05488459,0.960568122301522,-0.00016893312802685465,0.0045830380327815945,585
cg05491858,0.9476977090996566,-0.00013287053323865995,0.001798508467651616,594
cg05492071,0.3968892046990613,0.0011411587706706419,0.015427617640961122,601
cg05494668,0.9046117728745044,0.0001457435255333341,0.0019281340125174573,599
cg05498681,0.9000416202357278,0.00010858272599435546,0.0017723719808733218,600
cg05501868,0.9182704368873537,-2.7154546821802544e-05,0.00011798611258917457,600
cg05501996,0.15447247270445397,0.0022653571568061084,0.08835449417500107,601
cg05505294,0.8652535862087402,-0.00012945160524940213,0.0013000704890053782,561
cg05505961,0.7753005780673005,0.00010631120504187461,0.0004750775474171576,600
cg05507654,0.14698479347707682,-0.0007866144648586844,0.01923351728370093,599
cg05512869,0.9462638076532695,0.0001212284562122733,0.0010268217835892601,562
cg05516327,0.023710803381141406,0.0005671558108136433,0.0038440910636188264,596
cg05517541,0.20171415508952914,0.0002352228022734176,0.0008717532356687929,601
cg05520988,0.937463547808612,-0.00013825102464230985,0.002317152415314383,596
cg05522011,0.9655225049480816,-1.292930278454337e-07,3.271635184987076e-10,401
cg05525021,0.9247425601950099,-0.00024369266427277567,0.007502494284300498,599
cg05529156,0.9464628717889331,-0.0003082095632513542,0.013700995128608895,599
cg05529278,0.9764249794988596,-0.00011845304293804397,0.005255860720075112,589
cg05529400,0.08372879594744503,0.0007284393373761495,0.026315615386337643,600
cg05534636,0.8861524307212443,-0.0002455863671935953,0.007988939244192639,600
cg05539509,0.05274514227791371,3.561560937295219e-05,0.0005131147101242739,601
cg05546296,0.6914283594212186,-0.0009872219954658477,0.005012657346951888,589
cg05547778,0.026927776628966872,0.00013027152318301663,0.006812654151027386,600
cg05552908,0.8769960083008332,-9.319830967591237e-05,0.0010749408071232258,601
cg05556923,0.9902691773803416,-0.00011136123496840628,0.00984609066653963,568
cg05557291,0.9921520171305891,-0.00039524893582645903,0.004690666511257047,598
cg05557991,0.24095574041280673,0.001020072790435097,0.013252803051904682,600
cg05568274,0.008345398840215505,4.67017164675619e-05,0.0006493073415690942,431
cg05571619,0.8834365645552122,1.3711135812073355e-05,1.357730932161072e-05,601
cg05575213,0.9611854284151414,5.37322100327302e-05,0.0005320621716716767,599
cg05577020,0.953390434841616,-0.00018027395021390726,0.00395588178251316,598
cg05578056,0.9046225087928264,2.5081384304466553e-06,1.1005381682638316e-06,600
cg05581469,0.28234499048274364,0.0018743195580360635,0.032715299310631774,601
cg05581878,0.39132136491404773,0.00103677336085843,0.012897077186415418,601
cg05582690,0.97378053445209,-1.2704493695641579e-05,0.00013182829125890638,601
cg05582979,0.08290668939958412,0.0007662758345497485,0.0371143857420656,601
cg05592114,0.9012277905494785,6.021176367392253e-05,0.0005089080207164587,599
cg05595429,0.8657944979667264,0.0002132459319120579,0.005540745739123887,599
cg05596756,0.0357824112733205,0.00012365918337847154,0.0034187223456344507,597
cg05603896,0.04942557243463352,0.00011659679166452775,0.008265628062614772,600
cg05604800,0.9591412714889596,-8.055263841081018e-05,0.00017589783343507914,601
cg05607053,0.8890930568951602,-0.0005083125445160848,0.023823951158112533,601
cg05607401,0.06462551399880342,0.000401979386924959,0.005786182669000994,596
cg05608541,0.03800320570617161,0.0004554185682895777,0.02229811829398165,600
cg05609445,0.8967143625350918,-0.00025736153539162356,0.0035795621021149637,601
cg05609780,0.9078973871708194,-5.5309834869416786e-05,0.00020896001580861245,599
cg05610097,0.9481444549332103,0.00010099378088545326,0.0007506875266868329,598
cg05613273,0.9265625754234514,-7.108386728862024e-05,0.000588354486099063,598
cg05614346,0.05785936189617194,2.1533204490208517e-05,5.5575340914160165e-05,601
cg05614408,0.9401429197350144,3.0826752135642274e-05,0.00022414772282797202,601
cg05614735,0.19531387001490963,0.0006691831344282967,0.004224833989552423,601
cg05616969,0.19813275324121254,0.0015447925151887856,0.043619646525095535,601
cg05618647,0.03459312726289213,0.00012069101222189328,0.006227130712997964,597
cg05618683,0.9152338248849253,-0.00024646385837660963,0.007073217399629184,599
cg05621339,0.9880997240371504,-0.00011093787798786375,0.010161949831142492,594
cg05624226,0.908933869664475,-0.0004017541609959939,0.007627074527046029,601
cg05625559,0.13198591032566234,-0.00021442878820427804,0.0011518396129568398,601
cg05626536,0.8664367495090598,-0.00034548415142220395,0.0023092369375735666,601
cg05633407,0.9899612599480474,4.037768367962252e-05,0.0016934727568026497,401
cg05633523,0.978666374177515,-0.00013027773945433773,0.0013019051417855199,383
cg05644151,0.9658195644293036,-0.00011203739557985522,0.004617028384957145,593
cg05649108,0.1442922255578684,-9.954636195836116e-05,6.0648895713666384e-05,601
cg05649427,0.947252222888251,-0.00015385663406876517,0.002000774888582746,598
cg05650238,0.23851487972175806,0.00146371323592097,0.029009230928164764,601
cg05653018,0.8733675411364025,-9.641716594005972e-05,0.000665742215241738,601
cg05658107,0.01860457013199448,0.00013992378600973462,0.003835442331996508,519
cg05659947,0.9094627066359833,-0.00016699011199580914,0.0036505803910185097,601
cg05662664,0.8904081827938013,-3.564229553248691e-05,8.994781249349604e-05,600
cg05663278,0.9901360725774375,-0.00016148883599855456,0.004876067629943193,595
cg05664225,0.9875506514799175,-3.634719049791064e-05,0.0021015121924964353,598
cg05667818,0.28334453548747496,0.0010301043116864048,0.013152828962930685,601
cg05668317,0.9164895758500484,-0.00012557913068915116,0.001633137596125489,597
cg05669853,0.8654797755352657,-0.0005668724662939972,0.01156540638638015,601
cg05671385,0.04219243477875686,3.088530542842946e-05,2.2040062521933024e-05,529
cg05681757,0.41202127434802205,0.0008237425099327778,0.00730317045387352,601
cg05687083,0.0417653469788213,0.0001653568296718991,0.001514207360393427,536
cg05687091,0.9506848044067616,8.924391943554343e-05,0.0014684344491717738,596
cg05693489,0.055943699199190934,8.015700274165183e-05,0.0031589671669201014,601
cg05694764,0.9381444392297928,-0.00038334278884299684,0.0041246384218043275,593
cg05694921,0.07684043405443795,0.0012056397068294644,0.03761145994945403,601
cg05695429,0.05978589076564458,0.00012945716696417117,0.006630445579419275,601
cg05696950,0.06278767113593266,0.00014991607219141045,0.007411741221759138,601
cg05697726,0.0508097730517292,-6.697808103393338e-05,0.0023301420212546997,600
cg05697866,0.8349079061182135,-0.0014201553784286768,0.03710484355224375,601
cg05706173,0.9769061456999206,0.00016871356133538821,0.009310254225003756,326
cg05707211,0.9175059385791517,1.421869667105391e-05,1.940083535367787e-05,601
cg05713971,0.004255783516164842,0.00013517397844308067,0.009998105175588856,331
cg05714729,0.33583888929159844,0.0009603412230334147,0.013040588723953528,600
cg05722035,0.9376328256267423,0.0001200117407141835,0.0009106763962583031,560
cg05725263,0.9571334525950095,-0.00020502185177753552,0.007786310880733449,599
cg05726756,0.8890909726603672,-5.216141555906304e-06,3.558692022287424e-06,601
cg05736186,0.8707892925021035,0.0002441063294428716,0.004544635651750228,599
cg05736633,0.9516381912462676,7.023057041304633e-05,5.212729373937908e-05,360
cg05737522,0.9519468667380214,8.377244112588076e-05,0.0004354778480519794,469
cg05749271,0.8764398552707913,4.895911714202467e-05,0.0002937208918888379,601
cg05749728,0.9363222880088962,-0.0003430370329388049,0.01592871905673865,600
cg05749906,0.9528491287295072,-0.00012479688768497787,0.0007388685102068804,526
cg05750926,0.9474747376804008,-9.811650106867015e-05,0.0009109949331485012,589
cg05752207,0.9354402067548644,5.4801592381363546e-05,0.0005230574325174597,601
cg05754905,0.9507756784976734,6.137555465913793e-05,0.0005388339255281149,587
cg05755408,0.30848490290799196,0.0007798116115167895,0.005239563770310651,601
cg05756094,0.9374807196470147,-0.00014894457288215914,0.00314878414617048,599
cg05757757,0.1570251174750143,-0.00019824173233030584,0.0009412539349952231,601
cg05758066,0.9681194675502158,0.0002863430427152719,0.012645066115804515,186
cg05758978,0.928532119819125,-2.931815268342076e-05,3.183657713912158e-05,597
cg05760962,0.9639655863704961,-0.00012087647828332966,0.002156669618117224,568
cg05764270,0.13414363086412484,0.0009635857523529826,0.03332375350448147,601
cg05765734,0.9345380978929853,-0.00013636106275210981,0.0015700422848911044,601
cg05766896,0.09307882227623958,0.0009821117185149734,0.021167648183767707,597
cg05768759,0.9638987849047631,-0.00018479928212685563,0.0059087550975134295,593
cg05769344,0.01616109694062526,8.244455955245924e-05,0.005722800406392947,595
cg05774698,0.947614639578089,-0.00011840585484870945,0.0005403613019019371,527
cg05796838,0.9913375240763495,2.358240183599534e-06,6.711117277680145e-06,488
cg05797770,0.9227532503724004,-0.0014875087231622243,0.10327309877889101,601
cg05797854,0.03878953359516793,0.00015753249809064877,0.003023317650178381,586
cg05798059,0.9050422647029074,-0.000656351994613077,0.018640662364351468,601
cg05798125,0.013197457684203865,1.610133574623592e-05,0.00022523137576924146,563
cg05799169,0.943246638958371,-0.0005415103998005939,0.020614333511796534,599
cg05804047,0.9009589059529762,-9.941263888556944e-05,0.0010579685945851791,601
cg05813673,0.648909543075517,0.0002961048476148645,0.002114904076121693,601
cg05818824,0.9063134243075883,-0.0003475584923575547,0.009665276223992159,601
cg05820087,0.9397598470550964,-0.0005081718364872731,0.01420623324767245,600
cg05824594,0.32891299793567674,0.0006520391644892023,0.008302986098156828,601
cg05826175,0.1582713667164946,0.0003222628592488828,0.005656843985158755,601
cg05828624,0.8831655757275988,-6.354402082781917e-05,0.0005266695031558299,598
cg05830425,0.4047450572550402,0.001256569267769494,0.013836909780646223,569
cg05833610,0.9113113831730772,-0.00020980450356621166,0.0042435263618328944,598
cg05838308,0.9140734105070903,-0.00011074752859938046,0.001326776507480254,596
cg05840741,0.988289300247704,-5.316249110792269e-05,4.982557244892494e-05,211
cg05842260,0.9514782418992052,0.00013874415880044504,0.0016491498616738598,568
cg05844798,0.8160084478381349,-0.00022070790598030513,0.00267975213054783,601
cg05851442,0.9608253734572711,0.00014325048717386273,0.00307990883588527,600
cg05857728,0.9309636956753994,-0.00026918092582455384,0.005007437273089943,600
cg05867388,0.9417225388134163,-6.355483534882246e-05,0.0005038974488590364,599
cg05867499,0.1823628441160608,-0.0004895776097465237,0.0006426360437029599,601
cg05870398,0.9243013335393048,-0.0004044988599835983,0.013033273018753344,596
cg05872506,0.8875147910933393,-3.2592946862751246e-05,6.66138418118356e-05,601
cg05875066,0.8922485846625056,-4.194775032404287e-05,0.00016347080483392062,599
cg05877528,0.1493374295016914,0.0008772900655743028,0.023058663025024462,601
cg05878390,0.9372360305648127,2.7510962087605603e-05,0.0001064634269770659,601
cg05879499,0.9713804893565582,-0.00019983655368194939,0.0036046915937290036,519
cg05881698,0.9943950390329592,2.082862107745726e-05,0.0011104333335870686,106
cg05885095,0.8825931764724326,0.00038219895269675253,0.016658290485288108,601
cg05886546,0.09684543395930174,0.00088012668580657,0.005144162471834135,601
cg05888551,0.9767863374394048,-3.291146519089512e-05,0.0003585218476785945,580
cg05890550,0.017701416474942302,2.3968327860209188e-05,0.000552720920417471,598
cg05892329,1.130760319673239,-0.003136179313634727,0.06700929916301379,30
cg05898123,0.8753281252261959,5.524272488402164e-05,4.637011153163506e-05,588
cg05906502,0.898214009187266,0.00043759004755443914,0.009014476520169401,594
cg05907238,0.9910005738890846,-6.758196431543184e-05,0.0004713469209727261,108
cg05910443,0.08736851650508975,0.0013932549352443588,0.034572790941096665,601
cg05917633,0.9748734085814181,-3.112526873634876e-05,0.0007849444971657071,600
cg05921889,0.8923344603704075,-0.00042536599185273246,0.0124359307778944,601
cg05923587,0.007068477689781348,0.00013174023506950502,0.0030904750811854287,400
cg05928342,0.03296499586660944,0.0011334868177084526,0.06572553535843728,601
cg05928904,0.9894108309801459,-9.933291497769706e-05,0.00882298882681154,576
cg05931423,0.9752573642410995,-0.00047056269746007304,0.005079126265603806,545
cg05940672,0.14022284751507352,3.586416829229674e-05,8.946685025157386e-05,599
cg05941641,0.8762077509433002,-1.2531898941351767e-05,1.5127665761505149e-05,601
cg05950276,0.9784624665368777,-0.00011690903776768717,0.0010852608926251728,346
cg05955301,0.9360856497719293,-0.0003606592168821993,0.006335202775606952,598
cg05956608,0.031876088145301504,0.0001972368811169756,0.015891980880146317,600
cg05958910,0.7757870801928667,0.0001253195394284676,0.0005748955869775418,601
cg05965745,0.107410076216014,-1.226631382635515e-05,4.4560333254395346e-06,601
cg05968904,0.9151599303929352,-0.0003186412027430481,0.012196146194262458,601
cg05973084,0.053519318594606735,0.00047654460899659374,0.0018276933009796492,601
cg05974269,0.9774220031444922,0.00023531285515962418,0.0161961370935938,93
cg05978306,0.3058009151702846,0.0021359761030854693,0.060252383953908306,600
cg05979232,0.05928713418549987,0.00019208556998291123,0.00788489943819004,601
cg05979619,0.9811274306195094,-0.00020590962264297353,0.008613971794239617,537
cg05979766,0.02647039587866619,0.0001294232288071751,0.0037220863517045677,594
cg05980719,0.9024912941556692,-0.0005974522196278994,0.02020245601578541,601
cg05981862,0.8927274741541282,-0.0003331577224348428,0.007826283134675371,601
cg05989861,0.9118273588492972,-5.865552697350414e-05,0.0005143987929984162,599
cg05996341,0.9597160796085885,0.00021722826007937324,0.0020243294623114583,288
cg05997414,0.13372783679854588,0.0010164789189141398,0.022477323419699213,601
cg06002288,0.9673691243204571,-0.00016994066224184054,0.0035709789631084288,564
cg06005173,0.9687546453310462,-2.8116409046617897e-05,7.309648529019164e-05,458
cg06024930,0.9134610501739264,-0.00014604781161232819,0.0031426844367042905,601
cg06025456,0.9823367648551968,-0.0007490804843207606,0.011291647936713112,468
cg06026425,0.05255833779700893,0.00021118874605035253,0.002253792731702897,566
cg06030166,0.004394031498762337,2.2396531637945937e-05,0.0005845992842284931,389
cg06030219,0.0009555265109696147,5.154946560670665e-05,0.0071400465513962175,154
cg06033789,0.7961289901386359,-0.001188849948911337,0.03200427308272058,601
cg06034127,0.021474237367200385,-7.896624402845843e-06,1.564629836980913e-05,542
cg06034527,0.0946906025825393,0.0004978905383382963,0.008557120913239902,601
cg06038358,0.9933431509279447,-0.00029011525014177564,0.023930864940122754,584
cg06041466,0.809442634384442,-0.00015702097266344326,0.0007786511639555904,599
cg06048910,0.9939120320179274,-5.620338330660746e-05,0.00579869189715887,545
cg06053376,0.9023011739481145,-9.270084520043671e-06,9.10880953863824e-06,588
cg06054715,0.9547363916767121,-1.051119867929355e-05,8.340629174430347e-06,510
cg06055044,0.938269021365168,0.00019314219493720284,0.005612949996592453,598
cg06055229,0.9549754981523297,-7.493435638503137e-05,0.0012603884482595973,600
cg06061621,0.9402061851881075,8.608120093687634e-05,0.0008138682015276233,592
cg06064964,0.04224553681214728,0.00012333844848282427,0.0014546879330952223,600
cg06065245,0.9906909155590424,-5.1008619463451235e-05,0.003085368456102522,593
cg06068897,0.0452021340279813,0.0006804089788250244,0.03238199184664836,601
cg06077305,0.9127853622968071,0.0003925825239261748,0.0053512657391081575,601
cg06080571,0.9677675923030424,-0.00045363539356654847,0.012917439307118639,575
cg06080729,0.8926895288012119,0.00018298444742960543,0.006450110953908239,601
cg06080793,0.05478557050849427,0.0001808210850054155,0.012573899865773952,601
cg06103624,1.0007117133912888,-5.82907695090209e-05,0.013801693658444192,186
cg06108383,0.8943615368128492,-0.0005244187118458862,0.010629683357792574,601
cg06117093,0.14819205396593196,0.0012466126857381766,0.02978127226656757,601
cg06118338,0.91396418195012,1.6908611273392353e-06,2.6133531516592257e-07,597
cg06122825,0.9030285076655836,-0.0006854548136774171,0.020695948017849575,601
cg06124660,0.958106445915818,0.00032736818800105795,0.01066995576855534,238
cg06126829,0.8702422612350601,3.258081368898755e-05,2.4301791381242666e-05,601
cg06127256,0.996958832676416,-0.00014726566902525134,0.026819695432529933,577
cg06130354,0.035314943130581034,0.000284292056289725,0.03246245006722204,600
cg06130714,0.06264300353177286,0.00021789090314702875,0.009584665718089136,601
cg06143658,0.9464188084455628,-0.00021665316713387556,0.009967640699837577,601
cg06143971,0.9415342113860525,-0.00024099225626631593,0.00046894663454899455,593
cg06146977,0.9130586400111345,-0.00010645016327715819,0.0013146710329032807,600
cg06147210,0.9196746843664046,-0.0002308580710722086,0.006313471463684772,600
cg06151968,0.8372513725501626,0.0003969720286793318,0.0028314669870852516,601
cg06152215,0.2539988846965024,-0.0005938203643702084,0.014126382409262339,600
cg06154597,0.8175666009607282,-0.0005395496103363562,0.010372296012805426,597
cg06155710,0.8235803599581658,-0.00036912634243423033,0.0076168251007169285,601
cg06158111,0.9760275726668332,-0.0001297856579495715,0.0061973076698846885,597
cg06159484,0.9653439488089938,-0.00028306893547865226,0.011349330861307072,594
cg06173663,0.985554130443829,8.022378197462841e-05,0.0045655692874287945,241
cg06174078,0.939142340399731,3.6529714805675956e-05,0.00013436792977772338,597
cg06174454,0.9350117568330273,-0.000170177459918174,0.003414390307928894,601
cg06179039,0.902587440559714,1.5769090208626916e-05,5.4620961679741065e-05,601
cg06179765,0.023895871569518425,0.0006174969073252437,0.026690415789382582,601
cg06183267,0.0915212056719311,0.00028924094193782214,0.002848617089418526,599
cg06183469,0.8894705758133478,7.682816324910276e-05,0.000658911099402637,599
cg06186155,0.9425616019922902,-0.00014398869884316067,0.0022762835476486387,600
cg06188908,0.25131096135013853,-0.0003520373930540706,0.0016722619466265076,598
cg06189869,0.9625171314176764,-0.00034981592357292247,0.010313755400613633,586
cg06195379,0.0667784564719146,2.5894588495108323e-05,1.6641784361892675e-05,501
cg06196689,0.9333226694038235,-0.00019600592066427089,0.0018242958494417705,586
cg06196926,0.9674579347596419,0.00016188866052840872,0.002464863755443969,325
cg06201247,0.9568826952472682,-0.00010151042729077035,0.001256228214429389,576
cg06206957,0.06344303802746484,0.00032034156347911057,0.009057235442763267,601
cg06211164,0.063746331431392,0.00021891039983563474,0.01449928132181566,601
cg06211385,0.9796301968940412,5.9120121003025284e-05,0.0006901533403957938,262
cg06215107,0.9181762446138453,0.00021378537604471316,0.0027916288591729455,601
cg06233186,0.9600728345554804,0.0001505062950466178,0.006404754819383962,579
cg06238004,0.8773760651098305,-0.0001539888186541917,0.0005766447519696127,601
cg06238491,0.050212132687651866,0.0006095997891535542,0.029530995889273992,600
cg06248428,0.955302165270837,-1.9382176398551143e-05,4.9858359067678215e-05,585
cg06249604,0.038112698801506806,0.003109079697328536,0.016479485140686978,600
cg06250841,0.933720531030056,0.00031451040924856174,0.011845312387840368,591
cg06250904,0.039344029955367926,0.00029150357565417545,0.013823137811997954,601
cg06252810,0.9604191192535384,0.0004126004305952058,0.0016752021948026607,312
cg06253229,0.8658989948628484,0.0001492424521281853,0.0010301248556308096,601
cg06266100,0.7999749918040591,-0.00023823256881935377,0.0026537998618355596,601
cg06267617,0.9552790055071756,4.0651506770496695e-05,0.00024366778705264824,598
cg06272010,0.05109363463574163,0.00012867170282084556,0.007398287929501812,601
cg06277849,0.06751429264468314,0.00012187576224961848,0.001742553557003368,601
cg06286026,0.9508974256136249,-0.00011672838325725904,0.0021177516387443918,592
cg06286604,0.9871157309846195,-2.6089428768660564e-05,6.853661282402168e-05,353
cg06289725,0.910429024403457,-4.1926591394613603e-05,0.00016555898735293173,599
cg06295071,0.9812714675315266,0.00010424932122063226,0.004984796674015746,301
cg06298701,0.8962677564567262,-0.00013261618181502387,0.000862824019395414,598
cg06303168,0.5027442483253726,-0.0005992933240539543,0.008399428332725667,601
cg06306927,0.012484138151192547,0.00015563317216848066,0.010739330317166895,583
cg06308084,0.9652135990490017,4.915551799839061e-05,0.00021804169602646084,457
cg06315607,0.04234706641193752,0.0002510637207705986,0.025221920638130557,600
cg06316121,0.9433958850408692,8.24456372764231e-05,0.00040426248909819495,519
cg06325540,0.9196002338098765,-0.00014715426619796247,0.0018019708304080062,601
cg06330722,0.030821611799172838,0.0001611905444113246,0.012667113670711494,601
cg06332950,0.9235015012200507,8.182551711116054e-05,0.0007348352665407232,600
cg06333307,0.8983201620265532,-2.9913568854626096e-05,0.00010824060977010497,601
cg06334737,0.9730180743874853,-0.00010894942006275635,0.004461514677795431,597
cg06338710,0.8391868394830864,-2.0386528012648508e-05,1.2998281142762025e-05,601
cg06339706,0.935227435125781,-4.1432619208140755e-05,0.0003583407320121301,601
cg06340367,0.04875750537440498,0.00018764352859074673,0.013193679121030977,601
cg06342072,0.9291312760011478,-0.0004393881913390348,0.00970832949502054,599
cg06342416,0.02864113859260849,0.0004589618520497693,0.038295938770680715,600
cg06345736,0.8978444420001623,-5.1187517993576624e-05,0.00044990460342519967,601
cg06345856,0.8475993387792552,-0.0005540738128567166,0.013985376428863883,601
cg06350853,0.9708093099723816,-2.3029966746359248e-05,7.522097537460137e-05,518
cg06354692,0.9474392142415933,-0.00026617422960579856,0.013507657839381682,601
cg06354695,0.9340581609107118,-0.00017668620695421568,0.005563926873115466,601
cg06357549,0.9941615596903907,-0.00014157106045376122,0.013237809890836894,522
cg06363692,0.9650025851243466,-0.0003911126728500557,0.007174384423104363,532
cg06363968,0.9445857479434848,-0.00045394620852761146,0.0094599739786001,599
cg06372467,0.026417096524605114,5.192787614153976e-05,0.0006964911567620691,561
cg06377256,0.8883105926983336,-0.0001811862849699852,0.004740076458617071,601
cg06377278,0.010008049122073393,3.474007322929862e-05,0.002253407758000203,590
cg06378990,0.8553476384648807,-0.0005881596319152806,0.01937748669781114,601
cg06379532,0.919211488072912,-0.00041228975983048606,0.008331268904173461,600
cg06379589,0.07355492125293554,-0.0001223503468873039,0.003003449211665843,600
cg06380123,0.04539827232595501,8.524867800356161e-05,0.0023152693458369233,601
cg06383124,0.005338594668340427,0.0004736174110162485,0.035272133732973776,595
cg06385583,0.03843319711421678,0.0004519129397235003,0.004731647148431661,505
cg06390041,0.9900138861043817,-0.00020033937541758478,0.013392533850141275,532
cg06391412,0.8739837292178376,-0.0002821131045333111,0.006535795301053304,601
cg06392589,0.9505781707007014,5.110170070900719e-05,0.00030955705558022295,571
cg06393830,0.04933213791028369,0.0001396591884855948,0.004939061116729371,601
cg06395232,0.33344590448824785,0.00018242053803604918,0.0007212357320558471,601
cg06398242,0.9253584549347491,0.000622095000668277,0.00930681665355304,135
cg06400229,0.9603086453996125,0.0001998068222749969,0.003252350429221229,353
cg06410970,0.9095214461471451,3.5542737956547235e-05,0.00029146754367403993,601
cg06420512,0.9757421802595443,-0.0001205134804801115,0.0036044073031386015,548
cg06422039,0.9411199269885446,-0.0003119945923403515,0.0034098744739550213,601
cg06422261,0.852786344504504,-6.89289667314903e-05,0.0004499510393772832,601
cg06422471,0.9831399732095587,2.8697754685307756e-05,0.00021776938463158313,455
cg06422529,0.9662782445085196,-5.1220714807671645e-05,0.0003592642393744905,579
cg06431347,0.862318996364612,-0.00022163216057109975,0.005284161496576512,601
cg06436185,0.34146293504480274,0.001994703853363393,0.02564968620143193,601
cg06436854,0.1627578331685039,0.0009249177107651806,0.01341741275756414,601
cg06439655,0.021073423555394797,4.5984067648860145e-05,0.000337470402071105,600
cg06440087,0.9421095121267007,-5.695523788363941e-05,0.000556126488209796,599
cg06440665,0.9964423946511687,-2.0036314814463282e-05,0.0017924322054415631,467
cg06443648,0.9216705437044871,-0.00015693250708712366,0.004633908501116002,601
cg06444891,0.9677533855925463,-0.00031870695645208494,0.0057941609870281185,594
cg06445944,0.9385913584128505,-8.25334503570212e-05,0.001306290435670765,600
cg06456031,0.025899105512253263,0.00011401009668493782,0.003098619048844453,598
cg06457633,-0.0011853609662490876,0.0003018531636338622,0.03318599688753643,410
cg06461588,0.9611768434239476,-0.0002494049665222568,0.004208043771164127,589
cg06468166,0.95111060692584,9.641954733389178e-05,0.0024150233865326554,599
cg06470804,0.8204532796056588,-9.528407736788135e-05,0.0012099085537614629,601
cg06471596,0.9769193745462708,0.0001190503445441447,0.004335863781245286,442
cg06478504,0.04212974383343317,0.001222143576062019,0.02822172898147579,587
cg06481431,0.8875998153846075,-0.00021980033857520534,0.005620274740773312,601
cg06482904,0.993239652017988,4.989926198772869e-05,0.012785747675419401,396
cg06488150,0.0983509647688047,0.0024567526354574713,0.04868194163056294,601
cg06492112,0.8406728130042449,-0.0007425447205457118,0.009239685166774314,601
cg06493963,0.9231143668382401,-0.0008488172467773247,0.02307565262334288,598
cg06498520,0.048947039187848276,0.00011915803923965052,0.0007729921090400271,572
cg06505273,0.07847655696284281,0.0012032461470819552,0.029488540026452847,601
cg06506078,0.013437186482019886,9.506993950066336e-05,0.004235360203836969,540
cg06508454,0.9723641145641403,-4.677390771032292e-05,0.0006156410851860805,600
cg06510261,0.03670543066756568,9.375860236496617e-05,0.001395437885041817,598
cg06512128,0.9067854319256707,-2.6198516916424275e-05,6.881869525643403e-05,600
cg06516150,0.06608544295624572,-2.0316822265324457e-05,9.150800080959254e-05,601
cg06518271,0.9275487313145647,5.579036868021433e-05,0.00019815862379102267,597
cg06518838,0.04779333841324623,0.00012412793997973386,0.00035678503659430927,359
cg06518884,0.9053214002467315,-1.6681273122707076e-05,6.299875375581632e-05,601
cg06523556,0.01680669204527952,0.0002565656804284055,0.004631441120700908,507
cg06526741,0.2784471597683142,-0.0004305979669748508,0.008458519968541522,601
cg06528803,0.9382094020499163,5.9549698660092726e-05,0.00012736713801941857,598
cg06532528,0.8139312309850572,0.0001466481555152458,0.003268937242919323,601
cg06532823,0.9408129797187478,0.00015929661286049162,0.0038966651895255833,588
cg06534853,0.02325905738874564,0.00045151600280599296,0.02823863752832767,594
cg06539924,0.9414702673546389,-0.0002554461795402863,0.013749742620533523,600
cg06540283,0.9094333758005937,-0.00015313174263487944,0.0036215483518159397,597
cg06542559,0.8738237742883277,0.0002192304433205961,0.0013014047370950577,601
cg06550018,0.9962790181670942,-5.663861608191245e-05,0.008319270678991408,514
cg06550986,0.8994829420915278,-0.0005207669971479312,0.005556169099890984,601
cg06554036,0.9954152575669749,-8.950008653282734e-05,0.0027482012916787424,484
cg06556244,0.9446299581796251,-9.169992640416042e-05,0.0009045992470911868,595
cg06560026,0.8819296743391813,8.18902674410239e-05,0.0004493505476702575,601
cg06560282,0.9785568242651059,-2.554006073051534e-05,7.782656050725478e-05,367
cg06563441,0.8593682765176115,-0.0005586916682431453,0.010529678332861114,600
cg06571753,0.9114576933418866,9.47445773743932e-06,1.1170901446644343e-05,601
cg06577710,0.03317445019049361,0.00025956982498665643,0.011591458901596186,601
cg06590662,0.8539712879704949,0.00019252748880877317,0.0021431324716142397,601
cg06591011,0.09450311745671836,0.00038235113724657664,0.003595337051355174,596
cg06604289,0.029693518640046233,0.00022897578822126923,0.008596372476379122,595
cg06605704,0.8843096795879355,0.000206715617088658,0.0036794696300814778,600
cg06607764,0.9562726205591311,-4.132244823113999e-05,0.0006818868364294461,601
cg06607825,0.9552198109997805,1.0932906152773993e-05,5.268896128174383e-06,399
cg06614002,0.8656430890222637,-0.00023998738581168793,0.005422515242684001,601
cg06615719,-0.0019264518831015008,0.000212620965963457,0.022160602516885675,214
cg06617636,0.8896114301124343,-0.0004826837271729173,0.007048376679057222,600
cg06618298,0.8737223223448294,6.926918844182469e-05,0.0007818220644350005,601
cg06620723,0.17793113141781103,0.001191310056771699,0.027082688164692947,599
cg06623219,0.010165439043651608,0.0008188737067742607,0.03221374019075662,549
cg06625916,0.7598728541871036,0.0001924510501171111,0.001902015505587995,600
cg06630567,0.9141847740863644,-6.652672613006612e-05,0.0011135381907596553,601
cg06631999,0.9495913540418444,-2.9170972343904517e-05,9.9085244014252e-05,600
cg06633438,0.2787871607010115,0.002740284924727384,0.029745124325033068,601
cg06633978,0.03820003346734449,0.00023103852713514183,0.007824341018733194,600
cg06637517,0.008612228622070783,0.0012280738331684196,0.07986336582247644,597
cg06640279,0.03499034762416376,-0.00015518165092049242,0.0034860620342769266,590
cg06642677,0.8873089682494867,-0.0002020743992954669,0.0051535588408681,601
cg06643882,0.9528693419863228,-0.00029947448621505724,0.0041607690941962705,576
cg06645674,0.14484561046183048,0.0005688440856868519,0.015081606548732918,601
cg06646494,0.9726131419556043,-3.3485938964026135e-05,0.0007609810850066623,601
cg06650260,0.940789973533515,-0.00018664673526738805,0.006830779538483656,601
cg06655414,0.9226108425180491,2.9875904931657184e-05,0.0002357816126894452,601
cg06657462,0.022642170082711247,-2.04273776670367e-05,0.00013909278793089452,563
cg06658391,0.8902566820280982,-8.281133185415244e-05,0.0008593901240689927,597
cg06658404,0.05039352325038046,8.313044580451276e-05,0.0007869452952836697,591
cg06658821,0.9370400943187369,-3.951890362228972e-05,0.00010115371942853724,593
cg06659338,0.36919218097399825,0.001049584036690336,0.02293923162494027,601
cg06663149,0.9359838588024014,-0.0001578321352882213,0.00236848664141176,599
cg06679494,0.04429009231726158,0.0008701216612729752,0.04256019170005598,601
cg06683316,0.9499155513510389,-0.00010843418465146903,0.0021169476713889246,598
cg06685080,0.967139963473541,-0.00012815945362459088,0.0011452765639177187,481
cg06688182,0.9500436409311639,5.374347502754491e-06,4.162678780561535e-06,593
cg06697448,0.9322273550342686,-0.0004503062106720966,0.01145028532667769,599
cg06699216,0.39030050662473864,-0.00044775006517292393,0.0009352142357997861,601
cg06703222,0.10458976663754226,-0.00021119766525715299,0.005521106505162576,601
cg06708390,0.9775811024266045,0.00023940127821125192,0.020839115857473445,239
cg06711259,0.8925305077339956,-0.0004151218163447033,0.012896259327119575,601
cg06712651,0.8432094853111803,7.276684018191563e-05,0.00013336352341530855,594
cg06719487,0.05705005806699493,-6.750367816082306e-05,0.000659637280436054,596
cg06721393,0.06402443586454527,0.00016380147090646057,0.0015960285193858947,593
cg06724078,0.8883076021545413,-0.0007655799868149365,0.031109973803709723,601
cg06725089,0.9820446389875693,-0.00021274767006412113,0.005572429831724679,465
cg06727242,0.2968166221058997,0.001436050629063069,0.023383059088209812,601
cg06727955,0.9135744793248135,-0.0002341746380369323,0.0028392437033287754,601
cg06729381,0.8426776321811893,-0.0006422933985112311,0.015448595509380603,601
cg06730678,0.9871306078403453,-7.874824265168695e-05,0.003594169826889426,597
cg06730796,0.8447466023826528,7.990532289148994e-05,0.000619111018714702,601
cg06734406,0.12639376912081207,0.0010997207045699252,0.011998752511930055,601
cg06740866,0.8850275250802564,0.0004028128734406805,0.01071450550124331,598
cg06742151,0.9637087784546535,0.00024381443902187224,0.007466315839973814,265
cg06743037,0.9476736551552176,-0.00016852986083659732,0.0021781329760357515,587
cg06746774,0.9930084099881579,-9.74595248724406e-05,0.009644538839957195,561
cg06748584,0.05384106455151106,0.00016441157632840836,0.007247500342576041,601
cg06748934,0.9369484647569339,0.0007563372365419678,0.019485885298363148,413
cg06748966,0.025727284014091776,0.0002466041522318588,0.005810898593886393,568
cg06750045,0.9657913895746895,5.382853393091183e-05,0.00016441327369387526,314
cg06750897,0.9852441514403592,-4.2164931405329895e-05,0.00033752148060073317,533
cg06752054,0.010223895029171658,0.00013679327103210539,0.01051770746351044,557
cg06756211,0.02126336019407174,0.0010485329930989163,0.045778446356467994,601
cg06763161,0.9410976112488829,-4.3956342112643936e-05,0.00041636419151258597,600
cg06765217,-0.0025262052673385577,0.0016842569895823116,0.09007556568571118,600
cg06768361,0.9757364953691926,-0.00019889857741591554,0.006706053154218905,587
cg06768599,0.9461623000697575,0.00031650560402358226,0.009465629491921312,600
cg06769708,0.9417484302473292,-0.00012043468843195042,0.0028551694849400233,601
cg06784602,0.9213569713248455,6.073811470982833e-05,0.0002326170870411426,600
cg06786238,0.9532447565646428,-0.00034227412529957887,0.009373532610177482,598
cg06787004,0.9022237608983644,0.00012565807329736642,0.003807028188422823,601
cg06787669,0.006964154315977732,7.074807875055715e-05,0.007288867622677886,545
cg06790492,0.9549316780493319,0.00037670573893391175,0.009031982747073064,195
cg06791973,0.9586387935184976,3.896427406688923e-05,7.484964230863866e-05,388
cg06793974,0.04859320686495939,7.157119890581419e-05,0.0026552925304594854,601
cg06796271,0.8773303191142287,-0.00044096630451475233,0.007835430735649185,601
cg06800235,0.00688916861985492,0.00022342218933933688,0.019247573935368467,532
cg06801857,0.7996073897579539,3.7308495740939756e-05,5.843468334232327e-05,601
cg06806862,0.9116261099577828,-0.0004343219231730742,0.008044507331660844,599
cg06811300,0.09481718108648098,0.00029319602965182154,0.005186371259184641,601
cg06814287,0.9469681763953454,-0.0004810676080421543,0.011399256025822257,595
cg06816254,0.9864603659266683,-0.0004060080608256043,0.02036516660028509,573
cg06820412,0.9156463523384587,-0.00013641881285610173,0.001573861545713262,597
cg06824394,0.059749381066396545,0.00021458444512185767,0.0030960200351022316,597
cg06825448,0.010918307425556176,0.0017841941613685856,0.06951960238719956,601
cg06826671,0.9467188920714003,-0.00014573533210982169,0.0013897330121720453,601
cg06829681,0.9376295204222463,-0.00018169934335729107,0.006302419749914412,601
cg06830064,0.9279657680807214,-0.00038488492906457446,0.00868602659242379,599
cg06830360,0.12081266639283952,0.001272993675682873,0.015535012463261832,599
cg06830450,0.933930929612759,-1.7892776880593328e-05,5.0915119807370957e-05,601
cg06832449,0.11225623267486434,-0.00011271561580941404,0.0028857217107599586,601
cg06832898,0.14846171959377266,0.0011275078405981573,0.017380200001436807,601
cg06833102,0.9614328310938055,0.0002940547432476758,0.005807149908911513,211
cg06835960,0.9134965799438156,-0.00011574452688415983,0.0020420936057257144,601
cg06839417,0.9100348390882047,-0.00013625233269874543,0.0019510583404594994,601
cg06843889,0.05489359138693135,0.00027798953291319217,0.002605610256886992,601
cg06853339,0.09316769396569603,0.0003701822918031399,0.007314421544249217,599
cg06857116,0.4314529404191856,0.0008508542655092482,0.012052065535789414,601
cg06869505,0.8831364691779447,7.55121598761732e-05,0.00045855569135977436,601
cg06872172,0.8941337014900536,-0.0009008389002680169,0.025664050231058888,601
cg06876892,0.8406049294303592,0.0005105995990514317,0.00588028091717574,600
cg06879378,0.9625330252451466,-0.00033545352242937964,0.010077659789569537,585
cg06879394,0.009904773842259445,0.00018846173909881385,0.0010903748070014707,299
cg06880420,0.8836497611938535,-0.0011110409289140399,0.027124078165082888,596
cg06886374,0.9873768088297733,-0.0001857264303086775,0.007033302197054003,522
cg06887949,0.9637814866811731,-5.778494938660221e-05,0.00041066379584120405,572
cg06888746,0.1517388799724588,0.0003219293938303863,0.0004430103446890765,596
cg06894549,0.9716910834474314,-0.00032583295509907147,0.012918133046145308,589
cg06898293,0.8908556689129392,6.31814654554982e-05,0.00031741901108450765,597
cg06901890,0.1672650983905025,0.00046802159640699567,0.012938037251164158,601
cg06905387,0.9730753058349753,3.11310250695967e-05,0.0007097179340186388,601
cg06912665,0.8847886125019415,-8.907616517356784e-05,0.0011934962200038646,600
cg06916001,0.0875057917499914,0.001057868685946351,0.009818323922602845,600
cg06925502,0.8742105308448738,0.00016758099828574643,0.004221212558848886,601
cg06925984,0.9384331964866712,-0.0003555264404329388,0.007501172577898174,600
cg06928983,0.8655198914959124,-0.00037388625591913195,0.010209285822661895,595
cg06931418,0.20935891352933528,0.0010430882092617236,0.026107774902766168,601
cg06934774,0.08687284989748237,0.0005306042551260898,0.007853574067146818,601
cg06936803,0.10307844066768088,0.0014650988089192454,0.021967912467638406,599
cg06940688,0.9297812654278717,-0.00011554936114995613,0.0020433726544872854,600
cg06941557,0.9893315856572543,-8.896549168029156e-05,0.004729304389191391,554
cg06943251,0.961374359880478,-2.3768198553662474e-05,9.18284418811588e-05,568
cg06943912,0.05856497331839235,0.0012477050065381546,0.029643682507243252,601
cg06947614,0.9594070223516443,0.00018735198505489645,0.003612327215836264,460
cg06950952,0.962513269714864,-0.00023442304582126086,0.004279424977712942,568
cg06951565,0.048084533393831674,0.00058526602163309,0.021747950939464356,601
cg06952798,0.9513374950284751,0.0005418396429379586,0.007135603793794076,149
cg06960356,0.9958165704567948,-0.00024327236846307884,0.01467592125434547,587
cg06963182,0.03590235628654436,-9.089440395949459e-05,0.0005561070076190999,440
cg06963711,0.9523097119412014,0.000142055718310853,0.0020773002574581145,527
cg06965177,0.8590861517541348,-0.0002368231915808876,0.003575196537997982,601
cg06977014,0.10495503966086217,0.0010581672874115224,0.06824288887052588,601
cg06984255,0.9747343563503346,-0.0001137226416784743,0.0016309828102858415,510
cg06986584,1.0015755258799426,-0.00010796141600730218,0.04004422453529444,411
cg07003587,0.05288636545649671,3.305983850675368e-05,0.00011533997192358925,601
cg07008701,0.9942718126540713,-7.491206023140414e-05,0.007825925389777999,553
cg07017153,0.7831110577878719,-0.00013662466284333373,0.000551447067752675,600
cg07023852,0.9414107802301581,-0.0003753691112981069,0.005217661361650805,579
cg07024339,0.9634509608584535,5.986018961713061e-05,0.0003762522200082552,418
cg07025678,0.958992982980485,-0.00010426482510635709,0.002141489200872315,599
cg07028929,0.09821091763549261,0.0006083744197546882,0.020227708111483333,601
cg07031797,0.13856675054072815,-0.0007915314695881428,0.007647763802566709,601
cg07034255,0.9443523981592706,8.352326894582589e-05,0.0007525441879191463,596
cg07041323,0.04531446998505675,7.269486204471536e-05,0.00235429988875957,601
cg07041565,0.9631384566118303,5.5446071245452786e-05,0.00020656383758677066,473
cg07046399,0.04186579504987321,0.00021783716830340002,0.007273770979315031,597
cg07046426,0.052811558282565715,0.0001481484072850844,0.0016254603493824904,598
cg07048527,0.9291591362053984,0.00011703000390066147,0.001911708092792952,599
cg07051721,0.22471307206419905,0.001098079209160398,0.00926214109450807,600
cg07052231,0.39128165191369546,0.001315774456387165,0.023052161207928412,601
cg07060794,0.39261814452303684,0.001054546128883538,0.015959705799514112,601
cg07061298,0.8223061334141987,-4.37311068322962e-05,0.00013059674100446284,599
cg07062847,0.9830307778654315,-9.953142344440745e-05,0.0009630335714788663,207
cg07064495,0.26417303877494436,0.000566318097562003,0.0009827802276787256,601
cg07065759,0.1288173028748703,0.0015453381872439307,0.026179407541648714,599
cg07067982,0.03011887614042346,-4.454965959646599e-05,0.00022666591644160405,380
cg07071449,0.8938055192601404,-0.0014456210255740618,0.05563747018713261,601
cg07071491,0.9144045500490858,1.6461079009741113e-05,3.06964418427258e-05,601
cg07072391,0.8993632914732556,-0.00012358080764273538,0.0016690532767810184,601
cg07080785,0.9344599429401313,0.0002694501430773432,0.004283759707327084,510
cg07082012,0.944868938730979,2.4270439346929104e-05,7.227623998729005e-05,590
cg07084709,0.9474754338658468,-2.4115778244024182e-05,0.00013672836822775647,598
cg07085815,0.9075959061013786,-0.00013359420633628566,0.0025302734691731166,601
cg07086947,0.9693127025267353,-0.00013673160382954582,0.0012917432108635607,383
cg07089399,0.21392406098577388,0.0016825618137236594,0.05462730257554693,601
cg07093456,0.9368945424501405,-3.197687752553289e-05,4.87996276723468e-05,574
cg07095908,0.10941778278737026,0.0012133622381815471,0.028994818232150443,598
cg07099000,0.8720020889494002,-0.00021155980578075397,0.0052625084043950165,601
cg07099810,0.8691361200145344,0.0001580723134466006,0.004071418555936734,600
cg07105478,0.5734140973857829,0.0006820333448103888,0.013088007005905955,601
cg07106394,0.07194571382133444,0.0003199700624524373,0.003086396608028674,601
cg07107756,0.8688106837955595,-0.00035382357100606027,0.01414085932050324,601
cg07107916,0.6556236937699658,-0.001260622113491739,0.010770487644327753,601
cg07109745,0.8776376409511627,-0.00010450425292685475,0.0004584543652108586,596
cg07111988,0.9507087250425061,7.05729663245896e-05,0.0005267222594337317,574
cg07115626,0.1666195085444328,0.0008415046130948707,0.020930270323264888,601
cg07117596,0.9542493485838859,-0.00019745243613268252,0.005915577418717621,595
cg07119472,0.03441267759513146,0.00034243905984518484,0.027364062448084425,601
cg07120097,0.8985379599226145,-7.463778840979867e-05,0.0004411796689038905,600
cg07133930,0.2763476968038594,0.001116550160522644,0.016133288085472763,601
cg07134252,0.8748482882276932,-0.0006310628370792819,0.020174473043011676,601
cg07137244,0.039870647371234046,6.032271505513326e-05,0.00026567314647230056,507
cg07138024,0.931688888016309,8.04972327275028e-06,7.019616145798047e-06,593
cg07148458,0.9051701133641064,-0.00017271025917762952,0.00028355355582276864,600
cg07152812,0.9622441651075406,-0.00031537883802264667,0.010838796690893937,589
cg07153978,0.9725449492341582,-0.00012868615351580058,0.0013845270106491725,503
cg07157757,0.9545717967282428,-1.0483737997652114e-05,2.7985198699287395e-05,599
cg07159114,0.966916644160432,-0.0001719041449991774,0.003278228002657535,570
cg07162000,0.019425426888759062,0.0005111430411912243,0.01767423003305424,580
cg07165066,0.03468488492166419,9.090221120304306e-05,0.0009704890569118829,584
cg07168142,0.9953403319577977,-0.00028661887152430757,0.0052665650747387716,428
cg07176168,0.9167682029208193,-0.0002632779433494714,0.0052919154074148045,599
cg07177394,0.890965100898593,-0.0009116371938167054,0.02214160099442053,597
cg07178563,0.06658486738401441,0.0001049161370841966,0.003561281435046748,601
cg07181406,0.05720322963552144,0.00017823387127885687,0.004177134373808067,592
cg07189755,0.8528254068016332,5.880901062099973e-05,0.0005405911025603283,601
cg07192614,0.9675249351349633,-7.211531825628401e-05,0.00031695208510962303,431
cg07193534,0.9609782776508481,-0.00014693711726392836,0.0019119396044999792,561
cg07196514,0.7526964791019637,-0.001073592651757999,0.0026690210473793163,599
cg07209941,0.9901293276798152,7.25186182601993e-05,0.004809382632833814,160
cg07213181,0.9038849268683817,-0.00015368335039500457,0.0024119343199202614,599
cg07213415,0.9002337004393653,-3.824397597354645e-06,2.992285962233332e-06,601
cg07215947,0.9706809536697435,-0.00011591563101946832,0.001812377414387334,518
cg07217710,0.9525487063685109,-0.00046024588239520575,0.007271275870343374,594
cg07222414,0.9721248150143874,0.00014939534534101284,0.005678576903853649,381
cg07222861,0.07285090464909649,-6.519895122697511e-06,5.976990793743475e-06,601
cg07223952,0.9956949375749647,-0.00015806270305201097,0.01421216291636096,445
cg07224455,0.9351822866296385,-0.00020622803865808222,0.002602517834922713,598
cg07235053,0.4590569640491871,0.0007439577436995069,0.016496335743379498,601
cg07238710,0.9672414108960029,0.00035634465177283284,0.017666542386010176,120
cg07238926,0.8949517460621601,-0.0004620688162021305,0.006711607943789111,600
cg07241084,0.12017638298463557,0.0003324838167128124,0.005653097084930114,599
cg07243366,0.515573549553446,0.0010146225259027965,0.01064582173185702,601
cg07250916,0.05025781299268537,0.0004694110058938815,0.015408529087573175,598
cg07253384,0.23623263471895378,0.00151560924470211,0.03217802565503991,601
cg07260605,0.9786388078940991,-0.00011838747845952575,0.0014255173096467955,447
cg07262247,0.941125271504503,-9.547567888449132e-05,0.0006706865637012838,601
cg07266703,0.9703068855911623,-0.0004324608561982342,0.01439963884938833,571
cg07269138,0.04085173408744161,0.0002216493982160813,0.00907639329807608,599
cg07271561,0.10530069664668198,0.0004627611883135343,0.016938247951925334,601
cg07272677,0.9504511893518608,-1.3323939787138199e-05,5.999103659271032e-05,600
cg07276534,0.9374399698589542,-0.00020806646008801887,0.01031805719338652,600
cg07277017,0.03468060351234249,-5.0631907662811614e-05,0.0010375882130057024,600
cg07280097,0.3207833345785557,0.0009766554621004782,0.011509422951829662,601
cg07285641,0.9171958874988674,-4.684827876514561e-05,0.0004070696735829493,601
cg07285764,0.9885148500359096,-8.085357102206796e-05,0.0046624262188499355,600
cg07290269,0.9297146158704844,-0.0002569371325720589,0.0034214173509489187,601
cg07295003,0.9292408804740894,1.3672087844406734e-05,3.540318934003306e-05,601
cg07295669,0.8529966041593288,-0.00014305528957050758,0.0020809947224218472,601
cg07296256,0.21542772643764277,0.0016510783738207912,0.04330285387775523,601
cg07301508,0.9861616337159126,-1.0211794829918614e-05,6.108697853135503e-05,500
cg07303091,0.06501693136872784,0.00014349655617732645,0.009051445917135803,601
cg07319315,0.4914750453031539,0.0016199779459056371,0.023415921195180656,601
cg07324702,0.02528081386234052,0.00030503330123880725,0.005926276637065575,577
cg07326438,0.01915946975925363,-7.958185797141915e-05,0.0005162070373920802,217
cg07327435,0.8716254227754169,-0.00021177277497708144,0.002857126885940753,601
cg07330171,0.8876385650781756,0.00010409728456412783,0.0005845475675019252,598
cg07332880,0.976369689872818,-6.789919159272315e-05,0.0007205537613428348,421
cg07338715,0.48212513336549195,-2.2258493596625e-05,1.6670656833306374e-05,601
cg07341609,0.05095773572887289,0.0002707383602922536,0.01386576370189474,600
cg07347148,0.9367052008206754,-3.6322949914146944e-05,7.245976723568859e-05,588
cg07347276,0.9744701445378956,-0.0002576809530680315,0.008038768073310165,532
cg07348591,0.8991771393944463,6.557794110880938e-05,0.0009610154732915266,600
cg07349094,0.0823853004341561,0.0005478010156047552,0.009547882417045295,601
cg07354583,0.05410592741883042,-7.055326792144893e-06,1.7084348886697853e-06,562
cg07357279,0.9248718978414933,8.611593769562072e-06,1.0359473279986098e-05,598
cg07358634,0.8205706486739754,2.2444237916053317e-05,4.4378194116512226e-05,601
cg07370315,0.937555104441385,-0.00020271395755352273,0.003586414386072767,598
cg07377422,0.1333863276247863,0.0020994292590362914,0.04034271984483462,601
cg07380416,0.030386891811001515,0.00013338621709726108,0.009843865273411412,599
cg07382347,0.07733727244317179,0.003687851048281719,0.018349605947772574,600
cg07382923,-0.0006974121161379132,0.0006555923303407463,0.035160553570066644,588
cg07383757,0.08305221181190281,0.0008907040943339152,0.04940540204205446,601
cg07385778,0.19958554615718505,0.0017056198537000874,0.036534885462445876,601
cg07386859,0.8815275533349399,-7.248703966836753e-05,0.0004833941705520983,601
cg07395969,0.043102301575051655,-0.0001183058907593591,0.0054531556710142315,599
cg07401745,0.9719692441209281,-0.00015127864437501238,0.001569869132089896,360
cg07405370,0.09563642214199164,0.00038623858300920863,0.008614949438342179,601
cg07408552,0.07416256927100244,0.0007868431590302258,0.037640000267485596,601
cg07409471,0.44502676148526044,0.001790176093199332,0.026705398727709495,601
cg07420137,0.02575060642015054,0.00012551594098154847,0.004549900108069438,600
cg07420362,0.20272695404229402,0.0013091652124477885,0.03355211480110931,601
cg07422408,0.9940288335069902,-8.61900773309279e-05,0.0023922773165556688,94
cg07437033,0.05314272534797291,3.9859250221252856e-05,0.0008688736514322892,601
cg07438401,0.8594047309068523,-0.00036092593916908447,0.007191786189889582,601
cg07444408,0.852079229006803,-0.0004295551527113892,0.012856052769819604,601
cg07447431,0.9207815931328561,0.00019073621565211392,0.004715124319753183,600
cg07450210,0.07911124189417143,0.0002645456376645953,0.009795070575780551,601
cg07466651,0.9372051020237339,-0.00019961473183184453,0.002815154558935329,584
cg07474957,0.019762157422447506,0.00011245170730459139,0.00755400708568843,597
cg07489413,0.08766699579409074,0.0004632819215873662,0.00742816791648826,600
cg07489502,0.14898016026435595,0.002051209321834494,0.021764713476057906,599
cg07497190,0.9876331843590455,-8.14799021563986e-05,0.007885284085541677,591
cg07497663,0.5179973777259722,0.001287975759504096,0.002438002268183026,601
cg07497941,0.921121482624779,-0.0008159831547131359,0.022995632090269336,601
cg07498239,0.009610313235367485,0.00019581342040833518,0.004483909548583576,153
cg07498879,0.06423113245999525,6.338520366307477e-05,0.0019124610297398537,601
cg07499032,0.05457838830456252,0.00011605359244568666,0.002391113890287233,599
cg07511317,0.9248658332918267,-3.4372443680419216e-05,0.0002853336563858333,600
cg07514618,0.9074881392998888,-0.0002312590645119499,0.005703294556165361,601
cg07516307,0.9548381773295026,-4.380436412081576e-05,0.0002473165365278751,599
cg07522913,0.971775460359595,5.2737761083033025e-06,7.90544339157595e-06,596
cg07522970,0.027826942786329422,0.00010092437991800768,0.002122619953788374,587
cg07529428,0.8802554472827899,3.6194190151638e-05,4.418714261789081e-05,595
cg07530063,0.03809485437701306,0.00032105204654431495,0.011348944522669657,596
cg07531268,0.010410815368946932,0.0003742206868056329,0.026843413532313676,576
cg07532183,0.9800972291955222,0.00027823060261830077,0.11004083979321067,137
cg07532609,0.8832881278001132,-0.00011340554591548117,0.0014989026179693665,601
cg07534267,0.9516464341376931,-4.763538007801694e-05,0.00036889170079901223,592
cg07537917,0.8592567704262021,0.0001311456549055728,0.00040309940409732903,601
cg07542476,0.813742590025951,0.00021729060606706709,0.003194054334722307,600
cg07543967,0.9186692137224106,-0.00026322924354740097,0.0031242941463285323,600
cg07546360,0.8819081500028338,7.097779832310875e-05,0.0007589321282533978,599
cg07549381,0.04565145319989286,9.938006823383515e-05,0.006032873885355339,600
cg07551054,0.9970851303844329,-5.128031038948878e-06,0.0001253417848309235,284
cg07567256,0.23782702576449138,0.0007018329606516728,0.01151311573735636,601
cg07571344,0.19152942778792467,0.0011560537184870064,0.02409023692300416,601
cg07572927,0.8766690685888934,0.0001867579118107943,0.007029117844249311,601
cg07577799,0.1268797609353695,0.0007165144109168461,0.012406405344417282,601
cg07578439,0.9587480258324615,-0.00047698540170985356,0.017820329917432765,594
cg07580620,0.9433124515714189,-0.0003668333012854918,0.009089023332739643,592
cg07581623,0.8819144020413509,0.00013865662212169741,0.0010053026010480304,600
cg07584855,0.9833211866276497,-3.353822983310832e-05,0.0006007167294975746,600
cg07586956,0.7792570051699054,-0.00045421934422351017,0.0027989199347207006,601
cg07588216,0.8904262216232733,-0.00010058047963455826,0.0012192270859426868,601
cg07589342,0.10182310268145936,0.0003958610440383434,0.015063770779000563,601
cg07589991,0.1400323813105545,-8.589592630688718e-05,0.0005127694194946297,599
cg07593977,0.03571096191320815,0.0007932870343446246,0.038084699466234495,599
cg07598052,0.002000892629218033,7.006220085995696e-05,0.010685215284671146,279
cg07599144,0.9330774815307118,5.366279673226584e-05,0.0007077335828519216,599
cg07605143,0.9378793438029059,0.00016273586630992333,0.0016068159963154027,561
cg07606115,0.8028595593552376,0.00013011433819354207,0.0011562459325574759,601
cg07607523,0.8320369518163778,-0.00023281948100204483,0.00414707475051157,595
cg07611933,0.960350838160948,-0.00037726564431257194,0.008636810674530038,598
cg07618453,0.11187974103675366,0.0011540970903815614,0.04828050428303077,601
cg07620562,0.08527370959430881,1.9202693066890904e-06,1.9516185878476477e-07,599
cg07625619,0.9104161204335025,7.190667384871835e-05,0.00036422901011312625,598
cg07629844,0.05406639834468433,0.00014047194204133134,0.008625595434953559,601
cg07630327,0.9026401212261552,0.0001772200369248096,0.0020084238680851962,598
cg07634195,0.9693122945879864,6.4618968360497e-05,0.0006125114524857533,539
cg07641284,0.04154365645309862,-3.132488417113624e-05,0.0003135005750608544,599
cg07645529,0.9754953627910737,-0.0002043706808589277,0.00501947475824982,473
cg07651720,0.9520368189718974,-0.00012082296460206304,0.0050844272745680374,599
cg07664856,0.8376820573567195,-0.0007287492027369967,0.021717011834543887,599
cg07665510,0.029591325670897808,0.000539686541444257,0.03384821760433898,599
cg07670266,0.9684676563955725,-0.00015098941137359825,0.004976544983808506,601
cg07671858,-0.0019631189573226966,0.00043362403021622066,0.049846486073753526,538
cg07673979,0.07061787667325761,0.0007482193419813521,0.026248004800598745,601
cg07675031,0.25720029402722794,0.0022629003527533578,0.06608824421329429,601
cg07675656,0.8361794626989776,0.00020946220385395628,0.00408098992122452,598
cg07682037,0.033381867943367144,0.0001512956511355748,0.015345998675555084,601
cg07687354,0.8606656546273957,0.00015778558789274045,0.0004897996117618764,597
cg07689396,0.15201153231332049,0.0018982256077243916,0.05642008282867872,601
cg07691897,0.22324166310915683,0.0014049734480452995,0.016090449341453428,599
cg07696516,0.9804491384470919,-0.0005383815148360996,0.0038334203820008517,586
cg07697770,0.9153401792550657,-0.00013057081214452434,0.004115424709135507,601
cg07699978,0.8957261312567503,-0.0005804915200051911,0.010100373219045,600
cg07701282,0.8392195531288261,-0.00019140926320014025,0.003603396064716713,600
cg07702311,0.9100554249440025,0.00016727040893764987,0.00581257462902296,600
cg07709205,0.9304246817088905,-0.000782374102421695,0.03289871358208596,584
cg07709210,0.8753930426796424,-1.0475923449774407e-05,9.017968638280749e-06,598
cg07713361,0.099756947999178,-2.5760056599996246e-05,2.6397398404931494e-05,597
cg07713796,0.9800746414924838,-0.00035788986852178456,0.007939248895686646,503
cg07721658,0.9462306432427084,6.208786898506438e-05,0.0005165313877992794,588
cg07725527,0.14968939104080087,0.0005270600000309286,0.012851234680073431,600
cg07726456,0.14787910415198624,0.0008328252148223202,0.023868312225386767,601
cg07727425,0.8939818390598167,0.00015273777369416566,0.00195578403877239,598
cg07728793,0.9305670767275637,-0.00010662665578163889,0.001695894306023904,600
cg07736927,0.9063017119117115,0.00015762127909503827,0.0018807225616950252,599
cg07739604,0.0637984892082614,0.0001947060203237343,0.016613358049605953,601
cg07741184,0.031182719448931504,0.00037072997393229953,0.01871127279084528,592
cg07749613,0.0182431007638887,0.00021583429698878427,0.01542573063279562,593
cg07752095,0.9568997398024606,-1.9051858767182786e-06,5.208552817936862e-07,581
cg07762764,0.8206012871011089,-0.0007758597025696198,0.018076911973629817,599
cg07768103,0.9591709847526151,-0.00029579672920687405,0.008014501434520871,597
cg07777540,0.9388146025603682,5.571706512646299e-05,0.0005299925846025122,599
cg07785552,0.30966688622640526,0.0007920609566509999,0.015383249080124561,601
cg07786675,0.92238793738192,-9.87243572032765e-05,0.0008405164207841986,601
cg07787632,0.15169736644806753,0.0005686509228350549,0.008280712667452783,599
cg07787634,0.04370353813397039,0.0006877261109988466,0.03535887689537209,598
cg07792708,0.9832892033339324,-7.719412330360107e-06,1.7724990199252666e-05,403
cg07795766,0.9638270498328583,-2.8797618164522648e-05,6.339297364266194e-05,555
cg07795964,0.9995976754582836,-6.85394642342805e-05,0.013557894854397401,267
cg07804749,0.8689893936841923,0.00017560241454982187,0.0024982125057518845,601
cg07805500,0.2738189401535011,0.0014236898097078525,0.017503641501390943,600
cg07805771,0.9637531720009287,-0.0003234589059179409,0.005313021441793686,527
cg07808590,0.8773303171349063,0.001570834679470497,0.008320845842196611,52
cg07809176,0.9223289019072175,-9.326220136097522e-05,0.000955127298143732,600
cg07809301,0.9888546541836021,-0.00023131740892080914,0.0033406087337414236,377
cg07810039,0.11363204781830133,0.0005069762077386066,0.011510793757212756,601
cg07810733,0.9689813393733343,-0.00033044399462725483,0.011997239423631179,582
cg07810927,0.020661515764153718,0.00014642451699619442,0.0034759298370815594,506
cg07812059,0.964920938700622,0.00044210115658413636,0.02594990443453149,131
cg07813031,0.10560795455853254,-4.490701617395808e-05,0.00014939685207127074,601
cg07823492,0.9753054635363096,-0.00024537362048357257,0.005379919161146773,599
cg07832674,0.06895655614093192,0.0002403243384695346,0.0047776513223232175,599
cg07842409,0.05395033316338972,6.56571063848009e-05,0.0017919683186441437,601
cg07843390,0.9177300997102685,5.93809049810506e-05,0.000951821951861942,601
cg07845011,0.8693880626501082,0.00011462670361804145,0.002035551421177395,601
cg07855639,0.8701599947602742,-0.00024288831844326898,0.003457249688573305,599
cg07856071,0.9865617088653401,-2.8558954800955947e-05,0.0006256553512893337,572
cg07859799,0.9573804687035516,-0.0002389062098355863,0.012443602347532945,600
cg07860918,0.03982150474455867,0.0005015003525676838,0.03393552964547908,601
cg07863043,0.9638945513492158,2.321263558943779e-05,5.105442539021787e-05,519
cg07863354,0.9229225241516426,-0.00016385741834715575,0.006056191241420428,601
cg07863831,0.9738800065687785,-0.00028755305299045704,0.004641255691155144,455
cg07877900,0.09344610592079003,0.0010952747814257544,0.04197603325336596,601
cg07883722,0.9173564103317311,0.0004339020740149159,0.012278816928277814,600
cg07884255,0.9668835127583474,-0.0002853961718014168,0.014986465985618258,596
cg07884764,0.17601648701928166,0.0002145807707683916,0.0025166673793146632,601
cg07886195,0.9449810404437455,-1.7475977053819847e-05,4.608786838922185e-05,597
cg07890238,0.9090430239456316,0.0001754702022210883,0.004003822440149407,598
cg07891271,0.015750115738656496,6.457759335780546e-05,0.004472630797202726,599
cg07891288,0.9155261965245302,-0.0004850307789490788,0.014174159564424693,601
cg07891457,0.8618665334582062,0.0003313851095158123,0.009813607246718759,600
cg07896068,0.9437981274844045,-4.6057638440889555e-05,0.0004268975230656835,601
cg07897871,0.9126687971419084,-2.8255740299364758e-05,0.00019395642051145412,601
cg07899076,0.7672237254166764,0.0004102672718252952,0.013158149099330996,601
cg07906432,0.8941276450144436,0.0001971932005197618,0.005207022560458796,601
cg07906724,0.048613576641126435,0.0001595486729638623,0.003558664754686136,597
cg07910075,0.9609231440019779,-0.00015289613201573213,0.002972699462395867,586
cg07917546,0.9837641323109394,-0.0003073481273929336,0.02453650517379158,596
cg07921503,0.09742049241598184,-9.534745820655529e-05,0.0011547299500954677,601
cg07926025,0.9453226730868329,5.764398118368699e-05,0.00011727424490592941,491
cg07931608,0.9767023091317073,-0.0002042829741899984,0.004577389662898446,485
cg07937427,0.03704518982740442,0.00036300518692746885,0.010509523053846448,583
cg07942500,0.939969778163451,-0.0002313358873712586,0.014005239405361691,601
cg07944381,0.9252555013697041,-0.00012525620302709193,0.0008771873337407587,593
cg07946277,0.08316579023651702,0.00014428199163342371,0.004728167007285733,601
cg07946977,0.09309455606050084,-1.9319225172443343e-05,5.4017889304591726e-05,601
cg07947930,0.9594267112168137,-0.0004902334677585752,0.02186012793547376,599
cg07950798,0.9556575419447146,8.724579032706377e-06,1.4984990896138584e-05,595
cg07954691,0.046584736480570946,0.00032929908008760004,0.012736983041613525,597
cg07959068,0.9155223477405265,-4.312720110260758e-05,0.00024508092385611135,601
cg07965110,0.11028945490297236,0.00026268543320445616,0.007056920759899721,600
cg07969497,0.9437673292452504,-0.00032716768419707574,0.007476291921175826,594
cg07979747,0.9137594524588737,0.0002688061957776341,0.003590230466472999,601
cg07979757,0.9290969622802292,-0.0006668305965644593,0.01289892939730386,599
cg07981013,0.09506087825821344,0.0009808264828335726,0.0760365458375225,601
cg07982740,0.9168873472249555,-0.0001317832421996805,0.0028793389921110135,601
cg07986666,0.9181983794557992,-4.5204794611416626e-05,0.0004274435777031904,601
cg07988060,0.12196472021021662,0.000579826836744172,0.009137848116804514,600
cg07988171,0.7926955841020548,0.0006981280635192386,0.021381632296969877,601
cg07990556,0.5437593397185891,7.169081837104849e-05,0.0002764786402564834,601
cg07991704,0.9597910163762735,5.3089523916644246e-05,0.00028838568455280544,576
cg07996594,0.9556320126231742,0.0002403941776606496,0.012554182471929298,600
cg07997333,0.9415215012953312,-5.63998668008321e-05,0.0002720225729945236,600
cg07999738,0.998841540237338,-3.639032342771217e-05,0.011537008406232396,309
cg08001952,0.9773468350003642,-0.00015681881255265147,0.006611051920530908,577
cg08003353,0.19505908374754344,0.0012180708935313376,0.015131797891964283,601
cg08004365,0.9613490618034389,0.0003294354244134056,0.02192187322685657,457
cg08005208,0.8961709449111364,-0.0008401467400456075,0.024808197316458447,601
cg08008475,0.9639126966652672,-1.9765616174929488e-05,7.20224232653166e-05,573
cg08009487,0.9203630254265747,-0.000520194467890287,0.013238397806288438,600
cg08012045,0.9556712794912442,-6.076454077658715e-05,0.0012997182192391321,599
cg08015107,0.5872091111334116,-0.0004432987091239997,0.0012577819438214233,601
cg08016336,0.8806206673723496,-0.0003463198911647203,0.010733344632114505,601
cg08025954,0.07413742932145972,1.746852267523158e-05,0.00011321884868309429,601
cg08028435,0.0294691619938606,0.00020054263209856347,0.026502402387768687,600
cg08030625,0.9353888846314266,0.0002346542668087206,0.003389602400158842,569
cg08030922,0.96305688562233,-0.0004495289870931074,0.014480375420436897,573
cg08032619,0.9317474250049174,-0.00039735771992181046,0.012132673080292089,601
cg08040471,0.10276166318902939,-1.32193445111385e-05,8.20101784826388e-06,601
cg08043048,0.027806436052262934,-6.412900819584287e-05,0.0010921672811621264,572
cg08043998,0.7243897002717754,0.00029249704668093203,0.0034491598954047298,601
cg08045906,0.9999738541067343,-0.00028648552044321956,0.009117256334226997,159
cg08048831,0.9592056366247612,0.00014893004218382322,0.0012677051124940775,310
cg08050663,0.9692031425216476,-0.000401976130916177,0.022353579796859258,600
cg08051105,0.9566594000806773,-9.079092668794441e-05,0.003205814286631692,600
cg08051386,0.9663834935094174,-2.837073203853431e-05,9.869217754554516e-05,480
cg08052292,0.06495815558744134,0.0008485960991271739,0.04474454316630505,601
cg08055663,0.012010743738882772,0.0009584956510231196,0.058208567025783586,597
cg08058560,0.07251867831927224,0.0003828561261802829,0.0017378824494646006,595
cg08061524,0.9981878817356533,-0.00019988721767217344,0.016835153396853486,236
cg08064683,0.9291567779216914,0.0003473121062837596,0.0071072811300793015,560
cg08065231,-0.02040687972429022,0.001292994005059998,0.07077329955738776,581
cg08066035,0.0008948205412404736,0.00015687731051404865,0.018256267968683182,253
cg08070200,0.8992398506805903,-1.0932374452720272e-05,1.2909750260914343e-05,601
cg08070476,0.9766177225379089,-0.0002496318674088179,0.009366615050650617,567
cg08071719,0.9865367033449555,-6.035771517285214e-05,0.0023907879623272787,581
cg08073133,0.8956817805265028,7.668358639916027e-05,0.0012985912969869506,601
cg08074555,0.88474871735987,-0.0005994682424750495,0.026880666025617783,601
cg08075024,0.9727496243514989,-6.142282161948026e-05,0.0004103405555534456,410
cg08075204,0.025505709101211804,0.0001912891115025366,0.007917535060089298,586
cg08076807,0.019481447267412175,-6.907444556885424e-05,0.0011902851063331221,377
cg08079170,0.9066498036226547,0.00011736679237265229,0.0028729089091313886,601
cg08080195,0.04558573983219538,0.0002575124434815711,0.010074934941275537,600
cg08097157,0.846713377379238,-0.00015413492779027535,0.0007071476456265158,600
cg08098128,0.04810750474630996,6.747001048090067e-05,0.0007506106154913095,599
cg08101036,0.9953480371290313,1.980019839241732e-05,0.0012722579547952417,289
cg08102106,0.9231316507374552,-0.00025554362180889593,0.009941995403047077,599
cg08107079,0.9777815169060934,-0.0001394949945396413,0.0022941520695549666,445
cg08108224,0.18274497512531324,0.0004888865761286964,0.008956046005514029,601
cg08120831,0.2054632885391613,0.001934557677310314,0.06108581807167435,601
cg08122156,0.11847391451435958,-0.0002546950075055219,0.0038052965161671226,601
cg08126875,0.974465493657566,-5.77539039951024e-05,0.0007523003042475551,593
cg08127080,0.9571504431579234,-0.0006008652782227658,0.03243455490298308,589
cg08128274,0.037055962143346034,0.00010959115856935863,0.0016883301644384785,580
cg08129331,0.19423447921017256,0.0017858567386934805,0.06980412556772497,601
cg08133629,0.9145532434576019,7.338771927651311e-06,9.090945249923266e-06,601
cg08133848,0.8548506727289601,-0.00033078369283684835,0.008954955009261356,601
cg08134504,0.8847112061010869,4.961778481598762e-05,0.0004223707744980265,601
cg08135406,0.9639462572663826,-3.5950704941957875e-05,6.728988677762171e-05,575
cg08139238,0.9565225599895664,5.6805624468770506e-05,0.0005619931302969228,593
cg08142884,0.9838256312381907,-0.00017104598102466568,0.0014113161601435609,459
cg08151983,0.9673561415588171,5.638733508136655e-05,0.00037986944225409935,465
cg08160477,0.9287293075138044,-0.0004661426477815419,0.0015556410289010447,601
cg08168580,0.2256493724568766,0.0014855595091192747,0.05186762482048057,601
cg08168689,0.9075257440871989,-0.00040223475810567737,0.00951965719387493,601
cg08169020,0.6583739884518655,-0.0004664279803386235,0.0020187919954492983,601
cg08173110,0.011689674660133223,0.0001258037006817885,0.008662481168047242,579
cg08175413,0.2303790848801453,0.0006445911586634168,0.004400568384402281,601
cg08176368,0.03992318696815003,0.0002541385375983019,0.004501684821911267,600
cg08176410,0.7874709140627696,-9.691879461868091e-05,0.0002395350589472489,601
cg08184027,0.973712349925798,-0.00012648405324312408,0.0013507359622975113,478
cg08190450,0.061571529672626954,0.0004139544169605304,0.013065046792094415,601
cg08196512,0.9633965021763906,-0.00013210123605648846,0.004155152805298656,600
cg08198280,0.8804097098537087,-0.00022776191686081596,0.003853432487299524,601
cg08200043,0.868481265072329,-5.810659150454705e-05,0.0001669610109331643,601
cg08200446,0.956831630630689,-0.0002563808504093383,0.005097334729568415,583
cg08208317,0.11441868481644747,0.0005454074080256714,0.011395883092355397,601
cg08215318,0.4863997891057873,0.001142340684868296,0.02279326649552771,601
cg08217163,0.018717067478590713,0.00020256675776396973,0.005256563442779361,444
cg08217545,0.5334539649198073,0.0013768163411842765,0.034032990524271445,601
cg08219218,0.9654503298665609,0.0003719568867551698,0.011599820744929712,134
cg08219589,0.9797494691024341,-3.7881304849546165e-05,0.00028882867515866995,362
cg08221272,0.9516970797297327,-2.8123807749009496e-05,0.00011896433813363139,593
cg08224160,0.981906917366199,0.00019441636721049318,0.006667858534233906,107
cg08224920,0.04235674311385508,0.00010487764170906095,0.001899086782833237,600
cg08227290,0.7528441142166077,0.0003105591049942421,0.004494342248090755,601
cg08230910,0.9217280288869931,-0.00010131403256919348,0.0006749303899542536,590
cg08231038,0.9550975407227348,0.00017783219341416378,0.002817990295740813,506
cg08233909,0.9107210142504314,-0.0002801717261557045,0.012061163326850255,600
cg08243626,0.29709457974143383,0.0016622682561578876,0.029420960507273608,601
cg08247527,0.9841348576205595,-0.00034080486918873693,0.002627238405190524,321
cg08247587,0.08116432945640571,0.0008260803427478286,0.0526867578512461,601
cg08247938,0.8210441517353003,0.000160896035377433,0.00031082657437220274,586
cg08251025,0.9116641140973434,1.495629786091194e-05,9.644774047967708e-06,598
cg08251901,0.04390980855988867,-0.0001608333392227104,0.0009316604803679684,460
cg08255475,0.4624637575453375,-0.0006908323456928768,0.008186499546071868,601
cg08259137,0.9746536987798281,-0.00021596324423493412,0.003144301191870813,385
cg08261841,0.9828490002878374,-0.00013214183373272357,0.004991623367131104,528
cg08271366,0.9023101237671934,8.380396704112393e-05,0.0007754552721758179,601
cg08271443,0.937874508895597,-0.0004899878238091138,0.02922209770649542,601
cg08272513,0.9307065102635121,0.0002663626244394266,0.012833684646020305,596
cg08274633,0.15907593481496998,0.00039946443311512426,0.006416121918955575,601
cg08276755,0.6016854890733493,0.000553118215725577,0.005197928501108451,599
cg08277100,0.9875803548584671,-0.00048436253226609715,0.005998470807212941,437
cg08284213,0.03945264693055154,0.00020155855457195182,0.0044643264049231135,599
cg08288130,0.110218568808632,-2.5415607868118938e-05,2.6577504532943053e-05,600
cg08292569,0.1461225876847484,-0.00013741096360040037,0.0009676910260125737,601
cg08293777,0.9245690005543935,-0.00036326184143123586,0.00849780135318734,601
cg08299521,0.16736649436095472,0.0008067076192000071,0.015705097508660892,600
cg08300930,0.9738823337185198,-7.941564447123183e-05,0.003166951347702285,597
cg08309529,0.12565391685225033,0.0005032525875323451,0.013191437511014481,601
cg08313420,0.08911654642819307,0.002077107694137829,0.05440113800257029,600
cg08314996,0.8653453368076853,-0.0003968480681743219,0.009539657393727863,599
cg08315399,0.971607711206887,5.000884225506138e-06,4.117183948104675e-06,506
cg08325271,0.8650767219941354,0.00018570457474832862,0.001049010282921814,598
cg08326019,0.9714825988333375,-3.0331304940786684e-05,0.00039134809030472173,601
cg08330349,0.04924211171037891,1.977319901280907e-05,0.00017752363322365294,600
cg08338478,0.030711209123926417,0.00022458977107524394,0.0051050693548255754,585
cg08342691,0.014462388515720515,0.00012471693771202487,0.013843471320567069,597
cg08345142,0.9342411651379665,-0.00016691819500705955,0.003307024219246668,601
cg08354372,0.9123257353827213,-0.00022211409723929808,0.007894490752105465,599
cg08355301,0.04082701975390688,0.0007977328396640715,0.024179096098996933,601
cg08356028,0.9437093017505018,-0.0007992639651954248,0.012479823944107848,601
cg08364860,0.9568030297710628,-0.00011934694263509347,0.0011277257050482659,562
cg08367801,0.9642573830956063,-8.526395560428774e-05,0.0007567756298326733,573
cg08368520,0.9442903148827734,0.00016855855515902145,0.001953412488261863,528
cg08374659,0.9221645391836744,8.684913862366486e-05,0.0013031971805835818,595
cg08379738,0.9938037842875557,4.090631077626082e-05,0.007387046548261722,400
cg08380252,0.0951479576090691,0.0015204465558526252,0.03741676675258476,601
cg08381046,0.8343141896453027,0.00010776409709165434,0.0006625138245277551,600
cg08385249,0.03104653738778357,0.0005010459272665519,0.039986178739528144,599
cg08387014,0.9571097476506895,-0.00036551437046217005,0.024546628077032784,601
cg08392484,0.8985614712102953,9.891763730608505e-05,0.0013717958849507328,600
cg08395842,0.12800534230247088,-0.0004873046845236735,0.01469614961776955,601
cg08395904,0.8840552484693912,3.605914616666076e-05,0.00016876550619793207,601
cg08401725,0.9321550678450149,-1.1395276122391607e-06,4.183569333182646e-07,600
cg08402963,0.8901953949886116,0.00017652895889993224,0.0036738438022055897,600
cg08407014,0.9730979332416477,-0.00012034405058263962,0.005066159399400916,596
cg08407620,0.8978452856776756,-0.0008342021732114484,0.025454595115270817,601
cg08409113,0.054057476512605875,0.0010635798190051515,0.006568043410495883,596
cg08420572,0.018585512707075216,0.000695096778612407,0.04386974913505459,599
cg08422793,0.03743126017055987,0.00010107368603919392,0.0070033669647375785,601
cg08424188,0.007382672458825306,0.00016261539327346527,0.0036342052446118878,405
cg08425810,0.8052336295007008,0.0005744182927449111,0.0018039896342851858,584
cg08426898,0.975415690731509,-8.261515678109956e-05,0.0008208567763915431,421
cg08428819,0.11148215342633365,0.0010255747692531887,0.01859373575709966,601
cg08433504,0.8277435160648425,-0.0005230237611119255,0.0013701004359861768,601
cg08434186,0.9757487835567353,-0.00011064735437483937,0.002583425678557405,557
cg08435683,0.5770932434514288,0.001136846167211602,0.00916558275013335,600
cg08436089,0.9468024652339792,0.00011961579954561961,0.0012943840559446196,593
cg08436738,0.024298061495584205,0.00032574314102080146,0.01022493990052431,598
cg08438529,0.6920296223642121,-0.0010502195759808067,0.017706300651913698,601
cg08439122,0.7735350505764713,-0.0001402018198238898,0.0007886682418266622,601
cg08441803,0.9147498167766961,-6.598656959505221e-05,0.00014847664306216757,598
cg08443845,0.04774105426911065,6.893952661223557e-05,0.00023350093709573194,567
cg08447992,0.9424274054143992,-6.369177732331528e-05,0.0008975529888523015,598
cg08452456,0.9977172078462254,-3.970625748466069e-05,0.0061780829010448235,411
cg08452964,0.08243824813796906,7.21465930461237e-05,0.001572141410777328,601
cg08458912,0.9118639314221513,-4.738050892868803e-05,0.0003525164082521792,601
cg08461097,0.9527458364451376,3.7370234333496905e-05,0.00036786745509309604,599
cg08461425,0.9006842404046164,0.00011175577843200324,0.002675128169393526,601
cg08462127,0.6170397940813199,0.00031545395439877175,0.0014025772620248622,601
cg08463297,0.21258566282495342,0.0010218264537342995,0.012845350556679236,601
cg08464505,0.9245380317568683,-4.520359847060911e-05,0.00029753596600246013,600
cg08465346,0.16763239801133245,0.0014315723053010343,0.03575096302324865,601
cg08466256,0.8638041567500138,-0.0008735085527587025,0.012813286141656444,599
cg08467371,0.005165214646959554,0.0001211251815164824,0.006203926206991173,530
cg08469255,0.759782671702767,0.00025798958003758223,0.0017346224413217204,601
cg08469834,0.021151788998707302,0.0001904073738104807,0.009086945294003002,563
cg08469845,0.8281178355215469,-0.001159591815624848,0.03806615157412552,601
cg08475721,0.8773972004505434,-0.00014732694521575138,0.002258879031599048,601
cg08476244,0.2348314971515836,-0.0003253782805602959,0.0026375315887058326,601
cg08480068,0.014197981020364368,0.0001414778786036205,0.00588245997607828,582
cg08482167,0.9205289041466989,0.0002976078212895132,0.013061670340251519,599
cg08484337,0.9290297923611033,8.105166461816879e-05,0.0010235665292892548,598
cg08486065,0.9951699607915385,-7.552101682348585e-05,0.010987245271196211,544
cg08486269,0.1541458015953704,0.0012021703549530275,0.02810166707225814,600
cg08486903,0.8274287635706177,-0.0007510691085887045,0.019786375241890197,601
cg08488569,0.9005930993280491,8.036831112616663e-05,0.0011327726601126908,599
cg08489512,0.9716740564615381,2.2826718966136742e-05,7.490772637963605e-05,421
cg08491125,0.06803402735156022,0.00014285338446957886,0.007250757648724293,601
cg08495878,0.8784938821290305,-0.00035771490622102506,0.006650803805451799,601
cg08500417,0.9511468891966979,-0.00019770224185410764,0.004007196352167286,592
cg08502360,0.746104068432016,-0.0006389397173138184,0.010601357964329039,597
cg08508431,0.09098644235540292,0.0003978613491777036,0.0067294641699481295,601
cg08509383,0.8412957347605697,-4.94509168643966e-05,0.00025288250087807107,591
cg08526412,0.09320683719504182,0.0007509139450405575,0.023053031336707552,597
cg08527124,0.004033908117091162,0.00043091098229417076,0.004235557007948643,302
cg08530838,0.07869512405632523,0.0012102790581086115,0.022382561199460138,601
cg08530859,0.9603222222281649,-0.0004316535115607017,0.03774144131520196,601
cg08531380,0.027753612471966598,0.00043156507247939485,0.04010920263722739,601
cg08532914,0.9633668529795754,-9.600310500888414e-05,0.002234829005554273,590
cg08534016,0.4424570837108963,0.001344631300257944,0.02263104587139686,601
cg08537367,0.20837319380134284,0.0018962019127928146,0.0738010831587047,600
cg08539872,0.035073327772310973,0.0002750292105087343,0.004037936885960658,573
cg08543327,0.18959734452841454,0.0012598365375670088,0.023701844544543604,601
cg08546120,0.9557002777250577,-0.0003222703109431723,0.006083640044603378,585
cg08548559,0.30546797134988446,-0.000693712867292753,0.008679041262817933,598
cg08549216,0.8912168782074908,9.253792816496229e-05,0.0011535244949536505,601
cg08550588,0.9847628719534137,-2.1411683809216782e-05,0.00046596423609135407,598
cg08553572,0.3345068032643892,0.0009896062826875037,0.02561871318958575,601
cg08555682,0.03269549679440848,0.0001531521730067637,0.008810404953290107,601
cg08560387,0.061422657302238275,0.00038129854594856703,0.013856408949068144,601
cg08561071,0.11629073168032245,-0.00010309337661502077,0.00013068425514894955,549
cg08564601,0.19996299157851363,0.0006019124158742952,0.010827885625780853,601
cg08574423,0.038709778356911764,0.00024293529889817813,0.013484787493084904,600
cg08578641,0.915423021163612,-0.00018334133096976877,0.003110463226156268,601
cg08578703,0.050111943000811766,0.0001315816196157732,0.004223163198265656,601
cg08579780,0.9315336435194185,0.00024347238335701207,0.009659805445771719,595
cg08586426,0.01473770800473577,1.3820236787921048e-05,0.00013756556552657617,549
cg08586669,0.10938187529105795,0.000894119299558089,0.019608347493504708,601
cg08588180,0.039958147178646486,0.00011037893046740817,0.006063553708991587,598
cg08592160,0.9873604382884115,-0.00011424940779897731,0.004436826692538198,504
cg08598324,0.9594521921664599,-0.00031662678875126214,0.001353322908810184,597
cg08601457,0.10022462742821828,0.0003610804575620003,0.007612163238029823,601
cg08609400,1.0211468880003172,-0.000601059802651569,0.010778219356106566,152
cg08616243,0.9528741669940851,-7.907123204251421e-05,0.00114488423282455,595
cg08616951,0.9852202796609957,-0.0003429217772861859,0.02424215755374648,599
cg08617982,0.0447792556288041,3.199574460160218e-05,2.6075350288534693e-05,501
cg08621624,0.10631433781304617,0.001615712791335652,0.045310089477401005,601
cg08622675,0.9927419416619584,3.816588836458897e-05,0.0019050593518570302,172
cg08625617,0.9376704988770371,0.00011805757086709123,0.004076460022522266,600
cg08632164,0.18834243556995287,-6.345017390413217e-05,1.296183053467459e-05,598
cg08633881,0.987572288374875,-0.00010168378824399794,0.0032121750756619605,405
cg08640619,0.9481268468682978,6.83548597059981e-05,0.0007913822064419263,595
cg08643472,0.005831034182625946,0.0002767190822148011,0.015043927939034862,446
cg08651937,0.37251961476101314,0.0016874055613368562,0.022465595876950184,599
cg08656837,0.9149409529098516,-4.982466680065184e-05,0.00031147023175692734,601
cg08661450,0.9949104460327266,-4.331206381295858e-06,4.994667976432332e-05,371
cg08667740,0.9188075609882017,4.58347716838049e-05,0.000407244005466767,600
cg08669718,0.0372451617247482,-1.1343293046362497e-05,1.3460173569401768e-05,555
cg08670465,0.027650052483606632,0.00035845675766732227,0.005623512629685967,581
cg08680528,0.9561703325483949,-0.0004742188199965259,0.01771964335286713,595
cg08681473,0.8352625231864818,-0.0006938816448492362,0.02055003286983126,600
cg08687052,0.9834308045031004,-0.00010037686849320941,0.0024332072387064363,443
cg08688659,0.3617930669335607,0.0013836740380712487,0.017712988226129323,601
cg08693490,0.16064237789412555,0.0018807645100677882,0.0741861937460423,599
cg08694003,0.9347144793070342,0.0006944772832416182,0.023202686473047573,204
cg08697732,0.916443186379623,1.8277968648076112e-05,2.2967136830032153e-05,601
cg08705382,0.8808264057166636,-1.3360948954716333e-05,1.868805159399578e-05,601
cg08712082,0.9758697665159927,-7.65067654684701e-05,0.00033571381284402957,469
cg08713081,0.9849173694826789,-0.00022886899683540536,0.004957601059725203,423
cg08718293,0.9115141028336766,3.748087916951375e-05,8.167517544654945e-05,595
cg08729279,0.8938812231769361,0.00013683511976336389,0.0018459157364130174,600
cg08730070,0.8817069935633843,0.0002257444153142923,0.0022137536809592184,601
cg08738571,0.9055159489807612,-0.00010336505570884849,0.0019089692779689083,601
cg08749443,0.9490479335552953,-5.3523532420924456e-05,0.0003229197616435586,595
cg08752947,0.9552782642462002,-5.844901961275709e-05,0.0008101785306536824,595
cg08757862,-0.0006336211422065322,0.00044362851179179157,0.010894586151654728,506
cg08760402,0.9729650029329828,-5.705746747122303e-06,7.619884500265073e-06,554
cg08762253,0.7758676295890251,-0.0003270239575507267,0.0015366759119322948,601
cg08763617,0.9585407951424315,-0.0001650666991606577,0.005913714552717386,598
cg08767044,0.07854713640735973,-0.0004109405883801622,0.020589000786084055,596
cg08774868,0.8362584384916628,0.00045284913188758106,0.013692559962829698,601
cg08774902,0.9079241685867252,-0.0005407177842215969,0.02192574071855402,601
cg08775230,0.8965702712264935,-0.0003373104714244615,0.008142282333838291,601
cg08775835,0.9849333284022624,-9.021746552442346e-05,0.004702366390305968,595
cg08778148,0.932955196259384,-0.00011729274802425984,0.0009738904305751639,599
cg08779777,0.026187495918586413,-2.623393811184753e-05,4.075497533762018e-05,542
cg08782022,0.2877820869754758,0.00206205900370329,0.025948320778605316,601
cg08783253,0.45600061795785596,0.0015964168276637637,0.026157050891700617,601
cg08785871,0.7944194085853047,0.0005348005162524618,0.008128501457551618,601
cg08787837,0.10098574866292433,-1.585594561225139e-05,1.2111906115941373e-05,601
cg08791424,0.9840432611527157,-0.00019290073163535877,0.012747051449619407,594
cg08791953,0.9770018529271762,-4.947348833398799e-05,0.0007529165849355923,601
cg08792542,0.9149571387444846,-0.0003419870781035117,0.015611655917025291,601
cg08792703,0.20451384857105265,0.0018110362299405265,0.0441619489946925,601
cg08792812,0.9076976778134735,-0.00021493876744356174,0.0030873925815376735,601
cg08806632,0.18604890527776385,0.0008665893688105934,0.015158488780716683,601
cg08812108,0.9392769469838758,0.000474552018663514,0.019693661470713608,540
cg08813944,0.7633486857688622,0.0007016918600781071,0.01066538874837708,594
cg08818984,0.027958463219583313,0.0004199211006249889,0.019304709439649237,581
cg08822523,0.9144514593434486,-0.00032154847544961463,0.008357782253807233,600
cg08823898,0.5961503101813352,0.0025795984197350954,0.030663803618973917,597
cg08830300,0.9900470207279778,6.0279932887668566e-05,0.0005625008599016157,406
cg08832723,0.9719863119408434,0.00025076301602378775,0.011311293788340282,244
cg08834128,0.8306831121012831,-0.00026958247523840373,0.0016448826873982636,601
cg08834350,0.921196474011435,-0.00017772446372283274,0.0021978490508643977,601
cg08836861,0.9296065631264675,3.6606390071011036e-05,0.0002474295454893971,599
cg08840230,0.9382005818914653,-7.486644553155495e-05,0.0013141532623834884,599
cg08844365,0.8781821461141625,0.00013493496409742087,0.002219790844548486,599
cg08846079,0.9050407029863825,0.0001850436230425793,0.0071598010072445595,601
cg08846467,0.9063565585473187,-4.653026586996978e-05,0.0001833524356278371,601
cg08846870,0.9870978134714933,-2.088060080846819e-05,0.00021589970591406882,392
cg08847737,0.9626454026423409,5.0450779454478486e-05,0.0002543700991296527,476
cg08850641,0.8989837712802593,-1.9752205261753127e-05,4.624652329199286e-05,601
cg08853571,0.9190369352659221,0.00018929360101216494,0.003916921897194503,600
cg08853572,0.991187218786352,-1.932964327743421e-07,4.05699335237486e-08,539
cg08854008,0.015660150165685328,9.265813074070783e-05,0.009328751317434048,595
cg08854185,0.914286879744554,-0.00044752679706582806,0.010982130844539806,601
cg08859309,0.037867741160238604,0.00016041003733312448,0.0007156548814589714,381
cg08860136,0.7396357338625202,-0.0008612734010672803,0.021424947043560905,601
cg08862452,0.9885519509343187,-2.3591607642988252e-05,0.000784728119931688,580
cg08862742,0.9246617421567437,-0.00024119212761250993,0.003408912869051983,594
cg08863777,0.48160071469372145,0.0009896911483407169,0.02359083695970443,601
cg08864819,0.8633557854777689,2.2509292080589848e-05,0.00010181948336829283,601
cg08865625,0.9077697209237021,-8.553108156894228e-05,0.0010189016771401382,599
cg08866695,0.22706450026477704,0.0014190469417537928,0.02868342621657871,601
cg08873805,-0.006096581663084261,0.0006770262581497069,0.03884991045793307,531
cg08875705,0.03144260147793746,4.613215822956371e-06,5.1512040089018996e-06,589
cg08880153,0.9566483106797248,-0.00013399931811409164,0.00403581043149559,600
cg08880849,0.9592717611015158,0.00010100602991456291,0.0004468822673128203,561
cg08884247,0.9412862247470102,-1.9576760856083487e-05,1.5610661706078055e-05,571
cg08886001,0.9830523701849337,-0.00027936216094991227,0.009087524648728862,505
cg08887400,0.02113472118829784,5.7000607446798763e-05,0.0008416881723448677,575
cg08888918,0.9737072219618457,-4.842461221347963e-05,0.0004352958473236024,536
cg08891123,0.8823840771112433,-0.0003835227037478317,0.00706415290980944,600
cg08894487,0.12009199409246481,-0.00012090260984026789,0.00015369499359385586,599
cg08903939,0.8970026819400899,8.836035347704988e-05,0.00047713082084532843,601
cg08911368,0.10925089043251675,0.0002738226678179646,0.0004716303143593725,589
cg08920174,0.08520250355035827,0.0006821811125808662,0.022377731124313183,599
cg08920458,0.9350043984261376,7.559738584058098e-05,1.9986810374961195e-05,300
cg08923349,0.8230005163035938,0.0007379216467361202,0.015298175308817719,593
cg08923594,0.9601609801048056,-9.763349369932192e-05,0.0007208451756288703,512
cg08924023,0.9637846821777029,-0.0001273304400041039,0.002224333139082768,577
cg08924619,0.9893464097004605,3.145068967415963e-05,0.000437624128740155,546
cg08931647,0.9425346481063493,-0.00039851669734227894,0.010866823289784278,601
cg08934208,0.9213800283237278,4.712256336847255e-05,0.0004681238759469686,601
cg08934869,0.935366320460554,0.0002143675745994285,0.004259349693029768,598
cg08939371,0.09648694707432763,-9.943382954221508e-05,0.00015496409093396224,600
cg08940169,0.9435208340335542,-0.00015625787744255818,0.0027434846930174395,601
cg08942191,0.9170296754221835,-0.0007771567039777272,0.02260174203373111,598
cg08943494,0.22073975721997677,0.0009808276182816135,0.028142767944569602,601
cg08944484,0.9678852201736794,-8.234496687418004e-05,0.0019776305695674568,592
cg08944961,0.04300368452707094,0.0005034248158609536,0.014928987216482614,588
cg08949345,0.9311710204937816,-1.3313321846627424e-05,3.868721724775703e-05,601
cg08951271,0.8661442881037269,-0.0007992471509927101,0.03693767311481988,601
cg08952523,0.8221785150092769,-7.953606653432755e-05,0.0003906979042953562,601
cg08956673,0.9666503278295357,-0.00032985448225887734,0.003659512454655456,597
cg08960448,0.9854168700632499,-7.899978305485066e-05,0.0024847703085444373,597
cg08960549,0.7405577281798807,-1.8210231512688764e-05,1.0052115144709717e-05,601
cg08961196,0.9117890021720398,-0.00012472823645663146,0.0025534883288330645,601
cg08970648,0.4733858338877158,0.000177947216170405,0.0009855390802944175,601
cg08970682,0.9132661952472275,-1.4306441444959278e-05,2.7167291372309776e-05,601
cg08971334,0.9940348100242083,-2.856635255021162e-05,0.0014029407193396626,469
cg08972301,0.12820724209851414,-8.424839546450089e-05,0.0006847442835629103,600
cg08972954,0.0571659832762044,-9.421520266318841e-05,0.0005346388333452579,594
cg08987251,0.3764169841008999,0.0005073717203825436,0.003596501735608104,600
cg08988543,0.8513945302703411,-0.00015768213568595645,0.001465374713569556,600
cg08991742,0.04097874031105748,4.3841331224376054e-05,0.0005455156565195018,601
cg08994082,0.9105577096252992,-1.0323663739024664e-05,1.625701450258532e-05,601
cg09007841,0.995334853214243,3.7225364876956317e-05,0.009091552730786545,138
cg09009070,0.9166373249000719,-0.00016923631276894553,0.005398727055757502,601
cg09011473,0.980500486538364,-2.5473737089210622e-05,0.00012903532485719627,275
cg09026253,0.6727342528708788,1.89087818342466e-05,6.375115909729168e-06,599
cg09037630,0.17701677778052952,0.00024417506022167884,0.0014002024587177475,600
cg09037867,0.9486764430431707,0.00010617842779923363,0.0030307139849529152,601
cg09038962,0.9890709644144293,0.00010534927694634231,0.008333455012051183,301
cg09040005,0.9457854427058102,9.964282121267716e-05,0.0030482021706566,597
cg09040942,0.9903305985541897,-3.95823474976178e-05,0.001315600909469028,553
cg09044154,0.9746840809855373,8.477690363513916e-06,1.641832954701883e-05,502
cg09044665,0.918403131000245,0.0010077549437036515,0.017975593610261797,105
cg09050670,0.11227359963346399,0.001791101342324027,0.03824683807883966,601
cg09051630,0.9598494937429335,-0.00044311790485931983,0.039477711879281285,601
cg09062708,0.9566314664109057,5.569918762308918e-06,8.54997295873794e-06,601
cg09070101,0.9326807438905262,6.488801778475416e-05,0.0008305758161938348,583
cg09073989,0.9295743583327779,-0.00019133917425279837,0.006699114686596341,601
cg09074223,0.9459506221729277,-0.0001258552351952403,0.0018151067949383481,596
cg09074856,0.9983823783354179,-0.00010293103302047377,0.008391061595026117,351
cg09083359,0.9433285475978772,0.00016807597160396659,0.008745590511337276,598
cg09088720,0.8785347419422983,-0.0005888136160769485,0.013737631399574068,601
cg09092054,0.05230721944714418,0.00021928237283751662,0.010242315607840613,601
cg09094964,0.9824760033950571,-2.56736422844435e-05,0.00011089184094925653,103
cg09096234,0.9010207456946883,-0.0003788758340656391,0.008701605765662701,600
cg09099572,0.9513678984299959,-7.158911498508089e-05,0.0014262033020571163,601
cg09103877,0.9252009475529726,-4.3800018970072374e-05,0.0003114068655918345,599
cg09114153,0.0982685570320648,0.0007252738120402985,0.02616811718010159,601
cg09117841,0.9553620753336198,-7.165495381631902e-05,0.0003144432823708465,592
cg09124453,0.9076811896577814,-0.0003780314002320592,0.003063462972407338,597
cg09125300,0.9759650589685002,2.5213496774901093e-05,0.00019931120205751718,598
cg09127007,0.9791380998175907,-0.00018064458511802975,0.0013958181828062077,338
cg09128944,0.3308311403897269,0.0009689634927638433,0.014338232156356434,601
cg09130535,0.032750060131000146,-2.9270482032363602e-05,0.0003442849316140917,597
cg09131629,0.01895115227448345,0.0002030229725838601,0.013886571496482536,592
cg09134179,0.9155227834080748,-0.0002567144651256462,0.004095225640484479,593
cg09141835,0.37490346302790656,0.00042136618216232754,0.0037464965038089826,601
cg09142117,0.9018338653635514,-9.06039244052442e-05,0.0014873792158983656,601
cg09142829,0.11284321693796202,0.0017291900327651899,0.06902433736019375,601
cg09143801,0.9440067315383286,0.0001132745318801681,0.0007144601263548989,601
cg09144964,0.8959089264093333,6.0474005710019484e-05,0.0004038345753472061,600
cg09145126,0.35618805760547545,0.0014799024764559244,0.02034793709760685,601
cg09152089,0.7859628765531408,0.00011581256081350681,0.0005236276292734932,601
cg09153080,0.10032795113226106,-0.0001539530334733248,0.0028829301081442216,601
cg09155025,0.9067082975127314,-3.724802320189471e-05,0.00021719870624303805,601
cg09156097,0.04199096842266775,0.0019090388926071157,0.02301864759720218,600
cg09162909,0.8782867263746653,-0.0003759662469222261,0.005772894150270824,601
cg09170207,0.9687144366310588,-7.221827150874327e-05,0.00060806021052906,500
cg09171931,0.8801627314439447,0.00020783600209396393,0.003139091849044151,601
cg09174502,0.998065035789912,-2.5597201054806256e-05,0.004361527505112872,175
cg09179691,0.8538902933745052,0.00016112269793642863,0.003318283380988274,601
cg09191232,0.12994706822471216,0.0005856533190722904,0.019926835116301667,600
cg09195271,0.7593146077461512,0.0008208270598162076,0.017799586500206077,601
cg09197075,0.8360227223142378,0.0003096506806447938,0.000913000472521186,601
cg09200260,0.045245516587112254,0.0010966779919349885,0.03942150801588151,588
cg09200921,0.1839974043168843,0.0010053824429912285,0.04359789883016274,600
cg09209510,0.0010887868951383745,0.0009247291345336271,0.014751430245023789,599
cg09210336,0.9870669503895415,0.00014154595325924547,0.026016310966115008,131
cg09231843,0.09512900197497395,0.00019234431213388295,0.002442688823763195,601
cg09233429,0.9832560679280613,-0.0002450191123028432,0.004477489140798707,508
cg09235535,0.9447417902177541,5.155285573487018e-06,8.305393357388446e-06,600
cg09237521,0.9423682800457768,-0.0001536007417648262,0.004752337494859704,598
cg09237846,0.07051413127837974,0.00012262557766873485,0.0028987998915908086,601
cg09238199,0.022135724231238284,0.0002663219283210993,0.0024530226518029163,458
cg09246924,0.9360431397771162,-0.00013284084080423598,0.003312064803513426,601
cg09247020,0.935999460705061,-0.0001737298009428368,0.002860038365495754,599
cg09247692,0.9664720768475075,6.718802007230639e-05,0.0022328036065103474,599
cg09250933,0.12357050021100068,0.0008964304950431624,0.03438484419191312,601
cg09251680,0.9723094092060474,-0.0001073911813344296,0.0023750523230980924,582
cg09254350,0.981802781380936,6.145900333836472e-05,0.0015462739534949366,486
cg09259182,0.9940313318357142,3.489940257090644e-05,0.0018044445916911567,115
cg09262230,0.962781936881126,-0.00019092184615904502,0.009667532977541748,601
cg09262245,0.8761658972275976,-0.0007694962993254125,0.020828879352055574,601
cg09264140,0.17561026137333585,-0.0002571633141995041,0.0026880368681119204,600
cg09264231,0.07580371118813066,0.000705932038213635,0.04693686201263925,596
cg09265054,0.967374470053162,0.00010321929467064889,0.0015870777602688957,482
cg09268718,0.9393437192592048,0.00016249455414753987,0.0007941596702979448,587
cg09270434,0.935451305650614,-0.00027561737983223866,0.003960455173598554,598
cg09276978,0.8408771621381625,0.00016320075114285593,0.002756945540327127,601
cg09277933,0.9857427281737927,8.690313052165455e-05,0.0029660256706112165,172
cg09282201,0.9290192117912817,-7.492086295070629e-06,9.351105279220562e-06,600
cg09290175,0.9439360359548238,5.814100015135237e-05,0.0005871752586135148,596
cg09290705,0.9704942056193461,-0.0009548660633458142,0.035762756838598975,597
cg09291217,0.9274620046805734,-0.0004358629725522255,0.012953745673448425,599
cg09292244,0.8914192873470338,0.00017847272141267674,0.004313114035816579,601
cg09297839,0.9294536923725472,-0.00043242466072711613,0.03154537777024791,600
cg09298313,0.28293821003907677,0.0008773803015086195,0.01815222100873093,600
cg09302031,0.9584479848240657,-0.0004966773945868611,0.02234890965583236,598
cg09302922,0.05999882663531199,0.0007515076007446619,0.01678768197731595,582
cg09303642,0.35466530821706255,0.0009834371896751172,0.010654900490989161,600
cg09312544,0.8283136597344659,-5.08263933595214e-06,1.023962045820781e-06,559
cg09312809,0.8554262436795572,-0.00047095365266312095,0.019662199821613213,601
cg09313482,0.9563531413193822,7.870927050834196e-05,0.0013313240048565822,594
cg09313931,0.0157736293120084,3.308961115065434e-05,0.0003815483958172772,571
cg09314421,0.04571334593623387,0.00021252280214499632,0.018413563216477136,601
cg09316306,0.08704425679206655,-1.5267801253674624e-05,3.627982008369557e-06,529
cg09321109,0.8533652666533958,0.00016641243881897647,0.0011653462331829845,601
cg09326135,0.8769964257609921,-6.0698729653701595e-05,0.0005739426989176399,601
cg09326362,0.058865838434277916,8.650180340296527e-05,0.0025413877991684597,600
cg09328012,0.8732185225396645,0.00026157064866715984,0.008180792951411497,599
cg09331545,0.046448108880072905,0.00033988168412921654,0.028743806088476487,601
cg09337563,0.9915693157418232,1.5589180903307013e-05,0.00017036255080993268,180
cg09344348,0.027473338891730474,0.0005800006393190608,0.0029645301328501406,594
cg09347495,0.9758102073579247,-0.0003068323843757151,0.004847071621291499,434
cg09353563,0.9505873218726482,-5.9787145716550895e-05,0.0011463494937139496,599
cg09354037,0.032135946940312826,0.00017512877759829078,0.010287175884423627,597
cg09361751,0.9741129405170059,-2.3442303552678965e-05,9.524205692357235e-05,501
cg09370594,0.9952073075774125,-3.127688915382473e-05,0.0010179584630148897,415
cg09373676,0.9279118582237359,0.0002880799865690483,0.00984080698247114,590
cg09382002,0.9304567086189154,-0.0002219892516426357,0.00769396297120184,600
cg09398544,0.9765110733396573,-6.329136594182142e-05,0.0006583219986090461,524
cg09398856,0.9621106741628913,-0.0002000197956254829,0.007335641591304842,587
cg09410871,0.924844902162061,0.00012596621842071436,0.0025169643336639957,601
cg09414426,0.8031791199773981,-1.642921837219534e-05,1.117076924361804e-05,601
cg09418000,0.9052360465803782,2.9440172900673594e-06,1.0602570381657017e-06,599
cg09419005,0.06331736120815092,-1.5157797554533412e-05,4.6236058246496015e-05,601
cg09422239,0.887552838536963,0.0001515831294402663,0.002018338655552898,601
cg09423097,0.9569819395315808,-3.637653567287776e-06,2.9543163868606115e-06,596
cg09424566,0.9227227734735919,-0.0005650769997078562,0.019631836991892082,599
cg09425032,0.9706503416958757,9.891366193036194e-05,0.001340993084046671,480
cg09431058,0.9301576033274884,-0.0006649557974537352,0.028007121002870727,600
cg09433910,0.09964529170450424,0.00023702104800055697,0.009852396308662081,601
cg09435920,0.11336651493505862,0.0004611200137098352,0.003942954667053633,600
cg09436737,0.9454995107398555,1.897380431152373e-05,6.7720243308588834e-06,549
cg09441904,0.9217552905354526,-6.293863146434288e-05,1.9753740848393875e-05,592
cg09445935,0.9639762778977099,1.5590304051810345e-05,1.7433356407026146e-05,555
cg09446908,0.08005414143310732,0.00036266330491358504,0.00580845612702563,592
cg09447811,0.33030211427949285,0.001087790613363587,0.012313160583663052,601
cg09450197,0.04308680463113192,-6.472193524931879e-05,0.00013014521668530676,515
cg09450200,0.9366866639584348,-0.00016277859071824128,0.003463044597772136,597
cg09451413,0.037583972548722845,0.00020511896569749057,0.014702488527046476,601
cg09455513,0.28141263059778737,0.0012506926103561826,0.026515460776279864,601
cg09455881,0.25366721791045527,0.0014692954333587985,0.021145143907151498,601
cg09467607,0.9164074405808422,-0.00026759026652225447,0.0021177206456088893,600
cg09467825,0.9204452416477995,-6.0129932381655254e-05,0.0007523726344764725,601
cg09468264,0.9504604041861383,-2.3863219612295537e-05,7.423945437456947e-05,594
cg09471455,0.029698217773261353,0.00016815591811037686,0.00874563002713824,600
cg09472600,0.25850232032721554,0.0010290048618469309,0.014480792240439966,601
cg09476149,0.013258964842169652,-0.00013618870450277505,0.035009330848234654,145
cg09476997,0.8441128534084226,0.000868709189510294,0.02556688776800231,601
cg09478995,0.9494659147135834,-6.0681438509497875e-05,0.0009635709831656847,600
cg09480446,0.9307733224770464,-0.0006696991204899418,0.03463576098743648,601
cg09480899,0.9781198754740684,4.1105137098041084e-05,0.00040558494129239175,359
cg09484077,0.881515674156984,0.0001736260175372862,0.0008772034654388472,589
cg09493313,0.9430279086597725,4.337174151993105e-05,0.0002818422190949965,593
cg09502464,0.9551757014103938,0.0003025298327556248,0.006114920758655384,473
cg09510202,0.9128605775110863,-0.0005003349225634689,0.007297354448332127,597
cg09515921,0.9655595790604307,-0.00014628481163848664,0.003155554119258386,590
cg09517106,0.022288155110446316,0.0001256072107120077,0.0023357813646867065,481
cg09522018,0.026183100536906187,0.00016309068820165196,0.007772081259291519,598
cg09532575,0.9408945744228119,0.0003481697883393684,0.010593666974825666,544
cg09534070,0.9228590789675652,-0.00019728999227194044,0.006101152650280661,599
cg09535924,0.30023271782768535,0.0006594982236134718,0.0065792354282542265,601
cg09538401,0.8810668125650497,2.8041180938597057e-05,0.00011094917697240803,600
cg09542250,0.8503350807074355,8.051435961184907e-05,0.0010483060657758836,601
cg09544630,0.9855718441795306,-1.1884821507005227e-05,2.1279138246677043e-05,422
cg09547025,0.8384970383555527,-0.0004200248755821162,0.001612044550935554,601
cg09548638,0.9409441303642849,-0.00034221368119429104,0.012261809822948222,598
cg09549329,0.9759548854702378,4.235367520104758e-05,0.0003487617573582069,468
cg09550083,0.2703083367646696,0.0005683128640302056,0.005056192673911775,600
cg09550909,0.012687352441562697,6.21311190191584e-05,0.001757014632917886,516
cg09554077,0.871542056075582,-0.0002715190080635052,0.004827456617512604,601
cg09555323,0.875345089886767,-4.9989045273873895e-05,0.000284038962758526,594
cg09568647,0.04748654670946044,-4.540640202275005e-05,8.607707075358739e-05,564
cg09571376,0.9430304648311716,7.400518619868736e-05,0.0005196421610002,578
cg09572125,0.17736624294948633,0.002545210914944592,0.046858433819951584,601
cg09575242,0.9542458882555739,-0.00010090289294355634,0.002431310237096085,596
cg09575442,0.926610272571967,-2.5169135887142137e-06,1.5311288571462356e-06,601
cg09577651,0.056411269008608086,0.0007002172820711026,0.0331420090342468,601
cg09578475,0.005936798511520486,0.002955350029048501,0.13529464864185092,601
cg09579989,0.8962301599481093,-0.0004926493281218941,0.0196821796499429,600
cg09580822,0.023869981404182634,0.00011280501783326769,0.0008296603892280485,291
cg09586060,0.9499440952292637,-3.4538393346989936e-05,9.388102071294924e-05,553
cg09591524,0.9653986960742058,0.00012004926562886518,0.0035943425766935544,575
cg09592121,0.9190643144268054,-0.00015402022223636177,0.004217298531441482,601
cg09596614,0.9066830047790434,-9.455672053323556e-05,0.0008643796152173477,601
cg09596958,0.9287808559025681,-0.0001280592061323992,0.0007029270420807476,601
cg09599228,0.8947521278676233,-0.00021503901728008875,0.002049478685055117,599
cg09606470,0.018371695220430966,8.66352375189552e-05,0.009549666550512481,596
cg09607679,0.9154488194614904,-0.00013535064794703146,0.002247943208870895,600
cg09618830,0.9613574576024463,0.000228836955314439,0.008938196277925692,493
cg09622285,0.9428667187735794,0.00016810052728087485,0.002440348016330751,542
cg09623510,0.9192377763306316,-0.0002610994350214795,0.01283070878590653,601
cg09623845,0.930705741080907,-0.00011278166598934405,0.0023104026645526243,601
cg09624130,0.9556686732529222,-1.4330119957804303e-05,1.4923389439869261e-05,542
cg09632136,0.8774003082960724,0.0008572737727014294,0.00799775094809918,598
cg09632271,0.09476569315699797,0.0011798325912103728,0.0442419544637922,601
cg09632273,0.9829595133714104,-6.309674207598618e-05,0.0018926499352063253,587
cg09638208,0.04201906737026796,5.059284229058654e-05,0.0007824690333965156,600
cg09639151,0.11528166745963,0.00235871756710956,0.04783827024766729,601
cg09640300,0.9263189072288129,-0.0008767868423690714,0.02668717841439794,598
cg09642378,0.9284795296470658,-0.0009147742402099221,0.03652366048809352,601
cg09643186,0.9087745909040755,6.0586185126191475e-05,0.0010899751284481063,601
cg09644662,0.9183192788444269,-3.40139913219479e-05,8.767918906882333e-05,601
cg09645818,0.7937211075240195,-0.0017132520971750004,0.016510053753084564,598
cg09646026,0.9054402244765971,-0.0001861184080028078,0.0012521412416843791,597
cg09646593,0.9657646721290514,-7.4225159959459e-05,0.001319690504316684,589
cg09657114,0.9220930612980145,0.00018057974413231308,0.003280056670380227,600
cg09671481,0.9245262975694551,-0.00015186390981024938,0.0030142726964739186,601
cg09671951,0.05396674841787065,0.0007699272760547727,0.02740641165332547,601
cg09672233,0.06082985410055658,0.00021667697767137196,0.016915617064855448,601
cg09677945,0.1380131977158559,-0.00029754314092726605,0.0004216966672688782,600
cg09683440,0.06985625242110559,3.9010062802479465e-05,7.830732880054203e-05,588
cg09684112,0.12898272384152165,0.0015404194733811888,0.029887292998070247,601
cg09684264,0.9301912808528688,7.798675350620925e-05,0.0009112593065073726,599
cg09684846,0.893420979920979,-0.0002873681777464969,0.0007637441369261477,587
cg09690145,0.8475935066624974,-7.063374377959417e-05,0.0002782667351592938,601
cg09690321,0.9515440425511462,0.0002507074799938023,0.00395099068793292,243
cg09691117,0.7486920196666126,-8.16870125095733e-05,0.0002432613763448943,601
cg09693106,0.2904907084004118,-0.001994537711798395,0.028394461225087597,601
cg09694606,0.03500805120361037,0.00016621070938778066,0.004538428924272031,590
cg09697984,0.97925623453005,-0.0002874379097071142,0.006769194602120998,500
cg09697999,0.7520578246553962,0.0006723376829007138,0.004404712291342983,601
cg09712066,0.9557280868659196,-0.00018408800550104537,0.007386225129310309,599
cg09719124,0.9562245216380613,-0.00013678991008492567,0.0021826991539735108,592
cg09721047,0.0417454982686743,0.00013599032446920943,0.005478316107105363,599
cg09721516,0.9848021545649218,-0.0003592051149524222,0.022088386330267107,521
cg09728333,0.9533070405311134,-0.00018622126258928805,0.0042311022218450844,597
cg09729395,0.9220519259388287,-3.728292359493532e-05,0.0002920752864227216,595
cg09732282,0.09286688800051823,5.1132455352303814e-05,0.0006869738185926177,601
cg09735690,0.9630921057197394,-0.00016507470084773846,0.0030631173201968176,595
cg09735908,0.052266178898407414,-3.451669159362921e-05,0.00017044642178865033,589
cg09739398,0.1633947152857001,0.0007846230147324805,0.011947595699473013,601
cg09749669,0.902198593716448,-0.00010947806656319233,0.0007158376046108028,600
cg09752011,0.9046724484625237,-9.844800383867309e-05,0.0007045015083075867,600
cg09753772,0.9437254189060064,5.4826993915732926e-05,0.0006385170330354129,595
cg09755589,0.16781222282698743,0.00015060969163619637,0.0002382930264440697,596
cg09756865,0.07833635155654173,-7.14473095348305e-05,5.4362676509267516e-05,482
cg09760210,0.9246135264371881,-0.0002870036345760386,0.0026980973164152378,592
cg09760574,0.8946183805913291,-0.00030410418072427693,0.008583628863491066,601
cg09761224,0.9289215710768576,0.0002091518309371356,0.006784124491215682,601
cg09761352,0.003138472812903432,0.0003197815168648751,0.043570632406432996,581
cg09762242,0.0998489246008828,0.00040609298121831275,0.012623355737435005,601
cg09768617,0.9011551783865621,-0.00023896953679583723,0.002500672740950227,599
cg09771226,0.9877409609841825,-5.410958219533689e-06,2.7574000723284975e-05,548
cg09776772,0.9783973753834022,-0.00015857840898686967,0.0030216856262736957,580
cg09777775,0.05871676321923981,0.00017058714074484033,0.0034208097671957205,601
cg09785991,0.9246297178382367,-0.00024160045578219743,0.004976163524538779,601
cg09787089,0.9642511956013247,-8.070561603255332e-05,0.00333701957869581,600
cg09795614,0.9040490531862856,2.4519111402685047e-05,0.00015681738489348174,601
cg09799714,0.9439415709764747,-0.00021644474613729552,0.002680168328479726,584
cg09802688,0.20819607874189938,0.00013031024397823854,0.000847348897135114,601
cg09804503,0.9908579490513543,1.3385685377668634e-05,4.297643962425379e-05,184
cg09804649,0.8608439563241039,0.00040793916446850144,0.008046101170389952,598
cg09804858,0.10782079096666101,0.00012036948914719456,0.0007249128055514253,600
cg09807817,0.9820602295313344,-0.00015051933788179202,0.0022766807435499192,356
cg09810078,0.7595147606064807,0.00025753101697067283,0.0008283548881953262,601
cg09813986,0.9614708438340848,-7.682974704459583e-05,0.0024494407463151457,595
cg09814034,0.8647373901881223,-0.000161569809230371,0.0034686739855144255,601
cg09814127,0.8727378934620871,0.00011961604997048108,0.0005161937800207683,601
cg09820557,0.9654300892637107,-0.00022717871083627477,0.0072005385497631025,589
cg09820673,0.8600678087625628,-5.136783675284278e-05,0.00019735186009128824,599
cg09825979,0.9669474432340226,6.020696435109052e-05,0.00058253107616002,601
cg09828061,0.9270906540936787,-5.183521179338359e-05,0.0003850200020111272,601
cg09829983,0.04544391686974578,0.00024010094780804668,0.004202884818866881,592
cg09832443,0.8939383351869555,-3.753726922472723e-05,0.00016086772862444754,601
cg09835878,0.9136302693989455,-0.0003213698510183307,0.007887664676219375,600
cg09837037,0.9761595397172562,-4.676816509428579e-05,0.00029177262956925354,597
cg09842053,0.7622010901691734,-2.3837416129288304e-05,1.7999464301809986e-05,601
cg09843907,0.8424071491289524,7.426237443919847e-05,0.00011714790472860948,598
cg09844573,0.09551677982575756,-0.00010620061014040534,0.0011986288689441738,601
cg09848638,0.8862654008558928,0.0002899609650130775,0.0038143252574709408,601
cg09851620,0.9328896528064773,-0.0005053225888941625,0.013006848077396826,598
cg09853238,0.18562742224790385,0.0006533877189918681,0.008985031984883873,601
cg09856470,0.9631074170599493,4.948823518094636e-05,0.00026939616774934727,515
cg09861436,0.9553296572263905,-0.00011393048294733904,0.00283143197152802,601
cg09861583,0.8975001306504696,-0.0006148860870429166,0.003723670050951089,591
cg09861917,0.13690299605857836,0.001047028087764034,0.020885863707213903,601
cg09862193,0.9200968224218011,-0.0006564567807851399,0.021681239733671198,601
cg09866569,0.07545352610055721,0.0013624811214460553,0.06379209472908487,601
cg09867546,0.9420229279962997,-5.779464245161628e-05,0.0004582811873112824,599
cg09868598,0.1511836161971648,0.0017679728271777044,0.05490276357322177,599
cg09869357,0.9202758745805288,0.00027461081144919647,0.005122457709819339,582
cg09869729,0.09164627843035038,0.0011978394809855294,0.08433957410449111,601
cg09871837,0.7974727565868523,-0.0005834691766603221,0.016635940986729714,599
cg09873164,0.011644438743221734,0.0005057964258707563,0.024231806248030452,597
cg09874415,0.977571107983182,-0.00010354308095402256,0.0014166765773674372,429
cg09890213,0.8895105876720588,7.712562893890858e-05,0.0005405897247688918,601
cg09893465,0.9815380881339826,1.7729342397812237e-05,8.54417589696288e-05,470
cg09897970,0.026250139456896242,0.00016425408439836153,0.008054855703549468,601
cg09900436,0.02523191342895073,0.00016103847269918344,0.0033494850435629164,593
cg09901201,0.979873760852007,-7.497468687869344e-05,0.0015535311570353816,535
cg09902130,0.06912010440035783,-3.5050811506373565e-05,0.000525546567575752,599
cg09906780,0.9724364545379355,-0.00019791739695346268,0.0030137628253393833,506
cg09915396,0.275991333034327,0.0010849020474337655,0.025197483390898112,601
cg09918657,-0.0036777785628245574,0.0012331420680813832,0.04390760057353349,561
cg09921821,0.012805373813005956,0.00012576782815410632,0.009012315847422903,595
cg09926389,0.9968163585363201,-4.742825165644443e-05,0.005424297958364743,434
cg09926649,0.9142473526438258,-5.869361009943913e-05,0.00010970392201870016,578
cg09929567,0.9615011354374177,0.00017218159828103727,0.0032547598371746034,460
cg09930192,0.7703528243954308,-0.000566468235840463,0.023331992548040636,601
cg09933345,0.9808996183264977,-0.00020897833671537581,0.004381724602107284,415
cg09937438,0.1889438150022286,0.0014951773308307886,0.030125071865990227,601
cg09938443,0.8422665175397858,-0.00021111848752224156,0.0022507895324662686,601
cg09942220,0.9661641452700148,-0.00018614730222754592,0.0016351776925335182,501
cg09946623,0.0557079848139634,0.00011353589990493043,0.003413205230211158,601
cg09946870,0.9452993900369994,5.954714350543249e-05,0.0006722129293351697,599
cg09948958,0.04744706666443221,0.0003821949192138632,0.01471817290401678,599
cg09950389,0.855905223128186,0.00023637642181088445,0.0037230372750766128,601
cg09951047,0.9423018773768057,-3.9144018191690914e-05,0.0003938432060196506,601
cg09957864,0.9937470252480743,-0.0001333772770933908,0.015312383975879862,554
cg09958402,0.2733798173664824,0.0011924042934550387,0.016803790247656658,601
cg09958560,0.9817114162606619,-5.556868843555661e-05,0.0005054344230071006,471
cg09966895,0.022301908885598118,4.1943146745237416e-05,0.0004367875960997747,574
cg09968133,0.7412249799329753,0.0009269975675482282,0.012868359413032993,600
cg09973663,0.9480824366571083,6.962771661149123e-05,0.001003520503943034,598
cg09973676,0.28055860103797337,0.0009579314369156452,0.005285045173525238,601
cg09976669,0.24228105666165806,0.0010275926317598967,0.017845252417741375,601
cg09978533,0.27363156464266375,0.0003231353944021374,0.001423134667304926,601
cg09981407,0.037535350789684015,-0.0001929927638412444,0.00916333729426877,577
cg09981432,0.8981927425272447,1.5068363855011982e-05,1.3158213260311413e-05,598
cg09984479,0.8336551176670914,0.00026005570564280393,0.0065689507633743816,600
cg09988116,0.8589207195268167,-0.0001351536196940301,0.002625407915464284,601
cg09988805,0.6290530917977323,-4.065852293683106e-06,2.6098283634201636e-07,601
cg09989939,0.8870201106570055,8.035745660698965e-05,0.0005679729761022267,599
cg09990962,0.10698025853528137,0.0007609814833165906,0.012143543982821692,600
cg09992998,0.8829167606047976,0.00019317980398305003,0.007700047279155742,601
cg09993145,0.613624474443154,-0.0011100835201357726,0.008141020874271598,601
cg09994756,0.810804126396814,-0.0008376314134226671,0.026015182277904225,601
cg09997714,0.9451715297881861,6.418976040977445e-05,0.0003099357966058758,564
cg10002440,0.9573053180128273,0.00031249293120502535,0.004729769363319147,497
cg10003032,0.963447108707959,0.00013964869737785037,0.00038943688983705815,38
cg10005998,0.05484808983685736,0.00022157788156671327,0.002595055989121131,584
cg10009801,0.2746768894650463,0.0012807115659171364,0.01302250831324503,599
cg10013287,0.9622567706386882,1.3878706945491001e-05,3.966495887008925e-05,580
cg10023454,0.9098500696767905,-0.00015495641104634685,0.0008159055772007928,593
cg10024501,0.9370112812608945,9.57411165734972e-05,0.0014618383439577443,599
cg10026775,0.04850625584032929,0.0010786039519260426,0.05158128115714211,597
cg10030162,0.8766550225650783,-7.374734608219284e-05,0.00022599480738716426,601
cg10034028,0.9853851948927074,-0.00035318573521548176,0.010702758714593141,470
cg10045909,0.12377468176107903,0.0005220604795151029,0.005499720926027685,601
cg10046401,0.9856653445487302,-6.137131846120163e-05,0.0016269187363997517,567
cg10055231,0.1539112743289214,0.0015803583242657915,0.06041293763733002,601
cg10055471,0.8943780190600376,-4.3543801909582404e-05,0.00032175649716659205,601
cg10061770,0.30156370572218905,0.001038841241952488,0.010431739891253677,601
cg10062193,0.035428191860383526,0.00018802570431428713,0.002455699801439337,546
cg10080732,0.0660108820590233,0.00014324845626826195,0.00532671997484957,601
cg10082313,0.941414104073374,-4.9307720471990255e-05,0.0003479878382730561,600
cg10087172,0.021584262521177407,8.886187788521303e-05,0.0029089061962337404,595
cg10087556,0.05855183116740321,0.0008139964568632404,0.03790502623269365,600
cg10090591,0.9943076970651061,-0.0003362393058643162,0.013720849575580951,302
cg10094886,0.9383295205544688,-0.00020657507951638755,0.006756050494585497,600
cg10095801,0.9316636079094343,-7.426001198339885e-05,0.0015231186726315515,600
cg10095954,0.9700256838936139,-2.7172127207382025e-05,0.0003511654382412077,598
cg10097977,0.8966493548838629,-5.393515557691124e-05,0.00022140411128512838,601
cg10098021,0.04175556329563624,-0.0001280893449564354,0.002424865503673823,601
cg10099732,0.7795246138338643,-0.0007406659279704153,0.005684291764287419,600
cg10099917,0.9276152123610285,-0.00017410355545069469,0.007003734185432986,600
cg10100887,0.9131275554358785,-0.0003251935680307528,0.007359505001492406,600
cg10103635,0.9106825020243436,-3.1407671084194114e-05,7.84746489624899e-05,601
cg10103850,0.19130302966405033,0.0007911269438366267,0.01184752338656525,601
cg10109442,0.053149451747968694,0.00018976406874704748,0.007081849019891284,601
cg10109731,0.8446887683768604,-7.011897209662362e-05,0.00010305777130636962,601
cg10110335,0.930552960344586,-0.0002943212785620959,0.0038756460590851916,590
cg10113526,0.9778667523012873,3.249198865226439e-05,0.0004768315083634178,567
cg10117734,0.024563865280168077,0.0002865689172303327,0.018346077179497322,591
cg10118908,0.9750263390147225,-2.8435066526156062e-05,9.68893672037563e-05,437
cg10120764,0.9013250943435992,-2.946458063379162e-05,9.92382821561888e-05,600
cg10122187,0.9866360542475511,-0.00018511089424227273,0.009561928184919521,554
cg10122877,0.8428062891980599,0.00031305145269947053,0.0033255538973286924,601
cg10126181,0.17578060217557423,0.0008819864812184844,0.021498715443057703,601
cg10132694,0.09851838856671918,0.0016443744669341635,0.025195674479006724,590
cg10138338,0.92118468843423,-2.8367592645422745e-05,8.353033970698309e-05,599
cg10141013,0.9814542084512711,-0.00012026037110196336,0.0019763113282533773,353
cg10143751,0.9670107208057125,-7.284086162514215e-05,0.0006857252402989733,555
cg10147797,0.05805704141977509,0.00013822083190562253,0.0004802223269529948,600
cg10147974,0.2573313869941698,0.0010424256269051032,0.01704083682973978,594
cg10152627,0.8965903687602651,0.0005167014772758462,0.0060043147415866915,599
cg10152904,0.9372839202749842,-0.0002646815991788373,0.004913018693053828,597
cg10169194,0.042994411804287175,0.0005974800472313771,0.03042598692074827,601
cg10170774,0.9397146560604568,0.00020585625597171,0.0024129832029613496,516
cg10171357,0.0446292229481976,0.0007515350021649954,0.028591843622907787,598
cg10172319,0.9474593567495941,0.00037561272939228436,0.011261885469452504,443
cg10173620,0.9189156370801145,0.00021860113796845252,0.0064004162334002634,599
cg10177032,0.0222155034414395,0.0009598194918315889,0.04607733836168337,598
cg10180415,0.03970873773902963,-3.695527075821084e-05,0.00020593450582873096,568
cg10187713,0.8469185597938663,-7.308873722712611e-05,0.00037996870195167176,601
cg10193711,0.01717207481673396,0.0006590311394691166,0.014005118722887233,518
cg10194160,0.01909936594380649,1.6142296024742302e-05,6.305902876591052e-05,521
cg10196071,0.9728615263808211,3.859263270595277e-06,1.978099797739219e-06,385
cg10200202,0.0725006091868352,0.00011347885877541375,0.0026891178374692792,601
cg10207553,0.16916952457649473,0.0016862856707426242,0.038186035551032504,601
cg10213875,0.8453078450882352,0.00042984224362554074,0.003409183679721206,601
cg10222823,0.047370851343819506,0.00013351642994814157,0.005253471194704096,601
cg10227280,0.9471887186202099,0.0005990245811165936,0.057693985066791464,127
cg10229453,0.8793993549292658,0.000317145369183421,0.008061400569681187,598
cg10229594,0.06984878557775764,0.0006188293752852429,0.014424260797249566,600
cg10231182,0.9145483485867363,8.572145592199948e-05,0.0005761166248110516,597
cg10235741,0.9463515567241537,1.2324767020280096e-05,1.8334624699023472e-05,601
cg10236239,0.2494098585539825,0.0013353817017142083,0.028347545973915866,600
cg10240356,0.9405254962186074,1.4359902723147035e-05,2.908790425848462e-05,597
cg10241005,0.8887921811174017,2.0023537288681653e-05,4.052204686977312e-05,600
cg10254035,0.9719078977967571,-4.361175337649435e-05,0.00026906482150779176,536
cg10255237,0.05272915193169003,-7.503227831054945e-05,0.0009539725007060573,599
cg10257521,0.12590752284363438,0.0002596067281239983,0.008899640928857533,600
cg10259004,0.9330982110906566,-0.00023748558298810468,0.010198679718818493,599
cg10259761,0.9576337604017877,0.00033435541920650034,0.006858980151651983,257
cg10276869,0.8943017195345742,-0.00027931282629867037,0.005988065417215083,601
cg10278454,0.8882599679815668,-0.00020587098663864636,0.001885107925271412,600
cg10280007,0.8934637918615815,-0.0001188293871120743,0.00027923502083826435,601
cg10283505,0.4172809766990207,0.0013029332226261302,0.024197474493337867,601
cg10283825,0.006528497942239281,0.00039180241400202685,0.015484911571144289,473
cg10292154,-0.0009338000062263201,0.00027667431099031935,0.022486053444782828,438
cg10296410,0.08639501707510863,0.0001843845701804898,0.0010306185739660245,598
cg10301695,0.6179040448515266,0.00021094615378842784,0.0008797252775565312,601
cg10305311,-0.005266824903884414,0.00023649661017509106,0.0337236807894834,193
cg10307052,0.962013653090228,6.180436281217811e-05,0.0011100699071724396,571
cg10308414,0.9844047875707502,-0.0001686872560570284,0.003748141659634774,197
cg10310700,0.8984324163676046,-0.0007561091935389365,0.02461988704756779,601
cg10312875,0.7102485672967213,-0.0003024172388662974,0.0034093660448538676,601
cg10316525,1.0155560139579234,-0.0006900830168108909,0.018443693112277004,399
cg10317717,0.9951851395507386,-0.000339151449096207,0.009344730441134041,512
cg10318197,0.9953551532681154,-9.359928397294537e-05,0.006729711754904,249
cg10319942,0.9171651009369649,5.334415655056808e-05,0.00015855176064527576,599
cg10321119,0.9361604800173277,-0.00037976717028457164,0.008834603425243892,579
cg10322573,0.9407883959646735,-1.260910017488496e-05,5.399994123400642e-05,601
cg10326726,0.9641486114796071,1.2418157676645051e-05,7.56118835665287e-06,357
cg10329345,0.9898847269183579,2.700904249741582e-05,0.0008133142643645952,479
cg10329550,0.976264098609023,-0.0001483082041209123,0.00450566857170398,555
cg10330955,0.9681005515534149,-0.00012140256327399925,0.0031715695093321727,575
cg10331073,0.9941662761640138,-0.00010045818323059729,0.009495583821311215,530
cg10332367,0.9581445423008458,-3.0197359818833012e-05,0.00016960457498571557,600
cg10334121,0.9036581411495541,0.000108176003335006,0.0012460425165601308,601
cg10334750,0.9255015679125105,-0.0004745083899499125,0.0063915246151334815,600
cg10336039,0.9859992216399514,-8.326130938072918e-06,6.087085682049409e-05,573
cg10338518,0.36471769668078585,0.0010844782024489233,0.0100480779936295,601
cg10338785,0.8934496342403935,0.00022983913108332038,0.0016607481028022564,599
cg10340117,0.8010789531789972,-0.0005512544149884037,0.010759730054148764,600
cg10351284,0.08587729637986452,0.0006974347852130137,0.014889333938930438,601
cg10352237,0.9082452413447057,-0.000117844730490911,0.001825732223651122,601
cg10356767,0.9674138605445903,-0.0003127310136450065,0.017796283551892667,601
cg10362613,0.9002841739022617,-0.0001922316839646645,0.005813625980999326,601
cg10369242,0.8648999430225303,-0.00015553461722144708,0.0005963908474803103,601
cg10371483,0.9441040129712471,0.00016159005147152886,0.005409760467166347,595
cg10372121,0.01380112728477417,0.00018378545103944,0.014145787065024229,581
cg10375884,0.9052803883444586,-0.00035662385932458553,0.008247871449546862,601
cg10376067,0.9406537924389731,-0.0002445645623569123,0.0036671268703665216,595
cg10376161,0.3463085278138859,0.0011489843947391507,0.016909106331946977,601
cg10378521,0.9790585654797488,-3.092516276815361e-05,0.0002876998407664866,550
cg10379476,0.7311961721089251,0.0005927778831749971,0.013103281827507196,601
cg10380328,0.019944300439795268,0.002069991985565916,0.08226259263376023,601
cg10390473,0.9436513870815519,0.0007244524047697183,0.03220979775922406,117
cg10393744,0.8780315264865244,-9.929447334279049e-05,0.0007103502859974187,601
cg10397389,0.020938654715820362,0.00013689185238111804,0.002238649925167757,583
cg10400081,0.07671390891406094,0.0009700132579595767,0.039919369336720134,601
cg10400707,0.9123754119426386,-8.18499707523345e-05,0.0002932339065914169,599
cg10401741,0.8260235294569266,-0.00042747489698133237,0.011041007849064144,601
cg10403251,0.8963983425183283,-7.913997295075745e-05,0.0005258589786696355,598
cg10411272,0.06346654656184227,0.0005005911236958164,0.015108704946534157,600
cg10430205,0.919118284229429,-4.7038784135678765e-05,9.641940474436339e-05,596
cg10435245,0.33617114188157865,0.0014774436067762963,0.03623512526822992,601
cg10438560,0.922839259788332,6.523687245057512e-05,0.0008997790856692944,601
cg10439431,0.07796365191603602,0.0008428187631536724,0.030282221139474652,600
cg10453419,0.028214716031918427,0.0010112921694400046,0.031302978077080934,600
cg10454568,0.17707088096247808,-0.000783197642565719,0.034691574729962094,601
cg10455321,0.863290189416293,-0.00011152009533444587,0.0008126114913744598,601
cg10456121,0.8261997089608242,-0.000778319765316314,0.020933458383143422,601
cg10463299,0.08228055439031187,0.0002450768952948865,0.0028697970951064855,591
cg10464462,0.008272584365303986,3.684365183270535e-05,0.0014400271665039321,445
cg10474881,0.8265307700670728,0.0005981057565961662,0.0035767095055827536,601
cg10477153,0.7795821957967491,-0.00021341682632410562,0.0027459009468800977,601
cg10483112,0.9778787187989674,6.328129670250636e-05,0.0010404527659465534,432
cg10486610,0.5014243617811883,0.001040292440756615,0.021172869922937432,601
cg10487659,0.9584493486329437,2.9134143907595355e-06,2.1584786499273534e-06,596
cg10490645,0.9299564219897982,-4.932908786478741e-05,0.00016581450470876113,589
cg10491452,0.22681557418869022,0.0010955358778982093,0.0173549261419933,601
cg10494449,0.9803035191238038,3.4491436729546975e-05,0.0002998850158375532,436
cg10496150,0.9006407870143027,2.290986260247168e-05,4.4336299289904346e-05,601
cg10500147,0.01281288737569297,0.00013406849326668617,0.007155705954317582,558
cg10501093,0.9480700202824878,0.00013599213110608875,0.0005587981510107864,559
cg10501210,1.0191943062235418,-0.006456063610109936,0.1535738385672829,601
cg10501360,0.6765016884834966,0.0005301894733969224,0.007515084299319019,601
cg10504632,0.06735429882938368,0.00016234123905121292,0.0021410292579853163,598
cg10505610,0.9922791913122239,9.62796808848582e-06,0.00011741681569865658,332
cg10506844,0.9918368805526209,-0.0001421291165454465,0.006770600949687733,427
cg10507156,0.9785234964803763,-2.605916069620497e-05,0.00012384229307949024,440
cg10508127,0.9669002350281788,7.995221886363576e-05,0.0016389918738510811,574
cg10510478,0.9505723755012937,-0.00030260543222119027,0.004042914167952771,601
cg10510796,0.9096362515433686,-0.00019425261360248884,0.003667105334454357,600
cg10511890,0.010276938882733426,0.00015595818286894784,0.007880576147133889,469
cg10520349,0.07658928024315932,-0.0008726139385035319,0.03386271460037227,227
cg10520672,0.2650038264827289,0.0013155438186998438,0.02019010825243761,601
cg10521403,1.0111926818202956,-0.0004473147437605445,0.004569040392941259,88
cg10530767,0.022247034580267742,0.00014665860381929166,0.0017061723034698106,394
cg10531055,0.9551876407767242,0.00020727082322868838,0.006712107196512496,562
cg10531918,0.8835905326073439,6.427801344007937e-06,4.0875675599849615e-06,600
cg10532364,0.9668096257379255,1.5386625515755534e-06,1.9370041726141096e-07,383
cg10535597,0.987027804307806,-0.00012868147688961375,0.006553553756899033,521
cg10542975,0.11921519430774463,-5.386208161985005e-05,0.0002524580441861657,600
cg10543219,0.9622167723217527,0.00011500504933307972,0.0016375703648897622,516
cg10546210,0.9547915510627214,-0.0009716320371373818,0.04890072704104387,601
cg10548978,0.21627125425176968,0.0008189784245840344,0.018242926152870265,597
cg10550245,0.9074959878172119,3.574819471295882e-07,9.402320366724837e-09,601
cg10559416,0.013962308614185757,5.2859578409743e-05,0.0013905087427980023,505
cg10560561,0.9598858307383438,-0.0003923600772212444,0.01381106045170577,597
cg10564001,0.9329126587023564,-4.578502555151587e-05,0.0005962906313401461,599
cg10567378,0.8553511302943816,-6.799482012536181e-05,0.0005999438137842539,601
cg10572465,0.05833551020977035,0.0002823116421775719,0.006098847321654555,593
cg10575547,0.7308497537320607,0.0001364802441049,0.0004190041408751455,595
cg10580110,0.9038990202532432,0.0002503354044278253,0.0033902389758934115,583
cg10590292,0.08180179834888691,9.149393657275273e-05,0.0005312692314517475,594
cg10591771,0.034444830447752435,0.001038460658332506,0.05162896170100317,601
cg10592478,0.9454435124097709,-9.812110535577741e-05,0.001094391940592243,601
cg10593028,0.8966676520499955,3.569477992790872e-05,0.00018639355900562649,601
cg10594510,0.9750834265245621,-0.00010646498236721194,0.004802491914790652,600
cg10602180,0.9156567477968236,6.064740364778128e-05,0.0005938054596064113,599
cg10604373,0.9045882750854716,-0.00022114572623873894,0.00365886451207309,599
cg10612492,0.02736349474546501,0.0002859068735080398,0.01509867213510585,597
cg10614856,0.945325566273602,-0.0001253800840434315,0.0029833784607721237,601
cg10615591,0.1494988892528541,0.0015331025651025198,0.02569327375014141,601
cg10616411,0.9409540486171859,-0.00043282976357126473,0.011996415115009262,596
cg10616974,0.0681057150849283,2.862387781452428e-05,0.00022290273657643578,601
cg10627429,0.9168237017968169,5.3992171967519595e-06,7.193900701363276e-06,601
cg10646968,0.9212805888530057,0.0001760720121116432,0.006569781668761321,601
cg10649042,0.505731850091863,-0.0027480983019748523,0.0279314727090475,567
cg10651669,0.9314967426372878,4.879483308204333e-05,0.0002973743255765271,597
cg10653573,0.9812855668846391,-0.0002725746262364886,0.009153468522719033,476
cg10653926,0.013196790517667421,7.630480617613887e-06,6.130517836455684e-05,584
cg10654948,0.9450567763255615,3.1165889504903827e-05,0.0001691476096994382,597
cg10660844,0.9618845646380353,-0.0002056790669213929,0.015328559961041432,601
cg10664971,0.9332777016957342,-0.00011232510163539444,0.002130846709181511,601
cg10665961,0.9654402904121963,-0.0001704979861855386,0.00224764754882667,586
cg10669279,0.946796372193876,-0.00018993373992728772,0.003733591970968675,593
cg10673833,0.02817413938061611,0.00012675055611256295,0.004846907449127413,597
cg10674293,0.9593573620582658,0.00021719038318103933,0.005790073115593319,518
cg10674754,0.9300531415403543,-6.674903602993302e-06,1.1851921584371539e-05,600
cg10687219,0.9434796099341191,-2.4816006372261145e-05,9.91590569147105e-05,600
cg10687936,0.7080847509855325,0.00084145621834284,0.016290662583305915,601
cg10692467,0.04086956959695789,0.0001319694805928172,0.0036928063526617816,597
cg10694598,0.9287220371299818,-0.0001053782686600486,0.0017385054834535563,601
cg10702041,0.929215776767565,-0.0002733140189390594,0.01612540833556153,601
cg10710218,0.32829926080967625,0.0010312849840103519,0.014423993924776446,601
cg10713002,0.9323888637680251,-4.528445855802299e-05,0.0004213010448628207,601
cg10717148,0.025178038320394294,0.00028777009529169735,0.02458425330853431,598
cg10717189,0.9183009208077958,4.7741516701919914e-05,0.00030477949988605424,600
cg10727416,0.9677249894181075,-4.308836526776766e-06,1.932966006257253e-06,471
cg10737521,0.1298281736686243,0.0003416713372233378,0.006016202928396108,601
cg10738025,0.9555868084614381,-0.0004377251243677608,0.014460351825052564,596
cg10742225,0.7783366333240507,-0.0007098305523183357,0.01845696801222374,600
cg10744305,0.9105839105819515,1.0080090361684783e-06,2.0061416416972122e-08,594
cg10748746,0.9585340354551334,9.401431490133598e-05,0.001361281733975983,549
cg10754561,0.9720180878345465,0.00022961304212315193,0.0014489898079630414,97
cg10759286,0.05325303175540923,0.00027094114854143465,0.010589351801285951,599
cg10764492,0.909880096914698,-3.473052492757311e-05,3.451453913061453e-05,600
cg10768321,0.9167661384135986,-0.00019933877940103264,0.007889480022443829,601
cg10768932,0.0928332048332135,0.00033055761739584787,0.002938731519908533,600
cg10782575,0.08702518547164437,0.0006699061645880785,0.013812096270140906,599
cg10783294,0.9439896974754425,-0.0001778886062237415,0.008391898837662448,600
cg10784090,0.8928630323855785,-9.228869315376532e-05,0.0005249738047490293,600
cg10784258,0.8991569978547422,-0.0008050395205892095,0.023134649295178056,600
cg10784776,0.9179749159161893,-0.0008350111562505038,0.014419059090328257,586
cg10805880,0.054932954494572445,0.0003898478791351137,0.014059526377308007,598
cg10812236,0.14686673776872916,0.0008072428998737502,0.023297259277691662,599
cg10814803,0.9480370981324496,0.0004312992901496221,0.025260014889709193,445
cg10817479,0.9321344661764085,-0.00047784178492618347,0.02871964944364369,601
cg10817916,0.5611783002219004,0.00025263369629244026,0.0015987963487458234,601
cg10818657,0.9550185574485752,-0.00023230902886366232,0.008711974566350977,595
cg10819238,0.2502792544479439,0.0011898626685168166,0.02200726251859908,601
cg10820084,0.9801173936241295,-0.00024031109812482245,0.013627319793246384,594
cg10823804,0.9862116078823107,-0.00019759425500069105,0.018264511241130488,598
cg10830322,0.9606030628826491,0.00027904868523545725,0.006101725345824538,215
cg10832107,0.9330162762059947,0.00016138281370143596,0.0014926373899885048,558
cg10841756,0.8608138373300155,-0.0006753799301674139,0.00712938201689628,601
cg10845380,0.9552980251774418,-4.0048753700559565e-05,0.0004031378468494218,600
cg10846682,0.9642393600403083,-0.00011904118771435903,0.004540145563654008,601
cg10851763,0.1045395624903833,8.014548328922483e-05,0.0002831353842962514,598
cg10857141,0.9692868011403662,-2.5128249521253425e-05,0.00016343543462582488,582
cg10861751,0.011339210223062163,0.00017725555259203886,0.009931109295260754,492
cg10868156,0.9601426263991769,-8.692573993790711e-05,0.0019570392685581695,600
cg10880599,0.9413835945916116,-0.0002085937250539851,0.004587846918604033,598
cg10881616,0.8873807494549008,-0.00011487104772405164,0.0014319419413765244,600
cg10884539,0.051984425619301694,0.0003279842025361857,0.009475794418564498,597
cg10885417,0.9277521258655271,0.00013668074492808715,0.0023579594683178495,600
cg10887810,0.9327865743511989,-0.0005508243520633388,0.02538202433984038,599
cg10895184,0.877700122154524,-0.0003025474934003137,0.008517463940804104,601
cg10898989,0.06102886304390442,0.00012474590926055278,0.0067360888010674635,601
cg10901633,0.5353758152751804,0.0012450052543552207,0.029584586157876402,601
cg10902850,0.9371806168097851,5.13747641215542e-05,0.00026392589672696865,590
cg10907912,0.05703608814382936,-0.0001941449713012988,0.0010449642886217747,391
cg10925082,0.03086749086296594,0.00022693731741094787,0.006231100694384817,588
cg10930664,0.9931304405212561,-1.8027746362438655e-05,0.0008877553982952202,553
cg10938446,0.9661882259064957,0.0001357149837476775,0.0012148328691852228,457
cg10941424,0.9143848008652757,-0.00015396222269428727,0.0021391617476453906,601
cg10941835,0.9700492423483181,5.815486115913874e-05,0.0007911492762975314,542
cg10942056,0.8860741717005958,0.00020859082131847567,0.00480891468297695,600
cg10944833,0.11949193837204364,0.0005000952317008781,0.020277618248373708,601
cg10947764,0.9584314432365316,3.5363055578526644e-05,0.0002233823864946638,595
cg10953436,0.9465654223705049,0.00011749069653725062,0.0026993903298967448,598
cg10958087,0.8973258618650863,-1.4983228506312104e-06,3.0502153602895987e-07,600
cg10958126,0.977875207366549,-0.00017580261379764384,0.005289248940749114,560
cg10960920,0.9475557251159626,2.6297098689215555e-05,5.6689647646379626e-05,557
cg10970751,0.965910873751823,0.00032970528499217614,0.017603307463687212,144
cg10976626,0.9605860093297602,-0.00029785588252406606,0.00656934880057003,562
cg10978585,0.6000286138338072,0.0007551805697953419,0.0041382912829556195,594
cg10981747,0.982003445486184,-7.216744986110964e-05,0.0014234865537332553,538
cg10993086,0.7881835116846329,0.00027012117787526043,0.002206752816803159,601
cg10999000,0.9597656433401701,-0.0004949662284095387,0.016975072380699174,593
cg11001085,0.8883644727290958,6.611684432397333e-05,0.000685982457105605,601
cg11002033,0.010416154165573446,0.00023680184149212788,0.008591214887638032,302
cg11003536,0.9298620747329567,-0.00013972419493150047,0.0020809367336884765,601
cg11005831,0.9488156244490914,-0.00033391280509276466,0.01830986544909008,601
cg11009590,0.040824798319618244,0.0002691506270633151,0.003611564062150352,600
cg11010552,0.5267418818717876,0.0005579198823673251,0.006322864936491257,600
cg11014582,0.9724420217926665,-7.755351596855474e-05,0.0003514823430064151,383
cg11018723,0.0070287386486931145,1.89551678800945e-05,0.00042181066370572395,495
cg11022062,0.9669830899289,6.297720395441235e-05,0.00030595777875130903,344
cg11027217,0.9921763502660453,-2.2900010494696283e-05,0.0006844730322554948,537
cg11028769,0.037893307824641995,-0.00015141628832801132,0.002583671823577327,597
cg11030264,0.018113681294110465,0.0013006369821163693,0.05585690596482129,592
cg11036980,0.8927311742475499,-4.640487738594011e-05,0.00030091575868818055,601
cg11037787,0.9115124147595624,-1.421035096086635e-05,4.9605549396480875e-05,601
cg11042501,0.9423126979326695,-0.00045146942895641474,0.006333544028733207,590
cg11044605,0.9239571859252904,-1.1205457959119574e-05,3.4516864493516763e-05,601
cg11046836,0.9535268528793869,0.0001810687931609745,0.004265312411169009,544
cg11056406,0.9349917353533754,8.849596082080519e-05,0.001259157667495292,600
cg11060199,0.8816588885122316,-0.00019797668181772477,0.0036242285974417143,600
cg11076714,0.9305343617510836,1.3382690316675343e-05,3.9605043803625506e-05,601
cg11077657,0.9753684845110662,-0.0003273308606856618,0.006552973672368179,575
cg11079635,0.957199349965932,-9.174837567490066e-05,0.0007961664063356189,572
cg11084443,0.9040670241687406,-6.975169743676821e-05,0.0009909014639926106,599
cg11085304,0.8912961850642556,-3.0485736957024418e-05,6.533782251572084e-05,600
cg11085454,0.9276389974852584,2.1408322789352202e-05,9.231529155417917e-05,601
cg11085762,0.9801668617475634,5.133537881163824e-05,0.0009280517671644839,472
cg11090458,0.9333642210985151,-0.00014099843195762606,0.0026390724807103805,599
cg11098622,0.973029636865631,2.8791187003296507e-05,7.84564679087163e-05,458
cg11100157,0.7842656754639153,0.0005441651506401175,0.015790439801434464,601
cg11100765,0.04247557654740876,0.000475553189079349,0.05407503749398135,601
cg11105292,0.04106566321863311,0.0005152196718512088,0.014928814035123805,600
cg11113066,0.9633590490693827,-0.00022098550047710004,0.01589434760125974,597
cg11117637,0.8726012824995464,-0.000508135647940746,0.0023184315743876027,598
cg11119596,0.04921957768310001,2.3836410366827803e-05,0.00029907458003630705,601
cg11135108,0.9820535688691047,-4.081319923788192e-05,0.0007614141501142146,571
cg11143131,0.9790792062419209,0.0002611604731815419,0.08272568266650016,72
cg11143193,0.03652048482439477,0.00041164227010167685,0.030316359991913622,595
cg11147886,0.1349414073007243,-1.5001941913046604e-05,6.7382401893745225e-06,596
cg11149566,0.9569304685742674,4.708518064759197e-05,0.00018396551250787763,506
cg11152263,0.9750251356830293,-0.000163645797614632,0.0021649397232824663,458
cg11152302,0.49515861400308175,0.0009013062597882535,0.01880090321921224,601
cg11152574,0.966461440750014,-0.00011251253181905483,0.0010952744803537362,486
cg11153400,0.1842095246284627,-0.001567196766109748,0.034058657702412454,594
cg11155924,0.16862697559278972,-0.00014241358723933396,0.0006267156665182849,601
cg11158374,0.9008389401051845,-0.0001099418720192218,0.0027594143436319163,601
cg11166893,0.11413991348418492,-0.0009090557614881213,0.008054466195871135,178
cg11172483,0.923921199506164,-7.460987456400438e-05,0.0010432561117752481,600
cg11176159,0.019504591280290022,0.00010947026114266972,0.004520792682135677,597
cg11179184,0.9136558816381398,-2.3851579283326998e-05,8.312667836385401e-05,600
cg11180921,0.9271588367536593,-0.00028548192404952605,0.007666689427739182,601
cg11181763,0.9136332345030486,6.792316001093588e-05,0.0004411772638189815,599
cg11182199,0.9497639048773283,0.00014649315547335886,0.0017503516849179945,597
cg11192895,0.8767157978215905,-0.0005416824853662956,0.017736702363595702,601
cg11194108,0.9804377073573417,-0.0001954384951074547,0.005621178968506557,530
cg11197913,0.9731064838715866,-4.067427152270213e-05,0.00023938721078531344,522
cg11202160,0.9411040759324114,-0.00014459525970294914,0.0033937984951630806,601
cg11203905,0.8774938889465185,-0.00022497685112595915,0.003559987684299326,601
cg11204562,0.9327373364060237,-1.4186940768445194e-05,5.0641689477992635e-05,601
cg11204876,0.963409749067835,-4.971138782591041e-05,0.0005759452900083728,598
cg11205006,0.12868779897554383,0.001075377915062609,0.026400363547442796,601
cg11208869,0.9132670743775284,0.00019341099018496116,0.008168251135195814,601
cg11209521,0.9399542291445337,-0.00021629824506513243,0.00321032922258635,595
cg11211563,0.9633396083810641,-2.2913016505650358e-05,0.0003085068325958673,600
cg11219400,0.043964686187083095,-6.490798410000656e-05,0.001160472454063144,594
cg11220502,0.06401410703174494,5.049660208347511e-05,0.0007358422677982146,601
cg11223933,0.9605559504689327,-4.941925005742698e-05,0.0005205141494796228,591
cg11225573,0.17207974281432792,0.0002673316267999992,0.005688549009509547,601
cg11231018,0.9836168462681127,-0.00010928876390633042,0.0017719465305590099,342
cg11235297,0.2616395061668836,0.0018332030652850055,0.038566030507156124,601
cg11235411,0.9436873355494645,0.0001400009045627139,0.0027383492711477997,592
cg11236550,0.1261132536778819,0.00027705081609083856,0.003475570073771639,601
cg11242581,0.9336454478095255,-0.0002437812198950974,0.003931961236780301,598
cg11244091,0.920150037413071,-4.7487194853139e-05,0.0005148243203862979,599
cg11245053,0.9043151894306227,-0.00033693170373430765,0.00889889471646943,601
cg11253416,0.9311810551742324,-0.0003665811437279604,0.00885701828113905,599
cg11254532,0.9571184014700079,-0.00013837141771144105,0.0017852928967397874,589
cg11254952,0.9899046592813341,-0.0002954963459039177,0.006248416719603189,381
cg11260046,0.11886602232804683,0.0008716548851977434,0.006032629240026677,601
cg11261655,0.9275458499364749,-0.00018933699420039174,0.006794766711574973,601
cg11261691,0.9549276432776703,-0.00026749794727898865,0.007694989121967422,597
cg11264392,0.9286994208215508,6.401598592033286e-05,0.0009867824959072236,601
cg11267683,0.9687636546161391,-0.0005914399936105363,0.05198978358635653,601
cg11276420,0.9526392881008294,0.0001751917856265259,0.0011905280292395792,280
cg11285912,0.9155964155599655,-0.00010069105602745447,0.0018577480909373056,601
cg11288144,0.04473644169799979,8.627596445957177e-05,0.0009762090763385523,584
cg11288260,0.05395200585121259,3.9914906885370075e-05,0.0008983748452560114,601
cg11289878,0.9464036353385319,6.928486912923985e-05,0.0007049997356195492,595
cg11303988,0.09721526825914298,0.000604024143541238,0.005341062733600244,595
cg11309462,0.04994082688007491,-0.0001468480738243346,0.0015788016789149983,529
cg11310496,0.9260258626434239,6.9897626535205055e-06,5.067583834561518e-06,600
cg11313951,0.969316715493919,-6.462334406349266e-05,0.00046065700309727564,489
cg11316131,0.057074961231260914,-0.00011464998730436366,0.0061578962376109825,601
cg11334870,0.10638467595562418,0.0010666750344336744,0.01366963394812204,599
cg11337525,0.05517129184244099,3.5166628458474465e-05,0.0007255705395833312,601
cg11343177,0.8372633882510147,0.00021640271846870752,0.0019001949532496676,599
cg11344614,0.8847032649054296,1.6816141559326737e-05,3.6006324560688974e-05,598
cg11344997,0.9774895975933935,-0.00010059123042140011,0.0015778309277976188,527
cg11345955,0.9111836661026789,1.4690799893660877e-05,2.3567171733129832e-05,599
cg11351837,0.91117103373903,-2.5365185643179023e-05,0.00014128166568805334,599
cg11351958,0.9955095092955139,1.0952207193391302e-05,0.0006515250992680244,312
cg11354603,0.9361383275803825,0.0002524509773960785,0.0053567751068642755,595
cg11356887,0.945930503348698,7.56592421894575e-05,0.0009903410190972295,594
cg11358945,0.21201312513438603,0.0025602351509552337,0.09831326865020495,601
cg11361335,0.9794000825952938,-0.00020905385309411218,0.004427896394104236,411
cg11361387,0.875276353021634,-0.00066974569262358,0.01424328199562086,601
cg11362010,0.07540704240820484,0.0007196478620795682,0.01625457873482361,601
cg11372934,0.04758755873329966,0.00024345873599993764,0.007207135599387793,600
cg11376341,0.6282423421524078,0.0013954577230249115,0.022615923089451484,601
cg11383208,0.907183147043574,-0.00011144481023025352,0.0022262792270495435,601
cg11391618,0.922707905680183,-4.793921411783531e-05,7.018444568995807e-05,599
cg11394600,0.0421559661771225,0.0002326443773791872,0.011048037230618535,601
cg11397957,0.9638560551728982,-0.00036110808848733954,0.0161858654448378,594
cg11398451,0.9634461918742325,0.00020170094362627735,0.006046260674269055,447
cg11401820,0.9272782118503136,-0.00012933928605800174,0.0018330213992328037,599
cg11406780,0.9822855126178929,-0.00026124845009197644,0.013161504778675281,559
cg11406977,0.9335075898166192,-0.00012729191781365464,0.0015621565614868382,600
cg11414267,0.9896493712604617,-0.0009407097186640452,0.01696026397294348,596
cg11419262,0.9315241378039145,4.2196746610340217e-05,6.195786281337767e-05,496
cg11428066,0.9131366447017321,0.0003697484379524357,0.0006330925027685508,407
cg11430077,0.10711083386065665,0.0003369753546553835,0.005109798461561343,601
cg11434705,0.09761181060011417,0.0021272081682022683,0.04651955700371879,601
cg11436362,0.0954773147151717,-6.779614591963873e-05,0.0002670685216146218,599
cg11437465,0.9210175618712455,-0.0012791038798367503,0.0021789414392922035,600
cg11441533,0.9248091760819277,-3.538508816669346e-05,0.00011940423448175697,601
cg11445109,0.23549136153066086,-0.0010796611779455504,0.001955366716278384,593
cg11448557,0.8714422313762228,-0.00043310908976839095,0.0072001533699351805,601
cg11453174,0.9236312406329839,-3.5594154111542245e-05,0.00033313482267482986,601
cg11459773,0.9766500195174729,7.527089286099379e-05,0.0009206285582823437,307
cg11464160,0.28640891597950546,0.0016968952745814317,0.03885476717068126,601
cg11465213,0.05970737336452365,0.0007554852281519846,0.02205180468833401,600
cg11468089,0.9104164812856769,-0.00015424712327513575,0.002993538740776125,600
cg11474701,0.44821393844106794,0.0007429829554665901,0.00636812051812452,601
cg11484936,0.9337955541404697,-0.000922203977275189,0.025157980864863316,595
cg11505417,0.04246958093816537,0.00011218943336891857,0.003819585821616789,599
cg11507895,0.8789850168730219,-1.3347547156482406e-05,9.223308005346098e-06,601
cg11508595,0.939458037928073,-0.0005339568048698711,0.01680086518469137,601
cg11518550,0.8997286114811469,-3.254800517096763e-06,1.0872065859812707e-06,601
cg11519176,0.3342275757862076,0.0001830007889357362,0.0006394334930545087,600
cg11526198,0.0506382371622753,7.304756405235759e-05,0.0010970740848469385,601
cg11528914,0.017951916350491585,0.00034885937013301167,0.02174011760393957,579
cg11532179,0.9173327738508004,2.5665732822756117e-05,7.220919399530956e-05,601
cg11532431,0.8838475652867176,0.00040817821376139447,0.0027125174475038927,601
cg11538810,0.8989304092662044,-0.0001826403243143594,0.003544510088551167,601
cg11541601,0.04118806269501964,-4.2483259079669854e-05,0.0006123841701952681,601
cg11546385,0.02432077720140892,0.00015754336941923043,0.0066919809821438525,592
cg11549417,0.040505381411926826,0.00016471476060816773,0.013348390920795872,601
cg11550234,0.043721135713169414,0.00020446474592187896,0.00949387568853366,598
cg11550865,0.9313604450274106,2.9314289155072432e-05,0.00014506393815860719,598
cg11551464,0.18928661857586773,0.001487512654497394,0.04096737424289776,599
cg11552363,0.9292036742200199,0.0001192442281977295,0.0026152983174120292,601
cg11553618,0.009022121244184757,0.00017815519016035615,0.007782647812933807,326
cg11565786,0.9350679501134562,-0.00018425397715899852,0.003121107404624235,600
cg11570233,0.9251907016705648,-9.78362192429596e-05,0.0002963455329998421,574
cg11570791,0.06474152116672033,9.11580554446322e-05,0.00350313985967754,601
cg11571702,0.9505703200494524,-0.00035801865839257493,0.01344537834967352,599
cg11572080,0.9716007565146585,-0.00014422123923256801,0.0037789931884358863,572
cg11575644,0.9484337681303321,-6.642024738870191e-05,0.0010599304016271072,599
cg11580390,0.9558306605289744,-5.039774842121652e-05,0.00013591933680090484,542
cg11580575,0.9977157860486227,2.2826228156893343e-06,6.204811390897458e-05,184
cg11584098,0.8482701425172292,-0.00031285776664246494,0.0024520327600274783,601
cg11586666,0.887522957138399,-0.00013496367463120684,0.0019491795883412877,600
cg11586930,0.9634209261430737,-8.919240376578769e-05,0.0023433575979220356,600
cg11591485,0.9607231567744434,-0.0008018189094832964,0.030548885339657383,600
cg11593799,0.9596868950945153,-0.00010497776651404285,0.003217467989611089,597
cg11598403,0.8724880205116818,-0.00046674025630486524,0.0010478131805945479,599
cg11599864,0.9797519592059709,7.941990707853424e-06,3.0318959679309643e-05,594
cg11601297,0.8422132879409351,-0.0007620586394587328,0.017368233014709133,601
cg11614093,0.9493633514504788,-5.584062534092329e-05,0.000346424711074933,588
cg11617144,0.9975346102245282,-3.4507717736940824e-05,0.007731241097481245,479
cg11624708,0.9396859446438641,-2.0534327372494415e-05,4.5719551643674805e-05,597
cg11628487,0.08288944029215761,0.00010649242368477477,0.0022398754448239577,601
cg11630939,0.8391416674872268,-0.0006484010828207003,0.008178762540956619,597
cg11640562,0.9584434949548734,0.00011382739653168049,0.001227840258742674,483
cg11641702,0.9057700453080977,-0.00017046913818670052,0.0024545829242607065,601
cg11644370,0.9247132478548616,-0.00016477483558567787,0.00731903756692609,600
cg11644585,0.9767012627473739,9.29543820050829e-05,0.0004340249023467857,219
cg11644973,0.958199580069126,-0.00021832295620196425,0.015229178150534928,600
cg11655390,0.9081172953803309,-7.6794073679927e-06,8.26219153393648e-06,601
cg11660879,0.10174589616392546,-0.00018254169213607522,0.0017642044173935556,597
cg11676189,0.024576792810499185,0.00011593055838485556,0.004916209438591168,594
cg11679455,0.9695758489998539,-0.00020127546577024556,0.013998935720896943,600
cg11679871,0.9304403848228399,-0.0007364550547179551,0.010146402277085076,591
cg11686204,0.9502082562022378,-2.12817928764569e-05,0.00010586783402410926,600
cg11692070,0.9773693857740813,-0.000145212231581117,0.004373782681706961,585
cg11693285,0.3345721366855937,-0.0008232663422521586,0.003246437819087067,599
cg11694519,0.18674598668261433,0.00040175352277805763,0.0021175402355612105,601
cg11698445,0.9319949219841044,8.583389475697137e-05,0.0014486696345958894,599
cg11700356,0.04391065982874166,0.0002318976988471431,0.014833271133078418,601
cg11703212,0.43381248438023423,0.0014527512567194094,0.014758830501290787,601
cg11703729,0.9235116185832751,-0.00039637552614603947,0.005101889460145004,596
cg11706226,0.05233076309183238,0.0002999556355454831,0.005685580239673804,591
cg11706717,0.9632603549247507,4.5387664631726477e-05,0.00015744092495906248,419
cg11721464,0.029591464954690117,0.00017421171293762657,0.011816066554505844,599
cg11724984,0.994439350760855,-4.26750992320631e-05,0.0034613176121427447,501
cg11729019,0.8922392181179363,0.00022158963686322913,0.009937638839204621,600
cg11731793,0.9285445916555611,0.0010420451558549163,0.10887766916054287,92
cg11732226,0.11768899219959159,0.0008542292829181079,0.0038428841793813895,601
cg11732301,0.09048402608690836,0.00014447730375390515,0.0019675826019607268,600
cg11733245,0.03281014112182844,2.8252701462140814e-05,9.892343530937264e-05,527
cg11737030,0.02053795663076787,0.0001737545271015674,0.006809090609361745,576
cg11737879,0.9741186256130782,-3.4369898805129115e-05,0.00019683033105299952,526
cg11738486,0.99074955547195,-0.00012891067741438252,0.01537030984076948,594
cg11744817,0.35103444734447675,0.000571656387354737,0.0020796952514315903,601
cg11744966,0.9356983164657088,1.3081937649646553e-05,3.1650082129908164e-05,599
cg11745444,0.9100655740757732,-9.06726918357094e-05,0.0005936237808635836,601
cg11748354,0.033779258735268734,0.0003237318254744288,0.009273402451764556,581
cg11749672,0.951856387934587,8.809120697649746e-05,0.0019391071404757376,600
cg11750112,0.9562812843548851,0.00019640461850775013,0.0037099218973826176,409
cg11753750,0.07323573983449139,1.8606279921491037e-05,0.0001580673833377899,601
cg11754807,0.7317942906186176,0.00022040922751998896,0.004437563849397974,601
cg11755245,0.943336935687473,0.00010014537931592588,0.0005501942125162307,460
cg11767757,0.7723471805980142,-0.001354301357759791,0.03202147610964423,601
cg11771735,0.9818608908274202,-0.00019986599593652628,0.007909190794490817,533
cg11779113,0.0432146390585767,0.00012726854700367439,0.005013652435736371,601
cg11779395,0.9671952028543134,3.176282393855315e-06,1.4368905614237093e-06,575
cg11781335,0.049493760424073434,0.0001340517603769509,0.005287022052274382,601
cg11782559,0.9323133048986019,-0.0003449413854637547,0.014356700263751465,599
cg11783901,0.8610180214470268,-0.0010883717405272516,0.026916211720778738,601
cg11784578,0.9104396060034573,-4.180278036881044e-05,0.00025955867580174097,600
cg11784887,0.07632447739022477,0.00045663990812475346,0.010741378942961455,600
cg11786966,0.9496429501795619,-5.265819777905062e-05,0.00025018969193402185,591
cg11789612,-0.004427429694680553,0.0009616614442610775,0.0562082317515592,598
cg11802442,0.9091526365621889,-0.00042797754612713626,0.025588776053106055,601
cg11802899,0.02439912212208508,0.00019225361131813533,0.005971577026274044,583
cg11804789,0.03152313077867423,0.0005132192008265774,0.021878740078533854,592
cg11823253,0.9723343138755157,-0.00017905235469011066,0.006783452024763825,600
cg11827998,0.15486546730586526,0.0007008763809133852,0.004474079513346885,599
cg11831003,0.005436491334729253,0.0004022961551717331,0.002137051908608356,129
cg11831182,0.8695112575044603,0.00019004609861354049,0.003559951964452801,601
cg11844856,0.6370071793205901,0.0004629508996714467,0.005229732038008361,601
cg11846466,0.9543164788185214,-0.0001194564184797287,0.004807135107847027,601
cg11847964,0.9215648289767139,2.1489571477204606e-05,5.880074054509521e-05,600
cg11849327,0.8467074048015492,0.00023727993125894484,0.008079714850389164,601
cg11850468,0.14812291577424164,-0.00027272822754473855,0.0020275388396596705,601
cg11852333,0.9500270620810269,-0.00010549296557484533,0.002454705613684993,596
cg11855117,0.8930852607968325,-8.519684668150776e-05,0.0002603536606811119,599
cg11858226,0.07152609348564215,0.00011651604072037241,0.0013726834575240598,601
cg11862144,0.958875640445084,0.0005430608500214743,0.040269799067003675,68
cg11864201,0.9500105187932422,-0.00017853947234700975,0.005491084311374683,600
cg11868247,0.9497942051815681,0.00013806700195689338,0.00226007487761537,596
cg11869193,0.034007944692898494,0.000938419711466673,0.036240883463285356,601
cg11870561,0.8574197607001239,-5.772848894776391e-05,0.00017746273107810406,601
cg11872504,0.8999323894015786,-0.00041559895252598256,0.005047948978550099,600
cg11884933,0.2747024900540992,0.0020267125121261292,0.06679418744070276,600
cg11885201,0.9994700664490269,-0.00019733667369106604,0.013456718392786615,396
cg11887083,0.9595064432862729,-6.210237214952805e-05,0.0005305286805242782,596
cg11888747,0.05747992306535708,9.20087175754733e-05,0.004942725431331785,601
cg11891735,0.9073091095370843,5.5407688735825106e-05,0.0006387383310813011,601
cg11898646,0.9027165779534561,5.614290727294803e-05,0.00038345432779451905,600
cg11903057,0.03288372280846715,0.00017068301497505977,0.012016927334436378,598
cg11903188,0.96194790149715,-6.386527274097932e-05,0.0003427691461757032,548
cg11909137,0.023756095513136948,0.0001317745309515464,0.007689720103123965,593
cg11910759,0.9353010326098957,-0.00029510897355827234,0.008127503922408685,596
cg11914795,0.9237357991262973,3.939271079230645e-05,0.00017762422647638054,599
cg11915444,0.6578450944340067,0.0008786891519825862,0.00905424712404801,599
cg11919577,0.05666229661771416,0.00021949641017448174,0.002061073204759456,582
cg11928064,0.8870029211075934,2.158983877452969e-05,4.078048697198078e-05,601
cg11932158,0.23701849042796047,0.0007623991851605245,0.027715174092949324,601
cg11935592,0.9654952564689662,0.00017785431909737124,0.0033687724671480623,278
cg11937508,0.9568193127897872,-0.00020543573559754125,0.005178921117306001,589
cg11942594,0.14526381441739206,0.0011584458164087868,0.01593982935503102,601
cg11943056,0.8600437569977216,3.791794298482543e-05,0.00023239933971452853,601
cg11944110,0.9505649209812272,0.00011712137752644822,0.0004499168974531065,257
cg11944797,0.9471094897888814,-3.0395974986065525e-05,0.00027000732917870085,601
cg11951433,0.9761162104849664,2.5826906867269284e-05,0.0004176993658449035,595
cg11958128,0.1957696960051038,0.001228416265894548,0.04424033088112145,601
cg11958644,0.09022669917702048,0.0015521071187686874,0.0458143594960011,601
cg11959156,0.9580173656920601,-0.00023654367057831003,0.005436227890773249,585
cg11962524,0.9449627721086884,7.386585966420255e-05,0.0005316969992822385,599
cg11967332,0.9376049014807456,-0.0004056420880112531,0.0018472112709082555,585
cg11969213,0.8326418980562673,-0.0004996441530865706,0.012187546619732204,601
cg11969813,0.716943152601601,0.0004113352291448471,0.0030825133881731137,600
cg11972534,0.8816523053790664,1.734526147219173e-05,6.590269365891466e-06,600
cg11977716,0.2867107524445762,0.0007196695600959451,0.005207511375699747,601
cg11983939,0.9181573604968613,-9.824130179861694e-05,0.0003929226321766066,600
cg11988036,0.035835373523611005,0.0003425080000754824,0.03889396440132786,600
cg11988531,0.9689655600221144,-6.641858630776566e-05,0.0006197418613028693,572
cg11991398,0.8510486306013579,0.00015481063534079152,0.0018901550575544102,600
cg11997708,0.012100287160913707,0.00034868919724570995,0.030202914630006128,592
cg12008047,0.9156139617925367,0.00028223263395763426,0.00411252990137001,601
cg12011343,0.1131645756360212,0.0007889230085601867,0.007017765248571339,601
cg12017558,0.19019114230336423,0.000962562468506384,0.005997220611027254,601
cg12018521,0.9398710047652095,-2.5641587472956472e-05,8.894625089195252e-05,592
cg12018718,0.06686768232233348,0.000810771772402255,0.01545211520844958,599
cg12020396,-0.0019237990273735552,0.0005070172088537337,0.02914775845493056,537
cg12024826,0.08840472613312843,0.0001064904997677927,0.0010399627984647442,601
cg12026992,0.880229409178939,-0.00013544878100656545,0.001903092441985832,600
cg12028674,0.9398854274228822,-3.8573495804368174e-05,0.00024286574670195904,601
cg12028842,0.9373564160758828,1.697211195841923e-05,2.1496716528401905e-05,578
cg12032648,0.9463263256022623,-8.433238713304042e-05,0.000978172893431939,596
cg12034871,0.9101983677997642,0.0002816589621863428,0.004326918166200011,587
cg12036544,0.03603697362123161,0.0002539102134328874,0.004369147549149077,545
cg12036735,0.11107024148843629,0.00031838767735468384,0.00417090935738107,599
cg12036877,0.564215946967874,0.0005763670458638482,0.006114563553990426,601
cg12042264,0.17785952331023522,0.0008865687449970327,0.02150387687683808,601
cg12042590,0.9794067056138158,-2.747875718423233e-06,2.517137275614978e-06,536
cg12042952,0.8736552380286924,-3.1047057741786805e-05,4.378477269206815e-05,601
cg12043732,0.9627508317107585,-1.4460600834329139e-05,5.9763117615796446e-05,601
cg12050271,0.9896424639484893,4.532018630394704e-05,0.0017875741523470934,351
cg12052340,0.9486594924890777,-0.00023374704881468775,0.009001410647049513,598
cg12063688,0.8631183988686676,2.578594510490135e-06,8.678685821106313e-07,601
cg12067423,0.08068533320089447,0.0005070105683380114,0.034532278269302163,599
cg12070011,0.04802278694526069,2.7020550449037048e-05,0.00018830737277564236,600
cg12072197,0.9480638017688842,0.0001238392189794866,0.0035109328869002976,600
cg12075498,0.24417297472375968,0.0010644646980462217,0.006159654048321972,601
cg12077754,0.8775773098228647,-0.0002608438666333797,0.0033457966184101684,601
cg12079904,0.42252214167135094,0.0007186213333784502,0.008410176014967186,599
cg12080675,0.010971774358124659,0.0009641008557230047,0.0389979890967892,594
cg12082609,0.3152659851678675,0.0004511440319347279,0.0044909663126220245,601
cg12093662,0.05359779155977966,0.00019894260346063568,0.005970499055378942,601
cg12094965,0.9380817464529804,-0.0002124003922265047,0.004539226667588769,595
cg12097273,0.947034563466772,-0.00011929320508908186,0.001955241374356542,600
cg12098228,0.07695208711741927,0.0007648227359301975,0.03110926315587892,601
cg12102235,0.09891423733920963,0.0012306539499714942,0.02494914392713865,599
cg12106761,0.9597935627660753,-0.00016407508570361225,0.0029378271570299486,588
cg12106976,0.22093379883230513,0.0013618910707025435,0.0313362004868154,601
cg12107466,0.9526894947495661,8.536068771481754e-05,0.0008922782974531973,580
cg12116027,0.9594210226937243,-1.6462496777401346e-05,5.5655739022109074e-05,596
cg12120406,0.8167429843013487,0.00043628674113362125,0.014355219505494676,601
cg12121782,0.9410316949080421,4.386388299425947e-05,0.00012034394763893452,549
cg12122057,0.8672719234360716,-0.0001407879590224277,0.002186888579472468,601
cg12123728,0.08188784501803736,0.0009924157982380648,0.06785256689520724,600
cg12124094,0.08128926396119356,0.0008171229248176667,0.033930697868179704,601
cg12136514,0.033920312170584645,-2.5118192873802784e-05,0.00023256767337087592,597
cg12138102,0.8345267714384259,-0.000576509470507046,0.005556167208534912,598
cg12140749,0.9682935426750909,-7.952754127918758e-05,0.0018046606384911623,593
cg12141218,0.9836658446380397,-6.984035952145108e-05,0.0010199956428786905,473
cg12152443,0.02857185340645426,0.0001872532129021721,0.02048494250807309,600
cg12157364,0.9527160391316387,-0.00037674074118426406,0.017841711572225583,601
cg12163532,0.9304937302149097,-2.474180273615258e-06,1.140520174414128e-06,601
cg12168509,0.8986494063028125,0.0001240216055788649,0.001590141994398775,592
cg12177314,0.830555731686828,-0.0006517210067142444,0.013653560958702182,601
cg12177677,0.012981267494316577,0.0002460882313117739,0.006065736031612645,583
cg12177909,0.9141381965983921,-0.0005792564393970723,0.017627887204960224,599
cg12181407,0.11747522401863261,-0.00032698737735245814,0.004727139117370438,598
cg12183875,0.9450848347562216,-0.0003411813692354918,0.010539676643520068,587
cg12183978,0.9875598038711341,-0.00013042843524872942,0.0013689103965941474,269
cg12186317,0.9510843848345907,-0.00043981784800255685,0.02196445334491892,598
cg12187098,0.9660934368484934,6.632671616052223e-05,0.0012152634567822451,585
cg12192582,0.04011804990992119,0.00020301910786778217,0.0038642225110716577,594
cg12194594,0.9669261168350863,-0.00011033493559257729,0.0022321250167564033,589
cg12198140,0.09857349138046562,0.0011239926826510042,0.04172170747169546,601
cg12198334,0.05757676315716078,0.0008430474507961969,0.019032948967592334,601
cg12200038,0.0038656383272994144,0.0023993786721241872,0.08334659220221774,600
cg12200164,0.9389280756809757,4.797373517144897e-05,0.0001779777375067182,572
cg12201544,0.9844393708806558,3.854102647409806e-05,0.0005850653242198689,465
cg12208532,0.9469684802238124,-0.00014257981483513718,0.0033695459161495744,598
cg12209042,0.983115368636974,-5.2192597382505704e-05,0.00035722829601059214,530
cg12212198,0.30502331399165766,0.0011506916917726363,0.015435080744679697,601
cg12220426,0.927575204477417,4.8593409931838204e-05,0.00010608039402737468,592
cg12225526,0.8748842190791936,4.614134823256463e-05,0.00021262983748149278,600
cg12229151,0.9492422505540272,-0.00016347179917890404,0.0059520901455228925,600
cg12229555,0.025284693226529823,8.065657468273113e-05,0.00087865075218585,580
cg12232146,0.9080485766260336,3.8049779810459677e-06,9.235841098576003e-07,594
cg12232903,0.0645852012976775,0.000489731551140843,0.04842201970029625,601
cg12238593,0.041604613395569076,3.1358354137940497e-05,4.061651482634154e-05,546
cg12242373,0.049520206830231506,-0.00017422233117560002,0.001425202908167389,463
cg12245706,0.9916436765411694,-0.00010979558972162364,0.004802222756988939,492
cg12253175,0.9648691698041597,-0.00024858117229244637,0.0027811278452496424,598
cg12253437,0.047332025216654944,1.5874470924828187e-05,0.00012056258575066092,599
cg12254648,0.9192065748491246,0.0001568100460987773,0.0024940031146598596,595
cg12260801,1.0013428611714283,-0.00010026987741179702,0.004574563730623704,99
cg12272297,0.914453291156786,0.00010472851543320693,0.00033902645164263223,580
cg12273284,0.011632542319090108,7.373725768464618e-05,0.005989662307586241,579
cg12281446,0.06241679496342603,-0.0002894192614393644,0.008644474458954332,592
cg12283393,0.01974612599079893,3.429326822521762e-05,0.0006901524777961354,596
cg12283658,0.9748971122912423,-0.0004170039525261148,0.011392349268262492,541
cg12284789,0.9681029468686868,-4.7711145481066055e-05,0.00031629053427650877,596
cg12286415,0.16111818919364046,1.1179979861471399e-05,6.023796126908287e-06,601
cg12288473,0.981279680221689,7.242525702360208e-05,0.0016400960941059806,298
cg12299554,0.13087134213125984,0.0024164540040240547,0.0650341011311012,601
cg12302621,0.8913893466459981,-0.00031358170152998705,0.004638750675194703,601
cg12303521,0.9158475338320202,-1.6850550481579085e-05,5.0513605217239466e-05,601
cg12303981,0.843104173375534,-0.00025904243996039544,0.0005082051645776131,600
cg12305431,0.9671542736532488,-0.00019517893909764688,0.013528982724846816,601
cg12306086,0.27681290240359346,0.0017690695821142262,0.035817517639565644,601
cg12309653,0.042809642603271296,0.0006804398268709923,0.03784639647014554,601
cg12324598,0.9647945498464129,7.597129184157826e-05,0.0014904221078391178,593
cg12329318,0.914960267771433,-0.00039326894570923597,0.01034508869281947,601
cg12332674,0.16974926306519586,0.001642919964722379,0.045686949299571844,601
cg12340166,0.9483247626235414,-0.000410268234196519,0.013549211866157207,591
cg12349181,0.8957640816248675,-0.00010468781029263862,0.0017169293340221214,601
cg12352601,0.8668549555762987,7.226583565277135e-05,0.0011769596938562277,600
cg12353452,0.009783048075958502,0.00014375383842567905,0.00824964849178822,485
cg12356155,0.972761400403076,-0.000412585385748267,0.010825898111778254,507
cg12360046,0.9727652135459139,2.3642604996184794e-05,6.896332630534907e-05,588
cg12360935,0.1301088513582183,-0.00028555062688520957,0.003211539659772944,601
cg12362118,0.08494724159344892,0.0007432269095830995,0.008495991012844928,593
cg12363726,0.9145850126041221,8.793636651340607e-05,0.0012158333928481424,601
cg12364994,0.9576752745096614,-0.00030436710636422087,0.02021234408626882,601
cg12368960,0.9269762781151917,-0.00016466427404511155,0.0034078823112878576,600
cg12388541,0.8637732976073614,0.00022019836863760843,0.003966133253177406,601
cg12388682,0.9825751370889344,-1.4057545175600913e-05,3.926573807411238e-05,305
cg12391576,0.9623706688429691,-9.528202108621471e-05,0.0008276664184195814,581
cg12395259,0.9470417427175974,6.350900183162947e-05,0.0004658752185316972,586
cg12401842,0.3896340600298889,0.001979108298980161,0.018712942252352205,601
cg12407685,0.8467423426694592,0.0002248646351631651,0.004715326398439967,601
cg12412030,0.9301837406699761,-3.631580714496942e-05,5.141799372965217e-05,567
cg12414653,0.0032996593838798853,0.0001120040366801781,0.012199736759607172,328
cg12416416,0.8763027897638639,-0.00040427573243065004,0.006682802435698076,590
cg12416830,0.9605926937074208,0.00010026369871941921,0.0014772028669518544,561
cg12417955,0.9598159317445955,-0.0001486790669702043,0.0027040479924940186,594
cg12418762,0.8805412059874915,-0.0004270214178141346,0.00813980197310038,600
cg12422026,0.9622956265121939,8.674369566803021e-05,0.0004033216188922273,432
cg12422539,0.9707035116663743,0.0002887821752751898,0.019700976640174672,222
cg12424898,0.9099203624502445,-0.0002896977467810756,0.005819842892833882,599
cg12426496,0.9462891822263001,6.791025418146878e-05,0.0008982509910585579,599
cg12426776,0.8654541110775814,-0.00015815427076840472,3.7283831106904586e-05,597
cg12431891,0.9267132520656239,0.00029391593424859906,0.007593466738073595,582
cg12440069,0.9763293094932424,-4.5883327090556816e-05,0.00018812057279982142,436
cg12441066,0.30343056644068994,0.0008196901065159856,0.0271633034820985,601
cg12444746,0.9800412601548216,-0.00032580717098161293,0.0053225645702399405,443
cg12466022,0.9588366891308384,0.0002196053648770619,0.006387976920619098,482
cg12475142,0.9862994351918257,-6.748194477261097e-05,0.002733391152385578,579
cg12486521,0.6752403478055399,0.0009498271919154089,0.01588532472564974,601
cg12491368,0.8594902812869509,-0.0005902782137594621,0.019247602885688164,600
cg12491643,0.9563393520529584,-0.0002114443138087826,0.0054871409263841375,597
cg12492900,0.026051063333262382,9.042682533993868e-05,0.0038884724088916744,596
cg12496211,0.8766316584847114,-0.000647908162725667,0.014375130566335659,601
cg12496307,0.9223359863402536,-0.00010240577542803745,0.0009002696766099438,599
cg12496800,0.9815962599981185,-0.0001415026270423689,0.0018873668034623536,446
cg12504877,0.051676348182554024,6.939289818032367e-05,0.001942760395183929,601
cg12508078,0.9611194497110961,-0.00021809785300455463,0.003704686854174133,579
cg12512771,0.19265387402981798,0.0006165929596259624,0.006280688088054265,601
cg12516954,0.3030524068643972,0.0013707817632973513,0.03766285847691431,599
cg12520249,0.9605440174894029,-9.385617455172475e-05,0.0006858100142567158,534
cg12527995,0.043825536541941545,0.00016919138481358617,0.0049339947572821785,600
cg12528056,0.9872553303762003,-5.022737752893617e-05,0.0005692384136724016,477
cg12535109,0.8946558513046318,0.00038517155560319297,0.006356045185296533,600
cg12537394,0.9356543838903686,-0.00043796735569181085,0.01559250315628935,599
cg12546582,0.8524873043017746,0.0010627794864013094,0.005731412563254601,600
cg12554857,0.23267529457133118,0.0013314840719675844,0.028061809872655274,601
cg12556823,0.9382132800572395,5.788971865583857e-05,0.000471657293057981,595
cg12557254,0.8895602108528547,0.00011365090007805179,0.001385234039376071,601
cg12559925,0.8684226532867932,-8.143532192208984e-06,3.4415468007642502e-06,601
cg12565355,0.9469995279422113,-0.00014054582341048013,0.0024997433803244373,597
cg12565635,0.7842807390505101,0.0004144211966464102,0.00703471147128476,601
cg12573502,0.9338116356403999,9.052578730581945e-05,0.0015690967322471439,599
cg12575554,0.9590018228927625,-0.00015258930189464772,0.001479688476048624,543
cg12578486,0.10543835499432024,5.73385096250311e-05,0.0004381987676734811,601
cg12583970,0.9182652015413056,4.5226665146711564e-05,0.00018966715304480353,601
cg12589486,0.954771536394545,6.039722829141049e-05,0.0005998596995618888,587
cg12592365,0.897899940373412,-0.0005165185847001698,0.012019413960249525,600
cg12593223,0.021837095895842228,5.517151809274514e-05,0.0023871896095237766,600
cg12595439,0.9647738642843505,0.0001868682193392175,0.005718502638077383,466
cg12598837,0.8049705247321277,-5.8564343508312456e-05,0.00024399835902022549,601
cg12600692,0.9462408064049014,0.0001322766462654695,0.0014888033571757164,564
cg12602405,0.9916457108557949,1.2211084181732552e-05,0.00015964793001777,88
cg12603369,0.9240282691753092,-0.0002841569065864964,0.00965897514212688,600
cg12604858,0.8020622049709843,0.00028721526509942864,0.005498152680727841,601
cg12607188,0.8880421380587923,0.0003837265200110095,0.00956456475964218,600
cg12608692,0.9301711869566875,-9.529208315460257e-05,0.0009777359208652525,595
cg12609829,0.05094838041098938,0.0001746845485281229,0.005664770413894127,600
cg12611195,0.9763565767776239,-0.00012759492555480058,0.0037766011306692437,522
cg12611897,0.9470172424272685,9.532183370620789e-05,0.0010130863446556893,576
cg12617080,0.30617003139754495,0.0005971119206816143,0.008262593289042552,601
cg12620935,0.8895571088780457,0.00034551311133839465,0.004410273833175604,601
cg12624805,0.06395949630887718,0.0003085213347232058,0.007585144632197061,601
cg12625300,0.9140647178930852,7.1590318871146e-05,0.0008897591905070446,600
cg12626242,0.860618817870147,-0.0010167063770877053,0.0332248881107331,601
cg12626589,0.9218511935680475,0.0002572852671054773,0.003000985749006868,580
cg12635790,0.34623461651314935,-0.0008136942353244882,0.01318466768765969,601
cg12641024,0.9044432228971524,0.0001954355945460446,0.00401490648606595,598
cg12641165,0.9159155435932349,0.0002224892026947362,0.005084843936539518,601
cg12642725,0.9160399576297822,-0.00018408606680409302,0.0045810131927831454,601
cg12651761,0.9119527005626051,2.599566097565356e-05,0.00017106447143133696,601
cg12654045,0.9558111398273038,-0.00024344446838573452,0.009203773079080269,598
cg12655375,0.8967186417021019,3.873023741822048e-05,6.30829248914333e-05,593
cg12658400,0.915959699552796,-9.155026198580347e-05,0.0011849934308633125,599
cg12659009,0.9890622693322423,-0.00044458741391036706,0.004186934418623833,490
cg12661316,0.060009552516139625,0.00012293003644597595,0.0005341503913537382,550
cg12661964,0.8997245291518902,0.0001485751462343127,0.001143576391159029,600
cg12671632,0.7599061227143463,-0.000450529769035399,0.0043438457883414605,601
cg12675571,0.10461122027977887,0.00029990185094119906,0.007208692448660958,601
cg12676534,0.9336624215546183,0.0003831230963673392,0.010150112481191131,575
cg12684668,0.4635710401564918,0.0005642983559413751,0.004070990547076048,601
cg12686644,0.9791995060489802,-0.0002901171582640005,0.009424717338261002,538
cg12688781,0.964227869862199,0.00034256099644357094,0.01534503783368013,89
cg12689670,0.08228712749811803,0.0003930609174649636,0.009703472860524753,600
cg12689888,0.9796152926421848,-8.06241919298037e-05,0.0010810200872158893,472
cg12710648,0.0908825888574096,0.0010476054710004178,0.012962734865476944,600
cg12713583,0.11968539500779442,7.707176018027978e-05,0.00021907066134796427,601
cg12715285,0.9972720327457908,-5.5418918523652324e-05,0.004834086457501163,104
cg12728623,0.8951357484966987,0.00011191636302407566,0.002386983132809384,601
cg12732155,0.05904935103708868,0.00019450726227812328,0.005408956038264745,601
cg12734023,0.0390131412379148,0.002356709372594158,0.09044970208507008,600
cg12737833,0.8665425961482544,-0.00053321935525875,0.013820538044627462,601
cg12737938,0.9394900221748249,-0.0002547636479634878,0.016954236881447815,601
cg12743388,0.9489146369950255,-0.00015661042130050678,0.003149127063174939,597
cg12748607,0.038462946404648396,0.0004635844132138403,0.03227714378967372,600
cg12749468,0.9717928940295676,0.0002478309277665068,0.0035919769335955865,438
cg12752420,0.9676254021332594,-0.00014541903152654845,0.005216453773705165,598
cg12752580,0.9210383146282057,9.693939255232726e-05,0.0032098214412668025,600
cg12753366,0.9963014234546457,1.3042910324857341e-05,0.0010849432703329276,167
cg12755471,0.9142934850987483,-0.0006139112277402078,0.02427751639126785,599
cg12776822,0.9395941728142891,7.488138476327998e-05,0.0006283054143886302,595
cg12785082,0.8822940833950301,0.00024465933191001444,0.007947584583923195,595
cg12786620,0.9244769852461483,-3.576264644295148e-06,3.825442369542742e-07,573
cg12787530,0.874671123613847,-0.00019768790681231382,0.004328819066015233,601
cg12787571,0.8677849935073164,-0.0001530301207562692,0.0007298068286004655,599
cg12792363,0.27389063743965647,0.0014055831856039423,0.024074840458231606,601
cg12793123,0.03761467977032875,0.00015015624407907886,0.004455073744071392,599
cg12798524,0.9522399574948778,0.00028808108144161797,0.006529439956699523,518
cg12800105,0.9028557170032203,-0.0008150592210415382,0.027016239034908462,601
cg12803754,0.09068813218246544,0.0003795399422513171,0.003229415896085719,598
cg12806497,0.945428490725684,-0.00017828930791003442,0.003049643575969707,592
cg12806892,0.030442501300550345,0.00033842093151595967,0.004198908622559561,561
cg12810626,0.9511614985014568,5.9624588160412115e-05,0.0005343397831728547,591
cg12811617,0.901066810239298,-0.00012025213044395726,0.0013847375902417136,599
cg12817352,0.9059858501879675,-2.9181135874061257e-05,7.257084856193696e-05,601
cg12822010,0.9718827748667885,-0.00023565363555629672,0.003025621692498204,555
cg12835012,0.22741030513489455,0.0016112315076698103,0.028017755861980298,601
cg12835118,0.056638575456881085,0.0002941526417046728,0.008188781368828835,599
cg12837306,0.06036203033711689,0.0003460323262713888,0.001065999142676577,593
cg12839654,0.966109899001894,8.70952783258255e-05,0.001694736749362491,571
cg12848315,0.8469080692275441,0.0002769756010952684,0.006307359422942138,601
cg12855851,0.8615902469484429,-0.00031094442376203334,0.009238457516227427,601
cg12865818,0.8936504188378633,-6.24233945892676e-05,0.00045486923190385387,601
cg12874792,0.9844523555547424,-4.574676366427111e-05,0.0017181300923763132,588
cg12876356,0.7935402112915555,-7.618903353699634e-05,9.251139410482168e-05,601
cg12876866,0.9605328986666173,0.00013277188972829764,0.0012594408165660376,454
cg12883279,0.9524673518412765,-0.00037063680221585216,0.004114926894349669,533
cg12883629,0.008502631328786911,0.00027446312814417156,0.026831352911357076,572
cg12887033,0.13772183264813376,0.00020938370040832842,0.0025350246484575623,601
cg12888534,0.957981547723553,-0.00014871251432592675,0.007236134459212451,600
cg12893736,0.9677016171482085,-0.00010101100937834169,0.002529690188020184,601
cg12895546,0.9214072083018562,-0.0002785494706655619,0.0025736663893205503,600
cg12896170,0.690206778622521,0.0004957386133084293,0.007335516110594575,601
cg12899248,0.8639399863670413,0.000211313546114376,0.002458514318616767,594
cg12910797,0.9234146734091445,-0.00027767068020492574,0.007379093704083739,601
cg12911732,0.0747128685834921,0.0009181021795825754,0.008610115048983569,592
cg12912737,0.017956642102950098,0.00037455875813509993,0.0229368273479309,579
cg12917253,1.058343550400595,-0.0017267812381249956,0.01143213826938494,382
cg12917790,0.9891884001200167,-0.00022498605450439749,0.0030858669814987083,512
cg12924936,1.0018479788893522,-0.000140189577722397,0.007718924033390362,233
cg12926596,0.9298391445950133,-7.358130622297762e-05,0.0007363920473819618,600
cg12930304,0.08619051303176997,0.0004279974056268764,0.006388635541777821,589
cg12930392,0.266394056428779,0.001580933598725076,0.044893168354461443,601
cg12932102,0.97756930361361,9.553457472400233e-05,0.0012776976353426894,365
cg12937434,0.033114189569726275,0.0001270109059383536,0.0006632750982807911,553
cg12938320,0.9471835920066538,-0.0002233085207294823,0.007056703036649403,601
cg12940781,0.7994376568464013,0.00016228616343693397,0.0005369344720059788,601
cg12940886,0.9127799299400337,-0.0003437964000250062,0.017381992825841963,601
cg12965512,0.910218808653859,0.00010230214944079556,0.00047610118258656353,587
cg12967050,0.10192608728055397,0.0005096764198002431,0.01705015661672582,601
cg12967164,0.9378103589535496,-0.00022427451629454054,0.0014175201046022767,601
cg12968041,0.963448943143653,-5.6144388332398617e-05,0.00048312564183650153,590
cg12968732,0.9445341199306295,-7.639939343863368e-05,0.0006389105567446984,600
cg12974599,0.03018940210289843,-3.3108559720493365e-05,0.0002490713723874993,585
cg12974832,0.9225508588291848,0.00027724098453830103,0.005515649510832721,601
cg12976883,0.08501524388441609,-5.2228152679871054e-05,0.00015549887478993885,600
cg12979234,0.9367358740351704,3.044018342412868e-05,6.953920806562763e-05,599
cg12982531,0.07327032003705594,0.000390728569016031,0.014300569668777241,600
cg12983682,0.8945776004684498,0.00011420135514239802,0.0011837719821056192,598
cg12992112,0.015772667131336446,6.501085555602139e-05,0.0027492621709911402,580
cg12992827,0.6755494252405827,0.0013758792203372712,0.02819261067912726,601
cg13000789,0.9389730773831484,-0.0004144136701182075,0.018122171701501877,601
cg13002957,0.9519671852369155,-3.3446333681037694e-05,0.00024418634633927017,601
cg13004280,0.9447402670607951,-9.850045077089863e-05,0.0011671631847950392,596
cg13007502,0.9950597442251491,-6.613294764050526e-05,0.0028118716519480724,323
cg13014623,0.03786242606521146,5.3205928819513025e-05,0.0012835769638276373,599
cg13026795,0.031858419547741657,5.5698628424809824e-05,0.0018354340401477431,601
cg13028819,0.9554022720971647,-0.0007095214249809741,0.028630069160614946,601
cg13029429,0.944259254476847,-0.00018898586135150796,0.0015996776991722417,539
cg13030503,0.974256942452293,-0.00013147758853577877,0.0018021353619791514,472
cg13030790,0.06601380670810579,-0.00018141888594241817,0.0052434669361611785,600
cg13041080,0.976126799193831,9.140610635005654e-05,0.0014576763598794784,356
cg13041597,0.09951900018098377,0.0011821175351472992,0.037551000959514025,599
cg13043400,0.8275827213983845,-5.1931390990252613e-05,0.0003377117644738359,601
cg13049471,0.9574731929524951,-0.00021064737333168022,0.0023816491945690688,556
cg13060642,0.8999787753032766,-1.1405494682631734e-05,2.2670909765265534e-05,601
cg13060970,0.16720515078720014,0.0011849828800223245,0.027805466514329025,601
cg13066703,0.012823632292881637,0.0004593726199268856,0.03573350584613022,581
cg13067005,0.8595125290413861,0.0006104467154123767,0.015977062026226507,600
cg13067635,0.0635367312280908,-2.592774092095237e-05,7.073575622640327e-05,597
cg13071660,0.9700142543019323,0.0002877112234205437,0.0013429120521885052,171
cg13074866,0.05260073923202505,0.0001771187277526268,0.004061691253982702,600
cg13075951,0.08208873096058224,7.028994267264845e-05,0.0004776320958180813,598
cg13078931,0.9355036732540876,-0.00017692918554566023,0.001715727861108074,591
cg13079123,0.27206251312406093,0.0017562554927030498,0.053918916243477555,601
cg13087969,0.9173694854698701,-0.00013002047865877205,0.002119749582637942,600
cg13091627,0.21968763185313553,-9.597056854482053e-05,0.0008972278047204574,601
cg13092487,0.8916795887139629,7.830163178274482e-05,0.001334362635617925,601
cg13096278,0.9527616647505521,-9.965177243426577e-05,0.0013920911574374362,598
cg13097090,0.8727867941995332,-0.0001394266568694975,0.0026512697629160753,601
cg13098855,0.7929936377562307,0.00034042791529823626,0.008247122399976603,601
cg13100753,0.9346598048766207,9.424685961276081e-05,0.0013530141878552726,593
cg13105110,0.9246107082201467,-0.0002540852666964304,0.006326305454854242,597
cg13115952,0.9175364224308981,-0.00016437023151233185,0.0019766473447309085,600
cg13126638,0.8713265581383768,-0.00023600582363448805,0.00461783343703881,601
cg13128937,0.0653767641932099,0.0007577377973623184,0.036733472399345546,599
cg13130398,0.932623664931274,-0.0008594694683856444,0.02145491753934259,601
cg13145528,0.9168613859532564,-0.00017509170749508064,0.003464599179432537,599
cg13151811,0.9579896276240099,-8.264310355176847e-05,0.001044165177938261,591
cg13154413,0.940821797986285,-0.00015089143848545793,0.0023922970313655645,593
cg13155549,0.8852336066968955,9.239893915511326e-05,0.0014268398745999056,601
cg13155823,0.9489982764121706,0.00033601623758865775,0.007275348260369796,387
cg13165140,0.04604497590280929,0.0001365618852691915,0.011053886432564108,601
cg13172549,0.8423283406270035,0.00030541808873047035,0.005912478029533652,601
cg13173898,0.00927160935056642,0.00014917489429165252,0.012540202936224487,579
cg13178361,0.3928584583840685,0.001334800254508988,0.019680672781989816,601
cg13184777,0.008677012639376654,0.0002973364474786057,0.03243141205908784,598
cg13187009,0.042135894039576974,-7.05713042916091e-05,0.0018934812656907773,601
cg13187885,0.9595683720594145,-3.6967101173839326e-05,0.00033110728850060944,597
cg13189207,0.9660667085880247,-1.6241098138770018e-05,8.507924204104178e-05,595
cg13195218,0.024061566764965618,0.00010641387560280196,0.004331736179274959,600
cg13201927,0.9506029341395135,0.00020241366923745338,0.004255151267495094,520
cg13203394,0.35189830254768933,0.0010151464836640862,0.027831368488656416,601
cg13206932,0.9239588936379909,-9.577893465720975e-05,0.0018877690820888748,600
cg13208054,0.9692616167482163,0.00030071342419147186,0.025317217084270482,193
cg13213810,0.9878228883090793,-9.755617758549461e-05,0.006305661989380873,574
cg13214190,0.026263799198507846,8.416231807658437e-05,0.0005540258547663823,412
cg13219127,0.9729394915002807,-6.711041531402415e-05,0.0012071869527732204,580
cg13220900,0.9895894734957826,-7.897187842632202e-05,0.009913459391509116,598
cg13220901,0.9601294671763796,-0.0003912267937299637,0.027710667468766603,601
cg13221924,0.3885785470209488,0.0010714783279586876,0.011912032599429412,598
cg13222022,0.9801581280391971,5.603122921657494e-05,0.0008388776477264992,387
cg13225830,0.9751012755047327,0.00027474460429247755,0.007234613913987942,223
cg13228431,0.02513126580429209,0.00018338136591566402,0.005266329897312572,579
cg13231921,0.09889763510290578,0.000607516412789893,0.04804960080989007,601
cg13237265,0.9772163289559894,-0.00027950296504523274,0.007735224816106889,528
cg13239848,0.13518257892072783,0.001162145250516146,0.022193680540293248,601
cg13245817,0.9270214243930311,0.00014591717240856376,0.0017597332555263634,590
cg13247398,0.25297412739961656,0.0006840326945704124,0.007816854912158444,601
cg13249833,0.8747853314134222,4.6033570549828185e-05,0.00022927963665664297,601
cg13255208,0.9335057644732548,-8.152396726395436e-05,0.0012738536839455028,597
cg13257331,0.8540402004148184,7.859483877525861e-05,0.0009954867837297376,601
cg13263472,0.8678500070832521,0.0018439747010421022,0.038131396723674715,58
cg13273540,0.1695168074004206,0.0005065339377114649,0.008197391524562114,601
cg13285698,0.884388705178853,0.00015875392209099368,0.0022430789026605114,601
cg13292636,0.05605193459937543,1.6830723598428402e-05,0.00010197631064745583,600
cg13293524,0.9562396941216812,-0.00015756190612512084,0.006646706364098143,601
cg13295262,0.850065282058722,-7.061876380329247e-05,0.0002425597805257862,601
cg13300301,0.3396521940836783,0.0011462048694222792,0.011239899584223778,601
cg13306522,0.2207998863665605,0.0012408842471038275,0.032882691424032884,601
cg13315923,0.8634914926688466,0.00013998872367730375,0.0021228287330948836,601
cg13318787,0.07067908169369806,0.0005438978809072206,0.04353389958458864,601
cg13318914,0.8497710379679286,-9.955653339285607e-05,0.001001195528986698,599
cg13320202,0.9086733908872717,-0.0003603460110191981,0.01585743958585817,601
cg13322063,0.13352788302752353,0.0006622259841733152,0.011979080665348585,600
cg13322252,0.1731615759809741,0.00017239327067550392,0.0008016789781274403,599
cg13329862,0.8921255994054188,-0.00028763276567993445,0.005659335076876881,599
cg13332142,0.9845402920686063,-0.0005167111001326847,0.019085573398586853,491
cg13334949,0.2637032212501258,0.0007950939236533012,0.014235221239831675,601
cg13340126,0.07618486017447182,0.0009255018670940374,0.010110872673483873,601
cg13340765,0.018275250152789482,0.001289189312528035,0.04621531975431392,599
cg13343687,0.045345770002968244,0.0002959904764262113,0.017642059756199813,601
cg13345957,0.045612555401997344,0.0007719866638685607,0.06815912499251864,601
cg13361585,0.9683100292431175,-6.38312277884693e-05,0.00030365512646512993,389
cg13364311,0.8720608227097263,-0.00025607909052859486,0.0030392653051568574,600
cg13364756,0.9111236161254854,6.906976339699307e-05,0.0006429974116072268,599
cg13366501,0.9154223060315049,-0.0003002676816113205,0.013507359579723932,601
cg13369952,0.9448535040199941,0.00017138560995438968,0.0037522010857324872,585
cg13371705,0.3920549803173158,0.0006565443714991664,0.004591944017947824,601
cg13371870,0.9747254797770574,3.791664416491464e-05,0.0002394001767607179,341
cg13374701,0.9672861953376277,9.821985809354586e-06,1.35510387403448e-05,601
cg13375427,0.9161332408608706,-0.00013236993501834304,0.0027280267171985173,601
cg13377341,0.9446081731068315,7.096515257990276e-06,1.210680104879458e-05,599
cg13391244,0.3919519046798539,0.0002187218334223806,0.0004437186313959174,601
cg13392184,0.9222354127540103,6.266871464793897e-05,0.0002846485157733669,601
cg13393433,0.13708494303530172,0.0016770320623695854,0.05644106943432092,599
cg13393580,0.9131810990949859,-3.315013519769764e-05,7.167396369245349e-05,601
cg13395086,0.06456125632940746,0.0002952003963701305,0.005904970732566572,600
cg13399773,0.8799187000762407,-0.00018550487483501508,0.003626922866911353,601
cg13399952,0.05020310099668512,0.00017528055487915978,0.004696205085553684,601
cg13401014,0.9749117734853417,-0.00010508260239102012,0.0049904172198288466,597
cg13407335,0.8688861926550595,0.0006904324608437848,0.014204379143001988,601
cg13408086,-0.014321485931100053,0.002491702031330473,0.0988176746938142,596
cg13408655,0.19670764954418335,0.00045228769250919414,0.0057106866254256206,601
cg13409578,0.9804407391724057,2.5862554058978765e-05,0.00010724169451292731,329
cg13411286,0.9518188926265958,0.00020208150610728605,0.0044640748178225165,568
cg13412754,0.9604612341143314,-8.608799532507939e-05,0.0009971447506456066,581
cg13415795,0.016284282003649973,0.0003566198964357863,0.006786541619096753,459
cg13415831,0.04699267507874837,0.0002374337526718386,0.012248880410730356,600
cg13421412,0.13692070427911873,0.0016289534471536137,0.03259222600703238,601
cg13430450,0.9651380973829111,-0.00014824737122021592,0.0024082742458618744,564
cg13432087,0.9358054137692688,-8.424049736966209e-05,0.0012857131902968,601
cg13432682,0.058664008802920026,0.00028309764639386536,0.01369712649818966,601
cg13434570,0.9319480409428275,-0.0008465103836945418,0.030027152940710344,601
cg13440864,0.9102413973277146,-0.0002992357321834268,0.0056436871706450065,601
cg13442034,0.9154669588524944,-5.201990246902069e-05,0.0005206276622201633,600
cg13442386,0.9900682697741223,-0.00011555803252141676,0.007638750157976992,555
cg13443385,0.9381968409190018,-0.00035320449498727174,0.007072694421481396,595
cg13443768,0.9148161611917456,1.3496558621814643e-05,2.9687566752367722e-05,599
cg13443968,0.9628478474063902,-3.32272690711268e-05,3.23308431061653e-05,575
cg13446911,0.9213946346015568,-0.0003967243617383725,0.00927434670258187,601
cg13448197,0.33743308571564945,-0.00019019300091616093,0.0001046802570353611,601
cg13449535,0.8607727478261505,-0.001195889322719366,0.02224853425636608,598
cg13450427,0.9659478180438709,0.00034082609045629975,0.017394429245004894,106
cg13453589,0.8801212041326534,0.0001324509362899463,0.002213097359127003,601
cg13456960,0.024099214432053588,0.00012724708626458368,0.0042295449581538636,595
cg13458253,0.9099638883514612,-0.0003536800175360094,0.0021381316056379163,600
cg13460297,0.9451417538861395,-0.00012130549716158933,0.0009453583504634988,572
cg13466284,0.8166026502961928,0.0001671729183466545,0.0017531817580026532,601
cg13466917,0.9237162764897344,-0.00016878508642861312,0.0021141836432340133,597
cg13468685,0.3236381987074024,0.0005360610045242307,0.0024375726677189347,599
cg13469457,0.9823980965646866,-0.00015106315732451886,0.006382253500609503,581
cg13470063,0.5337658225691472,0.0003143065319184886,0.002386338573663438,601
cg13473184,0.9316320246977696,0.0002571135838344588,0.007105432186474969,588
cg13475583,0.012339526701205094,-7.501304519563144e-06,2.5615317683636007e-05,260
cg13480549,0.07933664310999836,0.0005069172752675431,0.016870906810043218,601
cg13484467,0.8768877371734147,0.0001093685225191605,0.0008160878024455753,601
cg13484608,0.030197583951513673,0.00019179627025257473,0.010960894749715955,597
cg13485335,0.8854832998937048,0.00039794450966759644,0.0031844595320313918,588
cg13485533,0.8743176948273023,-0.0006955716450414758,0.02830529453358821,601
cg13486082,0.7902997923709483,0.0010940964547686406,0.014146047773835213,601
cg13487445,0.0409108973696824,8.247362931282238e-06,5.4133713866422184e-05,601
cg13487474,0.1500543298698625,0.000664869144270647,0.009608896632123831,601
cg13488556,0.07281258530135569,0.0003661839616598743,0.018150498007350024,601
cg13488570,0.0033290786453395354,9.908143482646396e-05,0.014217863299484157,486
cg13491945,0.922868935983751,-0.00024759338433799047,0.007581510200923458,601
cg13493526,0.9456936755324978,-0.0001575028671743742,0.003800223837383765,600
cg13495918,0.980835155431428,8.840815744261618e-05,0.002769975131817315,354
cg13496041,0.988863397511113,9.409976753992189e-05,0.013424375611532868,250
cg13502716,0.961002996261358,-0.00010287310661914777,0.0011280450476937043,581
cg13506158,0.8602094010878534,3.5200884976756504e-05,9.898021136767188e-05,601
cg13508904,0.9134639213670495,-0.0002993758323038215,0.007321932685648402,601
cg13509918,0.9717462643877459,0.00028279799349536654,0.013310865791445692,137
cg13513864,0.006388745474436828,0.0001860176276617739,0.015400136300164902,547
cg13518121,0.9619315197060142,8.520073901453031e-05,0.0010003277172946357,581
cg13521048,0.05982141893065441,0.00017108870021907002,0.005611974745993731,600
cg13522882,0.7601655352717694,-0.00020700492141651085,0.0008965923663190045,601
cg13523819,0.9385917029802642,2.178147643408226e-05,6.605316647467774e-05,595
cg13531977,0.9199724281313498,-8.460263245613328e-05,0.000897323925707294,601
cg13532185,0.884213558043485,9.539562466621988e-05,0.0018815731861900886,601
cg13544966,0.9935684392497139,-8.041895116658315e-05,0.008346799539818761,566
cg13545089,0.9977114887212374,5.335830106932033e-06,0.0004777641529348786,135
cg13545717,0.7934981488089218,0.00019635158674764685,0.0013450488044810527,596
cg13551074,0.8801863249107674,-0.00019476044529004985,0.002279528246411311,598
cg13552373,0.9699460467036878,-0.00014257072034291142,0.0082413511507331,601
cg13553204,0.8774491200294129,-0.00024386390707339893,0.0047142047209426385,601
cg13553293,0.9069576333807816,6.614440016426298e-05,0.0008060080776618461,601
cg13555415,0.012746245448205809,0.0012765163755251983,0.04292131583472214,601
cg13557417,0.966392839319991,-1.1060458733720465e-05,1.7100559095539758e-05,552
cg13558774,0.07594829794301418,-4.222058893466341e-06,1.0093512716746744e-06,594
cg13561792,0.9395399679609777,-2.046150647474605e-05,0.00012216364993822282,601
cg13568106,0.9308306013912521,-0.0007779058223980735,0.015510834372165161,601
cg13573115,0.9590876594149598,-5.401383035712138e-05,0.000443469680891706,593
cg13573245,0.9689333103871014,2.183113921420972e-06,1.3756493832950412e-06,595
cg13573582,0.42272937927257204,0.0006473813200790614,0.004264554383599406,601
cg13578303,0.04153754917063986,0.00014931009971239786,0.010657984209200166,596
cg13580654,0.04934207095465119,0.00014089707809579653,0.01151089327572552,601
cg13581832,0.06265005493840656,0.0002626815329747161,0.006981057116326461,601
cg13582950,0.9246268699119324,-8.047583005962092e-05,0.0011466428483518643,601
cg13587665,0.9170265105809734,0.00013391476429680893,0.0030642971757439685,600
cg13588826,0.9171699374939073,-1.7182466458819896e-06,5.948408020595153e-07,600
cg13589218,0.9606259158991384,0.00012595233845674432,0.00293883017715868,585
cg13590228,0.8535639197955293,-0.0005868866588580758,0.01181107785570279,601
cg13595161,0.8871283867036768,-0.00015505313913256457,0.002571799176221856,601
cg13595495,0.9169680131653972,0.00013908307780501587,0.004530138432518371,600
cg13596370,0.1576779205574265,0.0009064432796565672,0.011522282383774285,601
cg13597051,0.1420973527477698,0.0018981269753236022,0.05009814436704396,601
cg13597554,0.3633183823601144,0.0005691315398703795,0.006247220591562241,601
cg13599613,0.4144746922806393,0.00206595775405481,0.026122315981409794,600
cg13600201,0.9190101927710629,-0.00010051768151926158,0.0020048645452864777,601
cg13600216,0.9127450258664045,3.14955967639268e-05,2.7332668054214082e-05,567
cg13603214,0.917529841424984,-5.069158482785998e-05,0.00036242004170639053,599
cg13603805,0.9469353360795449,-4.839773849416228e-05,0.0004901868678803822,594
cg13608733,0.08001413829969772,0.001351000572242562,0.04007425650851293,601
cg13616508,0.1320652444864162,0.001514663286099059,0.04266074172244083,601
cg13617561,0.7268617446773545,0.0001259536894926292,0.0005477601747467808,599
cg13619387,0.9267770681489546,-3.552651138447511e-05,0.00013660517447233733,598
cg13620110,0.9589809420129652,-2.3031100321853872e-05,5.096078555000272e-05,558
cg13622920,0.9431082922096015,-0.0002457908445202358,0.006936074918150625,595
cg13625816,0.8498091258778965,-0.00038257474652375346,0.0027862523226018787,571
cg13629388,0.12833605881652105,0.0005701871308401408,0.0202614816058847,599
cg13632218,0.9893037187278759,-0.00021607809459635945,0.004422588615360046,358
cg13635184,0.9375699017119922,-2.9259935080211005e-05,0.00016129590902891344,601
cg13647973,0.9089218242131398,-3.336192767274944e-05,2.8496727848881243e-05,601
cg13648550,0.08244981797814395,-3.6233258721906695e-05,0.00022692568239823796,601
cg13649502,0.9132164970631209,-2.6196101817940467e-05,6.292860295897817e-05,601
cg13649600,0.7654399902919103,-6.283682906350332e-05,0.00013435397368244395,601
cg13655570,0.04530183724327082,0.0001314210613677622,0.006875391227166294,601
cg13655615,0.9208973571553417,-7.312840118711018e-05,0.00021082536255723205,601
cg13656752,0.039281700758261894,7.057757972382512e-05,0.0007181513639925585,589
cg13660082,0.9737239145332184,-4.9286047747009934e-05,0.00033107130793852413,471
cg13661703,0.9723940053530105,-0.0003764952487305109,0.019823234861060524,576
cg13663116,0.9649581218805574,-5.806094467589572e-05,0.0009076214425777218,596
cg13666174,0.9650675598225784,-0.0002783797132232426,0.006140165821419519,536
cg13667739,0.14184576514121358,-1.803344370418828e-05,4.7450238405133405e-06,601
cg13668207,1.0042487588581526,-0.00023402242878286394,0.004264578043655987,305
cg13670531,0.9404982308267925,0.00018702257706032155,0.0019179093216921128,524
cg13672800,0.5162856133639379,0.0013075149706006728,0.021547259722013323,601
cg13673094,0.09095905188088318,5.211440411645923e-05,0.00021510016511294694,594
cg13675753,0.9372313865066487,3.538497534268307e-05,0.0003054876526760175,599
cg13682735,0.9170733969201854,-3.3683255389030415e-05,0.00019318994511474674,601
cg13683667,0.9879868909574369,-0.00022018345639728557,0.010226308505353332,578
cg13689073,0.8515316242880472,-0.00013515423530785717,0.001843512514829393,600
cg13689118,0.8938655677421838,-0.00019345053354346905,0.005419183669915673,601
cg13689411,0.05394277340151331,0.00020089160202775943,0.0020429676226088045,550
cg13690407,0.9652693082946283,-0.00014845752203262254,0.003381055460068616,588
cg13695041,0.9547801621824384,9.75036668787658e-06,2.262223023552501e-05,596
cg13695498,0.0643558951995283,0.00013351247481908476,0.001862585887549728,601
cg13695746,0.9058379575543671,-0.0005533427240788293,0.011976445952940451,598
cg13700912,0.8467613721570895,0.0001046724502364836,0.0013258182795223838,601
cg13702536,0.9337773337025174,-0.00017546389432098974,0.0012475109463582212,592
cg13703871,0.04916871247078051,0.0008332679804912288,0.03833101770597358,599
cg13705674,0.9985827305947275,-0.00015377104573206823,0.002204194790310865,151
cg13706079,0.9566960090651859,2.988263753952343e-05,8.334311481394963e-05,542
cg13712197,0.9772235187964838,9.961183588088428e-05,0.0029262792864874765,443
cg13713739,0.9767803553987652,0.00010132637720480778,0.0013290530475386086,99
cg13714378,0.9372823429826865,-0.0003444136099824824,0.012667038542401476,601
cg13716585,0.01769667885147713,0.00029568805029580485,0.006866279655712848,528
cg13718960,0.909709877877873,-0.00043241387988247367,0.020282200453088817,599
cg13720048,0.9736690672357289,-0.00024514521434012784,0.007642285902656698,581
cg13720750,0.9615407119855457,6.757300739735402e-05,0.0003947956395271568,495
cg13721134,0.08997557391839056,0.0003778518004099768,0.008798809168347965,601
cg13723005,0.8256730491698202,-0.0002622449815429763,0.002286479867447566,601
cg13725899,0.9547458510550446,1.3410672586919607e-05,5.9069695905855646e-05,601
cg13737221,0.9844947298240868,-5.982354223876745e-05,0.001931590355545687,587
cg13739417,0.029148502042326312,0.00038521488739503537,0.03258103122047862,600
cg13743731,0.8050777311180582,0.00037667275131281333,0.008461847886112595,601
cg13747137,0.9655238659180414,4.822921564228503e-05,0.0004100412164902423,544
cg13754437,0.94633409295319,-0.00014966063935905143,0.006378700873986065,601
cg13761321,0.8512945747011681,-0.0012825490545465995,0.026923586175678027,601
cg13774342,0.9119283448942992,-0.0005380898711912291,0.015275513284465525,601
cg13777287,0.9646386057743416,-0.0004381285355427283,0.013069438896674779,577
cg13778201,0.1594614614149583,-9.284593652833817e-06,5.327045603520375e-07,601
cg13784312,0.10534732486293581,-0.00036620510789257084,0.008325395436418748,599
cg13788625,0.9699148835953562,-0.00033255969134753495,0.03188717347775005,601
cg13798384,0.9060045637036274,-0.0008009615909773065,0.028043914785174984,600
cg13799772,0.3489003853462263,0.0006817258985997799,0.0058557410012273214,601
cg13802883,0.9511133340817027,4.510955468088598e-05,6.409592227285543e-05,490
cg13805951,0.9810640893672373,-3.8311750429789445e-06,5.102363816567035e-06,579
cg13806292,0.9018326336173885,3.6634435175670557e-06,2.739335986712277e-06,601
cg13807254,0.9250409270112482,-0.00019690886416138287,0.0038643156294164704,601
cg13810101,0.9482498320359656,0.00035766497671173693,0.008403151408570064,398
cg13810673,0.1178581602887218,7.162280563997982e-05,0.00017276234319119066,599
cg13811667,0.9810307325335366,0.0001810790764877498,0.018478004895385203,61
cg13816042,0.07085938302325588,0.0003310287571263386,0.011553687748049879,599
cg13821008,0.005411867502279882,0.00040173706609971093,0.029064800858804696,503
cg13823492,0.10668500208003369,-6.434188127094638e-05,0.0007245581593983141,601
cg13826564,1.0078992120879227,-0.00027576663694024576,0.03967830948728557,43
cg13827584,0.08706074149310795,0.0005286538219986393,0.016152485205957023,599
cg13828227,0.945765398171572,4.83371128664582e-06,9.379858618707715e-07,601
cg13828375,0.9772249963762959,-0.0003294148650771821,0.01224210637097467,550
cg13828610,0.9516027594034853,-0.00015588038837399188,0.0029129862406630513,600
cg13828674,0.9599036943015309,7.727184565049556e-07,1.3832696399429523e-07,596
cg13830163,0.03643811612495125,4.588689796269346e-05,0.0009149649051457542,598
cg13840520,0.028687127196623398,-6.902875768263989e-05,0.0009954710954869217,581
cg13844922,0.9119324295875878,0.00018506789562732016,0.004134382629491951,600
cg13851767,0.9353163120991032,-0.0006547577050212398,0.016497557552515474,601
cg13852284,0.43884237156224853,0.0007187645641267718,0.004635482697460058,601
cg13852536,0.8578753946683798,-2.727702399648209e-05,4.266631068050586e-05,601
cg13853198,0.08167319363027925,0.0013791054167627953,0.04965765684886225,601
cg13854412,0.9694703435994447,-0.0002594906202118915,0.007884770881362857,568
cg13857210,0.02565418587536234,0.0005485943546639522,0.04507878133965004,597
cg13858407,0.8155180025662162,-0.0010643334942401267,0.050393097300108325,601
cg13859346,0.955108597248957,-8.601397601113916e-05,0.0010180029698118043,586
cg13861904,0.001524748844624715,0.00024248430271373784,0.015760086121495265,480
cg13864354,0.9248862350238092,0.00026117761970935135,0.004031215954103495,599
cg13871565,0.9671858227019927,8.444659865084345e-05,0.00024273955171050243,287
cg13872812,0.968780380218344,0.00016031918002111284,0.003858782161556107,315
cg13880167,0.9550176502115315,-0.00011313574888048179,0.0012143164828866126,587
cg13883576,0.9441013475492785,-0.0005745907518412762,0.022367778420281037,598
cg13883603,0.9738709164226206,-8.865203196455157e-05,0.005056905665969058,601
cg13885357,0.06017776103767998,0.0003164456137774902,0.0005863917711933508,524
cg13887966,0.9692858227613917,9.144459654151572e-05,0.0013208083139968352,494
cg13898166,0.9178982342475309,6.670411289631339e-06,1.1154492808640448e-05,575
cg13898510,0.9662107721277012,-1.4382443175318416e-05,3.8557818825668555e-05,568
cg13899718,0.11338410120221881,-0.000309390196819258,0.0025913026299133612,598
cg13900763,0.04145427894250149,0.0004060773965993657,0.018916165144782005,601
cg13902069,0.956975750782828,-0.00016275112891143853,0.008334470226549984,600
cg13904968,0.9213883977793083,-0.00021008634045953343,0.0037360671516822874,600
cg13908635,0.9226180456980229,-0.0005508238281370834,0.025904902085044368,601
cg13912307,0.0039212521982800105,7.696566024015952e-05,0.011544035589411528,468
cg13917433,0.9578524710177927,-0.000272747182283795,0.004527796468624223,581
cg13918433,0.8925478946773293,-0.0003019183768783843,0.011821095234476053,601
cg13924510,0.15815896194088022,0.0004961860463794499,0.010698826033608277,600
cg13924715,0.9627019457281422,0.0001978221572436623,0.003114183785967062,553
cg13924996,0.23417838713279385,-0.0002593913755023056,0.0011943453386321634,601
cg13925432,0.10009252624128898,0.0010063806033918014,0.03777887918591227,600
cg13927501,0.7048061019828784,-0.00042025570989412126,0.007798620464322448,599
cg13933043,0.037263904114530004,2.400047509764166e-05,8.167603105690979e-05,583
cg13934406,0.9350044831456618,-0.0008317136978652939,0.013961311518002506,596
cg13937155,0.2536714737401862,0.0014668237925981947,0.028225310112819146,601
cg13937312,0.9281679666242172,1.753985852140813e-05,3.210251809881992e-05,594
cg13937462,0.9520449871375336,-0.00011068674528251397,0.0036553689664157174,600
cg13952483,0.9042387231840293,0.00015265551210137185,0.004661845948835008,601
cg13960999,0.9306798587811976,-0.00025548075402272483,0.00391530310928212,599
cg13964746,0.9405095420097292,0.0006525157943185167,0.004673646421789579,484
cg13965924,0.8826747399368298,6.24511183268059e-05,0.0005762056757545597,598
cg13969788,0.8995158086362085,-6.095630352837463e-05,0.000546144740752097,600
cg13972706,0.06979123714679016,-0.0004078608259166775,0.016751135590584387,596
cg13973436,-0.003192499721324321,0.0008407496687997504,0.050005541946077425,589
cg13977427,0.9628659224818072,0.00011111496208987987,0.0009593871237113527,368
cg13980266,0.9525717406803953,-0.00011519788850875863,0.0006070960365357481,596
cg13985135,0.9753820944496555,-5.7180228794967474e-05,0.00046389641596689124,528
cg13995427,0.025814779635136294,-9.706694567038341e-05,0.0006520612520600766,204
cg13995599,0.9973868943994858,-9.194068071564099e-05,0.0038920002265405707,132
cg13997975,0.9917174818843683,-1.4350856373164183e-08,9.43781719442427e-11,397
cg13998890,0.8779716855144635,4.3016395350608726e-05,0.00031282223680006993,601
cg14003853,0.025194245578008225,0.00033733803126698907,0.005885353375488789,566
cg14004847,0.98201521833349,5.654606080785471e-05,0.0012635040574879852,379
cg14009912,0.9604507844898846,-0.0003606052565445015,0.015689499071095403,596
cg14011554,0.9889525858520158,-0.00016438582361982302,0.0025186548489886107,330
cg14013103,0.0703055366047879,0.00012365408920789824,0.0049006446015248395,601
cg14015285,0.922925995573784,0.00042573677610317686,0.009827746430617013,588
cg14015401,0.9623198250159727,-0.00011136071239189232,0.0063817514644944895,601
cg14016554,0.9241090195882851,2.3312401443584734e-05,5.7671808407322445e-05,601
cg14018153,0.12660485206926372,0.0016072027511724592,0.03717394115758632,601
cg14020052,0.08879307871318784,0.0018258513622525382,0.04932357587359748,601
cg14022995,0.9448293567271902,-0.00011670081819769677,0.0013443836798970876,595
cg14023009,0.21022017468951593,0.0010372682752281988,0.013530660274322814,601
cg14023573,0.9370889259526639,-8.514131965196224e-05,0.0013715919980431535,601
cg14028671,0.8895955135895225,0.00011364628533708105,0.001693806695909017,601
cg14033170,0.9157012148522647,-0.00011943735453218513,0.0025092201700648298,600
cg14036402,0.08753522348216582,4.369836222406052e-05,0.00032941986860579586,601
cg14037652,0.8916016746016994,6.672662059261561e-06,6.206313053813695e-06,600
cg14040131,0.9562924992616432,-0.00021786515485225683,0.0021056451195938797,569
cg14040679,0.9479523525182824,4.994936151782467e-06,5.72906143647689e-06,598
cg14042099,0.9225353025597474,2.9026313066015114e-06,6.73185200805726e-07,600
cg14043752,0.9769213531961745,-0.00017308836357050701,0.00462419206819642,541
cg14051336,0.9077019276549423,-0.0008878446790092944,0.04103897299690562,600
cg14055351,0.7875103702731955,0.0006780183970341172,0.018451636312547426,601
cg14058932,0.9643580140930943,0.0002305138123241807,0.009913841445833627,406
cg14064762,0.12965835086654473,0.00024574180248106744,0.003532940712715482,598
cg14071179,0.09726743818881067,0.0006615877316900321,0.019629518591556483,601
cg14072016,0.9530191444728175,-0.00012654655049313489,0.0005750637384115409,513
cg14075393,0.8913948708094741,0.00023854611562238123,0.00356746896630733,596
cg14075627,0.9966944021387726,-3.728915475710829e-05,0.0051272987683393945,476
cg14075645,0.9746135036203398,-4.207760607395093e-05,0.0011068849747557508,600
cg14076258,0.9114929803235217,-0.0009414660410485284,0.01377185595513275,594
cg14076360,0.9889018683858789,5.505702974029583e-05,0.0026674179834146328,311
cg14076977,0.004938010855164292,-2.5826377448163084e-05,0.0019257656347535512,122
cg14081667,0.08711629079864344,-4.713020518510245e-05,5.380807262400644e-05,599
cg14081744,0.9029111478023556,-4.660478917640041e-05,0.0003863764372095124,601
cg14082893,0.05657234828643085,0.00041879605575310827,0.020436979855048887,597
cg14083015,0.05618859475310788,3.256891239926114e-05,0.00013261983549983647,599
cg14086952,0.9555945189551247,-1.4698149309025019e-05,5.1686547313356535e-05,599
cg14088196,0.006542714520805052,0.0001615149379037242,0.005492341915659393,296
cg14088811,0.26524795834483983,0.0020315776033876837,0.05980639054975623,598
cg14099398,0.07262401004499243,3.8492728587822564e-05,1.703571827949002e-05,554
cg14099845,0.9568549471875532,0.00017010201551207512,0.008766578326436125,581
cg14100398,0.9129548512062398,-0.00019315543184730035,0.002755011019699216,595
cg14101959,0.9580872570181896,-0.00018300414279029273,0.005002208005149833,599
cg14104148,0.9422364963180289,-0.00012470064631061773,0.003362500393120471,600
cg14106234,0.9637224656935258,-0.00019712355084425915,0.00397755398762456,600
cg14106719,0.01450307462001793,0.00014112405675660453,0.01008243361174821,582
cg14108492,0.9916876005121398,9.498148210908879e-06,9.006095395680536e-05,279
cg14115220,0.917857886541028,-9.131100616086132e-05,0.0010970893548964966,599
cg14116056,0.8996775140280924,0.00020629622576799733,0.005229121622518429,601
cg14121282,0.30793222274621246,0.0010023654841186252,0.019814290171434767,601
cg14137625,0.9567453870283815,-0.000231256507627697,0.01227014336862764,600
cg14138235,0.3492947688835455,0.001360796577028764,0.019362739835224185,601
cg14147196,0.17038233901433128,0.0003682403668010735,0.0072928744789250155,601
cg14158583,0.8956848698064399,-0.0005404513892971249,0.016556497595151654,601
cg14161589,0.08350483605799272,-0.00019094099702898843,0.00043637984185695977,595
cg14166284,0.9423062290318128,-9.216794785693563e-05,0.0019815731598000763,601
cg14166701,0.9691148705935814,-0.0008915614266155696,0.02118221132515985,586
cg14170043,0.9087792989295101,-0.0002194300260486059,0.003669951102324931,600
cg14172428,0.9636907292327085,-4.050360513415793e-05,0.000194483999602868,543
cg14176836,0.03476497751185828,-6.867783677366358e-05,0.0008975654023322122,595
cg14178043,0.9193626482049335,-9.141285548557939e-05,0.0009582479298289037,601
cg14182610,0.9578512277455854,-3.054884490199771e-05,0.00014879022832381406,591
cg14185957,0.017011031469723235,0.00013493612204016652,0.010389107601078917,588
cg14187266,0.8863337165301505,-0.0001289092520048543,0.0026502949771151085,601
cg14189583,0.06486182645401281,0.00020948643457360743,0.014376381365662882,601
cg14190128,0.9581998492855542,-0.00011964782119377436,0.003364185989630508,601
cg14190534,0.9419365053057678,-0.00040395876194341174,0.021006003499577264,601
cg14191688,0.16389189449130767,0.0012437673254525174,0.03400818456877286,584
cg14193097,0.9337707533880945,-0.00014374783572395467,0.0031967522115251557,601
cg14196395,0.992886432283241,3.478445035625896e-05,0.002923772349724074,182
cg14196932,0.9023265049463418,-0.0001755697307932992,0.005392476008803104,601
cg14197071,0.8933152068900204,0.00010311696730744066,0.0001353910732669883,601
cg14198768,0.9308215516827578,-9.280638968213115e-05,0.0007577789325187156,598
cg14200569,0.08266620415923542,0.0006025087408157502,0.006763237903198549,599
cg14204619,0.9719414059009189,-0.0001121328130634789,0.00555955021770127,600
cg14207921,0.9708507312283031,-4.469295159714844e-05,0.0010010894645723356,598
cg14209518,0.9080154841081198,-0.0007098583045709208,0.04120506450056549,601
cg14213105,0.10713805668136407,0.00010717183605933858,0.0002654937682261549,594
cg14216068,0.9961494371853133,-1.5099145194706844e-05,0.00043480159850073363,316
cg14216672,0.9900790131727956,-0.0001297302895432482,0.018612681222493932,598
cg14217558,0.009190304064240484,0.00023568579557675694,0.010191859501435863,592
cg14218747,0.9766288257800343,0.00014963231521202347,0.0036355502111418136,267
cg14223579,0.9579166939118271,-0.0005978190593206793,0.00918221681587894,542
cg14226671,0.9242940615702971,3.8861271736843306e-05,0.00014824839392413303,582
cg14227558,0.05217081850764099,0.001195992528589318,0.032992056724964525,596
cg14228177,0.9716121222376586,-0.00015697785192034702,0.003338554577287711,561
cg14230938,0.9890708904872478,-0.0002720009610956986,0.006221284302869612,362
cg14235846,0.034040454784910336,0.000828331613809884,0.01839748573219646,590
cg14236118,0.08111389249617466,0.0006223008430486056,0.02912567147867684,601
cg14240706,0.9306056786709882,-0.0001908272391751686,0.0037470973969853105,601
cg14250336,0.9437697111972004,-7.564386286555954e-05,0.000566743604008324,592
cg14251009,0.029437795930380768,0.00031779242157708434,0.004333172643751992,598
cg14255337,0.771265427330474,-0.0009349344122016773,0.018041127752433828,601
cg14255417,0.05459190875062643,0.00014591258634538942,0.002255824704518461,600
cg14255981,0.9520556057313263,0.00010341278747226463,0.0009386376504356697,562
cg14256643,0.8621118304886543,6.894132240336377e-05,0.0005667210141107049,601
cg14258078,0.8315379967923275,0.00011563265682245632,0.0007484885603764591,601
cg14270650,0.8785454254056078,-0.0002071339358725311,0.00228613767689545,601
cg14273401,0.03907679998607929,3.281073984557848e-05,0.00038325979428088797,596
cg14278666,0.9458140444238056,-0.00023415855229297426,0.004285860009045739,598
cg14279151,0.9071139195298065,-2.9134066446074038e-05,0.00013211694934534002,601
cg14282137,0.011434206859111682,0.0002757256232054928,0.010234333549159036,581
cg14284618,0.025661726518930745,7.815927006376533e-05,0.001160089069875414,597
cg14285533,0.15286892219488257,-0.00015693194214482992,8.209943889225801e-05,589
cg14286320,0.9220956506796241,-0.00013515942982481854,0.0014521991075675533,600
cg14286373,0.9117885764981749,9.228643375880568e-05,0.0004934296197064425,593
cg14289863,0.9299442330310567,-0.00014860414953057378,0.0018490732879392624,601
cg14289929,0.9426304731456212,0.00017007212212545575,0.0012239290651860912,456
cg14293129,0.9340718278808499,-2.7468918325145164e-05,0.00015563578253818822,601
cg14296561,0.37490626710178054,0.0012250016231895328,0.02160900735297222,601
cg14297340,0.924817505934477,7.746834662152808e-05,0.0007164229673711775,598
cg14299572,0.8825277042056813,-3.7778270732924336e-05,0.0001493270679849834,600
cg14302214,0.8958613069934611,-0.00022366711378388876,0.0034744708948905023,601
cg14306058,0.8060601367920351,0.0005111162078433559,0.0019311409870758078,601
cg14309307,0.971680368999101,-0.00024332259853550832,0.004263831825995212,507
cg14311495,0.9233794217039579,2.420569186011841e-05,0.00012000879486229188,601
cg14312334,0.987390774529641,-8.501285421939695e-05,0.004536182192539484,587
cg14313184,0.9766509134873296,-0.00013445818327001015,0.0022225966527443797,557
cg14316496,0.9781455815577872,-6.315401035788131e-05,0.00043170002685766207,272
cg14316944,0.9459216992544697,-0.00044145136136346176,0.012776048084945368,601
cg14318199,0.0054545978848914165,2.759372966295859e-05,0.001832762423957357,423
cg14324800,0.9040746944949558,0.0003090714689907507,0.005695953620607597,593
cg14325436,0.8896470187515778,-0.0004901140819278264,0.002087352266365028,599
cg14326305,0.9027849747627483,-0.00037406177827784107,0.013585839277551748,600
cg14326909,0.935738311124387,-0.0003156980555248155,0.009499306259701745,601
cg14326991,0.9454350501139812,-0.0002327578648341544,0.010106504044837039,600
cg14327359,0.9150282755913487,6.84036651041221e-05,0.0013144572038087388,601
cg14327759,0.9208773544499341,-0.0002264445588896619,0.006876524391195238,597
cg14329275,0.9720969474263593,-9.876625876304338e-05,0.0035061715636943713,601
cg14329285,0.9353194942423033,-1.810109382555577e-05,4.0962018884260765e-05,600
cg14338590,0.7969902484135595,-0.001332284826997507,0.0397632977904413,601
cg14339765,0.9077795531715429,-7.507111811624766e-06,5.506950423450618e-06,599
cg14345572,0.04406878226012467,0.000342878506710379,0.044096434640610194,600
cg14349231,0.9867649473097386,-0.00030326135623777076,0.0030372499149309284,434
cg14349937,0.4684511188320014,0.001256158440159904,0.015829282759453278,601
cg14351127,0.9654010916514519,1.056975892962084e-05,8.787985578906365e-06,476
cg14356330,0.9373910078608853,-7.949370669493948e-05,0.0004385854829398461,598
cg14358570,0.04355499443815846,-0.0001334119324535254,0.0028768290843781408,582
cg14361969,0.9871104660723737,-3.086213102459843e-05,0.00046043347241309096,424
cg14364797,0.19615094924721413,0.0008109048733200927,0.011034484062749317,597
cg14370595,0.9702987153735192,-0.00010391967272225975,0.005365330811955227,598
cg14371731,-0.001957692339223688,0.0017626258610018927,0.02280765106077265,581
cg14372472,0.8917059184630219,-0.0005708184484929088,0.01091619410046496,599
cg14372792,0.237279996471833,0.001094674273472282,0.025028270068434333,601
cg14373220,0.9331025650381923,-3.581494585489318e-05,5.9904305862445995e-06,402
cg14374432,0.9363150610682647,-5.0800186809025525e-05,0.00019173553916351782,584
cg14385738,0.056356269226540086,4.827362793682162e-05,0.0008658987722155453,601
cg14386061,0.0887476938848909,7.467997644190359e-06,5.875206570138403e-06,597
cg14387153,0.9267758456422918,-5.1157437154914886e-05,0.0002976845117196314,601
cg14388170,0.9175964614246891,-7.545534399125897e-05,0.00042889566887149844,540
cg14397402,0.9539050744564752,-0.00011534453977063784,0.0005346655095143094,519
cg14398214,0.9247298243010497,-7.1233828882713e-05,0.000635374641514086,600
cg14411266,0.003735816942201129,0.0004485970901686246,0.018897084813079945,438
cg14411912,0.9696565368140849,3.442985312238752e-05,0.00046148845784843573,593
cg14414873,0.9491681882383903,-0.00019801053369829455,0.003582870596219312,598
cg14418582,0.9439646263186109,-0.000483782726329623,0.004826805770133502,595
cg14418802,0.06049034179371435,0.00019640155320763703,0.005104301390488786,601
cg14421700,0.27385070449267845,0.0011350752792135227,0.043391122088813905,601
cg14422085,0.9283423268016127,-2.6644016994280767e-05,9.016818324547593e-05,599
cg14422906,0.9612137141722527,1.9196643537413714e-05,7.414004983452571e-05,582
cg14423485,0.9092303654512028,2.991529501749132e-05,0.00014130361320319196,600
cg14430943,0.07498198071496129,0.0002464931302161893,0.003931604589881066,601
cg14437551,0.8160964408991771,-0.00044736859431973694,0.0022619203520656272,601
cg14442329,0.97267409292137,1.753077601679312e-05,8.94666163152591e-05,544
cg14445366,0.049582968995744506,0.001451885496437547,0.06922428466975505,601
cg14450978,0.9370825005875575,0.0001633218814490996,0.0031295596322910013,591
cg14453187,0.11093818037346613,0.0014063505428243655,0.032285020137012954,601
cg14455403,0.9625677528257159,-0.00019359035971039024,0.012496909144314672,601
cg14457782,0.03907697367470059,0.0007488473719763603,0.004958196808711679,592
cg14460503,0.9817187969441709,-9.324725387106805e-06,1.2305599931483613e-05,255
cg14462124,0.057744961998826776,0.00044564061572900475,0.027504354851197954,601
cg14464827,0.9324846197232051,-0.00015141549286723697,0.0009088071737968217,584
cg14467181,0.09159285312933187,-5.387944886028751e-05,0.0003877105453438112,596
cg14467464,0.906217540029682,4.553487706670862e-05,0.00027157017423495855,601
cg14467654,0.908840367618849,9.570469634379742e-05,0.0022022866779782824,601
cg14471615,0.04189637482221669,0.0002457475218035178,0.02605406961087897,600
cg14473030,0.85314826843553,0.0005569934649179074,0.014591525925835347,601
cg14473904,0.8419428119137358,0.00019286918347193767,0.003204590549615971,601
cg14474791,0.9316505974820818,-0.0005551232866942245,0.013766494792491368,601
cg14474966,0.8652427768530756,-4.1914177446306894e-05,0.00015772855775642025,601
cg14477114,0.9164281923023805,-0.00019740080216536346,0.003603704068529834,601
cg14478422,0.8547267466733656,-0.0006580727242079113,0.017074879773136042,596
cg14484973,0.11030395394456044,0.00048616782444255873,0.010408832610195762,601
cg14489470,0.8216721434864188,0.00013457932055405697,0.0021340328764972716,601
cg14496753,0.9877122785417431,-0.00026603605023294556,0.007164470660187883,592
cg14503441,0.9309728061943275,-3.57635459427554e-05,8.22908755313545e-05,594
cg14506696,0.0445245344144905,6.79072962845636e-05,0.0010417618945340879,600
cg14508021,0.900607521926398,-3.904025866166706e-05,0.00014269870214111968,598
cg14510967,0.09310127384138099,0.0006063477337417688,0.025492401902296735,601
cg14511866,0.9111382098437136,0.0002967446324319734,0.007331132679442964,595
cg14516100,0.03414267980368989,0.0005261216643703542,0.013640226494216146,487
cg14517355,0.8885075172958619,0.0002945734973797205,0.009124421849742492,601
cg14517454,0.9486601912657291,-0.00041055634216028954,0.011557252712033561,594
cg14518185,0.9277120552814326,-0.00012826495332716147,0.0018528643075590434,601
cg14519350,0.06603280721079936,0.00015368664295912907,0.007034699162185576,601
cg14520913,0.9156279395144448,-8.80948414283918e-05,0.001010453990078486,600
cg14520947,0.39220020779739195,0.0010652353223286016,0.008833880314686904,601
cg14525270,0.11926324243181378,0.00043247876996098237,0.0069744556284139225,601
cg14527029,0.6843149328663921,0.0006402087354233151,0.009970112730730896,601
cg14528319,0.91547971800551,7.00559658692912e-06,9.125047693570032e-06,600
cg14533595,0.9729102572812995,-9.934278664501035e-05,0.002518496233727907,600
cg14536372,0.957673461941586,-1.3683429372188206e-05,4.9786862038603275e-05,596
cg14539363,0.04183485002768502,4.92889885932602e-05,0.00012873152137582444,573
cg14541582,0.9232447338334347,-0.00025905487521759473,0.0038124635537492013,599
cg14541801,0.12772626593738132,-6.364171802792848e-05,4.087079399939242e-05,601
cg14543953,0.9596697565042316,-1.7464905966928228e-05,2.2258726637414128e-05,461
cg14553740,0.1188918799661802,0.0007858847037953527,0.03376248098069945,600
cg14556909,0.0317266203629388,0.0002044650380567287,0.007543696409420986,597
cg14558880,0.9075237429034556,-0.0006416550823257169,0.021427839137700633,601
cg14564351,0.20313074652802476,0.0018326500061395929,0.057480747011264044,600
cg14565440,0.9473128817198322,-0.00021543386589269938,0.011670165668672183,601
cg14572467,0.9409960496447574,0.00022957289759639314,0.007028225521079179,596
cg14573876,0.0645985682605157,0.0003136500938295034,0.00601344526260128,597
cg14584535,0.3583010683260365,0.0016398439722097062,0.020608112091108133,601
cg14590369,0.09731459399484114,0.0003211964048093246,0.004990303979937494,600
cg14592673,0.8320917392158542,0.0001939475803221087,0.002005200969071974,601
cg14592895,0.9495118494124284,-0.00033278400116466383,0.011126034590542178,600
cg14595786,0.072409818798081,0.0006365877913706119,0.00692475760274891,586
cg14600824,0.08998936253937007,0.000710452274455898,0.01134716965104099,601
cg14604470,0.8641855176198739,0.00015175232287141974,0.0010589424532743141,600
cg14610217,0.8694502268957527,0.00013484134361990794,0.0008920664912094312,600
cg14622879,0.18785524708513882,-0.00017272790850496867,0.0007459033834705808,601
cg14630106,0.9013383716066916,-8.09483896634355e-05,0.00029547405613505884,595
cg14631761,0.9787315206127205,-7.592962530822714e-05,0.0006617701909849005,392
cg14633252,0.8830306533388831,3.581868966728607e-05,8.001916782429674e-05,599
cg14635039,0.8719953419222226,0.00018854705890060134,0.0028519859518414403,601
cg14644204,0.3169636178484997,0.0010401544735340379,0.02924289825005222,601
cg14647190,0.927470710668009,-0.0002072233155918691,0.0026960686101961118,601
cg14651518,0.056259662206110256,0.00010880260272660569,0.0030587246364925935,599
cg14652227,0.12139914459981274,0.000825422360678225,0.014345690650718113,600
cg14654324,0.03969218013471487,0.00032773516492556193,0.017394252089556805,600
cg14654833,0.02932128164625495,0.0009679881996816706,0.008157140998490742,594
cg14655316,0.05174935985454704,0.00025116303407427123,0.01685898983392431,601
cg14658964,0.08338306900744001,0.0014502127507448593,0.032935376526473936,600
cg14659008,0.9495081385566332,-0.00011762880684977585,0.0010284960216744299,600
cg14659814,0.8770445281590671,4.19836883754066e-06,1.2110173726043172e-06,601
cg14664764,0.00742913767227319,-4.201436094170281e-05,0.001205799587209122,196
cg14668152,0.9541482031646801,2.7533540017978043e-05,9.247692553338016e-05,556
cg14669362,0.027976626126990516,7.734690727150555e-05,0.0004147277925951043,177
cg14673904,0.0398786110922936,0.00019076993935727502,0.005871349804852932,598
cg14679780,0.7585411959975911,-0.00041081833890776537,0.0027959645624329177,601
cg14682005,0.17949496592599945,0.001089063094755398,0.028716252577174917,601
cg14686012,0.04446967764891324,0.00047527717752299915,0.05114731036005549,601
cg14689338,0.9476489458371924,-3.664575752433567e-05,6.122922754425719e-05,598
cg14689537,0.052047880295855,0.00141179649189829,0.03947343454911367,601
cg14697334,0.9232407076624887,-0.00039885966984427407,0.003988303970961615,581
cg14699867,0.9578730962945907,-0.0001649287827495281,0.004209456972262493,598
cg14700325,0.903345020144856,-0.000281686046168338,0.013817429171580242,601
cg14704780,0.6098248067250112,0.002529834225549642,0.016146426099497013,592
cg14710465,0.9944854092974845,-0.00014673729147774518,0.011659696227601657,508
cg14714046,0.023533393748085607,0.001249163182826147,0.08209366861010581,601
cg14720274,0.8875533230970195,-0.0006154901753707399,0.025066372876579424,601
cg14725537,0.7932404486190895,0.0007892419263654216,0.011623462418419828,601
cg14725631,0.9679791187509964,0.00029416271990858483,0.006728492477111825,151
cg14725968,0.9541105823186737,-0.0001912969430109556,0.003399945392996706,572
cg14731044,0.9447582844904414,0.00016672827220124068,0.0050857605228784575,592
cg14735689,0.07643277287729523,0.000524706567805591,0.03416468060428279,601
cg14750551,0.9538765326283632,-0.0003021230005070073,0.009351395974467658,594
cg14750757,0.9051481737039291,-0.0006348548531139106,0.04204998981053287,601
cg14751679,0.996031770855618,-0.00010754970887743379,0.008071297712732406,135
cg14753094,0.9603403972224476,-1.3093837949979607e-05,1.8662070015995624e-05,528
cg14759494,0.8970434368085413,-0.00042376466859009564,0.01291226105257648,601
cg14773822,0.02199259397904936,0.00019025735089543095,0.004661464339284271,515
cg14776738,0.8581688896975338,-1.4608328609927143e-05,8.261030441381045e-06,601
cg14783123,0.9615609110074304,-0.00013770668452113324,0.0015697969590462435,564
cg14787704,0.9397229749763244,-0.00026207412802449676,0.008378028004613958,598
cg14789659,0.8054437645656447,-0.0009126218806878047,0.019114584029934045,601
cg14794866,0.9281868594982721,-0.0002640958634457898,0.004501398116931621,593
cg14795939,0.9320002085060086,9.249620826010715e-05,0.00042154360473278807,570
cg14798653,0.9772009520750664,-0.00010781168051387843,0.006493095975758201,601
cg14800014,0.8967705819882295,0.00037108537313869844,0.014916707769245807,601
cg14800197,0.9328472137593136,-7.054190415946774e-05,0.0008389782712302507,598
cg14801518,0.927595830236644,-0.0001803601485256577,0.003264023744274147,600
cg14807553,0.9602950189866393,0.00040829646322595564,0.024010206537529943,135
cg14823389,0.25788785352417065,-0.0005493101575564262,0.002693662708032174,598
cg14826031,0.956716965935627,-0.0003414058009670012,0.00946902544816186,595
cg14830082,0.9407879727109079,-0.00012398813701947474,0.0036424485444875865,601
cg14832352,0.9285009126006909,-0.00019870750147319482,0.004402447768954043,600
cg14835938,0.9043526353660164,2.403336926015938e-05,3.100754666407468e-05,588
cg14836490,0.9594090540667773,6.270740603785862e-05,0.0007313483558661904,573
cg14839087,0.2694442776459025,0.0009291171461888336,0.006076337935371767,601
cg14841540,0.21334370645790507,0.0005404599213485872,0.009572122413547435,601
cg14841879,0.09940554707981807,0.000613685729852628,0.04000094837168733,599
cg14845962,0.9905944628386908,-0.00022057653597154487,0.0036676859406142848,470
cg14850604,0.9480279455474596,-0.00015359026393771709,0.0042113224384280334,600
cg14855367,0.909654809982358,-0.00043534268804398053,0.003812747962212204,592
cg14855841,0.27198073309397364,0.0004872944715239035,0.00528371223508306,599
cg14864148,0.9321296478986278,-0.0002927771319669059,0.004510126284556382,599
cg14879760,0.14967191613975017,0.0009664958872090142,0.024757515382249684,600
cg14880184,0.9415319717145798,-0.00011185807599114831,0.0009535754653295925,598
cg14880527,0.9410136106139028,-3.4517983400538623e-07,2.265857512728786e-08,599
cg14887335,0.9453383392398432,3.8061835367776486e-05,0.0003016093050218771,601
cg14890343,0.7912279974656248,-0.000265858305252598,0.0038236820199167854,601
cg14891209,0.02347291829731235,0.00033769153298551655,0.020838053571037407,592
cg14895559,0.9502070284565705,0.00017333102255871375,0.0015919823064839411,484
cg14898623,0.03253353183462537,-3.5313131245906855e-05,0.00012215924750069718,399
cg14904305,0.0003458108979904166,0.0004957256737172656,0.03272501467265687,558
cg14904363,0.010245351419053137,0.0002698032080659011,0.030085705314811695,585
cg14913610,0.21810244938808232,0.0005155330487745568,0.0068457984101345515,601
cg14913777,0.028319290829682358,-1.3522360239217248e-05,8.927048213680511e-05,592
cg14927745,0.2419348364942694,-4.601476370832169e-05,7.218114311369206e-06,601
cg14928510,0.09921464340548608,-6.41391758234698e-05,0.00037402891659654713,601
cg14955480,0.9711346393985494,-0.00010744583176438228,0.0016493612732672025,524
cg14960007,0.9061283281845175,1.295088687836978e-05,2.946655027702416e-05,599
cg14962509,0.9885845571367666,-0.0001895301297362737,0.0030783657574871004,559
cg14970597,0.9013228073154336,-9.33748034916008e-05,0.0010838693817621925,601
cg14980255,0.8495154966779741,-0.00026793444004662034,0.0018182179060181047,600
cg14986386,0.9600535691838437,-2.26264435545006e-06,2.014420676155204e-06,599
cg14988482,0.9243220181174489,0.00012826274882201966,0.0007900555731883419,570
cg14989202,0.14310510650235947,-0.00020257889714823124,0.0010469733185217711,598
cg14990808,0.05996326335842187,-5.917655409941351e-05,0.00022648553138138183,595
cg14991821,0.039517681038954235,8.944992675275679e-05,0.0014239776208101462,596
cg14992144,0.21670684362705867,0.0015403427943615222,0.031299546034896486,601
cg14996810,0.8913079311850384,-2.954661034060016e-05,6.84525929194324e-05,600
cg14999168,0.08064698660502073,0.0001284750718122054,0.003522224763539583,601
cg15013801,0.952918730199205,-0.000538186411315739,0.02178686446881939,598
cg15014975,0.8529382941610922,0.00074171857900375,0.018720050620026796,595
cg15015122,0.939536087758309,-5.878559301987801e-05,0.0008176651874451935,600
cg15017007,0.9837336001971626,-0.00020392240933833202,0.0034045470825497803,452
cg15023571,0.03667505231631654,-7.768225865361223e-05,0.000821246956315691,559
cg15027907,0.08899297096772621,0.0024699409643248785,0.08158408796539285,601
cg15033552,0.9160711239697881,-0.0004918286237470816,0.016038711293344776,601
cg15035143,0.06481442045876407,0.0002121461891633204,0.011516586381703164,601
cg15035324,0.9476374487432411,-5.597421690019673e-05,0.0005644381527799558,597
cg15037334,0.9867962466543384,-0.00021716048277877007,0.0032153820626182883,203
cg15046123,0.06979328490879094,0.001743567066095084,0.046272661541396753,600
cg15046675,0.02322466092345121,0.00024046251281894214,0.012752054595329687,591
cg15059065,0.9480610480971046,-0.0005957856385668774,0.011132752725454553,601
cg15064042,0.9775420566427114,-3.178667253247421e-05,0.00014588992656416888,403
cg15071463,0.8938106222957891,-0.00017249322542703263,0.0030621158860353326,601
cg15073906,0.9893120394880862,-0.00019490757647714772,0.007123185501983764,399
cg15077070,0.9580391860258483,-0.0002220631763709595,0.006799619491672293,593
cg15082875,0.9347885777133518,-0.00016837988752084202,0.0022990420711478388,598
cg15087129,0.9807936411568763,-8.394362370475434e-05,0.0036566127744417365,595
cg15090549,0.80159245433209,-0.00041581013090156055,0.005335606683122607,599
cg15093247,0.0175889431445791,0.00011930852291111254,0.006348798972106717,594
cg15096829,0.9754423891022619,-0.0003031954716809034,0.029442067179244913,600
cg15102749,0.9342216493503488,-5.222825601493654e-05,0.0004722738151011763,600
cg15104622,0.9321821030769192,-0.00025731514539778044,0.0027067428715783493,594
cg15106368,0.00833904103840515,4.8205118511694677e-05,0.0021462664519131813,455
cg15108430,0.9692313889028283,-0.00012853033770881804,0.002211274224934945,570
cg15108553,0.8887105089245582,-0.00013806931704528995,0.002193929013799334,601
cg15123149,0.9754876713081049,-8.965003330296227e-05,0.0010061624759939436,450
cg15128334,0.9249055972188664,-4.01617621805319e-06,3.221299810673983e-06,600
cg15129183,0.02555282336976962,0.00018374554720110008,0.017306841262421102,600
cg15131282,0.04717824917835408,4.8846368557645936e-05,0.0017292838014141276,601
cg15133564,0.9125230162140394,-0.0002602896678381261,0.0035892787596322195,594
cg15139596,0.03188801627141103,0.00023019786740251236,0.023931267461272276,601
cg15145908,0.974594013710672,-0.0001356512339871315,0.001569125119203485,437
cg15154339,0.9462360286225182,0.0003444427725769165,0.009009628008642578,482
cg15155209,0.871313609935891,3.603878431662571e-05,0.00019138823681097428,601
cg15159247,0.036972006984989,9.088320490458865e-05,0.0004899651833728536,430
cg15160746,0.970364764941074,-0.00012932625906270114,0.003338349617425296,572
cg15164194,0.2354110906342371,0.0010280406981764368,0.024438145282346113,601
cg15165154,0.25742103859541504,0.0010967393602626433,0.010419163040171986,601
cg15170783,0.022692811842912674,0.00012087127219488721,0.007144051221147474,600
cg15172734,0.8456489018481536,0.0002459982967163742,0.0013375895916205582,601
cg15172966,0.8751721989613347,-5.056444519538094e-05,0.0001843233520882892,599
cg15174117,0.9640394128482047,-7.932341834231839e-05,0.00089181696155749,580
cg15177551,0.8010742517981251,-7.21050461708604e-05,0.0003426248859748071,601
cg15188623,0.2642790713098613,0.0020515368011436433,0.04078200763024409,601
cg15190451,0.9826855826392613,2.0570666672816566e-05,0.00028856704543245293,571
cg15194531,0.9777238838190161,-1.7814832172946244e-05,0.0002479703026941893,597
cg15203566,0.909371054269259,6.071096196005823e-05,4.951029066546653e-05,594
cg15206981,0.9331032181227992,-0.0001883280964412893,0.0013035773743915735,587
cg15209277,0.9210954837505135,-8.054137226676776e-05,0.0006818040496444633,601
cg15217044,0.03388712430336453,0.00034269249608149816,0.0038563917128828784,584
cg15229052,0.8675865314180238,-7.814665865882164e-05,0.000640135088550875,601
cg15229454,0.9406346177139359,6.257207201197963e-05,0.0008256320069160994,598
cg15229994,0.09848538489574318,0.00013149890792750165,0.0015878220756139205,600
cg15237644,0.8632141287694655,-5.6358155781760055e-05,0.00022292841224258453,601
cg15238224,0.7955773214423303,5.11549112593169e-05,5.5205915994060994e-05,601
cg15240033,0.10070335321950713,0.0008499762545329019,0.02596394355980025,601
cg15244778,0.9628295812302553,-0.0001530224245472595,0.002596180955358074,566
cg15249357,0.08132322679828789,0.0008249522028473355,0.011241054227374536,601
cg15255390,0.9485308416732456,-8.457127533945634e-05,0.001224690285897334,601
cg15258980,0.11636619727509698,0.00041266445744331747,0.006816648884780285,598
cg15262954,0.045105275992225746,-0.00017231516836658777,0.0011568453987982341,565
cg15264020,0.8836595696730076,0.0007225567641399323,0.02615337800208717,599
cg15264273,0.9493854483841861,-0.00011162033209277069,0.0008249197679313092,566
cg15272762,0.8627088670208255,-2.0560472568901535e-05,4.475737563580662e-05,601
cg15277658,0.9678563513792406,4.1615325535033175e-05,0.00027359214179512037,520
cg15278888,0.9179697179574946,-1.7300731005410382e-05,1.767804707308862e-05,597
cg15292446,0.2233353460820029,0.0009130084517931642,0.014835029028182789,601
cg15292765,0.9718868786975199,-0.00045733754358618967,0.004698693837376311,562
cg15298666,0.9904977797346356,-0.00022041518729936112,0.00988348819598972,598
cg15299510,0.04500983325222966,0.0001752065404971587,0.007773879505500014,600
cg15299978,0.8101757134433332,-5.2141885612041175e-05,0.00022767911289611753,601
cg15303382,0.8950799177333443,-0.00057221490264675,0.011019959187891892,601
cg15304425,0.9040245113450693,-0.00012727288835333184,0.0014954561762006158,596
cg15309361,0.21464910725526853,0.0021983775881759754,0.07365139582453928,601
cg15319576,0.028998130946589838,0.00027546017195834133,0.007815260788360923,586
cg15321979,0.9665452239873973,-0.0001774804857432952,0.0017067373821918475,438
cg15331500,0.9017742315434698,0.00013354327576877188,0.002563703905707815,597
cg15333932,0.8795125412605607,-0.0002043369871483762,0.0033966022543298058,600
cg15337006,0.2855529718679951,0.0009438316908014647,0.015351579120715941,601
cg15337815,0.873871708094249,-0.00024204842440243236,0.002568007259206029,600
cg15338159,0.9329553546453508,7.357098216095375e-05,0.0003597019813055269,596
cg15339026,0.8793865441066314,-0.00019542628780872307,0.002412665180174245,600
cg15341833,0.04568711961553121,0.00048094731983164247,0.023792714593572906,601
cg15346830,0.02663184836358862,0.0003124370087200058,0.006017720705847829,584
cg15347662,0.8941304329360158,-0.0002096887585099717,0.003532338115161293,601
cg15347788,0.9691313721733927,-0.00010151158859392476,0.0012132742805647245,554
cg15351009,0.18482544262170106,0.00032560425599929225,0.0007796429710406061,601
cg15353469,0.9447880614126792,-1.7906867017238214e-05,4.252702056339874e-05,599
cg15353603,0.8429596612423839,-0.0011423913636861133,0.03173985084581166,600
cg15359142,0.9518930602374597,2.2973812407124194e-05,0.00010228939969758599,596
cg15362455,0.9074203465658408,-3.761033541676312e-05,0.00010889613037345924,601
cg15363890,0.8972782944404115,0.00032110330056042935,0.0032578738477859748,591
cg15368845,0.9492511729625422,-8.486780916339946e-05,0.0018406560597202803,600
cg15380291,0.006685646347662022,0.00028766954766694885,0.027566498104422688,467
cg15381475,0.17325338511262356,0.0017422213386931802,0.03309329328767596,601
cg15382564,0.9318013636869089,-0.0001175247218815752,0.001836990546227435,600
cg15382933,0.36294226505887933,0.0011035798061970173,0.012653407226550395,601
cg15384400,0.08857070199582702,0.0001596743623864382,0.0012326020574425778,600
cg15389749,0.9324293112315362,-0.0002740573568707667,0.0064857425571286376,600
cg15394142,0.05348629378536741,0.00041173460990705544,0.018473533954993293,600
cg15395971,0.9139586340746899,-0.0005475409545116616,0.016863740563965668,601
cg15397308,0.90653119386474,1.5577817047319064e-05,3.542844966408776e-05,601
cg15400591,0.9948515697664722,2.733694531542863e-05,0.000502271223863815,252
cg15402627,0.015282945008494447,0.0005640383786529241,0.026157884101151607,587
cg15408855,0.9366622808365325,-0.00021864939916630855,0.003823640180080079,601
cg15409097,0.9773408758027119,0.00011043562003854741,0.007419751447762968,564
cg15412313,0.9541112305466286,-0.0007926397687770173,0.016337485680199215,564
cg15412815,0.2604208825844665,0.0006094710309177616,0.0035290887744096056,601
cg15426878,0.8504511841828074,0.00016456265465413766,0.0033225681301917165,601
cg15429134,0.36416199246033104,0.0009184594926365616,0.010172943460419304,601
cg15434398,0.956688174055886,-0.00039400282126612126,0.006090736408468245,576
cg15435490,0.0633066789536611,0.0006800252310105858,0.016829802664966254,598
cg15435765,0.8885222555628645,-0.0008895189610416623,0.0016655986439325643,601
cg15437874,0.9807104912233744,-0.00012195123112715978,0.001915920936760851,493
cg15441973,0.9599469836003585,1.14168008288786e-05,2.4184655898706886e-05,595
cg15443535,0.9749333409331119,0.00018585932052693556,0.0018804427005773006,498
cg15450139,0.027133326097772907,0.00028263630792046333,0.00657779846783757,528
cg15450224,0.4327484932914891,0.0009229753070043586,0.01355778558273657,601
cg15451258,0.040212084467758064,7.915632949144767e-07,5.199138675138215e-08,530
cg15459165,0.42086918523023936,-0.00010847996238094902,0.0002999154669429682,601
cg15465279,0.8984114200437312,9.50252431052847e-05,0.00029712934282521974,600
cg15465439,0.12284936759257105,0.0012398595796101882,0.03380994182042951,601
cg15467759,0.909571281885171,2.0065603004028524e-05,3.570144834907918e-05,601
cg15475323,0.8673312216898263,-0.00043023764678237254,0.007451098785093091,601
cg15476994,0.07521598563335737,0.0007772567658286421,0.0592257846502543,596
cg15477363,0.00481948896428781,0.00022629359648204702,0.007295580595669704,458
cg15481493,0.44968810385147884,0.0010344784186881039,0.01995789630701139,600
cg15481791,0.8215179101340389,-0.0003051318569122745,0.0026484059518566694,600
cg15481858,0.9827009490541596,-5.5436637844225235e-05,0.0002559073650789667,123
cg15484023,0.9305672396254895,0.00021529146312293616,0.0030580126383317197,557
cg15484375,0.4501587489901044,0.0005335626627319311,0.0069474575452147525,601
cg15485859,0.9636092801467846,-8.116713162228561e-05,0.0011572421814168843,578
cg15494558,0.9272692018488936,-0.00016298872131470925,0.003294549613823916,600
cg15497761,0.11753654886215885,0.001774311791631549,0.02456615632460224,588
cg15497991,0.07230862667860986,0.00021200438504876507,0.0010700927753715117,562
cg15501942,0.9730196626540101,0.00015338298748822655,0.0035847313712862316,228
cg15505276,0.8892425361436204,-0.0005056260150664978,0.015091051832762159,601
cg15507690,0.023194302306760034,0.00016364416449343348,0.0044695794273348355,580
cg15519065,0.05508799868500305,0.00019068347808427234,0.0026874756192866167,594
cg15529532,0.22821355091655812,0.0011623727558712706,0.02090841519068054,601
cg15539944,0.884445764985927,4.496754088059799e-05,0.00017094805558803827,601
cg15549670,0.951676736917675,0.0003048788905394089,0.0066264957455469675,407
cg15551881,0.22762568227207275,0.00046203493209000734,0.004655418558503044,601
cg15554421,0.11101842030773725,0.001081975418062426,0.02838371605350709,600
cg15555527,0.9425804662933496,0.0003561742063420901,0.011742529307315785,589
cg15556591,0.9806740102187574,-9.191566859777299e-05,0.003994857329758572,600
cg15556990,0.8646377440200844,-0.00032082241677884474,0.005029749153295682,601
cg15559674,0.06578338701987715,-0.00011554168006275384,0.0015931907470642104,591
cg15569292,0.9630825856104317,-3.800395996585034e-05,0.0005850573580969964,598
cg15571405,0.11402295507485216,0.0003581224939572733,0.003246222245383623,598
cg15573664,0.02208502238002444,0.0010902454649517192,0.02317368137850151,516
cg15575375,0.9586439651491124,-3.679529162168133e-05,6.180525449717145e-05,599
cg15579095,0.9068746802676804,0.00014790149540055956,0.001474588429544732,600
cg15582335,0.966572213931338,-0.0003977986404209263,0.013532941609523674,574
cg15583887,0.1017235979284969,-0.0005715263322504375,0.019000894518025224,594
cg15586392,0.44611107424495905,0.0010480925512608027,0.009833498045778155,601
cg15592324,0.9895104659772547,-0.00024986070980701137,0.008655576242124319,455
cg15600176,0.9185264617910261,-0.00014111394097294388,0.0014467013043373278,598
cg15608277,0.05466901445628205,0.0006786453605363454,0.0036539899831683487,598
cg15613420,0.058069019951809006,0.0014747337897794259,0.026852665422262056,596
cg15613687,0.7469606318998226,0.0013399376162669112,0.016260225700820974,600
cg15613991,0.18020560888954046,0.0010431963718532985,0.01684962820580993,601
cg15617609,0.9575739047961913,-1.5707211260897093e-05,2.8811314992882586e-05,588
cg15619439,0.12399061459647787,-0.0002660593715619522,0.0017421179413429355,597
cg15621731,0.3687503813583664,0.0008516372039194945,0.011552082762310789,601
cg15624274,0.910044581656652,-0.00036426031187786125,0.009794802303282668,601
cg15626112,0.10032819284868122,0.0006989318926241708,0.015891686232969215,600
cg15626828,0.036083271336897316,8.381228261714628e-05,0.00048244764076044167,559
cg15627089,0.1017679782258716,0.000932501241320013,0.020551814455046835,601
cg15627145,0.9831333344393237,-0.00024105296426221322,0.005214866974644794,472
cg15628409,0.9668529070431737,-3.0410369800152745e-05,0.0002757374347291952,595
cg15630071,0.947603827489945,-0.0003543728742189155,0.018067714481880714,600
cg15638366,0.956419945757545,-0.00029574873778577846,0.005122951310797208,582
cg15645660,0.9669507446666525,-5.126860614383265e-05,0.00018140271572675282,599
cg15646741,0.10703448367034987,0.0003280092839632768,0.005049193498926963,601
cg15647614,0.9365870896454814,6.997713195615017e-05,0.00013988724069746716,523
cg15648896,0.21620327899745456,0.0006473557423489453,0.019442252917746483,601
cg15652280,0.9137582270797527,7.998001321063498e-06,3.355285050576917e-06,592
cg15658793,0.47176299014837586,0.0006997708961326364,0.011270271895057693,601
cg15660353,0.8355133966925151,-0.0005536304776057067,0.014502880218689285,600
cg15662184,0.9970215589242724,-4.565594489971109e-06,0.0001296770804031233,210
cg15665792,0.17450005924656153,9.323276337925599e-06,1.5591167599193767e-06,587
cg15672749,0.04570623133070063,3.891915733459706e-05,9.673382583830215e-05,540
cg15680603,0.9503628584935131,-0.00041126580940388204,0.0016544303270528138,575
cg15684563,0.8916463075217264,1.1800793692049646e-05,8.155309684898526e-06,600
cg15689180,0.973682028195087,1.2189627431797564e-05,1.5824590013147066e-05,347
cg15689795,0.893337597920974,-0.0005036950969031449,0.01946667920401135,600
cg15691199,0.0933475696256342,0.00028312660949667755,0.005014813614712232,601
cg15693625,0.9131942626975558,-2.040682602918468e-05,6.17511746880961e-05,600
cg15695435,0.8708326712606854,0.00042751404458746316,0.008102154469040501,601
cg15698795,0.056136184332442544,0.0002272449863798997,0.01417926436039596,601
cg15701612,0.8257621953545118,-0.00013280706250985312,0.00027341825924376284,594
cg15703165,0.910797370105496,-0.00013394706509072985,0.003934107384223395,600
cg15703790,0.9010193732684446,-2.773143045005357e-05,4.5882240527928e-05,596
cg15712510,0.8726662616066148,-0.0006707090327375809,0.013170409541930495,597
cg15718066,0.06241355136063903,0.0007754995862994471,0.06925192651443668,601
cg15722438,0.11993552006062938,0.0012481897812366947,0.07175420044871195,601
cg15722533,0.9179557458705918,-0.000777193555904766,0.028979144249252964,598
cg15726700,0.13089123146777176,0.0008219296679717362,0.034323336077908495,601
cg15728692,0.8890424795977862,-0.0002730926641001957,0.00922093450752548,601
cg15730121,0.9009163089299246,8.910751382245091e-05,0.0014321699401234067,600
cg15732149,0.1983538233928893,0.00034562240548664347,0.0012667214191973697,599
cg15742737,0.10183791687754337,0.00268248799795071,0.10390491017175896,601
cg15750961,0.9810271588387728,-0.0002203508691400097,0.005584057505959694,418
cg15752436,0.06745990914976756,0.000133822033334326,0.005582796979454296,599
cg15755426,0.8601996696805305,0.00012012652727439573,0.0007583656203806743,599
cg15768226,0.022628481638380358,0.0001791532324433655,0.01304247187500629,601
cg15770702,0.059692153416301325,-0.00017246541647269353,0.0013538900845816437,462
cg15774864,0.9790538592254246,-4.653964854288564e-05,0.001230266171433625,594
cg15779785,0.9709522981524303,-7.704490037419677e-05,0.0007698033622716149,531
cg15780398,0.010634517708747883,4.847036274994989e-05,0.0018395743658009556,543
cg15785147,0.9538861586964984,-0.0002554491092541724,0.0038047818991997495,563
cg15785379,0.9772246283647809,-0.00010033351017261228,0.0009068268231512411,411
cg15792134,0.995295126069366,-0.00016587029085624402,0.0025602614546765823,338
cg15793573,0.9965253853464189,-6.127766991888964e-05,0.00543459094852361,523
cg15798530,0.9735791976399235,1.668368194824561e-05,3.148177531941965e-05,389
cg15800530,0.026197996818427993,0.00036459142518011306,0.0018786001477146819,579
cg15803221,0.8835669944467411,-0.0005240587237964806,0.006314236979384158,598
cg15805540,0.9537743604804336,0.0002721555585911107,0.006824111417767509,403
cg15819128,0.015756322510642067,0.0002473103699365959,0.005078993858138925,490
cg15825304,0.07384009451868898,1.0658228257299464e-05,5.401501077806348e-05,599
cg15828421,0.9422092260480464,-0.0001867966981329026,0.0018334163305535611,599
cg15837470,0.9436875326140027,-0.0010982840325497768,0.02374218490427238,563
cg15844191,0.05763517351547076,-9.542296730070974e-05,0.004033970739289794,601
cg15848095,0.9493435167418477,4.25921262485362e-06,3.8241845855546686e-06,599
cg15849060,0.9400535689985886,-6.415123038062041e-05,0.0005175545135530646,600
cg15851799,0.9376508092833032,-1.083791282894619e-05,3.17889445229369e-05,601
cg15851882,0.9449137867518144,7.978301790272177e-06,1.131637454299117e-05,594
cg15853812,0.9845762668357795,-0.00011076709662394052,0.0058308273819047685,566
cg15857470,0.8838043963387849,-0.0009122593226217801,0.015870948283935316,599
cg15859496,0.9440434258668535,7.983261007140637e-05,0.0005404174723299127,584
cg15863552,0.9220121276564966,-0.00018169272369414788,0.00347388769851531,600
cg15867652,0.9526415255763363,-9.026652108593892e-05,0.0004458075583343435,565
cg15869642,0.9651597783025121,-0.00010333404878397688,0.001271352367911316,558
cg15876825,0.9853303158387834,1.1401742840785262e-05,6.366592498885382e-05,545
cg15877096,0.9533233630691436,-0.0001388716083151459,0.002693985629614093,593
cg15881332,0.04324762748322583,0.00010443288042902696,0.001333893865311242,587
cg15883721,0.04959251791127342,7.060551649785985e-05,0.0021638427336375665,601
cg15888463,0.04191434507272738,0.00018606893300485586,0.0016307385885957482,526
cg15896696,0.27778481902314667,0.0016696718126371288,0.03273628308246179,601
cg15903666,0.9859014005090059,-3.0340598690968943e-05,0.00030856697911618713,424
cg15904834,0.9229161116851655,3.8770262239049496e-05,0.0001797499646045697,598
cg15909613,0.9433410386158101,-4.307243122124107e-05,0.00022769385729803915,600
cg15910502,0.04373207558461881,0.00026396147939297665,0.0016791864095246911,499
cg15910686,0.9261801216272358,-0.00045914788400461167,0.016913958785183092,601
cg15912031,0.9347628856770976,-0.00015980111853798146,0.004070519508408532,599
cg15919066,0.9039573467606308,-0.0002791185433563274,0.0062472230114869465,601
cg15924121,0.9517793752768686,0.000364254787018419,0.01086311406404783,308
cg15924868,0.0029713247694332593,0.0002901948493188662,0.020619683148678347,475
cg15930219,0.8952759460391579,-0.0001549044885875066,0.002340135417863931,601
cg15933914,0.9255747341473022,0.0002367574367009953,0.008722511186872617,594
cg15934776,0.9772372847586691,0.0001810902696582369,0.008764671128423052,246
cg15936446,0.04418306839491463,0.0010676837600345223,0.042115403205246205,601
cg15936999,0.004107925449838137,3.187149525401536e-05,0.003805927144450827,466
cg15937958,0.6462071218835441,0.0007453063426930422,0.017942783475347612,601
cg15947910,0.9186888084291367,-3.207902591061504e-05,0.00011234026074080639,601
cg15950743,0.9917828899247677,-0.00019864148876392522,0.01188764804786091,450
cg15955277,0.9944057614691325,2.7238891008770443e-05,0.0016392243805779527,169
cg15957797,0.8954518277900049,-0.0008706633808005917,0.020135260179972247,600
cg15958289,0.08541199678599223,0.0008319423419791256,0.020042209155363477,601
cg15961105,0.9662630429723538,-0.00013765308642783847,0.0026228706604585206,580
cg15961716,0.9981248150625661,-6.417055641595922e-05,0.0005662628089878607,176
cg15962969,0.8870188556258161,0.0002900334129425805,0.0075538639592365175,600
cg15973546,0.9091539073217605,0.00012873756760311845,0.0019704422641715347,599
cg15977685,0.9232416760415726,-0.0005103336648269687,0.013352404081718339,600
cg15978565,0.07505887441585452,-0.00018167872309745488,0.0027274079542246588,596
cg15979885,0.9755754010120242,-0.00010503863365443663,0.0014948502964670096,523
cg15982099,0.337653593138424,0.0014626749061120471,0.024728772436247604,601
cg15982700,0.9262271349020244,-8.840373447500138e-05,0.0008132461066542307,583
cg15983182,0.9506109323378418,-1.854898409332994e-05,6.32411309919867e-05,592
cg15983538,0.9254648062279542,-3.5143354615971736e-06,1.9697793823825194e-06,595
cg15988887,0.9146572194384643,3.9500077707376264e-05,0.0003401508278479959,601
cg15996984,0.1373858117630281,0.0005855433162210199,0.00993144389087719,601
cg16002660,0.9042572828703289,-0.0008514817651217789,0.029061793009384607,601
cg16012388,0.9729663935640537,-0.00035815302110009807,0.0073326039954013655,469
cg16017089,0.9759726887497684,-0.00036085745980105554,0.005153497553598618,582
cg16019620,0.9390059271684486,-0.00036724651989821373,0.011802002576226434,598
cg16019700,0.9905249113344777,-0.00021195470607540516,0.0072055392211962666,275
cg16024891,0.23188014835134907,0.002155512206124936,0.057861660608532595,601
cg16029260,0.9422507012724668,-0.00047214471968425894,0.02165955354808613,598
cg16031980,0.9593132958518956,-0.00011213880944806153,0.0012862328480369722,567
cg16032408,0.12061842673552332,0.0015761031568667428,0.08653082452791516,601
cg16037200,0.1421698185233037,0.000390858020820748,0.0056348980105968005,598
cg16044777,0.9529380431797456,9.359570821013793e-05,0.0011090795405577225,592
cg16054502,0.9484666698673601,-0.0004500705151524606,0.011733685518823589,595
cg16055106,0.8854034642640888,-6.939596170310571e-05,0.0003138495073726766,600
cg16058105,0.9221752792973953,-0.00026523746991004835,0.005528081510972616,597
cg16061668,0.17061261597156868,0.0017853793704129144,0.06179244689788477,601
cg16063587,0.11649090840356424,0.000662473473729747,0.012726748806102472,601
cg16064425,0.10570759107773375,-8.474929488241292e-05,0.00031115014734850455,601
cg16072340,0.9628109997739092,-0.00015886735370530667,0.006460369612081074,591
cg16080125,0.20290474677791467,0.0021790222423411815,0.06910845858123393,601
cg16087093,0.014450308381139781,0.0004206865746503661,0.02513824140399179,587
cg16088380,0.9755284812292765,-2.660518878379692e-05,0.00015468695518316977,541
cg16093537,0.8644305020409474,8.003418521763563e-05,0.0007832346434281101,601
cg16101800,0.8714045884655831,-6.274341259531027e-05,0.00019299350316970276,601
cg16108887,0.8900057574756864,-7.407831286997349e-05,0.0002764328399530447,600
cg16112162,0.0534119835195778,6.062806825706919e-05,0.0006029305590182776,598
cg16117781,0.02000343148345253,0.0006484507729560304,0.007353256720397328,450
cg16124975,0.029740595218036008,0.0001727905283229571,0.010842031697177124,599
cg16127573,0.8447786688830621,-0.00012900644679084947,0.0009029138514522472,601
cg16135771,0.6718686422941369,0.0005513397070492468,0.00329770806425167,601
cg16138158,0.19050035013116784,0.0004973953518295075,0.0019991125176465063,592
cg16139517,0.924379400459895,-0.00010136916483561339,0.0012581723184230675,599
cg16152136,0.9033894513383579,-0.00017014452545423525,0.0017831990669265885,601
cg16155393,0.9941305453458105,-0.0005544851601425984,0.02711517056905277,591
cg16162970,0.33624285840905643,0.0011084769893870737,0.011150206098066495,601
cg16167060,0.9322285246576484,-7.511677540587073e-05,0.0011682619440215314,599
cg16167877,0.8129378324584862,-0.0002587943940380972,0.0022116544134048732,601
cg16173067,0.9113636530289878,2.12832551939888e-05,0.00011779747762274972,601
cg16175245,0.9947824497429728,1.5162333403989092e-05,0.0008262970069089492,241
cg16176694,0.17088547105050028,0.0011659732967814903,0.03180493460852818,601
cg16179938,0.042822013115339105,-0.0002600070432210293,0.003959005856060016,236
cg16188349,0.9743286088582479,4.6165272364707335e-05,0.00028699978162394224,383
cg16190388,0.9638599586667627,0.00022483970588104617,0.006378199336272705,359
cg16196745,0.9669354685943582,8.667511225742767e-05,0.0007433172348692008,419
cg16202259,0.9636479711423446,-0.0010077733956377994,0.002538485902341181,474
cg16202600,0.9022985708974198,0.0003309576427543021,0.0027678016470576994,517
cg16206504,0.5238304916610362,0.00029603043437647963,0.0018618439445848844,601
cg16208084,0.9665091104406536,-2.145482411405392e-06,2.6167927091869103e-07,517
cg16209517,0.9358119114482017,-8.638865474209312e-06,1.6834519913855317e-05,600
cg16210395,0.9261056584410463,-0.00044712578354473646,0.013871138191051458,599
cg16215084,0.7864087535265256,-0.0002825258539338211,0.0016418358514295184,601
cg16218895,0.9736810184715704,0.00012313964259474627,0.0029211806076875346,424
cg16221969,0.8381107701777328,-0.00013844903777040422,0.0019362030093982296,601
cg16224163,0.8808163389607424,-6.739862877497369e-05,0.00018307189732336138,600
cg16227748,0.13600633421883604,0.0009102396464902157,0.02034521655602828,601
cg16228286,0.06428125822314167,0.00024035312032016072,0.014429612239342693,601
cg16248311,0.9479406763870944,3.21957723669875e-05,7.475687900349026e-05,589
cg16249827,0.8624073125190029,0.00017302897580822595,0.003614262148520897,600
cg16250868,0.06803570748199367,0.0003113347849244674,0.009133664649486617,598
cg16258854,0.9291973227087209,-0.00011489095446138694,0.0015154713007913267,601
cg16265599,0.06551068814010372,0.000518304508916202,0.009878107172172856,601
cg16266126,0.7600094936405422,0.00024758962912353294,0.0020740877950427006,601
cg16266227,0.085396566002644,-0.00013234058543499844,0.0030598784685073044,599
cg16266669,0.05962430117596814,0.0002880380611380625,0.009749267796065664,601
cg16275739,0.023041311137104302,2.151298446960169e-05,8.222683021774646e-05,450
cg16277229,0.9301175541040904,-1.828803463589081e-05,4.349372860401601e-05,600
cg16282618,0.1403924236138137,0.0010201060619899295,0.016607652922079663,597
cg16284674,0.9523113265428937,-2.724742960579215e-05,0.00011476708955260317,601
cg16285946,0.9187463777055721,-3.0066944792787787e-05,0.00014841593032799416,601
cg16290534,0.9112712848261757,9.476473313103136e-05,0.0014162977118122866,601
cg16291048,0.9053960291497021,-0.0002218710786385045,0.0039135734207405015,601
cg16297435,0.961517812596412,-9.715636123992989e-05,0.0019254010486994266,589
cg16301004,0.15421768403381883,0.0003252409092739957,0.0027732252662697743,600
cg16302049,0.9719888153808306,5.091845536288611e-06,3.0084552723463887e-06,453
cg16302816,0.15108310651989332,0.0008119173900567025,0.024415320488436087,601
cg16304656,0.040365890268147735,5.441263793434685e-05,0.001085846036947169,599
cg16311302,0.15818626970601535,0.0009479349549271572,0.022877234512423295,601
cg16311344,0.021823413367161766,1.27068572343701e-05,5.422514303987658e-05,531
cg16312514,0.2906390174812366,-0.0007826021541691556,0.008784326019573352,601
cg16314291,0.009546058065004888,9.827593796171309e-05,0.005349516338472471,493
cg16315417,0.06767194166300525,8.324892916924476e-05,0.00225663114489405,600
cg16315582,0.03743381408702082,0.0004085829273377529,0.012402253833728949,595
cg16316042,0.8861900487326743,-0.0003607608594124852,0.014320364806931107,601
cg16320626,0.9652079673413301,-1.5723395565194672e-06,1.0432661602388649e-06,598
cg16321975,0.049436815274207284,0.00010739075341017364,0.004980529660456479,601
cg16322478,0.919481965160395,-0.00045871928148642435,0.013609108403098369,600
cg16324958,0.9248021061518858,-0.00046961810938033285,0.01608558089464096,600
cg16334425,0.9235418064942397,-0.0004454286711843834,0.01731005616923087,599
cg16335098,0.2237328801796892,-7.56196517684617e-05,2.8934185762996556e-05,599
cg16336227,0.9114364618975508,0.00010991629846156483,0.0006285258480862588,601
cg16336556,0.894412947306772,-0.00047400967122271793,0.007296679801445993,599
cg16341690,0.9302910128057116,0.00010576046299726957,0.0031637350667748088,601
cg16344896,0.869997615315302,-0.00015674043757061542,0.0015906207368490133,601
cg16348820,0.9457052342748892,0.00024571443249702876,0.0027990652058493826,399
cg16353800,0.8561150134272285,-0.0001696783791276693,0.0006446205014795092,601
cg16353899,0.8635460063227874,7.175641344399174e-05,0.00037144979096981334,601
cg16356013,0.8028177306170028,0.0003371364507452592,0.008040168350971877,601
cg16359915,0.7902785306909629,9.602203713427234e-05,0.0006766116088875451,599
cg16373862,0.9741461249822028,-2.7274966832394198e-05,0.00010399150869622176,469
cg16379283,0.04899102493306838,0.0003625313623077543,0.0057431429496591635,600
cg16385330,0.9884774863018356,-0.00023926134265189275,0.0075407124607019815,380
cg16387516,0.974134201884551,-0.000124442223554017,0.0031265094123507087,581
cg16388983,0.9363451274164126,-6.224046348798882e-05,0.00034580156099750514,599
cg16389078,0.11734733407927911,0.0001253807109411054,0.0005624626121720766,601
cg16391242,0.97994447977949,-0.0004697991466739434,0.017899907824550088,557
cg16393012,0.0010210547712720397,0.00025035623889078316,0.026353279936715324,370
cg16393928,0.8949340490970248,-3.818269681009231e-05,6.393570962781592e-05,601
cg16397032,0.98700105921962,-4.724597847555782e-05,0.0003290329854038765,425
cg16398761,0.04043084872524104,0.00032124235008627563,0.010084857173107253,601
cg16402452,0.9290076364338106,5.383542892982227e-05,0.0005009212430202581,600
cg16406708,0.9259472647538349,-8.343435605441395e-05,0.0008229251179893149,600
cg16406967,0.9932015832707882,-2.1982592225190367e-05,0.0008870038909527533,550
cg16408565,0.9449587533527972,2.0920276888386866e-05,6.40410286780746e-05,600
cg16408593,0.9318392609883686,-0.00023882278684798127,0.002640124024215873,601
cg16409259,0.9214736885789219,-0.00022335740440873104,0.007565988577953653,601
cg16410524,0.9782112034015917,-5.244085380713416e-05,0.0013027980323868649,587
cg16413327,0.8903093551207389,-0.00010701788859165113,0.0009543483713454481,601
cg16414472,0.9654749492353875,-6.141554154328756e-05,0.0019176135705719632,601
cg16414568,0.11218664719567545,0.00014544175600643593,0.00019214616446217025,601
cg16414660,0.9237381404339713,-2.026120927130787e-05,6.536672699730683e-05,600
cg16423624,0.9951248833128211,-0.0005008652493729426,0.012106503359796572,534
cg16424945,0.0212909471658657,-2.7154530039434965e-05,0.00034305446415128227,551
cg16432009,0.9626623940800596,-0.0002282728127936933,0.010056381913704948,601
cg16433265,0.9122546036071966,-4.778422135400262e-05,0.00039714763290943367,601
cg16433632,0.8852233839367476,-0.00016103600202606522,0.0028417492288935753,601
cg16434331,0.9489239770893916,-0.0004089921234229336,0.0062916621826230035,599
cg16434547,0.012607152255098869,-1.3271886012701216e-05,3.913582268177951e-05,330
cg16440978,0.03495649479425256,0.0001437864806900542,0.002844886016493464,597
cg16444826,0.9316401336533564,-8.37234036233498e-05,0.0013800549355988956,600
cg16445596,0.15432447639006855,-0.00017733303695974977,0.0010412424103861673,601
cg16450097,0.9107752680758546,-0.0004195234438714861,0.004630659689301542,601
cg16451525,1.0000184634675018,-5.527311425190597e-05,0.02327582197656508,282
cg16465027,0.03152144747829477,0.000457453730429991,0.011988037007586883,555
cg16465280,0.9774907340213836,-6.86618893622444e-05,0.0008589596918546771,464
cg16472369,0.05471972763748566,0.00013033950454775214,0.002671279502916901,593
cg16477879,0.8666036628044492,-0.0002882768612502786,0.0028607290360131987,599
cg16478145,0.9675001999560877,-0.00037243058354466944,0.011614243212514808,565
cg16481280,0.9722878191654111,-0.00030554779033287627,0.008739285253226425,562
cg16482761,0.926179394460029,-3.060518518277063e-05,0.00020101112946779853,600
cg16487097,0.06428488473437925,0.00018031526240441266,0.001894646109945275,598
cg16488021,0.0428675671528565,0.0007276439085659838,0.01820850078695302,587
cg16492341,0.9958172601495143,-6.102131234603263e-05,0.006607773503040648,425
cg16496462,0.9300364878786016,-0.00016390704670516713,0.004487169420203441,601
cg16496814,0.9693895926978925,-5.34718286042523e-05,0.0007257456970709564,585
cg16497626,0.770693885980776,0.0006864926491113489,0.006454558218539019,601
cg16497714,0.049204510666737554,0.00021640843530043745,0.002043461504077193,552
cg16499097,0.8109197480469574,0.0003544964621011349,0.0023715353015060225,594
cg16499474,0.9438670394498706,-3.5054010519046206e-05,0.00019242760061777275,598
cg16499607,0.9718810358060236,-0.00018415046489480308,0.015250337956283277,600
cg16503585,0.9596949362052599,1.579747714980849e-05,1.351091626400347e-05,439
cg16505233,0.03810185690798711,0.00023644820442269616,0.007004044164742318,589
cg16508068,0.14900558632543287,0.001439769612714146,0.04286995139834815,599
cg16509569,0.025067780357838472,0.00017977742152223942,0.008993186457006752,593
cg16512364,0.9594520520655792,0.00019455062624994926,0.004548173122330024,494
cg16513459,0.8482875783304141,0.0009010288180965458,0.01857736677711186,599
cg16519772,0.9194890907580242,-8.070979542986056e-06,1.372496157669989e-05,601
cg16522557,0.9309041049732059,-0.0005055165624491506,0.012169949854087925,598
cg16526133,0.917170418078652,-0.0004876890634097984,0.011069796100601992,598
cg16527444,0.9850535397172996,-0.0004155119942490079,0.013860550669438365,475
cg16528895,0.14787612204384576,0.002278553951233146,0.03832288680906093,596
cg16532438,0.05614752127408204,2.2037025723381616e-06,2.828717087899335e-06,601
cg16536610,0.8958744761974511,0.00010864605383113632,0.0009255513755818123,601
cg16547271,0.9734308650162752,-0.00020001487744321296,0.004361342516307154,544
cg16548605,0.9358631598826943,-0.0002323940812806835,0.0020241038572221814,599
cg16550010,0.9548295681313483,-0.0004105172792683619,0.014459433488927753,595
cg16551732,0.013659330527443832,0.00044231686807015406,0.010255351976774074,505
cg16553238,0.26159354298117865,0.001928574893802,0.038748199293602625,601
cg16555504,0.035926446002037815,0.00017629287765467383,0.005461069413580377,594
cg16558465,0.9690228837809886,0.0001230145958961488,0.0023646433309812975,501
cg16560824,0.996994503584029,-3.1892160455968295e-05,0.0037218067786118914,287
cg16563470,0.8923712639009356,-0.0001892785265994044,0.00262310723521042,601
cg16573130,0.12355237364199338,-0.000234712121564358,0.001011841306717387,561
cg16575319,0.9428284064178551,-5.598344913784109e-05,0.00036189680404752345,597
cg16579908,0.9044218661559088,-0.00018690551222563627,0.003036497383735348,601
cg16582255,0.9343261875600353,3.41628516408025e-05,0.00010860598899087304,592
cg16586211,0.07890166371407326,0.0007032311080710655,0.03536596006009618,601
cg16588649,0.9575542600475978,-4.7739620810971076e-05,0.0007872379436485444,601
cg16591875,0.8525968380807004,0.00019312073380385424,0.0013403986173915472,601
cg16596440,0.20718368327318998,0.0005564058578536497,0.007790970474920944,601
cg16602316,0.3051684351922384,-0.00039474029666027494,0.0005139846529570447,601
cg16606773,0.616357707210633,0.0004197162405131387,0.0041544897764558275,601
cg16609181,0.9948501128342557,2.159426772607123e-05,0.0021454815121977333,374
cg16611352,0.2938511168714972,0.00110315783344535,0.02659508033892255,600
cg16616514,0.10032281778718885,0.0005100072652072481,0.007453706944945515,601
cg16619721,0.9540676503276592,-0.00010002990364921645,0.0011703632352232374,599
cg16622899,0.9933146676581933,-5.250892606339557e-05,0.003989769845586411,565
cg16623157,0.9298797791864913,0.00011871992967514402,0.003041083821734847,600
cg16627309,0.9524818298755598,0.0001295486095850034,0.0017288480370477588,567
cg16627358,0.9084533796494991,-8.744804800580759e-05,0.001216703516417006,601
cg16628641,0.9954860102105375,5.225343049769788e-05,0.0749223755064854,189
cg16629408,0.9120736875160721,0.0001460951684438967,0.003994310920194422,601
cg16629695,0.8990330095653069,-1.4716101717654054e-05,2.9202644678871792e-05,600
cg16635948,0.14612825213156588,0.0008734211610252271,0.03297334162409582,600
cg16636721,0.043343070854448155,0.00018109460315028725,0.0027729026926979206,594
cg16644967,0.08118880868029492,8.151779812152247e-05,0.0005344097844085516,601
cg16645907,0.8968137158858375,-0.00026256098207336974,0.011255494457465431,600
cg16655291,0.8763913535044187,0.00021802858726135564,0.00014386881799621776,594
cg16661143,0.7849416965214878,0.00013950509550343884,0.0011753921699925174,601
cg16663891,0.05350709488597266,0.00041918750150104296,0.029549054633755123,601
cg16668359,0.006150920852079633,0.0013826388135291634,0.045866950072330326,598
cg16668651,0.1368172487447456,-0.00024471583039077676,0.0016542911556597373,600
cg16669455,0.07882735995488416,7.033106068175475e-05,0.00011776972223653814,580
cg16670593,0.8968359916702576,0.00011092981550617479,0.0008475224410059434,601
cg16675054,1.004695117463551,-0.00022947353389241598,0.010506086046829344,331
cg16685257,0.924122219979653,-0.00024503490167860405,0.009783184476969797,601
cg16693012,0.909774566664277,-0.00016450463024552406,0.0018070838458249527,600
cg16695758,0.08033149005109942,0.00036161356000792815,0.0022444855925669582,601
cg16696002,0.32409507206562216,0.0010998641333542333,0.028010793663965194,596
cg16696923,0.027236498780131298,0.00021058736829126522,0.007638831193405249,583
cg16699198,0.9048654002496733,-3.3438815151952476e-05,0.00011140188371305815,597
cg16700163,0.09887487280529766,0.000693204370351464,0.029530335942682284,599
cg16701848,0.9390222667341529,-0.00016748747986975062,0.0068682569387913395,601
cg16706613,0.9140650532739955,-0.00040913295872948365,0.006430223991272133,595
cg16707952,0.856303018042571,-0.0006598890406044163,0.007971360199317767,588
cg16708264,0.9954193286086284,-2.0738590458933944e-05,0.0005001196901838201,498
cg16713727,0.8920532218958427,-0.00015619599063321777,0.003949799321776082,601
cg16715662,0.9600034466741185,0.00036630246658218764,0.019279344872684123,282
cg16718276,0.9390617886736351,-9.822333605152741e-05,0.0023517575600127127,601
cg16727585,0.023380438489244454,0.00017605415900405908,0.015370441442001392,601
cg16728323,0.8501815221654564,0.0003782396535913068,0.016384622483005984,601
cg16729850,0.8800825628022252,-0.000260804588951705,0.004186284901040671,599
cg16741308,0.01089516381784671,5.250767287641695e-05,0.0016091753521213503,580
cg16744996,0.1187600854445878,0.0008704990589115029,0.022422737696114026,598
cg16748008,0.9878106982612571,-0.0001560730694440438,0.0024374873515016215,560
cg16750801,0.20961666216037883,-0.0012679288403472302,0.03163133368003779,601
cg16752583,0.8943088037168475,-0.0006066058242241251,0.019795980494995757,598
cg16754788,0.937175543779752,0.00010319993050346417,0.0012264527406412595,597
cg16773115,0.9557175681419637,-8.620704167053928e-06,2.61486127868249e-05,601
cg16773162,0.9811566481443638,-0.00031554690145547097,0.010061249366191904,510
cg16774355,0.9780025400297327,-0.00019705564306874958,0.004155829948271239,500
cg16775167,0.1210582329109431,0.00038048433545452483,0.014294851048469503,601
cg16775752,1.011579507542411,-0.0003586170099257132,0.00421266421711286,440
cg16776350,0.09464009709775703,-0.00031410790987465294,0.0065375879821485405,599
cg16776981,0.4110947030909599,0.0010533965438777402,0.019057610416752135,599
cg16780603,0.8692942961203456,-0.001419650426547617,0.06357289657469245,601
cg16781907,0.8499861843203649,-0.0005506216819169582,0.01470709799961123,599
cg16782524,0.15836781284004753,2.828486522130077e-05,9.567403220422932e-05,601
cg16783204,0.13297177096094998,0.0012153215882566878,0.01620990268324185,601
cg16789995,0.911048069993409,-0.00014117990234572297,0.001437519872244053,600
cg16791528,0.9245342018800101,-0.0001394865205572982,0.0031584654867112816,600
cg16793173,0.9883199915979336,-0.0003038881747048963,0.011675296146470338,475
cg16795830,0.03449097172967959,6.55396105077638e-05,0.000588222630350077,574
cg16797514,0.9802219811348225,-0.00021409256941491462,0.004486330219026113,591
cg16804882,0.9409527823518243,-0.00023945184431331537,0.0030175360376856197,588
cg16811851,0.9739609690897519,-0.00032516616591781936,0.013112211849759414,594
cg16815850,0.9695594621661783,-0.00013489198232908498,0.0020901952146279434,578
cg16824126,0.5333263838732012,0.0004620210869489196,0.0078627617181396,599
cg16824282,0.3745331369914863,0.001231122017137582,0.015020662757967096,600
cg16849046,0.9061771235474017,-2.1629480208341623e-05,6.835433079788178e-05,600
cg16851482,0.9821621884405899,1.960199230081856e-05,0.00020378626671413436,541
cg16853102,0.9596705175354023,-1.762529833240528e-05,3.468034546660892e-05,549
cg16855440,0.9316637510010778,0.00011605336127142004,0.0008017908954143227,580
cg16856722,0.9690972342049448,-9.148340531596126e-05,0.0015856619568240804,575
cg16863795,0.0037711134085896512,3.1762955154554535e-05,0.002363812473690996,255
cg16864063,0.2560540933936933,0.00016672616932085558,0.0007732561586328845,601
cg16887385,0.9743176349580719,0.00012825661406524065,0.0032870054282340133,374
cg16890093,0.0435948698147331,3.0284500231366485e-05,0.0001293577510490529,593
cg16890121,0.9602297177825811,-0.0001706267521122398,0.0034984879391044554,585
cg16895493,0.9252371028494155,-6.240965795999858e-05,0.0009545891695578179,599
cg16903782,0.013913735314285136,1.239511400820287e-05,0.00014666856715395138,572
cg16908669,0.9512635884987037,-0.0003581397144731042,0.006178173957932409,565
cg16909293,0.956549661816958,-0.00010086690616660493,0.0016879412115996528,593
cg16911583,0.03794204898821332,3.385532284885408e-05,0.0004016460788478504,599
cg16912563,0.8604051053632676,-0.0003888934521485016,0.007224912176604481,601
cg16916914,0.01853129790609683,0.00010362310125820471,0.003502294433030184,580
cg16922937,0.9734290490020657,5.3607290850059115e-05,0.0002178759132984709,584
cg16927285,0.8592532523723623,-0.00019334570594875883,0.002487319369301355,599
cg16927606,0.07128554690780808,2.465178089306012e-05,0.00013237729857829006,601
cg16932285,0.910670526755852,-0.00048183821417366785,0.019283223234313085,600
cg16934235,0.9008237448507375,-6.560323956646548e-05,0.0005989772392793746,601
cg16942223,0.2258782456090248,0.0002707071008125904,0.0020287201131482524,601
cg16943126,0.3295375931032122,0.0010938975267509466,0.01649916598322454,601
cg16958927,0.9590293982548189,-6.029070658129461e-05,0.00048383982228927813,583
cg16958939,0.45134147063333657,0.0010571853584780814,0.02308757761053437,601
cg16959787,0.06364954250008115,-0.00013371489237036838,0.0008819698271615994,593
cg16960396,0.8668770848085346,-0.00028141104828143486,0.0033131070206232627,601
cg16960675,0.02319932148655938,-0.0001230032532562903,0.00368439012645283,366
cg16963144,0.057912478643395784,0.002065287678880626,0.07439420884839232,601
cg16973098,0.15898008605775868,0.0008464106764151947,0.030737811767439727,599
cg16973527,0.04824210445099063,0.0004185839345917038,0.012549954897404514,598
cg16983159,0.07510188525580813,8.699818641238285e-05,0.001628457197097255,599
cg16986578,0.8349690811063963,-5.968853765293177e-05,0.0002602905010657963,600
cg16992870,0.9087280106789446,0.00031300195360597753,0.017873271731495888,599
cg16993754,0.1854796386189939,0.0023880260989906006,0.0618898276992037,601
cg16998950,0.3400315132073095,0.0014496320890148334,0.01630881977417642,601
cg17000666,0.9762048897305374,-0.00011249461980762749,0.00203211311881879,491
cg17001464,0.8947693120038458,-0.0005408148555836825,0.022313222654190668,601
cg17005319,0.9760543574562132,-4.611110602925446e-06,2.551196721989335e-06,367
cg17006136,0.014632842481664937,0.0007243404658722179,0.04265185042027275,598
cg17009522,0.8034885867664071,0.00014834879885750076,0.0026823797287277573,600
cg17015522,0.922055903192527,-0.00023937812899722354,0.004107226806458697,601
cg17017514,0.933346956857987,-0.00010255020306966763,0.0016072734088534713,597
cg17025459,0.9711820550225314,-6.237423070760461e-05,0.0007498325101431558,561
cg17029721,0.8880125460811805,-0.0005443198973998453,0.019352992423333215,601
cg17030820,0.9404872575748662,-0.0003234082644983341,0.0059650076143601405,600
cg17033891,0.18293963536484834,0.0007331730334376386,0.01205692526085489,599
cg17036418,0.07917842635860214,0.0001130463598687916,0.0007746684492658806,599
cg17039645,0.4180237205546332,0.001379601258604537,0.013973774793702431,599
cg17043823,0.981492514015473,-7.892973883025876e-05,0.0006496330349112789,370
cg17047033,0.9728184615090468,-8.62717884388651e-05,0.0009925604706195745,498
cg17049050,0.9774542571022833,-8.755987933359641e-05,0.0012044282051174582,509
cg17054691,0.9039522553377032,1.9512867574368224e-05,2.4539300565340483e-05,601
cg17065262,0.9353348620318894,3.94063219835819e-05,8.660248515213187e-05,560
cg17066349,0.9536262480960365,0.00011056993651518814,0.0008861165933912174,391
cg17069068,0.15877489276901652,9.43181549660568e-05,9.962960330844872e-05,556
cg17082856,0.9702958933840208,-8.449994438954053e-05,0.0009444378224886529,544
cg17083685,0.01694686527567524,0.0005747633592086032,0.014442210623001439,567
cg17085721,0.93288079146378,-9.546679010468611e-06,1.627245142599154e-05,598
cg17087974,0.31385461221145755,0.001067297684206246,0.02120765439421346,601
cg17090891,0.9753387481235049,-0.0001047360843012081,0.0013090769664706459,474
cg17092096,0.9398662146440577,-0.00010949324518657688,0.0032245908915646826,601
cg17092523,0.14615130658648745,0.00033425258374454386,0.005471312512674742,601
cg17095958,0.925292410609776,9.686806812466978e-06,2.1500465044232975e-05,598
cg17097874,0.024918346369410503,8.792201682656848e-05,0.0033732636774882474,595
cg17098979,0.34909873538353153,0.000829616146333922,0.004887311395653682,601
cg17102205,0.93443484232512,9.5366030345987e-05,0.0002738942801338018,523
cg17104400,0.9688149001609342,-2.9776847501023515e-06,8.950084791070623e-07,438
cg17104959,0.945576173402863,3.455905509621848e-05,0.00011048867125584838,581
cg17110767,0.9124743507888429,-5.381689687989942e-05,0.0006142798173829345,601
cg17116694,0.976962037225712,-0.0002974897534557693,0.0027940339999300567,593
cg17118391,0.97238063150906,-0.0004453506654832153,0.015504811145350406,580
cg17122157,0.050692742521548054,0.00011690359919061115,0.0010678500091723109,570
cg17124387,0.9651913358125812,-0.00011598598249083628,0.002931458081488092,594
cg17126555,0.7931589861770187,0.0004990022966562712,0.015183368961007027,601
cg17127769,0.043855014334276375,4.461433804652525e-05,0.0002851442938668347,590
cg17128947,0.02581008436010665,0.0013022490745107115,0.06450739813072237,599
cg17135822,0.9654058129182717,-0.00015900413096712066,0.0022529065060961084,497
cg17142149,0.9538689928468156,-0.00021025136302116012,0.009801704490977836,597
cg17142183,0.3545101285878793,0.0008798606705898351,0.007436765716788862,600
cg17143376,0.20869127823073905,-4.642221698489655e-05,1.5695402139859205e-05,598
cg17143843,0.9570710318252387,0.00015430774394759232,0.0020117360085353253,476
cg17146617,0.9048154315608192,-0.00012331652499039124,0.00026562382894745884,591
cg17150898,0.6728817994816177,-0.0010212519716936298,0.021738366658373587,601
cg17152436,0.9842884793805026,0.0001398894145169751,0.007726015863992131,261
cg17153138,0.06620254418223759,-0.00024564598045351445,0.005385911274039423,595
cg17165156,0.07067518108350879,1.3109656136658892e-05,2.8549719916171057e-05,600
cg17174400,0.85664513974872,-1.961132102031342e-05,2.9798557713789364e-05,601
cg17175419,0.8739162582009184,6.42924022789372e-05,0.0005949203408747161,600
cg17176209,0.9764546721527504,-0.00013650161210556496,0.0027470946296834775,529
cg17176676,0.9589367343980731,-0.0015391795345147366,0.036750479169134764,601
cg17178777,0.9556460533633737,2.278349373248559e-05,4.4590813822686926e-05,532
cg17181255,0.9731682870291911,-0.00037887269617539916,0.033926725232468535,600
cg17182817,0.04237182984397817,5.664481977887903e-06,2.384534989685605e-06,598
cg17184704,0.04388641667123451,-0.0001037684883379723,0.0008209716212423945,560
cg17185029,0.931547087098799,-7.003652406017762e-05,0.0005343437637502779,601
cg17185622,0.955007731521959,-0.000423245636996447,0.010092842796515455,588
cg17199181,0.9183772605318662,-0.00010842975235211691,0.00011129464660797339,597
cg17204557,0.9029127851513266,-0.0003605179043864597,0.016049795180780535,601
cg17207512,0.05970554727428405,8.020180561367767e-05,0.0013806504207525272,599
cg17209188,0.3969573330982081,0.0007063566913013898,0.004736416733651216,601
cg17213699,0.01595941475759332,0.00017299931877338964,0.004112199520044935,529
cg17219326,0.022649840332779617,0.00034244909270292253,0.012992434716579848,557
cg17219660,0.9920786942161299,-6.17364392696156e-05,0.002279565337138134,364
cg17220545,0.9060607808029141,-0.00015662448282101796,0.0025921582675516586,600
cg17222682,0.9163594707177583,-0.0002980025787181649,0.008350111025231532,600
cg17228698,0.7533666388522344,4.855447227280939e-06,9.763446936483788e-07,601
cg17240454,0.8497583158206384,-4.574084066700719e-05,0.00025675590542151294,601
cg17243643,0.9306603477794724,-2.4325981191918765e-05,7.067549637462811e-05,601
cg17258387,0.2911546801019684,0.000747534974980916,0.014882603955342022,601
cg17259265,0.9165806769719477,0.00012559455401205184,0.0015484513163551705,601
cg17261708,0.6826829825814249,0.0006031805991706358,0.0029255274936055287,601
cg17266581,0.9403717169555341,-0.00043193750930977634,0.001237453867767302,597
cg17275162,0.9607513437868959,-0.00010590706584787628,0.0021400410123959546,600
cg17276002,0.018641707430507668,-4.710231876556294e-05,0.0005122964763550897,352
cg17284531,0.049630142886307765,0.00020123510031671508,0.004862551934108783,601
cg17290508,0.981046010060096,0.00013190153503570828,0.0044363250090935225,193
cg17292100,0.9310201901685006,4.069140309457255e-05,0.00021461318300552978,599
cg17298704,0.8935683866957751,-0.0003886686269724734,0.0038062519804006323,599
cg17298776,0.9054880670341358,9.130502799288954e-05,0.00029365106076106873,599
cg17307919,0.9935309294416501,-0.0007335144434158135,0.028904216341453015,599
cg17309530,0.8461778181042706,0.00030233761126954314,0.0022971135497188433,601
cg17309904,0.030961484121522533,0.0001075610232417095,0.009109972425623725,600
cg17310882,0.43174063106002136,0.0006763318881772776,0.006173208110617168,600
cg17319795,0.25358488703549736,0.0007132101031462658,0.007361073149122044,600
cg17323982,0.8729873778914424,-6.623043198493061e-05,0.0004925347692585902,601
cg17330303,0.9809598441480373,-0.00011558984788699478,0.0015728378827175593,594
cg17333767,0.9240498495872009,-2.5572825455456875e-05,0.00017307915732900359,601
cg17342469,0.9840922099081679,0.00021989259862265228,0.07009934413521013,90
cg17342973,0.05825107462729241,0.0010189149236441016,0.031251465746140905,601
cg17344321,0.19894951735824856,0.0018364380959901643,0.04099611296289574,599
cg17346145,0.28198433320954164,0.0013229036900142376,0.05189163465160229,601
cg17346647,0.9393819724584326,-1.0755507210407548e-05,8.308107228849337e-06,594
cg17349352,0.059144035160143445,-2.8799917871703154e-06,4.166646760728199e-06,601
cg17351376,0.7451987049120211,0.0004494724325886757,0.013704914917117672,601
cg17355169,0.937935085378704,-3.9177916274394756e-08,1.30769284290011e-10,586
cg17360854,0.04600753193024029,0.001151376159142545,0.05462040262859402,601
cg17363632,0.904647509589257,1.0145361498527868e-05,1.676925713012256e-05,601
cg17367168,0.9870503344409735,-0.0003506173007750862,0.009013983126286873,459
cg17367884,0.7704037049719288,0.0005615680269214946,0.018019723868762716,601
cg17369991,0.01329545662159936,0.0011487777682854057,0.05981010241333451,599
cg17372758,0.8894696907084464,-0.00011423463398224502,0.0009205037493044133,601
cg17377658,0.9351144116317696,6.0507749630085174e-05,0.000806657246243736,596
cg17378342,0.9011182473256872,-0.00033379501203372483,0.001944528956852487,599
cg17379666,0.8811161279380336,-7.512552311742395e-05,0.00025309175950960494,601
cg17391877,0.900202272890351,-0.00019525934930602565,0.001628914156925565,601
cg17407629,0.9173195996006575,-0.00026796709747284927,0.0037384937107757255,601
cg17411190,0.09445323091984784,0.0005042509204629949,0.024381429219356154,601
cg17416338,0.183040519747917,0.0012290354918028292,0.03348482908372297,601
cg17418085,0.0708776563221494,0.00042962427303306835,0.02508966807769686,600
cg17430651,0.9732094959544408,0.00016658424859781717,0.0007813452004346022,567
cg17431280,0.16341945501629807,0.0004081184240722838,0.0006324338792521589,601
cg17439097,0.9962875199438985,-4.3243163912983615e-05,0.00217154490672411,214
cg17439158,0.9321505263583623,0.00013140994526625153,0.0028755240784348324,600
cg17440757,0.7424416231564417,-0.00024001721312864624,0.004074627792768681,601
cg17452316,0.903517043084929,-0.00021670192521214062,0.006324343323129367,599
cg17462560,0.9414778965903978,-0.0004096335163217037,0.02347151646163803,601
cg17463527,0.8447304256969266,-0.00036020949847764843,0.005930005430420993,601
cg17463564,0.8083608030616233,0.00019695344981187634,0.0034785914309359844,600
cg17465884,0.9650506945020864,-0.0001775418658691795,0.002237441050467859,517
cg17466952,0.96519074239625,-0.0001614298892979325,0.004160473188535074,586
cg17467898,0.30634208821951525,0.001354246595191416,0.01265118757798922,601
cg17469359,0.991122947412343,-2.3070603046281928e-05,0.000978700639233998,543
cg17469604,0.9783752442888062,-0.0002464626891133922,0.0051201380406562524,444
cg17473377,0.02821183424248786,0.001005580351633737,0.032062206983712316,600
cg17476101,0.8675401728968318,-0.00013194879306648944,0.0017390819585688666,601
cg17477700,0.949906159082215,6.654435364387698e-05,0.00042445977440064286,556
cg17479501,0.9016557228727896,-0.00020826474996493957,0.0013633655906009068,601
cg17491987,0.01689114114420492,7.673411499278579e-05,0.0029825597441487384,568
cg17493193,0.8867996821565517,-8.25127115809228e-05,0.0008625830690279779,601
cg17497608,0.872319107523213,-6.120764983348005e-05,1.9001176697397426e-05,600
cg17499719,0.9231259947974138,-8.875838797644468e-05,0.0005968966874567716,597
cg17503995,0.01840909307078801,0.00011404918989760998,0.005569709387109878,576
cg17514766,0.03494770776990009,0.0002509733722847938,0.008176394345859372,585
cg17517997,0.9288083254238214,-0.00010883372458832801,0.0007623344624140271,593
cg17518842,0.05125150364914443,3.993905921064224e-05,6.641616060865108e-05,584
cg17518965,0.006340579424378834,6.818298892821836e-05,0.008556904643525431,564
cg17521583,0.024941497178026517,-4.4647900522553446e-05,0.00010400697110501955,293
cg17524287,0.8361357285642969,0.00025995764351418606,0.004956604848581292,601
cg17526462,0.13819495495667483,0.0008853211951912259,0.030116904742432005,599
cg17534029,0.08190383498595932,0.0011372777111999057,0.020351118561788062,601
cg17546376,0.9397571381909409,-0.00014370833328929757,0.003537962227264213,601
cg17559156,0.9481003738554814,0.00011748358324835516,0.0029831830167375006,589
cg17560015,0.01043668001065688,-1.3530428645095287e-05,0.0003660548363415561,539
cg17565967,0.8593211242814373,-0.0005874488158914494,0.02914017891469367,601
cg17566541,0.32321012988571673,0.0013058290206337294,0.03489360608655345,601
cg17567602,0.9565888153233313,0.00013743440696978459,0.0011045785942352948,377
cg17568611,0.9713804870141876,-0.00018926617598031818,0.0039351484514802415,535
cg17577122,0.03926822699073451,0.00021820840596890398,0.02022562689029417,601
cg17578330,0.961141144482149,-0.0006648442665083367,0.0220721513108062,594
cg17583432,0.03832376036867715,7.59776561464358e-05,0.0010954389121671237,598
cg17589883,0.9885213730050432,-0.0002906008664009135,0.009491030897641695,518
cg17593958,0.15326876534279166,-0.0003375150369215821,0.0026444109327879994,600
cg17598785,0.9022614438141561,0.0001767916141918479,0.0010212607005470886,556
cg17600231,0.9563617743713287,5.99311866323304e-05,0.0005894818443994421,591
cg17605084,0.040159982493120076,0.0001728958804118637,0.01069690410435864,596
cg17607231,0.20259472185266666,0.00016028636633856185,0.0007436630401308486,601
cg17609158,0.06431061294549449,0.0006445603778955767,0.030807670541091126,600
cg17616537,0.9054520108865325,-0.00015152503801634534,0.0032474563025021164,601
cg17618872,0.7883588999424396,-0.000494526333438391,0.006723855446586602,601
cg17621718,0.04310704795467771,0.001015774389438987,0.012452693520129121,601
cg17622531,0.9527580545014611,2.001884327426312e-05,4.064496828226627e-05,552
cg17627654,0.06370481341090031,0.0008477888350209882,0.020252749758632005,601
cg17630044,0.9704756247977402,-0.00011375689778076598,0.0024008167489550925,573
cg17631779,0.9069159167775346,0.00023543144035978778,0.007677496266458528,601
cg17632096,0.9660730843579683,-0.00021063400229634783,0.0008371593588869519,503
cg17647667,0.886031939290927,-2.7272559126888126e-05,0.0001179986061310423,601
cg17649115,0.9290599425091904,-7.963382499252808e-05,0.0012073051597532025,600
cg17653203,0.05823060787402174,7.365650012639332e-05,0.00031120930595551766,593
cg17654660,0.013536161827028475,0.00012162619472930174,0.010347066309428943,592
cg17661601,0.9483387903042728,-7.333959292903746e-05,0.0007693735929927836,597
cg17667972,0.9295543394089562,-0.0003499859085374547,0.007440864284430804,601
cg17675150,0.9667900947849976,-2.344058853289325e-05,0.00010966745506346687,565
cg17679619,0.943832494466597,-0.00016418199589281814,0.0011717391934188415,551
cg17679980,0.9494972081920008,-0.00032543977513808025,0.007680608894069851,591
cg17681527,0.04492150188818613,0.0006144522440528839,0.016420039047047696,592
cg17687367,0.9515384094746167,-0.00022859759635137514,0.0043317495519619165,597
cg17693222,0.9172681052028702,7.708246390510684e-05,0.0014053165368224096,601
cg17694130,0.7197843538959507,-0.0009944390782865413,0.011128981634493829,599
cg17696044,0.21953069605194647,-0.0004700322735064869,0.007426148721405679,601
cg17697483,0.9936794873717681,-0.00022678174388702122,0.027383013948860224,495
cg17701168,0.08835021829859872,0.00019896402365437088,0.004498379931232366,587
cg17707057,0.08840419158269319,0.0001579223089148127,0.0011809509703790688,599
cg17719202,0.9618890819197741,-0.000345084370468228,0.014027190134076606,596
cg17731065,0.9407930769505131,0.00010433758989645131,0.0005988551794938735,528
cg17731973,0.9810048553395437,0.00010561506101955503,0.005712348767850872,472
cg17734137,0.9593797393187291,-0.0001292283049608344,0.00246922925817461,599
cg17734802,0.33267275744547414,0.0011885798513896575,0.012619713280874856,601
cg17742434,0.9266296097716187,-7.589584255164238e-05,0.0014783230339663334,599
cg17754782,0.06510065334453222,0.0009045597124005397,0.044155413157311973,600
cg17757602,0.006594474466662583,0.0003846084092326356,0.03391500924683333,593
cg17759329,0.9110444785358718,-0.000141307320342509,0.0008204729112242237,596
cg17771150,0.04533971246963581,9.44171531350856e-05,0.004070842083024995,601
cg17781464,0.9377290324933909,-9.543949877477403e-06,1.1814997507020308e-05,595
cg17796593,0.9337591198959698,-7.783048740165246e-05,0.00042059833887686526,596
cg17799295,0.0495351480749511,0.00031457759590966766,0.015663972202226706,601
cg17801930,0.9429828135597123,-0.00046735214842318155,0.013097576207224293,598
cg17806482,0.9539507063765202,-0.00031563853210018854,0.02448742861659403,600
cg17806814,0.9405308825682397,-0.00010917179470312063,0.0011784636786641434,537
cg17808635,0.9773476261206252,-1.664678584839132e-05,0.0002744048516806208,598
cg17810966,0.946608718397709,-5.1967900979394125e-05,0.00033608804321871855,596
cg17815669,0.9766683753798119,-5.8910746159425005e-06,2.637235588132114e-06,320
cg17817521,0.869370603445714,0.00028354564357290375,0.0028340729283444777,601
cg17818900,0.06698248971799638,0.0001379929317038285,0.007847491984409372,601
cg17823230,0.984728493620167,-2.8132138913604694e-05,0.00017788669609597463,153
cg17824906,0.8420374800765916,-0.00036704946957779883,0.004547000474731888,601
cg17826168,0.06131233698184314,0.0007094319389654206,0.04699575332624095,601
cg17826530,0.9917483784251319,-0.00016201452924652582,0.006447361412563524,364
cg17830204,0.35119958832191983,-8.567980528642147e-05,0.00018190161503273128,601
cg17834425,1.00286012933036,-0.0006034242793871284,0.010840341279995003,63
cg17836145,0.11710941317955316,9.548231352114096e-06,1.1640922372047058e-05,601
cg17839226,0.07497260629488467,0.0005761745207142731,0.0058725177257618055,601
cg17843066,0.9316196884180525,-0.00010012956715563388,0.0009178880159306235,599
cg17852507,0.9570746311196787,-0.00027106036560372107,0.002225523950227015,457
cg17853051,0.9519351761260496,-0.0003006555478667511,0.00036045412069429794,307
cg17861863,0.03290077278689116,0.0004976829354615881,0.008485382002641484,532
cg17868320,0.9233520150713436,-0.00023194069812191502,0.007812127493980414,601
cg17868893,0.9583014394300163,-0.00037063863214321317,0.015261960636833383,597
cg17870748,0.9404897387570926,0.00024576056720683557,0.003943330547157231,518
cg17873048,0.945123655628246,-8.306953336797472e-05,0.0007007281861698411,600
cg17873312,0.9633629634593095,0.00011555903649030918,0.0009292334603977492,356
cg17873645,0.9209699604280412,-0.000293321664756308,0.010308641273479746,601
cg17878351,0.9382994663433483,0.00022745936634948052,0.009377575691462248,600
cg17881208,0.06897312942345663,-0.00015425476200586855,0.0015815917860895201,589
cg17881542,0.8959104182115464,0.000172971393684317,0.002898879306126534,599
cg17884766,0.9106993913974801,-0.0005480189957158089,0.012975430761429929,601
cg17895018,0.010253102488388751,1.4069947351227064e-05,0.00036450180225167106,573
cg17898069,0.9239167517605681,-0.0001782729660547787,0.0033023050678030463,601
cg17903316,0.16399979264373893,0.0009080180020178291,0.016414680520276503,599
cg17910105,0.9473903327759792,-0.00029796425147840826,0.009267687119649093,599
cg17915922,0.9733155198775069,-0.0002620660946315371,0.006701160291056052,578
cg17923945,0.04681907787432717,0.0001225574691387621,0.0038491611361884948,601
cg17924072,0.023864591773662586,4.804450839119016e-05,0.0014443239084684922,600
cg17925360,0.0026231879495710827,5.374363631881467e-05,0.012919083385490637,558
cg17927583,0.9530562742485027,-9.489020879743176e-05,0.0007751447549044777,582
cg17934470,0.3179797448841491,0.0015540638662748343,0.0271882631719631,601
cg17936488,0.020929310057172197,0.00023449920401265155,0.01934803332345858,597
cg17937497,0.9918376786688954,-8.533251392849416e-05,0.0059856934006856655,497
cg17939889,0.08560692202835873,0.0008295778207079265,0.015016603334854328,599
cg17943647,0.9901704095093298,-0.0002929362387360894,0.009861134740179134,467
cg17947174,0.9866526828413449,0.00016685299353576253,0.01734226894821289,44
cg17947175,0.9649455778816712,0.00019983700272031078,0.0014707888261136226,588
cg17949402,0.06248958422265633,0.0005496291427314318,0.00883565911161499,600
cg17950435,0.02558310769074697,1.238434138863144e-05,5.722685342379741e-05,596
cg17957235,0.9135896705468549,-0.0002526075669947298,0.0035321254834626004,600
cg17958763,0.859325245551252,4.204587936743803e-06,8.233942292434904e-07,601
cg17970299,0.9334816987952456,8.417828167302232e-05,0.0002661087307272991,595
cg17976576,0.004420100942225682,-1.3981615715852903e-05,0.0012384242976581916,288
cg17979445,0.9563443218267565,0.00026295634281399844,0.008021564963142436,407
cg17979616,0.8695805598749516,0.000540719495062635,0.0056513278046042,572
cg17983632,0.9631608935799707,-6.829384851761727e-05,0.0005044858051305168,574
cg17989313,0.8755828740673244,0.00010552112212660394,0.0007947345124131866,601
cg17993073,0.9724171258817312,-1.3803404904178633e-05,2.2458642767619885e-05,521
cg18000693,0.9979751575363107,-0.00021744086289590168,0.002708052141035089,278
cg18008451,0.9404256521767649,-0.0005037515649894832,0.024354749520330676,600
cg18009710,0.8391167225526327,-0.0008847820237750306,0.020569943054723705,601
cg18011872,0.9895950390244982,7.845694454719696e-05,0.010824216113540452,259
cg18015809,0.9318952819207207,-0.0001313451428462266,0.005475881338981581,600
cg18017849,0.9785585695440279,4.172679945255044e-05,0.00010061509749359487,276
cg18021100,0.8762960137447026,-4.5198510911281126e-05,0.00012181569343838738,599
cg18025430,0.10437615584383897,0.0008944917737621155,0.014323089835209912,599
cg18031663,0.8987865417704052,0.0001097472936649673,0.001364427490156861,601
cg18038269,0.9743870297913582,-4.1752564083209846e-05,0.0011074251752265507,600
cg18040181,0.9746334047598677,-0.00014127897759809208,0.005591017346467164,586
cg18044543,0.2587178981784359,0.0017183185729446168,0.026690675072225556,601
cg18046677,0.9149684557373978,-0.0003031889377414275,0.004653549710241123,599
cg18049030,0.05308339763441863,0.000562799831090325,0.026068559040404726,599
cg18049182,0.12615532543536062,0.0014516006426931157,0.05649069988200761,601
cg18050804,0.9405069261201611,-0.0001447155882370774,0.0015765924419187671,598
cg18051527,0.11794228181815306,0.00044750326626288286,0.007031226169376792,599
cg18056695,0.0648619332819904,0.0017947324917572316,0.06522573567818757,600
cg18058230,0.10180428919645701,0.001647136968763268,0.05536318341665758,601
cg18060627,0.928407778787986,0.0001845774155971864,0.006323372654006287,601
cg18069290,0.004225533244602397,0.00013687867874789082,0.011080335849781298,450
cg18071071,0.16334874870521476,6.288644662176189e-05,1.1299891230831527e-05,532
cg18075011,0.9646194925320698,-0.00016989911680341952,0.01100261329561314,601
cg18080303,0.9108599704820481,-5.484934664275759e-05,0.00025727163020250465,600
cg18080532,0.9496803365175628,-0.00017258049507849624,0.0027822441564225864,590
cg18081760,0.11105693724035909,0.000656977333992498,0.019882013785110897,601
cg18085333,0.9767556961568559,-0.00017373743614209171,0.004883192210070608,558
cg18085435,0.8542380275344496,-0.0005486463108992587,0.01808864001912258,600
cg18085627,0.03000642747994737,6.081512449895261e-06,2.789078269227474e-06,433
cg18085683,0.935257098860889,-6.670291493381773e-06,7.907841848009411e-06,601
cg18086520,0.9462419186878082,-0.00010989728183705654,0.0014893746605167957,596
cg18087306,0.09022496128828691,0.00252445955931327,0.09765240877056391,600
cg18088587,0.9730091517576139,5.339099156212172e-05,0.0005671301179460686,458
cg18089519,0.959658121030762,1.933213453605225e-05,7.814399930927696e-05,601
cg18090390,0.9324087590929258,-0.0003204386673958286,0.007005737245112109,600
cg18091964,0.7049360601754461,-0.0037523241634271213,0.025555214531263082,601
cg18094824,0.02509177281201506,-4.323654708266463e-05,0.00014327172958839007,581
cg18095824,0.928659185818656,0.00012338105777316398,0.0012300541246917929,596
cg18099408,0.9942797897278776,-5.25509479530175e-05,0.0036626336132460358,578
cg18106968,0.9068360262015853,-0.00019498488664006062,0.00222100630691191,593
cg18113826,0.14051634844168323,0.0017487410950036088,0.0329029633761273,597
cg18116815,0.9561981954842029,-9.113810426896334e-05,0.0006800645121561866,578
cg18117039,0.10948873016862037,0.0008535860056370563,0.012799136276048895,601
cg18119644,0.9965044190574439,-0.00011032098548952497,0.018785206908839558,546
cg18126557,0.8736529629483983,-0.0004335472709260491,0.009369057202465059,601
cg18127159,0.9586697974140502,-0.0001224547419866177,0.0027549901581274128,597
cg18127823,0.9654725634828869,-0.0001823096040506531,0.009516480535175509,599
cg18132787,0.0326660875474669,0.0003787891390273265,0.02167786949076722,601
cg18137598,0.9969351898810631,-3.7182693970923645e-05,0.0003668611112528364,245
cg18142228,0.9591087348606219,6.719546624174837e-05,0.00019896663052376695,397
cg18145431,0.9756127136092402,-6.731576587353658e-05,0.0012258981277519787,568
cg18146737,0.9692547637393725,-7.505914696004904e-05,9.898718499845582e-05,582
cg18150469,0.9433817118315542,-0.0006435674588820874,0.0068238670288055525,582
cg18153957,0.9627495607419256,-0.00025685370700842053,0.005045235271733839,541
cg18155888,0.9474241178911689,-0.0005264204451591182,0.012463652580223195,601
cg18158859,0.21422542361144986,0.0008327040878351397,0.005015422172213735,598
cg18158888,0.9714166658279648,0.0001361052619884487,0.0017660555611812567,250
cg18164508,0.769689991319003,-9.756893483543501e-05,8.310504825514986e-05,599
cg18165707,0.9655306751577271,-1.0212653626916192e-05,4.020032102747262e-05,595
cg18169971,0.6538044300124893,0.0007294275010781242,0.008284185599109706,601
cg18173972,0.9733226478276443,7.339596340617357e-05,0.000851634555065206,347
cg18174222,0.9743071462416526,0.00011947513330184256,0.0032023815807394884,417
cg18181229,0.9685279141654654,-0.00016166227949073532,0.004152872946414199,601
cg18183817,0.9912430340667637,-1.811589581685332e-05,0.00032750547754600845,431
cg18185980,0.9309038834505885,-4.918385918772708e-05,0.00037088374883753605,601
cg18196829,0.9869705814090755,-6.836712223121146e-05,0.004200593706936373,599
cg18200075,0.8687185253887956,1.5704170821252262e-07,1.810185557005184e-09,601
cg18201077,0.010265265188349637,1.7359633580153925e-06,1.5851726858917559e-06,365
cg18205668,0.03607150475851821,7.125566894965078e-05,0.005207658181141106,601
cg18207099,0.9910436715892619,2.246581069636198e-05,0.00011909207885296702,35
cg18208185,0.9117650030866359,-3.85427300405416e-06,9.783343675184852e-07,598
cg18210128,0.9387737709801736,-0.0005604423123651656,0.036687001339518854,601
cg18218190,0.846658881502472,0.00011581766119368965,0.001485374704608633,601
cg18218772,0.8769638350772503,-0.0005819815200999515,0.015469974578367962,601
cg18235278,0.9281263877745661,-0.0005106639339062382,0.004723853500656405,594
cg18243542,0.9868760020680883,-0.0001869955692473477,0.0053434860017281816,371
cg18244817,0.05996220623962173,0.00017834414484143435,0.0013906916702008942,601
cg18246056,0.9826212790774141,-8.913810769957024e-05,0.002731552253105063,595
cg18250453,0.9351349184687656,-0.0001473356751533103,0.0013640340860869848,599
cg18257996,0.959616105102512,5.778024784413117e-05,0.0008863896244836189,597
cg18260341,0.030187397755482254,0.00011672592566533376,0.0036653682176778224,599
cg18260625,0.026663541230378677,0.00011579531798679015,0.004119238251194757,599
cg18262801,0.9115198220739554,0.00014608128292445939,0.002855937596029312,599
cg18266400,0.9573354575090279,0.00011283788783689138,0.0010715271511992919,559
cg18271581,0.9675555817412348,1.4933619093637e-05,1.610231480675406e-05,464
cg18273417,0.020567028088309132,0.0002226666079743217,0.01202788077915884,589
cg18277497,0.9671997069140619,-0.00016774145516759668,0.0032212607515174074,563
cg18281939,0.3592944284765879,0.0012661373815227004,0.01668009827982697,601
cg18285377,0.07811628431660589,0.0007815699935856627,0.05027799381161824,601
cg18290026,0.9605388602011845,-0.00028456728138572565,0.007617443969996751,588
cg18292904,0.9581903512899448,-3.431880434034437e-05,0.0002755603853312749,601
cg18294691,0.09686758848596973,0.0007476673150865478,0.01270518395474518,601
cg18297538,0.008239471742457186,0.0001605991293299582,0.007799651072378677,527
cg18303608,0.9162099145450858,-0.0009040846631030048,0.05090682394834356,601
cg18305324,0.7445914393938802,3.820174171648027e-05,6.215310710233624e-05,598
cg18306516,0.831259583419272,-0.0006771950664266037,0.01314861975842585,601
cg18316974,0.960695282660112,9.36537950681136e-05,0.0003629737362945695,590
cg18317439,0.29016885606881504,0.001736651789623068,0.034255044049194994,601
cg18320356,0.03441001800301036,0.000317731770670317,0.0029185232042580056,556
cg18322510,0.8430664371357978,-0.000669905326706307,0.0029598207422487643,599
cg18327319,0.9126606531954272,-9.698480547520253e-05,0.0016278431010494643,600
cg18328710,0.9603412472842615,9.115933040965995e-06,7.258666732234964e-06,458
cg18332838,0.9600181347565102,0.00010469353884962309,0.0017780213891475105,577
cg18334345,0.8786092916364078,-0.0006522188593459802,0.014704498423633638,601
cg18342814,0.8824033786328016,-0.00021849198117424392,0.002354070396738739,601
cg18348836,0.9501319008753608,-0.0006254734197849141,0.022894932110043897,598
cg18354248,0.9148754671170918,0.00026015086398708105,0.004930532661820752,597
cg18355311,0.911872786740144,-8.45911208838545e-05,0.0008382401928140881,601
cg18356276,0.9290192426952768,-0.0002899001586116892,0.0019658191291600513,601
cg18356785,0.995776196733219,-7.405743898774891e-06,0.00019556127160436088,342
cg18358136,0.9476340236984819,0.00029221853773204597,0.0023205706156392836,567
cg18361425,0.8680401033664856,5.123489864458737e-06,2.0008437776608545e-06,601
cg18364120,0.564356003205075,0.0007330763204977265,0.003952668139204696,601
cg18365406,0.9443569894767252,7.841719760736862e-05,0.0005180806437584673,586
cg18366480,0.9649038635435139,-3.6925465614570937e-06,6.75889310297606e-07,381
cg18367578,0.8919398781783032,-0.00023202397736668721,0.007038107905586566,601
cg18368125,0.9411078681795003,-4.438070637276347e-05,0.0005756466112215586,601
cg18369686,0.9661576977065051,0.00020666396151091263,0.005032833011849869,260
cg18383585,0.8697717236549266,8.953142838184116e-05,0.00020062544952403893,599
cg18384097,0.12330237208784178,-0.00036672647389633504,0.016068597261986062,595
cg18384588,0.924051115752435,-0.0003482809516272937,0.010834855674371036,600
cg18384778,0.06569161819402822,0.0024935753802627224,0.06428215915819324,601
cg18391442,0.9658555183259263,6.353855756249254e-05,0.0005054836324146494,412
cg18395354,0.9556778588622477,-0.00023319102298737497,0.003456567965768098,579
cg18397073,0.9973050223426577,2.2428995698304605e-06,3.797099331392939e-05,152
cg18400181,0.951641702386393,-0.0001320937361848734,0.002819173254291263,595
cg18400808,0.9860876131024826,-1.4403542557163036e-05,5.657815229331842e-05,178
cg18405262,0.871499207413107,-0.00020868370523056403,0.003380670667729624,601
cg18418051,0.1054067839477457,0.0002289858829410404,0.002954609651167228,601
cg18418928,0.8173470885293549,-0.0006798779811947087,0.008274434820913057,601
cg18421538,0.8904516870903433,-0.0007115777917296866,0.03137384629268214,601
cg18422587,0.1500788065384483,0.0001205831050121022,0.00026182105583960613,601
cg18424208,0.8526185356804363,-0.00013446000431648042,0.0001770742688126381,601
cg18429374,0.9623336024896557,0.00013090522167029777,0.0004632068120117294,489
cg18430152,0.8640332329021141,4.242661501103761e-05,0.00016599112252058124,601
cg18437209,0.05763772143409031,0.00021602456539149357,0.002691784773061645,594
cg18437633,0.9806599013942582,-0.00021344559578362416,0.005868867031631142,536
cg18440692,0.11555565869243459,0.0008454593153605698,0.01639491049537045,598
cg18440839,0.1610826952545506,0.0014588333220216182,0.02845317320186802,601
cg18444231,0.9908149381612957,-0.00046769064185582504,0.01157919249008621,341
cg18445715,0.9621246815719994,-3.452638629614973e-05,0.00010426821824482957,538
cg18447402,0.9013206684885114,-0.000642677149568694,0.022649994680892682,599
cg18448614,0.8443557611789764,-0.0004372077680303808,0.0025135580564317195,601
cg18449135,0.8638935714492784,-0.0003036745560687114,0.005550725272847834,601
cg18450270,0.9324802849026202,-0.0003058823498157946,0.01549581757254015,601
cg18454133,0.9816160354357852,-0.00038689830878591296,0.016146887627332185,598
cg18454973,0.9694964506907104,2.347366877784114e-05,5.269781463712597e-05,424
cg18455390,0.9834288542266053,-0.00017972195662583091,0.006266281923828831,601
cg18460120,0.8887707014716469,-5.109326288274954e-06,4.278108388433566e-06,601
cg18461635,0.8122923309289244,-0.0004880013292994361,0.004539987761447817,601
cg18466378,0.935124857542854,-5.611851172319592e-05,0.0004298767078733112,597
cg18468235,0.8955955839107633,-4.70043530311365e-05,0.00011272915884974477,600
cg18469224,1.0018781300961765,-0.00040088935946398503,0.010715495251935048,219
cg18472881,0.06868269365085876,0.00025183777620957717,0.0010018774706230804,601
cg18479711,0.9429836177049347,2.579004160933695e-05,0.00017747610306162453,601
cg18486815,0.9256804189970663,-7.419025927004733e-05,0.0003457901749026604,599
cg18489289,0.9510207979389205,0.0004060095735206073,0.008959929846993009,133
cg18489994,0.09037485276631377,0.0003455407432089684,0.008043877076752026,599
cg18490846,0.8090296747181986,-0.0009462778867527083,0.03649736006631221,601
cg18502917,0.018627225453338402,0.00021302871625568118,0.016437046729262383,592
cg18503031,0.8992862084481564,-0.0003305741739837953,0.00663354717918474,598
cg18520238,0.07312693450050106,0.000380912219538525,0.012825663589493774,601
cg18526607,0.10340815464405996,0.00037382085780017526,0.010926650295981721,596
cg18527651,0.19572270492021956,-0.0001287736475270576,0.0006652059890958073,601
cg18530568,0.054477044030944693,0.00032852083869246574,0.02015299581235308,600
cg18535456,0.8849294016662667,0.00010345249190726462,0.0005647034976904441,596
cg18537730,0.30771123006762024,0.0012920285444149768,0.014332104527251088,601
cg18538900,0.048958687605046,2.9858202433490158e-05,0.0003039191368522376,601
cg18546006,0.2084425727507397,0.0009667816333659228,0.01755107706115533,601
cg18554116,0.9119605261011918,-2.145270053843749e-06,7.699771972236036e-07,600
cg18554976,0.9877232982078299,-0.00021795987252775864,0.016409968330954983,570
cg18555277,0.017057895850046332,0.0004822728104926941,0.002213271914220716,477
cg18556420,0.6775845620492235,0.00043742697125195444,0.0035606255708970913,601
cg18556822,0.9236733722099293,6.975769487594184e-05,0.0013697678208806074,601
cg18558767,0.3564596617123558,0.001294669151277807,0.016054034308032428,601
cg18560264,0.9688325274211729,-0.00019965904204242402,0.005642215384594418,585
cg18560551,0.9834770166081516,-0.000434415467326983,0.021995273960580763,550
cg18561945,0.26545977255314457,0.0016403495503066522,0.04732567965103751,601
cg18563987,0.9098152258012788,-0.00012013892225970615,0.0029545668220951615,599
cg18564727,0.8178499878564065,0.0005605843541985017,0.01058921380689748,601
cg18566313,0.8782571354664471,-0.00037064824537030747,0.009312235660095647,599
cg18568859,0.9575451274676784,-2.341430265842752e-05,5.882426857617418e-05,560
cg18569623,0.2857182633966291,0.0009101016995516919,0.01795785448628573,601
cg18571045,0.25398242779255564,0.0017552106910358064,0.033465612625694696,601
cg18575532,0.9931829457160033,-0.00012922843042346751,0.01567669674823635,580
cg18576588,0.002763287685043926,7.154235757897762e-05,0.003237964448436381,460
cg18581405,0.03761833778697497,0.00010753082558753866,0.00798408227611136,601
cg18586886,0.008758055149538495,-7.240068302731046e-05,0.00963942782851479,133
cg18587137,0.929406973571924,8.926398135966537e-05,0.00015722423278263786,588
cg18588835,0.9810774150952047,0.00024140502107690727,0.013280366621274409,77
cg18590335,0.09834139424753546,-6.714296357898859e-06,6.126218307866971e-06,601
cg18595228,0.94681942328534,-6.598102677938915e-05,0.0005369238365137141,594
cg18597991,0.9212805816559834,-0.00025645402154152305,0.007695235296025005,601
cg18598117,0.27600170410350766,-0.0005126589960819351,0.0015629227378911592,601
cg18607411,0.8692936671894346,-0.0001903117430941848,0.0028375658161919892,601
cg18610205,0.03930446216723203,0.00016920837688456773,0.00543401473026861,599
cg18617669,0.927338514791705,2.3501219239936766e-05,5.3937520981928166e-05,579
cg18617679,0.04339918975170406,6.49917260127503e-05,0.0008552454385546415,601
cg18620571,0.9561877481687159,0.0002013326388895431,0.0018809590670765264,570
cg18621142,0.9481239638070805,-9.934487036104923e-05,0.0018582373097227878,601
cg18621299,0.04028360813037684,0.00012865550297628262,0.00262007698799116,595
cg18623216,0.20061524276862341,0.0006386454247242533,0.0148130805643234,601
cg18628646,0.9192664450268307,-5.306625018662104e-05,0.00012370428476105033,601
cg18630178,0.9635788937413864,0.0005860562944499507,0.009167997920280557,154
cg18637383,0.037903993247964576,-0.00010960395711416215,0.0008461983308996057,542
cg18638581,0.30435783746682704,0.0007165493515433999,0.009212648950705615,601
cg18642369,0.2678265528657648,0.0007391409078694887,0.005682502656542354,599
cg18649028,0.1534187116099705,0.00036831838222910787,0.008494123312866031,600
cg18649319,0.4375758999647378,-8.971519980863289e-05,3.479623417435018e-05,601
cg18649632,0.9706684201343485,-0.0004638269130028409,0.015541228457943701,570
cg18665384,0.8816253898912491,9.657015722749408e-05,0.0003121807295253243,600
cg18669406,0.06818793943410739,0.0002833210367904435,0.01378660093993056,599
cg18670236,0.046832721207632495,-7.264637876330735e-05,0.002161868509129472,601
cg18674980,0.1046453726816506,0.0009098890939465716,0.03752723908783684,601
cg18678231,0.9353896871539303,0.0001680150328082565,0.006737551896874194,596
cg18680977,0.9967731723632435,3.127737337674216e-07,2.0105941567205576e-07,265
cg18684207,0.008618725285155313,4.0654755904328715e-05,0.0021059221790242777,524
cg18686527,-0.0016481959283696362,0.0022076736129844603,0.07209370951837646,600
cg18695263,0.9367305708004278,0.00013776826469206438,0.002565723178255208,598
cg18696027,0.11887442253490976,0.0001695383680813283,0.0012272674095031855,601
cg18705931,0.05124791695061719,0.00032466403916687553,0.013112976523168896,601
cg18707191,0.9340004772070378,-0.0004022955136437249,0.008508539653020009,596
cg18707845,0.9252504663674517,-0.0007668408522154133,0.018898899303514516,600
cg18708810,0.9675645929500507,-9.978165115618557e-05,0.0008055465674288165,430
cg18723409,0.16841517936253075,0.0020648433056377293,0.03547553241844115,601
cg18724928,0.053471556024780154,0.00022768789662000753,0.0009962716535317773,597
cg18733690,0.9669811572366149,-6.236291719930077e-05,0.0003055200372337197,520
cg18734330,0.9150779161423562,0.00015119332947373084,0.0044615837001065195,599
cg18735089,0.8262792915514585,-0.000618495466660478,0.008783718631186987,600
cg18737136,0.9721055320223685,-0.000132983064340024,0.004840575262035851,589
cg18748062,0.930956770401477,0.00013725844925702554,0.0013197129698644394,588
cg18749404,0.8903591129011937,-0.0005782453759048447,0.0219664405245531,601
cg18749563,0.9995650711131627,-0.00011733186040005572,0.014540987191643762,374
cg18750756,0.05010566724636674,3.942508640680358e-05,0.0004119380782631188,601
cg18757077,0.956764430514539,-0.0002513104475588539,0.006859492917728804,597
cg18758585,0.057497621910298384,0.0003251690584949392,0.01021415878009535,599
cg18759102,0.024248061304683613,0.0006474423333621935,0.038069105329522346,598
cg18760876,0.9858726668466007,-0.0002242297502118817,0.0031603762557654846,275
cg18773129,0.9764187619794682,-7.791342055742666e-05,0.0010565268787575688,526
cg18776945,0.9720942558984099,8.438630705817817e-05,0.0006008802647783362,350
cg18788664,0.9881710542846648,-0.0002483848279748796,0.01029769356136101,590
cg18789177,0.9469772799686668,-0.0006117948291052085,0.011076635782075073,580
cg18792131,0.9901848018621832,-0.00012320534509153538,0.009107069393748835,572
cg18801945,0.14343611993996735,0.0019181124559356684,0.0194895813992213,591
cg18809126,0.8662055843629523,0.0001425843712997418,0.0017902750342358997,601
cg18831409,0.843622498140168,-0.0003392516047774717,0.0019877624968556162,601
cg18837947,0.1276636894635091,0.00023062545601489437,0.0006619234740260493,598
cg18842310,0.8825854338801667,-0.00014368229813725114,0.002391816501274846,601
cg18845718,0.9061010840122226,2.041993411708612e-05,3.2621060438997596e-05,599
cg18853490,0.1079855732766259,-0.00022495739375766308,0.0032193285814883232,601
cg18854004,0.23412485843006933,0.0003955180546288037,0.0027229684615269756,601
cg18854392,0.9649129693676367,-2.146571811448179e-05,5.38292678994301e-05,564
cg18855030,0.014465347473590285,0.000531477389055181,0.010971339413207049,573
cg18856478,0.98303873049922,-1.2443515203818353e-05,6.575362895944181e-06,234
cg18856501,0.9855826665683789,3.8806321060260565e-05,0.000267681658289165,241
cg18857899,0.9352932064196089,-8.64041121889289e-06,2.124282666104982e-06,494
cg18858144,0.8511309630141314,-0.0001412051550430629,0.001497433546528426,601
cg18860854,0.9544571342611748,-0.00015857264589021894,0.0021620861259733504,590
cg18864179,0.9487075045366311,-8.8106217465361e-07,8.20971549631011e-08,596
cg18864926,0.9986486842048509,-0.00010376872365241181,0.01776510583773261,380
cg18870258,0.9781723166955353,3.810957331851473e-05,0.00027003208162190706,334
cg18877961,0.9602376860659518,-0.0004745541012895595,0.019938293630808457,510
cg18880500,0.8976510791430501,-0.00015606848229333858,0.0017577950747417193,601
cg18881723,0.09313728440472874,0.0008479121522220638,0.026057991969901995,601
cg18881778,0.986790596927774,-6.985434500641372e-05,0.0015328051480255622,482
cg18886071,0.08276571969612752,0.0006134802334099878,0.018287695400391435,601
cg18887230,0.8419319583075313,-0.0008260937788450296,0.02072405173761238,599
cg18890112,0.009285520675969657,7.032922815970833e-05,0.003860294633712291,457
cg18890556,0.08604578014607661,0.0017509534044086467,0.05609969945784432,601
cg18890825,0.981628478195564,-0.0001126768233622112,0.002125711368433869,419
cg18892132,0.9394932199330996,-1.6910152042385713e-05,2.9123592517277253e-05,597
cg18899064,0.8740754668719284,-6.683505623197972e-05,0.0005283800235124092,601
cg18899667,0.9656452277239678,-0.00023655270537929304,0.009000740795697681,596
cg18900271,0.17839233831463172,0.00013726500666298895,0.0011522978734284095,601
cg18901104,0.06584404782922373,0.0003149780256461829,0.020856089383530563,598
cg18908499,0.03599376786637834,0.00029258390915139307,0.01275624510251816,595
cg18914751,0.9569674155490117,-0.00030388781542476127,0.006544738403774897,575
cg18917643,0.77177560590232,6.93378494641029e-05,0.00012755046037937756,600
cg18919017,0.8600835194268496,0.0001304839837680909,0.0009442052525941991,601
cg18921475,0.9359911279970478,0.00016284175763113,0.002564919984685443,578
cg18926409,0.16137364117158354,0.0007774684243144783,0.020086375897862663,599
cg18949409,0.07840207814303397,9.664928374468046e-05,0.0006853969535737248,601
cg18951862,0.9947315371278963,4.397472606419114e-05,0.018422831576158205,247
cg18955629,0.8952575998340292,-3.26162067248164e-05,0.00019204965241104155,601
cg18957070,0.8998720507455038,0.00013803578705621206,0.0034144170932302043,601
cg18958693,0.9945288783046282,-0.00028275297828375304,0.012314206196379796,228
cg18960620,0.09916414904524803,0.0006296289477026193,0.01747622609102295,599
cg18964319,0.2733698374850119,0.0009659700402048128,0.012481879195551215,600
cg18966140,0.9389124378832,-9.136174306274792e-06,5.775805588914551e-06,593
cg18976046,0.05739214161464653,0.0008803821619252319,0.0437609802976221,601
cg18982286,0.9943748964224838,-5.2090286188315516e-05,0.0037752558918036083,423
cg18982477,0.9660248939163396,-2.2997741227693663e-06,9.161179512773288e-07,568
cg18985499,0.9794137607734006,0.0001440042394822828,0.0016865216484124312,99
cg18990050,0.9492884101640738,-0.00039647635930572405,0.006372290249109236,601
cg18991240,0.07629825774012422,-5.1092230701279015e-05,0.00038249005069412867,599
cg18997983,0.3569727093750119,0.0013217352886766528,0.02185898710909273,601
cg19004465,0.9783229198010351,-0.00040812743208722715,0.04189414183474682,601
cg19005335,0.09132171784554033,5.416182155916876e-05,0.0004292071994038693,600
cg19008099,0.9593607860815551,3.7507263565037896e-05,0.0005639388369030884,600
cg19008720,0.07870700762297643,-0.0009476402741820298,0.036915990365994356,182
cg19014335,0.15263018074314827,0.0012029607619472537,0.02614462779967608,601
cg19021985,0.018762538597413968,0.0004422848148520167,0.007761051898476312,554
cg19022006,0.9960599675474349,-0.00014786933618409826,0.007952019516164754,289
cg19022525,0.929751957280328,-0.00036313472029664507,0.011120931933451095,600
cg19023977,0.9674816200408998,-7.476108850831066e-06,1.2725403419899806e-05,593
cg19027424,0.1400428834537405,0.0005528807769285214,0.00907039493040851,601
cg19028462,0.9195674856832119,-0.00025376765288778297,0.001798923050529977,600
cg19035966,0.9964437426961777,-0.00011787559664804161,0.01788806962289291,542
cg19037480,0.04824742022678243,0.0001238954030329231,0.003913358546218104,600
cg19044229,0.9965622524796357,-7.318334498832418e-05,0.0029147814709128417,488
cg19046730,0.9721290249158264,-0.00013759102370379208,0.004171361401231977,594
cg19048532,0.9786259889370323,-7.329088890139558e-06,1.3825257753730114e-05,599
cg19056418,0.05913201076373979,-5.972039679288498e-05,0.0012495757241930416,601
cg19060371,0.05018698419345826,-0.0003814312793414132,0.009417830049127884,379
cg19063834,0.8718428478033302,0.00035238341888990747,0.006342667725914297,600
cg19078037,0.9325830709191192,-0.00025213615109246474,0.008601028750385042,601
cg19089201,0.8621148134116721,-0.00021621816334357687,0.0009829017660140105,601
cg19089701,0.2559629108629726,0.0013246398128051087,0.020013905018594236,600
cg19091719,0.9440885579017121,-8.927090526076856e-05,0.0008677750958502317,590
cg19091784,0.011569152168561967,-1.1613689974379359e-05,9.333933784039239e-05,543
cg19091930,0.9262773574954624,-0.00017863440080982768,0.0017222619714146736,601
cg19093370,0.8907463012774206,-0.0011111031051369035,0.01124141610020124,601
cg19098437,0.9439045209479026,-0.0003460713219034523,0.020008619629427682,601
cg19107055,0.9300514598262914,7.741497519563396e-05,0.0017377661733182226,601
cg19108747,0.09240456589296947,0.0016470344527208317,0.04024022526209403,599
cg19115692,0.9581681820427468,0.0003156550637619401,0.010793306973888583,189
cg19116351,0.9639987800442131,5.864343573921984e-05,0.00027381793525382836,356
cg19127638,0.8384293820247791,-9.207673212917963e-05,0.0001073539199769602,600
cg19146711,0.8570705264676676,0.0003906170484909905,0.011688642790826487,601
cg19149020,0.8490457008930871,-0.0003476806122070793,0.0034100408252302206,601
cg19149693,0.9503504552593997,-6.970044630154459e-05,0.0006914681132783596,592
cg19163395,0.8501293542015149,-0.0008679815000394544,0.01661655305505383,601
cg19168192,0.11475106119587122,-0.0003276654302197049,0.013971881804735409,601
cg19170991,0.1309783657962192,0.0011247371186912027,0.023444563729731915,601
cg19171383,0.9594902747823424,-1.7312423674621024e-05,5.1156415794673116e-05,594
cg19182537,0.06232362936813339,-5.981310053897877e-05,0.00015959969845691369,601
cg19184885,0.9305483709916009,2.618367188685429e-05,0.00014947888290561817,601
cg19193136,0.19619309226545564,0.0007845453690149972,0.011741024693034285,601
cg19201723,0.9390854337286053,-0.00017979117623762798,0.003440471743445195,597
cg19212391,0.9487524825565468,-0.00013103206357953378,0.004856182304654566,601
cg19215110,0.8731986748791363,-0.0001305472340542826,0.0012407725061495123,598
cg19219778,0.05985986140537383,0.00016073914821500908,0.0011555416621534809,577
cg19220272,0.23648953990186772,0.00061602237354059,0.011004601618384457,601
cg19223129,0.9766584922968381,-0.00013576217246590486,0.00992594429269511,599
cg19224164,0.09241643637096839,0.0011340842637897806,0.032260161244221264,600
cg19233405,0.11795593824202129,0.00089566574565418,0.028158272843943344,601
cg19246018,0.9448837153706111,-8.504091856665756e-05,0.0019154926435400732,601
cg19247032,0.9061222183565112,-0.00022746130174501188,0.005636770904763555,601
cg19252369,0.9750732179879136,0.0002635029607831149,0.007187157592225435,84
cg19252956,0.018804025248322694,0.0002910851523562867,0.003779653095690949,537
cg19254118,0.9827830920138453,-9.620927335429612e-05,0.003339642043917568,590
cg19256813,0.9768070971606233,-0.00014523600057637361,0.010509912508431363,599
cg19263868,0.14504063581091708,0.0007785087377257318,0.02116297739669515,600
cg19266387,0.19795482870172426,0.0015593659273915681,0.0271133402764393,601
cg19268119,0.04151401550237668,0.00016002493247881032,0.0013891108084649328,558
cg19268695,0.49015208021855944,-0.00033009073707662955,0.003003980349904234,601
cg19272438,0.9433438510034219,0.0004894293485158135,0.012716881634636912,112
cg19275091,0.9241920228215625,-0.00043259973601679025,0.012220131593742245,599
cg19286631,0.9402549282216494,-9.549044422808324e-05,0.0007361071416137621,567
cg19292222,0.9684502479815427,5.55700641367072e-05,0.00020820733501758504,364
cg19300307,0.8631055877949021,-0.0005960377506928809,0.014643094178643623,601
cg19301897,0.05331851164859211,0.0005883822977360831,0.014221510483914512,596
cg19302441,0.9255744312744897,9.957475029453452e-05,0.0017200569229631757,600
cg19312667,0.1477079467746532,0.0009477919857361608,0.00255924259755802,601
cg19313221,0.9275433547647554,-0.0001723142574885258,0.0045298751590028274,601
cg19322825,0.9683828367314655,5.83948335073831e-05,0.0026485888376795996,587
cg19328485,0.8898863513084677,-0.0006209944960131208,0.01168088842986914,599
cg19330213,0.9511475554534087,-4.1766798087292094e-05,0.00030416071649697063,594
cg19336198,0.6862866105106046,0.0002799678268552231,0.0015003933192734298,601
cg19343707,0.03396888391329439,0.00013580130828450031,0.0067865114056390174,599
cg19350115,0.8995189908496396,-0.0006390195599646675,0.010658118550072149,599
cg19357094,0.8711145886048295,8.748107045843155e-05,0.00029237171428520004,599
cg19366479,0.9331735034307186,6.0063288914193416e-05,0.0006143437226330262,601
cg19367176,0.934273474337088,4.102865787176407e-05,9.10759660874838e-05,582
cg19369955,0.21278407018381024,0.0009490741675401274,0.009610894355782884,601
cg19371203,0.9229132009258533,6.0679407282632566e-05,0.0008150684804486552,601
cg19380295,0.9412775721753565,-1.6356363036326174e-05,2.1286136873910344e-05,577
cg19380394,0.9418743438946472,9.646381774234571e-05,0.0009580173361449784,567
cg19389641,0.003877620131720905,7.937601481269683e-05,0.007951637543604395,432
cg19402230,0.9621723092412886,0.00022713988101505928,0.008020558126363486,385
cg19407392,0.6346105221905668,0.000863980651093845,0.022709094797247142,601
cg19413725,0.9643501337393694,-0.000484384946485272,0.020266192101988878,594
cg19416290,0.93153293957361,-0.0006171204407535965,0.009522761045003048,580
cg19416462,0.9522929783068343,-0.0001369366169213212,0.0024053261128165193,599
cg19419519,0.8905453318098229,0.00013988872067666094,0.002304126662865058,601
cg19420720,0.6600235763856052,0.00024257018110477842,0.0014921191105100595,599
cg19429405,0.42993473714977404,0.001218184599909271,0.0104950327429989,601
cg19431009,0.9931697569322508,9.684539117690695e-06,7.872372847683717e-05,157
cg19434183,0.06067107968979685,7.332317650349786e-05,0.0014730954659828432,601
cg19437852,0.9697399561967001,-0.0002334143193862553,0.008987417309076151,594
cg19438699,0.9041611739235026,-0.00021668100330092755,0.006829687831592213,601
cg19440734,0.1954548511573043,0.0010072340281194775,0.023774078572281088,601
cg19444998,0.926455794838865,1.7226344538923532e-05,6.294548379148779e-05,600
cg19447962,0.34169209430965175,0.002209831790771219,0.0362433696622263,601
cg19458020,0.9291509095281236,-0.00022126854669914353,0.003241781124482146,599
cg19459094,0.07487072069420748,0.0003170569514348152,0.008318298429435989,599
cg19465159,0.9873018918638865,6.083311897893909e-05,0.0026374263279366206,202
cg19471856,0.9024100973430541,-8.380332193186905e-05,0.000602259433074126,600
cg19472786,0.9126262801519949,-0.0002528857641568903,0.009391228666811635,600
cg19473656,0.8983153293111459,-0.00015186641866639803,0.0004289153971158699,601
cg19475108,0.9361766558999366,-6.42783512736301e-05,0.00024654326298012563,598
cg19479609,0.0711616515983514,-0.00010469728657280566,0.0014989686583161133,601
cg19481052,0.7296774793491424,-0.00025505939078470746,0.0008441451262555244,601
cg19483663,0.9557800500199621,2.95247197572732e-05,0.00011485158078228253,585
cg19488093,0.06039028280476196,0.001027269847421264,0.07784174286989187,601
cg19493250,0.9739932950915028,3.908909756040329e-06,3.1176882349104318e-06,507
cg19497767,0.9077507400124654,-0.0006059845440385053,0.02094073130097096,601
cg19501909,0.033337451730373883,-6.298999944417072e-05,0.0017885006668345582,594
cg19502050,0.787316561945309,-0.00041319781259922805,0.009672223680417535,600
cg19503640,0.07399142590873216,0.0021333282385773314,0.05808033647364408,600
cg19503826,0.9454712932433341,-0.00013039742115822925,0.0012090243705614734,583
cg19506623,0.9871801609426067,-4.9117936518231255e-05,0.0007193136581500337,373
cg19507217,0.9636526153374657,-3.136649130479929e-05,0.0002840381739126485,598
cg19508985,0.9009990084436306,-0.00039934542988945986,0.004348447432176439,597
cg19510206,0.9767263520274273,0.00026878193578688705,0.029198220584393808,160
cg19510931,0.9747428957726029,-0.0001191267623580268,0.0019956468513235848,501
cg19519319,0.03214688880161773,-4.2361117677750326e-05,0.00015926951056910443,517
cg19520372,0.9128520364716696,-0.00012186057972951872,0.002684110957387187,600
cg19521279,0.8604305722087363,-0.0004024544931083696,0.0054848839244000525,600
cg19521311,0.9562625867713813,0.00015082142830810728,0.002133503589161534,463
cg19522050,0.9878170351786252,-3.332700162471658e-05,0.0003737010259159401,560
cg19524824,0.9619860055777477,-0.00018208536709693677,0.00301522995844139,560
cg19530831,0.941900334244028,0.0001202872816580959,0.0032727729630951385,599
cg19533977,0.009247179474569683,9.455036304470448e-05,0.0032570722462318402,386
cg19534021,0.8929164215558222,-0.00014436701321247363,0.0008434751964039311,601
cg19534149,0.9050462819799903,-6.996844003468121e-05,0.00012013099432284235,591
cg19534906,0.9519801627081734,4.4264634186895844e-05,0.00020861549969719562,571
cg19537932,0.9643769003665088,0.0002453803406202996,0.006592466846451317,267
cg19541865,0.8985967245279656,-0.0004934746805314655,0.01278414037783182,601
cg19541916,0.05224450656977557,0.00018166364620135942,0.012481218485580703,600
cg19542403,0.9410894111634931,0.00013477898408585784,0.0015534422331912046,601
cg19551589,0.04163584560459,0.00013901250560652354,0.0007399355342243563,584
cg19554281,0.9237051716915893,-0.00032294005936291895,0.008894910755243068,601
cg19555988,0.8708166827270893,-0.0009322140438994963,0.046951710766206634,601
cg19574297,0.9090767956713863,-9.821043021357598e-05,0.0010206585082986885,601
cg19580263,0.9150687839039302,0.00024390204006328434,0.01676420442347759,601
cg19589060,0.08620053651919303,0.001285960758247723,0.053391356803654144,601
cg19589427,0.9398757217305753,-2.1827140950935286e-05,7.453679287150461e-05,598
cg19590532,0.050699088581788634,0.0002328185492959963,0.00713621770243511,601
cg19590652,0.9845993846704819,-0.00020840640879382869,0.007592805916786349,520
cg19592502,0.9901776949759622,-0.0001324808596365678,0.001356350045110255,592
cg19599972,0.9558088535609488,-6.412502765873351e-05,0.0006086363889976631,580
cg19611193,0.05085742572179027,-0.00024946685503340774,0.0029840801892386803,334
cg19617213,0.01534899006618675,0.00011551077316617638,0.0035712943061637636,594
cg19618438,0.8783231836559294,-0.0004016102869023641,0.018338151598843555,600
cg19619416,0.9181461927175691,0.00010406496416779802,0.0021171850801674497,600
cg19622422,0.8933987247474785,-5.760005721029301e-05,0.000429660232750928,601
cg19622662,0.10911053380082557,0.0006848849330508362,0.020397088797006635,601
cg19637591,0.9072548607139975,-0.00042227956333401915,0.008790391064809056,599
cg19640007,0.8652100589438356,-0.0005254068440678106,0.007873559951636633,597
cg19640821,0.21049878608657746,0.0006397253197534235,0.008243054851124088,601
cg19641924,0.9113497172619069,-0.0011210347706464504,0.05116205962897524,599
cg19645616,0.9317730677353273,8.786718842972701e-05,0.0017694873007886303,601
cg19646729,0.8542099799800851,-7.1518118177716104e-06,3.3944727190204915e-06,601
cg19647607,0.8832830059874963,0.00011291456239092235,0.0007004271352925029,601
cg19648552,0.8861951042663953,-0.0004127565055696583,0.010404401412511755,601
cg19649172,0.9316426545835785,9.962941219611385e-05,0.0026313460000292332,601
cg19649900,0.4248909066653264,0.000961092591554926,0.02009485756060525,601
cg19651184,0.9691043348562236,-0.00015772779727917413,0.004848055717746824,593
cg19663795,0.06639691880236454,0.0001312143692416581,0.0042943613121884106,599
cg19666555,0.990124525275893,-0.0004342025478362308,0.013849180871442823,338
cg19667460,0.7571945113662107,-0.0006684638244841407,0.00797391560048144,601
cg19670883,0.1106921996831946,0.001377706943186149,0.03437918032274967,600
cg19672685,0.9297510619745978,3.895599466039052e-05,0.00036496640959404747,601
cg19675103,0.9620760396061915,5.626495926763643e-05,0.0004146897485146628,549
cg19675731,0.0518735584815997,7.498544701436526e-05,0.0019639060330768343,601
cg19676100,0.9771749173365575,-0.00038369658231077387,0.00995033351913932,481
cg19680277,0.9063393551693153,6.175722863944247e-05,0.0002025968250877197,596
cg19682249,0.9068985854274207,-0.00026502052141212987,0.005895435256139558,599
cg19689330,0.6389212703819765,0.0008221348154610625,0.011116719020907273,601
cg19690494,0.9706443111199204,3.3552672306293854e-05,0.00024166783371704081,522
cg19697559,0.8910728614733266,4.4718119968611455e-05,0.00029977940122438707,595
cg19698099,0.9575986120623808,-0.00011951705605731347,0.0005396741102479119,475
cg19698200,0.9806671928304974,-0.00011725320894708583,0.003986780180346594,531
cg19700682,0.8370055333965101,-0.00047636914157697874,0.019661542651451147,601
cg19704755,0.195739184562723,0.0016818879064839697,0.030561313810930746,599
cg19709585,0.9849316529447741,-7.474352608390571e-05,0.00240723375945473,580
cg19712586,0.027870889651111272,0.00016544540332113432,0.001762010071720499,579
cg19718309,0.06273815750420095,0.00046378032394335755,0.002431217408790043,598
cg19718393,0.9687794867443169,-6.751711639964693e-05,0.0005819761623908626,540
cg19719207,0.9150708525239485,-2.6959342468122214e-05,4.425116470108126e-05,589
cg19725377,0.31722346123352324,0.0009370542909938859,0.007091690517725846,577
cg19727767,0.9756120046404997,0.00015673603912456905,0.01070429241911297,531
cg19728345,0.09214427926851147,0.0005070097678602362,0.010577298646197275,601
cg19735250,0.9945427786585441,-5.3544289350650944e-05,0.00577651473303975,533
cg19740707,0.981492539930858,-1.8584404258674194e-05,8.59454354601441e-05,421
cg19746186,0.3049652264814517,0.001152411242586911,0.013361663055478257,601
cg19747990,0.9448289587602109,4.9698961863744995e-05,0.0001400778462493646,527
cg19749538,0.046857816518357444,0.00021318673976201255,0.0008772719630397718,582
cg19750321,0.9177660222931876,-7.075983972391222e-05,0.000990378155001137,601
cg19753607,0.9683411402670171,0.00013798735824214193,0.0023415789697918132,396
cg19755435,0.22578165119724433,-3.165235474879416e-05,1.8748970645909857e-05,601
cg19755714,0.9557081316599778,-0.0005078844037058788,0.011462215720718483,592
cg19756313,0.8672992763477668,-2.78975034379727e-05,0.00010618730245082197,601
cg19757422,0.9506880539642867,-1.9720455842222876e-05,7.755372203688271e-05,596
cg19758142,0.9617465582127168,-1.1521506612184453e-05,1.4542142787954404e-05,559
cg19758848,0.9603974143100977,0.00012548985825730177,0.001325177580425052,533
cg19760666,0.9937733260955766,-3.934352311004871e-05,0.0010824226623815658,252
cg19763774,0.9613843471791299,0.00025246159670234795,0.0021866520320266147,53
cg19766471,0.1798152798335171,0.000270755748124009,0.0016185800208761147,601
cg19780352,0.003648880262316405,0.0009326548878907037,0.023776756616176398,601
cg19786751,0.9401347612773541,-7.81963219013429e-05,0.0015402107068006599,601
cg19788250,0.8234255580451703,0.0004457327957502105,0.012101779735167462,601
cg19794481,0.9147537130666217,0.00020460943329422701,0.004156866736163112,601
cg19795556,0.9894896591911289,-0.00019747861066069596,0.007011337793884964,368
cg19797087,0.017547007609357415,0.00019907980626959168,0.012644531781393686,583
cg19797516,0.957372152537255,3.433853177118397e-05,0.0002273550914779765,588
cg19798702,0.9445183139606037,-3.5801334517117475e-05,0.00020220312290020193,600
cg19809636,0.025758452060072802,0.0001731092747163378,0.005535778473727659,588
cg19811337,0.9705457083406658,0.00010462205348476503,0.000956443295762166,544
cg19811994,0.9020939110075198,-0.0010062451190301952,0.035310846603976875,601
cg19812944,0.8975878609946134,-0.00012696797412721427,0.00243313685170532,601
cg19819320,0.8373903974039413,0.0002259644704141787,0.0031285119786401694,601
cg19822764,0.9552786456501925,-0.00015334833925552722,0.006084877205907335,601
cg19826026,0.06268396277127614,5.267521235930327e-05,0.0002182360360868385,597
cg19827875,0.9223166552511565,0.0006761384801285923,0.016692523661407943,588
cg19829001,0.7572279506069186,0.00027636622020997905,0.003350212099905492,601
cg19836174,0.9112473269836544,-0.0002070332781269346,0.0057016931736129095,601
cg19836199,0.06206491075955094,0.00033363691606333744,0.005542364981143244,600
cg19839825,0.9191256854291217,0.00029900516983819437,0.0021091484588043885,599
cg19841653,0.9869974691649127,-2.3887617348436188e-06,4.7380064840396585e-06,556
cg19851816,0.195553441439328,0.002240912528876912,0.0412092905324144,601
cg19853565,0.8953503801951815,-3.755003369197961e-05,0.00019430874739201354,598
cg19854698,0.9627793045167661,-3.439902745201944e-05,9.403069979740941e-05,541
cg19856705,0.9824092060943738,3.03906180708862e-05,0.0005454367904188517,562
cg19860160,0.8412867143377898,0.0003275249394485063,0.008059724296770487,601
cg19860717,0.947970287711039,-0.00010649015519793643,0.0006337835976680806,564
cg19861260,0.04272366681513108,0.000509955353172401,0.011764592170332988,588
cg19861858,0.9193241446248956,3.0957869896038844e-05,0.00013169065491991372,596
cg19861914,0.9053022551667028,0.00022784089987604666,0.007312945980108787,600
cg19865727,0.9589027233227287,-0.00048347756605925324,0.024562706984118998,552
cg19872463,0.022476894435572676,0.00013239735226861998,0.003993578488987626,584
cg19875535,0.9529219826437774,0.00023881044007738005,0.0030726526632131046,295
cg19878326,0.8923753275496568,-0.00021070944630579173,0.0011268000776736287,594
cg19880790,0.9193754867040717,-0.0003446160421756128,0.019810865538646416,601
cg19886655,0.2027261631124934,0.0024092597833910005,0.06306734612009512,601
cg19889066,0.043254567883660146,0.00011812833253800258,0.0017348709888965752,577
cg19896129,0.9593400847753623,-0.00034126875194405096,0.011438592732419539,574
cg19901523,0.00836309547549238,0.00010955844021432479,0.001966070390158614,444
cg19902697,0.046369947270881416,0.00015870276225801418,0.00377078036034717,599
cg19910610,0.9445149510945325,5.7813279202801024e-06,5.125176416265198e-06,596
cg19911494,0.9116724211302046,-0.00012766817265330392,0.0016642812610975222,598
cg19913426,0.10192098579486364,0.001431941770429912,0.05048172147109076,601
cg19918549,0.17168343903466582,-0.0005284261129412516,0.004402736995428924,591
cg19919590,0.04663956564278842,9.477921721532823e-05,0.005744176909472265,601
cg19921377,0.9528716606177806,-7.837933350925018e-05,0.0013905978339409097,599
cg19924540,0.006048434656109053,0.00022135694918950277,0.020691186856916954,578
cg19925186,0.11779184769234778,0.00029539590579101186,0.010796235111427355,600
cg19928703,0.9171795376757548,-0.0001579945863758371,0.002662254620272475,600
cg19930203,0.8884971898355172,-0.00032291483354721307,0.011198364228891755,601
cg19931491,0.9530759618892477,1.1555716807466784e-05,3.5675608369478695e-05,599
cg19934194,0.9737144197649954,7.587618191593311e-05,0.0008042104332514066,402
cg19939130,0.7509596723921708,-0.0002879910621669265,0.0037403005202079065,601
cg19947463,0.2600976608455764,0.0026939237671384213,0.04556805896840588,599
cg19948701,0.10318192400741494,0.00018192097500304192,0.0032894937809152536,601
cg19949931,0.9154753262724444,-9.149300212511212e-05,0.0009056026502121117,601
cg19951424,0.048978708151717676,0.00026555702113857573,0.011656137358896146,601
cg19955173,0.9115887611041391,-0.00021825276647705196,0.003333361615838082,601
cg19958593,0.8665787674090476,-0.00023233147688811866,0.0030861669601520703,601
cg19959477,0.928555414053383,-0.0006037969192452528,0.021331694956893243,599
cg19966212,0.044483451878506185,7.308070495055511e-05,0.00051922565389384,559
cg19972068,0.9841659491028139,-0.00011315542457708676,0.0013330978259874504,245
cg19972193,0.893063433277503,-0.0004796414996603993,0.017105150127552093,601
cg19974227,0.057411097169803096,0.0003136757980749812,0.005522498508255369,598
cg19982684,0.3410272721349875,0.0011069659966070412,0.016873008916623244,601
cg19984911,0.9000804868541146,0.0003966816909472625,0.009963887396817639,595
cg19986012,0.9726250785656755,-4.1175086683022574e-05,0.0007434855370527238,599
cg19996406,0.9111072648681785,-0.00017736189574223157,0.0039283375764012085,601
cg19999161,0.9661581497349747,-0.0001523551861779072,0.008740676110425505,600
cg20000107,0.9316087194965368,-6.804357358508297e-05,0.0007714964054659212,599
cg20001775,0.9508140863347014,-0.0002574846040024453,0.003889262319485942,567
cg20002843,0.3172020371755198,0.0009766577744582702,0.023125245290926744,601
cg20003050,0.9601195412945435,0.00025538389568224813,0.0015942496822667351,93
cg20003329,0.985930676919008,-0.00016789587307197462,0.003975128000589412,311
cg20021572,0.9236031205797622,3.524959394396141e-05,4.096493007033075e-05,570
cg20036996,0.9449862303170703,2.5816462872484483e-05,0.00021214596933449847,601
cg20042662,0.9678086905442068,-0.0006494552265117082,0.03430546847812144,599
cg20049422,0.35678716759942875,0.0015858468403023164,0.027994445917066457,601
cg20054182,0.9569846905387647,-2.8684139587828345e-05,0.00019804426119385266,596
cg20056908,0.8536819678374671,0.00021385997449948995,0.00395577540191705,601
cg20057103,0.883679563738805,-0.0002730816911068106,0.004914145297891581,601
cg20059312,0.9441759521750145,-0.00017964893359607566,0.008661217386557563,601
cg20066782,0.9562575001219606,9.352392435517712e-05,0.0012686391820927456,588
cg20066792,0.29815277347953206,0.0009332161085431898,0.018963943501618674,601
cg20068209,0.0974440451637898,5.0425805582824826e-05,0.00032379990586706153,601
cg20069407,0.20618222371172307,0.0007219799226730423,0.008598124994656398,601
cg20069765,0.9336233413763552,8.789863243298522e-05,0.0011296776208290504,598
cg20072118,0.16562927302414276,0.001954275257342876,0.07440287174117444,601
cg20077343,0.9469362221989076,-0.00023847169516350353,0.00782838560369703,601
cg20079298,0.9698863451378632,-0.0005949628521800924,0.009347389898569425,599
cg20090497,0.9305755328759765,-0.00014251765652534577,0.0015958178473199913,597
cg20091795,0.14812576309363737,0.0015950631786161083,0.014104466059040144,594
cg20098854,0.08139453264797769,0.0015866960011421559,0.03866589698014811,600
cg20102336,0.04990461775797656,-0.00010967381122469604,0.0020206262977485734,595
cg20102877,0.9600999320939644,-0.00011903104170543872,0.0003823989462733435,588
cg20104116,0.9362833661067306,-0.00027870650662387776,0.010877088559275605,601
cg20108600,0.8964249876692969,0.00018059340862738526,0.00512275018235453,601
cg20113693,0.9927040739801112,3.084838785962157e-05,0.0019136929826452098,310
cg20114113,0.9581652956756614,-0.0003670476329242036,0.009090179225547446,598
cg20116828,0.003485503765574823,0.0005111638332461944,0.035195452684163686,519
cg20124336,0.944222931842387,0.00029368451663201294,0.004204820156958333,319
cg20127102,0.9240142403233638,-7.44643248149407e-05,0.0010820361929750888,601
cg20127207,0.9714492837331722,-0.00024647811120277627,0.003740408979103216,523
cg20133901,0.25243653860448345,0.0008924272659887251,0.01984105056387786,601
cg20136100,0.06599815297893698,3.791432467624632e-05,0.0003012670814015461,601
cg20139336,0.20044770166484613,0.0004665680285809632,0.004963472517076739,601
cg20143111,0.08840231952348825,1.604259944823907e-05,4.9323036092840944e-05,598
cg20151476,0.9738047123522641,-0.0001868581002703643,0.005305430983508885,571
cg20152430,0.9419003029355795,-0.00086266757979438,0.012412582228971791,594
cg20153240,0.9252549156899015,-0.00021241345637627865,0.007186907769039408,601
cg20154143,0.0635331835574306,0.0007660104873156822,0.023622600179514675,601
cg20154457,0.8937196375330791,-0.00018311593529811917,0.0006917918958393443,598
cg20156353,0.8270193483504278,-0.00034154741794247196,0.00974758211142801,601
cg20158867,-0.007321613685645118,0.0005502095120295454,0.05751599007940644,491
cg20164964,0.9634135327244148,-3.656843617509744e-05,0.00017712514619960817,584
cg20170223,0.012291504963350335,0.00022420943273941123,0.012045199220539815,484
cg20180538,0.8750060238706188,9.688356121824903e-05,0.00023028084233145396,583
cg20181887,0.3230923846249311,0.002056187566424145,0.04212753863047147,601
cg20187047,0.8764678260027007,0.0001765401221919332,0.0014067301694010714,601
cg20190922,0.9424481122755725,-0.000276736141691926,0.01558035362459309,601
cg20193839,0.932308762696432,0.0001459329614308606,0.005952152742780603,601
cg20194973,0.3140770733833136,0.0009808753470260563,0.014250507474306562,601
cg20198183,0.8891121648950826,-0.0008469059783731643,0.027275314882412416,601
cg20207973,0.8965394343233231,-0.00018513049369341537,0.004692466798558059,601
cg20215257,0.880866310796353,-0.0006587059993378786,0.021241934027828147,600
cg20216309,0.9410511051302412,-0.00011098290497450528,0.0016219609931208412,601
cg20216982,0.9916041169678267,-0.00016930455952524718,0.00456823532824624,183
cg20227806,0.050646150790054724,0.0003815168369523389,0.021144819419134375,600
cg20231021,0.9718260629372404,3.1059665738021265e-05,5.870118051998219e-05,474
cg20232662,0.011066757313325674,7.051173808882781e-05,0.0011317530132304299,252
cg20234910,0.8778806515289339,-0.0004699813063993474,0.013305433114389698,601
cg20251225,0.13487262886436335,0.0015047929857853835,0.02774164215674535,601
cg20261366,0.8388121118487778,0.0002404760625754162,0.007301595467683053,601
cg20268352,0.9448532307126158,-0.0001380584964291744,0.0030591597313246455,600
cg20268689,0.9104549121704864,-3.57937869972008e-05,7.213892934909705e-05,601
cg20271602,0.9430081640581615,-0.00011595131146359645,0.0029090506816894512,601
cg20272146,0.04145129590005602,4.650024388731371e-05,0.00021294786546566247,584
cg20274304,0.9748567328759261,-0.0001861223673197847,0.0024989615585790936,586
cg20281375,0.2920211839907641,0.0007028832849178886,0.009487471195548158,601
cg20282814,0.8479050164798845,-0.0007465733940255668,0.01132964426046279,601
cg20288000,0.9674823535545207,-0.00017266555418457417,0.01679253819647042,601
cg20289045,0.9699247086836343,1.1928323081082346e-05,1.6122204497315273e-05,510
cg20290145,0.9712777981030993,-0.00018259381062433815,0.001964171653658253,345
cg20290367,0.976560199027873,-0.00017921684208576782,0.0031961488729350673,530
cg20293650,0.034589400712583596,-0.0002522960687370375,0.007834836598427541,115
cg20299002,0.007320088124651311,0.0001244642261866035,0.0036080779501711513,115
cg20306863,0.13885808824435553,-0.00010718075755202553,0.0003647963491975048,601
cg20332865,0.9810085384693219,-0.00046261289651602813,0.01583797398533615,471
cg20334738,0.9333249780039431,-0.00020719859515510808,0.004684562179959717,600
cg20336172,0.29828813177266716,0.0018875489391347966,0.029560994122673323,601
cg20341504,0.09030442024852568,0.0006778232293033655,0.010045741426658483,595
cg20343375,0.9675761762726394,-0.00011585591673546102,0.0021622217222376783,586
cg20352108,0.9501074920279358,0.00016135313601493484,0.001099873352628511,505
cg20359042,0.9611009993419978,3.7415595882281906e-05,0.0005834965003413961,601
cg20365580,0.9252218426511892,-0.00021140635715012455,0.004296725601092621,597
cg20366986,0.9471088667558903,-0.00029478936137857306,0.005825440900323997,600
cg20370788,0.9613639706930079,-0.00025122919703170964,0.003217160508335537,513
cg20372886,0.9571206109034925,-0.0001382233954867695,0.005575870641532421,600
cg20376082,0.9013005053075197,-0.00022548541360924282,0.003371510880304518,601
cg20383948,0.009934375584996331,-3.937201889624044e-05,0.0011620322551406659,94
cg20384898,0.036403942111145775,8.298359908597678e-05,0.002291679634249366,599
cg20387392,0.9763710830838199,-0.00013630956176025543,0.0040405443514098804,565
cg20391895,0.2368065407797381,0.0010352804716636833,0.024462260150083903,601
cg20395646,0.9746372501327937,-0.00015905138518112357,0.014453316116870507,600
cg20396393,0.8311897616779182,-0.0004135565011547502,0.006681970697494877,601
cg20398399,0.029835105199985064,-7.924671396276495e-05,0.003466222880202041,596
cg20399011,0.16822654705274587,-0.0004837462853479146,0.0053632595123159765,601
cg20403541,0.08015366279163992,0.0014444469430415455,0.06185119946009776,599
cg20408776,0.9970059510245635,-5.265274586528921e-05,0.005120493274284321,326
cg20410995,0.022393574765427932,4.538153590864923e-05,0.0011713562064336047,595
cg20411756,0.05473612111136761,0.001254970095319601,0.03322960116186102,601
cg20416179,0.8389818493468111,0.00022257114451711626,0.0040240179530567355,600
cg20425130,0.04230185797173409,0.0001799805517251165,0.01811773770152536,601
cg20425384,0.015612375684194619,-0.000181727171490046,0.006847099725831862,484
cg20435485,0.10926839823941634,-0.00012460062948092105,0.00012838872112197475,471
cg20437980,0.9238178503347394,-3.9834720772218045e-05,0.000356281439339301,600
cg20441135,0.8734196724506006,0.00011542556683591597,0.0005523254645045661,599
cg20441902,0.9562971928469676,-9.206896892661064e-05,0.0012594606847691203,593
cg20443357,0.953360210847437,-0.0010407066660911225,0.06928003496334267,601
cg20446334,0.9736597742185585,0.00023854399219508035,0.017211697402638837,89
cg20449614,0.054317283308382154,-3.740650748366162e-05,0.0004527258284875435,601
cg20454073,0.02450977060857458,0.0006387942170132029,0.03942225195850657,594
cg20455617,0.9369418052993164,-0.0005829623831005141,0.014978333361624352,600
cg20457523,0.8934169874732918,0.00018692264063659438,0.005481891564446784,601
cg20468081,0.9584805889686454,-0.0002289238464089606,0.015045749199665615,601
cg20468939,0.058505005663063755,0.00012329146119670852,0.004417309487824261,601
cg20469680,0.9517621057950454,-7.471922611973948e-05,0.0007896127051544299,598
cg20471562,0.931172537086539,-0.00033505548482199875,0.008597332445506534,601
cg20472746,0.1626870762158016,0.00045558623281200797,0.009398314008468134,601
cg20476019,0.15934824992658964,0.001072710026382294,0.014604821378411237,599
cg20479009,0.9286303873367115,-0.00015096750368077271,0.0029920392233709903,600
cg20480899,0.9519575157405127,-0.00012880016660713725,0.002830880417451942,599
cg20484832,0.9287761937446717,-0.0007017262444412038,0.02879054614785237,599
cg20485084,0.11383911097273514,-0.00035698099056384266,0.002338155300690148,565
cg20486569,0.11689689694177058,0.000763574264164623,0.01842727104831965,601
cg20487608,0.23627014083366138,0.001429050596899934,0.018942188373305413,601
cg20490031,0.9211262417778191,4.6320268037006636e-05,0.0003576427838948293,601
cg20504007,0.10996867985494832,0.0005170609951006254,0.0152056949117515,601
cg20509513,0.1163997912347933,0.0006716403885724366,0.023663787860391028,601
cg20510384,0.9733807891941356,1.2910211046446017e-05,2.5817879195644267e-05,506
cg20512044,0.9717581856768991,3.353625868159429e-05,0.00036537940073400055,567
cg20521198,0.8701870327335429,-0.0008508375310187984,0.027105672216430787,601
cg20536209,0.9491017223162673,-4.3833815040584237e-05,0.00010412256752145854,490
cg20540235,0.965785386251412,5.597672837085774e-05,0.00023406884796106642,306
cg20544808,0.8914274743062641,-0.0002879632012747284,0.008113038459325539,601
cg20547724,0.9023124113254621,2.98841177404439e-05,0.00019055652520827415,599
cg20552468,0.029718752914370712,0.0002487805519560028,0.010208183546334015,599
cg20555234,0.9311956505600679,7.11341586751771e-05,5.9392941813452005e-05,589
cg20557069,0.9648588355175576,-6.499125401954016e-06,8.876404549273964e-06,571
cg20566840,0.9459655681126768,-0.0002247477184816836,0.005152841857808621,601
cg20568423,0.9189532384158972,-0.0022769060952525077,0.009458765176455608,600
cg20577477,0.9339848743617148,3.243102051765611e-05,0.00014024984034077814,598
cg20583073,0.06269025904492075,1.0577324476650286e-05,5.30082235665752e-05,601
cg20584841,0.9178399960872959,-0.00028171924462435565,0.010771583663683804,597
cg20599066,0.0507896677537957,0.0003994228630687958,0.02523224905892152,601
cg20599748,0.909974161186939,-7.848526153394891e-05,0.0006885323535046339,601
cg20601684,0.8487078101913493,0.00030959346159000574,0.00352907518221357,601
cg20604028,0.9231082377608112,-0.00034592544836126323,0.006489407652874313,595
cg20608100,0.9148907003056188,-0.0003891089232208616,0.014186442451695425,601
cg20610181,0.9073907693455703,-0.0002862631255625705,0.011137746355933342,601
cg20623506,0.9319645918206529,-5.7507106365514165e-05,0.000381086937283448,601
cg20629254,0.9406592231236103,-0.0002997820170106397,0.004852637571639451,582
cg20640373,0.009886563598251106,-4.765954359844177e-06,1.883374288313977e-05,355
cg20644754,0.8676151900946677,-2.1928314240859947e-05,7.090041302559857e-05,601
cg20648847,0.08901917342563728,0.0004437893721794952,0.0024614590468433617,601
cg20652822,0.9194013234258583,-0.00015940564584145217,0.005143294828232392,599
cg20654082,0.9082743564795296,-0.000409191712474155,0.011593693399091887,600
cg20655220,0.9823371722309713,-0.00018086451367147556,0.0040160753558227125,450
cg20660269,0.032700590904237735,1.4217419675558672e-05,5.85218499776774e-05,600
cg20662060,0.9212922560232342,1.211719395716464e-05,1.1640380499389202e-05,597
cg20664654,0.7239814730092731,-0.001466097180769727,0.005495743839521672,516
cg20667480,0.12084353236449838,0.001072381387166309,0.0047325203021101325,598
cg20667664,0.8661703343322638,3.181534262302917e-05,0.00011291120842760183,601
cg20673472,0.9817704474544063,-0.0006498656926513162,0.03894629937405192,582
cg20685713,0.02827853880673415,0.00011057355532957963,0.005660235061546559,598
cg20690039,0.9375851068039134,9.346422656148275e-05,0.002578713021010426,601
cg20694147,0.08606331258469749,-4.5421020181326924e-05,0.0005060273232814216,601
cg20694619,0.05335337376991553,3.584455158073965e-05,0.0006176515642218883,601
cg20695297,0.004976897256761325,9.246055503046926e-05,0.00763046353543706,479
cg20697025,0.09867649990803534,0.002205056145170093,0.06867053679276558,601
cg20698113,0.8526841394143948,-8.682895895084319e-05,0.00030837989618448525,601
cg20698781,0.8380966322887182,4.404385465798789e-05,0.00010492546317208973,599
cg20700762,0.9675667642373512,-0.00010440257775756244,0.0009869411912994952,469
cg20701461,0.9266702707921185,-0.00013738792674288254,0.003214027890610538,599
cg20705321,0.059784149286844085,0.0015158860939055746,0.03821739989403006,601
cg20710519,0.1857137491436367,0.0003277763661159927,0.00142898569523231,601
cg20712659,0.9332084958578691,0.00010270493177321639,0.0015282547425681248,599
cg20722458,0.07820380971873228,0.0004826088427394678,0.03399824076667568,601
cg20725880,0.9548905250460664,-0.0002493333933798853,0.003929134381981392,574
cg20728704,0.9655310342438731,0.00025673774228184297,0.0128706887979404,199
cg20732076,0.10846839373262897,0.0006933532985400484,0.0211903829195208,601
cg20734219,0.9398484517407614,-0.0003064814312527937,0.008902875177715597,601
cg20735914,0.9968875068387666,8.115158955269577e-06,0.0005735540425054753,252
cg20735989,0.9635131391235712,0.00026211473538412906,0.006295381171542047,409
cg20741474,0.9188653270675491,-0.0004826951756523374,0.011565564567982967,600
cg20741605,0.2404684474466205,0.001514629986100027,0.027851275341233883,601
cg20747462,0.8457946196612232,-0.00022735678996191417,0.0037872266559303425,601
cg20760883,0.943242582604013,0.00014756874378247747,0.0014042096972555207,538
cg20761840,0.8980949539646246,9.087933207175894e-06,8.51049111549873e-06,599
cg20761853,0.7623651126674212,0.0005160538017026819,0.004890989714043226,601
cg20764656,0.16523366922168514,0.0020544531098335714,0.06479193585880838,601
cg20768638,0.12922737151467537,-1.7392343528146554e-06,3.312652764320134e-07,601
cg20770572,0.7386749167005884,0.0013888431765253601,0.00192274726884889,573
cg20771687,0.9778107661395118,-0.00043099482026219684,0.042592880525532784,599
cg20777796,0.11036420722810462,-0.00012237830645331314,0.0009299254267025603,601
cg20780302,0.8939116124709642,-6.620958827185578e-05,0.000312998378104723,601
cg20781238,0.9787769663895206,0.00013517147713090836,0.005244167325477167,571
cg20781880,0.049194396623260035,0.0001038078089937074,0.005561501008519376,600
cg20783697,0.1402798054497415,-5.919084839765223e-05,0.0004226155750960414,601
cg20784259,0.12054454490268418,0.0011032123926696521,0.03575497951706852,601
cg20784950,0.12227267784149612,0.0005273041937466879,0.002136833380069092,599
cg20786706,0.9728594898779006,0.00011663459528031053,0.0014536655168330137,209
cg20790998,0.883529478281648,-0.0004914590830411986,0.014608937704664648,601
cg20792833,0.2816342362114991,-4.274575635420139e-05,0.00013227471669097213,600
cg20794042,0.07498101493028766,-2.0055755083900994e-05,3.3311110541722755e-05,600
cg20797270,0.01710891524140935,0.0005070146599511953,0.012423020990772304,580
cg20801007,0.009559814447248877,3.3777084331874004e-06,9.343767388370061e-06,449
cg20805367,0.0546030105382499,-0.00028237839793953935,0.008967715339551652,597
cg20810975,0.21777063447372907,0.0009012490371036408,0.022395477486116144,601
cg20811857,0.9892149494039056,2.9026090461711845e-06,1.398635126825809e-06,179
cg20818457,0.9116662751864139,-0.0006834969536602718,0.013414212907588041,598
cg20820107,0.10773142138546457,0.0006691602393325577,0.03225931925881809,601
cg20820767,0.9913479763275923,-7.655048449274381e-06,7.25240037636743e-05,461
cg20821442,0.8850934320326034,0.0004522887292518495,0.020235202800813368,599
cg20824939,0.04863317537136127,6.620926966044971e-05,0.001136328789066554,598
cg20824977,0.20633728350103137,0.001151659847694295,0.011201987752672116,601
cg20827629,0.9686834150000299,-0.00011391015558217693,0.001649992416219881,557
cg20834587,0.9624783219859886,6.345254876895934e-05,0.00017691809708431094,367
cg20835659,0.9125247539429269,8.146866358673791e-07,1.1339933059240082e-07,581
cg20837735,0.9541166594606156,-4.253119190846574e-05,0.00040946915866035827,597
cg20840795,0.9201064803953438,-0.00011653286664039881,0.0018315056608192437,601
cg20847114,0.9821345053364163,-0.00017747856271248534,0.001017796469803045,484
cg20848979,0.9677586467890612,-0.00011540721953621129,0.006106134963209886,600
cg20852629,0.9851215007723156,-0.00036443368349835253,0.011424639975558426,446
cg20858454,0.998804326994052,-0.0002199588677259459,0.0055024407733077485,198
cg20868817,0.023561101128549,5.683993287709187e-05,0.002790296455747465,600
cg20873136,0.12672242337636608,0.0009164001269501545,0.04554804985576255,599
cg20878780,0.99069931403916,-6.171895028871875e-05,0.004616171558428084,585
cg20888995,0.16360656531837622,1.7758494017619088e-05,2.3313094694610292e-05,601
cg20899781,0.9232566476272166,-3.4193212471453276e-05,0.00024241898646681914,601
cg20917083,0.06402750955611547,0.00012915788757997414,0.00929298027859371,601
cg20918393,0.9176140520044527,-0.0002448469642891163,0.0034888681280382805,601
cg20921712,0.8777406662236934,-0.0006621330289357321,0.008669571907014006,600
cg20925383,0.9701630078209,-0.00027064214420289607,0.014129368922827679,596
cg20927425,0.9589452303789472,-3.663900208438574e-05,0.00011406719654938335,558
cg20936226,0.9555692214973491,7.385524070352556e-05,0.0004901350475838839,472
cg20936529,0.8615155067137692,-0.00016461824390175703,0.0010776055740516766,600
cg20937750,0.9888506637396017,-2.4861181576059403e-05,0.00039742306601320276,534
cg20937934,0.8619578632368852,-0.00033709036111754354,0.0036930215823290924,601
cg20944964,0.9358627418226151,8.098513933687152e-05,0.0014632949016439856,599
cg20950033,0.9899165842357472,-1.1725573078547054e-05,0.00016892777829269345,515
cg20956407,0.9262179575111034,-0.0004979857882929942,0.02905877625893194,601
cg20957796,0.9564326557927049,-5.253517322532726e-05,0.0003210152527457488,581
cg20979979,0.9116864840252984,-0.0005653044179301987,0.011217539862634074,601
cg20985082,0.9236697442304371,0.00021896931702743995,0.005458699296228997,593
cg20991916,0.9337856755025815,0.00015415527216935013,0.001497708546537302,601
cg20992002,0.930098692987141,-0.0003094248549738365,0.0166954943304074,601
cg20992181,0.9839843617117647,-0.00013991161422393161,0.0007892521922020501,483
cg21002957,0.9679072319556575,0.00022987799743820464,0.008555050620110527,403
cg21004490,0.05579626219605946,7.405243852217668e-05,0.0032577997666997094,601
cg21007509,0.9787360161782135,-9.585755872004748e-05,0.004674818679833992,596
cg21010569,0.9428118961596931,-0.00021357755428566067,0.004624559190518185,597
cg21011403,0.9472808693043019,-9.86875482615222e-05,0.001287757984808957,601
cg21012583,0.9097640196506195,-0.00017528244278611392,0.002921573623441809,596
cg21012647,0.045212319411385066,-0.0001766505358719216,0.0005817732047287416,601
cg21012737,0.05326017405179251,-0.0001418309768971623,0.004191490349262694,601
cg21017569,0.9402114010873828,0.0002718359717742839,0.005421811973095658,600
cg21028402,0.9357366690848028,-4.023247589823578e-06,4.977990761823037e-07,516
cg21031128,0.07333617464461273,9.427708687557663e-05,0.0017294647117089834,599
cg21033494,0.9294735313887226,-0.00034399385268510504,0.01179697810637248,601
cg21040133,0.9311909228039239,-6.928802472065095e-05,0.001168249833515378,600
cg21052660,0.09458989446776606,0.0006251138946655131,0.029723484316446225,601
cg21063899,0.9443434734534216,5.249927393531763e-05,0.0002806058772683029,587
cg21083936,0.952183801149164,-0.0001380081490523036,0.0029088453908319156,600
cg21086153,0.09862453932584564,0.0007969772573983162,0.026857806867492617,600
cg21092324,0.08704172338150748,0.0015714905858231292,0.0365390356378863,596
cg21094613,0.9387138773567242,-0.0005557381208215368,0.02484445752176101,601
cg21100638,0.05149134376157076,-2.0912594339306596e-05,0.0001527867851981446,601
cg21101386,0.8912818848473358,-9.155075110910479e-05,0.0014327107213492063,601
cg21106505,0.96286822718886,-4.2688691710212466e-05,0.00043353554610481293,599
cg21109038,1.0080400204380064,-0.0007265857646225072,0.024926391784593327,593
cg21110337,0.03447696937933403,0.00128476494124482,0.03987628207791283,601
cg21116077,0.8812136226611215,4.736023261988335e-08,4.1919134829981886e-11,598
cg21121082,0.960740727844343,-0.00013136563554602926,0.003052097925496433,595
cg21121257,0.9078479099095486,-4.2320228999858574e-05,0.0002375960107536823,601
cg21126969,0.985492384319624,-0.0002535036772974268,0.004971474664791198,355
cg21127079,0.987201189636711,-0.0001315454470260719,0.0048326068649994225,566
cg21127597,0.3163424148407221,0.0013641423998878,0.01787344622303,601
cg21133433,0.9112744742534894,-0.00027292222742947314,0.006573888240831827,600
cg21138012,0.9608516101159258,0.00010149844195698095,0.0010754424669663365,467
cg21141318,0.11540870413277102,-0.0009865758972263715,0.010836985353306683,260
cg21144941,0.9779368623391091,-2.4997664721256037e-05,0.0003773107240976348,599
cg21145245,0.059821557850048855,0.00014441612211338933,0.0019119320615698099,601
cg21155834,0.07036574097482848,0.0003677504694866389,0.013572221898329406,601
cg21156912,0.9444483001164824,-0.00029114017640221543,0.013783592590805305,598
cg21157873,0.9445645648811664,-0.00018991376920132917,0.0012329038926799374,601
cg21159068,0.1862929641555111,0.0003336828702446663,0.003286527931863348,601
cg21164050,0.9038706007056715,-0.00019361554032289586,0.0013101751284614327,595
cg21164509,0.010790736067783534,2.760297717551529e-05,0.0007873650240149965,526
cg21165137,0.9086660917516148,3.639950749856639e-05,0.000226590028267859,601
cg21166985,0.9891282946346511,-2.226377019312804e-05,0.0005150613826987449,577
cg21167963,0.9768597284749326,1.8464661292015438e-05,5.013592111569043e-05,398
cg21168902,0.13691693862071486,0.0005362443156721499,0.003097955606016556,598
cg21171858,0.05569056712146136,8.540254115344594e-05,0.002610235224447699,601
cg21177940,0.8769437857575927,-0.00029169835214132186,0.0053623016792804234,600
cg21188037,0.03343471446610995,3.283253770879443e-05,0.0004578914686044211,600
cg21191443,0.9641138097622971,-5.508666771699162e-05,0.0004750862527168609,576
cg21192091,0.062241452335964786,0.0006316055013373212,0.021135123983002324,600
cg21198219,0.947888895680977,-0.000328728820426654,0.010280183614973293,600
cg21201572,0.9660776488762428,-0.00018089527919779247,0.004141108604601262,580
cg21201830,0.05030670095474557,0.00038959874567737467,0.013749849651459423,601
cg21204870,0.9592680282677395,-0.0003266692166976959,0.012599509291364663,593
cg21205663,0.037668432858591866,6.100005962714203e-05,0.0002648452517726163,551
cg21207436,0.8356213138405761,-0.0010412862903716345,0.04237266938220474,601
cg21210531,0.8471750457803482,-0.00010269872334109222,0.0002770607810750336,599
cg21211730,0.8936682427124019,0.00015632755452094072,0.002633002878055346,600
cg21216351,0.9472905224454331,-0.0001432775590074283,0.002604811148301578,597
cg21221712,0.825910732881272,0.0005231895302985434,0.015046396065875989,601
cg21224972,0.9463999423412073,-0.0001840648636669157,0.0035383561061907987,598
cg21225667,0.9653362763187134,1.250360534164876e-05,2.7420275534373317e-05,568
cg21236414,0.9093952918877625,0.0004438235675874539,0.014077782919762694,601
cg21236845,0.9515649061462358,-0.00031763831937027445,0.009662332506953808,599
cg21239840,0.9341217657627124,4.403150142509944e-05,0.00010988031929481945,590
cg21241675,0.06424974530461074,0.0007275078078961893,0.043722238142695935,601
cg21245207,0.9346475406554272,-3.297707424091861e-05,0.00017202663467941193,600
cg21246595,0.9627373095233156,-0.0001096564824919182,0.0008409918766706381,460
cg21263566,0.36997860627104856,0.000979782693379249,0.008219635506419576,601
cg21268422,0.9777645688178991,-0.0011333873084789173,0.008293058258178054,588
cg21270015,0.965301933644626,-0.00018835511197146004,0.004318865694776131,575
cg21270243,0.07975933056163313,-0.0005434106623952401,0.008743023447678744,518
cg21274607,0.955127089265816,-0.0001858327486059689,0.012071874980421282,599
cg21279316,0.07868425386563965,-1.4508177177662198e-05,2.4013071080575266e-05,601
cg21281009,0.07268748691479025,0.0011855537805788444,0.013756441357661409,591
cg21284028,0.9760955860593262,-0.00014995171138123596,0.0025748205414203307,474
cg21286701,0.9669498529916447,-0.0003430843505604254,0.008109031930155997,581
cg21287519,0.9690652718455137,-9.968183315528758e-05,0.003945197030313707,599
cg21291385,0.17262405436528636,0.0007019461004986103,0.01748410961796587,597
cg21300361,0.047366275901840976,0.0008567352585182797,0.014869899460951408,578
cg21304163,0.9197703001062247,-0.0001891893321884735,0.006279397199757342,601
cg21311067,0.07141530828864581,0.0004546125836544902,0.033610409014319886,601
cg21311175,0.01683602196723928,0.00018959786578309288,0.010560818999119648,557
cg21315173,0.9416621106904719,-0.00039674572366087466,0.005434558970812908,580
cg21325040,0.9651850775916054,0.00014252010015163615,0.0017948728246558465,293
cg21325723,0.5220936017344914,0.0010497200630406839,0.011793949553399186,601
cg21331386,0.8858922487509611,-0.0002912831232525604,0.007224082285776756,601
cg21336650,0.8887776711399007,-0.00014074040897422998,0.0021315544306373946,601
cg21340733,0.9055659048974208,-0.00012608811098499946,0.0017529869557868505,601
cg21341586,0.10687576999568275,0.0001098731159583139,0.00011573132155007215,568
cg21348406,0.016556449921050355,0.0003782796291938714,0.024327574267786423,588
cg21353144,0.9184170250040524,-4.9265106612460806e-05,0.0005713390655625039,601
cg21364818,0.06263563594835113,7.538968374064202e-05,0.0022820264496182796,597
cg21367783,0.9329305845969479,-0.00011775683595815654,0.0009383128540879637,599
cg21376733,0.025024907603689348,5.794683420355914e-05,0.0010807987196735924,597
cg21382890,0.022432015694143645,-1.9652483790181192e-05,8.156763798239375e-05,557
cg21391790,0.9683333710359854,-0.00010013938557750491,0.0007266212603569411,469
cg21393885,0.9107853653802855,-0.00014354195054705056,0.0018400625066333776,601
cg21394171,0.7254160326287793,0.0006554904809285879,0.009007255795540625,601
cg21398469,0.9458744512970823,-0.00037924619864105393,0.011967005067939795,596
cg21399057,0.9205453136597832,-0.00016510974320755852,0.0033271599126052376,601
cg21406271,0.9458764398983485,4.8320716817567554e-05,0.00042036655378929755,598
cg21411291,0.7693403770902383,0.00133303366011889,0.022142671840797323,601
cg21424090,0.8316262095766952,-0.0006750123089042355,0.024805210221810925,599
cg21424703,0.04416005899137647,0.00012968522166195525,0.0031801902461242593,601
cg21429615,0.04742271936817079,-0.00024065606736318885,0.004613708532054006,534
cg21431729,0.9680192096867457,9.957432745161123e-05,0.001111091529587993,368
cg21431832,0.14669331290272195,0.000572381044687403,0.011695266914967362,601
cg21432745,0.9320710394128486,4.7928283429463065e-05,0.00035379687689029993,601
cg21435684,0.015637295943044867,-0.00017428388366928741,0.03260012185723571,100
cg21439763,0.12919877917287648,0.0005467113553839268,0.011208897161330222,601
cg21445918,1.0320585047298743,-0.0009601655836767563,0.007290661477241889,381
cg21450723,0.9396361323344116,3.811548744458874e-05,0.00034709437155910905,601
cg21455600,0.04191336471350784,9.908919206142747e-05,0.003174724840409704,600
cg21459816,0.9172888881642762,-9.735381372768383e-05,0.001173807112952674,598
cg21461981,0.8848784607866578,-0.00043578298159831815,0.010980254694332392,601
cg21465176,0.01164114007621843,0.00017977205615257017,0.003910505956610133,518
cg21467692,0.9659544906596598,1.9071607707012324e-05,2.4212667030010238e-05,466
cg21473407,0.9857301550500537,-5.6958573187540196e-05,0.0007941769478322369,288
cg21475076,0.9684425297991397,-0.00018449288334394302,0.0018422230637062942,593
cg21478437,0.8936335320026615,-0.00023010827472952196,0.008362039242114427,601
cg21480173,0.9921855434895923,3.710416838456188e-05,0.0025739110105907903,337
cg21483922,0.15632526998576618,0.0012357626108703197,0.035764652113417617,601
cg21490444,0.9795288655681448,-2.294744905141172e-05,0.0002471707571385373,593
cg21493516,0.2006042511403205,0.000653075518110908,0.002889080943334177,598
cg21494097,0.8385676245464803,-9.131372240737634e-05,0.0003893990583765383,601
cg21502476,0.09048347975941122,-4.415328788615876e-05,4.4961309732638455e-05,598
cg21514164,0.2444460484344439,0.0020640611404916047,0.051070210580697606,599
cg21516763,0.9923041491184217,2.1673703104942453e-06,3.863054108377284e-06,364
cg21519701,0.3293105468576558,0.0013714121538642833,0.016476935973255835,601
cg21519787,0.8997850374175833,-0.00013446057975078854,0.000287798822859231,600
cg21527616,0.9264655490811284,-3.560287320466612e-05,0.00025977918659503274,601
cg21527621,0.07706053471255327,0.000995983481351583,0.03611828951240326,601
cg21531679,0.9170789993869948,-0.0002646083536201267,0.009336508470007332,601
cg21532801,0.06361815628268147,0.00047213801358273274,0.0038848502266438656,559
cg21536925,0.9215681148888061,5.3273535779076266e-05,0.0004479186500310206,600
cg21537214,0.17665558885146765,0.0009720357765450205,0.04127587312091496,601
cg21538631,0.9590979652574376,9.318957298286847e-05,0.0006512348111796795,478
cg21544658,0.8787971635484809,-0.00020925726154236808,0.0005551537179938615,601
cg21545611,0.9626049676406011,3.281849656586212e-05,0.00011808635427701386,569
cg21545988,0.8884693139501547,-0.00013468896233123976,0.0035858399914729944,599
cg21547824,0.9848354787204953,-0.00014185682178987984,0.002912477615708009,193
cg21548464,0.9860192134352712,2.1069933513797313e-06,3.037326234189841e-06,572
cg21549195,0.1969087775966168,0.0008774212103483017,0.004672661841019221,600
cg21549695,0.9574811168271906,-8.759356209648435e-05,0.0007867351149170032,577
cg21563049,0.9154385514563887,-4.1002826897799434e-06,9.758200090193014e-07,601
cg21565960,0.07406991888788791,0.000785989024417355,0.014903988110978927,598
cg21571160,0.7997243692823,0.0001656107378906715,0.0006986076483609382,601
cg21575951,0.9677200512202838,-0.00022148296155897223,0.00561268803463455,577
cg21576187,0.9192461953840938,-0.00019151363547153155,0.004021179912281236,600
cg21583694,0.9305714425781818,-4.3306524180764544e-05,0.0002168793444096151,600
cg21585707,0.9939318255093945,-0.0011662659306216077,0.08687832385075656,600
cg21605283,0.26077236743298354,0.0014436158654262349,0.04029388703299708,601
cg21607965,0.32433399409904007,0.0006930909602956854,0.0069914705164795254,601
cg21610436,0.9090434283596514,-0.00021537609574022107,0.005010486355090604,601
cg21614638,0.050278014887146213,0.0001853025818288109,0.004954762502472954,598
cg21614723,0.03263104187248455,0.0006062202770446547,0.04134149641516771,601
cg21616051,0.9156165066193387,0.00013831689795487095,0.0013658055803384972,601
cg21617353,0.9912255767490861,-4.557921075536368e-05,0.0020091279484938385,525
cg21619287,0.034594558483706496,0.00013176081405177147,0.010161885435765128,599
cg21627409,0.04871544840270331,0.0011893033413382628,0.018902508799256035,598
cg21631439,0.9641468010375837,-7.403370592727165e-05,0.0014028097081341118,599
cg21633042,0.9566058498110597,-0.0001387717301219871,0.0026687250688800512,590
cg21637392,0.08641291714645741,0.00015034338333145406,0.0004553308819033042,601
cg21639188,0.9551413498260097,0.0003965352008694814,0.0172795680825808,219
cg21642947,0.9362826327832556,5.847035730723822e-05,0.0007886626041404554,601
cg21643939,0.9532337384568131,-0.00018337871390271588,0.003503541301536628,596
cg21646082,0.7980774456248143,0.0004703558356495622,0.008580884991706172,601
cg21646392,0.8842594458789004,-0.0005437587300053968,0.01316033010926998,601
cg21647035,0.9660731604429906,-9.420023747363642e-05,0.0013004199871659017,579
cg21649442,0.11393105351329733,0.00041732774928606527,0.0026532657673135063,601
cg21649629,0.9688836637860847,0.00014857185902451164,0.0022482794705378506,271
cg21656824,0.028374644969273485,7.77254860494929e-05,0.0007066163462915442,583
cg21658153,0.8546823463842633,-3.726980984061765e-05,0.0003400612016438709,601
cg21659714,0.7507629930456292,-0.0005001588282041452,0.011053128154024705,601
cg21661111,0.8239216343293589,-0.0007872941715530411,0.021722326864589192,601
cg21681078,0.9881545995902892,-6.024785182278159e-05,0.004030456693980722,590
cg21681834,0.9355420577106622,-6.526560422982598e-06,5.102023842185055e-06,596
cg21682210,0.9613411921385528,0.00021809244083909423,0.0024616880171058897,191
cg21686213,0.7487878382407169,-0.0005400545572905943,0.0056171482598988964,601
cg21712331,0.9227609273483524,-7.240561624013176e-06,7.231231069937394e-06,601
cg21718735,0.9452391464845332,-0.000263224833281351,0.009669643135301609,599
cg21723559,0.8648099288654645,7.338633980705808e-05,0.00035857245548864825,601
cg21723861,0.8906168814378849,-0.0002880535440235086,0.008086867351627336,601
cg21730858,0.9669437269258876,-7.596222893702618e-06,9.935326899523922e-06,578
cg21732245,0.8452695423229246,-0.00012143582428464382,0.0016444479222794683,600
cg21732844,0.9110348597927785,2.0503976976706993e-05,5.784394890373523e-05,601
cg21739530,0.07569548371609056,0.0006131435463789163,0.025344446858732605,601
cg21743925,0.7849018495747487,0.0006074852812544693,0.0011476727546201326,600
cg21746261,0.9771329590316002,-6.464285414816846e-05,0.0013168118708862808,574
cg21749794,0.038387258075411934,0.0004731265806956514,0.01276726679851492,587
cg21770322,0.9863254467402386,-7.300028984371982e-05,0.005894011119848552,593
cg21771679,0.9328808260467644,6.7739266541093435e-06,1.0938820004802174e-05,601
cg21773297,0.05444200690196242,-0.00029988550358434345,0.0026200246239731495,433
cg21775245,0.9734161660721277,-6.886126400987613e-05,0.0007052541050484029,489
cg21777154,0.8160373215007358,-0.0001300303411572579,0.0012092088200085227,601
cg21787063,0.931774139532222,0.00012092664352521799,0.002342785139253345,600
cg21787997,0.9291070005110892,7.400005445694092e-05,0.0003208918921886461,583
cg21788045,0.9701858046448698,3.9747137411655816e-05,0.0002016828234250312,503
cg21793437,0.3347826667822702,0.00024063114653491503,0.0009541389334912775,601
cg21805731,0.8826274449410235,-0.0006043354523945401,0.013479501435513797,601
cg21806242,0.8594115970697531,-0.00011321187406878355,0.00016825761607464074,601
cg21806592,0.058760344653268515,0.0005398815770758891,0.005364203565157322,596
cg21807034,0.9863297015320523,5.202046963890422e-05,0.0019118018221415678,419
cg21812313,0.8367533078609083,-0.0005493790052300218,0.007873840933661613,601
cg21818891,0.88376196376948,-0.00021394998071647844,0.0015951213100405814,590
cg21830459,0.9858335038841018,-4.857293573339296e-05,0.0025524188840702067,591
cg21833158,0.9710796587053308,-0.00025847443695063173,0.004895556861192696,471
cg21836289,0.9685588491633057,-7.947145093547955e-05,0.00040894665825086385,412
cg21842274,0.4300384264680474,0.00042037481460423687,0.002939002595122475,601
cg21843586,0.9089118490710059,-0.00016929913102623994,0.004678721301480393,600
cg21846949,0.9474884286210518,-6.0509946854765986e-05,0.0002704067276637634,591
cg21847118,0.856543257239305,-0.0005359088942991055,0.0185248357492237,601
cg21847347,0.10805487999208135,0.0005106026944962152,0.015863646717171442,601
cg21849770,0.9297713991202096,2.0608548636249316e-05,6.311707139405875e-05,601
cg21850913,0.967813276201409,0.0001794821583854351,0.005279455845484726,314
cg21851713,0.9566997230567427,-9.593537568106703e-05,0.0007339180854514238,562
cg21854895,0.9601410101831337,-2.6604613086401333e-05,0.00012391333059191822,591
cg21856257,0.9421951324841464,0.00014505183186812895,0.00263623576969485,584
cg21857346,0.9526684688981604,-0.00017959939899397465,0.0008837678152002759,422
cg21857668,0.9686705255634951,-5.2189489473401146e-05,0.00047949843981054396,564
cg21870145,0.8827249175627122,-0.00022938974184272094,0.004199350444068495,601
cg21871232,0.9035590346073354,-9.383275036549223e-06,8.74057721955701e-06,601
cg21872764,0.005249556533432072,0.00027776253580935015,0.024070514891220696,586
cg21873275,0.9630669698158173,0.00036334675622099816,0.023025130559983675,273
cg21876918,0.03885496992275916,0.0001885998326798226,0.0027508528337146787,595
cg21877956,0.958264244686293,-0.00012497283168228857,0.0007322070012384385,547
cg21878746,0.036039604620850096,0.0012268572685738583,0.03204394420681966,584
cg21879102,0.9715483637282673,-0.00018249896071442724,0.0034338543842393765,594
cg21880903,0.8762996656667564,0.00016672344483868734,0.0018970376671846312,600
cg21898046,0.039035495285888545,1.2229832110847251e-05,0.00012719510038783355,599
cg21903684,0.944025426818326,-8.827092891192493e-05,0.0004931566943281451,592
cg21905167,0.9135290163832457,3.948973532018456e-06,3.892371509661707e-06,601
cg21911930,0.9216680623826797,-0.000388388832518528,0.011852733439528196,600
cg21912556,0.04580195692200018,0.0005768648199868351,0.010319236896045192,575
cg21919599,0.06112925982398739,8.867604863334732e-05,0.001594878163594493,601
cg21919834,0.9276650939965501,3.6883662673557215e-05,0.000363791124501911,601
cg21921520,0.9023497055070946,-0.00023538574284439872,0.001203953823620929,582
cg21932231,0.40062148725580427,0.0009762065506479698,0.010394630321211906,599
cg21937128,0.22806744766308748,0.0016954484930446745,0.043164486528290524,601
cg21937377,0.062198831164752236,0.0013500929290612693,0.02110909900075375,585
cg21939215,0.051738020572345285,-2.252895443647118e-05,0.00017184468473385728,601
cg21946374,0.35636717948953767,0.0009682931615228612,0.01726005753909876,601
cg21964466,0.306210530302073,0.000940914282144145,0.013405580505483017,601
cg21970261,0.9523704444320525,-0.00034273512929892724,0.020105795429274154,599
cg21986027,0.9266853272537653,0.00036729479564495687,0.009708630993482181,600
cg21988813,0.24181285865611674,0.0012446572826176772,0.024370828022490576,601
cg21995261,0.045087781666185496,-5.2755418326956644e-05,0.0014639669473854866,600
cg21995961,0.8797803733857829,6.16089837888395e-05,0.0005911236784352791,601
cg21998869,0.8808691482122974,-6.904095952516518e-05,0.0010905468476480884,601
cg22005145,0.9314891593185222,-1.0127014227135783e-05,2.5240939097281867e-05,601
cg22006288,0.9668121681794003,-6.85672208536061e-05,0.00034818485631604723,520
cg22008490,0.03475049096718033,5.044357948997755e-05,0.0016113442610147244,600
cg22011587,0.9397993969242747,-0.00016960861399817768,0.0008347929980299096,508
cg22016513,0.9922180446532856,-5.669849704522247e-05,0.0029003861992191737,492
cg22016995,0.9967694510161922,-0.0001691494640488508,0.012175669059290462,528
cg22018086,0.2569976465781926,0.0009082901073838853,0.01400571987384791,601
cg22021832,0.0683669723785229,0.00014048315683926936,0.0025939664300075327,601
cg22022321,0.95938545762616,0.00011783233277660179,0.0025544426338195425,555
cg22022927,0.9116728406517766,0.0007783302060642487,0.0047286151700787205,508
cg22023826,0.8886559489812905,0.00023962449456580066,0.0015747623012245526,600
cg22027151,0.936730770479683,-0.0002477842507950142,0.009262227708769166,601
cg22029587,0.02615110507828853,4.5323330991677025e-05,0.0010857661581828992,599
cg22030501,0.9823453922441617,-0.00017319419199576948,0.003351023561424693,375
cg22035815,0.9304303526160458,-0.00012560656623127392,0.0016229903035546167,599
cg22044342,0.367916598503331,0.0015054054982209133,0.03567899778265882,601
cg22044401,0.9566294830842218,4.001507888040881e-05,0.00010643293095780049,568
cg22046121,0.9418427374163112,-2.5119865051298688e-05,0.00024369781282973513,601
cg22046408,0.02219084342704898,0.0009236005891593778,0.02936700446032614,598
cg22048405,0.9440930262117398,5.8538805674261445e-05,0.000901553607857708,601
cg22053861,0.99077846440591,-8.464397839283304e-05,0.007155875915691445,572
cg22065124,0.9316697089036087,-2.6061752784775467e-05,6.195901694772132e-05,601
cg22073152,0.1762531418394512,0.0002484855095684117,0.0012896000310511635,600
cg22074858,0.007824816447476972,0.0002819022327104088,0.010476209557031213,356
cg22081371,0.045679264844474016,0.00040198298011087094,0.012039393760326367,598
cg22082456,0.8874352325331241,-0.00023316472795091903,0.003155490146436901,601
cg22082800,0.06116867246928473,0.0002063242515424152,0.007782508850762371,601
cg22087352,0.9402117298843198,3.967981261335051e-05,0.00040948362158443885,573
cg22103831,0.9324194005413169,-0.0008410715042085531,0.02221935334197578,595
cg22109796,0.983851229986076,-0.0001286318835485771,0.0034023781169769673,513
cg22110158,0.8613416548835439,-0.00031371730084225267,0.006939103481476416,601
cg22111043,0.030151637842510497,8.615164176574484e-05,0.004263309861846087,598
cg22115076,0.15742740447127546,0.0006942779829414168,0.008416407313689422,601
cg22117014,0.9783705277866985,-0.00014394175399189273,0.0026590080944719485,478
cg22117805,0.11985566221522041,0.0010241278322314323,0.021660099343236427,601
cg22118297,0.9553569641529955,-0.00024332380353536684,0.005750202021415851,601
cg22136363,0.18464102876799848,0.0020294744634615936,0.02705456303012166,601
cg22143387,0.6040733675747921,0.0002803101524384932,0.002729172866355989,601
cg22143547,0.9644823836641173,3.3037359822135164e-05,0.00015504974009339367,576
cg22144668,0.8874536263990449,8.570609609523517e-05,0.000838435805220028,601
cg22151446,0.19941021141148718,0.0010040308077567158,0.01114418291922703,599
cg22151644,0.22063516345657042,5.8361000493128385e-05,4.2427230089514545e-05,601
cg22152887,0.9735430471991576,0.0002589567113699194,0.005431455056121859,156
cg22153728,0.3796829220705632,-0.0002637362206215162,0.0013248240608580986,601
cg22155281,0.9037996349483098,-7.954935533319732e-05,0.00043423908335216144,600
cg22155724,0.995273822348435,3.3023318688390556e-05,0.008318016263272443,312
cg22157525,0.9933669806574235,-0.00011233761103497363,0.017837126647708645,594
cg22158158,0.9688583299918928,-0.0006733035694239231,0.006111910777796714,592
cg22160769,0.9560935425640433,-2.033440346764485e-05,2.880444773212254e-05,572
cg22164891,0.06895999353404432,0.0004419635307134154,0.012097440009272264,595
cg22168796,0.009305595250683663,6.864837811608386e-05,0.0031759328667047004,522
cg22171607,0.9568515019998524,-0.00020209987507625198,0.0014292617872266877,589
cg22172143,0.09929009430671484,0.0008405325602996253,0.015655169873343033,601
cg22180580,0.9033834298920713,-0.00010207727765754495,0.0005655944381570688,597
cg22181664,0.8654722385984724,-0.0007210790156108269,0.02589696806341535,599
cg22184990,0.08588351169244257,-6.567999078670644e-05,0.00012553603802312185,578
cg22185879,0.9785755757872088,-0.00028842879258971854,0.010015505813191772,596
cg22190721,0.9134411958493874,-0.00021998236778307485,0.002891899430034983,599
cg22193385,0.20326675477342201,-0.00040674520471361,0.0020053815581915213,595
cg22198179,0.9122093444271206,0.000191356468926743,0.0013340889182951177,597
cg22200633,0.9337956100144386,0.00014325295254676425,0.0025275946094923674,600
cg22210337,0.07238699849171866,0.0007245664439573729,0.00960019565818826,601
cg22213242,0.8794930030040998,4.060126175326317e-05,0.00011761755801142915,601
cg22216196,0.9952936228657876,-3.7132125103601506e-05,0.0038863292077906397,531
cg22222999,0.09552517041774714,0.0014755527451053,0.0635820021463348,601
cg22227345,0.09475763195208298,0.0005458830494691044,0.02579472205811706,601
cg22230559,0.8191886448746811,6.223729066061813e-05,0.00016149635626883097,601
cg22233844,0.02241184992732679,0.0003865151739262821,0.009722266203154528,541
cg22235258,0.9203948675160657,-0.00016730008072328266,0.0027157972197842106,598
cg22235407,0.942447940622159,-0.0002765018957222682,0.00801165045011798,599
cg22237345,0.9231246711631756,0.00015098025893451407,0.0025860898455062342,598
cg22245273,0.08197567871973568,0.0005834449556861057,0.03440796478855512,601
cg22245858,0.7933160848378225,-0.00021053888389325695,0.000913650651961917,599
cg22247240,0.8259557580730092,-2.3606856292854617e-05,6.918904007768845e-05,601
cg22247792,0.9903400142008588,5.406745263299473e-05,0.005693833234035495,397
cg22249612,0.3057783118515144,0.0011900808699799195,0.0075796848195580635,601
cg22250531,0.21094227423748807,0.0011102176770414762,0.01895411940548819,601
cg22256631,0.11771470316298747,0.000200286316864353,0.003083533347448264,601
cg22260869,0.04693710411431188,0.0002410552567550494,0.010849891846933302,599
cg22265605,0.9460870656023624,0.00011547534768188732,0.0017069687593621596,589
cg22272545,0.03478013961877391,8.070490277223181e-05,0.0020878415700444908,601
cg22275872,0.9197738969612225,-0.00026047939922665926,0.003680978196486606,600
cg22277972,0.07251916892857735,5.591145211078475e-05,0.0007168635048483418,601
cg22280173,0.0032458834769696523,6.748025447387779e-05,0.009845843544800337,369
cg22280238,0.9862666157418841,0.00014603043321442411,0.003514650041593126,394
cg22286382,0.10538573184450259,0.0005480730185430868,0.009003375901929123,601
cg22290047,0.9132173686583479,1.796042153084155e-05,8.191099490040266e-05,601
cg22293458,0.08649687122333906,-4.663206371404747e-05,0.00019404339023398887,600
cg22304799,0.9226153758797275,-0.00014291948342216813,0.0032553338820240363,601
cg22309950,0.10047218109636098,0.0004756665884323876,0.007079474205440084,601
cg22321036,0.8846162501946438,3.183877615549459e-06,4.247032774351567e-07,601
cg22321810,0.9543659865856335,-0.0005367488788617204,0.008257191189939395,561
cg22325572,0.04840024503527347,4.070821149127484e-05,0.00018294384410533215,594
cg22328644,0.05256669056852326,-1.2949392788264942e-05,6.725377327265747e-05,600
cg22328837,0.5512240120266682,0.0005208547490313418,0.006768123436302953,601
cg22328895,0.07517271489060895,0.0007526273348378058,0.025046713550783473,601
cg22328929,0.9486113844202563,-0.00034955431913088325,0.012615805688396042,598
cg22331159,0.017421226592108183,-5.2052872322908015e-05,0.001070558901146823,580
cg22333868,0.9457774112333394,-0.00040439856878072314,0.009050937585203256,594
cg22335261,0.923711547322453,-0.00039247139112648843,0.010122211925519431,601
cg22352499,0.9111774971269452,-2.8356366375099724e-05,0.00013510549640882719,601
cg22355525,0.9298192107153538,0.00016357481191561353,0.0021655560661473228,586
cg22356117,0.8270960587549472,-1.6136474570812846e-05,4.635402528818666e-06,599
cg22359781,0.1578896411884706,0.0011632362823429403,0.025143769701480134,601
cg22365240,0.5258367450942294,-0.00020911472819662539,0.0009131600997306366,601
cg22367981,0.9409953426457396,0.00013710837833192592,0.0007213399566764478,466
cg22368507,0.8842071825011076,9.383172079616558e-05,0.0018235068764714812,601
cg22369786,0.9552498102571071,-0.000647212883087538,0.01581462625114649,590
cg22374415,0.9441128883901789,1.8407513463159196e-05,2.165914311047512e-05,559
cg22377040,0.0731366590451967,0.00036394402209471077,0.005243185346977874,600
cg22382235,0.9270968068574882,-4.775273353563726e-06,3.2135754187700982e-06,598
cg22388260,0.13905564305671916,0.00034455090036511227,0.006067796541079473,601
cg22389215,0.973871692201509,-0.0003837999339044085,0.006605748051304539,434
cg22391718,0.9465825862476396,-0.00017485637689210927,0.005543359816682414,600
cg22393657,0.8229827545677701,0.0009926439284553253,0.005603002134168977,600
cg22398226,0.8445632644891088,-0.0006938647473065582,0.01122253410541929,601
cg22404290,0.8839840114626908,-9.896575128775412e-05,0.0008519406507095928,601
cg22422264,0.5183542081075144,0.0014644057887987481,0.028331157359424708,601
cg22425813,0.9558265215555063,-0.000259837829787624,0.004431278159963803,569
cg22431309,0.9012084833225336,-0.00040047123203628516,0.017202433537126027,601
cg22433862,0.9684851097368544,9.51111307143434e-05,0.0027394358711291256,600
cg22436753,0.04108726024354539,1.5236163155522722e-05,0.00016576754337882527,601
cg22437221,0.26453890050985346,0.00019524769492653896,0.0013419845338973335,601
cg22438247,0.9282142949028627,-0.00032783423567797935,0.021815675176678706,601
cg22443249,0.9731780362039567,-0.00033094336853107934,0.010972340844790818,568
cg22453634,0.9868546343268789,-0.00016829752988164012,0.0044482522556544835,377
cg22455271,0.97209152891977,-0.00035212211321448056,0.01452107437444805,586
cg22462726,0.9387018868340488,-0.0006984472979834705,0.006263347868512237,601
cg22463795,0.006564019323113707,0.0006294145749501199,0.031484503030061006,597
cg22480742,0.13635629973781416,0.002124295020512129,0.08703903028694449,600
cg22482278,0.9672806625040011,5.2658622292751965e-05,0.0014809213129679533,595
cg22483175,0.965082153670438,3.987746347394051e-05,0.0001685350087424764,524
cg22487322,0.9474528759884322,-4.759144738279217e-05,0.0008329843971952577,600
cg22493372,0.09167637991712113,0.0004251422115282133,0.009942412016390345,601
cg22497575,0.9389791524362571,1.244849842393656e-05,2.0958612492405493e-05,598
cg22502492,0.9361216757523058,0.00011006627606131596,0.001425778466626837,600
cg22502856,0.904690147277199,3.0206155203554258e-05,0.00012542700286310993,601
cg22507723,0.9436005248290801,3.310605587684354e-05,0.0001612241703946582,601
cg22513455,0.04925906849929235,0.00044045172375959654,0.020881570955326167,601
cg22517705,0.1987151681459113,-0.0009342819185129555,0.009853422730938033,591
cg22521151,0.8871374545874302,-0.00016122897162695806,0.0035178992672166842,601
cg22522961,0.9561017760789862,-2.2332508854932677e-05,4.5405244363028174e-05,554
cg22524864,0.9795868532802303,-0.00011382626589942347,0.004082411685558784,598
cg22526430,0.955241300422332,-9.714901440650451e-05,0.0015340653515185654,601
cg22538263,0.8872858533552265,-0.0002825897114136928,0.008507458862621275,600
cg22539390,0.9942074343993309,-0.0004944134164053663,0.010068722239471861,406
cg22540600,0.833144791518396,0.0002470169188602604,0.008892827554955351,601
cg22552736,0.8358470539889492,1.1737237501511065e-05,1.2582014978224088e-05,601
cg22556036,0.05308714377675948,0.00020946772288167422,0.014581621308331294,601
cg22565248,0.9338860261558772,-0.0003591290985568408,0.008326918447404852,594
cg22572614,0.9048370579310727,0.0002799715815807152,0.008113104708026841,600
cg22581364,0.2988208581864537,0.001576191343798939,0.0232690395729368,601
cg22581896,0.8068286461929534,0.00023635141929029586,0.0026302038386403215,601
cg22585786,0.9368755045011375,-7.77962378822086e-05,0.0010179757693863367,600
cg22588983,0.9039558774040423,0.00010715404164335424,0.001409494173230108,601
cg22589778,0.31022161909761986,-6.0015171548764295e-06,4.824208572618005e-07,601
cg22593953,0.8755050016863918,0.0002142118694221243,0.005486448671712774,601
cg22595391,0.0864058313479835,3.315318519199753e-05,0.000191005820076251,601
cg22610645,1.0108103893206501,-0.0003215434094454188,0.03238362504280434,60
cg22614759,0.043933330904878644,7.684785464620838e-05,0.00309988406770334,601
cg22615910,0.9379697476060612,-1.6286940696879492e-05,7.558165482579593e-05,601
cg22621169,0.949405854708223,-0.00030961251015348035,0.021351053619401483,600
cg22633057,0.975947896694234,-0.000157057572817591,0.0024521680449660632,527
cg22647566,0.9575744824081059,0.0002760530800576681,0.0038550851155458865,194
cg22651478,0.9601655149192908,-0.0001901442307988909,0.006424364894403678,598
cg22663660,0.9678379266050323,6.009177551931986e-05,0.000694542501393336,555
cg22685816,0.8078081598014429,-7.932120135915726e-05,7.351074949280001e-05,601
cg22687244,0.05545883384892876,5.871368107646803e-05,0.00018837748178501812,566
cg22688072,0.9674356847203409,-0.0003938143539575275,0.016668186831107823,582
cg22691524,0.9288061467356505,-6.511881888422276e-05,0.0008289198251441032,601
cg22706147,0.8853406216709915,0.00025056367863468575,0.010154247163324137,601
cg22708112,0.8120322308601409,-0.0007165216054022988,0.0036639774429128025,601
cg22709362,0.9096851138377222,0.00011309084081086167,0.0016786106156120306,600
cg22712983,0.6754002829328216,0.0004973589336936908,0.0015272196639792845,600
cg22713192,0.9556854005947677,4.451155942935686e-05,0.000192832981447566,553
cg22727572,0.9938372104923388,-8.139267029597607e-05,0.0027806604339496444,337
cg22730327,0.9302089503278494,-0.00015795853202640167,0.005023895060397465,600
cg22732101,0.018085354641474153,0.0003337992100249534,0.018065428654584714,594
cg22734236,0.9169789602321123,-0.0007429599726267614,0.02675113166891907,598
cg22736682,0.9332569726613693,-0.00011449894935236183,0.0027104656252237014,599
cg22738440,0.9848043713340099,5.603723988774906e-05,0.0003636920256392395,219
cg22741735,0.987658213103207,-9.014837924144867e-06,1.9036059532462346e-05,253
cg22742001,0.31782884648806314,0.0011052802437183102,0.0076806584335021855,601
cg22747501,0.78334290179551,-0.000568021740921189,0.00728355838737027,601
cg22749736,0.9853711388047333,8.171477387597227e-05,0.0023508239844276524,78
cg22757535,0.05367825536350679,0.0005450991800865909,0.005205928810223637,573
cg22758493,0.9602631486569432,-0.00015266384116707508,0.004417300037353411,600
cg22768487,0.041050415213215806,1.768061235516887e-05,0.00010570905331463987,601
cg22768676,0.9561553715677713,2.279099077391439e-05,3.6882722944997504e-05,572
cg22770916,0.9862819984672481,-0.00016391582822884224,0.003683370349478743,202
cg22773555,0.028910484088133015,0.00015659683083237252,0.004858805125705801,597
cg22793129,0.04451741584501979,0.00026104050319918814,0.005276500718232269,591
cg22793142,0.8902572523383463,-0.0006726619127547688,0.02301749066865999,601
cg22795463,0.9159172733922973,-4.762723639544813e-05,0.00034776701491423534,601
cg22796958,0.9103813963581702,0.0001088842590744048,0.002901004417355524,601
cg22798223,0.9871773107159455,-0.00011427273793824669,0.006446238586678366,576
cg22798849,0.9746353748200732,-0.00017605709681983722,0.007552761299213673,596
cg22799341,0.8935425709096946,0.0003084989957610012,0.014341788564015245,601
cg22801561,0.04176792286975105,0.000943902964281296,0.03971302866052162,601
cg22801799,0.04774851649929323,1.0253352271029982e-05,4.393250163980955e-05,601
cg22802766,0.8757290222458098,-4.3566903508721374e-05,0.00014544170696528802,601
cg22804236,0.0680848927834109,0.0006041540262140956,0.005514934542061312,599
cg22804839,0.9381333742469117,0.0002685795527432074,0.006012116107908638,563
cg22808633,0.902273336903268,-9.72497659468673e-05,0.0014942631654002447,600
cg22817719,0.9097470685734893,-9.602191601293919e-05,0.0011286533196324111,601
cg22825473,0.9397099266876364,9.776240736305787e-05,0.00170942239348848,601
cg22828340,0.9945036889690853,-1.5865245877606095e-05,0.0004917081676196755,224
cg22834542,0.973771001313326,-1.8352023664648863e-06,6.542853868696241e-07,516
cg22839308,0.04076760530512631,9.652027822931068e-06,1.7110958417942967e-05,589
cg22841286,0.9861308117138996,2.0935527929146287e-05,0.0002660500468256721,491
cg22842717,0.950431334086703,-0.00014235057977929363,0.0016662482575250381,601
cg22842855,0.9074461866333922,-7.639813657344191e-06,1.2978488992509973e-05,601
cg22845855,0.9084704166783478,-1.5204479689681702e-05,2.0348109935008907e-05,601
cg22851378,0.9923714934996135,-5.4032293392244195e-05,0.0017806684936815254,105
cg22851683,0.9808347857732945,-0.0001155989053903187,0.012703461634874458,598
cg22855933,0.1372736648934738,0.0022963692694886744,0.06620002496634847,599
cg22856114,0.9440280582127316,0.00023156198144967303,0.008774636657917112,590
cg22863744,0.060711607364962644,0.00011664055283471124,0.0023623630942123386,601
cg22871947,0.9881168695522731,-6.928520169732117e-05,0.001657434053396467,531
cg22882684,0.9709138184686871,-0.0001643306409899221,0.0019311755774684691,435
cg22885000,0.9311829780764004,-0.00036459495933280627,0.004752688611480371,589
cg22893605,0.6529789464340566,0.0006504122134768727,0.010926761163577936,601
cg22897715,0.08703318400366779,0.0002998931880489102,0.005729550931071747,601
cg22903528,0.9477178981423091,7.543533224216749e-05,0.0004379593897917422,560
cg22904711,0.8151562043138674,-0.0005308382456270887,0.0059931698027473335,601
cg22905726,0.9448738409996115,9.94937743448317e-05,0.0013636915562464935,593
cg22907034,0.9811100693897937,-0.00013809318117011588,0.002455347003718522,432
cg22910462,0.9275773459396925,-7.362481098449702e-05,0.0007651107519129896,601
cg22911013,0.962646154094616,-0.0002593296205473528,0.010383061690248607,596
cg22911315,0.9467829460508791,-3.814982518736728e-05,0.00018266004292899485,598
cg22911687,0.960348275526315,-1.4024655771841643e-05,4.8405512055538225e-05,597
cg22912095,0.9405107353212848,4.1685264721557925e-05,0.00030500394958976607,601
cg22928405,0.968904786198415,-0.00011940188638069969,0.0030198340011350355,587
cg22935422,0.9292334925732009,-5.161618076963878e-06,4.727918755720317e-06,601
cg22939456,0.9070764785404725,-1.2289239297557344e-05,2.6950537962866505e-05,600
cg22941294,0.943249804196139,-0.00036224952937407814,0.019941007571369074,601
cg22941409,0.9398886135888039,-3.6634301684742314e-05,0.00011942104558138045,595
cg22946648,0.853049685303118,-2.6790054794665993e-05,8.846959823183287e-05,601
cg22949949,0.9685836017291151,-0.00010444444952516066,0.0010376565977802121,507
cg22957360,0.8721345886172766,-0.00026434252982551553,0.0033029024344697344,600
cg22958104,0.8571327713085473,-4.752884490261223e-05,0.0003081961813579115,601
cg22959827,0.9059140195637224,-0.00034637004497629583,0.00816689833947526,598
cg22961212,0.9472915004131576,-0.00014449069920934523,0.0014438688583867654,577
cg22962123,0.9445570810196182,0.00018194745431847635,0.006762903173864743,601
cg22963979,0.2723058360751128,0.0022357985406791137,0.051867449937614385,599
cg22964496,0.9471546018778774,-0.0004515147563554795,0.01586570996408887,600
cg22969524,0.9347018948200518,-0.00013930561361568314,0.000913723577347314,592
cg22972187,0.8901936982541466,-0.0002680835439093273,0.0022466704196336673,600
cg22972858,0.9092360411498709,-0.00028527848003768406,0.002088888398344757,601
cg22978940,0.008110407629925827,4.3509993643251493e-05,0.002454457772670282,554
cg22980156,0.9350616132591764,-4.4565637952114174e-05,0.0005331017454971443,600
cg22982767,0.10512517067253059,-0.0005570286090061813,0.04239544810933571,600
cg22987448,0.8953891837717299,0.000413474119434843,0.002193427952786764,598
cg22999830,0.08570117993995229,0.000128200233223055,0.002350244465237017,597
cg23005885,0.9806210867707923,-0.0004494582196243238,0.013673656202254802,599
cg23008404,0.9052243136292789,-5.907757583608419e-07,8.103739423948042e-08,601
cg23010585,0.9377126790165847,-8.171579773861402e-05,0.0015399000548813602,601
cg23013029,0.04148854252767504,0.0008452972961166655,0.038242687690279054,590
cg23013850,0.25716548973898284,0.0011004795481886313,0.017501804191108472,600
cg23014425,0.9967057211257114,-0.00024091447156690296,0.022634097379368168,544
cg23015118,0.0034455377538711524,8.072633557163392e-05,0.008419899893249316,425
cg23021796,0.09779077661099331,0.0006553690932746827,0.01532738906190445,599
cg23023604,0.953524569785266,-0.0006105640779350494,0.017413994140856537,578
cg23029021,0.05449082333741548,-2.2665882818278645e-05,0.00019946096993905815,599
cg23036668,0.9562490734823089,-3.331780316068998e-05,9.324994942472298e-05,571
cg23039227,1.006294271820651,-0.00022073851484556259,0.020704139066923477,169
cg23048215,0.12214648752019518,0.001328534924910108,0.032927822225748304,600
cg23052776,0.10017732747289004,0.0007065480860290024,0.019035844090117493,601
cg23055236,0.9535415974016421,-0.0002612840749219875,0.006977473143503499,597
cg23066808,0.017120789874685696,9.604209386189367e-05,0.004968283830574682,580
cg23068939,0.08027431639119292,3.679159251402043e-07,6.5733534171386054e-09,596
cg23078268,0.08879482965990405,0.001207735357405009,0.02339813551298109,597
cg23080355,1.0001263428016756,-0.0002633204580608764,0.011344954171987331,228
cg23081121,0.9411453500961406,3.0874803694455106e-05,0.0002297155142323426,597
cg23082339,0.020987555676050443,0.0007256891223885645,0.01509355147881708,577
cg23082393,0.9359248935806382,-3.6601966676561725e-05,0.0002984035618530667,600
cg23085676,0.9876114924956415,-5.883230580859429e-05,0.0027969964348557586,578
cg23092956,0.9534541783858614,9.097008492875036e-05,0.000919498517866657,572
cg23093496,0.03451802201302298,0.00018547286533428323,0.011220194598126287,600
cg23093664,0.94189591951581,7.900733765053443e-05,0.0005232968498009027,596
cg23098693,0.6430862341319376,0.0010080529094853086,0.012277207942337665,601
cg23108580,0.9128955587579154,9.581911153074281e-05,0.0008482874079772662,600
cg23111544,0.9355516089090102,-9.78906897406254e-05,0.0009014031138574463,598
cg23111655,0.7158949298298247,0.0008025117119380424,0.01743417483335097,601
cg23114964,0.02763123702828713,-1.3777621378100546e-05,1.818751713844602e-05,524
cg23116540,0.899474747494504,-0.00025927682411001365,0.0015349208872609266,601
cg23117085,0.8294372181208632,0.0004984153388182043,0.0005688163876590435,600
cg23120601,0.9489652016206797,-0.00015395083765409567,0.0013602813513644563,599
cg23126166,0.7598643139543353,0.00028307256321277355,0.001499095556509067,601
cg23129452,0.11001871022155424,-6.956689424466287e-05,0.0003339519975436023,601
cg23130651,0.8699803718601028,-0.0001836047434295367,0.0007305425183521397,594
cg23130731,0.10666325496087649,0.0002961040033570588,0.0029553447821651924,600
cg23134259,0.9584238525453903,-9.389355909395965e-05,0.0019897564126186706,598
cg23138119,0.963768838329814,0.00023038197602971662,0.009157248564577558,467
cg23138261,0.9080274329609387,0.00016213458299109347,0.0038903227427893317,601
cg23139609,0.051965332742084536,-4.7112434578426e-05,0.0001981452999535449,587
cg23152572,0.9827049729552341,-4.0343140834465986e-05,0.001026448741125785,589
cg23165166,0.8346547213066173,-0.00032665107228429114,0.007073488521166071,600
cg23166250,0.8882195721444409,-5.628778778609419e-06,6.283973715603963e-06,601
cg23166590,0.7933347791000196,0.0007129717759987359,0.024473207475398606,601
cg23172911,0.8158589402979816,0.0005896000621061302,0.020078655105891796,601
cg23172995,0.8969062600746887,5.792811075111361e-06,2.4988453138918842e-06,599
cg23174148,0.8979420226714894,-6.78818370672112e-05,0.0005863002746264723,601
cg23176316,0.9388878630951994,-0.00011418200614669937,0.0032152652168027096,600
cg23180235,0.8911313570999849,-0.0005177593503028796,0.013884380578122135,600
cg23180841,0.9328804999792922,-0.0001067892920708894,0.0015191978729963695,601
cg23183559,0.9290090579405416,-0.0002323033462083721,0.007604674086615915,601
cg23184252,0.9641965687707412,-0.00034400292653381255,0.02537207582411194,598
cg23188579,0.06376543869771034,0.00044348634099060076,0.015471326275229402,600
cg23192683,0.016098007735620933,0.0005217983814421982,0.021552047230683824,537
cg23193059,0.3255167919671453,0.0019259058603074938,0.04528477423510291,601
cg23194766,0.9537852081097564,-0.0003040972320801874,0.005599977457610872,571
cg23195763,0.8346032779383511,0.0016474708121291713,0.007999086724182591,262
cg23200873,0.9652596668651735,6.997898528269526e-05,0.0004983311583225403,514
cg23205648,0.07390833441486057,0.00024071878493632208,0.008773496337400988,599
cg23209962,0.8875166467612823,-0.00012978274418189072,0.0016674528312679016,601
cg23212751,0.8727646213733968,0.00010025745767882187,0.0007182710618947041,601
cg23214249,0.9488627183486316,-3.566247216616517e-05,0.00022496168551267015,600
cg23214395,0.9224166451274641,-3.035801421367204e-05,0.0001521060207807512,599
cg23221603,0.06789524540690624,0.00045888250704554095,0.019188552148525218,601
cg23222446,0.9333718861703334,0.00013044225336203495,0.0014394437701908958,599
cg23229016,0.07903466893447308,4.658511839531687e-05,0.0008153908653696362,601
cg23234860,0.9572615440169292,-1.4041687246519833e-05,1.0357312510866912e-05,546
cg23235142,0.038386639961137864,-9.526148578881741e-05,0.0013181989872005362,559
cg23241448,0.007697911315019338,0.00011455045239252494,0.004405917254640346,420
cg23244761,0.949519651231448,-0.0003475417126999658,0.007788949692871805,601
cg23244790,0.042152078008630856,0.0016805559715858229,0.06125014262453121,600
cg23246095,0.9217495587541614,0.00018679538620867403,0.0020796451919025127,580
cg23249922,0.3793338014485919,0.0014819267039461465,0.02142368259203986,600
cg23250795,0.937614913611453,-0.0004698580206661587,0.01916094698209614,598
cg23257934,0.946326363193802,-0.0001735791474981773,0.0033382499588352488,600
cg23271660,0.9657954989087032,0.0002559547195630868,0.007643371245606989,216
cg23273866,0.9631092269814003,-2.6077468421581035e-05,5.437916928208164e-05,526
cg23278418,0.1205479661818652,0.001042822773985516,0.02665262063456153,600
cg23298862,0.9803189101415547,-0.000180796785432289,0.0025872273014450053,502
cg23300494,0.9277921819355331,0.0007557960205216712,0.022167168779111734,200
cg23304605,0.02483540740767195,0.00010165009953834007,0.0008400118751829,475
cg23304647,0.24875461234278923,0.0018791884395417163,0.051048241162706676,601
cg23313665,0.9614970075689558,-0.0001893664139040031,0.005793773088143772,600
cg23314826,0.9831883317512593,-8.517123091728212e-05,0.004641177751846359,590
cg23317818,0.9541752930432233,0.00021971411512130046,0.003577047986025317,446
cg23330668,0.8855286115367815,1.859019227739874e-05,1.6383006540277023e-05,601
cg23332689,0.9603133773382707,-9.739330596274688e-06,1.571989548310171e-05,601
cg23339092,1.0086296983852163,-0.0005738782995813137,0.03437106509663346,211
cg23340514,0.07989311874886115,0.00017793591486511297,0.004238641651149622,601
cg23348155,0.9579216854663868,5.864940760005524e-05,0.0010348349637639975,601
cg23349014,0.9559484594105375,-2.2873091286877613e-05,6.895624339797735e-05,586
cg23352695,0.04600360135848643,0.00019020480067286064,0.002162800485038696,598
cg23353432,0.0032005268612369936,0.0013413104841459062,0.07377861886000314,601
cg23353543,0.031367722158508214,0.0001742098594531926,0.023959733483890577,599
cg23356451,0.9583349918883941,-0.00011718936733797172,0.0020390190025435517,596
cg23357708,0.15192348795810093,0.0007892507006779661,0.019455065728127163,601
cg23359665,0.9790854396916556,-0.0013362870122219722,0.021176400501105586,584
cg23362473,0.9475005301664049,-1.4503107709821185e-05,3.8958974053926454e-05,600
cg23368416,0.9648790943204917,-0.00020599361508356705,0.002411062761132121,485
cg23369601,0.9464127933105069,3.876439013168185e-05,6.54223886119576e-05,460
cg23371877,0.9733126095411275,-5.896280754229769e-05,0.0007753744879798186,567
cg23378722,0.8999743164635692,-0.00018198774837649428,0.004038283557514788,601
cg23379806,0.2587795136856116,0.0008965711639834226,0.012557645333132417,600
cg23385208,0.8877738056563794,-0.00012860371202420652,0.0021870845039052567,601
cg23387569,0.9040071399208718,1.811372807621588e-05,5.072064113043062e-06,599
cg23401088,0.9552911656544242,-0.0005705110076991972,0.01893470322737234,585
cg23404877,0.11003400171935196,0.00019493839508767088,0.0007072340262380683,601
cg23407520,0.9633860940053854,0.0001837936409507666,0.004572669949774899,522
cg23411981,0.012592322690009714,3.419036412782993e-05,0.00019580426243726023,384
cg23412639,0.967609143596081,-6.551077304651837e-05,0.00046670859969066836,534
cg23412797,0.974519541755103,0.0002449813380889171,0.01871382000442756,248
cg23415212,0.08086493866120983,0.0004323197620921638,0.010934030279948881,601
cg23429794,0.052653825564208535,0.00011421217811095038,0.00258604041703292,599
cg23434428,0.6637184405275268,0.00046692774138416067,0.0043517928304425135,601
cg23435821,0.03417974699841685,0.0001076710159775445,0.004200356359618018,601
cg23436703,0.965073317583567,-0.0004987900784009145,0.014703330751274724,573
cg23453435,0.009660949292030261,0.00027625155317973274,0.009155543522565757,524
cg23462772,0.11475060866183409,0.000962871364667223,0.02732055631243957,601
cg23474801,0.9832841540306441,6.878034921008357e-05,0.003504942255186161,527
cg23475035,0.08029614284154714,0.0006754251309017918,0.022016007864294362,600
cg23479561,0.06217473093602423,0.00012108191141357943,0.005924750029036585,601
cg23482747,0.04652093973552685,0.00024948230828569,0.006354933324030476,601
cg23485307,0.04031767685328457,0.00015373445358424353,0.00119054352173098,584
cg23489504,0.911739477121149,-0.0001940024116708432,0.004970805653963684,601
cg23496331,0.9105592098316897,3.6490829584003365e-05,0.00018501714612662035,601
cg23496516,0.9510187454780488,-1.086358051525787e-05,3.685006970211013e-05,601
cg23497683,0.026300408420183115,0.00026110282409277046,0.021953924210013853,601
cg23501964,0.9318796591184632,-0.0002590284759213424,0.010154197615678262,601
cg23507796,0.9246174634053931,9.58098690980186e-05,0.0005021550762159821,586
cg23507945,0.026913854116277766,-0.00015122742769955994,0.004803392262724304,523
cg23510258,0.6841646452527503,-0.0019131412432097422,0.054166612817485804,601
cg23510527,0.913313824204534,-0.00014733392904331795,0.0033019492169046316,601
cg23512701,0.9261136162041684,-0.0004227809224211286,0.021670490451722202,600
cg23513252,0.9944717873720859,-4.4574165829073045e-05,0.004574376324204876,520
cg23513930,0.25544177988694816,0.0015177447689523485,0.033895204463177286,601
cg23514543,0.9712816969016431,-3.778641564193952e-06,1.4815765722042684e-06,415
cg23515942,4.9264577882681196e-05,0.0001126924180617745,0.03336289745784171,504
cg23519637,0.9360920393770168,-2.7481993751461213e-05,7.538196152800936e-05,595
cg23521262,0.9773348810594901,-0.00048274024223069877,0.018210419539750555,546
cg23524184,0.9706144618808626,-9.970396582780215e-05,0.004992550295620846,598
cg23533267,0.9283139001482941,-0.00020601016725304677,0.0027089776505684338,599
cg23538064,0.931611313062884,-0.0002769149440337441,0.010700304028705143,600
cg23542308,0.0628508258615329,0.00017240138776872303,0.007056169524468192,601
cg23543318,0.018522417406080224,-3.580668356758036e-05,0.00033779503831676827,316
cg23547048,0.9743106195055355,0.000234039798692473,0.003018093979374248,158
cg23547892,0.1905952815792661,0.0005675190319365539,0.008249544734555636,601
cg23548163,0.8734150593506751,-1.3549697820573605e-05,3.0236379198189667e-06,601
cg23551120,0.8400620500978864,0.0002503161671272851,0.008292596122767892,601
cg23552820,0.8697314791641794,-0.0005793380781909696,0.011451626859718678,601
cg23553480,0.029628441821392543,5.338647770818743e-05,0.0011655666068972614,596
cg23560676,0.9458947564759015,-8.330738827762803e-05,0.0012023409755952397,601
cg23575275,0.27800960827540055,0.0013093783922031022,0.029488012133038866,601
cg23581088,0.917698729081909,-0.0001329775015101967,0.0038252170036047195,601
cg23581700,0.9492709930146647,-6.738077423841419e-06,6.4548151518240005e-06,595
cg23582982,0.326462128722688,0.0007519334086315535,0.01158874436710533,599
cg23588462,0.100885876300555,0.0017285739877218268,0.07433974074003202,601
cg23590472,0.9237156784852455,-0.0004203799049357351,0.019943323184429818,598
cg23592851,0.9708102743844258,0.0001763116656127691,0.0057064249296305825,247
cg23595413,0.26715743802802433,0.0015007059912979473,0.03187826193226473,600
cg23600322,0.9481285538123483,0.00015398891772897114,0.0023948499775956478,565
cg23601905,0.0680657601177218,0.0015586818549259245,0.05767172002365939,601
cg23606421,0.8756705699449862,-0.00047283489145173463,0.021621479307627256,601
cg23612220,0.04693664952095656,-7.38506218291687e-05,0.0005151184769680572,575
cg23613317,0.9255910657057683,4.782497385728152e-05,0.000534467469465949,600
cg23614811,0.05891157928797384,0.0002300130244685761,0.005127053857759134,599
cg23618477,0.03998029358964482,0.00021666235313767498,0.0022952521378367674,581
cg23625390,0.9816646066366588,3.7126284743806526e-05,0.0003340133650607813,434
cg23627022,0.9622206075153763,-0.00010871609900565996,0.0029873428936851854,597
cg23631538,0.7885608185223568,-0.0008228596200614879,0.010055794729259881,601
cg23633059,0.028999325833102347,0.0002695299108621659,0.01513758538618748,591
cg23635728,0.9661786579299007,-0.0002700700443438571,0.006124314993188662,582
cg23639055,0.9254432373504053,0.0001972635602097542,0.006052327055606321,600
cg23642250,0.10501385947298941,0.00031798272532351665,0.003596920903011336,600
cg23642875,0.9884712336815947,0.00012320872664257928,0.043972565872843816,239
cg23646375,0.5267920927951412,0.0007918415317021965,0.012745632234469673,598
cg23649784,0.9960623796767977,-7.321759337038163e-05,0.010545097742721499,498
cg23657099,0.2722925820432055,0.0010445165452944104,0.009151039682326778,600
cg23660755,0.050018123536912165,0.00025148229035199893,0.025461573194605847,601
cg23661483,0.7113883593606687,0.0007171132791519029,0.011109605407938372,601
cg23663476,0.06501963230423857,0.00010404181794588709,0.00403563734383694,601
cg23666945,0.9477119170882569,-0.00011057916343480184,0.002800735121312181,600
cg23675587,0.9205899110389386,-6.292236954256238e-05,0.0007131638131323559,600
cg23676369,0.0834676486159365,0.000850886101552787,0.03553690757065808,601
cg23676784,0.06575161221043418,0.0002442220537055435,0.008957516433865997,600
cg23684198,0.8823025625061723,-0.000447526161660811,0.01246568998425479,601
cg23689428,0.8927856348512831,-0.0012057524026002568,0.019922610201765778,601
cg23689722,0.4773471754466663,0.000452333704514791,0.0026300843134531293,601
cg23690893,0.439180697792536,0.0009461190890899544,0.011721652710349972,600
cg23691090,0.23409953128046662,-0.001614112360205009,0.024885810094013472,601
cg23691894,0.9002130267612993,-6.782759953526266e-06,3.017479647371424e-06,601
cg23694490,0.8964581744497612,-0.00025024442246079817,0.009153396263145708,599
cg23695184,0.97287929567225,-2.8847160934728905e-05,0.0005035507956696605,598
cg23697406,0.8723228278775487,-0.00025033764770254665,0.007058224734363794,601
cg23705108,0.935797189403837,-9.918087658765442e-05,0.0006697772169111937,595
cg23715830,0.07509903258591089,0.0008324414560520552,0.025040294320998746,599
cg23722204,0.9395897521478375,-0.0005979163714942059,0.012073827189758468,580
cg23730606,0.8742450139953409,-0.00039209671697721076,0.01572084794822104,601
cg23737737,0.016141276297247452,0.00023625365609672997,0.013240557707727363,583
cg23746574,0.04434047316973068,7.062174940089141e-05,0.0007894403815215112,601
cg23749637,0.06515127432842759,0.0012417965044000528,0.027288723243388158,588
cg23752963,0.9654921590840334,-0.0001077375378297432,0.0059481961357770174,600
cg23752985,0.8913918552881006,0.00010966211203843438,0.0008421445505066849,600
cg23760103,0.9534633424079102,8.234061726051557e-05,0.0019599326249621907,601
cg23769730,0.9838588810137219,-5.185159319554432e-05,0.00034712803549830085,231
cg23774717,0.9826935446258794,-0.00013804674544825232,0.005459848445581117,585
cg23780635,0.8499826527387344,-0.0003090230721110172,0.008316960849620525,601
cg23787144,0.9616027360621584,-0.000493802448829124,0.018609744126508065,598
cg23792485,0.9866294196487291,-0.00014437695053247986,0.011048192424688796,593
cg23797100,0.03443374278000181,3.5371830128256246e-05,0.0006083849289939547,598
cg23800435,0.8943986248692645,-0.00020401199149946614,0.0013213272640399953,601
cg23808182,0.9924264253929702,-4.399659903013841e-05,0.001475618023664027,374
cg23809813,0.8476903591217425,0.00010704692372146671,0.000377634678094263,601
cg23817096,0.07669984795930156,0.0019828786395128346,0.06786310978052457,601
cg23822407,0.9052392191554236,0.00019136590157844375,0.002718844641857676,601
cg23822644,0.9737797035877869,-6.84785144427511e-05,0.00038820183052346025,503
cg23824666,0.05194956253316742,6.699933002059097e-05,0.0007419768453327258,599
cg23834593,0.8189614302579775,-0.0005695203278665559,0.013258707944309278,600
cg23840044,0.9433076684781261,-0.0007285889696093045,0.024212602274360617,599
cg23841470,0.9578231114461367,-2.1481196145496282e-05,2.8750756298601132e-05,510
cg23850174,0.1091171983316707,0.001458670656896493,0.02186134767320258,598
cg23850361,0.9656954147290225,0.00012022223200418191,0.0017922449394998097,412
cg23855715,0.8814270228397116,-0.0006808911957251924,0.01636195050573941,601
cg23859055,0.9746341514653087,-0.0003285604449679672,0.008371420451554146,559
cg23878564,-0.014523656920660488,0.0016624595191059616,0.031123122150378824,567
cg23879118,0.031865572792443335,0.0005926479965759604,0.015446596261527334,601
cg23879263,0.8923152829431337,0.00023748005274373886,0.004523701556801374,601
cg23879937,0.9961911703215486,-0.00018042326431228793,0.038852541745391544,593
cg23884076,0.11859817219452738,0.0005623088424835236,0.009129332721159678,600
cg23887948,0.9321074604932928,-0.0006616660347269864,0.02612512950484791,601
cg23893375,0.9627072457180743,-0.00010815348003772643,0.0014253522253295792,575
cg23894854,0.09372975546947625,0.0002720315484901127,0.003928977553244728,599
cg23896695,0.8197197460706156,-0.00019233311534458356,0.0008775781532609495,601
cg23898497,0.7090561290909051,0.0003743527257746716,0.006398972021137039,601
cg23901896,0.9727702507028887,3.803372741541238e-05,0.00027263572606694986,493
cg23906001,0.9608380770515165,-0.00014221395842971624,0.002502267047041151,580
cg23910243,0.9247639705581269,-0.0004028497673588357,0.023337684280815507,601
cg23915679,0.9716767658330409,0.00013058114956599615,0.0028251314605842737,419
cg23916878,0.8973666126681255,-0.0003349669091436877,0.010249916850588292,601
cg23919433,0.11049390607655704,-0.0006472093252933412,0.012683609017193787,600
cg23921031,0.9347954868452297,-6.079897691356228e-05,0.000276044526477226,598
cg23924647,0.051100267660330864,-2.9478211368511853e-05,0.0001068399625306915,597
cg23929682,0.1169620267213196,0.0008708321913961915,0.047068105681190575,600
cg23930711,0.11761647807050761,0.0012945480185146345,0.03406707738319403,601
cg23931049,0.8195054796703661,-4.858788158325568e-05,8.180877535779452e-05,601
cg23931819,0.969765661988869,-0.0003647247075278674,0.016534575941652863,601
cg23938542,0.005743312739872499,0.00015251090839843296,0.01760068533280723,531
cg23944920,0.9157294407936178,-0.00014159091862352935,0.0016453000655353156,600
cg23946663,0.9861397499935409,-9.365638479811905e-05,0.0008018805330043399,147
cg23949574,0.04944309730101218,-0.00011678542327819483,0.00033689180619977943,440
cg23950714,0.44193745945334645,0.0011638848330104287,0.018990157474865432,601
cg23953820,0.6864780283793561,0.00016676016423105045,0.0007988729395742578,601
cg23953831,0.09818156928935708,3.4793722760133254e-05,1.0110159091247795e-05,599
cg23966363,0.04563915510979488,6.469518596989518e-05,0.0008519531577254602,596
cg23966569,0.03284137529281154,0.0005991082675137352,0.03674384105675621,596
cg23971182,0.9243500747753134,6.491728657914902e-05,0.0005827548899853818,600
cg23971987,0.8815944558804119,-0.00023910258144290084,0.003620632546632585,601
cg23972735,0.9094389539416555,-3.666249978105206e-05,0.00012036234549162028,601
cg23974688,0.9313031982737943,0.00013943175373781194,0.0020101103301908285,590
cg23979832,0.9253819795985334,-0.0004040334115148299,0.012360555971622555,600
cg23991274,0.05180733930169786,-9.029711000914854e-05,0.0010977632636165469,601
cg23994061,0.9272300995329291,9.997386722405071e-05,0.0013590824796929635,601
cg23994112,0.862597456612712,0.00039257375178651657,0.013585549164320865,601
cg24002183,0.9931143664598593,-6.572993007062331e-05,0.00992901104228483,593
cg24004483,0.2558847575233749,0.0008135475222695124,0.0053790478566762,601
cg24006721,0.9900155730830831,-9.668105218449734e-05,0.0037417623967928026,481
cg24018174,0.08521218931575128,0.0006429001912692877,0.016755138041655293,597
cg24024214,0.9164188607550272,-0.00039056807434099825,0.00982995284605459,601
cg24025538,0.9430749657348021,-7.037060365510463e-05,0.0011734455075794736,601
cg24026570,0.907670922650604,0.0012475825120511956,0.056761798602875224,95
cg24026619,0.22326210431209048,0.0011512066211330563,0.015350552930826211,599
cg24027594,0.939373914938518,0.00042917500044720397,0.010582972436339544,451
cg24028634,0.047092156039990805,3.0347279435896784e-05,4.270586526566866e-05,594
cg24029082,1.0006088215466118,-0.0004921172727540294,0.030080520627570717,382
cg24035682,0.966356260686003,-7.133218628264717e-05,0.0015747897067116545,600
cg24036791,0.9714406001478357,-9.929831243069329e-05,0.002943916998537577,593
cg24046475,0.06510043995219193,0.0011162208453279225,0.03996906568380321,600
cg24051554,0.03476531334816225,0.00030957000806430503,0.011739398525050015,601
cg24052097,0.8914006072537761,-0.00040227580433941615,0.0090795913301287,600
cg24055525,0.906751952666863,-0.0006467850678968096,0.017801726871486734,601
cg24060908,0.8941773179388048,-0.00018366813033112572,0.0014666231978416322,587
cg24064360,0.9869838493376425,-0.00021602495939570507,0.006177586358473652,356
cg24066516,0.9267339393707043,-0.0004631042512080021,0.00797462061369092,590
cg24066731,0.049850318071197636,-1.0982002592319769e-05,1.6107419879451967e-05,595
cg24067652,0.9475269435286103,-2.277308823208588e-05,0.00010145646103598693,596
cg24071927,0.09903363457848148,0.0005167306933717802,0.018275364623032808,601
cg24072947,0.8044684870031554,0.0004455605472966755,0.008787141896841155,598
cg24075175,0.9693533367179525,-0.0004173539198157945,0.009445001591134705,601
cg24082174,0.866895629542887,-0.0007633057564345204,0.017674793717437742,601
cg24084358,0.8933557758435554,-2.065502728295925e-05,4.200185780967036e-05,601
cg24086611,0.9384383899130638,-0.00023205486460167613,0.003384410065494836,591
cg24096745,0.8984446629830924,-4.177285224616646e-05,9.782888526210787e-05,601
cg24097814,0.8905640602400725,0.00016342697636255387,0.0018250933133112657,600
cg24105287,0.04140029431743611,0.00023243281813722488,0.004796989035710908,592
cg24105933,0.8646235640124412,-0.00014961610869908626,0.0029652922338478938,599
cg24107163,0.03587075501008091,-4.3144781546253894e-05,0.0001843449742965353,550
cg24107852,0.1909759551038271,0.0004740343806809223,0.009089299141649354,599
cg24110966,0.9351549673892685,-0.00012952968567114223,0.0015990571563849754,601
cg24118773,0.9053320334750126,-2.3816697799888442e-05,0.00010728874634646779,601
cg24123468,0.9641075539188789,9.887837827833571e-05,0.0010151550195002246,434
cg24126180,0.17972724129792922,0.0016640772351634015,0.04326378526351504,601
cg24126564,0.9651127856803179,0.00022505564158775606,0.0074653705738314535,417
cg24127639,0.036390401015952444,1.9722973858311706e-05,2.7424704889589258e-05,475
cg24127748,0.9816890530567078,-1.1710612791008207e-05,7.4150392039396e-05,577
cg24132991,0.0861026377714676,0.0007310231780220654,0.03583841742746985,601
cg24133771,0.9486337443900985,0.00012337183641659825,0.0023181543472403643,590
cg24134018,0.07932398434622429,-3.822065743743216e-05,6.974207125876042e-05,601
cg24134897,0.9169304217413867,-0.001715231943723344,0.028712318607826748,600
cg24138325,0.11019169033301032,0.0017985835963961407,0.021273943104390236,601
cg24138691,0.985617503031096,-0.00018138783904827157,0.003231141287809103,595
cg24147596,0.8832578923206992,-0.0005433280220674413,0.020271659215134408,600
cg24147838,0.11803362874917207,0.0010601932205064955,0.024832936014406615,601
cg24150051,0.06780310224436625,3.023124359507962e-05,0.0003112967847734849,601
cg24152080,0.8372067740115121,-0.00019474639253492726,0.002079503015455786,601
cg24156261,0.594715506390307,0.001152404004809146,0.025232245351023086,601
cg24157349,0.26120360120120883,0.0009590097693961768,0.014192742192264962,601
cg24158259,0.020636099677103673,0.00034938992843078627,0.014561627346096562,596
cg24162959,0.975161265469459,-6.188562227653708e-05,0.0006684869826204531,491
cg24166457,0.11108768335969861,0.0007813897024713514,0.022605679878388907,601
cg24167667,0.9497702119900442,0.00017123588761040173,0.0030385868317244213,562
cg24169315,0.3148111687031324,0.0007038647384168728,0.0038463918721231005,601
cg24169669,0.0664763563162204,0.002005294641468977,0.040697339195564286,598
cg24181188,0.030794365577960257,8.457251964127531e-05,0.0014509097261106163,597
cg24183237,0.9930717818630191,-0.0001850436255715948,0.013752584874527796,506
cg24188163,0.7481391141928349,0.000471652775166459,0.005917050234998555,601
cg24199203,0.7536032209476251,0.0010449283229269947,0.018614407481835293,600
cg24203758,0.9504075510408302,-0.00017889776889147086,0.004300403929736851,601
cg24204951,0.962953315084093,3.801921325546608e-05,0.0002496318228387695,587
cg24211976,1.0074068414594852,-0.00034632501970743596,0.020024992160235344,379
cg24215776,0.3530026186586034,0.00019388129699947481,0.0018325293080762028,601
cg24217894,0.9173639499352905,-0.0001459105959238773,0.0008151648577466863,599
cg24232444,0.19385171264782092,0.0015891085370446283,0.04361010813801458,601
cg24246360,0.7011021836276257,0.0006814935205516437,0.016431068569440543,594
cg24247537,0.1385619427598751,0.001562429465748777,0.03329239561386932,601
cg24254842,0.11935289253413336,0.0005299339525150409,0.011076227783302528,601
cg24269657,0.8721129531357797,0.0001287935463031643,0.0010215964057956883,601
cg24270542,0.025118562031685103,0.0004239164943870011,0.021854487963953173,600
cg24279418,0.12191460002928718,0.00016377953757076364,0.0005453865657358836,600
cg24284369,0.007721648725481664,9.922005095276813e-05,0.008208590847638253,554
cg24288527,0.9896944080633046,-0.00017690651126390196,0.010781718375187155,482
cg24289314,0.9133722395618599,-0.0001708854562551738,0.001862587201241661,601
cg24290574,0.0939686578606494,0.000365112353373378,0.005185442916020633,599
cg24296187,0.9379033010657546,-0.00013344336669517443,0.0028553555431058975,601
cg24299074,0.9160670330535697,-0.0001324145654140479,0.0028419649993558505,597
cg24299913,0.8891918725133592,-0.00028144780632074026,0.00730211766537503,601
cg24301692,0.9609893640941816,-0.00016568023839444218,0.0021590061284130213,591
cg24301930,0.028516422026920032,0.0005584314445852179,0.019557858087900004,598
cg24303062,0.9547529857144318,-0.00010651004930133941,0.000486535985955161,560
cg24304617,0.1507461722096316,0.001127585087669885,0.036317682725483524,601
cg24304658,0.9957596770867703,-8.085477453302017e-05,0.008083131946936994,562
cg24311933,0.9529352016350571,-0.00024134196959043586,0.012312386503572581,600
cg24315815,0.9049664398441548,-0.00021406785564575116,0.007229438583611136,601
cg24316821,0.9845636849754739,0.0001407907870532253,0.016752643638414333,407
cg24318091,0.16852115250973307,0.0014806432195166386,0.01064334831475966,594
cg24324628,0.8983663199751077,2.5509968178751057e-05,6.509444076840953e-05,601
cg24324985,0.10674732097654216,0.0011082809620118087,0.023397635679182738,601
cg24331162,0.9079493359069132,-0.00045254608548126135,0.026776951027562945,601
cg24331853,0.961024617030961,-0.00027505113751502113,0.01809991882850326,600
cg24339574,0.9368859452365862,-0.0005473792962358823,0.021703796478953707,601
cg24352349,0.951491999244538,-0.00021833251636702171,0.0116443180141107,601
cg24352618,0.056526359463073036,0.0002045713628751055,0.005789380487613238,600
cg24358964,0.9502344486668293,0.0005024084174761156,0.013648949468118343,289
cg24360909,0.8487951151753693,-0.00015098256476153428,0.0012469348171881833,601
cg24366168,0.977755050911154,3.5286378318423413e-06,8.276613310043146e-06,599
cg24367568,0.0487256643508794,6.821610545600681e-05,0.0028846480021499366,599
cg24370357,0.8979386756917538,-0.0001568300824332219,0.0031076998590805482,601
cg24372829,0.8990091709388174,5.048885094568555e-05,0.00043458713375055247,601
cg24374161,0.03143301570041471,3.223661650579317e-05,8.532549101614162e-05,523
cg24377150,0.937607997289477,5.537587276229446e-05,0.0007001777293941247,599
cg24384195,0.08926782298087378,0.00038001369027078325,0.007286897594913411,597
cg24384244,-0.000735496596588562,0.0005692369918296054,0.02987541823854234,542
cg24387129,0.6325757090568035,0.00017781606558421158,0.0007479865867434654,601
cg24389599,0.9748616985598565,-0.0002052410211766597,0.00949053487503737,589
cg24390590,0.28494649245049886,0.0010400025898886207,0.015936171637876972,601
cg24393844,0.9063894791966225,-1.365796440639873e-05,1.28094182832994e-05,601
cg24394340,0.9186464615024952,-0.0005273221471949815,0.007120961045860019,593
cg24401737,0.1670132066047721,0.0009042090685919543,0.015094267671990402,601
cg24404533,0.9497543679333611,-0.0005151517564993083,0.01866616637864338,601
cg24405951,0.8690438535178309,-0.001253300207664032,0.04808675455312894,599
cg24408469,0.05545283645071747,0.0003289806687137685,0.012048249820750923,601
cg24413314,0.9567249579481216,-6.035147798387619e-05,0.00013373442590502993,514
cg24420089,0.40254898532042394,0.0009502875340824802,0.019973510773225844,601
cg24427271,0.9439948567028424,3.358269417140816e-05,0.0001748151885671012,600
cg24430140,-0.013071920199194564,0.0024157952545339817,0.0929505394910638,601
cg24435571,0.1659951217628393,0.0010558700515532955,0.02190969775402518,601
cg24439686,0.20000464771440274,0.001373259997014411,0.03060415518938442,601
cg24441127,0.028928414965770432,0.00015522741400241638,0.0027855248083914486,561
cg24443446,0.9114328402285465,-0.0004419070172005608,0.017234621757322932,600
cg24448167,0.9766301493033818,-9.599713712835293e-05,0.002083547908519723,511
cg24448340,0.33182756791125734,0.000824396098594859,0.00669718076777126,601
cg24455148,0.929545104599534,-0.00023088140407505697,0.00677789344855928,601
cg24459792,0.038841195514766017,0.000196051413716477,0.005319999726607794,594
cg24463471,0.9638369636148129,-5.8980371241069476e-05,0.0012278520455734077,598
cg24464789,0.8720817319073165,-0.0002493626878431668,0.002924024878641074,601
cg24465943,0.10638119355680027,0.0012771399546174637,0.08107735293178908,601
cg24467535,0.019736956104357536,0.0003660493892902763,0.012963521217269292,534
cg24469152,0.9082863748180742,6.428581604868248e-05,0.0010539834138647564,601
cg24476939,0.9145550184078832,-0.0009917845190801698,0.021302065442195928,590
cg24477778,0.9963007643252318,-2.5178771419697474e-05,0.0025266485882541323,491
cg24479859,0.9043903578832623,-0.0001345960709954144,0.0002931630470424107,601
cg24480277,0.9690233638526345,-0.0001619983493901024,0.003831554239052015,574
cg24480810,0.14296597413134282,0.0012852498692615896,0.04584437378256945,601
cg24482314,0.9257574779188361,-0.0003566601226861383,0.00899127711415526,599
cg24483502,0.9097707355860227,-6.540555937619971e-05,0.0005275498321186678,601
cg24486037,0.9932993169026303,-0.00011418268031798595,0.005595022553634754,432
cg24494587,0.9509108047946079,0.0002689869069844935,0.004702093629206261,432
cg24495062,0.7939797501139829,6.403665387612288e-05,6.0540093729799516e-05,599
cg24495585,0.05991951950432126,0.0006682995196430379,0.013732618492633297,600
cg24504194,0.04550310585759476,0.00033994850088456616,0.003934307356608824,591
cg24505884,0.9509952178868448,-0.00012126553263527799,0.004723961064848292,598
cg24507760,0.96020948662459,-0.00041186244897126244,0.014898731149539879,594
cg24508475,0.9226039904279101,-0.00010926442586646967,0.0028127395778643205,601
cg24512973,0.9481242515209876,-0.0001604901757230905,0.002846878105431938,586
cg24515095,0.9695434857246148,3.108857106093984e-05,0.00029371587278514966,596
cg24519526,0.9679113830792644,0.0001730579986674292,0.0032147580508434803,250
cg24520381,0.8691159393420186,-0.00012512289320195223,0.0002666557958810323,577
cg24525461,0.9540611182356994,-9.140516875421694e-05,0.0027832274331246465,599
cg24525744,0.8207577674568466,0.00026510828734541917,0.0026729224241460736,600
cg24526103,0.9038767222680206,-8.10117319068756e-05,0.00025037760276669374,599
cg24539090,0.7821438943874933,-0.0003524017828113643,0.004527003547676323,601
cg24540710,0.9277328212941005,-0.0001810133653491655,0.005103916240163486,601
cg24543596,0.934760115403323,-0.00010851158650669252,0.0010523065889282979,590
cg24545967,0.05309030898497417,-5.555768451399116e-06,1.5227704251996599e-05,599
cg24562669,0.9514414404717562,-5.7485012132657905e-05,0.00034100688082139285,579
cg24570346,0.9601846160692182,-7.826369264896746e-05,0.0008651150649227057,587
cg24576358,0.9035626645794341,5.432394579144171e-05,0.0004516589361441836,601
cg24580782,0.9277910430042852,-5.790010382961139e-06,6.735984109607074e-06,601
cg24583987,0.8761041235642403,-0.0005094702638750074,0.017974291799833342,601
cg24590430,0.711733173135567,8.901463723175368e-06,1.7145933358664323e-06,599
cg24590655,0.04757056083194734,0.0002401058975900876,0.0067100324006645895,597
cg24591398,0.8752053774367837,-7.994338213951482e-05,0.0003060241942858255,601
cg24591770,0.9857175038636288,2.3071616155976697e-06,1.6258452875117513e-06,221
cg24594504,0.05928544699435648,0.0002797968244469367,0.013435424559376075,601
cg24601480,0.9344280582554438,-4.008323117697327e-05,0.00018352430279433563,595
cg24602411,0.4201283154490244,0.001245791643325562,0.016583674170806084,599
cg24606701,0.9808910548730148,-0.0003237304959155956,0.01005893309082273,520
cg24607535,0.9523389716284438,-0.000480148806102916,0.02401116216817223,598
cg24610561,0.08717142404700634,0.0006418062102660142,0.02453666763886042,601
cg24613691,0.14489451027758174,0.0012065482044018015,0.014383476388518335,601
cg24613906,0.9442608875712392,-8.543308856150833e-05,0.0006852601283203752,596
cg24621754,0.9812003655870497,-0.00021241598128819594,0.007280850481553691,528
cg24631735,0.90257502577774,-0.0006104100607164965,0.017470204760131947,601
cg24633967,0.9596275052549602,0.00018617795948552715,0.002280390949916722,385
cg24641737,0.10037638961926612,0.00047306027427716633,0.01247180813248927,599
cg24642015,0.9673344406548667,-0.00017332242614629648,0.0023223452027193447,489
cg24658487,0.28713813321471393,0.0007587070448198959,0.011486720317801513,601
cg24658737,0.9401099152305299,0.00011924510523009828,0.0017340854775851344,593
cg24659037,0.9890464030034527,-7.57716051101969e-05,0.003028087619807107,548
cg24661860,0.848281023032191,0.00024030412096812188,0.0019662208145305726,601
cg24668061,0.9984146162016511,-1.684536698500719e-05,0.0011570204452955313,79
cg24681845,0.007864575136917639,0.00011490627762690715,0.006340472133646413,420
cg24688939,0.9940572976694703,-3.0647344453741185e-05,0.0019049045431259737,539
cg24690709,0.15074781867956794,-0.0005080483283418561,0.010962590919478155,600
cg24691330,0.9827723238159182,-6.848678911772324e-05,0.0014459297319247,507
cg24691453,0.0895986450055882,0.00011848764585960437,0.003562739712968943,601
cg24693287,0.002424661593089919,0.0005131106262468593,0.05497148676548813,601
cg24696728,0.9821188002613848,-4.3105731422304296e-05,0.0005406912773069372,600
cg24702147,0.9618863315556434,-0.00016386057823054953,0.0010806456549484755,572
cg24705426,0.96663645670467,4.315685546498642e-05,0.00014146664403769105,524
cg24706505,0.21485178001220237,0.0012282310869718134,0.00825527918679303,601
cg24714094,0.9541529536299607,-0.0002099569703912279,0.005772285092726648,597
cg24718015,0.11983038357595643,0.001035052942151528,0.054072868132579055,601
cg24718382,0.9023134250187065,-0.0008305660782726742,0.01723795550423779,583
cg24719726,0.9419450591878953,-0.00023443373858735914,0.00481683998109006,590
cg24721179,0.970288795757655,-7.872172030982469e-05,0.0007459049310735155,453
cg24723129,0.9775823900263364,-0.0010380284201812874,0.010877044974520245,601
cg24727188,0.9636676605349009,0.00014226944700124436,0.0006779705702910643,264
cg24727290,0.8606320715020646,-0.0003350093548037165,0.006346663583789769,600
cg24734069,0.9717770866318304,2.4717414284098106e-05,7.30489785556454e-05,378
cg24742298,0.0420480659327156,-6.764848958045095e-05,0.000529079642838437,599
cg24742520,0.28674939261185567,0.0027252945091359258,0.05949895413511397,601
cg24749672,0.0129687488672773,0.000158738442189853,0.00697722872484785,540
cg24757533,0.9962037996155161,-0.0002049988049415808,0.022048083294459286,590
cg24762231,0.3203627705402703,0.001045315946170335,0.013057599235035577,601
cg24769158,0.992648141938075,4.617197149116934e-05,0.005505544501781867,304
cg24769398,0.8845341992891634,0.00010342832819650455,0.002039602665254825,601
cg24784416,0.9645322345898336,-0.0014255315683113583,0.005454004465557216,589
cg24787755,0.13284859750775255,0.0010894590013542718,0.029423141931500307,601
cg24788034,0.9589476993621652,-0.00028624738343487966,0.009697274914788112,598
cg24803202,0.8627820927448431,-3.9704681110417386e-05,0.00023639620069249023,601
cg24805759,0.8831948124098109,0.00012604352777168483,0.0016133527188214591,601
cg24810836,0.9676431114415929,-0.00015516018609461964,0.0032861566437065726,589
cg24819686,0.03746858601804992,0.00043774785240115795,0.026823463998693287,601
cg24828422,0.9457972382484321,1.7089501860769972e-06,5.166442099691082e-07,598
cg24831391,0.9865858652492866,-0.0001294815869497979,0.01062402385540051,596
cg24835159,0.9508103320346888,0.00010125621008436108,0.0032898269049622675,598
cg24835948,0.0670107288798117,9.543210682101998e-05,0.0005279769415205138,599
cg24838825,0.14084639781342956,0.00012149119890639955,0.0007921248138537118,601
cg24840072,0.8286014876303687,-3.291573365623644e-05,0.0001108576519129878,601
cg24845662,0.9748273175754399,-0.00012233066192982,0.0011866020531674515,441
cg24846791,0.8007635336753228,-0.0002212204601213651,0.0008590497302433109,601
cg24847366,0.9344270302178217,-0.0002681863079145339,0.003654845677029339,596
cg24848608,0.9836573634665627,-9.531706280609024e-05,0.0012525892471799693,374
cg24850334,0.8661412304119848,-0.00017404856405893232,0.0008952609371020159,601
cg24852561,0.9357972327728553,0.00011874582113615393,0.0034183675352817966,601
cg24859352,0.07912757731736553,0.0008273138577995145,0.05941836480728857,595
cg24863262,0.8407582652735588,0.00017194526594515133,0.004218067337508735,599
cg24866363,0.09449828810384533,0.00043414921319478566,0.0079549882125044,601
cg24869393,0.9600372021052717,-0.0002502520529010212,0.004590473626011171,576
cg24874003,0.8306611898269456,0.00048156184261783323,0.014197424843495732,601
cg24874783,0.8668258770282664,-0.0001684208429945955,0.002119214836139416,601
cg24876069,0.9376644990372732,-0.00027793343677609523,0.004637623024784543,596
cg24877510,0.0653724816927823,0.0001684973831932035,0.0007174284112555496,572
cg24878594,0.9395166833298179,-0.0002548455243855014,0.011934201950862144,601
cg24884265,0.903728670420827,8.524820801735992e-05,0.0009153637008281201,601
cg24886257,0.03543694734109833,0.0020288771528664978,0.02667820436723889,600
cg24887416,0.0022466373044419587,7.609792882348282e-05,0.011931018573040908,456
cg24888257,0.05898897897965474,0.0003467562606576543,0.004715170773449517,589
cg24889708,0.9706759418113593,-0.00044637809038282225,0.02269754481990871,595
cg24897392,0.937094904861747,-4.7889353811434084e-05,0.0005751631954550307,601
cg24901637,0.03891371482746066,0.00029594379713789026,0.016378506576312568,601
cg24916165,0.941992039000756,-4.262384404017403e-06,1.1536840114345637e-06,576
cg24921858,0.6996194835052064,-0.0019250784379566685,0.05562024520466646,601
cg24922129,0.03290169489762521,0.0002602962351631378,0.00561094943505136,554
cg24937306,0.9352206932904785,-0.0002973070288791458,0.0059345835865100005,598
cg24947456,0.09111349360045737,0.0007989614948404002,0.030521324133594874,601
cg24951100,0.09331785414475521,0.0003188960761133174,0.007613958581269453,601
cg24951886,0.7128802209153147,6.917451664005028e-05,0.00011606015896414856,601
cg24958342,0.95728026327796,-0.00018682408573687828,0.002846899422684679,581
cg24965080,0.968080543720696,-3.194136268935904e-05,9.125885286065394e-05,480
cg24965479,0.021844351435720753,0.00013860182720333968,0.005079557949367097,581
cg24974356,0.7066349497521225,0.0005446941946085055,0.003120539003280798,601
cg24990255,0.9411357476416407,-0.00014955889583424364,0.0013797439966795055,591
cg24994625,0.9055452105514162,-6.05472276925116e-05,0.0004079883492845715,601
cg24996981,0.011180629259355031,0.00021646006170628876,0.013958308676128461,556
cg24999588,0.04628762386925054,-4.24554319508401e-05,0.00024114014419818197,594
cg25000308,0.9431902718385505,-0.00012116034143548611,0.0016811821628919255,600
cg25004838,0.8934064326683666,-2.513281936287289e-05,2.452696135335497e-05,600
cg25006194,0.23728205131995114,0.0014530963743243715,0.04755443792073277,597
cg25009842,0.9288488786633042,-0.0007770822762177796,0.055383114387740795,601
cg25010415,0.9551424334838904,0.00027103391987737014,0.005734146832012343,305
cg25012185,0.13833551488757145,0.0012305515753868591,0.032028593804307226,601
cg25014247,0.9236189284735888,7.659221913171158e-05,0.0011742860315097081,600
cg25015613,0.8965992719573598,-0.00019712415772697934,0.005496311421552047,601
cg25018208,0.9837512098068494,-3.72672309139769e-05,0.00045696152248131394,431
cg25019898,0.9722436780523898,2.3253758070110207e-05,5.672968619718777e-05,383
cg25023095,0.21648305245848148,0.001211744072502221,0.02255893438137213,597
cg25025181,0.273897032855739,0.0016111756480217735,0.020261316398994755,601
cg25026359,0.9459416118324336,0.0006666348576254826,0.03909990053668089,89
cg25028308,0.9742761385934395,-6.734452385262661e-05,0.0011106561611988752,576
cg25028855,0.9013374866256387,-0.0003349456651622135,0.013741171924288031,601
cg25031824,0.45826982649153847,0.0011421365027879814,0.017020574423471824,601
cg25032595,-0.01723635517301697,0.0017183115791902226,0.07052525438539947,600
cg25032968,0.9399209022949602,-4.093564096246022e-06,4.2813323326562625e-06,599
cg25034478,0.9635718720735693,-6.458450264481668e-05,0.0017670933187752258,601
cg25035631,0.2971391372425518,0.00024901102172821134,0.00038629711118221,601
cg25037165,0.856402358183123,0.0006883338134375241,0.009099533270976234,601
cg25039325,0.05818021667463218,0.00011853999993085648,0.008195603674515106,600
cg25041439,0.8573443557764654,-0.0005743701122601548,0.02180345742149259,601
cg25044186,0.9217970344784199,-0.0001582086704264398,0.0016693809224664902,600
cg25045219,0.10953512722476935,0.0008151133896331058,0.00888640448754574,593
cg25053386,0.8979032455303192,-0.00064770389675844,0.009411965085798002,601
cg25054754,0.019993599262653226,0.0003953556412186543,0.024094112039308224,593
cg25067877,0.9762433417632848,-0.0001116848252852418,0.004272019156550733,594
cg25069807,0.9716900337545,6.612144551006174e-06,4.057161662296416e-06,578
cg25078649,1.0019810626200758,-0.00017429007272855344,0.04050056958958714,301
cg25083933,0.05381416309347416,0.0003980915738568396,0.01487230117450089,599
cg25090972,0.07352791675502049,0.0004274381451146284,0.02466657771273839,601
cg25093492,0.9549377237921851,-0.0007478203364479015,0.03203816865289422,601
cg25094467,0.9416231341754157,-0.00014809084164776076,0.0034726293691402788,601
cg25095032,0.9916760800023927,-2.6999805175871747e-05,0.0004867977511459065,376
cg25095994,0.05247054612103123,-0.00013993803468761082,0.002152619747507911,592
cg25096142,0.9614447726756183,-0.00024088005280967806,0.011897036487668267,596
cg25097946,0.9118487517420953,-0.00025218337621419067,0.002665436180154135,597
cg25105522,0.5804793949490095,-0.002589660734105682,0.03357692705805759,601
cg25113462,0.8809979996613441,-1.2336883728368973e-05,1.137867206024712e-05,601
cg25116200,0.07906985724470696,-3.7970077376746683e-05,0.00026639482951784643,601
cg25119077,0.8903486284173545,-0.00048300022225033985,0.020096975883007073,601
cg25120325,0.8941705146928822,1.4890223435002037e-05,2.5136749438603445e-06,527
cg25122590,0.05740145795100803,7.788250601702555e-05,0.0009201118470678615,601
cg25127214,0.8973879425518032,-0.00023210965966523304,0.005518237270836224,601
cg25127692,0.8904500653844529,-0.00010550097487224398,0.00117543685812882,601
cg25129097,0.941832071013328,0.00012378457161206648,0.0007069118149974907,494
cg25130710,0.97738102804679,1.9725076901621967e-05,6.519528615933634e-05,575
cg25132230,0.03901813571236197,0.0002693468986131963,0.004769851955353954,591
cg25132276,0.9738443571732238,8.184073715852124e-05,0.00035059633232248366,392
cg25132782,0.11639262663278074,0.00015640640317189856,0.0020315685071633505,601
cg25135018,0.1356203333259645,-0.00018285341745761822,0.0005910579362132795,595
cg25135333,0.9495324702226187,-0.0002662557931221252,0.006399112601725099,601
cg25135457,0.8979135627889031,-1.2339265821008082e-05,1.260831966587439e-05,601
cg25138418,0.9216889096987088,-1.5009246660936157e-05,3.224579959337781e-05,601
cg25139229,0.9969374962024605,-5.232800248680475e-05,0.0065274088901843275,379
cg25140444,0.9653986151206511,-9.900960929193026e-05,0.0012962867517413157,575
cg25141894,0.9778013665104459,-0.00019081548345329202,0.003948573238904629,474
cg25149125,0.9396991184083776,-0.00017611593152207613,0.0029166746088465922,597
cg25151834,0.9160645253520909,6.489538140829332e-05,0.000819606982211174,594
cg25165544,0.9900040471894124,-9.72493878385429e-06,0.0001202943134900325,521
cg25170017,0.6577001467367739,-0.0009371522391653488,0.0093556590968783,601
cg25174874,0.9699177804303014,0.00015597954689681675,0.003935422545992218,406
cg25175240,0.9648395833443496,-0.0005125214423048643,0.017270579904684613,571
cg25178500,0.17530790491030412,0.001048508323034841,0.013168108089174124,601
cg25184664,0.968022367427238,-1.5781371227314026e-05,3.0416890994366952e-05,483
cg25191041,0.0330077226301755,-3.300259830569537e-05,2.750142490703933e-05,234
cg25193867,0.9392548330445124,-3.102594029685447e-05,4.732410153929223e-05,564
cg25196508,0.9487002690862664,-4.9262923921059854e-05,0.00012354533411862434,516
cg25198830,0.6507165870597681,0.0013657542263153938,0.013677921080923805,601
cg25202503,0.9227263627299361,7.609008373203763e-05,0.000643035881934706,594
cg25206536,0.9351650477557607,-0.00016014513658713943,0.006118298811449985,601
cg25208291,0.9436943238517207,-1.949714544704585e-05,8.116203559904722e-05,600
cg25210609,0.26634291715587555,0.001388857007816644,0.02377941687669316,601
cg25213452,0.5391695386552364,0.0009251509878436903,0.029947629496516415,601
cg25213720,0.3083368750588435,0.000645617319810909,0.005400420255231242,601
cg25214966,0.9352311414063741,0.0001143812761872933,0.0036883048563646215,601
cg25215230,0.7891430504241579,0.00032230941125309804,0.001095912648088837,601
cg25221168,0.9417530414590595,-0.00027670971716616395,0.009740601253950931,601
cg25232510,0.9748568123600878,-0.00016661396984199174,0.005576592051097062,566
cg25232786,0.9449084901399647,4.006261263764439e-05,0.00039728038347097705,601
cg25244238,0.9409398305167465,-4.1953890817940954e-05,5.598755670122024e-05,546
cg25249728,0.9223781233942201,-0.00044953793159379236,0.014813661363368924,601
cg25253207,0.9727557425979168,-0.00010459855650316028,0.0010368628471238983,454
cg25266281,0.9140109675979333,3.269120602047948e-05,1.8598592495089328e-05,583
cg25268435,0.9320864975332298,0.00010660656148245862,0.0010739852735962563,595
cg25277723,0.06614510740555538,-0.0006013442880612137,0.009147400270124617,386
cg25291653,0.8708217037316639,-0.0002603503768582998,0.003833313874929689,601
cg25292882,0.8960766441347915,-0.0007388022290094227,0.032075572726420476,601
cg25295329,0.12096135654179507,0.00023738372277165833,0.0037907898110872695,601
cg25303150,0.2737045964087587,0.0011490012262532978,0.023864301985757397,601
cg25304198,0.2961640011004479,0.00070375323678394,0.023198072994538133,601
cg25307332,0.05715118175832748,0.00031963570052042885,0.015022499601818007,601
cg25312229,0.8799934614150635,-9.992844590659722e-06,1.1238177167083307e-05,601
cg25315806,0.9535408587910527,-0.00020706203300067133,0.002455455994508693,534
cg25318211,0.8672857162045721,0.00013916631493963912,0.0018231253052459762,601
cg25320388,0.05032509756868277,-0.0005299818180363609,0.008881524416237241,416
cg25320763,0.8891197389052892,0.00032251678783034725,0.003353899117979231,593
cg25326509,0.05673773029473964,0.0005408231620090082,0.005368731479525879,586
cg25334215,0.9671157519865886,2.2421476183329293e-05,7.098746699929492e-05,562
cg25335435,0.9576734884802135,0.00010584411672334475,0.0010149659665731336,527
cg25339054,0.08967996818654847,0.0012703537858482492,0.017029550209824773,597
cg25340432,0.9914013305905472,4.087155047823164e-05,0.0018353916297190187,251
cg25341268,0.968528043344113,-9.744760391198465e-05,0.0013712326914245843,556
cg25341653,0.8811925524989828,-8.421759729399077e-05,0.00028625719443176045,601
cg25343204,0.9681676775711399,-0.0006247996773790136,0.016769857959936463,564
cg25353281,0.08884494983974955,0.0002896018262579478,0.005579574239679808,599
cg25353468,0.9502678293663183,0.000141587707702056,0.003969382330508586,594
cg25360761,0.09534250897251446,0.0014167684218342224,0.046425916776274834,600
cg25363807,0.04358256231972295,0.0018119115441458792,0.0697900774934056,600
cg25364619,0.9565782174773596,1.2788271064290217e-05,2.1232761299061487e-05,564
cg25367691,0.029655783478107142,-5.9486203899763914e-05,0.00043209562723578454,500
cg25370441,0.9413828273896182,0.00011863747766460485,0.001506319742391904,588
cg25373595,0.00499491788832914,0.00011536006356334985,0.019595368742694186,561
cg25375162,0.9251933295255138,-0.0002497875246180353,0.006118981805503632,600
cg25382573,0.9661833122733908,-0.00024294951064577982,0.007682489945882054,594
cg25384897,0.012243800936969388,6.924075027034219e-05,0.002743820442106193,560
cg25387624,0.8742676806833849,6.032705350031473e-05,0.00041772673726303555,600
cg25389087,0.4033286492771633,0.0012950503362681234,0.016272417717825616,601
cg25389791,0.9964468404905168,-0.00011383112305895474,0.009506716944761462,447
cg25390658,0.06517303736397245,0.0011493644436845168,0.08532640547081205,601
cg25401010,0.9624602395731178,4.457664945707587e-05,0.00020188997248737905,529
cg25403283,0.9648912907353934,-0.000299493270493586,0.014203242408214689,596
cg25406657,0.9128141142818771,4.0418392628431766e-05,0.00019349005805857633,600
cg25414370,0.056503572232098065,5.643739827290347e-05,0.00023370571549297114,600
cg25421530,0.8395319843073799,-0.00021986707745279044,0.001545908181176392,601
cg25426302,0.9196259284502644,-0.00038971912685827536,0.005471731971927518,600
cg25428846,0.9328906655461947,5.029154794800173e-05,0.00047509027753922517,597
cg25432336,0.9901754408266407,-0.0003728057755874581,0.015266547245382789,481
cg25432518,0.18505285555242007,0.0008476491273105128,0.018283778054152267,600
cg25435594,0.9359916529759972,-0.0001064264927010346,0.0026032497569901114,601
cg25447873,0.9712208288875676,-0.0005150360492355269,0.012499773169661332,546
cg25451702,0.049985647385414694,0.0007345122469992875,0.039735557584151926,601
cg25453677,0.9320285720034012,-0.00039688577826384403,0.006240531363426505,601
cg25455865,0.8576859002126055,-0.0004565696202314624,0.010306377072641593,601
cg25461934,0.8968987591606343,0.00024009015138264436,0.006069330342830859,601
cg25462303,0.04465422747832101,0.00021479696496157154,0.010472249850889237,596
cg25463317,0.9634404144735549,-5.610549416901822e-05,0.00018635819750456584,460
cg25467833,0.8899080603913402,-0.0005318660721378278,0.013619968638019064,601
cg25472458,0.9839625069593583,-0.0002917094139567474,0.006225501059915484,374
cg25477497,0.03474307843197871,0.0003715133267265352,0.015585945802458645,601
cg25479134,0.028073827002736973,-0.00012085576778108901,0.0057653294609567585,588
cg25490145,0.0741013873204052,-0.00017630024311311715,0.0012364089238925402,601
cg25493409,0.993915751162959,-0.00015482163120849132,0.0038207946160636608,216
cg25494075,0.8969245640734026,-0.00011290641700486599,0.0006168712102524454,601
cg25495650,0.003454323277811991,0.002262594387350808,0.09574165895823006,600
cg25496680,0.905051790032666,-4.099805699370985e-05,0.0001806170010806296,597
cg25499543,0.8633841159211161,-0.00043954113664403577,0.002366496785272343,600
cg25503169,0.9361276746364814,-3.9053396591718294e-05,0.0002787018734144997,599
cg25508319,0.10528673091112918,0.0014527949138212184,0.05772583404914022,601
cg25513610,0.07724975899479444,0.0006909013294809448,0.021100084335537894,599
cg25513665,0.9760146590922409,8.030279515424341e-05,0.0006186035154243097,99
cg25518707,0.05451233469928689,0.00021176934262217686,0.0017096741285128614,584
cg25521254,0.9725346624925784,4.874762479507334e-05,0.00018219717173040273,342
cg25526061,0.0829503583872597,0.00036190605701041684,0.00788402767880303,601
cg25541528,0.29975710028002783,0.0018530945325172332,0.036252270125921915,601
cg25546488,0.09044387191791142,0.0005401888312697373,0.005156407717840539,587
cg25552889,0.9127612964002599,0.00011164774258922593,0.0034503555852340995,600
cg25553198,0.9796174328891667,-0.00014846569363782418,0.002418570616171123,460
cg25554212,0.8326796258949208,0.00026339432491275503,0.0017094678248431583,597
cg25555753,0.04017642868286075,6.761261850721225e-05,0.0014153163873397157,599
cg25556008,0.9139448029461401,1.0543809530953894e-05,1.3519032645903373e-05,601
cg25566312,0.9604374350692668,-0.0001416558109079785,0.0019507686086437381,563
cg25567805,0.926651745908759,5.8672418742401813e-05,0.0008373305095208394,600
cg25568981,0.9506626816885211,-5.6027629736641364e-05,0.0003453107957540613,586
cg25569396,0.06144130825807786,-0.00015090012998845713,0.0027613128698860123,597
cg25574765,0.021589755567752764,-0.000275499200543508,0.031146645786629845,83
cg25581330,0.03768038225869075,0.0002834914134008689,0.0176202479533637,599
cg25581822,0.8713620630671263,-0.0005647414080875354,0.015261111535949445,601
cg25586410,0.18722087894796283,-0.0004699377504505198,0.004584037470904079,601
cg25588348,0.9774373804106247,-6.11870917751885e-05,0.0008833907015858289,529
cg25597623,0.9523870078623308,-0.00047917658786655073,0.03131913649486773,601
cg25598890,0.07990935235869912,0.0013740098909397636,0.05830220352429394,600
cg25599242,0.049751252553203305,3.487400575541104e-05,0.00041899131915812404,600
cg25600446,0.9682052894408854,-3.1665569453801445e-05,0.0004575164381747099,600
cg25602756,0.9685609269163902,-0.00027092438017939726,0.018940526003568547,598
cg25606097,0.8748479350298283,-4.781387925929253e-05,0.00018823483460406187,601
cg25608078,0.05922269628130065,1.80462622881043e-05,5.19270468648525e-05,600
cg25614364,0.8453376273771733,0.00043136253453041946,0.011552264528460254,599
cg25615614,0.9514637572754022,0.00019719452095099424,0.0037202567022832644,527
cg25616055,0.08508333275381838,0.0008401055285130875,0.02965322464009046,601
cg25616869,0.9657247219531054,-0.00039753369914184266,0.02765242601805984,600
cg25625968,0.9306661151142658,-0.0006495052257767891,0.007410496776614095,595
cg25632577,0.8520678204977751,-0.00013096515670101366,0.000974101375853853,598
cg25636354,0.9936970466906998,5.556230581687822e-05,0.017514993557726344,236
cg25637722,0.08877799899465011,0.0008391153658443338,0.03445650325798377,601
cg25644380,0.9545251514740133,8.745255055777415e-05,0.0009022982960467107,555
cg25652701,0.10145694845094545,9.659972467913102e-05,0.001623530100687165,601
cg25654653,0.20882757678121,0.0016080516736043371,0.024175747514239565,600
cg25655084,0.9860998855108232,-3.9332333891473615e-05,5.349817892663644e-05,519
cg25659902,0.05525766575796689,-4.368679493081862e-05,0.0004062285296559942,598
cg25662041,0.4983507377492033,0.0006215788665488867,0.00761402826218005,598
cg25663741,0.9555675387738355,-8.88316024652674e-05,0.0020602597361772945,596
cg25666403,-0.0014577413838080984,0.00015598653345647788,0.006289356445066341,303
cg25668878,0.9114610941449987,7.666814607823771e-05,0.0007494227367562667,601
cg25672027,0.8995897311035943,-0.00017048404356439234,0.004385665031439667,601
cg25677709,0.8126196238510572,-0.0004014855488896648,0.008379259599221811,601
cg25680486,0.0830905035054754,0.00025912463613763514,0.014024543140242929,601
cg25695568,0.9097704983664878,-0.00018813538691904994,0.004320968741423181,601
cg25706012,0.03714773284939734,5.825289746686239e-06,5.634361108675101e-06,600
cg25706683,0.8813203618980627,-6.625327529671548e-05,0.00024506951452052395,600
cg25711558,0.32067397169023826,0.001045351430972848,0.011373896237349301,601
cg25717464,0.18125235908282056,0.0009861302348584452,0.02085903951787671,601
cg25718696,0.9245932627677398,5.876190467935994e-05,0.0010086440901138083,601
cg25726549,0.9040703600819409,-6.676830439666027e-06,6.476338868188769e-06,601
cg25728188,0.9771295762587474,-1.8025629055230954e-05,2.3811496850378866e-05,232
cg25728477,0.9341795873981275,-0.0001975635433166397,0.0013976344591269951,601
cg25732410,0.9223781161488508,-1.8993083897067986e-05,5.792442722130087e-05,601
cg25738116,0.5855700155406091,0.0009123860266214308,0.016012689551255344,601
cg25739689,0.9842990400916852,-0.00014475097389914706,0.0036356859190876945,414
cg25739715,0.09514959985880156,3.28547764236224e-05,0.0002165965740741349,601
cg25741118,0.8933833271079349,-0.00046780243637914405,0.008335364107378007,601
cg25742394,0.9716936230491151,5.324867919993927e-05,0.0005973291593540653,551
cg25744355,1.035065139068967,-0.0019830419604216143,0.007412213478215968,437
cg25747783,0.945388080748333,-0.00026144633351092166,0.006289203650140185,599
cg25752754,0.924037270048471,-8.090149694664203e-05,0.0004889150351861105,598
cg25757470,0.9606160383060554,-0.00016722822244757035,0.004352387207008035,592
cg25760227,0.33382448501369466,0.0005461702238330734,0.0055202034832231295,601
cg25765104,0.055728276926860214,-5.8074275199934476e-05,0.0007367467208783118,599
cg25780389,0.03516239438777134,-0.00011719668348590381,0.000756578068217606,573
cg25780735,0.8542707050428716,8.518209045464536e-05,0.0004809622617670817,601
cg25784359,0.90238840334051,4.338286348540414e-06,2.8628940880182085e-06,600
cg25791430,0.578876529006737,0.0006486783100740183,0.00780187800054688,601
cg25814649,0.2931330538221491,0.000691077328367482,0.007019812518342716,601
cg25824127,0.9064532951936652,2.2663003174858986e-05,5.798266328305157e-05,600
cg25827710,0.04756734718713755,9.409029074157018e-05,0.001510388357550796,601
cg25833200,0.9155768036233467,-7.651615156093211e-05,0.0006983318482740586,601
cg25834768,0.9939468376648516,-5.241253877534802e-06,4.159991816266029e-05,293
cg25840318,0.977382278184498,-6.863484027876532e-05,0.003418458762023513,600
cg25845158,0.7529341430282256,-5.029010087779099e-05,0.000245221059434253,601
cg25848339,0.9556058596254288,-0.00015091094809392992,0.002483033498215881,583
cg25850629,0.8748378788421455,-0.00047902989758937664,0.011093506826895916,601
cg25866075,0.08070167471415865,0.0007993469574351259,0.03442421457540912,600
cg25880344,0.8839253265916063,-4.801510847920169e-05,0.0003366174659891197,601
cg25881535,0.9126474836372181,-0.00013476920965294818,0.001407554556752122,601
cg25882256,0.9062986452308077,1.72832054452137e-06,3.01400181368372e-07,599
cg25882380,0.11228660357773652,-1.8847652156711227e-05,1.728262172018269e-05,601
cg25882887,0.9809669466694431,-9.088837537854117e-05,0.004152454872515032,583
cg25888386,0.11243568073318268,-0.0010269526659189732,0.006944563894566658,296
cg25908283,0.8700637364370776,-0.0005731190692432931,0.017003076279069607,601
cg25910803,0.8902289375614435,0.0001490331473631115,0.0020280388912122804,601
cg25913612,0.05893006043686552,-5.260089474387117e-05,0.0007661558400304802,601
cg25922751,0.04803012979074595,0.00018240320561689654,0.002683658958195778,601
cg25922969,0.8586381082590502,0.00039630850247358645,0.022939154002113993,601
cg25923345,0.9317749629511466,0.00021674294469896125,0.005933734501963217,600
cg25924139,0.8926363328788325,0.00020885377664047467,0.009715522236952046,601
cg25927215,0.9506632073300907,-0.00010311811990005403,0.001329410153560473,599
cg25929207,0.9524335101987944,-0.0001084961978229634,0.000813261064079529,558
cg25936358,0.3157037366860579,0.0011331000908697524,0.017066312411491147,601
cg25936381,0.8908162236499971,-0.00026099012659431447,0.008143977718475859,601
cg25941751,0.29081463271165015,0.0014586996094062069,0.02420316199517336,601
cg25946059,0.023276676537862435,-8.442796757684709e-05,0.003800170311740514,557
cg25946605,0.10657055168917971,4.455638263095343e-05,0.00021107471665859912,600
cg25950638,0.285063159019714,0.0005914774719497675,0.005502312782173058,601
cg25951288,0.9816845932814378,-5.267534876779635e-05,0.002061035766452668,595
cg25951430,0.059575540910533666,-4.565109227414835e-05,0.0013486935023601099,601
cg25954028,0.06297552660966219,0.0002984289576782257,0.004999768590955411,600
cg25956012,0.9672405914685798,-0.0001077421308006445,0.0016977210672373122,571
cg25960403,0.9194583813388776,-0.0007675493151067475,0.042755851175745985,601
cg25964019,0.936618516698903,0.0008038811754593647,0.021188247237874602,77
cg25969728,0.8434714111144803,0.0015781318181276977,0.005335212027292369,594
cg25976672,0.9934793671447791,-3.946345254017473e-05,0.0024406174874386233,530
cg25979543,0.9765157035380199,-0.0004202543843233176,0.036202468482805394,600
cg25980388,0.974942203115737,0.0002752971886224508,0.007918529324648205,84
cg25982880,0.014407901981409364,0.0008000078839092326,0.06026026971002241,600
cg25983629,0.9603367275207539,9.351434665436514e-05,0.0013451590262684165,561
cg25996553,0.9090942154453756,-0.00016150038634690593,0.001891384696088294,599
cg25999604,0.9669096340196052,-4.111825966407851e-05,0.0007340100796822124,601
cg26003023,0.9416379765136955,-0.0002414881261548354,0.004875359232636267,594
cg26006084,0.9884742682494037,-0.00012975210733859124,0.0031050553947089554,588
cg26016267,0.911543875863052,7.473465793872406e-05,0.0004051052533922128,599
cg26017930,0.0430149920333142,-9.522147497344931e-05,0.00234792913452031,590
cg26020069,0.8188592952512767,-0.00013696909433097198,0.0007032778290668729,600
cg26023748,0.223460246150031,0.000348870948236104,0.0028435424716700686,601
cg26028155,0.7163656609547241,0.0010917440866511966,0.01648948146318674,600
cg26028571,0.7913794940256217,0.0001151380095290158,0.001352572955797493,601
cg26029997,0.01770704509113071,-0.00014008914377423715,0.0029005184351044155,457
cg26031954,0.9916290577226395,-1.0402201565288401e-05,5.858790326784824e-05,287
cg26043529,0.974657715298222,-7.909240943913615e-05,0.0026601974947015883,599
cg26047066,1.0000098978341585,-0.0002758636132230053,0.010224007253246015,449
cg26049187,0.11847602694945124,8.527789017804556e-05,0.0003268009481524059,597
cg26051540,0.9601455638571623,-9.767704595914788e-05,0.001452980840967233,590
cg26052377,0.930114490299616,6.187628228331567e-08,1.086920997650509e-09,601
cg26053840,0.883254493939206,-0.0005312899682727827,0.01182574109765,600
cg26057104,0.08178853662215829,0.00012567349078714687,0.004087307130026252,600
cg26065909,0.9356476828166971,1.3966742796964966e-05,3.38292006994978e-05,599
cg26068180,0.7664767262734293,-9.841712716949965e-05,0.00041129231891301465,599
cg26070865,0.9658956237859647,-0.0005401354199127289,0.028029298793548763,601
cg26070874,0.9001891264544297,-0.0005504881665279444,0.01621617893986549,601
cg26075184,0.9675132888165684,-3.7407828060673445e-06,1.4083819179777635e-06,497
cg26075213,0.9725856342308241,0.00020971711892566326,0.007771475895571811,231
cg26075639,0.6554970264763056,-9.954899136531143e-05,5.536409656226038e-05,588
cg26081062,0.9773554250711743,-0.00014361565857641894,0.00153189129273823,524
cg26083045,0.8760890405925684,-0.0003146266579557448,0.006968377924103097,601
cg26091981,0.974510208439574,-0.00025119040016017945,0.0070866510484893785,566
cg26094842,0.9451820396794699,-0.00013243009121532105,0.0026721121567174766,601
cg26095694,0.9721399833765734,-0.00011329871841808273,0.0008676512224050636,487
cg26097051,0.9729053943319655,-4.4773520379935946e-05,0.0011622920901657174,601
cg26100986,0.027956107687228157,0.00024558744464767845,0.012302998911724816,590
cg26102475,0.01758505645191704,0.0001734645973914763,0.005555204345667253,533
cg26103369,0.9568860057443785,-0.00010882203320113249,0.0013261278233929197,594
cg26107033,0.9299157002762546,8.782145462105465e-05,0.0006542509788255435,601
cg26107890,0.02305680606140329,7.973835730586372e-05,0.0016453260061590758,571
cg26108621,0.9250167178079055,4.0264339045238424e-05,6.013164577567398e-05,560
cg26108719,0.913067400219969,-0.00019863296690438557,0.0017568676477804912,601
cg26109145,0.7087597365025492,0.00043663808896811043,0.0037651941107013087,601
cg26111283,0.8874761756078727,0.00010634019917374156,0.0016462988761121178,601
cg26112797,0.0769433592728257,-0.0006074938160510912,0.007605207350345977,307
cg26118759,0.05731978852144787,0.0004801450212578102,0.014169585862142453,601
cg26119382,0.9665884687311235,0.00026427335609617624,0.004029662548537316,304
cg26124569,0.9715675585511805,-0.00011675544469510205,0.0010435881232087052,468
cg26124968,0.9952980075617165,1.9825079490633383e-05,0.0013616045621214212,279
cg26129353,0.41396747383146143,0.0006310825790835913,0.010080445352176004,600
cg26131754,0.037699058964686546,0.00040991996200578364,0.03466344272662769,601
cg26131879,0.9773445108668336,-6.057477935113236e-05,0.0005381014354715052,475
cg26131932,0.9174126428811946,-0.00045957277651983866,0.01612172855946903,600
cg26137219,0.8838909810944323,0.0001860914286182247,0.0033415511124057495,601
cg26137350,0.9232869851263886,-4.8754831436028554e-05,0.0002619745982149757,600
cg26154999,0.22360842188807215,0.0010138999114797896,0.027040055860521606,601
cg26157031,0.954564618212282,-0.00016547835447510976,0.0029685317812432332,586
cg26158194,0.05651917833952811,0.0001244297038067806,0.005277123360758473,601
cg26158235,0.9918273561364739,-3.2454915661084544e-05,0.00126955209586177,524
cg26161708,0.965990990375087,-2.0990554204586825e-05,6.523953082349099e-05,597
cg26161816,0.05383312798042462,-5.127033342894608e-05,0.0008036439149913255,599
cg26165081,0.5638092630967766,0.0012176333235689714,0.02465207349435028,601
cg26165286,0.9261141888099353,-0.0004259364907403719,0.017930136857769452,601
cg26166817,0.992084524224333,-5.146412103811888e-05,0.004614328593652517,574
cg26191747,0.9706404122013572,-7.0168248454669e-05,0.0003025484748592211,352
cg26197836,0.888164581640878,0.0002420206913163135,0.003688125681328591,601
cg26198638,0.9415452923156624,-0.000398026202871781,0.013136029070730637,598
cg26203328,0.047960920329871114,-0.00010922676460033124,0.0036999175659770955,600
cg26215003,0.6856463251244985,-0.0038915395894849264,0.026690840436431218,601
cg26215807,0.9726528177095725,0.0001429495839563937,0.005251536928418732,383
cg26216618,0.06352985028837448,1.2513600087992266e-06,1.1397086119302458e-07,597
cg26218269,0.9511998996353238,3.902679905304089e-05,0.0002696675917961411,597
cg26221105,0.08586863574582433,3.368443996959475e-05,0.0002551812266256004,601
cg26221796,0.9146399687717984,-0.00020645252806695882,0.005454074047353541,600
cg26223797,0.9810868034152501,-0.0002747353849251716,0.007713435351100362,499
cg26224574,0.9873353129199445,-0.0003511973855673913,0.017594569072997834,540
cg26225893,0.9403377736048082,-0.0005711501195823633,0.02360405029744328,599
cg26232412,-0.0005722899653790511,0.0003348662532450135,0.018349266810750997,343
cg26238936,0.06518196265178888,-0.00012785918761959228,0.0013155206416586296,590
cg26242755,0.8983488711654767,-0.000504143979109996,0.011818475624781,601
cg26245549,0.9413577572166716,-0.0002788422664643828,0.0016666005326531064,511
cg26253184,0.120446433206948,0.0003821136663790557,0.004587957313590851,601
cg26255210,0.8244021824447222,0.00016066879758990416,0.0010321392871941448,601
cg26255314,0.08570429906174755,0.00020366887451392333,0.004061479420925385,601
cg26256263,0.9853855475519261,-5.28775098881857e-05,0.0007002107951704639,456
cg26256771,0.9090110560876323,0.00021162601218131436,0.004711805915040834,598
cg26269510,0.028363855992309905,6.88018776953528e-05,0.0005656073380851945,474
cg26269677,0.5489324967839664,0.0008822727042913798,0.006417607954620319,601
cg26272072,0.882274969722205,0.0003451584596309656,0.004649653307908674,587
cg26273417,0.0843755410895013,0.000675374744290831,0.034235530449319596,601
cg26279786,0.9287967654896021,-0.00022824398889635756,0.0019232043467743987,579
cg26280326,0.1562383361903073,0.0012977380768301953,0.048659126858276225,600
cg26284388,0.934821736187909,8.843459399769848e-06,3.0545209337429213e-06,585
cg26284613,0.0124777672260246,0.00010547494029341061,0.0069259420538906324,543
cg26284735,0.9034576799328105,-0.00045295326292442217,0.013450221604709656,601
cg26285698,0.04632756263810656,0.00022338112859873315,0.021497519550348065,601
cg26286098,0.9925588189613117,-0.00034371574923883517,0.010514814281304408,356
cg26288715,0.28068817575945987,0.0013017208209846862,0.014199123182600526,599
cg26289436,0.9254760747358767,0.0003159928116479411,0.006950222553752994,599
cg26289449,0.9859931361236611,-8.898210096735336e-05,0.0007851245348281521,298
cg26291848,0.07255726657964251,0.0016547871152455317,0.03893895143542525,601
cg26296101,0.045177533124518256,-4.1840212821329156e-05,0.00010641455028348457,567
cg26297005,0.9299292462291117,7.645462552414459e-05,0.001116364762816846,601
cg26297819,0.08182858366619533,0.0007619320071239411,0.02229926739375032,601
cg26305986,0.8957790110441703,-3.8204263726787217e-05,0.0003170312418125931,601
cg26312071,0.702121745982929,9.924807440480881e-05,0.0002733014419007418,599
cg26312950,0.9559178224392398,4.646684251216476e-05,0.0008869101665005541,599
cg26313247,0.9219363624293113,0.00015862243863414084,0.0007775825525878632,550
cg26314534,0.9912599478541736,3.044226826715352e-05,0.0012715837212935455,330
cg26314869,0.9492557969670989,-0.0002518741837156149,0.010643601057061858,599
cg26315753,0.004858257462173967,0.0002819506069326734,0.024920839462081457,586
cg26328438,0.966635359573521,8.974284996902623e-05,0.0007816131491164002,379
cg26328757,0.9102051275135427,3.82883041098665e-05,0.00031676882623754565,601
cg26332630,0.9034794876939135,-0.00012470487813252612,0.0010628424136742698,600
cg26334804,0.9307289149019323,-0.0008659636654579782,0.02526683963397436,599
cg26342671,0.0023722701201134323,0.00011566547813403636,0.004908517328010675,311
cg26347632,0.9571950584566116,-0.0008176815145436845,0.034730127794061594,600
cg26351916,0.9031281753880076,-0.00013721049046092464,0.002704400751100011,593
cg26353176,0.9218755077240894,-3.8005788566907485e-05,8.748285624549101e-05,599
cg26353877,0.9028404067630691,-0.00012100096730900788,0.0024519732341742317,601
cg26357596,0.06373900291824199,3.467591460537751e-05,0.0001479010630859312,599
cg26360402,0.058782126433982285,0.0005805845128173913,0.011669949918795441,601
cg26366833,0.19073103734425942,-2.952567779431321e-07,4.219916638348309e-09,598
cg26368996,0.9684012833166467,-0.00012397280958070204,0.0020217857971108755,549
cg26370886,0.9387224028979082,-0.00014255243059019734,0.003364031159485581,601
cg26383838,0.905967422163921,4.3542990936766336e-05,0.0002146946205453526,601
cg26389605,0.9553035708503334,1.9958665470902516e-05,4.0007346117976184e-05,568
cg26393964,0.9634520017567597,-7.036364026675512e-05,0.0007948435413851485,575
cg26394055,0.2103555057634322,0.0018321088381957876,0.03325284699574926,601
cg26394940,0.25977780820219876,-0.002085137937403069,0.04877196676988227,601
cg26401673,0.0208963403703411,6.558588149394234e-06,1.5780617741767422e-05,549
cg26402555,0.08883003079955358,0.0013636425594892837,0.04370295611009023,601
cg26402660,0.9719112247924733,0.0002586958179429677,0.008785622958990769,495
cg26405545,0.9015947602479362,0.0001248192242689152,0.0022975070243781426,601
cg26407571,1.0030370054759201,-0.0004972122932808419,0.016472109935300017,490
cg26408612,0.7729519431833849,-0.0009261785866087058,0.017687333701525643,601
cg26409748,0.9596289858471062,7.046216079455442e-05,0.00040736525682327773,501
cg26416887,0.10099203555581325,0.0011128454339485684,0.026447475420467548,601
cg26427090,0.055042741056781204,1.981336046295737e-05,7.054656910843171e-05,601
cg26427109,0.001250359323597996,9.181402658862288e-05,0.010260236022035962,98
cg26427498,0.15210736160641633,-0.00016912640241237701,0.0006001458891845557,599
cg26433975,0.0711907981486019,2.7804391212648017e-05,0.0003775055961851015,601
cg26437842,0.10370634946243118,0.0008888716606750832,0.02604499446277342,601
cg26448609,0.9481909685135939,-1.200759305677087e-05,1.0706260738846396e-05,573
cg26449178,0.9523075300773662,0.0002924188011285174,0.005782182139214664,454
cg26455386,0.8934106458368988,0.000319599596428235,0.009836732915839863,601
cg26456404,0.9035623843543025,-0.0003829554502083368,0.0047178382997508095,601
cg26464186,0.8904753710559824,-7.893179710794183e-05,0.0008860803677316342,601
cg26464821,-0.01520014567394034,0.0008645497980132607,0.03502733511142331,484
cg26465474,0.9345642963042071,-4.920357265690202e-05,0.00015334941315847672,601
cg26467269,0.8583124833879385,8.555245490556857e-05,0.0009965738407482494,601
cg26468833,0.9756178411195869,1.9163704634160044e-05,0.00013668753007523016,598
cg26470309,0.9470041182981931,-1.0502946661967758e-05,2.1034594775426463e-05,601
cg26472133,0.05210581994014554,0.0014346039204630255,0.05700971459250692,601
cg26473818,0.08188559884193032,0.0005503259579049913,0.004107040662945094,565
cg26475369,0.7579405976719961,-2.4792175256076554e-05,1.7205912183126948e-05,601
cg26475911,0.3514148727869813,0.001276647247006657,0.01951457675819812,601
cg26477257,0.963716137595159,3.4098148986319854e-05,0.0003946931710618884,595
cg26482305,0.02672344405842466,0.00022474657939859326,0.015810084639494737,600
cg26482665,0.024661666478112135,0.00030789180634356865,0.0028976076179019206,596
cg26484108,0.9560739354595157,-5.9336960610427936e-05,0.0006848403705277395,593
cg26485825,0.8180677787425072,-0.0004145933808866033,0.005123608889996412,601
cg26488183,0.29196050066752816,0.0011801974618064173,0.014900008841872925,601
cg26495839,0.012340344254510124,0.0009501501381559661,0.009274676520893421,376
cg26498966,0.9670365687949666,0.00032559619936769823,0.01613873609924188,177
cg26499663,0.9361968523410242,1.7094166039230643e-05,7.047332610388146e-05,601
cg26504110,0.9903047874613714,-5.6558599937144833e-05,0.0027560728759062902,542
cg26511075,0.8814894633144092,-0.00016408507085684888,0.003444165455214643,600
cg26517004,0.9522520069081247,-0.00015241208442372158,0.00583072496013326,599
cg26523417,0.887768030680377,0.0001803490865267573,0.001134485889890402,601
cg26530485,0.1293648428113084,0.0013494645613908772,0.03578945605025685,601
cg26531076,0.9684790244289672,-5.136320608958283e-05,0.0005870038834792091,583
cg26531174,0.9951058651676853,-3.9708607177414826e-05,0.0021815835972003317,380
cg26533764,0.8807415801999495,6.812404024214528e-05,0.0003182744742604715,601
cg26535835,0.0012770387543631382,8.148243955725903e-05,0.011711092965746683,370
cg26541780,0.9700807304259017,-7.357988511607232e-05,0.0010374530791091852,600
cg26543150,0.9564057866397004,5.073810414076897e-05,0.00019774655413562492,520
cg26547698,0.04646683251051095,0.0005281459707878117,0.003895131712122968,485
cg26547816,0.5376084950498642,0.0009732561864620416,0.010914612661170331,601
cg26551092,0.9215351508639064,-0.0004647005050045192,0.0105663618572579,599
cg26559703,0.9663357484159623,-0.0004868738963632302,0.012376340486066506,591
cg26563313,0.9612086100850743,-0.0005002046340971781,0.013596171236092025,567
cg26563814,0.9618225599289083,-0.00048006122123373147,0.010155289023379921,577
cg26568031,0.9010043403150945,-0.0009439857615475156,0.03274721383055368,601
cg26572452,0.17928912464686572,0.000588355891119763,0.01052450790162951,600
cg26572770,0.9455580870730689,-9.674347421836551e-05,0.0007092584808768843,582
cg26575450,0.04813930942280458,0.0005292905936080847,0.0425318085648414,601
cg26581206,0.9043607660585362,-0.000792049740518648,0.023170119606016226,599
cg26582457,0.9513924831124551,-3.114385015254128e-05,5.398335530659715e-05,544
cg26585352,0.9717081671374526,-0.00013822370685455368,0.0011737404295742992,468
cg26590603,0.9526541401874662,-0.00047329020020778066,0.024279210899746606,601
cg26591930,0.0749164676560147,-8.143417014245973e-05,0.00013107849570881402,594
cg26595828,0.9363857554851709,0.00029389816327489644,0.010479699690898459,591
cg26598899,0.045443569779980195,0.0006114027235831479,0.026274414160385007,601
cg26604214,0.1475684971970992,0.0011202718393070995,0.02398572278889799,601
cg26613811,0.08129535339437934,6.225129488490004e-05,0.00039392158151874135,601
cg26620176,0.1354071421580289,0.00031250580136591165,0.0028500737603313064,600
cg26625897,0.8674822677690368,-0.00034698043595246986,0.009655670181473064,601
cg26630171,0.9843603686193023,-0.00014000827823682573,0.003643605088609725,508
cg26635451,0.929945454333428,-0.00011717278720564653,0.0008304873520138534,598
cg26639479,0.888099764157692,6.341582548583523e-05,0.0007614415380604589,601
cg26644059,0.03634334153071672,0.000556259087363166,0.044461549365409914,601
cg26645242,0.9868258409937821,-0.0002319532857411251,0.009918014560101551,504
cg26646397,0.9700507099553992,-0.0003831454568138948,0.00973433795860612,525
cg26647646,0.9435088745875277,-0.00010917349905918645,0.0010718692446686218,599
cg26650383,0.9546303860070076,-2.356353698853201e-05,8.76524272317436e-05,594
cg26665667,0.9151136338336718,-0.00036886589530998637,0.004450719755533461,590
cg26668129,0.03839341294118366,-0.00035658517860152314,0.0058223514487871775,162
cg26668919,0.13098706021088818,0.0017970881844336028,0.02542872205621971,600
cg26671477,0.019315110906400784,-1.7524039899186928e-05,7.818531125747263e-05,414
cg26678143,0.8756948497140321,0.0006701741837249718,0.008980352462651053,598
cg26680502,0.03063884548174238,3.055466019632956e-05,0.0006238013052404234,599
cg26680644,0.9122623983777723,-0.0007839632390333052,0.022130297688843892,601
cg26681770,0.09326720509276357,0.0028827076432178743,0.07594906728704443,601
cg26682986,0.9132834664680958,-0.00025507416878557665,0.0030717344446543615,598
cg26683005,0.031873082410039895,0.0002422521397270165,0.01767773040360021,594
cg26689038,0.8726760467248802,-4.777616253503738e-05,0.00022759719064635586,601
cg26689077,0.34308331800862,-0.00024096688969187002,0.0026107015606738893,601
cg26689203,0.02578791568886409,7.891970179135872e-06,9.828426319691275e-06,545
cg26689934,0.9266018987516415,-0.0002860012117490434,0.011309390501840766,601
cg26704293,0.11710040129266167,2.8390720451720218e-05,2.67846877728406e-05,601
cg26725201,0.0007693672106201966,0.00012248968226900132,0.014831838590692481,428
cg26728709,0.15844687292248705,0.00034793642723967086,0.0026424498938451,600
cg26732544,0.8554194132337907,-5.023932924388467e-05,0.00014074371784666972,601
cg26740481,0.8174787129286416,4.959520711661932e-05,0.0001086360190564184,601
cg26741686,0.766199182884541,0.00012852742179673325,9.579135433668284e-05,600
cg26749414,0.9532443163658226,-5.306944450901585e-05,0.00019688837544518112,596
cg26751588,0.8592481893415362,-0.0010658339425627815,0.02185419273561784,600
cg26753302,0.8972829264742214,2.12823371608687e-05,6.7442896142244635e-06,601
cg26758338,0.9534342980037066,0.00036166078420248304,0.007627312687781718,113
cg26764250,0.13261408313263806,0.00042156998711432984,0.0036073515873498163,601
cg26767614,0.9199813308338147,0.0001047577825187524,0.0030580145133117798,600
cg26767986,0.9111057289754675,-0.0001725110102599163,0.0007484774697962271,575
cg26769927,0.05024265194177133,0.00040189350461912297,0.01318000423159682,601
cg26775695,0.8799967768176656,0.00010875423942484008,0.0009662053092633904,601
cg26780125,0.23737268824633279,0.0019033012640927215,0.0477121124002331,601
cg26785234,0.9266550583285951,-4.802275803679949e-05,0.0002106745689852696,599
cg26789453,0.06257225540615005,0.0004162852561886945,0.007015797662660361,594
cg26792576,0.9464662599061222,-0.00012722916094699263,0.00554119278577303,601
cg26793463,0.9083044969441,-0.00014702318360644155,0.00349095880496475,584
cg26796518,-0.00033471821552853026,0.0007708067877459848,0.05335723283362315,595
cg26806260,0.9506595754813277,-0.0003422670053805449,0.008580120407587821,601
cg26806779,0.35583804634880356,0.00047220090890225867,0.0027590658318747963,601
cg26808687,0.8748707817538744,-0.0003856568753945585,0.009472110068673878,601
cg26811313,0.038264973299415986,0.00013526755305319897,0.005535679483084421,601
cg26814335,0.36721465946843207,0.0015997444547224864,0.02391585016837039,596
cg26815229,0.1896709481024666,-0.0010112256307910174,0.019115967817696422,601
cg26819590,0.964024880105493,0.00014231796197570253,0.009168017801139072,595
cg26823149,0.9518341491724169,-7.162608848901606e-05,0.00017625792518183303,425
cg26827987,0.031828324231980586,0.0004910485507466845,0.021621958508022288,600
cg26836479,0.0972911407801732,0.0002874900338271314,0.005688180092287887,601
cg26842802,0.02020274262977417,2.6227552172837064e-05,0.0001454376231282417,538
cg26852645,0.93674289723375,-0.0003240559733445513,0.009240327640040347,601
cg26857315,0.004834150789501224,0.0012694972532531297,0.029982910700428467,599
cg26864905,0.9875230865316159,-0.00011515860066618003,0.0015754977145219229,202
cg26872907,0.8677423618736253,-0.0002690404019375895,0.0013093872685702168,599
cg26874693,0.04150080847701359,0.0004556115530000902,0.014960406250046354,601
cg26875626,0.037508719398966585,7.353320255575067e-05,0.0035946079201535364,601
cg26881863,0.9345641512134836,-0.000316280779246436,0.0047283151843117155,598
cg26883840,0.963046306795281,0.0003653451010155975,0.028071757370190076,145
cg26886976,0.02695622585142638,0.0002629120101618083,0.023384500663309438,598
cg26889659,0.6011594816258657,0.0018656474137895922,0.015276739990587207,599
cg26893134,0.7910103775963739,0.00016607044641485114,0.0005753440754692196,601
cg26894575,0.0779656848477638,0.0001175062187903929,0.003123554745091295,601
cg26897313,0.9624811126845687,7.853344031389405e-06,4.87342306498828e-06,458
cg26916966,0.9331641002097766,-0.00019352890348430413,0.007159247522185219,600
cg26922625,0.9731999620287596,-0.00013367847806510953,0.0015938694733738101,460
cg26923863,0.22849276674003122,0.001592539043971973,0.027817109275115937,594
cg26925463,0.04632918610622411,0.00046745743956715444,0.01177657363567286,594
cg26929272,0.913009862649206,-0.0003296841037654083,0.004606302891566716,601
cg26929806,0.8476062080767919,-0.00015646561184879933,0.0009330001767424712,601
cg26934993,0.9065366059094204,0.00014186465878722286,0.0015941657488007799,601
cg26935536,0.9612343661404398,-0.00027496957271405496,0.007880390552580274,594
cg26945846,0.989793248859272,-9.077113117151716e-05,0.0016384820959932656,117
cg26949055,0.9813599962115908,-8.338821832575252e-05,0.0008414169267504379,317
cg26955337,0.9956607795854865,-7.062117616542216e-05,0.008594274820289516,542
cg26959580,0.9730580653746883,-6.013765271921763e-05,0.0003282884834582278,449
cg26962618,0.33196601212308563,0.001007518575693114,0.01035916604364795,601
cg26963259,0.8772313453966142,2.5391791757353424e-05,0.00011760660380466526,601
cg26966828,0.13205274530362748,0.0010695487423101095,0.018368248547155686,600
cg26972389,0.7895486126328871,0.00027638234514361354,0.002332742509874919,599
cg26974383,0.8727195117128532,-0.0002314393600737406,0.0017270862371594475,601
cg26975184,0.9915608283499273,1.6213717614412472e-05,0.00036976195777260745,328
cg26975807,0.9682622254840294,7.280308610698523e-05,0.0007410839018117121,484
cg26978172,0.9976040217050289,-6.082993595054555e-05,0.0037500750455040643,98
cg26979504,0.023289872463154865,0.0002989630223846752,0.024345540384407838,598
cg26986443,0.954998226969025,-0.00023857949931336577,0.006048567554935769,596
cg27002325,0.9370245484997858,-0.00023592311012731232,0.007430779861745007,600
cg27002639,0.9402485223332188,-7.177559258367435e-05,0.00057791796012574,599
cg27003571,0.9568488312285361,7.683843111096054e-05,0.0008895398922754705,580
cg27005749,0.14464583607823678,0.002287781699908301,0.041978686318366654,601
cg27009392,0.9318596284588476,-4.9126105285970606e-05,0.00037998822511442487,601
cg27019278,0.3795309222386027,0.0006436346536926991,0.006075184377093201,601
cg27020349,0.9759382482862594,0.0001196310440639209,0.0033274110921727162,455
cg27020362,0.4051510758207676,-1.46173474993101e-05,9.8041619146505e-06,601
cg27025722,0.9405606494603719,-0.00014072940570938148,0.0016834220627114371,597
cg27027631,0.12926963094244068,0.0010694721512265707,0.02970582998164517,601
cg27027655,0.9124066533495557,-4.942938016078421e-05,0.00043430985235026753,600
cg27028479,0.8583000744462315,0.00033506192276521715,0.011647614397679695,590
cg27032101,0.8611910147300524,-0.0011349913129926317,0.019590092945683812,598
cg27040700,0.11453167316532031,0.00034747863465034326,0.0073021674142118576,600
cg27049539,0.8916094719854728,-0.00011225805048899789,0.00099311512417799,601
cg27051318,0.06685160646428437,-5.593329496326868e-05,0.00023355016558634922,597
cg27051686,0.9397869110363275,0.00036709937937367534,0.011196644415998436,546
cg27054887,0.9649023845050911,-0.0001253682654338227,0.000334816803553295,251
cg27055782,0.9132799586450641,-0.0003217473447957144,0.015735844570332946,601
cg27056194,0.962461902007158,-6.920823123588683e-05,0.00044897008688482565,545
cg27058221,0.9352268267129684,1.595220331192922e-05,1.3002436821785146e-05,571
cg27059598,0.9202595112576061,4.096969768343283e-05,0.00032268601374674244,594
cg27062397,0.9713184280760511,0.0001864324375610433,0.007217050039914463,394
cg27065896,0.9069160101861448,9.185993515441032e-05,0.0017570378042378598,600
cg27067922,0.06447834257161805,0.0002585487679978278,0.0018612300455695951,555
cg27072749,0.047686433813553385,0.00032678749940693187,0.01447102270518541,600
cg27078890,0.8995821877514474,0.0004081747686923353,0.012413539211392877,601
cg27083040,0.1654498179880152,0.0007598284412804738,0.016591523666585117,601
cg27083891,0.9938135307352584,-5.766749187954146e-05,0.005088892108461973,525
cg27085488,0.9564353446239396,-0.00012024943218496314,0.002800756692001416,593
cg27087377,0.09431130399030194,0.000970636985118995,0.03011229913328839,601
cg27088126,0.7937296622195844,0.00047560353754933817,0.0029013166109465027,601
cg27092594,0.10301187207396373,-0.0002650167559719188,0.005731580381637125,600
cg27100370,0.9444831921063774,-4.685830250288711e-05,0.00010720224550586632,567
cg27100547,0.9513263043025004,-1.2705628924256976e-05,3.3510927634261556e-05,598
cg27107685,0.1515482843461723,0.0015141317704596082,0.04807435786690306,601
cg27109043,0.938672784237595,-8.933373002960742e-05,0.001006282947172643,598
cg27110491,0.9150967478363561,-0.0004053407561145599,0.023080330290260798,601
cg27111250,0.8501863901283013,-0.0003894328413965029,0.001263087333830848,601
cg27111362,0.9517647882518536,-3.238232799211996e-05,0.00012748447434540733,589
cg27111618,0.9341209705983028,-2.7711126516855328e-05,6.765209920978066e-05,591
cg27114026,0.9489867614680076,-0.00027372283010802524,0.008946489143082603,595
cg27116510,0.8512266504849547,-0.0001005781410218031,0.0008478863588468055,601
cg27119740,0.9819718454147266,-5.8834920183273586e-05,0.00034113579219730017,420
cg27121309,0.9504590630599585,0.00016591230968781242,0.003163442182395726,583
cg27121758,0.06265031814239001,2.7017804527676866e-05,0.0002471508047906523,601
cg27122441,0.14112226724176768,5.95257574720247e-06,1.0597419966007493e-06,601
cg27123351,0.8923373765137037,-0.00013674203742392182,0.00255821446718707,601
cg27125093,0.0427391130495235,0.00019774789418743318,0.007294192585447723,601
cg27126442,0.9582537752738611,-0.00022444828808870171,0.007285240854579711,601
cg27131563,0.9680909163940787,-0.0003828251376484666,0.01890742757504804,595
cg27131953,0.9895687945231877,-0.00018213405107410716,0.014253856378071195,578
cg27133780,0.34619607032932337,-5.732677907487017e-05,9.860733176325631e-05,601
cg27134322,0.21213210647210165,0.0007811632649434963,0.010229521995062663,601
cg27134730,0.9090720077885227,-0.0005459580918844691,0.01130539919316309,592
cg27140247,0.13477366213847658,-0.0009802477473238422,0.018136737953099336,593
cg27140633,0.9236953706020123,-0.00012600888523475084,0.0010000888012778875,601
cg27158519,0.8192197252247889,-0.0009782083682003196,0.028603852369321503,601
cg27162932,0.9821130746086202,-0.0001256664812156136,0.005986785212857226,571
cg27166718,0.08546313299576622,0.00046559277084742563,0.01747163553110842,601
cg27168076,0.08766565067135529,0.0007320047819734549,0.04092551791660137,600
cg27168493,0.05466636476545182,-0.00011501072135953405,0.0004756903782696664,510
cg27174787,0.9550014942987264,-0.000152138343500573,0.003697799331901841,601
cg27175112,0.9244203858189777,-0.0001782059725576951,0.007150772796865934,601
cg27176729,0.29604344276036854,0.0020062196421480796,0.025555052279340296,601
cg27178401,0.9885151527639365,0.0001216737681694465,0.01642458722813267,194
cg27181349,0.03574766035461611,0.00017702280638353141,0.005671067190316292,600
cg27181375,0.09553197969611132,0.0014749043910144148,0.03499876341305186,601
cg27198931,0.0932104791799026,0.000613192048943069,0.02032531329855003,594
cg27202779,0.153880738466591,0.002613892288837464,0.07901940237675287,600
cg27203924,0.8658133699074659,-0.0004318139543462584,0.006597481529704408,601
cg27208079,0.9608344073341094,-0.0008410343181971124,0.04475211509518717,597
cg27208536,0.6957843592007811,-0.0002458845437438389,0.000355081761763798,601
cg27213872,0.09704267264327514,0.000322997633242805,0.005910152828769055,601
cg27215100,0.01489806424833626,4.9021794534273434e-05,0.000727681223000598,490
cg27217214,0.7906898178619004,-9.250753025871613e-06,6.272817627439586e-06,601
cg27218993,0.8531094279498421,-0.0003093533036167168,0.003249360940329793,601
cg27219182,0.9414715993007129,-4.161573448665107e-05,0.00041002305587856114,599
cg27224881,0.9055407954271839,0.00017852379867123804,0.0031431094886109623,600
cg27226424,0.37674464179395095,0.001248189255626244,0.018741688850577032,601
cg27230472,0.8941130136403485,0.00024010989774585255,0.0057964992831355255,601
cg27232866,0.0311901468717257,-0.0001939352979403215,0.0032075569829627115,357
cg27235315,0.980671514685416,-0.00011144630077047237,0.0010742882118124353,407
cg27242134,0.8744611350891713,-0.0010350087558234626,0.02590060176092146,600
cg27244773,0.9807667254512072,-7.793787868887826e-05,0.0034210391877513846,599
cg27246744,0.07472855830021273,0.0005755245427181406,0.016499536987819252,600
cg27251686,0.9408474755602368,-6.366148564831145e-05,0.0008032782762160684,599
cg27262054,0.7346395288846077,7.399106948556974e-05,0.00016912224941867393,601
cg27263049,0.213387087000674,0.00040923738270582586,0.0030719503817540073,601
cg27272853,0.9936000164412128,-1.4962176164743524e-05,0.0001526964278306675,287
cg27274382,0.09546573392149735,0.0007010057380489644,0.04243354977095393,601
cg27278086,0.07263132158062788,0.00011372741699993429,0.0029480521958776817,601
cg27280037,0.8857531980460002,5.4854584139311744e-05,0.0005722150442442064,601
cg27284288,0.05960732305309294,6.0916475962545456e-05,0.0009684412946913135,599
cg27285720,0.03793152033213193,0.00022191072739857407,0.0025928434875225337,552
cg27297673,0.9359778528824034,-0.0003213525888261826,0.007534477820988927,597
cg27302255,0.922780995764853,-1.657418233169828e-05,3.370658889501055e-05,600
cg27304952,0.9635241887485343,-0.00010337490939431658,0.0016087166481847381,586
cg27309110,0.9540640938729466,-0.00015391677897222362,0.006944912204829956,600
cg27310710,0.08937501497897628,0.0002180077513107601,0.003650124379276032,601
cg27317813,0.2733873195713936,0.0013705720165828892,0.01747344702385334,601
cg27319151,0.03900586931080702,0.00012383665704248137,0.0010665987066643678,504
cg27327508,0.9852843480674588,-9.726851022830944e-05,0.003574517348914341,511
cg27331292,0.9417048594706579,-7.818972614750541e-05,0.0010875537187081674,596
cg27340480,0.3236543084530503,0.0012861556930410093,0.015338035083043766,601
cg27350716,0.044136559947116294,0.00015588055019406186,0.011778044911580299,601
cg27359374,0.984903368455328,-0.00038538216515320896,0.0029796619794626444,550
cg27360210,0.06697589424754884,0.00010465106075784262,0.00334895759110887,601
cg27360727,0.25298869829484644,0.0010099028127563978,0.026135487981246208,601
cg27362525,0.18984485190067119,0.001539318035596253,0.014419740626354205,601
cg27364780,0.914505227204296,-0.000173820269524462,0.0024479014125614595,600
cg27365208,0.034806696728064905,0.0001119568192048891,0.0064909668075487925,601
cg27366766,0.3959311965365126,-0.0005483863258372312,0.0006209918412155568,601
cg27367142,0.530254445225759,-0.0005303652462298598,0.0016443185948683547,601
cg27370991,0.39829616214243574,0.0009250940168229049,0.016475597549742482,601
cg27372422,0.37254505143623995,0.0010862434640160406,0.016659753829660007,600
cg27372452,0.11300733229341266,0.001043540848531098,0.023012861551463426,601
cg27377213,0.03398934904168848,5.9209055765383456e-05,0.00024417285420286206,583
cg27390009,0.8565266232514704,0.00030489593169588924,0.001468989185956282,601
cg27399957,0.9247336040528542,0.0008868278188993697,0.029608950513568155,160
cg27405400,0.020728858357023452,3.999689149222783e-05,0.0005069060197921971,589
cg27405706,0.8506121296075031,-0.00014817886491565727,0.0019103628173394727,601
cg27408171,0.3362417914031365,0.0006146525398486637,0.002663020424384266,577
cg27410449,0.9632788424946963,0.0001063378852852651,0.0010730949946105017,427
cg27412039,0.9930489755196843,1.083424109055408e-05,0.0003864409412671632,536
cg27412268,0.9551293626790683,-0.0002852696031304671,0.017919861891898425,601
cg27423739,0.8671848188207982,0.00020392631364628326,0.004726154831926843,601
cg27425709,0.9611770886946077,7.377413307616583e-05,0.0007767854292738408,553
cg27436118,0.38504984010004134,0.0018913386761422895,0.031753310179377214,601
cg27436259,0.9954117008194585,-7.634544255276977e-05,0.011583005147525305,561
cg27452117,0.18577249269865778,0.00048147045670794724,0.0065383748971156175,598
cg27456185,0.9552504069614148,-4.411039377450177e-05,0.00018715626131771135,577
cg27456203,0.9290522855111619,0.0001569392680362642,0.0013757429812153443,528
cg27459529,0.216903545407406,0.00047942733799734516,0.0067574054347046,601
cg27467249,0.9748412222773125,-0.00019849332233186684,0.0037001613231421038,524
cg27470554,0.07194038548030038,0.0008859836396081011,0.06343168746866712,601
cg27475152,0.9287200724204916,-4.144726527588913e-05,0.00033629824838776745,598
cg27475923,0.9616684313247692,-0.00020670776715586166,0.004737338181744932,601
cg27477601,0.8950407939112962,7.336835476574931e-05,0.0007021244603980792,601
cg27482619,0.10557710782008443,-0.00016740411044219942,0.005292521093355318,601
cg27484412,0.04091587658857358,0.00013539053553376001,0.0009990490100940663,569
cg27484582,0.9691884453429066,-0.00015075326966879164,0.0021303031575947706,592
cg27492103,0.15096852465704497,0.0003073640721967612,0.003773451503598313,601
cg27495447,0.9291526148095278,0.0001481366836828651,0.004577018630726348,600
cg27503275,0.8834703873796536,-0.00018140657007420738,0.0017388132728008987,601
cg27505627,0.9853310514181491,-1.602208944262127e-06,1.7474155653562917e-06,548
cg27506210,0.8400247109857427,-0.0003721590906709045,0.007418621731075881,601
cg27506254,0.9633394817666248,0.0003997484111757649,0.015651141283033354,53
cg27507261,0.8987480892902687,0.00020837715338674405,0.002846504290164864,601
cg27510041,0.8649126594153587,-0.0002560536943096896,0.002774512372417548,601
cg27511894,0.1767567219721002,0.0006779068400972453,0.017621607307805154,601
cg27516584,0.8685273160050837,-0.00014605023081822632,0.001095317481218272,601
cg27518324,0.9509615160738163,-0.0003844681019821834,0.00891148910750661,601
cg27522235,0.9608597986501237,-8.344866374355745e-05,0.0005595023894972018,526
cg27526549,0.0515540072209972,8.332286737343599e-05,0.00041575712938968223,596
cg27526774,0.02412873327980026,-3.707270778936712e-05,0.000409356344427958,573
cg27528222,0.9844972946136837,-0.0003401974001135607,0.030038407054957972,601
cg27540367,0.0932989758512759,0.0008714134637242705,0.04184365523584843,600
cg27548595,0.874351232135354,0.00010643130136776902,0.0012600872389937345,600
cg27549619,0.04965866446072827,0.0006844084740405328,0.03401651761351088,599
cg27566403,0.9579980548423012,7.479465198827721e-05,0.000783972835484481,599
cg27576271,0.9413002976910245,-0.0003107838678148084,0.005934477538018235,598
cg27577583,0.9417238715885569,7.005470755673783e-05,0.00034456877148203446,584
cg27579501,0.8181191078447562,0.0005479768529700686,0.005961376279514763,595
cg27596068,0.8901769191577181,-0.00017011695665534565,0.004716036540670987,601
cg27597459,0.08082519909776359,0.0012117988200101753,0.04388270972179409,601
cg27598340,0.945203488964492,3.635050992461628e-05,0.00018395929486592077,600
cg27604402,0.037950868195879624,-1.0778506241368461e-06,5.761426336015063e-08,340
cg27604897,0.8455023102292158,-0.0001749043479033544,0.0031204025764747234,601
cg27605748,0.04307490222366051,0.000155472919435741,0.012742194307950094,601
cg27606671,0.9130993597796117,1.8617295140389567e-05,9.715465998683115e-05,601
cg27607583,0.0881603241431788,0.00015004390431536485,0.003414458380835872,601
cg27610561,0.8882582672318786,1.4679396557350752e-05,4.718283870575046e-05,601
cg27621471,0.9651325362917653,1.5646361206114043e-05,1.876015230672934e-05,409
cg27629290,0.9376698771298242,-4.340196113596065e-06,1.5327088981331727e-06,593
cg27629453,0.8760011961860803,0.00015660208472290254,0.0034834456565303595,601
cg27629513,0.8995978610748773,-0.00018803052475163155,0.002553593047794789,600
cg27631199,0.8882999669610645,-0.0003122709966977413,0.007948671398988805,601
cg27631256,0.05867741650645515,2.936827673094951e-05,1.5614049563184018e-05,592
cg27637086,0.970290070789069,-2.517972807441306e-05,9.235401054108472e-05,526
cg27641239,0.024758585909798465,1.7996826116066544e-05,1.812380906873745e-05,376
cg27641628,0.049993809037064865,-5.514662110648742e-05,0.001583497715393234,601
cg27648858,0.9927821236188593,-0.00011813371357656177,0.018767171356945722,577
cg27651243,0.10459915126576004,0.00013008931003860778,0.0021501052064407666,601
cg27651355,0.8961679434937267,-0.00017441924004954476,0.005155136203249366,601
cg27655512,0.09677921665882933,0.0006164898165285552,0.025371136829970387,600
cg27656658,0.9786152111523572,3.1048857941516073e-05,0.00030393997983502175,537
cg27656786,0.24881672873684357,0.0015494155106824694,0.039598122237917144,601
