series,gsm,F,L,mode,rep,C,C_rel,base_rel
GSE247195,GSM7885082,0.1,0.1,clustered,0,16.2291,18.699274109920495,1.1845834773591428
GSE247195,GSM7885082,0.1,0.1,scattered,0,0.9174,1.0570342205323193,1.1845834773591428
GSE247195,GSM7885082,0.1,0.1,clustered,1,15.5086,17.869109344394516,1.1845834773591428
GSE247195,GSM7885082,0.1,0.1,scattered,1,0.8864,1.0213158197949073,1.1845834773591428
GSE247195,GSM7885082,0.1,0.1,clustered,2,16.5141,19.027652955409607,1.1845834773591428
GSE247195,GSM7885082,0.1,0.1,scattered,2,0.8353,0.9624380689019473,1.1845834773591428
GSE247195,GSM7885082,0.1,0.1,clustered,3,16.0053,18.441410300725888,1.1845834773591428
GSE247195,GSM7885082,0.1,0.1,scattered,3,1.0955,1.262242193801129,1.1845834773591428
GSE247195,GSM7885082,0.1,0.1,clustered,4,15.8932,18.312247954833506,1.1845834773591428
GSE247195,GSM7885082,0.1,0.1,scattered,4,1.0336,1.190920612973845,1.1845834773591428
GSE247195,GSM7885082,0.1,0.1,clustered,5,15.8774,18.29404309252218,1.1845834773591428
GSE247195,GSM7885082,0.1,0.1,scattered,5,0.8703,1.002765295540961,1.1845834773591428
GSE247195,GSM7885082,0.1,0.1,clustered,6,16.1282,18.583016476552597,1.1845834773591428
GSE247195,GSM7885082,0.1,0.1,scattered,6,0.8926,1.0284594999423897,1.1845834773591428
GSE247195,GSM7885082,0.1,0.1,clustered,7,15.6468,18.02834427929485,1.1845834773591428
GSE247195,GSM7885082,0.1,0.1,scattered,7,0.9618,1.1081921880400967,1.1845834773591428
GSE247195,GSM7885082,0.1,0.1,clustered,8,16.2272,18.697084917617236,1.1845834773591428
GSE247195,GSM7885082,0.1,0.1,scattered,8,0.8891,1.0244267772784883,1.1845834773591428
GSE247195,GSM7885082,0.1,0.1,clustered,9,16.0698,18.515727618389217,1.1845834773591428
GSE247195,GSM7885082,0.1,0.1,scattered,9,0.9104,1.0489687752045167,1.1845834773591428
GSE247195,GSM7885082,0.05,0.1,clustered,0,9.5195,10.96842954257403,1.1845834773591428
GSE247195,GSM7885082,0.05,0.1,scattered,0,0.9893,1.1398778661136075,1.1845834773591428
GSE247195,GSM7885082,0.05,0.1,clustered,1,9.7799,11.26846410876829,1.1845834773591428
GSE247195,GSM7885082,0.05,0.1,scattered,1,1.0871,1.2525636594077658,1.1845834773591428
GSE247195,GSM7885082,0.05,0.1,clustered,2,10.093,11.629219956216154,1.1845834773591428
GSE247195,GSM7885082,0.05,0.1,scattered,2,0.8238,0.9491876944348427,1.1845834773591428
GSE247195,GSM7885082,0.05,0.1,clustered,3,9.6013,11.062680032261781,1.1845834773591428
GSE247195,GSM7885082,0.05,0.1,scattered,3,1.0745,1.238045857817721,1.1845834773591428
GSE247195,GSM7885082,0.2,0.1,clustered,0,22.8731,26.354533932480702,1.1845834773591428
GSE247195,GSM7885082,0.2,0.1,scattered,0,1.0005,1.1527825786380919,1.1845834773591428
GSE247195,GSM7885082,0.2,0.1,clustered,1,23.0569,26.566309482659292,1.1845834773591428
GSE247195,GSM7885082,0.2,0.1,scattered,1,0.9575,1.103237700195875,1.1845834773591428
GSE247195,GSM7885082,0.2,0.1,clustered,2,23.3605,26.91611936859085,1.1845834773591428
GSE247195,GSM7885082,0.2,0.1,scattered,2,0.9617,1.1080769673925568,1.1845834773591428
GSE247195,GSM7885082,0.2,0.1,clustered,3,23.5748,27.163037216269156,1.1845834773591428
GSE247195,GSM7885082,0.2,0.1,scattered,3,0.9807,1.1299688904251641,1.1845834773591428
GSE247195,GSM7885082,0.1,0.05,clustered,0,7.2525,8.356377462841342,1.1845834773591428
GSE247195,GSM7885082,0.1,0.05,scattered,0,1.0482,1.2077428275146906,1.1845834773591428
GSE247195,GSM7885082,0.1,0.05,clustered,1,7.0284,8.098167991704114,1.1845834773591428
GSE247195,GSM7885082,0.1,0.05,scattered,1,0.9429,1.0864154856550294,1.1845834773591428
GSE247195,GSM7885082,0.1,0.05,clustered,2,6.9325,7.987671390713216,1.1845834773591428
GSE247195,GSM7885082,0.1,0.05,scattered,2,0.8775,1.0110611821638438,1.1845834773591428
GSE247195,GSM7885082,0.1,0.05,clustered,3,6.5904,7.593501555478742,1.1845834773591428
GSE247195,GSM7885082,0.1,0.05,scattered,3,1.0196,1.1747897223182395,1.1845834773591428
GSE247195,GSM7885082,0.1,0.2,clustered,0,28.9481,33.35418827053808,1.1845834773591428
GSE247195,GSM7885082,0.1,0.2,scattered,0,0.7552,0.8701463302223759,1.1845834773591428
GSE247195,GSM7885082,0.1,0.2,clustered,1,28.119,32.398893881783614,1.1845834773591428
GSE247195,GSM7885082,0.1,0.2,scattered,1,0.9804,1.129623228482544,1.1845834773591428
GSE247195,GSM7885082,0.1,0.2,clustered,2,28.8243,33.21154510888351,1.1845834773591428
GSE247195,GSM7885082,0.1,0.2,scattered,2,1.1024,1.270192418481392,1.1845834773591428
GSE247195,GSM7885082,0.1,0.2,clustered,3,28.8282,33.216038714137575,1.1845834773591428
GSE247195,GSM7885082,0.1,0.2,scattered,3,0.9367,1.079271805507547,1.1845834773591428
GSE247195,GSM7885083,0.1,0.1,clustered,0,15.4825,17.411718398560502,0.918578497525866
GSE247195,GSM7885083,0.1,0.1,scattered,0,1.0096,1.1354026090868197,0.918578497525866
GSE247195,GSM7885083,0.1,0.1,clustered,1,15.9883,17.98054430949168,0.918578497525866
GSE247195,GSM7885083,0.1,0.1,scattered,1,0.8506,0.9565901934322988,0.918578497525866
GSE247195,GSM7885083,0.1,0.1,clustered,2,15.4805,17.409469185784975,0.918578497525866
GSE247195,GSM7885083,0.1,0.1,scattered,2,0.8682,0.97638326585695,0.918578497525866
GSE247195,GSM7885083,0.1,0.1,clustered,3,15.1338,17.019568151147098,0.918578497525866
GSE247195,GSM7885083,0.1,0.1,scattered,3,0.979,1.1009896536212325,0.918578497525866
GSE247195,GSM7885083,0.1,0.1,clustered,4,15.4869,17.416666666666668,0.918578497525866
GSE247195,GSM7885083,0.1,0.1,scattered,4,0.7544,0.8484030589293747,0.918578497525866
GSE247195,GSM7885083,0.1,0.1,clustered,5,15.5024,17.434098065677013,0.918578497525866
GSE247195,GSM7885083,0.1,0.1,scattered,5,0.9961,1.1202204228520019,0.918578497525866
GSE247195,GSM7885083,0.1,0.1,clustered,6,15.9894,17.981781376518217,0.918578497525866
GSE247195,GSM7885083,0.1,0.1,scattered,6,0.8844,0.9946018893387314,0.918578497525866
GSE247195,GSM7885083,0.1,0.1,clustered,7,15.6673,17.61954565901934,0.918578497525866
GSE247195,GSM7885083,0.1,0.1,scattered,7,0.8627,0.9701979307242465,0.918578497525866
GSE247195,GSM7885083,0.1,0.1,clustered,8,15.2099,17.10515069725596,0.918578497525866
GSE247195,GSM7885083,0.1,0.1,scattered,8,0.8974,1.009221772379667,0.918578497525866
GSE247195,GSM7885083,0.1,0.1,clustered,9,15.8602,17.836482231219076,0.918578497525866
GSE247195,GSM7885083,0.1,0.1,scattered,9,0.7807,0.8779802069275753,0.918578497525866
GSE247195,GSM7885083,0.05,0.1,clustered,0,9.4726,10.652946468735943,0.918578497525866
GSE247195,GSM7885083,0.05,0.1,scattered,0,0.9106,1.0240665766981556,0.918578497525866
GSE247195,GSM7885083,0.05,0.1,clustered,1,9.7903,11.010233918128655,0.918578497525866
GSE247195,GSM7885083,0.05,0.1,scattered,1,0.8247,0.9274628879892037,0.918578497525866
GSE247195,GSM7885083,0.05,0.1,clustered,2,9.2524,10.405308142150247,0.918578497525866
GSE247195,GSM7885083,0.05,0.1,scattered,2,1.04,1.169590643274854,0.918578497525866
GSE247195,GSM7885083,0.05,0.1,clustered,3,9.4772,10.658119658119658,0.918578497525866
GSE247195,GSM7885083,0.05,0.1,scattered,3,0.9294,1.0452091767881242,0.918578497525866
GSE247195,GSM7885083,0.2,0.1,clustered,0,22.7316,25.564102564102566,0.918578497525866
GSE247195,GSM7885083,0.2,0.1,scattered,0,0.9799,1.1020017993702205,0.918578497525866
GSE247195,GSM7885083,0.2,0.1,clustered,1,22.6145,25.432411156095366,0.918578497525866
GSE247195,GSM7885083,0.2,0.1,scattered,1,0.921,1.0357624831309042,0.918578497525866
GSE247195,GSM7885083,0.2,0.1,clustered,2,23.0082,25.875168690958162,0.918578497525866
GSE247195,GSM7885083,0.2,0.1,scattered,2,0.8693,0.9776203328834907,0.918578497525866
GSE247195,GSM7885083,0.2,0.1,clustered,3,22.4146,25.207602339181285,0.918578497525866
GSE247195,GSM7885083,0.2,0.1,scattered,3,0.8781,0.9875168690958165,0.918578497525866
GSE247195,GSM7885083,0.1,0.05,clustered,0,6.1526,6.9192532613585245,0.918578497525866
GSE247195,GSM7885083,0.1,0.05,scattered,0,0.8335,0.9373594242015295,0.918578497525866
GSE247195,GSM7885083,0.1,0.05,clustered,1,6.2541,7.0334008097166,0.918578497525866
GSE247195,GSM7885083,0.1,0.05,scattered,1,0.8216,0.9239766081871346,0.918578497525866
GSE247195,GSM7885083,0.1,0.05,clustered,2,6.5047,7.315227170490328,0.918578497525866
GSE247195,GSM7885083,0.1,0.05,scattered,2,0.8792,0.9887539361223572,0.918578497525866
GSE247195,GSM7885083,0.1,0.05,clustered,3,6.0687,6.824898785425101,0.918578497525866
GSE247195,GSM7885083,0.1,0.05,scattered,3,0.9178,1.0321637426900585,0.918578497525866
GSE247195,GSM7885083,0.1,0.2,clustered,0,27.9845,31.471547458389566,0.918578497525866
GSE247195,GSM7885083,0.1,0.2,scattered,0,0.9291,1.044871794871795,0.918578497525866
GSE247195,GSM7885083,0.1,0.2,clustered,1,28.4127,31.95310391363023,0.918578497525866
GSE247195,GSM7885083,0.1,0.2,scattered,1,0.7096,0.7980206927575348,0.918578497525866
GSE247195,GSM7885083,0.1,0.2,clustered,2,28.0138,31.504498425551056,0.918578497525866
GSE247195,GSM7885083,0.1,0.2,scattered,2,1.0292,1.1574448942869995,0.918578497525866
GSE247195,GSM7885083,0.1,0.2,clustered,3,28.5265,32.081084120557804,0.918578497525866
GSE247195,GSM7885083,0.1,0.2,scattered,3,0.7976,0.8969860548807917,0.918578497525866
GSE247195,GSM7885084,0.1,0.1,clustered,0,15.7218,17.680836707152498,0.9760458839406208
GSE247195,GSM7885084,0.1,0.1,scattered,0,0.9046,1.01731893837157,0.9760458839406208
GSE247195,GSM7885084,0.1,0.1,clustered,1,15.7043,17.66115609536662,0.9760458839406208
GSE247195,GSM7885084,0.1,0.1,scattered,1,0.8302,0.9336482231219074,0.9760458839406208
GSE247195,GSM7885084,0.1,0.1,clustered,2,15.6843,17.638663967611336,0.9760458839406208
GSE247195,GSM7885084,0.1,0.1,scattered,2,0.8888,0.9995501574448943,0.9760458839406208
GSE247195,GSM7885084,0.1,0.1,clustered,3,16.5241,18.583108412055783,0.9760458839406208
GSE247195,GSM7885084,0.1,0.1,scattered,3,0.8806,0.9903283850652272,0.9760458839406208
GSE247195,GSM7885084,0.1,0.1,clustered,4,15.5365,17.472447143499775,0.9760458839406208
GSE247195,GSM7885084,0.1,0.1,scattered,4,0.8437,0.9488304093567251,0.9760458839406208
GSE247195,GSM7885084,0.1,0.1,clustered,5,16.0065,18.001012145748987,0.9760458839406208
GSE247195,GSM7885084,0.1,0.1,scattered,5,0.9274,1.0429599640125955,0.9760458839406208
GSE247195,GSM7885084,0.1,0.1,clustered,6,15.7924,17.760233918128655,0.9760458839406208
GSE247195,GSM7885084,0.1,0.1,scattered,6,0.8845,0.9947143499775079,0.9760458839406208
GSE247195,GSM7885084,0.1,0.1,clustered,7,16.4589,18.50978407557355,0.9760458839406208
GSE247195,GSM7885084,0.1,0.1,scattered,7,0.9859,1.1087494376968061,0.9760458839406208
GSE247195,GSM7885084,0.1,0.1,clustered,8,15.5867,17.528902384165544,0.9760458839406208
GSE247195,GSM7885084,0.1,0.1,scattered,8,0.8187,0.9207152496626181,0.9760458839406208
GSE247195,GSM7885084,0.1,0.1,clustered,9,15.501,17.43252361673414,0.9760458839406208
GSE247195,GSM7885084,0.1,0.1,scattered,9,0.8468,0.9523166891587944,0.9760458839406208
GSE247195,GSM7885084,0.05,0.1,clustered,0,9.0909,10.223684210526315,0.9760458839406208
GSE247195,GSM7885084,0.05,0.1,scattered,0,0.8483,0.9540035987404409,0.9760458839406208
GSE247195,GSM7885084,0.05,0.1,clustered,1,9.2112,10.35897435897436,0.9760458839406208
GSE247195,GSM7885084,0.05,0.1,scattered,1,0.8249,0.9276878092667566,0.9760458839406208
GSE247195,GSM7885084,0.05,0.1,clustered,2,9.4647,10.644062078272606,0.9760458839406208
GSE247195,GSM7885084,0.05,0.1,scattered,2,0.8016,0.9014844804318488,0.9760458839406208
GSE247195,GSM7885084,0.05,0.1,clustered,3,9.5728,10.765632028789925,0.9760458839406208
GSE247195,GSM7885084,0.05,0.1,scattered,3,0.8217,0.9240890688259109,0.9760458839406208
GSE247195,GSM7885084,0.2,0.1,clustered,0,22.4027,25.19421952316689,0.9760458839406208
GSE247195,GSM7885084,0.2,0.1,scattered,0,0.728,0.8187134502923976,0.9760458839406208
GSE247195,GSM7885084,0.2,0.1,clustered,1,22.4765,25.277215474583898,0.9760458839406208
GSE247195,GSM7885084,0.2,0.1,scattered,1,0.8092,0.9100314889788574,0.9760458839406208
GSE247195,GSM7885084,0.2,0.1,clustered,2,22.89,25.742240215924426,0.9760458839406208
GSE247195,GSM7885084,0.2,0.1,scattered,2,0.9704,1.0913180386864598,0.9760458839406208
GSE247195,GSM7885084,0.2,0.1,clustered,3,22.749,25.58367071524966,0.9760458839406208
GSE247195,GSM7885084,0.2,0.1,scattered,3,0.6986,0.7856500224921278,0.9760458839406208
GSE247195,GSM7885084,0.1,0.05,clustered,0,6.3532,7.14484930274404,0.9760458839406208
GSE247195,GSM7885084,0.1,0.05,scattered,0,0.8507,0.9567026540710751,0.9760458839406208
GSE247195,GSM7885084,0.1,0.05,clustered,1,6.1232,6.886189833558254,0.9760458839406208
GSE247195,GSM7885084,0.1,0.05,scattered,1,0.8952,1.0067476383265856,0.9760458839406208
GSE247195,GSM7885084,0.1,0.05,clustered,2,6.2216,6.99685110211426,0.9760458839406208
GSE247195,GSM7885084,0.1,0.05,scattered,2,0.9076,1.0206927575348628,0.9760458839406208
GSE247195,GSM7885084,0.1,0.05,clustered,3,6.1065,6.8674089068825905,0.9760458839406208
GSE247195,GSM7885084,0.1,0.05,scattered,3,0.8758,0.9849302744039586,0.9760458839406208
GSE247195,GSM7885084,0.1,0.2,clustered,0,28.7329,32.31320287899236,0.9760458839406208
GSE247195,GSM7885084,0.1,0.2,scattered,0,0.8809,0.9906657669815565,0.9760458839406208
GSE247195,GSM7885084,0.1,0.2,clustered,1,27.7158,31.169365721997302,0.9760458839406208
GSE247195,GSM7885084,0.1,0.2,scattered,1,0.8588,0.9658119658119658,0.9760458839406208
GSE247195,GSM7885084,0.1,0.2,clustered,2,28.4194,31.96063877642825,0.9760458839406208
GSE247195,GSM7885084,0.1,0.2,scattered,2,0.8735,0.9823436797121008,0.9760458839406208
GSE247195,GSM7885084,0.1,0.2,clustered,3,28.2926,31.81803868645974,0.9760458839406208
GSE247195,GSM7885084,0.1,0.2,scattered,3,0.9295,1.0453216374269005,0.9760458839406208
GSE247195,GSM7885085,0.1,0.1,clustered,0,15.922,17.905982905982906,0.8223121907332434
GSE247195,GSM7885085,0.1,0.1,scattered,0,0.7396,0.8317588843904634,0.8223121907332434
GSE247195,GSM7885085,0.1,0.1,clustered,1,15.8286,17.800944669365723,0.8223121907332434
GSE247195,GSM7885085,0.1,0.1,scattered,1,0.7801,0.8773054430949168,0.8223121907332434
GSE247195,GSM7885085,0.1,0.1,clustered,2,16.4555,18.505960413855153,0.8223121907332434
GSE247195,GSM7885085,0.1,0.1,scattered,2,0.8108,0.9118308591992802,0.8223121907332434
GSE247195,GSM7885085,0.1,0.1,clustered,3,16.7024,18.783625730994153,0.8223121907332434
GSE247195,GSM7885085,0.1,0.1,scattered,3,0.7031,0.790710751237067,0.8223121907332434
GSE247195,GSM7885085,0.1,0.1,clustered,4,15.5562,17.494601889338732,0.8223121907332434
GSE247195,GSM7885085,0.1,0.1,scattered,4,0.8847,0.9949392712550608,0.8223121907332434
GSE247195,GSM7885085,0.1,0.1,clustered,5,16.193,18.21075123706703,0.8223121907332434
GSE247195,GSM7885085,0.1,0.1,scattered,5,0.7877,0.8858524516419253,0.8223121907332434
GSE247195,GSM7885085,0.1,0.1,clustered,6,15.9569,17.945231668915877,0.8223121907332434
GSE247195,GSM7885085,0.1,0.1,scattered,6,0.7144,0.8034188034188035,0.8223121907332434
GSE247195,GSM7885085,0.1,0.1,clustered,7,15.7206,17.67948717948718,0.8223121907332434
GSE247195,GSM7885085,0.1,0.1,scattered,7,0.8612,0.9685110211426,0.8223121907332434
GSE247195,GSM7885085,0.1,0.1,clustered,8,16.3327,18.367858749437698,0.8223121907332434
GSE247195,GSM7885085,0.1,0.1,scattered,8,0.8108,0.9118308591992802,0.8223121907332434
GSE247195,GSM7885085,0.1,0.1,clustered,9,15.5589,17.497638326585694,0.8223121907332434
GSE247195,GSM7885085,0.1,0.1,scattered,9,0.7436,0.8362573099415205,0.8223121907332434
GSE247195,GSM7885085,0.05,0.1,clustered,0,9.8079,11.030026990553306,0.8223121907332434
GSE247195,GSM7885085,0.05,0.1,scattered,0,0.7425,0.8350202429149798,0.8223121907332434
GSE247195,GSM7885085,0.05,0.1,clustered,1,9.6996,10.908232118758434,0.8223121907332434
GSE247195,GSM7885085,0.05,0.1,scattered,1,0.711,0.7995951417004048,0.8223121907332434
GSE247195,GSM7885085,0.05,0.1,clustered,2,9.4944,10.677462887989204,0.8223121907332434
GSE247195,GSM7885085,0.05,0.1,scattered,2,0.8468,0.9523166891587944,0.8223121907332434
GSE247195,GSM7885085,0.05,0.1,clustered,3,9.6337,10.834120557804768,0.8223121907332434
GSE247195,GSM7885085,0.05,0.1,scattered,3,0.8469,0.9524291497975709,0.8223121907332434
GSE247195,GSM7885085,0.2,0.1,clustered,0,22.8285,25.67307692307692,0.8223121907332434
GSE247195,GSM7885085,0.2,0.1,scattered,0,0.565,0.6354026090868196,0.8223121907332434
GSE247195,GSM7885085,0.2,0.1,clustered,1,23.5901,26.5295771479982,0.8223121907332434
GSE247195,GSM7885085,0.2,0.1,scattered,1,0.9297,1.0455465587044535,0.8223121907332434
GSE247195,GSM7885085,0.2,0.1,clustered,2,23.6064,26.54790823211876,0.8223121907332434
GSE247195,GSM7885085,0.2,0.1,scattered,2,0.8588,0.9658119658119658,0.8223121907332434
GSE247195,GSM7885085,0.2,0.1,clustered,3,23.4649,26.388776428250114,0.8223121907332434
GSE247195,GSM7885085,0.2,0.1,scattered,3,0.8465,0.9519793072424652,0.8223121907332434
GSE247195,GSM7885085,0.1,0.05,clustered,0,5.9103,6.646761133603239,0.8223121907332434
GSE247195,GSM7885085,0.1,0.05,scattered,0,0.7156,0.8047683310841206,0.8223121907332434
GSE247195,GSM7885085,0.1,0.05,clustered,1,6.7858,7.631354026090868,0.8223121907332434
GSE247195,GSM7885085,0.1,0.05,scattered,1,0.7401,0.8323211875843455,0.8223121907332434
GSE247195,GSM7885085,0.1,0.05,clustered,2,6.2787,7.0610661268556,0.8223121907332434
GSE247195,GSM7885085,0.1,0.05,scattered,2,0.7088,0.7971210076473234,0.8223121907332434
GSE247195,GSM7885085,0.1,0.05,clustered,3,6.5783,7.397998200629779,0.8223121907332434
GSE247195,GSM7885085,0.1,0.05,scattered,3,0.6952,0.7818263607737292,0.8223121907332434
GSE247195,GSM7885085,0.1,0.2,clustered,0,28.7869,32.373931623931625,0.8223121907332434
GSE247195,GSM7885085,0.1,0.2,scattered,0,0.8969,1.008659469185785,0.8223121907332434
GSE247195,GSM7885085,0.1,0.2,clustered,1,28.707,32.28407557354926,0.8223121907332434
GSE247195,GSM7885085,0.1,0.2,scattered,1,0.9437,1.0612910481331534,0.8223121907332434
GSE247195,GSM7885085,0.1,0.2,clustered,2,28.4056,31.945119208277102,0.8223121907332434
GSE247195,GSM7885085,0.1,0.2,scattered,2,1.0217,1.1490103463787675,0.8223121907332434
GSE247195,GSM7885085,0.1,0.2,clustered,3,28.8765,32.4746963562753,0.8223121907332434
GSE247195,GSM7885085,0.1,0.2,scattered,3,0.8909,1.0019118308591992,0.8223121907332434
GSE247195,GSM7885086,0.1,0.1,clustered,0,16.7425,19.29081691439106,1.2277912201866577
GSE247195,GSM7885086,0.1,0.1,scattered,0,0.8377,0.9652033644429082,1.2277912201866577
GSE247195,GSM7885086,0.1,0.1,clustered,1,16.9422,19.520912547528518,1.2277912201866577
GSE247195,GSM7885086,0.1,0.1,scattered,1,0.9738,1.1220186657449014,1.2277912201866577
GSE247195,GSM7885086,0.1,0.1,clustered,2,17.3472,19.987556170065677,1.2277912201866577
GSE247195,GSM7885086,0.1,0.1,scattered,2,0.963,1.1095748358105773,1.2277912201866577
GSE247195,GSM7885086,0.1,0.1,clustered,3,16.6163,19.14540845719553,1.2277912201866577
GSE247195,GSM7885086,0.1,0.1,scattered,3,0.975,1.123401313515382,1.2277912201866577
GSE247195,GSM7885086,0.1,0.1,clustered,4,16.3639,18.85459154280447,1.2277912201866577
GSE247195,GSM7885086,0.1,0.1,scattered,4,1.0323,1.1894227445558243,1.2277912201866577
GSE247195,GSM7885086,0.1,0.1,clustered,5,16.5171,19.03110957483581,1.2277912201866577
GSE247195,GSM7885086,0.1,0.1,scattered,5,0.9988,1.1508238276299112,1.2277912201866577
GSE247195,GSM7885086,0.1,0.1,clustered,6,17.173,19.786841802050926,1.2277912201866577
GSE247195,GSM7885086,0.1,0.1,scattered,6,1.0438,1.202673119022929,1.2277912201866577
GSE247195,GSM7885086,0.1,0.1,clustered,7,16.3781,18.870952874755154,1.2277912201866577
GSE247195,GSM7885086,0.1,0.1,scattered,7,1.0261,1.182279064408342,1.2277912201866577
GSE247195,GSM7885086,0.1,0.1,clustered,8,17.5314,20.199792602834428,1.2277912201866577
GSE247195,GSM7885086,0.1,0.1,scattered,8,1.0343,1.1917271575066253,1.2277912201866577
GSE247195,GSM7885086,0.1,0.1,clustered,9,16.5688,19.09067864961401,1.2277912201866577
GSE247195,GSM7885086,0.1,0.1,scattered,9,0.9427,1.0861850443599492,1.2277912201866577
GSE247195,GSM7885086,0.05,0.1,clustered,0,10.5451,12.15013250374467,1.2277912201866577
GSE247195,GSM7885086,0.05,0.1,scattered,0,1.1027,1.270538080424012,1.2277912201866577
GSE247195,GSM7885086,0.05,0.1,clustered,1,10.2727,11.836271459845605,1.2277912201866577
GSE247195,GSM7885086,0.05,0.1,scattered,1,1.2491,1.4392211084226294,1.2277912201866577
GSE247195,GSM7885086,0.05,0.1,clustered,2,10.8282,12.476322156930523,1.2277912201866577
GSE247195,GSM7885086,0.05,0.1,scattered,2,0.9674,1.114644544302339,1.2277912201866577
GSE247195,GSM7885086,0.05,0.1,clustered,3,9.8754,11.37849982716903,1.2277912201866577
GSE247195,GSM7885086,0.05,0.1,scattered,3,1.0951,1.261781311210969,1.2277912201866577
GSE247195,GSM7885086,0.2,0.1,clustered,0,24.1402,27.814494757460537,1.2277912201866577
GSE247195,GSM7885086,0.2,0.1,scattered,0,1.0228,1.1784767830395206,1.2277912201866577
GSE247195,GSM7885086,0.2,0.1,clustered,1,24.0357,27.694089180781194,1.2277912201866577
GSE247195,GSM7885086,0.2,0.1,scattered,1,0.8715,1.0041479433114415,1.2277912201866577
GSE247195,GSM7885086,0.2,0.1,clustered,2,24.1081,27.777508929600184,1.2277912201866577
GSE247195,GSM7885086,0.2,0.1,scattered,2,0.8789,1.0126742712294043,1.2277912201866577
GSE247195,GSM7885086,0.2,0.1,clustered,3,23.7321,27.344279294849635,1.2277912201866577
GSE247195,GSM7885086,0.2,0.1,scattered,3,0.9635,1.1101509390482776,1.2277912201866577
GSE247195,GSM7885086,0.1,0.05,clustered,0,7.0985,8.17893766562968,1.2277912201866577
GSE247195,GSM7885086,0.1,0.05,scattered,0,1.0624,1.224104159465376,1.2277912201866577
GSE247195,GSM7885086,0.1,0.05,clustered,1,7.4461,8.579444636478858,1.2277912201866577
GSE247195,GSM7885086,0.1,0.05,scattered,1,1.1334,1.305910819218804,1.2277912201866577
GSE247195,GSM7885086,0.1,0.05,clustered,2,6.7027,7.722894342666206,1.2277912201866577
GSE247195,GSM7885086,0.1,0.05,scattered,2,0.9979,1.149786841802051,1.2277912201866577
GSE247195,GSM7885086,0.1,0.05,clustered,3,7.5193,8.663786150478167,1.2277912201866577
GSE247195,GSM7885086,0.1,0.05,scattered,3,1.0938,1.2602834427929486,1.2277912201866577
GSE247195,GSM7885086,0.1,0.2,clustered,0,29.683,34.20094480930983,1.2277912201866577
GSE247195,GSM7885086,0.1,0.2,scattered,0,0.9078,1.0459730383684758,1.2277912201866577
GSE247195,GSM7885086,0.1,0.2,clustered,1,29.3519,33.81944924530476,1.2277912201866577
GSE247195,GSM7885086,0.1,0.2,scattered,1,0.8328,0.9595575527134462,1.2277912201866577
GSE247195,GSM7885086,0.1,0.2,clustered,2,29.2288,33.67761262818297,1.2277912201866577
GSE247195,GSM7885086,0.1,0.2,scattered,2,0.8057,0.9283327572300956,1.2277912201866577
GSE247195,GSM7885086,0.1,0.2,clustered,3,29.6493,34.16211545108884,1.2277912201866577
GSE247195,GSM7885086,0.1,0.2,scattered,3,1.0569,1.217767023850674,1.2277912201866577
GSE247195,GSM7885087,0.1,0.1,clustered,0,15.7506,18.14794331144141,1.1549717709413527
GSE247195,GSM7885087,0.1,0.1,scattered,0,0.9932,1.1443714713676691,1.1549717709413527
GSE247195,GSM7885087,0.1,0.1,clustered,1,16.1169,18.569996543380576,1.1549717709413527
GSE247195,GSM7885087,0.1,0.1,scattered,1,0.9333,1.0753543034911857,1.1549717709413527
GSE247195,GSM7885087,0.1,0.1,clustered,2,16.2676,18.743634059223414,1.1549717709413527
GSE247195,GSM7885087,0.1,0.1,scattered,2,0.9334,1.0754695241387258,1.1549717709413527
GSE247195,GSM7885087,0.1,0.1,clustered,3,16.0518,18.49498790183201,1.1549717709413527
GSE247195,GSM7885087,0.1,0.1,scattered,3,0.9755,1.1239774167530823,1.1549717709413527
GSE247195,GSM7885087,0.1,0.1,clustered,4,15.8386,18.249337481276644,1.1549717709413527
GSE247195,GSM7885087,0.1,0.1,scattered,4,0.8844,1.0190114068441065,1.1549717709413527
GSE247195,GSM7885087,0.1,0.1,clustered,5,16.3429,18.830395206821063,1.1549717709413527
GSE247195,GSM7885087,0.1,0.1,scattered,5,1.0061,1.1592349349003341,1.1549717709413527
GSE247195,GSM7885087,0.1,0.1,clustered,6,16.1111,18.56331374582325,1.1549717709413527
GSE247195,GSM7885087,0.1,0.1,scattered,6,0.9236,1.0641779006798018,1.1549717709413527
GSE247195,GSM7885087,0.1,0.1,clustered,7,16.4404,18.9427353381726,1.1549717709413527
GSE247195,GSM7885087,0.1,0.1,scattered,7,1.0332,1.1904597303836846,1.1549717709413527
GSE247195,GSM7885087,0.1,0.1,clustered,8,16.4012,18.897568844336906,1.1549717709413527
GSE247195,GSM7885087,0.1,0.1,scattered,8,0.9918,1.1427583823021086,1.1549717709413527
GSE247195,GSM7885087,0.1,0.1,clustered,9,15.8112,18.217767023850673,1.1549717709413527
GSE247195,GSM7885087,0.1,0.1,scattered,9,1.0122,1.1662633944002765,1.1549717709413527
GSE247195,GSM7885087,0.05,0.1,clustered,0,9.8112,11.304528171448323,1.1549717709413527
GSE247195,GSM7885087,0.05,0.1,scattered,0,0.8151,0.9391634980988594,1.1549717709413527
GSE247195,GSM7885087,0.05,0.1,clustered,1,9.548,11.00126742712294,1.1549717709413527
GSE247195,GSM7885087,0.05,0.1,scattered,1,0.9319,1.073741214425625,1.1549717709413527
GSE247195,GSM7885087,0.05,0.1,clustered,2,8.6462,9.962207627606867,1.1549717709413527
GSE247195,GSM7885087,0.05,0.1,scattered,2,0.9996,1.1517455928102316,1.1549717709413527
GSE247195,GSM7885087,0.05,0.1,clustered,3,9.4573,10.896762299804125,1.1549717709413527
GSE247195,GSM7885087,0.05,0.1,scattered,3,0.9839,1.1336559511464455,1.1549717709413527
GSE247195,GSM7885087,0.2,0.1,clustered,0,23.3242,26.874294273533817,1.1549717709413527
GSE247195,GSM7885087,0.2,0.1,scattered,0,0.9845,1.1343472750316856,1.1549717709413527
GSE247195,GSM7885087,0.2,0.1,clustered,1,23.1121,26.629911280101396,1.1549717709413527
GSE247195,GSM7885087,0.2,0.1,scattered,1,0.914,1.053116718515958,1.1549717709413527
GSE247195,GSM7885087,0.2,0.1,clustered,2,23.111,26.628643852978453,1.1549717709413527
GSE247195,GSM7885087,0.2,0.1,scattered,2,0.845,0.973614471713331,1.1549717709413527
GSE247195,GSM7885087,0.2,0.1,clustered,3,22.7618,26.22629335176864,1.1549717709413527
GSE247195,GSM7885087,0.2,0.1,scattered,3,1.0826,1.247378730268464,1.1549717709413527
GSE247195,GSM7885087,0.1,0.05,clustered,0,6.5249,7.518032031340016,1.1549717709413527
GSE247195,GSM7885087,0.1,0.05,scattered,0,1.0482,1.2077428275146906,1.1549717709413527
GSE247195,GSM7885087,0.1,0.05,clustered,1,6.9933,8.05772554441756,1.1549717709413527
GSE247195,GSM7885087,0.1,0.05,scattered,1,1.0399,1.1981795137688673,1.1549717709413527
GSE247195,GSM7885087,0.1,0.05,clustered,2,6.632,7.641433344855398,1.1549717709413527
GSE247195,GSM7885087,0.1,0.05,scattered,2,0.9695,1.1170641779006798,1.1549717709413527
GSE247195,GSM7885087,0.1,0.05,clustered,3,6.7034,7.723700887198986,1.1549717709413527
GSE247195,GSM7885087,0.1,0.05,scattered,3,1.0889,1.2546376310634866,1.1549717709413527
GSE247195,GSM7885087,0.1,0.2,clustered,0,28.7518,33.128010139416986,1.1549717709413527
GSE247195,GSM7885087,0.1,0.2,scattered,0,0.8374,0.9648577025002881,1.1549717709413527
GSE247195,GSM7885087,0.1,0.2,clustered,1,29.4819,33.96923608710681,1.1549717709413527
GSE247195,GSM7885087,0.1,0.2,scattered,1,0.964,1.1107270422859776,1.1549717709413527
GSE247195,GSM7885087,0.1,0.2,clustered,2,29.0214,33.43864500518493,1.1549717709413527
GSE247195,GSM7885087,0.1,0.2,scattered,2,1.0435,1.2023274570803089,1.1549717709413527
GSE247195,GSM7885087,0.1,0.2,clustered,3,29.1271,33.56043322963475,1.1549717709413527
GSE247195,GSM7885087,0.1,0.2,scattered,3,0.8008,0.9226869455006337,1.1549717709413527
GSE247195,GSM7885088,0.1,0.1,clustered,0,17.8929,20.12246963562753,0.8680836707152497
GSE247195,GSM7885088,0.1,0.1,scattered,0,0.8041,0.9042959964012596,0.8680836707152497
GSE247195,GSM7885088,0.1,0.1,clustered,1,17.388,19.554655870445345,0.8680836707152497
GSE247195,GSM7885088,0.1,0.1,scattered,1,0.7853,0.8831533963112911,0.8680836707152497
GSE247195,GSM7885088,0.1,0.1,clustered,2,17.0111,19.130791722896983,0.8680836707152497
GSE247195,GSM7885088,0.1,0.1,scattered,2,0.7998,0.8994601889338731,0.8680836707152497
GSE247195,GSM7885088,0.1,0.1,clustered,3,17.788,20.00449842555106,0.8680836707152497
GSE247195,GSM7885088,0.1,0.1,scattered,3,0.7614,0.8562753036437246,0.8680836707152497
GSE247195,GSM7885088,0.1,0.1,clustered,4,17.7872,20.003598740440843,0.8680836707152497
GSE247195,GSM7885088,0.1,0.1,scattered,4,0.8891,0.9998875393612235,0.8680836707152497
GSE247195,GSM7885088,0.1,0.1,clustered,5,17.5609,19.749100314889787,0.8680836707152497
GSE247195,GSM7885088,0.1,0.1,scattered,5,0.7438,0.8364822312190734,0.8680836707152497
GSE247195,GSM7885088,0.1,0.1,clustered,6,17.1429,19.27901484480432,0.8680836707152497
GSE247195,GSM7885088,0.1,0.1,scattered,6,0.8775,0.9868421052631579,0.8680836707152497
GSE247195,GSM7885088,0.1,0.1,clustered,7,17.9146,20.146873594242017,0.8680836707152497
GSE247195,GSM7885088,0.1,0.1,scattered,7,0.8142,0.9156545209176788,0.8680836707152497
GSE247195,GSM7885088,0.1,0.1,clustered,8,17.4017,19.57006297795772,0.8680836707152497
GSE247195,GSM7885088,0.1,0.1,scattered,8,0.9697,1.0905308142150247,0.8680836707152497
GSE247195,GSM7885088,0.1,0.1,clustered,9,17.9569,20.194444444444446,0.8680836707152497
GSE247195,GSM7885088,0.1,0.1,scattered,9,0.7107,0.7992577597840755,0.8680836707152497
GSE247195,GSM7885088,0.05,0.1,clustered,0,10.5424,11.856050382366172,0.8680836707152497
GSE247195,GSM7885088,0.05,0.1,scattered,0,0.9124,1.0260908681961314,0.8680836707152497
GSE247195,GSM7885088,0.05,0.1,clustered,1,10.8284,12.177687809266757,0.8680836707152497
GSE247195,GSM7885088,0.05,0.1,scattered,1,0.7843,0.8820287899235267,0.8680836707152497
GSE247195,GSM7885088,0.05,0.1,clustered,2,11.408,12.829509671614934,0.8680836707152497
GSE247195,GSM7885088,0.05,0.1,scattered,2,0.8468,0.9523166891587944,0.8680836707152497
GSE247195,GSM7885088,0.05,0.1,clustered,3,10.5705,11.887651821862347,0.8680836707152497
GSE247195,GSM7885088,0.05,0.1,scattered,3,0.805,0.9053081421502475,0.8680836707152497
GSE247195,GSM7885088,0.2,0.1,clustered,0,24.7134,27.79284750337382,0.8680836707152497
GSE247195,GSM7885088,0.2,0.1,scattered,0,1.026,1.153846153846154,0.8680836707152497
GSE247195,GSM7885088,0.2,0.1,clustered,1,24.2423,27.263045434098068,0.8680836707152497
GSE247195,GSM7885088,0.2,0.1,scattered,1,0.8204,0.9226270805218174,0.8680836707152497
GSE247195,GSM7885088,0.2,0.1,clustered,2,24.9306,28.03711201079622,0.8680836707152497
GSE247195,GSM7885088,0.2,0.1,scattered,2,0.9237,1.0387989203778678,0.8680836707152497
GSE247195,GSM7885088,0.2,0.1,clustered,3,25.0165,28.133715699505174,0.8680836707152497
GSE247195,GSM7885088,0.2,0.1,scattered,3,0.8225,0.9249887539361223,0.8680836707152497
GSE247195,GSM7885088,0.1,0.05,clustered,0,7.6792,8.636077372919479,0.8680836707152497
GSE247195,GSM7885088,0.1,0.05,scattered,0,0.766,0.8614484930274404,0.8680836707152497
GSE247195,GSM7885088,0.1,0.05,clustered,1,7.5294,8.46761133603239,0.8680836707152497
GSE247195,GSM7885088,0.1,0.05,scattered,1,0.8272,0.9302744039586145,0.8680836707152497
GSE247195,GSM7885088,0.1,0.05,clustered,2,7.0171,7.891475483580747,0.8680836707152497
GSE247195,GSM7885088,0.1,0.05,scattered,2,0.8658,0.9736842105263158,0.8680836707152497
GSE247195,GSM7885088,0.1,0.05,clustered,3,7.5209,8.458052181736393,0.8680836707152497
GSE247195,GSM7885088,0.1,0.05,scattered,3,0.7993,0.8988978857399911,0.8680836707152497
GSE247195,GSM7885088,0.1,0.2,clustered,0,30.5637,34.3721322537112,0.8680836707152497
GSE247195,GSM7885088,0.1,0.2,scattered,0,0.7076,0.7957714799820064,0.8680836707152497
GSE247195,GSM7885088,0.1,0.2,clustered,1,30.346,34.12730544309492,0.8680836707152497
GSE247195,GSM7885088,0.1,0.2,scattered,1,0.8514,0.9574898785425102,0.8680836707152497
GSE247195,GSM7885088,0.1,0.2,clustered,2,30.4968,34.29689608636977,0.8680836707152497
GSE247195,GSM7885088,0.1,0.2,scattered,2,0.8723,0.9809941520467836,0.8680836707152497
GSE247195,GSM7885088,0.1,0.2,clustered,3,30.4836,34.282051282051285,0.8680836707152497
GSE247195,GSM7885088,0.1,0.2,scattered,3,0.8283,0.9315114709851553,0.8680836707152497
GSE247195,GSM7885089,0.1,0.1,clustered,0,17.7951,20.50362945039751,1.0245419979260284
GSE247195,GSM7885089,0.1,0.1,scattered,0,0.8745,1.0076045627376427,1.0245419979260284
GSE247195,GSM7885089,0.1,0.1,clustered,1,18.0278,20.771747897223182,1.0245419979260284
GSE247195,GSM7885089,0.1,0.1,scattered,1,0.8227,0.9479202673119023,1.0245419979260284
GSE247195,GSM7885089,0.1,0.1,clustered,2,18.2098,20.981449475746054,1.0245419979260284
GSE247195,GSM7885089,0.1,0.1,scattered,2,0.8724,1.0051849291393018,1.0245419979260284
GSE247195,GSM7885089,0.1,0.1,clustered,3,17.888,20.610669431962208,1.0245419979260284
GSE247195,GSM7885089,0.1,0.1,scattered,3,0.7997,0.9214195183776932,1.0245419979260284
GSE247195,GSM7885089,0.1,0.1,clustered,4,18.276,21.057725544417558,1.0245419979260284
GSE247195,GSM7885089,0.1,0.1,scattered,4,0.9102,1.0487383339094365,1.0245419979260284
GSE247195,GSM7885089,0.1,0.1,clustered,5,17.9596,20.693167415600872,1.0245419979260284
GSE247195,GSM7885089,0.1,0.1,scattered,5,1.0417,1.200253485424588,1.0245419979260284
GSE247195,GSM7885089,0.1,0.1,clustered,6,18.2031,20.97372969236087,1.0245419979260284
GSE247195,GSM7885089,0.1,0.1,scattered,6,0.8627,0.994008526327918,1.0245419979260284
GSE247195,GSM7885089,0.1,0.1,clustered,7,18.0672,20.817144832353957,1.0245419979260284
GSE247195,GSM7885089,0.1,0.1,scattered,7,0.9009,1.038022813688213,1.0245419979260284
GSE247195,GSM7885089,0.1,0.1,clustered,8,18.2636,21.043438184122596,1.0245419979260284
GSE247195,GSM7885089,0.1,0.1,scattered,8,0.9446,1.08837423666321,1.0245419979260284
GSE247195,GSM7885089,0.1,0.1,clustered,9,17.4288,20.081576218458345,1.0245419979260284
GSE247195,GSM7885089,0.1,0.1,scattered,9,0.9185,1.0583016476552598,1.0245419979260284
GSE247195,GSM7885089,0.05,0.1,clustered,0,11.0517,12.73384030418251,1.0245419979260284
GSE247195,GSM7885089,0.05,0.1,scattered,0,0.8045,0.9269501094596152,1.0245419979260284
GSE247195,GSM7885089,0.05,0.1,clustered,1,10.9918,12.664823136306026,1.0245419979260284
GSE247195,GSM7885089,0.05,0.1,scattered,1,0.8448,0.973384030418251,1.0245419979260284
GSE247195,GSM7885089,0.05,0.1,clustered,2,10.9617,12.630141721396475,1.0245419979260284
GSE247195,GSM7885089,0.05,0.1,scattered,2,0.8925,1.0283442792948496,1.0245419979260284
GSE247195,GSM7885089,0.05,0.1,clustered,3,11.5886,13.35245996082498,1.0245419979260284
GSE247195,GSM7885089,0.05,0.1,scattered,3,1.2456,1.435188385758728,1.0245419979260284
GSE247195,GSM7885089,0.2,0.1,clustered,0,24.8063,28.581979490724738,1.0245419979260284
GSE247195,GSM7885089,0.2,0.1,scattered,0,0.8657,0.9974651457541192,1.0245419979260284
GSE247195,GSM7885089,0.2,0.1,clustered,1,24.6548,28.40742020970158,1.0245419979260284
GSE247195,GSM7885089,0.2,0.1,scattered,1,0.8099,0.9331720244267773,1.0245419979260284
GSE247195,GSM7885089,0.2,0.1,clustered,2,24.9801,28.782232976149327,1.0245419979260284
GSE247195,GSM7885089,0.2,0.1,scattered,2,0.8526,0.9823712409263741,1.0245419979260284
GSE247195,GSM7885089,0.2,0.1,clustered,3,24.939,28.73487729001037,1.0245419979260284
GSE247195,GSM7885089,0.2,0.1,scattered,3,0.9437,1.0873372508353496,1.0245419979260284
GSE247195,GSM7885089,0.1,0.05,clustered,0,7.1843,8.277796981219035,1.0245419979260284
GSE247195,GSM7885089,0.1,0.05,scattered,0,0.931,1.0727042285977648,1.0245419979260284
GSE247195,GSM7885089,0.1,0.05,clustered,1,7.6034,8.760686715059338,1.0245419979260284
GSE247195,GSM7885089,0.1,0.05,scattered,1,0.8741,1.0071436801474825,1.0245419979260284
GSE247195,GSM7885089,0.1,0.05,clustered,2,8.319,9.58520566885586,1.0245419979260284
GSE247195,GSM7885089,0.1,0.05,scattered,2,0.811,0.9344394515497177,1.0245419979260284
GSE247195,GSM7885089,0.1,0.05,clustered,3,7.322,8.436455812881668,1.0245419979260284
GSE247195,GSM7885089,0.1,0.05,scattered,3,0.8754,1.008641548565503,1.0245419979260284
GSE247195,GSM7885089,0.1,0.2,clustered,0,30.4738,35.11210969005646,1.0245419979260284
GSE247195,GSM7885089,0.1,0.2,scattered,0,1.1005,1.268003226178131,1.0245419979260284
GSE247195,GSM7885089,0.1,0.2,clustered,1,31.3083,36.07362599377809,1.0245419979260284
GSE247195,GSM7885089,0.1,0.2,scattered,1,0.8181,0.9426201175250606,1.0245419979260284
GSE247195,GSM7885089,0.1,0.2,clustered,2,30.4107,35.03940546145869,1.0245419979260284
GSE247195,GSM7885089,0.1,0.2,scattered,2,0.8358,0.9630141721396474,1.0245419979260284
GSE247195,GSM7885089,0.1,0.2,clustered,3,30.7793,35.464108768291275,1.0245419979260284
GSE247195,GSM7885089,0.1,0.2,scattered,3,0.745,0.8583938241732918,1.0245419979260284
GSE247195,GSM7885090,0.1,0.1,clustered,0,16.5845,18.65103463787674,0.8115159694107063
GSE247195,GSM7885090,0.1,0.1,scattered,0,0.8284,0.9316239316239316,0.8115159694107063
GSE247195,GSM7885090,0.1,0.1,clustered,1,17.1047,19.236054880791723,0.8115159694107063
GSE247195,GSM7885090,0.1,0.1,scattered,1,0.6455,0.7259334233018443,0.8115159694107063
GSE247195,GSM7885090,0.1,0.1,clustered,2,17.4011,19.569388214125055,0.8115159694107063
GSE247195,GSM7885090,0.1,0.1,scattered,2,0.7625,0.8575123706702653,0.8115159694107063
GSE247195,GSM7885090,0.1,0.1,clustered,3,17.3544,19.516869095816464,0.8115159694107063
GSE247195,GSM7885090,0.1,0.1,scattered,3,0.8531,0.9594017094017093,0.8115159694107063
GSE247195,GSM7885090,0.1,0.1,clustered,4,17.7113,19.91824111560954,0.8115159694107063
GSE247195,GSM7885090,0.1,0.1,scattered,4,0.793,0.8918128654970761,0.8115159694107063
GSE247195,GSM7885090,0.1,0.1,clustered,5,17.4003,19.568488529014846,0.8115159694107063
GSE247195,GSM7885090,0.1,0.1,scattered,5,0.7394,0.8315339631129104,0.8115159694107063
GSE247195,GSM7885090,0.1,0.1,clustered,6,17.3947,19.562190733243366,0.8115159694107063
GSE247195,GSM7885090,0.1,0.1,scattered,6,0.7742,0.8706702654071076,0.8115159694107063
GSE247195,GSM7885090,0.1,0.1,clustered,7,17.2031,19.346716149347728,0.8115159694107063
GSE247195,GSM7885090,0.1,0.1,scattered,7,0.7458,0.8387314439946019,0.8115159694107063
GSE247195,GSM7885090,0.1,0.1,clustered,8,17.5937,19.785987404408456,0.8115159694107063
GSE247195,GSM7885090,0.1,0.1,scattered,8,0.7542,0.8481781376518218,0.8115159694107063
GSE247195,GSM7885090,0.1,0.1,clustered,9,17.0531,19.178025191183085,0.8115159694107063
GSE247195,GSM7885090,0.1,0.1,scattered,9,0.766,0.8614484930274404,0.8115159694107063
GSE247195,GSM7885090,0.05,0.1,clustered,0,10.259,11.537336932073774,0.8115159694107063
GSE247195,GSM7885090,0.05,0.1,scattered,0,0.8666,0.9745838956365273,0.8115159694107063
GSE247195,GSM7885090,0.05,0.1,clustered,1,10.0306,11.280476833108413,0.8115159694107063
GSE247195,GSM7885090,0.05,0.1,scattered,1,0.8029,0.9029464687359424,0.8115159694107063
GSE247195,GSM7885090,0.05,0.1,clustered,2,10.1044,11.363472784525417,0.8115159694107063
GSE247195,GSM7885090,0.05,0.1,scattered,2,0.7221,0.8120782726045883,0.8115159694107063
GSE247195,GSM7885090,0.05,0.1,clustered,3,9.8903,11.122694556905083,0.8115159694107063
GSE247195,GSM7885090,0.05,0.1,scattered,3,0.748,0.8412055780476834,0.8115159694107063
GSE247195,GSM7885090,0.2,0.1,clustered,0,23.8793,26.854813315339634,0.8115159694107063
GSE247195,GSM7885090,0.2,0.1,scattered,0,0.9353,1.0518443544759335,0.8115159694107063
GSE247195,GSM7885090,0.2,0.1,clustered,1,23.9412,26.92442645074224,0.8115159694107063
GSE247195,GSM7885090,0.2,0.1,scattered,1,0.807,0.907557354925776,0.8115159694107063
GSE247195,GSM7885090,0.2,0.1,clustered,2,24.4628,27.511021142600093,0.8115159694107063
GSE247195,GSM7885090,0.2,0.1,scattered,2,0.8805,0.9902159244264507,0.8115159694107063
GSE247195,GSM7885090,0.2,0.1,clustered,3,24.0829,27.08378317588844,0.8115159694107063
GSE247195,GSM7885090,0.2,0.1,scattered,3,0.9497,1.068038686459739,0.8115159694107063
GSE247195,GSM7885090,0.1,0.05,clustered,0,7.5066,8.441970310391362,0.8115159694107063
GSE247195,GSM7885090,0.1,0.05,scattered,0,0.8037,0.9038461538461539,0.8115159694107063
GSE247195,GSM7885090,0.1,0.05,clustered,1,6.9682,7.836482231219074,0.8115159694107063
GSE247195,GSM7885090,0.1,0.05,scattered,1,0.6647,0.7475258659469185,0.8115159694107063
GSE247195,GSM7885090,0.1,0.05,clustered,2,6.2777,7.059941520467837,0.8115159694107063
GSE247195,GSM7885090,0.1,0.05,scattered,2,0.5966,0.670940170940171,0.8115159694107063
GSE247195,GSM7885090,0.1,0.05,clustered,3,6.4735,7.280139451192082,0.8115159694107063
GSE247195,GSM7885090,0.1,0.05,scattered,3,0.7636,0.8587494376968061,0.8115159694107063
GSE247195,GSM7885090,0.1,0.2,clustered,0,29.8703,33.59233018443545,0.8115159694107063
GSE247195,GSM7885090,0.1,0.2,scattered,0,0.9649,1.0851327035537561,0.8115159694107063
GSE247195,GSM7885090,0.1,0.2,clustered,1,29.9941,33.731556455240664,0.8115159694107063
GSE247195,GSM7885090,0.1,0.2,scattered,1,0.9072,1.0202429149797572,0.8115159694107063
GSE247195,GSM7885090,0.1,0.2,clustered,2,30.1393,33.894849302744035,0.8115159694107063
GSE247195,GSM7885090,0.1,0.2,scattered,2,0.7328,0.8241115609536662,0.8115159694107063
GSE247195,GSM7885090,0.1,0.2,clustered,3,29.5601,33.24347728295096,0.8115159694107063
GSE247195,GSM7885090,0.1,0.2,scattered,3,0.8105,0.9114934772829509,0.8115159694107063
GSE247195,GSM7885091,0.1,0.1,clustered,0,15.7306,18.124899181933404,1.211660329531052
GSE247195,GSM7885091,0.1,0.1,scattered,0,0.9284,1.0697084917617237,1.211660329531052
GSE247195,GSM7885091,0.1,0.1,clustered,1,15.1098,17.40960940200484,1.211660329531052
GSE247195,GSM7885091,0.1,0.1,scattered,1,0.8609,0.9919345546721973,1.211660329531052
GSE247195,GSM7885091,0.1,0.1,clustered,2,16.1055,18.556861389561007,1.211660329531052
GSE247195,GSM7885091,0.1,0.1,scattered,2,1.0093,1.1629219956216155,1.211660329531052
GSE247195,GSM7885091,0.1,0.1,clustered,3,16.2218,18.690863002650076,1.211660329531052
GSE247195,GSM7885091,0.1,0.1,scattered,3,1.0463,1.20555363521143,1.211660329531052
GSE247195,GSM7885091,0.1,0.1,clustered,4,14.9291,17.20140569189999,1.211660329531052
GSE247195,GSM7885091,0.1,0.1,scattered,4,1.0005,1.1527825786380919,1.211660329531052
GSE247195,GSM7885091,0.1,0.1,clustered,5,15.6056,17.980873372508356,1.211660329531052
GSE247195,GSM7885091,0.1,0.1,scattered,5,1.0367,1.194492453047586,1.211660329531052
GSE247195,GSM7885091,0.1,0.1,clustered,6,16.3799,18.873026846410877,1.211660329531052
GSE247195,GSM7885091,0.1,0.1,scattered,6,0.9843,1.1341168337366054,1.211660329531052
GSE247195,GSM7885091,0.1,0.1,clustered,7,15.9,18.32008295886623,1.211660329531052
GSE247195,GSM7885091,0.1,0.1,scattered,7,0.9803,1.129508007835004,1.211660329531052
GSE247195,GSM7885091,0.1,0.1,clustered,8,15.095,17.392556746168914,1.211660329531052
GSE247195,GSM7885091,0.1,0.1,scattered,8,0.9844,1.1342320543841458,1.211660329531052
GSE247195,GSM7885091,0.1,0.1,clustered,9,15.6645,18.048738333909437,1.211660329531052
GSE247195,GSM7885091,0.1,0.1,scattered,9,1.097,1.2639705035142297,1.211660329531052
GSE247195,GSM7885091,0.05,0.1,clustered,0,8.636,9.950455121557782,1.211660329531052
GSE247195,GSM7885091,0.05,0.1,scattered,0,0.9012,1.0383684756308331,1.211660329531052
GSE247195,GSM7885091,0.05,0.1,clustered,1,9.6111,11.073971655720706,1.211660329531052
GSE247195,GSM7885091,0.05,0.1,scattered,1,1.1104,1.279410070284595,1.211660329531052
GSE247195,GSM7885091,0.05,0.1,clustered,2,8.6423,9.957714022352807,1.211660329531052
GSE247195,GSM7885091,0.05,0.1,scattered,2,1.0944,1.2609747666781888,1.211660329531052
GSE247195,GSM7885091,0.05,0.1,clustered,3,8.8993,10.253831086530706,1.211660329531052
GSE247195,GSM7885091,0.05,0.1,scattered,3,1.0813,1.2458808618504436,1.211660329531052
GSE247195,GSM7885091,0.2,0.1,clustered,0,21.7376,25.046203479663557,1.211660329531052
GSE247195,GSM7885091,0.2,0.1,scattered,0,1.013,1.1671851595805967,1.211660329531052
GSE247195,GSM7885091,0.2,0.1,clustered,1,22.1174,25.483811499020625,1.211660329531052
GSE247195,GSM7885091,0.2,0.1,scattered,1,1.0538,1.214195183776933,1.211660329531052
GSE247195,GSM7885091,0.2,0.1,clustered,2,21.9802,25.325728770595692,1.211660329531052
GSE247195,GSM7885091,0.2,0.1,scattered,2,0.8674,0.9994238967622997,1.211660329531052
GSE247195,GSM7885091,0.2,0.1,clustered,3,22.6423,26.088604677958287,1.211660329531052
GSE247195,GSM7885091,0.2,0.1,scattered,3,0.9492,1.093674386450052,1.211660329531052
GSE247195,GSM7885091,0.1,0.05,clustered,0,6.4501,7.431846986980067,1.211660329531052
GSE247195,GSM7885091,0.1,0.05,scattered,0,1.1789,1.3583362138495219,1.211660329531052
GSE247195,GSM7885091,0.1,0.05,clustered,1,6.5819,7.583707800437838,1.211660329531052
GSE247195,GSM7885091,0.1,0.05,scattered,1,0.9717,1.1195990321465608,1.211660329531052
GSE247195,GSM7885091,0.1,0.05,clustered,2,6.9125,7.964627261205208,1.211660329531052
GSE247195,GSM7885091,0.1,0.05,scattered,2,1.0101,1.1638437608019356,1.211660329531052
GSE247195,GSM7885091,0.1,0.05,clustered,3,6.408,7.383339094365711,1.211660329531052
GSE247195,GSM7885091,0.1,0.05,scattered,3,1.0034,1.156123977416753,1.211660329531052
GSE247195,GSM7885091,0.1,0.2,clustered,0,28.2074,32.50074893420901,1.211660329531052
GSE247195,GSM7885091,0.1,0.2,scattered,0,1.0309,1.1878096554902637,1.211660329531052
GSE247195,GSM7885091,0.1,0.2,clustered,1,27.8785,32.12178822444982,1.211660329531052
GSE247195,GSM7885091,0.1,0.2,scattered,1,0.9176,1.0572646618273995,1.211660329531052
GSE247195,GSM7885091,0.1,0.2,clustered,2,28.148,32.432307869570224,1.211660329531052
GSE247195,GSM7885091,0.1,0.2,scattered,2,1.01,1.1637285401543958,1.211660329531052
GSE247195,GSM7885091,0.1,0.2,clustered,3,28.2532,32.55351999078235,1.211660329531052
GSE247195,GSM7885091,0.1,0.2,scattered,3,0.8952,1.0314552367784307,1.211660329531052
GSE247195,GSM7885092,0.1,0.1,clustered,0,15.6431,17.592330184435447,0.7802519118308592
GSE247195,GSM7885092,0.1,0.1,scattered,0,0.6842,0.7694556905083221,0.7802519118308592
GSE247195,GSM7885092,0.1,0.1,clustered,1,14.9101,16.76799370220423,0.7802519118308592
GSE247195,GSM7885092,0.1,0.1,scattered,1,0.8068,0.9073324336482231,0.7802519118308592
GSE247195,GSM7885092,0.1,0.1,clustered,2,15.0432,16.917678812415655,0.7802519118308592
GSE247195,GSM7885092,0.1,0.1,scattered,2,0.7596,0.8542510121457491,0.7802519118308592
GSE247195,GSM7885092,0.1,0.1,clustered,3,15.3314,17.241790373369323,0.7802519118308592
GSE247195,GSM7885092,0.1,0.1,scattered,3,0.6496,0.7305443094916779,0.7802519118308592
GSE247195,GSM7885092,0.1,0.1,clustered,4,15.2695,17.172177237966714,0.7802519118308592
GSE247195,GSM7885092,0.1,0.1,scattered,4,0.8688,0.9770580296896086,0.7802519118308592
GSE247195,GSM7885092,0.1,0.1,clustered,5,15.6519,17.602226720647774,0.7802519118308592
GSE247195,GSM7885092,0.1,0.1,scattered,5,0.7245,0.8147773279352227,0.7802519118308592
GSE247195,GSM7885092,0.1,0.1,clustered,6,15.4551,17.380904183535762,0.7802519118308592
GSE247195,GSM7885092,0.1,0.1,scattered,6,0.9352,1.0517318938371572,0.7802519118308592
GSE247195,GSM7885092,0.1,0.1,clustered,7,15.0836,16.963112910481332,0.7802519118308592
GSE247195,GSM7885092,0.1,0.1,scattered,7,0.7526,0.8463787674313991,0.7802519118308592
GSE247195,GSM7885092,0.1,0.1,clustered,8,15.8623,17.83884390463338,0.7802519118308592
GSE247195,GSM7885092,0.1,0.1,scattered,8,0.6643,0.7470760233918129,0.7802519118308592
GSE247195,GSM7885092,0.1,0.1,clustered,9,16.0105,18.005510571300047,0.7802519118308592
GSE247195,GSM7885092,0.1,0.1,scattered,9,0.7582,0.852676563202879,0.7802519118308592
GSE247195,GSM7885092,0.05,0.1,clustered,0,8.9773,10.095928924876294,0.7802519118308592
GSE247195,GSM7885092,0.05,0.1,scattered,0,0.7273,0.8179262258209626,0.7802519118308592
GSE247195,GSM7885092,0.05,0.1,clustered,1,8.6689,9.74910031488979,0.7802519118308592
GSE247195,GSM7885092,0.05,0.1,scattered,1,0.7472,0.8403058929374718,0.7802519118308592
GSE247195,GSM7885092,0.05,0.1,clustered,2,9.3214,10.482905982905983,0.7802519118308592
GSE247195,GSM7885092,0.05,0.1,scattered,2,0.7308,0.8218623481781376,0.7802519118308592
GSE247195,GSM7885092,0.05,0.1,clustered,3,8.6194,9.693432298695457,0.7802519118308592
GSE247195,GSM7885092,0.05,0.1,scattered,3,0.6996,0.786774628879892,0.7802519118308592
GSE247195,GSM7885092,0.2,0.1,clustered,0,22.5737,25.386527215474583,0.7802519118308592
GSE247195,GSM7885092,0.2,0.1,scattered,0,0.8618,0.9691857849752586,0.7802519118308592
GSE247195,GSM7885092,0.2,0.1,clustered,1,22.2455,25.017431399010345,0.7802519118308592
GSE247195,GSM7885092,0.2,0.1,scattered,1,0.7617,0.856612685560054,0.7802519118308592
GSE247195,GSM7885092,0.2,0.1,clustered,2,22.2751,25.050719748088166,0.7802519118308592
GSE247195,GSM7885092,0.2,0.1,scattered,2,0.6549,0.7365047233468287,0.7802519118308592
GSE247195,GSM7885092,0.2,0.1,clustered,3,22.5451,25.354363472784527,0.7802519118308592
GSE247195,GSM7885092,0.2,0.1,scattered,3,1.0032,1.1282051282051284,0.7802519118308592
GSE247195,GSM7885092,0.1,0.05,clustered,0,5.7343,6.4488304093567255,0.7802519118308592
GSE247195,GSM7885092,0.1,0.05,scattered,0,0.7025,0.7900359874044085,0.7802519118308592
GSE247195,GSM7885092,0.1,0.05,clustered,1,5.9576,6.699955015744489,0.7802519118308592
GSE247195,GSM7885092,0.1,0.05,scattered,1,0.8475,0.9531039136302295,0.7802519118308592
GSE247195,GSM7885092,0.1,0.05,clustered,2,6.1922,6.9637876743139895,0.7802519118308592
GSE247195,GSM7885092,0.1,0.05,scattered,2,0.647,0.7276203328834908,0.7802519118308592
GSE247195,GSM7885092,0.1,0.05,clustered,3,6.4439,7.2468511021142605,0.7802519118308592
GSE247195,GSM7885092,0.1,0.05,scattered,3,0.6961,0.7828385065227171,0.7802519118308592
GSE247195,GSM7885092,0.1,0.2,clustered,0,27.7228,31.17723796671165,0.7802519118308592
GSE247195,GSM7885092,0.1,0.2,scattered,0,0.8977,1.0095591542959965,0.7802519118308592
GSE247195,GSM7885092,0.1,0.2,clustered,1,27.5725,31.00820962663068,0.7802519118308592
GSE247195,GSM7885092,0.1,0.2,scattered,1,0.9464,1.064327485380117,0.7802519118308592
GSE247195,GSM7885092,0.1,0.2,clustered,2,28.5468,32.10391363022942,0.7802519118308592
GSE247195,GSM7885092,0.1,0.2,scattered,2,0.9093,1.022604588394062,0.7802519118308592
GSE247195,GSM7885092,0.1,0.2,clustered,3,27.6621,31.108974358974358,0.7802519118308592
GSE247195,GSM7885092,0.1,0.2,scattered,3,0.817,0.9188034188034188,0.7802519118308592
GSE247195,GSM7885093,0.1,0.1,clustered,0,15.2312,17.549487268118448,1.0694780504666437
GSE247195,GSM7885093,0.1,0.1,scattered,0,0.8206,0.9455006337135614,1.0694780504666437
GSE247195,GSM7885093,0.1,0.1,clustered,1,16.1658,18.626339440027653,1.0694780504666437
GSE247195,GSM7885093,0.1,0.1,scattered,1,0.8869,1.0218919230326076,1.0694780504666437
GSE247195,GSM7885093,0.1,0.1,clustered,2,15.9635,18.393248070054153,1.0694780504666437
GSE247195,GSM7885093,0.1,0.1,scattered,2,0.8351,0.9622076276068671,1.0694780504666437
GSE247195,GSM7885093,0.1,0.1,clustered,3,15.601,17.97557322272151,1.0694780504666437
GSE247195,GSM7885093,0.1,0.1,scattered,3,0.8715,1.0041479433114415,1.0694780504666437
GSE247195,GSM7885093,0.1,0.1,clustered,4,16.4379,18.9398548219841,1.0694780504666437
GSE247195,GSM7885093,0.1,0.1,scattered,4,0.8638,0.9952759534508584,1.0694780504666437
GSE247195,GSM7885093,0.1,0.1,clustered,5,15.8204,18.228367323424358,1.0694780504666437
GSE247195,GSM7885093,0.1,0.1,scattered,5,1.0847,1.2497983638668049,1.0694780504666437
GSE247195,GSM7885093,0.1,0.1,clustered,6,15.5499,17.91669547182855,1.0694780504666437
GSE247195,GSM7885093,0.1,0.1,scattered,6,1.022,1.1775550178592005,1.0694780504666437
GSE247195,GSM7885093,0.1,0.1,clustered,7,15.2055,17.51987556170066,1.0694780504666437
GSE247195,GSM7885093,0.1,0.1,scattered,7,1.08,1.244382993432423,1.0694780504666437
GSE247195,GSM7885093,0.1,0.1,clustered,8,15.8224,18.230671736375157,1.0694780504666437
GSE247195,GSM7885093,0.1,0.1,scattered,8,0.9614,1.1077313054499367,1.0694780504666437
GSE247195,GSM7885093,0.1,0.1,clustered,9,15.7451,18.14160617582671,1.0694780504666437
GSE247195,GSM7885093,0.1,0.1,scattered,9,0.8945,1.0306486922456504,1.0694780504666437
GSE247195,GSM7885093,0.05,0.1,clustered,0,9.8638,11.365134232054384,1.0694780504666437
GSE247195,GSM7885093,0.05,0.1,scattered,0,0.91,1.0485078926143565,1.0694780504666437
GSE247195,GSM7885093,0.05,0.1,clustered,1,9.2866,10.700080654453277,1.0694780504666437
GSE247195,GSM7885093,0.05,0.1,scattered,1,0.9582,1.1040442447286554,1.0694780504666437
GSE247195,GSM7885093,0.05,0.1,clustered,2,9.9599,11.47586127434036,1.0694780504666437
GSE247195,GSM7885093,0.05,0.1,scattered,2,0.7877,0.9075930406728885,1.0694780504666437
GSE247195,GSM7885093,0.05,0.1,clustered,3,9.6037,11.065445327802742,1.0694780504666437
GSE247195,GSM7885093,0.05,0.1,scattered,3,0.9039,1.0414794331144142,1.0694780504666437
GSE247195,GSM7885093,0.2,0.1,clustered,0,22.6817,26.134001613089065,1.0694780504666437
GSE247195,GSM7885093,0.2,0.1,scattered,0,0.8823,1.0165917732457657,1.0694780504666437
GSE247195,GSM7885093,0.2,0.1,clustered,1,23.1443,26.66701232860929,1.0694780504666437
GSE247195,GSM7885093,0.2,0.1,scattered,1,0.9169,1.0564581172946192,1.0694780504666437
GSE247195,GSM7885093,0.2,0.1,clustered,2,22.6364,26.081806659753425,1.0694780504666437
GSE247195,GSM7885093,0.2,0.1,scattered,2,0.9408,1.0839958520566886,1.0694780504666437
GSE247195,GSM7885093,0.2,0.1,clustered,3,22.8589,26.33817260053001,1.0694780504666437
GSE247195,GSM7885093,0.2,0.1,scattered,3,1.0383,1.1963359834082268,1.0694780504666437
GSE247195,GSM7885093,0.1,0.05,clustered,0,6.4077,7.38299343242309,1.0694780504666437
GSE247195,GSM7885093,0.1,0.05,scattered,0,1.0071,1.1603871413757347,1.0694780504666437
GSE247195,GSM7885093,0.1,0.05,clustered,1,6.3526,7.3195068556285285,1.0694780504666437
GSE247195,GSM7885093,0.1,0.05,scattered,1,0.838,0.9655490263855282,1.0694780504666437
GSE247195,GSM7885093,0.1,0.05,clustered,2,6.4584,7.44141030072589,1.0694780504666437
GSE247195,GSM7885093,0.1,0.05,scattered,2,0.9426,1.0860698237124093,1.0694780504666437
GSE247195,GSM7885093,0.1,0.05,clustered,3,6.3959,7.369397396013365,1.0694780504666437
GSE247195,GSM7885093,0.1,0.05,scattered,3,0.8835,1.017974421016246,1.0694780504666437
GSE247195,GSM7885093,0.1,0.2,clustered,0,28.5712,32.919921649959676,1.0694780504666437
GSE247195,GSM7885093,0.1,0.2,scattered,0,0.8128,0.9365134232054384,1.0694780504666437
GSE247195,GSM7885093,0.1,0.2,clustered,1,28.8671,33.26085954603065,1.0694780504666437
GSE247195,GSM7885093,0.1,0.2,scattered,1,0.8391,0.9668164535084687,1.0694780504666437
GSE247195,GSM7885093,0.1,0.2,clustered,2,28.503,32.841341168337365,1.0694780504666437
GSE247195,GSM7885093,0.1,0.2,scattered,2,0.8736,1.0065675769097824,1.0694780504666437
GSE247195,GSM7885093,0.1,0.2,clustered,3,28.7752,33.15497177094135,1.0694780504666437
GSE247195,GSM7885093,0.1,0.2,scattered,3,0.7977,0.9191151054268925,1.0694780504666437
GSE110530,GSM2995280,0.1,0.1,clustered,0,4.9582,4.338262315163181,0.7739084784320588
GSE110530,GSM2995280,0.1,0.1,scattered,0,0.9577,0.8379560766471257,0.7739084784320588
GSE110530,GSM2995280,0.1,0.1,clustered,1,4.7654,4.169568641175956,0.7739084784320588
GSE110530,GSM2995280,0.1,0.1,scattered,1,0.9034,0.7904453582990637,0.7739084784320588
GSE110530,GSM2995280,0.1,0.1,clustered,2,4.5352,3.968151194330212,0.7739084784320588
GSE110530,GSM2995280,0.1,0.1,scattered,2,0.8688,0.7601714935689912,0.7739084784320588
GSE110530,GSM2995280,0.1,0.1,clustered,3,4.8952,4.2831393822731645,0.7739084784320588
GSE110530,GSM2995280,0.1,0.1,scattered,3,0.8105,0.7091609064660075,0.7739084784320588
GSE110530,GSM2995280,0.1,0.1,clustered,4,4.6463,4.065360048998163,0.7739084784320588
GSE110530,GSM2995280,0.1,0.1,scattered,4,1.0043,0.8787295476419634,0.7739084784320588
GSE110530,GSM2995280,0.1,0.1,clustered,5,4.1058,3.592440283489369,0.7739084784320588
GSE110530,GSM2995280,0.1,0.1,scattered,5,0.8106,0.7092484031848806,0.7739084784320588
GSE110530,GSM2995280,0.1,0.1,clustered,6,4.4093,3.8579928252690525,0.7739084784320588
GSE110530,GSM2995280,0.1,0.1,scattered,6,0.9534,0.8341937177355849,0.7739084784320588
GSE110530,GSM2995280,0.1,0.1,clustered,7,4.4957,3.933589990375361,0.7739084784320588
GSE110530,GSM2995280,0.1,0.1,scattered,7,0.86,0.7524717823081634,0.7739084784320588
GSE110530,GSM2995280,0.1,0.1,clustered,8,4.7763,4.179105783533117,0.7739084784320588
GSE110530,GSM2995280,0.1,0.1,scattered,8,0.815,0.7130982588152943,0.7739084784320588
GSE110530,GSM2995280,0.1,0.1,clustered,9,4.105,3.5917403097383853,0.7739084784320588
GSE110530,GSM2995280,0.1,0.1,scattered,9,0.9369,0.8197567591215329,0.7739084784320588
GSE110530,GSM2995280,0.05,0.1,clustered,0,2.6271,2.298626301513693,0.7739084784320588
GSE110530,GSM2995280,0.05,0.1,scattered,0,0.8316,0.7276227141482194,0.7739084784320588
GSE110530,GSM2995280,0.05,0.1,clustered,1,2.87,2.5111558316563127,0.7739084784320588
GSE110530,GSM2995280,0.05,0.1,scattered,1,0.8885,0.7774083471869805,0.7739084784320588
GSE110530,GSM2995280,0.05,0.1,clustered,2,2.5138,2.199492519030536,0.7739084784320588
GSE110530,GSM2995280,0.05,0.1,scattered,2,0.9622,0.8418934289964126,0.7739084784320588
GSE110530,GSM2995280,0.05,0.1,clustered,3,2.8518,2.4952314288214192,0.7739084784320588
GSE110530,GSM2995280,0.05,0.1,scattered,3,0.9238,0.8082946889491643,0.7739084784320588
GSE110530,GSM2995280,0.2,0.1,clustered,0,6.3705,5.573978475807157,0.7739084784320588
GSE110530,GSM2995280,0.2,0.1,scattered,0,0.7829,0.6850118120570479,0.7739084784320588
GSE110530,GSM2995280,0.2,0.1,clustered,1,7.4005,6.475194680199492,0.7739084784320588
GSE110530,GSM2995280,0.2,0.1,scattered,1,0.9759,0.8538804794820194,0.7739084784320588
GSE110530,GSM2995280,0.2,0.1,clustered,2,7.0897,6.203254877942077,0.7739084784320588
GSE110530,GSM2995280,0.2,0.1,scattered,2,1.0031,0.877679587015487,0.7739084784320588
GSE110530,GSM2995280,0.2,0.1,clustered,3,7.0249,6.146557004112346,0.7739084784320588
GSE110530,GSM2995280,0.2,0.1,scattered,3,0.8427,0.7373348499431271,0.7739084784320588
GSE110530,GSM2995280,0.1,0.05,clustered,0,1.6891,1.477907078484557,0.7739084784320588
GSE110530,GSM2995280,0.1,0.05,scattered,0,0.942,0.8242190917840581,0.7739084784320588
GSE110530,GSM2995280,0.1,0.05,clustered,1,1.8348,1.6053897978825793,0.7739084784320588
GSE110530,GSM2995280,0.1,0.05,scattered,1,0.9145,0.8001574940939714,0.7739084784320588
GSE110530,GSM2995280,0.1,0.05,clustered,2,1.9776,1.7303351124332838,0.7739084784320588
GSE110530,GSM2995280,0.1,0.05,scattered,2,0.8565,0.749409397147607,0.7739084784320588
GSE110530,GSM2995280,0.1,0.05,clustered,3,1.7408,1.5231428821419195,0.7739084784320588
GSE110530,GSM2995280,0.1,0.05,scattered,3,0.8362,0.7316475632163795,0.7739084784320588
GSE110530,GSM2995280,0.1,0.2,clustered,0,11.2175,9.814944439583515,0.7739084784320588
GSE110530,GSM2995280,0.1,0.2,scattered,0,0.9217,0.8064572578528305,0.7739084784320588
GSE110530,GSM2995280,0.1,0.2,clustered,1,11.7354,10.268089946627002,0.7739084784320588
GSE110530,GSM2995280,0.1,0.2,scattered,1,0.8996,0.7871204829818881,0.7739084784320588
GSE110530,GSM2995280,0.1,0.2,clustered,2,11.446,10.014874442208416,0.7739084784320588
GSE110530,GSM2995280,0.1,0.2,scattered,2,0.8068,0.705923527867705,0.7739084784320588
GSE110530,GSM2995280,0.1,0.2,clustered,3,11.1691,9.772596027648962,0.7739084784320588
GSE110530,GSM2995280,0.1,0.2,scattered,3,0.8442,0.7386473007262228,0.7739084784320588
GSE110530,GSM2995281,0.1,0.1,clustered,0,8.8941,7.837592527317589,1.202326401127952
GSE110530,GSM2995281,0.1,0.1,scattered,0,1.3096,1.1540359534719775,1.202326401127952
GSE110530,GSM2995281,0.1,0.1,clustered,1,9.2299,8.133503701092703,1.202326401127952
GSE110530,GSM2995281,0.1,0.1,scattered,1,1.1739,1.0344554106450474,1.202326401127952
GSE110530,GSM2995281,0.1,0.1,clustered,2,9.452,8.329221008107154,1.202326401127952
GSE110530,GSM2995281,0.1,0.1,scattered,2,1.3285,1.170690870637998,1.202326401127952
GSE110530,GSM2995281,0.1,0.1,clustered,3,8.5981,7.576753612971449,1.202326401127952
GSE110530,GSM2995281,0.1,0.1,scattered,3,1.4025,1.235900599224533,1.202326401127952
GSE110530,GSM2995281,0.1,0.1,clustered,4,8.7185,7.682851603806839,1.202326401127952
GSE110530,GSM2995281,0.1,0.1,scattered,4,1.2262,1.0805428269298554,1.202326401127952
GSE110530,GSM2995281,0.1,0.1,clustered,5,9.2075,8.113764540007049,1.202326401127952
GSE110530,GSM2995281,0.1,0.1,scattered,5,1.367,1.2046175537539654,1.202326401127952
GSE110530,GSM2995281,0.1,0.1,clustered,6,9.6218,8.4788508988368,1.202326401127952
GSE110530,GSM2995281,0.1,0.1,scattered,6,1.2916,1.1381741275995771,1.202326401127952
GSE110530,GSM2995281,0.1,0.1,clustered,7,9.9586,8.775643285160381,1.202326401127952
GSE110530,GSM2995281,0.1,0.1,scattered,7,1.4008,1.2344025378921395,1.202326401127952
GSE110530,GSM2995281,0.1,0.1,clustered,8,8.7573,7.717042650687346,1.202326401127952
GSE110530,GSM2995281,0.1,0.1,scattered,8,1.239,1.091822347550229,1.202326401127952
GSE110530,GSM2995281,0.1,0.1,clustered,9,8.3728,7.378216425801903,1.202326401127952
GSE110530,GSM2995281,0.1,0.1,scattered,9,1.2748,1.1233697567853365,1.202326401127952
GSE110530,GSM2995281,0.05,0.1,clustered,0,5.7817,5.094906591469862,1.202326401127952
GSE110530,GSM2995281,0.05,0.1,scattered,0,1.2044,1.0613323933732814,1.202326401127952
GSE110530,GSM2995281,0.05,0.1,clustered,1,5.1443,4.533221713077195,1.202326401127952
GSE110530,GSM2995281,0.05,0.1,scattered,1,1.4843,1.3079837856891081,1.202326401127952
GSE110530,GSM2995281,0.05,0.1,clustered,2,5.8886,5.189108212900952,1.202326401127952
GSE110530,GSM2995281,0.05,0.1,scattered,2,1.1841,1.0434437786394077,1.202326401127952
GSE110530,GSM2995281,0.05,0.1,clustered,3,5.8398,5.146105040535778,1.202326401127952
GSE110530,GSM2995281,0.05,0.1,scattered,3,1.3735,1.2103454353189989,1.202326401127952
GSE110530,GSM2995281,0.2,0.1,clustered,0,12.9534,11.414698625308425,1.202326401127952
GSE110530,GSM2995281,0.2,0.1,scattered,0,1.2057,1.0624779696862883,1.202326401127952
GSE110530,GSM2995281,0.2,0.1,clustered,1,13.2911,11.712284102925626,1.202326401127952
GSE110530,GSM2995281,0.2,0.1,scattered,1,1.1146,0.9821995065209729,1.202326401127952
GSE110530,GSM2995281,0.2,0.1,clustered,2,13.8573,12.211226647867466,1.202326401127952
GSE110530,GSM2995281,0.2,0.1,scattered,2,1.2383,1.0912054987663025,1.202326401127952
GSE110530,GSM2995281,0.2,0.1,clustered,3,14.1878,12.502467395135707,1.202326401127952
GSE110530,GSM2995281,0.2,0.1,scattered,3,1.2788,1.1268946069792034,1.202326401127952
GSE110530,GSM2995281,0.1,0.05,clustered,0,3.8594,3.400951709552344,1.202326401127952
GSE110530,GSM2995281,0.1,0.05,scattered,0,1.3725,1.2094642227705323,1.202326401127952
GSE110530,GSM2995281,0.1,0.05,clustered,1,3.816,3.3627070849488896,1.202326401127952
GSE110530,GSM2995281,0.1,0.05,scattered,1,1.3023,1.1476031018681705,1.202326401127952
GSE110530,GSM2995281,0.1,0.05,clustered,2,3.9135,3.4486253084243916,1.202326401127952
GSE110530,GSM2995281,0.1,0.05,scattered,2,1.3615,1.1997708847373985,1.202326401127952
GSE110530,GSM2995281,0.1,0.05,clustered,3,3.8415,3.38517800493479,1.202326401127952
GSE110530,GSM2995281,0.1,0.05,scattered,3,1.351,1.1905181529784983,1.202326401127952
GSE110530,GSM2995281,0.1,0.2,clustered,0,19.4896,17.174480084596404,1.202326401127952
GSE110530,GSM2995281,0.1,0.2,scattered,0,1.1311,0.9967395135706733,1.202326401127952
GSE110530,GSM2995281,0.1,0.2,clustered,1,19.0105,16.752291152626015,1.202326401127952
GSE110530,GSM2995281,0.1,0.2,scattered,1,1.091,0.9614028903771589,1.202326401127952
GSE110530,GSM2995281,0.1,0.2,clustered,2,20.1328,17.741275995770177,1.202326401127952
GSE110530,GSM2995281,0.1,0.2,scattered,2,1.119,0.9860768417342263,1.202326401127952
GSE110530,GSM2995281,0.1,0.2,clustered,3,19.1474,16.872929150511105,1.202326401127952
GSE110530,GSM2995281,0.1,0.2,scattered,3,0.9912,0.8734578780401833,1.202326401127952
GSE110530,GSM2995282,0.1,0.1,clustered,0,5.9622,5.216729372648525,0.8233441245953276
GSE110530,GSM2995282,0.1,0.1,scattered,0,0.9155,0.8010324612827019,0.8233441245953276
GSE110530,GSM2995282,0.1,0.1,clustered,1,5.8739,5.139469769883629,0.8233441245953276
GSE110530,GSM2995282,0.1,0.1,scattered,1,0.9147,0.8003324875317175,0.8233441245953276
GSE110530,GSM2995282,0.1,0.1,clustered,2,5.5586,4.863592615276927,0.8233441245953276
GSE110530,GSM2995282,0.1,0.1,scattered,2,0.8279,0.7243853355499168,0.8233441245953276
GSE110530,GSM2995282,0.1,0.1,clustered,3,5.2197,4.567066235016187,0.8233441245953276
GSE110530,GSM2995282,0.1,0.1,scattered,3,0.9165,0.8019074284714323,0.8233441245953276
GSE110530,GSM2995282,0.1,0.1,clustered,4,6.0374,5.2825269052410535,0.8233441245953276
GSE110530,GSM2995282,0.1,0.1,scattered,4,0.9475,0.8290314113220754,0.8233441245953276
GSE110530,GSM2995282,0.1,0.1,clustered,5,5.5627,4.867179980750722,0.8233441245953276
GSE110530,GSM2995282,0.1,0.1,scattered,5,0.921,0.8058447808207192,0.8233441245953276
GSE110530,GSM2995282,0.1,0.1,clustered,6,5.5423,4.8493306501006215,0.8233441245953276
GSE110530,GSM2995282,0.1,0.1,scattered,6,0.8913,0.7798582553154256,0.8233441245953276
GSE110530,GSM2995282,0.1,0.1,clustered,7,5.6546,4.947589465395048,0.8233441245953276
GSE110530,GSM2995282,0.1,0.1,scattered,7,1.0309,0.9020036748621926,0.8233441245953276
GSE110530,GSM2995282,0.1,0.1,clustered,8,5.366,4.695073934727447,0.8233441245953276
GSE110530,GSM2995282,0.1,0.1,scattered,8,1.019,0.8915915653163006,0.8233441245953276
GSE110530,GSM2995282,0.1,0.1,clustered,9,5.5938,4.894391460320238,0.8233441245953276
GSE110530,GSM2995282,0.1,0.1,scattered,9,0.8498,0.7435471169831132,0.8233441245953276
GSE110530,GSM2995282,0.05,0.1,clustered,0,3.4044,2.9787382973138508,0.8233441245953276
GSE110530,GSM2995282,0.05,0.1,scattered,0,0.8944,0.7825706536004899,0.8233441245953276
GSE110530,GSM2995282,0.05,0.1,clustered,1,3.0402,2.6600752471782307,0.8233441245953276
GSE110530,GSM2995282,0.05,0.1,scattered,1,0.9656,0.8448683174380961,0.8233441245953276
GSE110530,GSM2995282,0.05,0.1,clustered,2,3.3483,2.929652638026074,0.8233441245953276
GSE110530,GSM2995282,0.05,0.1,scattered,2,0.8902,0.7788957914078222,0.8233441245953276
GSE110530,GSM2995282,0.05,0.1,clustered,3,2.9812,2.6084521830431355,0.8233441245953276
GSE110530,GSM2995282,0.05,0.1,scattered,3,0.9344,0.8175693411497069,0.8233441245953276
GSE110530,GSM2995282,0.2,0.1,clustered,0,8.2874,7.251203079884504,0.8233441245953276
GSE110530,GSM2995282,0.2,0.1,scattered,0,0.9245,0.8089071659812757,0.8233441245953276
GSE110530,GSM2995282,0.2,0.1,clustered,1,8.5556,7.485869279902004,0.8233441245953276
GSE110530,GSM2995282,0.2,0.1,scattered,1,0.9593,0.8393560241490944,0.8233441245953276
GSE110530,GSM2995282,0.2,0.1,clustered,2,8.3686,7.322250415609415,0.8233441245953276
GSE110530,GSM2995282,0.2,0.1,scattered,2,0.7938,0.6945489544142094,0.8233441245953276
GSE110530,GSM2995282,0.2,0.1,clustered,3,8.4214,7.368448683174381,0.8233441245953276
GSE110530,GSM2995282,0.2,0.1,scattered,3,0.995,0.8705923527867705,0.8233441245953276
GSE110530,GSM2995282,0.1,0.05,clustered,0,2.1623,1.8919415521917928,0.8233441245953276
GSE110530,GSM2995282,0.1,0.05,scattered,0,0.889,0.7778458307813457,0.8233441245953276
GSE110530,GSM2995282,0.1,0.05,clustered,1,2.0148,1.7628838918540555,0.8233441245953276
GSE110530,GSM2995282,0.1,0.05,scattered,1,0.9672,0.8462682649400647,0.8233441245953276
GSE110530,GSM2995282,0.1,0.05,clustered,2,2.0148,1.7628838918540555,0.8233441245953276
GSE110530,GSM2995282,0.1,0.05,scattered,2,0.9277,0.8117070609852131,0.8233441245953276
GSE110530,GSM2995282,0.1,0.05,clustered,3,2.0986,1.8362061422696647,0.8233441245953276
GSE110530,GSM2995282,0.1,0.05,scattered,3,0.9465,0.828156444133345,0.8233441245953276
GSE110530,GSM2995282,0.1,0.2,clustered,0,13.256,11.598565053810482,0.8233441245953276
GSE110530,GSM2995282,0.1,0.2,scattered,0,0.9256,0.8098696298888791,0.8233441245953276
GSE110530,GSM2995282,0.1,0.2,clustered,1,13.1131,11.473532242540903,0.8233441245953276
GSE110530,GSM2995282,0.1,0.2,scattered,1,0.9588,0.8389185405547291,0.8233441245953276
GSE110530,GSM2995282,0.1,0.2,clustered,2,13.6335,11.928865167556216,0.8233441245953276
GSE110530,GSM2995282,0.1,0.2,scattered,2,0.9286,0.8124945314550704,0.8233441245953276
GSE110530,GSM2995282,0.1,0.2,clustered,3,13.5406,11.84758071572316,0.8233441245953276
GSE110530,GSM2995282,0.1,0.2,scattered,3,0.9855,0.8622801644938315,0.8233441245953276
GSE110530,GSM2995283,0.1,0.1,clustered,0,8.4172,7.417342262953824,1.2990835389495945
GSE110530,GSM2995283,0.1,0.1,scattered,0,1.3039,1.1490130419457174,1.2990835389495945
GSE110530,GSM2995283,0.1,0.1,clustered,1,9.0729,7.995153330983434,1.2990835389495945
GSE110530,GSM2995283,0.1,0.1,scattered,1,1.2351,1.088385618611209,1.2990835389495945
GSE110530,GSM2995283,0.1,0.1,clustered,2,9.0907,8.01083891434614,1.2990835389495945
GSE110530,GSM2995283,0.1,0.1,scattered,2,1.3558,1.1947479732111383,1.2990835389495945
GSE110530,GSM2995283,0.1,0.1,clustered,3,8.9196,7.8600634473034905,1.2990835389495945
GSE110530,GSM2995283,0.1,0.1,scattered,3,1.3883,1.223387381036306,1.2990835389495945
GSE110530,GSM2995283,0.1,0.1,clustered,4,8.1267,7.16135001762425,1.2990835389495945
GSE110530,GSM2995283,0.1,0.1,scattered,4,1.3452,1.1854071201973915,1.2990835389495945
GSE110530,GSM2995283,0.1,0.1,clustered,5,8.4115,7.4123193514275645,1.2990835389495945
GSE110530,GSM2995283,0.1,0.1,scattered,5,1.3503,1.1899013041945719,1.2990835389495945
GSE110530,GSM2995283,0.1,0.1,clustered,6,8.3916,7.394783221713078,1.2990835389495945
GSE110530,GSM2995283,0.1,0.1,scattered,6,1.3294,1.1714839619316177,1.2990835389495945
GSE110530,GSM2995283,0.1,0.1,clustered,7,9.0382,7.9645752555516385,1.2990835389495945
GSE110530,GSM2995283,0.1,0.1,scattered,7,1.3672,1.2047937962636588,1.2990835389495945
GSE110530,GSM2995283,0.1,0.1,clustered,8,8.2418,7.262777581952767,1.2990835389495945
GSE110530,GSM2995283,0.1,0.1,scattered,8,1.3939,1.2283221713077193,1.2990835389495945
GSE110530,GSM2995283,0.1,0.1,clustered,9,8.4988,7.489249206908705,1.2990835389495945
GSE110530,GSM2995283,0.1,0.1,scattered,9,1.3493,1.189020091646105,1.2990835389495945
GSE110530,GSM2995283,0.05,0.1,clustered,0,5.6248,4.956644342615438,1.2990835389495945
GSE110530,GSM2995283,0.05,0.1,scattered,0,1.3342,1.175713782164258,1.2990835389495945
GSE110530,GSM2995283,0.05,0.1,clustered,1,6.655,5.864469510045823,1.2990835389495945
GSE110530,GSM2995283,0.05,0.1,scattered,1,1.3605,1.198889672188932,1.2990835389495945
GSE110530,GSM2995283,0.05,0.1,clustered,2,5.9893,5.277846316531547,1.2990835389495945
GSE110530,GSM2995283,0.05,0.1,scattered,2,1.4399,1.2688579485371871,1.2990835389495945
GSE110530,GSM2995283,0.05,0.1,clustered,3,5.8112,5.12090236164963,1.2990835389495945
GSE110530,GSM2995283,0.05,0.1,scattered,3,1.4632,1.289390200916461,1.2990835389495945
GSE110530,GSM2995283,0.2,0.1,clustered,0,12.5503,11.059481847021502,1.2990835389495945
GSE110530,GSM2995283,0.2,0.1,scattered,0,1.1777,1.037804018329221,1.2990835389495945
GSE110530,GSM2995283,0.2,0.1,clustered,1,12.57,11.076841734226296,1.2990835389495945
GSE110530,GSM2995283,0.2,0.1,scattered,1,1.337,1.1781811772999646,1.2990835389495945
GSE110530,GSM2995283,0.2,0.1,clustered,2,13.0863,11.531811772999648,1.2990835389495945
GSE110530,GSM2995283,0.2,0.1,scattered,2,1.3885,1.2235636235459992,1.2990835389495945
GSE110530,GSM2995283,0.2,0.1,clustered,3,13.9384,12.282692985548113,1.2990835389495945
GSE110530,GSM2995283,0.2,0.1,scattered,3,1.1967,1.054547056750088,1.2990835389495945
GSE110530,GSM2995283,0.1,0.05,clustered,0,4.0351,3.5557807543179414,1.2990835389495945
GSE110530,GSM2995283,0.1,0.05,scattered,0,1.4497,1.2774938315121607,1.2990835389495945
GSE110530,GSM2995283,0.1,0.05,clustered,1,3.2931,2.901921043355657,1.2990835389495945
GSE110530,GSM2995283,0.1,0.05,scattered,1,1.442,1.270708494888967,1.2990835389495945
GSE110530,GSM2995283,0.1,0.05,clustered,2,3.5576,3.1350017624250968,1.2990835389495945
GSE110530,GSM2995283,0.1,0.05,scattered,2,1.4696,1.2950299612266478,1.2990835389495945
GSE110530,GSM2995283,0.1,0.05,clustered,3,3.6103,3.1814416637292915,1.2990835389495945
GSE110530,GSM2995283,0.1,0.05,scattered,3,1.4169,1.2485900599224533,1.2990835389495945
GSE110530,GSM2995283,0.1,0.2,clustered,0,18.4859,16.29000704970039,1.2990835389495945
GSE110530,GSM2995283,0.1,0.2,scattered,0,1.2027,1.0598343320408883,1.2990835389495945
GSE110530,GSM2995283,0.1,0.2,clustered,1,18.7001,16.478762777581952,1.2990835389495945
GSE110530,GSM2995283,0.1,0.2,scattered,1,1.2512,1.1025731406415227,1.2990835389495945
GSE110530,GSM2995283,0.1,0.2,clustered,2,18.5725,16.366320056397605,1.2990835389495945
GSE110530,GSM2995283,0.1,0.2,scattered,2,1.0422,0.9183997180119845,1.2990835389495945
GSE110530,GSM2995283,0.1,0.2,clustered,3,18.4806,16.285336623193512,1.2990835389495945
GSE110530,GSM2995283,0.1,0.2,scattered,3,1.249,1.100634473034896,1.2990835389495945
GSE110530,GSM2995284,0.1,0.1,clustered,0,11.0105,9.702590764892491,1.0071378216425801
GSE110530,GSM2995284,0.1,0.1,scattered,0,1.1299,0.9956820585125131,1.0071378216425801
GSE110530,GSM2995284,0.1,0.1,clustered,1,10.9267,9.628745153330984,1.0071378216425801
GSE110530,GSM2995284,0.1,0.1,scattered,1,0.8901,0.784367289390201,1.0071378216425801
GSE110530,GSM2995284,0.1,0.1,clustered,2,9.8159,8.649894254494184,1.0071378216425801
GSE110530,GSM2995284,0.1,0.1,scattered,2,1.0303,0.9079132886852308,1.0071378216425801
GSE110530,GSM2995284,0.1,0.1,clustered,3,11.0212,9.712019739161086,1.0071378216425801
GSE110530,GSM2995284,0.1,0.1,scattered,3,1.0589,0.9331159675713782,1.0071378216425801
GSE110530,GSM2995284,0.1,0.1,clustered,4,9.7496,8.591469862530841,1.0071378216425801
GSE110530,GSM2995284,0.1,0.1,scattered,4,1.0223,0.9008635882974974,1.0071378216425801
GSE110530,GSM2995284,0.1,0.1,clustered,5,9.7873,8.624691575608036,1.0071378216425801
GSE110530,GSM2995284,0.1,0.1,scattered,5,1.0811,0.9526788861473386,1.0071378216425801
GSE110530,GSM2995284,0.1,0.1,clustered,6,10.2857,9.063887909763835,1.0071378216425801
GSE110530,GSM2995284,0.1,0.1,scattered,6,1.1186,0.9857243567148396,1.0071378216425801
GSE110530,GSM2995284,0.1,0.1,clustered,7,10.9316,9.63306309481847,1.0071378216425801
GSE110530,GSM2995284,0.1,0.1,scattered,7,1.1826,1.0421219598167077,1.0071378216425801
GSE110530,GSM2995284,0.1,0.1,clustered,8,10.3352,9.107507930912936,1.0071378216425801
GSE110530,GSM2995284,0.1,0.1,scattered,8,1.178,1.0380683820937608,1.0071378216425801
GSE110530,GSM2995284,0.1,0.1,clustered,9,10.4044,9.168487839266831,1.0071378216425801
GSE110530,GSM2995284,0.1,0.1,scattered,9,1.0424,0.9185759605216778,1.0071378216425801
GSE110530,GSM2995284,0.05,0.1,clustered,0,6.7949,5.987751145576313,1.0071378216425801
GSE110530,GSM2995284,0.05,0.1,scattered,0,1.1456,1.0095170955234403,1.0071378216425801
GSE110530,GSM2995284,0.05,0.1,clustered,1,5.6924,5.016214310891787,1.0071378216425801
GSE110530,GSM2995284,0.05,0.1,scattered,1,1.2131,1.0689989425449418,1.0071378216425801
GSE110530,GSM2995284,0.05,0.1,clustered,2,6.4751,5.705939372576665,1.0071378216425801
GSE110530,GSM2995284,0.05,0.1,scattered,2,1.0585,0.9327634825519915,1.0071378216425801
GSE110530,GSM2995284,0.05,0.1,clustered,3,7.2004,6.345082833979556,1.0071378216425801
GSE110530,GSM2995284,0.05,0.1,scattered,3,1.2475,1.099312654212196,1.0071378216425801
GSE110530,GSM2995284,0.2,0.1,clustered,0,15.8912,14.003524850193866,1.0071378216425801
GSE110530,GSM2995284,0.2,0.1,scattered,0,1.184,1.043355657384561,1.0071378216425801
GSE110530,GSM2995284,0.2,0.1,clustered,1,16.4003,14.45215015861826,1.0071378216425801
GSE110530,GSM2995284,0.2,0.1,scattered,1,0.9846,0.8676418752203031,1.0071378216425801
GSE110530,GSM2995284,0.2,0.1,clustered,2,14.9171,13.145135706732463,1.0071378216425801
GSE110530,GSM2995284,0.2,0.1,scattered,2,1.0256,0.9037715897074374,1.0071378216425801
GSE110530,GSM2995284,0.2,0.1,clustered,3,16.1397,14.22250616848784,1.0071378216425801
GSE110530,GSM2995284,0.2,0.1,scattered,3,1.1669,1.0282869228057807,1.0071378216425801
GSE110530,GSM2995284,0.1,0.05,clustered,0,4.1819,3.6851427564328514,1.0071378216425801
GSE110530,GSM2995284,0.1,0.05,scattered,0,1.089,0.9596404652802255,1.0071378216425801
GSE110530,GSM2995284,0.1,0.05,clustered,1,4.5237,3.986341205498766,1.0071378216425801
GSE110530,GSM2995284,0.1,0.05,scattered,1,1.1318,0.9973563623545998,1.0071378216425801
GSE110530,GSM2995284,0.1,0.05,clustered,2,4.5421,4.002555516390553,1.0071378216425801
GSE110530,GSM2995284,0.1,0.05,scattered,2,1.0188,0.8977793443778639,1.0071378216425801
GSE110530,GSM2995284,0.1,0.05,clustered,3,4.0221,3.5443249911878745,1.0071378216425801
GSE110530,GSM2995284,0.1,0.05,scattered,3,1.1013,0.9704793796263658,1.0071378216425801
GSE110530,GSM2995284,0.1,0.2,clustered,0,22.3477,19.693073669369053,1.0071378216425801
GSE110530,GSM2995284,0.1,0.2,scattered,0,1.0186,0.8976031018681705,1.0071378216425801
GSE110530,GSM2995284,0.1,0.2,clustered,1,22.0958,19.471096228410293,1.0071378216425801
GSE110530,GSM2995284,0.1,0.2,scattered,1,0.9511,0.838121254846669,1.0071378216425801
GSE110530,GSM2995284,0.1,0.2,clustered,2,21.3936,18.85230877687698,1.0071378216425801
GSE110530,GSM2995284,0.1,0.2,scattered,2,0.884,0.7789918928445541,1.0071378216425801
GSE110530,GSM2995284,0.1,0.2,clustered,3,22.8946,20.175008812125483,1.0071378216425801
GSE110530,GSM2995284,0.1,0.2,scattered,3,0.9492,0.8364469510045823,1.0071378216425801
GSE110530,GSM2995285,0.1,0.1,clustered,0,8.0553,7.048123195380174,0.9263277627088984
GSE110530,GSM2995285,0.1,0.1,scattered,0,0.9539,0.8346312013299501,0.9263277627088984
GSE110530,GSM2995285,0.1,0.1,clustered,1,7.2424,6.336862367661213,0.9263277627088984
GSE110530,GSM2995285,0.1,0.1,scattered,1,0.9057,0.7924577828331437,0.9263277627088984
GSE110530,GSM2995285,0.1,0.1,clustered,2,6.8292,5.975325925277802,0.9263277627088984
GSE110530,GSM2995285,0.1,0.1,scattered,2,0.9405,0.8229066410009624,0.9263277627088984
GSE110530,GSM2995285,0.1,0.1,clustered,3,7.7001,6.737334849943127,0.9263277627088984
GSE110530,GSM2995285,0.1,0.1,scattered,3,0.9864,0.8630676349636889,0.9263277627088984
GSE110530,GSM2995285,0.1,0.1,clustered,4,7.4326,6.503281126957739,0.9263277627088984
GSE110530,GSM2995285,0.1,0.1,scattered,4,1.1996,1.049610639601015,0.9263277627088984
GSE110530,GSM2995285,0.1,0.1,clustered,5,7.7949,6.820281739434771,0.9263277627088984
GSE110530,GSM2995285,0.1,0.1,scattered,5,1.0276,0.8991162831393823,0.9263277627088984
GSE110530,GSM2995285,0.1,0.1,clustered,6,6.9368,6.069472394785195,0.9263277627088984
GSE110530,GSM2995285,0.1,0.1,scattered,6,1.0291,0.9004287339224778,0.9263277627088984
GSE110530,GSM2995285,0.1,0.1,clustered,7,6.9142,6.049698136319888,0.9263277627088984
GSE110530,GSM2995285,0.1,0.1,scattered,7,0.9963,0.87172981013212,0.9263277627088984
GSE110530,GSM2995285,0.1,0.1,clustered,8,7.2606,6.352786770496106,0.9263277627088984
GSE110530,GSM2995285,0.1,0.1,scattered,8,0.9906,0.8667424971563567,0.9263277627088984
GSE110530,GSM2995285,0.1,0.1,clustered,9,7.2184,6.315863155131682,0.9263277627088984
GSE110530,GSM2995285,0.1,0.1,scattered,9,1.0377,0.9079534517455595,0.9263277627088984
GSE110530,GSM2995285,0.05,0.1,clustered,0,3.6814,3.2211042085921777,0.9263277627088984
GSE110530,GSM2995285,0.05,0.1,scattered,0,1.048,0.9169656137894829,0.9263277627088984
GSE110530,GSM2995285,0.05,0.1,clustered,1,4.9735,4.351649313150756,0.9263277627088984
GSE110530,GSM2995285,0.05,0.1,scattered,1,1.0498,0.9185405547291977,0.9263277627088984
GSE110530,GSM2995285,0.05,0.1,clustered,2,4.385,3.836731122582903,0.9263277627088984
GSE110530,GSM2995285,0.05,0.1,scattered,2,1.0953,0.9583515618164318,0.9263277627088984
GSE110530,GSM2995285,0.05,0.1,clustered,3,4.3968,3.847055735409922,0.9263277627088984
GSE110530,GSM2995285,0.05,0.1,scattered,3,0.9714,0.8499431271327326,0.9263277627088984
GSE110530,GSM2995285,0.2,0.1,clustered,0,11.8839,10.398022574153469,0.9263277627088984
GSE110530,GSM2995285,0.2,0.1,scattered,0,1.0092,0.8830168868667425,0.9263277627088984
GSE110530,GSM2995285,0.2,0.1,clustered,1,11.5483,10.104383585615539,0.9263277627088984
GSE110530,GSM2995285,0.2,0.1,scattered,1,1.245,1.0893341499693763,0.9263277627088984
GSE110530,GSM2995285,0.2,0.1,clustered,2,11.79,10.315863155131682,0.9263277627088984
GSE110530,GSM2995285,0.2,0.1,scattered,2,1.0829,0.9475019686761746,0.9263277627088984
GSE110530,GSM2995285,0.2,0.1,clustered,3,11.195,9.795257677837082,0.9263277627088984
GSE110530,GSM2995285,0.2,0.1,scattered,3,0.9577,0.8379560766471257,0.9263277627088984
GSE110530,GSM2995285,0.1,0.05,clustered,0,2.4687,2.1600314988187943,0.9263277627088984
GSE110530,GSM2995285,0.1,0.05,scattered,0,1.0676,0.9341149706885993,0.9263277627088984
GSE110530,GSM2995285,0.1,0.05,clustered,1,3.128,2.736897366348762,0.9263277627088984
GSE110530,GSM2995285,0.1,0.05,scattered,1,1.0512,0.9197655087934201,0.9263277627088984
GSE110530,GSM2995285,0.1,0.05,clustered,2,2.5692,2.2479657012862018,0.9263277627088984
GSE110530,GSM2995285,0.1,0.05,scattered,2,1.0882,0.9521392947764459,0.9263277627088984
GSE110530,GSM2995285,0.1,0.05,clustered,3,3.0479,2.666812494531455,0.9263277627088984
GSE110530,GSM2995285,0.1,0.05,scattered,3,1.1192,0.979263277627089,0.9263277627088984
GSE110530,GSM2995285,0.1,0.2,clustered,0,16.2676,14.233616239391024,0.9263277627088984
GSE110530,GSM2995285,0.1,0.2,scattered,0,1.1499,1.006124770321113,0.9263277627088984
GSE110530,GSM2995285,0.1,0.2,clustered,1,16.9405,14.822381660687723,0.9263277627088984
GSE110530,GSM2995285,0.1,0.2,scattered,1,1.0417,0.9114533205004812,0.9263277627088984
GSE110530,GSM2995285,0.1,0.2,clustered,2,16.9842,14.860617726835244,0.9263277627088984
GSE110530,GSM2995285,0.1,0.2,scattered,2,0.9558,0.8362936389885379,0.9263277627088984
GSE110530,GSM2995285,0.1,0.2,clustered,3,16.9865,14.862630151369324,0.9263277627088984
GSE110530,GSM2995285,0.1,0.2,scattered,3,1.1834,1.035436171143582,0.9263277627088984
GSE110530,GSM2995286,0.1,0.1,clustered,0,10.7548,9.410097121357948,0.9929127657712836
GSE110530,GSM2995286,0.1,0.1,scattered,0,1.0915,0.9550266864992561,0.9929127657712836
GSE110530,GSM2995286,0.1,0.1,clustered,1,10.9032,9.539942252165543,0.9929127657712836
GSE110530,GSM2995286,0.1,0.1,scattered,1,1.0462,0.9153906728497682,0.9929127657712836
GSE110530,GSM2995286,0.1,0.1,clustered,2,10.372,9.075159681511943,0.9929127657712836
GSE110530,GSM2995286,0.1,0.1,scattered,2,1.0861,0.950301863680112,0.9929127657712836
GSE110530,GSM2995286,0.1,0.1,clustered,3,10.5403,9.222416659375273,0.9929127657712836
GSE110530,GSM2995286,0.1,0.1,scattered,3,1.0545,0.9226529005162306,0.9929127657712836
GSE110530,GSM2995286,0.1,0.1,clustered,4,11.2619,9.853792982763148,0.9929127657712836
GSE110530,GSM2995286,0.1,0.1,scattered,4,1.0308,0.9019161781433196,0.9929127657712836
GSE110530,GSM2995286,0.1,0.1,clustered,5,11.5889,10.139907253477995,0.9929127657712836
GSE110530,GSM2995286,0.1,0.1,scattered,5,0.8992,0.786770496106396,0.9929127657712836
GSE110530,GSM2995286,0.1,0.1,clustered,6,11.2306,9.826406509755884,0.9929127657712836
GSE110530,GSM2995286,0.1,0.1,scattered,6,0.9453,0.8271064835068686,0.9929127657712836
GSE110530,GSM2995286,0.1,0.1,clustered,7,10.4706,9.161431446320762,0.9929127657712836
GSE110530,GSM2995286,0.1,0.1,scattered,7,1.1496,1.0058622801644939,0.9929127657712836
GSE110530,GSM2995286,0.1,0.1,clustered,8,10.5461,9.227491469069909,0.9929127657712836
GSE110530,GSM2995286,0.1,0.1,scattered,8,1.059,0.9265902528655174,0.9929127657712836
GSE110530,GSM2995286,0.1,0.1,clustered,9,11.9291,10.437571091084084,0.9929127657712836
GSE110530,GSM2995286,0.1,0.1,scattered,9,1.0529,0.9212529530142619,0.9929127657712836
GSE110530,GSM2995286,0.05,0.1,clustered,0,6.4378,5.632863767608715,0.9929127657712836
GSE110530,GSM2995286,0.05,0.1,scattered,0,1.0575,0.9252778020824219,0.9929127657712836
GSE110530,GSM2995286,0.05,0.1,clustered,1,7.5079,6.56916615626914,0.9929127657712836
GSE110530,GSM2995286,0.05,0.1,scattered,1,1.0397,0.9097033861230204,0.9929127657712836
GSE110530,GSM2995286,0.05,0.1,clustered,2,6.0791,5.319013037011112,0.9929127657712836
GSE110530,GSM2995286,0.05,0.1,scattered,2,1.167,1.0210867092484033,0.9929127657712836
GSE110530,GSM2995286,0.05,0.1,clustered,3,6.6904,5.85388047948202,0.9929127657712836
GSE110530,GSM2995286,0.05,0.1,scattered,3,0.9867,0.8633301251203079,0.9929127657712836
GSE110530,GSM2995286,0.2,0.1,clustered,0,16.8078,14.706273514743197,0.9929127657712836
GSE110530,GSM2995286,0.2,0.1,scattered,0,0.9413,0.8236066147519469,0.9929127657712836
GSE110530,GSM2995286,0.2,0.1,clustered,1,16.1981,14.172806019774258,0.9929127657712836
GSE110530,GSM2995286,0.2,0.1,scattered,1,1.0025,0.8771546067022487,0.9929127657712836
GSE110530,GSM2995286,0.2,0.1,clustered,2,17.2847,15.123545367048736,0.9929127657712836
GSE110530,GSM2995286,0.2,0.1,scattered,2,1.0567,0.9245778283314375,0.9929127657712836
GSE110530,GSM2995286,0.2,0.1,clustered,3,16.0135,14.011287076734623,0.9929127657712836
GSE110530,GSM2995286,0.2,0.1,scattered,3,0.8898,0.77854580453233,0.9929127657712836
GSE110530,GSM2995286,0.1,0.05,clustered,0,5.0167,4.389447895703911,0.9929127657712836
GSE110530,GSM2995286,0.1,0.05,scattered,0,1.2286,1.0749846880741971,0.9929127657712836
GSE110530,GSM2995286,0.1,0.05,clustered,1,4.329,3.787732960013999,0.9929127657712836
GSE110530,GSM2995286,0.1,0.05,scattered,1,1.1575,1.0127745209554642,0.9929127657712836
GSE110530,GSM2995286,0.1,0.05,clustered,2,4.5871,4.0135619914253216,0.9929127657712836
GSE110530,GSM2995286,0.1,0.05,scattered,2,1.1261,0.9853005512293289,0.9929127657712836
GSE110530,GSM2995286,0.1,0.05,clustered,3,4.2362,3.7065360048998164,0.9929127657712836
GSE110530,GSM2995286,0.1,0.05,scattered,3,1.1794,1.0319363023886603,0.9929127657712836
GSE110530,GSM2995286,0.1,0.2,clustered,0,21.0269,18.397847580715723,0.9929127657712836
GSE110530,GSM2995286,0.1,0.2,scattered,0,1.135,0.9930877592090297,0.9929127657712836
GSE110530,GSM2995286,0.1,0.2,clustered,1,22.6534,19.820981713185756,0.9929127657712836
GSE110530,GSM2995286,0.1,0.2,scattered,1,1.042,0.9117158106571004,0.9929127657712836
GSE110530,GSM2995286,0.1,0.2,clustered,2,22.3165,19.526205267302476,0.9929127657712836
GSE110530,GSM2995286,0.1,0.2,scattered,2,0.9462,0.8278939539767259,0.9929127657712836
GSE110530,GSM2995286,0.1,0.2,clustered,3,22.7854,19.93647738209817,0.9929127657712836
GSE110530,GSM2995286,0.1,0.2,scattered,3,0.9134,0.799195030186368,0.9929127657712836
GSE110530,GSM2995287,0.1,0.1,clustered,0,5.6314,4.962460345435319,1.1824991187874516
GSE110530,GSM2995287,0.1,0.1,scattered,0,1.2743,1.1229291505111032,1.1824991187874516
GSE110530,GSM2995287,0.1,0.1,clustered,1,6.207,5.4696862883327455,1.1824991187874516
GSE110530,GSM2995287,0.1,0.1,scattered,1,1.2512,1.1025731406415227,1.1824991187874516
GSE110530,GSM2995287,0.1,0.1,clustered,2,5.7127,5.03410292562566,1.1824991187874516
GSE110530,GSM2995287,0.1,0.1,scattered,2,1.2559,1.1067148396193163,1.1824991187874516
GSE110530,GSM2995287,0.1,0.1,clustered,3,5.9877,5.276436376454001,1.1824991187874516
GSE110530,GSM2995287,0.1,0.1,scattered,3,1.3387,1.179679238632358,1.1824991187874516
GSE110530,GSM2995287,0.1,0.1,clustered,4,5.998,5.2855128657032076,1.1824991187874516
GSE110530,GSM2995287,0.1,0.1,scattered,4,1.388,1.2231230172717658,1.1824991187874516
GSE110530,GSM2995287,0.1,0.1,clustered,5,6.0117,5.2975854776172016,1.1824991187874516
GSE110530,GSM2995287,0.1,0.1,scattered,5,1.2722,1.1210786041593233,1.1824991187874516
GSE110530,GSM2995287,0.1,0.1,clustered,6,5.2495,4.62592527317589,1.1824991187874516
GSE110530,GSM2995287,0.1,0.1,scattered,6,1.2753,1.12381036305957,1.1824991187874516
GSE110530,GSM2995287,0.1,0.1,clustered,7,5.5601,4.899629890729644,1.1824991187874516
GSE110530,GSM2995287,0.1,0.1,scattered,7,1.3034,1.148572435671484,1.1824991187874516
GSE110530,GSM2995287,0.1,0.1,clustered,8,5.4693,4.819615791328868,1.1824991187874516
GSE110530,GSM2995287,0.1,0.1,scattered,8,1.3728,1.2097285865350722,1.1824991187874516
GSE110530,GSM2995287,0.1,0.1,clustered,9,6.4074,5.646281283045471,1.1824991187874516
GSE110530,GSM2995287,0.1,0.1,scattered,9,1.2393,1.0920867113147692,1.1824991187874516
GSE110530,GSM2995287,0.05,0.1,clustered,0,3.8542,3.396369404300317,1.1824991187874516
GSE110530,GSM2995287,0.05,0.1,scattered,0,1.2294,1.083362707084949,1.1824991187874516
GSE110530,GSM2995287,0.05,0.1,clustered,1,3.7193,3.2774938315121607,1.1824991187874516
GSE110530,GSM2995287,0.05,0.1,scattered,1,1.3589,1.1974797321113853,1.1824991187874516
GSE110530,GSM2995287,0.05,0.1,clustered,2,3.5115,3.094377863940782,1.1824991187874516
GSE110530,GSM2995287,0.05,0.1,scattered,2,1.3523,1.191663729291505,1.1824991187874516
GSE110530,GSM2995287,0.05,0.1,clustered,3,3.7655,3.3182058512513217,1.1824991187874516
GSE110530,GSM2995287,0.05,0.1,scattered,3,1.2604,1.1106802960874163,1.1824991187874516
GSE110530,GSM2995287,0.2,0.1,clustered,0,8.6703,7.640377158970743,1.1824991187874516
GSE110530,GSM2995287,0.2,0.1,scattered,0,1.2265,1.0808071906943955,1.1824991187874516
GSE110530,GSM2995287,0.2,0.1,clustered,1,8.6745,7.644078251674304,1.1824991187874516
GSE110530,GSM2995287,0.2,0.1,scattered,1,1.2937,1.140024673951357,1.1824991187874516
GSE110530,GSM2995287,0.2,0.1,clustered,2,8.6398,7.613500176242509,1.1824991187874516
GSE110530,GSM2995287,0.2,0.1,scattered,2,1.3119,1.1560627423334509,1.1824991187874516
GSE110530,GSM2995287,0.2,0.1,clustered,3,9.4016,8.284807895664434,1.1824991187874516
GSE110530,GSM2995287,0.2,0.1,scattered,3,1.3847,1.220215015861826,1.1824991187874516
GSE110530,GSM2995287,0.1,0.05,clustered,0,2.5388,2.237222418047233,1.1824991187874516
GSE110530,GSM2995287,0.1,0.05,scattered,0,1.2895,1.136323581247797,1.1824991187874516
GSE110530,GSM2995287,0.1,0.05,clustered,1,2.2075,1.9452767007402185,1.1824991187874516
GSE110530,GSM2995287,0.1,0.05,scattered,1,1.3814,1.2173070144518858,1.1824991187874516
GSE110530,GSM2995287,0.1,0.05,clustered,2,2.683,2.3642932675361297,1.1824991187874516
GSE110530,GSM2995287,0.1,0.05,scattered,2,1.2799,1.1278639407825168,1.1824991187874516
GSE110530,GSM2995287,0.1,0.05,clustered,3,2.5563,2.2526436376454,1.1824991187874516
GSE110530,GSM2995287,0.1,0.05,scattered,3,1.3448,1.185054635178005,1.1824991187874516
GSE110530,GSM2995287,0.1,0.2,clustered,0,14.0167,12.351691928093055,1.1824991187874516
GSE110530,GSM2995287,0.1,0.2,scattered,0,1.0678,0.9409587592527318,1.1824991187874516
GSE110530,GSM2995287,0.1,0.2,clustered,1,12.1511,10.707701797673598,1.1824991187874516
GSE110530,GSM2995287,0.1,0.2,scattered,1,1.1623,1.024233345082834,1.1824991187874516
GSE110530,GSM2995287,0.1,0.2,clustered,2,13.0462,11.496475149806134,1.1824991187874516
GSE110530,GSM2995287,0.1,0.2,scattered,2,1.0805,0.9521501586182587,1.1824991187874516
GSE110530,GSM2995287,0.1,0.2,clustered,3,12.0344,10.604864293267536,1.1824991187874516
GSE110530,GSM2995287,0.1,0.2,scattered,3,1.1582,1.0206203736341204,1.1824991187874516
GSE110530,GSM2995288,0.1,0.1,clustered,0,9.3574,8.245858301022206,1.0172717659499473
GSE110530,GSM2995288,0.1,0.1,scattered,0,1.1141,0.9817589002467396,1.0172717659499473
GSE110530,GSM2995288,0.1,0.1,clustered,1,8.4962,7.486958054282693,1.0172717659499473
GSE110530,GSM2995288,0.1,0.1,scattered,1,1.0062,0.8866760662671836,1.0172717659499473
GSE110530,GSM2995288,0.1,0.1,clustered,2,9.6694,8.520796616143814,1.0172717659499473
GSE110530,GSM2995288,0.1,0.1,scattered,2,1.213,1.0689108212900953,1.0172717659499473
GSE110530,GSM2995288,0.1,0.1,clustered,3,9.7712,8.610504053577722,1.0172717659499473
GSE110530,GSM2995288,0.1,0.1,scattered,3,1.196,1.0539302079661614,1.0172717659499473
GSE110530,GSM2995288,0.1,0.1,clustered,4,9.4609,8.33706379978851,1.0172717659499473
GSE110530,GSM2995288,0.1,0.1,scattered,4,1.0401,0.9165491716602044,1.0172717659499473
GSE110530,GSM2995288,0.1,0.1,clustered,5,9.6759,8.526524497708847,1.0172717659499473
GSE110530,GSM2995288,0.1,0.1,scattered,5,1.2073,1.063887909763835,1.0172717659499473
GSE110530,GSM2995288,0.1,0.1,clustered,6,8.9636,7.898836799436023,1.0172717659499473
GSE110530,GSM2995288,0.1,0.1,scattered,6,1.1373,1.0022030313711667,1.0172717659499473
GSE110530,GSM2995288,0.1,0.1,clustered,7,10.1951,8.984050052872753,1.0172717659499473
GSE110530,GSM2995288,0.1,0.1,scattered,7,0.9267,0.8166196686640818,1.0172717659499473
GSE110530,GSM2995288,0.1,0.1,clustered,8,9.1237,8.039918928445541,1.0172717659499473
GSE110530,GSM2995288,0.1,0.1,scattered,8,1.1055,0.9741804723299259,1.0172717659499473
GSE110530,GSM2995288,0.1,0.1,clustered,9,8.0579,7.100722594289743,1.0172717659499473
GSE110530,GSM2995288,0.1,0.1,scattered,9,1.0321,0.9094994712724709,1.0172717659499473
GSE110530,GSM2995288,0.05,0.1,clustered,0,5.9762,5.266302432146634,1.0172717659499473
GSE110530,GSM2995288,0.05,0.1,scattered,0,1.0658,0.9391963341557984,1.0172717659499473
GSE110530,GSM2995288,0.05,0.1,clustered,1,6.1854,5.4506520972858645,1.0172717659499473
GSE110530,GSM2995288,0.05,0.1,scattered,1,1.0367,0.9135530489954177,1.0172717659499473
GSE110530,GSM2995288,0.05,0.1,clustered,2,5.3369,4.702943249911878,1.0172717659499473
GSE110530,GSM2995288,0.05,0.1,scattered,2,1.1396,1.00422982023264,1.0172717659499473
GSE110530,GSM2995288,0.05,0.1,clustered,3,5.4809,4.829837856891082,1.0172717659499473
GSE110530,GSM2995288,0.05,0.1,scattered,3,1.0835,0.9547937962636587,1.0172717659499473
GSE110530,GSM2995288,0.2,0.1,clustered,0,14.5581,12.82878040183292,1.0172717659499473
GSE110530,GSM2995288,0.2,0.1,scattered,0,1.1211,0.9879273880860063,1.0172717659499473
GSE110530,GSM2995288,0.2,0.1,clustered,1,14.8628,13.097285865350722,1.0172717659499473
GSE110530,GSM2995288,0.2,0.1,scattered,1,1.2825,1.13015509340853,1.0172717659499473
GSE110530,GSM2995288,0.2,0.1,clustered,2,14.3072,12.60768417342263,1.0172717659499473
GSE110530,GSM2995288,0.2,0.1,scattered,2,0.9471,0.8345964046528023,1.0172717659499473
GSE110530,GSM2995288,0.2,0.1,clustered,3,14.6548,12.91399365526965,1.0172717659499473
GSE110530,GSM2995288,0.2,0.1,scattered,3,1.0006,0.8817412759957701,1.0172717659499473
GSE110530,GSM2995288,0.1,0.05,clustered,0,3.5298,3.110504053577723,1.0172717659499473
GSE110530,GSM2995288,0.1,0.05,scattered,0,1.1407,1.0051991540359535,1.0172717659499473
GSE110530,GSM2995288,0.1,0.05,clustered,1,4.2841,3.775202678886147,1.0172717659499473
GSE110530,GSM2995288,0.1,0.05,scattered,1,1.0711,0.9438667606626717,1.0172717659499473
GSE110530,GSM2995288,0.1,0.05,clustered,2,3.8711,3.4112618963694046,1.0172717659499473
GSE110530,GSM2995288,0.1,0.05,scattered,2,1.1374,1.0022911526260134,1.0172717659499473
GSE110530,GSM2995288,0.1,0.05,clustered,3,4.2922,3.782340500528728,1.0172717659499473
GSE110530,GSM2995288,0.1,0.05,scattered,3,1.1793,1.0392139584067677,1.0172717659499473
GSE110530,GSM2995288,0.1,0.2,clustered,0,21.0682,18.565562213605922,1.0172717659499473
GSE110530,GSM2995288,0.1,0.2,scattered,0,1.0413,0.9176066267183643,1.0172717659499473
GSE110530,GSM2995288,0.1,0.2,clustered,1,19.0978,16.829221008107154,1.0172717659499473
GSE110530,GSM2995288,0.1,0.2,scattered,1,1.0035,0.8842967923863236,1.0172717659499473
GSE110530,GSM2995288,0.1,0.2,clustered,2,20.3949,17.9722418047233,1.0172717659499473
GSE110530,GSM2995288,0.1,0.2,scattered,2,1.09,0.9605216778286924,1.0172717659499473
GSE110530,GSM2995288,0.1,0.2,clustered,3,19.5557,17.232728234050054,1.0172717659499473
GSE110530,GSM2995288,0.1,0.2,scattered,3,1.0465,0.9221889319703912,1.0172717659499473
GSE110530,GSM2995289,0.1,0.1,clustered,0,8.6158,7.538542304663575,0.8314813194505206
GSE110530,GSM2995289,0.1,0.1,scattered,0,0.8491,0.7429346399510018,0.8314813194505206
GSE110530,GSM2995289,0.1,0.1,clustered,1,7.9385,6.94592702773646,0.8314813194505206
GSE110530,GSM2995289,0.1,0.1,scattered,1,0.8474,0.7414471957301602,0.8314813194505206
GSE110530,GSM2995289,0.1,0.1,clustered,2,8.3874,7.338699798757546,0.8314813194505206
GSE110530,GSM2995289,0.1,0.1,scattered,2,1.1027,0.964826319013037,0.8314813194505206
GSE110530,GSM2995289,0.1,0.1,clustered,3,8.7169,7.627001487444221,0.8314813194505206
GSE110530,GSM2995289,0.1,0.1,scattered,3,0.9901,0.8663050135619914,0.8314813194505206
GSE110530,GSM2995289,0.1,0.1,clustered,4,7.5603,6.615014436958614,0.8314813194505206
GSE110530,GSM2995289,0.1,0.1,scattered,4,1.0076,0.8816169393647738,0.8314813194505206
GSE110530,GSM2995289,0.1,0.1,clustered,5,8.6581,7.575553416746871,0.8314813194505206
GSE110530,GSM2995289,0.1,0.1,scattered,5,0.8669,0.7585090559104033,0.8314813194505206
GSE110530,GSM2995289,0.1,0.1,clustered,6,7.7677,6.796482631901303,0.8314813194505206
GSE110530,GSM2995289,0.1,0.1,scattered,6,0.8322,0.7281476944614578,0.8314813194505206
GSE110530,GSM2995289,0.1,0.1,clustered,7,8.3151,7.275439671012336,0.8314813194505206
GSE110530,GSM2995289,0.1,0.1,scattered,7,0.848,0.7419721760433984,0.8314813194505206
GSE110530,GSM2995289,0.1,0.1,clustered,8,7.4035,6.477819581765684,0.8314813194505206
GSE110530,GSM2995289,0.1,0.1,scattered,8,0.9132,0.7990200367486219,0.8314813194505206
GSE110530,GSM2995289,0.1,0.1,clustered,9,7.7122,6.747921952926765,0.8314813194505206
GSE110530,GSM2995289,0.1,0.1,scattered,9,0.9521,0.8330562603902353,0.8314813194505206
GSE110530,GSM2995289,0.05,0.1,clustered,0,5.7827,5.059672762271415,0.8314813194505206
GSE110530,GSM2995289,0.05,0.1,scattered,0,0.9345,0.8176568378685799,0.8314813194505206
GSE110530,GSM2995289,0.05,0.1,clustered,1,5.328,4.661825181555692,0.8314813194505206
GSE110530,GSM2995289,0.05,0.1,scattered,1,0.8804,0.770321112958264,0.8314813194505206
GSE110530,GSM2995289,0.05,0.1,clustered,2,5.2617,4.603814856942865,0.8314813194505206
GSE110530,GSM2995289,0.05,0.1,scattered,2,0.9182,0.803394872692274,0.8314813194505206
GSE110530,GSM2995289,0.05,0.1,clustered,3,4.8648,4.2565403797357595,0.8314813194505206
GSE110530,GSM2995289,0.05,0.1,scattered,3,0.8948,0.7829206404759822,0.8314813194505206
GSE110530,GSM2995289,0.2,0.1,clustered,0,12.4167,10.864205092309039,0.8314813194505206
GSE110530,GSM2995289,0.2,0.1,scattered,0,0.9021,0.7893079009537143,0.8314813194505206
GSE110530,GSM2995289,0.2,0.1,clustered,1,12.4951,10.932802519905504,0.8314813194505206
GSE110530,GSM2995289,0.2,0.1,scattered,1,0.9851,0.8619301776183392,0.8314813194505206
GSE110530,GSM2995289,0.2,0.1,clustered,2,12.0706,10.56137894828944,0.8314813194505206
GSE110530,GSM2995289,0.2,0.1,scattered,2,0.9995,0.8745297051360574,0.8314813194505206
GSE110530,GSM2995289,0.2,0.1,clustered,3,11.9924,10.49295651413072,0.8314813194505206
GSE110530,GSM2995289,0.2,0.1,scattered,3,0.9621,0.8418059322775395,0.8314813194505206
GSE110530,GSM2995289,0.1,0.05,clustered,0,3.1447,2.7515093184005597,0.8314813194505206
GSE110530,GSM2995289,0.1,0.05,scattered,0,0.9221,0.8068072447283227,0.8314813194505206
GSE110530,GSM2995289,0.1,0.05,clustered,1,3.0469,2.6659375273427246,0.8314813194505206
GSE110530,GSM2995289,0.1,0.05,scattered,1,0.9067,0.7933327500218741,0.8314813194505206
GSE110530,GSM2995289,0.1,0.05,clustered,2,3.3207,2.9055035436171144,0.8314813194505206
GSE110530,GSM2995289,0.1,0.05,scattered,2,0.922,0.8067197480094497,0.8314813194505206
GSE110530,GSM2995289,0.1,0.05,clustered,3,2.7789,2.4314463207629715,0.8314813194505206
GSE110530,GSM2995289,0.1,0.05,scattered,3,0.9631,0.84268089946627,0.8314813194505206
GSE110530,GSM2995289,0.1,0.2,clustered,0,17.9642,15.71808557179106,0.8314813194505206
GSE110530,GSM2995289,0.1,0.2,scattered,0,1.0325,0.9034036223641613,0.8314813194505206
GSE110530,GSM2995289,0.1,0.2,clustered,1,18.0398,15.784233091259077,0.8314813194505206
GSE110530,GSM2995289,0.1,0.2,scattered,1,1.1632,1.0177618339312275,0.8314813194505206
GSE110530,GSM2995289,0.1,0.2,clustered,2,18.1708,15.898853792982763,0.8314813194505206
GSE110530,GSM2995289,0.1,0.2,scattered,2,0.8242,0.7211479569516144,0.8314813194505206
GSE110530,GSM2995289,0.1,0.2,clustered,3,18.9211,16.5553416746872,0.8314813194505206
GSE110530,GSM2995289,0.1,0.2,scattered,3,0.7523,0.6582378160818969,0.8314813194505206
GSE110530,GSM2995290,0.1,0.1,clustered,0,9.2621,8.16187874515333,1.059658089531195
GSE110530,GSM2995290,0.1,0.1,scattered,0,1.1289,0.9948008459640465,1.059658089531195
GSE110530,GSM2995290,0.1,0.1,clustered,1,8.1018,7.139407825167431,1.059658089531195
GSE110530,GSM2995290,0.1,0.1,scattered,1,1.2107,1.066884032428622,1.059658089531195
GSE110530,GSM2995290,0.1,0.1,clustered,2,8.7772,7.734578780401833,1.059658089531195
GSE110530,GSM2995290,0.1,0.1,scattered,2,1.0121,0.891875220303137,1.059658089531195
GSE110530,GSM2995290,0.1,0.1,clustered,3,8.5322,7.518681706027493,1.059658089531195
GSE110530,GSM2995290,0.1,0.1,scattered,3,1.1092,0.9774409587592526,1.059658089531195
GSE110530,GSM2995290,0.1,0.1,clustered,4,8.5162,7.504582305252026,1.059658089531195
GSE110530,GSM2995290,0.1,0.1,scattered,4,1.1564,1.0190341910468805,1.059658089531195
GSE110530,GSM2995290,0.1,0.1,clustered,5,8.6198,7.595875925273176,1.059658089531195
GSE110530,GSM2995290,0.1,0.1,scattered,5,1.1611,1.023175890024674,1.059658089531195
GSE110530,GSM2995290,0.1,0.1,clustered,6,8.3587,7.365791328868523,1.059658089531195
GSE110530,GSM2995290,0.1,0.1,scattered,6,1.2209,1.075872400422982,1.059658089531195
GSE110530,GSM2995290,0.1,0.1,clustered,7,8.8467,7.795823052520268,1.059658089531195
GSE110530,GSM2995290,0.1,0.1,scattered,7,1.004,0.8847373986605569,1.059658089531195
GSE110530,GSM2995290,0.1,0.1,clustered,8,9.3923,8.276612618963695,1.059658089531195
GSE110530,GSM2995290,0.1,0.1,scattered,8,1.185,1.0442368699330278,1.059658089531195
GSE110530,GSM2995290,0.1,0.1,clustered,9,8.9163,7.857155445893549,1.059658089531195
GSE110530,GSM2995290,0.1,0.1,scattered,9,1.1534,1.0163905534014803,1.059658089531195
GSE110530,GSM2995290,0.05,0.1,clustered,0,5.4822,4.830983433204088,1.059658089531195
GSE110530,GSM2995290,0.05,0.1,scattered,0,1.0282,0.9060627423334509,1.059658089531195
GSE110530,GSM2995290,0.05,0.1,clustered,1,5.4839,4.8324814945364825,1.059658089531195
GSE110530,GSM2995290,0.05,0.1,scattered,1,1.1589,1.0212372224180473,1.059658089531195
GSE110530,GSM2995290,0.05,0.1,clustered,2,5.199,4.581424039478322,1.059658089531195
GSE110530,GSM2995290,0.05,0.1,scattered,2,1.2347,1.0880331335918223,1.059658089531195
GSE110530,GSM2995290,0.05,0.1,clustered,3,4.3412,3.825519915403595,1.059658089531195
GSE110530,GSM2995290,0.05,0.1,scattered,3,1.1528,1.0158618258724004,1.059658089531195
GSE110530,GSM2995290,0.2,0.1,clustered,0,13.2478,11.674127599577018,1.059658089531195
GSE110530,GSM2995290,0.2,0.1,scattered,0,1.0359,0.9128480789566443,1.059658089531195
GSE110530,GSM2995290,0.2,0.1,clustered,1,12.8218,11.298731053930208,1.059658089531195
GSE110530,GSM2995290,0.2,0.1,scattered,1,0.9245,0.814681001057455,1.059658089531195
GSE110530,GSM2995290,0.2,0.1,clustered,2,12.7623,11.24629890729644,1.059658089531195
GSE110530,GSM2995290,0.2,0.1,scattered,2,1.1853,1.0445012336975679,1.059658089531195
GSE110530,GSM2995290,0.2,0.1,clustered,3,12.9267,11.391170250264365,1.059658089531195
GSE110530,GSM2995290,0.2,0.1,scattered,3,1.2001,1.0575431794148749,1.059658089531195
GSE110530,GSM2995290,0.1,0.05,clustered,0,3.7728,3.3246387028551285,1.059658089531195
GSE110530,GSM2995290,0.1,0.05,scattered,0,1.2213,1.0762248854423686,1.059658089531195
GSE110530,GSM2995290,0.1,0.05,clustered,1,3.6812,3.24391963341558,1.059658089531195
GSE110530,GSM2995290,0.1,0.05,scattered,1,1.2378,1.090764892492069,1.059658089531195
GSE110530,GSM2995290,0.1,0.05,clustered,2,3.3922,2.989249206908706,1.059658089531195
GSE110530,GSM2995290,0.1,0.05,scattered,2,1.1316,0.9971801198449065,1.059658089531195
GSE110530,GSM2995290,0.1,0.05,clustered,3,3.1614,2.7858653507225943,1.059658089531195
GSE110530,GSM2995290,0.1,0.05,scattered,3,1.186,1.0451180824814945,1.059658089531195
GSE110530,GSM2995290,0.1,0.2,clustered,0,18.9777,16.723387381036304,1.059658089531195
GSE110530,GSM2995290,0.1,0.2,scattered,0,0.988,0.8706379978850899,1.059658089531195
GSE110530,GSM2995290,0.1,0.2,clustered,1,18.7278,16.50317236517448,1.059658089531195
GSE110530,GSM2995290,0.1,0.2,scattered,1,1.156,1.0186817060274937,1.059658089531195
GSE110530,GSM2995290,0.1,0.2,clustered,2,17.7825,15.670162143108916,1.059658089531195
GSE110530,GSM2995290,0.1,0.2,scattered,2,1.1139,0.981582657737046,1.059658089531195
GSE110530,GSM2995290,0.1,0.2,clustered,3,18.839,16.601163200563974,1.059658089531195
GSE110530,GSM2995290,0.1,0.2,scattered,3,1.432,1.2618963694043002,1.059658089531195
GSE110530,GSM2995291,0.1,0.1,clustered,0,10.2597,8.976900866217518,0.7647213229503893
GSE110530,GSM2995291,0.1,0.1,scattered,0,0.6659,0.5826406509755885,0.7647213229503893
GSE110530,GSM2995291,0.1,0.1,clustered,1,10.0177,8.765158806544754,0.7647213229503893
GSE110530,GSM2995291,0.1,0.1,scattered,1,1.0165,0.8894041473444745,0.7647213229503893
GSE110530,GSM2995291,0.1,0.1,clustered,2,10.8911,9.529355149181905,0.7647213229503893
GSE110530,GSM2995291,0.1,0.1,scattered,2,0.7804,0.6828243940852218,0.7647213229503893
GSE110530,GSM2995291,0.1,0.1,clustered,3,10.3637,9.06789745384548,0.7647213229503893
GSE110530,GSM2995291,0.1,0.1,scattered,3,0.9706,0.8492431533817482,0.7647213229503893
GSE110530,GSM2995291,0.1,0.1,clustered,4,10.0145,8.762358911540817,0.7647213229503893
GSE110530,GSM2995291,0.1,0.1,scattered,4,0.7906,0.6917490594102721,0.7647213229503893
GSE110530,GSM2995291,0.1,0.1,clustered,5,10.4027,9.102021174205966,0.7647213229503893
GSE110530,GSM2995291,0.1,0.1,scattered,5,0.9336,0.8168693673987225,0.7647213229503893
GSE110530,GSM2995291,0.1,0.1,clustered,6,10.9764,9.60398985038061,0.7647213229503893
GSE110530,GSM2995291,0.1,0.1,scattered,6,0.9426,0.8247440720972963,0.7647213229503893
GSE110530,GSM2995291,0.1,0.1,clustered,7,11.2628,9.854580453233003,0.7647213229503893
GSE110530,GSM2995291,0.1,0.1,scattered,7,0.9618,0.8415434421209205,0.7647213229503893
GSE110530,GSM2995291,0.1,0.1,clustered,8,11.0022,9.626564003849856,0.7647213229503893
GSE110530,GSM2995291,0.1,0.1,scattered,8,0.7791,0.6816869367398722,0.7647213229503893
GSE110530,GSM2995291,0.1,0.1,clustered,9,10.928,9.561641438446058,0.7647213229503893
GSE110530,GSM2995291,0.1,0.1,scattered,9,0.8031,0.7026861492694024,0.7647213229503893
GSE110530,GSM2995291,0.05,0.1,clustered,0,6.423,5.619914253215504,0.7647213229503893
GSE110530,GSM2995291,0.05,0.1,scattered,0,0.7616,0.6663750109370898,0.7647213229503893
GSE110530,GSM2995291,0.05,0.1,clustered,1,6.2459,5.464957564091346,0.7647213229503893
GSE110530,GSM2995291,0.05,0.1,scattered,1,0.8521,0.7455595415171931,0.7647213229503893
GSE110530,GSM2995291,0.05,0.1,clustered,2,5.7935,5.0691224079097035,0.7647213229503893
GSE110530,GSM2995291,0.05,0.1,scattered,2,0.9982,0.8733922477907078,0.7647213229503893
GSE110530,GSM2995291,0.05,0.1,clustered,3,6.1002,5.337474844693324,0.7647213229503893
GSE110530,GSM2995291,0.05,0.1,scattered,3,0.9589,0.8390060372736022,0.7647213229503893
GSE110530,GSM2995291,0.2,0.1,clustered,0,15.3812,13.458045323300375,0.7647213229503893
GSE110530,GSM2995291,0.2,0.1,scattered,0,1.1114,0.9724385335549917,0.7647213229503893
GSE110530,GSM2995291,0.2,0.1,clustered,1,15.6595,13.701548691924051,0.7647213229503893
GSE110530,GSM2995291,0.2,0.1,scattered,1,0.8862,0.7753959226529005,0.7647213229503893
GSE110530,GSM2995291,0.2,0.1,clustered,2,16.2339,14.204129845130806,0.7647213229503893
GSE110530,GSM2995291,0.2,0.1,scattered,2,0.7943,0.6949864380085746,0.7647213229503893
GSE110530,GSM2995291,0.2,0.1,clustered,3,15.6021,13.651325575290926,0.7647213229503893
GSE110530,GSM2995291,0.2,0.1,scattered,3,0.8008,0.7006737247353224,0.7647213229503893
GSE110530,GSM2995291,0.1,0.05,clustered,0,4.2012,3.6759121532942514,0.7647213229503893
GSE110530,GSM2995291,0.1,0.05,scattered,0,0.8658,0.7575465920027998,0.7647213229503893
GSE110530,GSM2995291,0.1,0.05,clustered,1,4.1881,3.664450083121883,0.7647213229503893
GSE110530,GSM2995291,0.1,0.05,scattered,1,0.91,0.7962201417446846,0.7647213229503893
GSE110530,GSM2995291,0.1,0.05,clustered,2,4.4432,3.8876542129670137,0.7647213229503893
GSE110530,GSM2995291,0.1,0.05,scattered,2,0.8781,0.7683086884241841,0.7647213229503893
GSE110530,GSM2995291,0.1,0.05,clustered,3,4.4367,3.881966926240266,0.7647213229503893
GSE110530,GSM2995291,0.1,0.05,scattered,3,0.9141,0.7998075072184793,0.7647213229503893
GSE110530,GSM2995291,0.1,0.2,clustered,0,20.2995,17.761396447633214,0.7647213229503893
GSE110530,GSM2995291,0.1,0.2,scattered,0,0.9481,0.8295563916353137,0.7647213229503893
GSE110530,GSM2995291,0.1,0.2,clustered,1,20.7914,18.19179280776971,0.7647213229503893
GSE110530,GSM2995291,0.1,0.2,scattered,1,1.0728,0.9386648000699973,0.7647213229503893
GSE110530,GSM2995291,0.1,0.2,clustered,2,20.5799,18.00673724735322,0.7647213229503893
GSE110530,GSM2995291,0.1,0.2,scattered,2,0.9907,0.8668299938752296,0.7647213229503893
GSE110530,GSM2995291,0.1,0.2,clustered,3,20.7129,18.12310788345437,0.7647213229503893
GSE110530,GSM2995291,0.1,0.2,scattered,3,0.8151,0.7131857555341675,0.7647213229503893
