cpg,d_AIBL,d_AddNeuroMed,concordant_strong,mean_abs_d,CHR,MAPINFO
cg00002033,0.103629,-0.132475,False,0.118052,19,39307841.0
cg00002426,-0.003522,-0.025610,False,0.014566,3,57757816.0
cg00004700,0.052402,-0.288740,False,0.170571,2,105397428.0
cg00007466,-0.093414,-0.281758,False,0.187586,19,7520200.0
cg00009750,0.093166,0.032713,False,0.062940,2,201866169.0
cg00014203,0.022384,-0.079214,False,0.050799,17,7854651.0
cg00015530,-0.128338,0.082960,False,0.105649,8,143978782.0
cg00017461,-0.189787,0.040411,False,0.115099,22,30267327.0
cg00018229,0.142793,0.127527,False,0.135160,1,230977673.0
cg00021152,-0.034620,-0.158454,False,0.096537,8,26509572.0
cg00023321,0.056615,0.271671,False,0.164143,6,31543586.0
cg00025331,0.150315,-0.016717,False,0.083516,2,144389783.0
cg00026290,-0.322214,-0.249990,True,0.286102,4,10684930.0
cg00028336,0.094110,-0.235731,False,0.164921,4,185820634.0
cg00028929,0.021516,-0.030297,False,0.025907,12,52514694.0
cg00031013,-0.010520,-0.140971,False,0.075746,17,7854615.0
cg00031187,0.195541,-0.117036,False,0.156289,12,31370063.0
cg00034336,-0.161069,-0.152645,False,0.156857,2,8543996.0
cg00037681,-0.250246,0.052794,False,0.151520,12,47216588.0
cg00041401,-0.068711,0.090753,False,0.079732,1,113871786.0
cg00041575,-0.187846,0.114029,False,0.150937,11,2301511.0
cg00041865,0.214904,-0.249239,False,0.232071,5,14904314.0
cg00043076,0.123866,-0.034237,False,0.079052,4,8442050.0
cg00045753,0.085402,0.164641,False,0.125021,9,120868267.0
cg00047683,0.197088,0.117797,False,0.157442,16,72000223.0
cg00048743,-0.012109,-0.158359,False,0.085234,5,141402800.0
cg00051307,-0.146509,-0.213134,False,0.179821,5,73228366.0
cg00057966,0.061364,0.185997,False,0.123680,17,58331333.0
cg00058887,-0.057465,-0.032313,False,0.044889,4,183987865.0
cg00067884,0.102362,0.044555,False,0.073459,15,63677999.0
cg00070899,-0.101347,0.028798,False,0.065073,6,34056702.0
cg00075967,-0.014697,0.164539,False,0.089618,15,74203013.0
cg00078348,-0.235557,-0.019147,False,0.127352,11,113974765.0
cg00081602,0.175459,0.072388,False,0.123924,5,73627132.0
cg00082235,0.037541,0.097548,False,0.067545,12,6555370.0
cg00090674,-0.132201,-0.343039,False,0.237620,22,50008249.0
cg00092400,-0.249014,0.120345,False,0.184679,12,51394501.0
cg00098182,0.061549,-0.014475,False,0.038012,15,22879895.0
cg00100680,-0.070366,0.120662,False,0.095514,4,4404473.0
cg00101602,0.120275,-0.200414,False,0.160345,10,72098085.0
cg00118342,0.079551,0.247552,False,0.163552,2,106160582.0
cg00130808,0.152372,-0.149070,False,0.150721,15,36886708.0
cg00136822,0.092381,0.215663,False,0.154022,12,46221071.0
cg00141162,0.044325,0.072070,False,0.058197,3,121660930.0
cg00143809,0.017284,0.016550,False,0.016917,22,50282123.0
cg00147943,-0.148627,0.298615,False,0.223621,1,67760030.0
cg00149213,0.042367,0.199198,False,0.120782,1,160647334.0
cg00150245,0.071210,-0.031795,False,0.051503,16,19111382.0
cg00154950,-0.023440,-0.262462,False,0.142951,8,4116508.0
cg00157012,-0.219384,-0.345733,True,0.282559,8,25201736.0
cg00164282,-0.238024,-0.040446,False,0.139235,17,32503714.0
cg00164583,0.061067,0.093451,False,0.077259,16,88488012.0
cg00164997,0.209980,0.217525,True,0.213753,6,25042320.0
cg00166343,-0.241264,-0.066173,False,0.153719,17,30823082.0
cg00167158,0.114946,0.149465,False,0.132206,2,157053132.0
cg00168191,0.064504,-0.051941,False,0.058223,19,3097567.0
cg00171729,-0.197376,0.026774,False,0.112075,6,52552058.0
cg00172074,0.107740,-0.140066,False,0.123903,4,183316233.0
cg00172603,-0.017240,0.109499,False,0.063369,1,54356358.0
cg00183886,-0.036279,-0.107590,False,0.071934,4,52658129.0
cg00187503,0.100513,-0.154015,False,0.127264,18,77017563.0
cg00195796,0.064185,0.123832,False,0.094009,3,181726343.0
cg00199519,-0.034964,-0.205643,False,0.120304,17,18119807.0
cg00200645,-0.196097,-0.094118,False,0.145108,17,60158417.0
cg00206063,-0.055737,0.061037,False,0.058387,10,3763060.0
cg00208218,0.169022,-0.038059,False,0.103541,2,71024323.0
cg00211625,0.053834,-0.032617,False,0.043226,3,169837125.0
cg00212786,-0.025895,-0.021082,False,0.023488,2,132414368.0
cg00213668,0.100561,-0.238417,False,0.169489,7,98398895.0
cg00216138,0.327127,0.098986,False,0.213056,15,36878974.0
cg00222625,0.121324,-0.012572,False,0.066948,6,107111236.0
cg00225623,-0.250153,-0.039770,False,0.144962,13,24271753.0
cg00232092,-0.172691,-0.110562,False,0.141627,7,5479256.0
cg00232402,-0.139486,0.010954,False,0.075220,18,79625290.0
cg00238318,-0.104709,-0.268408,False,0.186558,10,92848193.0
cg00240653,-0.148955,-0.034152,False,0.091553,12,54984627.0
cg00242035,0.146270,0.329981,False,0.238126,11,47394807.0
cg00245885,-0.160526,-0.271432,False,0.215979,5,135344449.0
cg00247963,-0.101682,-0.142238,False,0.121960,16,20851829.0
cg00249032,0.009486,-0.132750,False,0.071118,20,45347112.0
cg00249974,-0.071554,-0.046888,False,0.059221,1,156284358.0
cg00255726,0.086706,0.113097,False,0.099902,8,21911603.0
cg00257775,-0.262746,-0.172919,False,0.217832,6,37936905.0
cg00263619,0.124063,-0.079071,False,0.101567,12,94333686.0
cg00265360,-0.171020,0.263017,False,0.217018,17,1197984.0
cg00266566,0.108513,0.169653,False,0.139083,9,32565611.0
cg00280812,-0.107292,-0.078589,False,0.092941,12,52192060.0
cg00281100,0.118047,-0.029088,False,0.073567,10,88281677.0
cg00281977,0.148997,-0.061728,False,0.105363,10,133520397.0
cg00285317,-0.090440,-0.078730,False,0.084585,2,237497465.0
cg00287915,-0.280160,0.040144,False,0.160152,5,1503480.0
cg00302521,0.024891,-0.004624,False,0.014757,1,152515433.0
cg00308914,-0.161857,0.020146,False,0.091002,5,17436606.0
cg00311883,-0.161100,-0.005280,False,0.083190,1,234963373.0
cg00318947,0.085936,-0.138916,False,0.112426,7,27115295.0
cg00320288,-0.088553,0.390939,False,0.239746,16,85829561.0
cg00325139,0.009481,-0.056325,False,0.032903,6,57313825.0
cg00325381,-0.018345,0.077324,False,0.047835,18,8370162.0
cg00325491,0.023127,-0.104121,False,0.063624,11,93553004.0
cg00325531,-0.008281,0.095325,False,0.051803,1,75125668.0
cg00331101,-0.052446,-0.129814,False,0.091130,4,184028834.0
cg00335219,-0.215827,-0.145279,False,0.180553,16,85978699.0
cg00339740,0.046736,-0.232184,False,0.139460,2,143906972.0
cg00344445,-0.215802,-0.304569,True,0.260185,11,128777212.0
cg00355699,0.054487,0.104104,False,0.079295,13,104015480.0
cg00356694,0.106832,0.254747,False,0.180789,17,4433907.0
cg00359423,0.161962,0.015982,False,0.088972,11,95792987.0
cg00360761,-0.200067,-0.249930,True,0.224999,2,43170940.0
cg00362657,0.094135,-0.160729,False,0.127432,21,43456790.0
cg00362818,0.033817,-0.019519,False,0.026668,13,76991185.0
cg00363080,-0.090230,0.020303,False,0.055266,10,1412097.0
cg00366413,-0.164342,-0.061274,False,0.112808,12,6963533.0
cg00370106,-0.060670,0.208111,False,0.134390,6,158650074.0
cg00375025,-0.030178,-0.086782,False,0.058480,3,156143143.0
cg00375608,-0.144028,-0.025441,False,0.084735,7,1568151.0
cg00381974,0.091246,0.238947,False,0.165096,18,46680394.0
cg00387964,0.004746,-0.120672,False,0.062709,4,7650208.0
cg00400165,0.001841,0.020576,False,0.011208,11,64891588.0
cg00405112,0.104580,0.062426,False,0.083503,3,138009487.0
cg00412294,-0.032992,0.025490,False,0.029241,12,96906804.0
cg00415057,0.039685,0.157848,False,0.098766,16,68299791.0
cg00421645,0.023342,-0.028392,False,0.025867,5,43312099.0
cg00428709,0.179829,0.132845,False,0.156337,16,51550522.0
cg00435692,0.092194,0.075207,False,0.083701,15,71707148.0
cg00437360,0.167580,-0.049172,False,0.108376,17,14310262.0
cg00437411,0.014665,-0.041179,False,0.027922,15,59611769.0
cg00440980,0.261782,0.186038,False,0.223910,17,76643812.0
cg00442389,-0.198016,-0.056791,False,0.127404,6,32192297.0
cg00447208,-0.063424,0.149482,False,0.106453,17,78130220.0
cg00448868,-0.177283,-0.238499,False,0.207891,16,66741590.0
cg00449000,0.131911,-0.009505,False,0.070708,9,129888369.0
cg00450164,-0.054592,0.093998,False,0.074295,1,209756782.0
cg00452882,-0.159678,-0.013982,False,0.086830,16,67653216.0
cg00456892,-0.136945,0.014076,False,0.075511,11,124760029.0
cg00459816,0.029550,0.103253,False,0.066401,17,39705860.0
cg00461650,-0.071827,0.111419,False,0.091623,16,13909867.0
cg00463982,0.007294,0.153712,False,0.080503,16,1533983.0
cg00469083,-0.005664,-0.256229,False,0.130947,16,78567941.0
cg00470044,0.084632,-0.017306,False,0.050969,2,28233317.0
cg00475131,-0.214440,0.338993,False,0.276717,19,40611190.0
cg00476955,-0.193312,-0.133660,False,0.163486,11,3626783.0
cg00487187,-0.005104,-0.023503,False,0.014303,10,92691868.0
cg00491064,0.076553,-0.000828,False,0.038690,11,19660240.0
cg00491523,-0.078801,0.084064,False,0.081432,16,6863335.0
cg00498816,0.155943,-0.227848,False,0.191895,3,13623522.0
cg00500789,0.029785,0.182512,False,0.106149,1,43285699.0
cg00502099,-0.150335,0.184232,False,0.167283,11,2301388.0
cg00512404,-0.134554,0.022000,False,0.078277,12,14961798.0
cg00513941,0.145569,-0.135627,False,0.140598,19,41933093.0
cg00514575,0.013488,0.312020,False,0.162754,5,180804155.0
cg00516870,-0.023237,-0.119659,False,0.071448,17,78841927.0
cg00521850,0.088542,-0.013730,False,0.051136,8,140339095.0
cg00524220,0.137217,0.044277,False,0.090747,19,3098965.0
cg00532399,0.001680,-0.218835,False,0.110258,5,171782549.0
cg00542261,0.019801,0.010300,False,0.015051,10,69361659.0
cg00543840,0.094470,0.087520,False,0.090995,1,21886883.0
cg00547103,-0.185125,-0.162476,False,0.173801,4,158170937.0
cg00552087,-0.154732,-0.085014,False,0.119873,8,3459371.0
cg00558804,-0.015748,0.192639,False,0.104194,16,88703353.0
cg00561854,0.026696,0.001556,False,0.014126,2,30030682.0
cg00566297,-0.076329,0.047469,False,0.061899,1,241424876.0
cg00569276,-0.184693,0.029738,False,0.107216,1,17120050.0
cg00572966,-0.141965,0.071368,False,0.106666,7,21370778.0
cg00577167,0.038689,0.316345,False,0.177517,9,101435393.0
cg00579036,-0.076482,0.164943,False,0.120712,6,25138323.0
cg00582337,-0.144580,0.361459,False,0.253020,17,42122793.0
cg00582562,0.004053,-0.092740,False,0.048397,17,48311103.0
cg00584026,0.112857,-0.092884,False,0.102871,4,948554.0
cg00587301,0.060869,0.289249,False,0.175059,6,156396272.0
cg00588393,-0.013409,0.208442,False,0.110926,6,46359195.0
cg00590639,-0.064887,0.091506,False,0.078197,19,10354095.0
cg00592315,-0.194624,-0.004458,False,0.099541,14,93918265.0
cg00596833,0.190128,-0.248203,False,0.219165,4,15913219.0
cg00599850,0.182745,-0.087581,False,0.135163,16,88616815.0
cg00607627,0.039805,-0.006535,False,0.023170,16,28984673.0
cg00610577,-0.251964,-0.277831,True,0.264898,12,11855732.0
cg00619207,-0.023266,-0.045689,False,0.034477,1,111200746.0
cg00622170,-0.068983,-0.050233,False,0.059608,4,2942867.0
cg00622516,0.219625,0.126415,False,0.173020,13,89363520.0
cg00626702,-0.159238,-0.122999,False,0.141119,4,1645289.0
cg00630080,0.040378,0.142638,False,0.091508,16,67230345.0
cg00636427,-0.220097,-0.040354,False,0.130225,18,79430089.0
cg00638021,0.159557,-0.088176,False,0.123866,17,50189701.0
cg00643814,0.028970,-0.205421,False,0.117196,12,106179417.0
cg00646621,-0.071716,-0.134264,False,0.102990,2,235040954.0
cg00661485,0.133147,0.040610,False,0.086879,5,170106368.0
cg00666105,0.010809,-0.037594,False,0.024202,3,181710589.0
cg00666124,0.173496,0.074035,False,0.123766,2,54529266.0
cg00681462,0.016474,0.062056,False,0.039265,14,75334021.0
cg00682096,-0.108008,0.014464,False,0.061236,17,48595562.0
cg00685614,-0.092122,-0.224946,False,0.158534,16,89052430.0
cg00686083,-0.160533,-0.019883,False,0.090208,6,33453699.0
cg00695265,0.208150,0.189280,False,0.198715,7,98403274.0
cg00695982,0.083118,0.140906,False,0.112012,8,63297880.0
cg00697672,0.021310,-0.135468,False,0.078389,16,89084935.0
cg00697916,0.009837,-0.072548,False,0.041192,3,65356969.0
cg00701064,-0.228561,-0.119710,False,0.174135,4,6278687.0
cg00702417,0.106552,-0.016825,False,0.061689,1,5994807.0
cg00703902,0.109582,0.048786,False,0.079184,7,5213385.0
cg00707814,0.006887,-0.224163,False,0.115525,12,121455865.0
cg00713400,-0.031303,-0.028224,False,0.029763,7,22193588.0
cg00715197,0.055651,0.093150,False,0.074400,14,68137877.0
cg00718036,0.021987,0.255709,False,0.138848,4,107824169.0
cg00724315,0.130082,-0.084609,False,0.107345,4,1940122.0
cg00725777,-0.086560,-0.110773,False,0.098666,X,103375483.0
cg00730887,0.002901,0.143348,False,0.073125,4,159228452.0
cg00741954,0.062294,-0.083686,False,0.072990,6,1765812.0
cg00742587,0.107432,0.139479,False,0.123455,14,30159283.0
cg00747975,-0.093884,-0.207803,False,0.150843,14,76867644.0
cg00754027,-0.050108,-0.027808,False,0.038958,1,200621331.0
cg00759427,-0.077453,-0.115709,False,0.096581,20,64077277.0
cg00762678,-0.092284,0.043968,False,0.068126,16,88936827.0
cg00764217,0.048396,-0.074495,False,0.061446,7,117020186.0
cg00765705,-0.187543,-0.210893,False,0.199218,12,124380584.0
cg00765737,0.061454,0.053210,False,0.057332,13,110341146.0
cg00767000,-0.229711,-0.053973,False,0.141842,16,87491701.0
cg00769161,-0.041180,0.073123,False,0.057152,12,57736400.0
cg00773370,0.073697,-0.166496,False,0.120096,12,6374606.0
cg00793843,0.046786,0.031540,False,0.039163,15,90234657.0
cg00796302,0.073771,0.004760,False,0.039265,4,105556442.0
cg00799826,0.001332,0.063449,False,0.032390,6,30103423.0
cg00804354,-0.242185,0.007073,False,0.124629,1,248817208.0
cg00806644,-0.197173,-0.063538,False,0.130356,10,125201246.0
cg00808492,0.227753,-0.007891,False,0.117822,1,119811536.0
cg00812096,0.119760,-0.314420,False,0.217090,13,80010352.0
cg00815177,0.115606,0.109205,False,0.112405,1,24464703.0
cg00816037,-0.167153,0.217343,False,0.192248,16,88745934.0
cg00829990,0.054529,-0.091527,False,0.073028,1,3012400.0
cg00832105,0.177550,0.122765,False,0.150158,8,11474198.0
cg00841988,0.002920,-0.077515,False,0.040218,14,99737816.0
cg00842122,0.137156,0.032295,False,0.084725,15,49324297.0
cg00847221,0.250249,-0.145612,False,0.197931,17,66952326.0
cg00852964,-0.229466,-0.004267,False,0.116867,6,132714011.0
cg00854273,0.076320,0.226807,False,0.151564,17,77963674.0
cg00858840,0.067356,-0.046475,False,0.056915,2,170717329.0
cg00859858,-0.008696,0.210455,False,0.109575,1,37478656.0
cg00864618,-0.246035,-0.046154,False,0.146094,8,140508380.0
cg00866541,-0.043710,-0.003364,False,0.023537,16,85362055.0
cg00869668,-0.251849,-0.208334,True,0.230091,17,1645718.0
cg00870778,0.225055,-0.055066,False,0.140060,7,97969180.0
cg00872532,-0.100526,0.111874,False,0.106200,2,188303721.0
cg00872683,-0.178555,-0.379745,False,0.279150,4,40395988.0
cg00873953,0.227845,-0.114032,False,0.170938,12,94616272.0
cg00874605,0.177721,0.001684,False,0.089703,16,14475741.0
cg00880290,-0.145154,0.303442,False,0.224298,19,14440187.0
cg00884805,0.088113,0.002644,False,0.045378,1,67830924.0
cg00898480,-0.018514,-0.161746,False,0.090130,17,76645193.0
cg00902153,-0.459108,-0.386505,True,0.422806,3,188788927.0
cg00902464,-0.008241,0.285898,False,0.147069,1,100628561.0
cg00903584,-0.077734,0.023250,False,0.050492,1,202159554.0
cg00909094,0.174795,0.006323,False,0.090559,3,12544869.0
cg00916635,-0.125739,0.099374,False,0.112556,1,113871690.0
cg00916899,-0.196365,-0.101366,False,0.148865,20,37316529.0
cg00917373,0.115008,-0.190729,False,0.152869,14,61297889.0
cg00921266,0.010382,0.033635,False,0.022008,7,27114044.0
cg00928596,-0.056018,0.070530,False,0.063274,16,14309165.0
cg00928816,0.076250,0.041733,False,0.058991,10,62049339.0
cg00932141,0.201846,0.285585,True,0.243715,4,79911033.0
cg00933443,0.100079,-0.055820,False,0.077949,3,138173590.0
cg00936935,0.115301,0.182400,False,0.148851,10,50512139.0
cg00943287,0.010307,-0.140054,False,0.075181,1,245311420.0
cg00960147,-0.076477,-0.036153,False,0.056315,1,116509531.0
cg00963378,0.073543,-0.325324,False,0.199434,13,20142499.0
cg00974944,0.057076,0.087071,False,0.072073,3,61664250.0
cg00977842,0.143287,-0.219187,False,0.181237,10,80291037.0
cg00980649,-0.041779,-0.140372,False,0.091075,14,105900645.0
cg00980904,0.086809,0.021268,False,0.054038,3,50336304.0
cg00983904,-0.028426,0.179347,False,0.103886,12,6556122.0
cg00992348,0.061525,-0.269567,False,0.165546,10,93166296.0
cg00994306,0.001577,0.192322,False,0.096950,16,1245607.0
cg00994616,-0.200135,-0.175455,False,0.187795,12,6746057.0
cg00994629,0.091522,0.184178,False,0.137850,14,22226652.0
cg00994717,0.066476,-0.104694,False,0.085585,10,100971782.0
cg00995854,-0.405678,-0.364773,True,0.385226,1,157832515.0
cg01005211,-0.083161,-0.167025,False,0.125093,3,72289432.0
cg01006587,0.260175,0.502318,True,0.381246,19,42074914.0
cg01009920,0.106152,-0.017805,False,0.061978,8,8296128.0
cg01012445,0.105773,-0.039405,False,0.072589,4,150583768.0
cg01015401,-0.097362,0.171098,False,0.134230,4,128709458.0
cg01017395,0.098618,0.087675,False,0.093147,1,12549927.0
cg01019643,0.160742,0.220063,False,0.190402,16,10531261.0
cg01020840,0.161487,-0.010263,False,0.085875,14,88550635.0
cg01021952,-0.038334,-0.150527,False,0.094431,20,43558992.0
cg01035931,0.040582,0.023591,False,0.032087,19,46864205.0
cg01041405,0.020001,-0.115786,False,0.067893,16,68406717.0
cg01045337,-0.208080,-0.092696,False,0.150388,16,324988.0
cg01051098,0.263559,0.002880,False,0.133220,14,55137736.0
cg01051524,-0.192861,0.058374,False,0.125618,2,105798688.0
cg01051583,-0.034856,-0.127058,False,0.080957,14,92729727.0
cg01053766,0.026747,0.066154,False,0.046450,5,10479618.0
cg01054110,-0.386219,-0.404886,True,0.395553,12,124517786.0
cg01058360,-0.343861,-0.261238,True,0.302549,7,151745285.0
cg01062942,0.012979,0.033008,False,0.022994,19,15458124.0
cg01068601,-0.008920,-0.024121,False,0.016521,16,67884796.0
cg01070161,0.153415,-0.038835,False,0.096125,3,197821020.0
cg01070987,-0.177485,0.085899,False,0.131692,3,149969215.0
cg01075459,-0.020435,-0.227481,False,0.123958,16,12570461.0
cg01083093,0.026054,0.356468,False,0.191261,1,111476935.0
cg01084215,0.158869,-0.090846,False,0.124857,17,79950470.0
cg01086369,-0.173148,-0.122816,False,0.147982,19,50382116.0
cg01087925,0.108719,0.006368,False,0.057544,3,52520782.0
cg01089914,-0.019281,-0.130948,False,0.075114,2,217978506.0
cg01093854,0.188280,0.012921,False,0.100601,10,68602665.0
cg01095004,0.190442,-0.207711,False,0.199076,16,88388475.0
cg01096199,-0.132863,0.241053,False,0.186958,14,89724701.0
cg01097872,0.094892,0.073427,False,0.084160,11,65793292.0
cg01119135,-0.047442,0.065702,False,0.056572,1,207032180.0
cg01120369,0.131040,-0.087857,False,0.109449,3,129584483.0
cg01126699,0.081162,0.274523,False,0.177843,14,104159131.0
cg01129641,-0.247304,0.285289,False,0.266296,2,240621820.0
cg01133215,-0.066761,0.004284,False,0.035522,6,45431944.0
cg01134758,0.129734,-0.030381,False,0.080057,10,8162078.0
cg01138020,-0.002884,0.220762,False,0.111823,17,4433799.0
cg01144086,0.151695,-0.026824,False,0.089259,16,50681349.0
cg01146539,-0.134138,0.097575,False,0.115857,5,135352933.0
cg01147727,-0.028999,-0.077648,False,0.053324,14,104896678.0
cg01152726,0.325818,0.465781,True,0.395799,18,23872880.0
cg01154353,0.110009,0.042125,False,0.076067,13,44379772.0
cg01157280,-0.088118,0.006939,False,0.047529,2,237590821.0
cg01166685,-0.108904,0.136110,False,0.122507,10,92848313.0
cg01178188,0.085296,-0.241775,False,0.163536,11,61755573.0
cg01180479,0.039060,-0.107821,False,0.073440,11,65607362.0
cg01202639,0.062043,-0.005432,False,0.033738,12,100504830.0
cg01203773,-0.108684,-0.152596,False,0.130640,6,45955695.0
cg01206912,0.054273,-0.058206,False,0.056240,3,187998132.0
cg01209296,-0.058715,-0.049161,False,0.053938,20,63803963.0
cg01214458,-0.113013,-0.341561,False,0.227287,22,27798008.0
cg01215651,0.075565,0.206585,False,0.141075,4,164753986.0
cg01231543,-0.300581,-0.237248,True,0.268915,16,68707845.0
cg01243072,-0.037116,-0.102985,False,0.070050,2,43171032.0
cg01243992,0.176471,0.171037,False,0.173754,20,32790470.0
cg01244043,-0.084999,-0.074017,False,0.079508,20,1467792.0
cg01247454,0.197892,0.002741,False,0.100316,2,189164209.0
cg01260308,0.095601,0.121299,False,0.108450,14,49766944.0
cg01262913,-0.180171,0.019518,False,0.099845,21,37208185.0
cg01264765,-0.035472,0.040448,False,0.037960,16,84294263.0
cg01271812,-0.228916,-0.054239,False,0.141578,2,66444346.0
cg01272393,0.108661,-0.014881,False,0.061771,2,102622934.0
cg01275887,0.222038,0.034365,False,0.128202,7,4707585.0
cg01280881,0.046489,0.087586,False,0.067038,5,65076673.0
cg01281993,0.029315,0.130353,False,0.079834,16,11280233.0
cg01288184,-0.032442,-0.018277,False,0.025359,18,23231444.0
cg01289421,0.046501,0.126648,False,0.086575,19,17797437.0
cg01290568,-0.348192,-0.248203,True,0.298197,2,112836282.0
cg01291088,-0.074977,0.012003,False,0.043490,16,67653745.0
cg01303222,0.205635,-0.060167,False,0.132901,19,17239917.0
cg01303236,-0.024773,-0.077274,False,0.051024,5,74639017.0
cg01303385,-0.000531,-0.132695,False,0.066613,3,111732623.0
cg01303480,0.226064,-0.068170,False,0.147117,21,41765724.0
cg01305421,-0.226195,-0.206151,True,0.216173,12,102480508.0
cg01312412,0.137089,-0.092219,False,0.114654,13,26708488.0
cg01315201,0.218682,-0.078733,False,0.148707,13,44759157.0
cg01323777,-0.059786,-0.149599,False,0.104692,17,7929625.0
cg01325552,-0.040096,0.170560,False,0.105328,4,186104266.0
cg01341572,-0.110796,0.085728,False,0.098262,12,120978709.0
cg01347702,-0.056791,-0.013107,False,0.034949,6,31877895.0
cg01348584,0.136844,-0.102069,False,0.119456,7,4871391.0
cg01351822,0.122494,0.032368,False,0.077431,15,90930245.0
cg01356872,0.075662,-0.125005,False,0.100334,2,224221790.0
cg01364755,0.222323,-0.021801,False,0.122062,10,1328499.0
cg01373932,-0.019882,0.019884,False,0.019883,6,31534685.0
cg01379730,-0.054914,-0.117582,False,0.086248,2,170214436.0
cg01382502,0.103680,0.161892,False,0.132786,16,22241183.0
cg01394199,-0.015984,-0.166907,False,0.091446,12,120978744.0
cg01410923,0.053024,-0.109096,False,0.081060,2,191334115.0
cg01413582,0.073173,0.033808,False,0.053491,6,30684911.0
cg01419713,0.084264,0.025215,False,0.054739,8,42180617.0
cg01423916,-0.252673,-0.075626,False,0.164150,11,47863614.0
cg01437161,-0.221839,0.032156,False,0.126997,12,8681518.0
cg01437515,-0.124817,-0.086786,False,0.105802,1,1212935.0
cg01438056,-0.031451,0.237792,False,0.134621,15,90230338.0
cg01449715,-0.277349,-0.132318,False,0.204833,13,50917270.0
cg01456691,-0.013549,0.207047,False,0.110298,6,11382323.0
cg01471232,-0.012573,-0.028588,False,0.020580,11,415430.0
cg01475476,0.054941,-0.020932,False,0.037936,7,22353442.0
cg01481000,-0.096751,-0.164228,False,0.130489,1,33049257.0
cg01483139,-0.012405,0.240697,False,0.126551,4,186628304.0
cg01484075,0.048223,-0.092372,False,0.070298,2,120913058.0
cg01485547,-0.104379,-0.148199,False,0.126289,6,10555031.0
cg01485975,-0.277447,0.153595,False,0.215521,5,157059175.0
cg01492330,0.140926,-0.101836,False,0.121381,12,52790221.0
cg01492538,-0.173131,-0.216911,False,0.195021,7,2734909.0
cg01493517,-0.128490,-0.128353,False,0.128421,12,6556281.0
cg01494083,-0.041933,0.092882,False,0.067407,16,83805156.0
cg01510278,-0.286380,-0.005342,False,0.145861,16,11362381.0
cg01511480,0.102872,0.163039,False,0.132956,12,6362085.0
cg01514538,0.011272,-0.045504,False,0.028388,1,3063816.0
cg01519261,-0.033123,0.063996,False,0.048559,21,35049170.0
cg01534572,-0.075227,0.130495,False,0.102861,16,88958149.0
cg01537769,0.073970,0.124304,False,0.099137,13,93423589.0
cg01545587,0.044962,-0.204156,False,0.124559,14,105527242.0
cg01552748,0.126614,-0.070091,False,0.098353,13,111573179.0
cg01556275,0.129641,0.045429,False,0.087535,1,58779925.0
cg01559561,0.172816,0.062688,False,0.117752,20,36431827.0
cg01564045,0.128729,0.056074,False,0.092402,X,149502065.0
cg01564640,0.223381,-0.156714,False,0.190047,19,40624057.0
cg01568433,0.230508,0.163622,False,0.197065,3,50329910.0
cg01570265,0.169221,0.142930,False,0.156075,14,69714034.0
cg01574513,-0.069302,-0.117383,False,0.093342,16,85948114.0
cg01577755,0.057669,0.252007,False,0.154838,5,912318.0
cg01581098,-0.145027,-0.070326,False,0.107677,7,106113907.0
cg01589587,-0.136046,-0.014196,False,0.075121,14,75536097.0
cg01606770,0.170448,0.256950,False,0.213699,1,96814240.0
cg01612095,-0.141249,-0.175063,False,0.158156,16,88646705.0
cg01612681,-0.087771,-0.045298,False,0.066535,11,2301156.0
cg01613817,-0.153825,0.113964,False,0.133894,21,38498473.0
cg01616876,-0.243216,-0.013195,False,0.128205,12,113107123.0
cg01618923,0.068439,-0.153208,False,0.110823,13,49309199.0
cg01622006,-0.071988,-0.024807,False,0.048398,6,170148173.0
cg01634544,0.129355,0.012014,False,0.070684,14,70661430.0
cg01636184,-0.003480,0.289338,False,0.146409,11,8874148.0
cg01638792,0.045298,-0.012171,False,0.028735,11,69293877.0
cg01640991,0.005744,-0.006365,False,0.006054,12,121509512.0
cg01645998,0.156511,0.097057,False,0.126784,16,82011617.0
cg01653532,-0.085753,-0.107367,False,0.096560,17,59366717.0
cg01657186,-0.164266,0.070355,False,0.117311,12,570734.0
cg01660911,0.127551,0.058980,False,0.093265,22,16601882.0
cg01660934,-0.087610,-0.179858,False,0.133734,16,68235138.0
cg01661742,0.015043,0.060869,False,0.037956,4,141220038.0
cg01681098,0.085123,0.144278,False,0.114701,11,128696114.0
cg01681367,0.204545,0.149064,False,0.176805,16,29664750.0
cg01684901,0.099155,-0.144988,False,0.122072,3,184340617.0
cg01687402,0.008903,-0.288806,False,0.148855,17,50543300.0
cg01691160,0.194049,0.208598,False,0.201324,4,155419270.0
cg01693305,0.030722,0.030096,False,0.030409,1,19486817.0
cg01696784,-0.030835,-0.028757,False,0.029796,2,234995857.0
cg01699740,-0.026114,-0.184819,False,0.105466,11,123525778.0
cg01700683,0.023366,-0.003213,False,0.013290,15,63218743.0
cg01704698,-0.202427,-0.161039,False,0.181733,16,84907688.0
cg01708377,0.022999,-0.059363,False,0.041181,6,1686512.0
cg01710351,0.032001,0.202459,False,0.117230,1,160647302.0
cg01714342,0.131415,0.048481,False,0.089948,14,24340387.0
cg01721818,0.143960,0.038087,False,0.091023,2,15595788.0
cg01722297,-0.213337,-0.008061,False,0.110699,17,48113340.0
cg01730834,0.089459,0.130571,False,0.110015,16,1819399.0
cg01733904,-0.211694,-0.092283,False,0.151988,13,109840698.0
cg01738164,0.075122,-0.032834,False,0.053978,14,89681159.0
cg01739725,0.113667,0.198692,False,0.156179,14,37602188.0
cg01754267,-0.161742,-0.092377,False,0.127059,12,57235457.0
cg01758942,0.134091,0.018637,False,0.076364,3,52517058.0
cg01760983,0.008619,0.261765,False,0.135192,22,17107081.0
cg01765152,-0.183360,0.110872,False,0.147116,8,127993280.0
cg01765930,-0.022285,0.116592,False,0.069439,22,37485384.0
cg01767053,0.168478,0.151879,False,0.160179,16,85645278.0
cg01768686,-0.053739,0.062902,False,0.058321,17,4433816.0
cg01770400,0.030245,0.485390,False,0.257817,1,173917347.0
cg01771850,0.138590,-0.000236,False,0.069413,17,82889261.0
cg01773515,-0.036167,-0.179161,False,0.107664,19,7519794.0
cg01774027,-0.174709,-0.299733,False,0.237221,19,947712.0
cg01783662,0.050103,0.065867,False,0.057985,3,181724888.0
cg01787084,-0.223052,-0.044390,False,0.133721,16,87337491.0
cg01794103,0.020325,0.005660,False,0.012992,15,78050152.0
cg01797036,-0.217251,0.096110,False,0.156680,12,124466392.0
cg01797371,-0.104569,-0.421859,False,0.263214,3,195851369.0
cg01799671,-0.247578,0.035487,False,0.141532,16,81527147.0
cg01808739,-0.258144,-0.015045,False,0.136595,1,93447245.0
cg01813071,-0.052907,-0.059225,False,0.056066,11,102530885.0
cg01816936,-0.138455,-0.079880,False,0.109167,12,123034341.0
cg01817067,0.063916,0.074813,False,0.069365,12,117189418.0
cg01818776,-0.178882,-0.053400,False,0.116141,8,25345394.0
cg01819912,0.323712,0.041172,False,0.182442,1,235408708.0
cg01822420,0.025036,0.129459,False,0.077248,16,85972075.0
cg01832672,-0.140757,0.047726,False,0.094241,12,122874036.0
cg01833470,-0.140124,-0.004397,False,0.072260,1,35804609.0
cg01833755,0.080303,0.107933,False,0.094118,14,89423028.0
cg01842321,-0.141215,-0.122248,False,0.131731,6,31055815.0
cg01843506,-0.024657,-0.032918,False,0.028788,3,32951673.0
cg01854776,-0.008960,-0.177649,False,0.093304,2,234995722.0
cg01859528,0.187776,-0.172260,False,0.180018,14,89857357.0
cg01860693,0.053092,-0.112821,False,0.082957,5,140177560.0
cg01870976,-0.077773,0.021899,False,0.049836,15,101346949.0
cg01879083,-0.079773,0.311078,False,0.195426,5,10305919.0
cg01880399,-0.133833,-0.023295,False,0.078564,4,186669425.0
cg01886125,-0.027146,-0.033887,False,0.030516,2,109437574.0
cg01886810,0.014404,0.106867,False,0.060636,X,47222289.0
cg01886855,-0.086028,-0.107901,False,0.096965,21,42366888.0
cg01896804,0.193626,0.032103,False,0.112865,6,135881959.0
cg01898377,-0.038942,-0.190179,False,0.114560,20,50343735.0
cg01898817,0.020306,-0.110606,False,0.065456,8,22757031.0
cg01899355,0.088635,0.151366,False,0.120001,2,61691060.0
cg01899540,-0.127797,-0.150545,False,0.139171,20,36460551.0
cg01903374,0.118336,0.317676,False,0.218006,1,151157368.0
cg01915642,0.152095,0.085274,False,0.118685,20,13577683.0
cg01917209,0.098942,0.173892,False,0.136417,3,49901288.0
cg01919011,-0.009977,-0.231002,False,0.120489,14,75469965.0
cg01924223,0.128158,0.120077,False,0.124117,8,42175980.0
cg01924952,-0.186722,0.083198,False,0.134960,2,8487803.0
cg01926646,-0.088470,-0.259694,False,0.174082,7,11636304.0
cg01927373,0.099991,0.130720,False,0.115356,4,81486730.0
cg01937819,-0.161775,-0.104465,False,0.133120,9,127853831.0
cg01940181,0.197153,-0.101377,False,0.149265,1,3219148.0
cg01942646,0.108768,0.342187,False,0.225478,1,26914203.0
cg01951274,-0.044834,0.061161,False,0.052998,17,58332157.0
cg01961086,0.118853,-0.116194,False,0.117523,1,3169923.0
cg01964852,0.091371,0.009727,False,0.050549,7,27106643.0
cg01973181,0.111358,0.021891,False,0.066624,12,123952257.0
cg01974478,0.315308,0.115800,False,0.215554,7,4739681.0
cg01979888,-0.076475,0.048087,False,0.062281,12,6556258.0
cg01985595,0.168061,0.165158,False,0.166609,6,136158363.0
cg01987353,-0.225644,-0.135983,False,0.180813,17,34242621.0
cg01988009,0.035320,-0.095241,False,0.065280,19,50378252.0
cg01988891,0.091705,-0.036652,False,0.064179,12,54364600.0
cg01989521,0.087165,-0.056953,False,0.072059,14,103055675.0
cg01992464,0.082682,-0.092675,False,0.087678,16,89847360.0
cg01995393,-0.072484,0.054215,False,0.063350,19,8498744.0
cg02001279,-0.133382,0.122539,False,0.127960,19,940967.0
cg02003183,0.088421,0.262312,False,0.175366,14,102949545.0
cg02003272,0.114557,-0.028939,False,0.071748,13,50128583.0
cg02003457,-0.104905,-0.055676,False,0.080290,7,43249905.0
cg02007434,0.120750,-0.024589,False,0.072669,10,96451047.0
cg02012974,-0.257412,-0.154719,False,0.206065,3,66442568.0
cg02016178,0.006236,0.093364,False,0.049800,16,3578415.0
cg02016467,0.164969,-0.200221,False,0.182595,16,751549.0
cg02023138,0.128303,0.049029,False,0.088666,12,51308195.0
cg02026535,-0.114980,0.046456,False,0.080718,19,7515331.0
cg02030929,0.175795,-0.086700,False,0.131248,16,29664682.0
cg02032299,0.067313,0.050779,False,0.059046,16,87507638.0
cg02035605,-0.054152,0.022450,False,0.038301,12,1616701.0
cg02044895,-0.031901,0.030051,False,0.030976,11,58575845.0
cg02046562,-0.158487,0.144877,False,0.151682,3,58214294.0
cg02046665,0.089416,0.174997,False,0.132206,2,63046549.0
cg02052531,0.215370,0.060454,False,0.137912,5,82397076.0
cg02053092,0.124154,0.107207,False,0.115680,6,118899263.0
cg02053964,-0.192800,0.069072,False,0.130936,12,124466238.0
cg02055988,0.062575,-0.021923,False,0.042249,22,31275716.0
cg02057688,0.003532,0.008591,False,0.006061,6,2697524.0
cg02059317,-0.100109,0.020251,False,0.060180,16,88958103.0
cg02061173,-0.040334,-0.165205,False,0.102770,5,78509732.0
cg02062466,0.139936,0.017908,False,0.078922,12,105318529.0
cg02066184,-0.029814,0.086899,False,0.058357,7,16801880.0
cg02069524,0.102326,-0.160415,False,0.131371,10,1188392.0
cg02075410,0.041470,-0.164952,False,0.103211,4,150582986.0
cg02077068,0.115963,-0.046942,False,0.081452,16,19860918.0
cg02084214,0.091757,-0.008967,False,0.050362,6,15243692.0
cg02086166,0.071841,0.034418,False,0.053129,12,5666452.0
cg02086790,-0.004969,-0.062136,False,0.033552,16,325327.0
cg02088785,0.103783,0.054476,False,0.079130,13,98571082.0
cg02094283,-0.036005,-0.092815,False,0.064410,11,114294973.0
cg02095290,-0.103754,-0.044649,False,0.074201,11,16987348.0
cg02097616,0.049884,0.058663,False,0.054274,17,64679803.0
cg02099418,-0.088220,-0.102205,False,0.095212,2,203706423.0
cg02100011,0.207845,0.095463,False,0.151654,22,38239767.0
cg02111655,-0.057584,-0.207788,False,0.132686,10,30049317.0
cg02116283,-0.139734,-0.296730,False,0.218232,2,111221742.0
cg02116612,-0.137720,0.070806,False,0.104263,3,127823545.0
cg02119693,0.006788,0.094747,False,0.050768,2,191296416.0
cg02126031,0.139827,0.059649,False,0.099738,14,54219598.0
cg02126235,-0.043997,0.160635,False,0.102316,14,94388697.0
cg02127509,-0.125144,-0.037029,False,0.081086,6,135195798.0
cg02131870,0.108866,0.168124,False,0.138495,7,101942379.0
cg02136622,0.119100,-0.065367,False,0.092233,13,95159677.0
cg02153681,0.102079,0.032347,False,0.067213,2,20515058.0
cg02157894,-0.133976,-0.022856,False,0.078416,12,53601720.0
cg02159996,-0.220896,-0.259156,True,0.240026,6,89217514.0
cg02167021,0.159391,0.273585,False,0.216488,3,121660944.0
cg02174092,-0.010045,-0.080904,False,0.045474,10,43351091.0
cg02184413,-0.042360,-0.079724,False,0.061042,6,132714096.0
cg02185248,-0.131082,0.079003,False,0.105042,17,80774694.0
cg02192520,0.191622,0.072530,False,0.132076,12,55720371.0
cg02193861,0.098851,-0.034775,False,0.066813,10,16780713.0
cg02195995,0.201421,0.043818,False,0.122619,7,18385662.0
cg02202923,0.119966,-0.136445,False,0.128205,10,133226746.0
cg02205445,0.105821,0.185218,False,0.145519,2,143890975.0
cg02212575,0.066320,0.131723,False,0.099022,3,157120614.0
cg02215611,-0.127373,0.098472,False,0.112922,16,67885062.0
cg02216731,-0.048609,-0.191068,False,0.119839,16,751936.0
cg02219607,0.087109,0.114507,False,0.100808,4,69639032.0
cg02219878,-0.209152,-0.291499,True,0.250326,3,184335438.0
cg02228042,0.049257,0.066717,False,0.057987,7,105962986.0
cg02237342,-0.191849,-0.204109,False,0.197979,22,24427551.0
cg02242345,-0.063951,-0.143510,False,0.103730,16,66904885.0
cg02244175,-0.331855,-0.410985,True,0.371420,5,95843036.0
cg02246426,0.004693,0.109723,False,0.057208,8,96150203.0
cg02254879,0.215396,-0.031251,False,0.123324,16,50035543.0
cg02261047,-0.136744,-0.168030,False,0.152387,16,85928576.0
cg02261780,0.134277,0.124639,False,0.129458,19,3097730.0
cg02262553,-0.319743,-0.319923,True,0.319833,4,86928098.0
cg02264733,0.063033,-0.289777,False,0.176405,16,538086.0
cg02268561,0.134013,-0.150271,False,0.142142,10,15170067.0
cg02278841,-0.201236,0.054091,False,0.127663,15,38696659.0
cg02279471,0.169016,0.079053,False,0.124035,1,95184474.0
cg02286506,0.079990,0.172101,False,0.126046,2,109032475.0
cg02287007,-0.109907,-0.125217,False,0.117562,6,166463550.0
cg02289040,-0.020204,-0.172400,False,0.096302,1,177970411.0
cg02297709,-0.156085,-0.219130,False,0.187607,1,160189880.0
cg02305471,0.109022,0.037826,False,0.073424,19,16015536.0
cg02306995,0.058289,0.170949,False,0.114619,3,122916202.0
cg02307277,-0.016592,0.114252,False,0.065422,6,150368989.0
cg02309655,0.134481,0.134360,False,0.134421,19,2588631.0
cg02310645,-0.070288,-0.064764,False,0.067526,15,59231810.0
cg02322889,0.058057,0.032104,False,0.045081,4,25099652.0
cg02326386,-0.097987,-0.005249,False,0.051618,19,2085287.0
cg02328807,-0.104362,0.031028,False,0.067695,16,75235666.0
cg02329494,0.181490,0.061257,False,0.121374,12,104886350.0
cg02341559,0.188685,-0.333591,False,0.261138,1,67137491.0
cg02344497,0.167259,0.162203,False,0.164731,3,27431337.0
cg02349468,0.091635,0.156610,False,0.124123,5,1093546.0
cg02351277,-0.194545,-0.075758,False,0.135151,3,177679992.0
cg02352281,-0.350224,-0.272232,True,0.311228,3,46097813.0
cg02355558,0.038124,-0.062824,False,0.050474,3,37936242.0
cg02360367,-0.109202,-0.102992,False,0.106097,1,2248588.0
cg02360445,0.080201,0.079804,False,0.080003,10,21509328.0
cg02362020,-0.127941,-0.220365,False,0.174153,6,31534638.0
cg02365900,0.009865,-0.032308,False,0.021087,17,83092286.0
cg02367921,-0.121383,-0.320342,False,0.220862,1,40038857.0
cg02368469,0.104143,-0.006872,False,0.055507,11,69542799.0
cg02378074,0.290216,0.137912,False,0.214064,22,46338815.0
cg02381279,-0.180363,-0.093817,False,0.137090,19,16283555.0
cg02383368,0.003279,-0.004319,False,0.003799,19,7619582.0
cg02389084,0.128570,0.209154,False,0.168862,7,26363634.0
cg02390801,-0.117605,0.142713,False,0.130159,15,74236224.0
cg02394186,-0.102736,0.227280,False,0.165008,1,6028490.0
cg02395280,-0.241456,-0.137655,False,0.189555,15,69314257.0
cg02397720,-0.015167,0.388735,False,0.201951,2,237603764.0
cg02402946,-0.260070,-0.089550,False,0.174810,13,20460940.0
cg02405193,-0.217543,-0.326092,True,0.271818,16,3589838.0
cg02406098,0.330054,0.113791,False,0.221923,3,32869863.0
cg02410867,0.025997,0.003188,False,0.014593,19,16088033.0
cg02412684,0.170383,0.076394,False,0.123389,10,121594680.0
cg02413187,0.113035,0.188038,False,0.150536,19,1356270.0
cg02417408,0.030304,0.089625,False,0.059965,3,52246672.0
cg02419321,-0.046768,-0.029670,False,0.038219,12,54417978.0
cg02420724,0.018446,-0.126864,False,0.072655,2,189180257.0
cg02423000,0.140334,0.082504,False,0.111419,5,601453.0
cg02424670,0.076697,0.049536,False,0.063117,X,47225002.0
cg02426324,-0.074341,-0.066744,False,0.070542,7,40640855.0
cg02426414,-0.077756,0.005451,False,0.041604,17,18362619.0
cg02439077,-0.008711,0.135769,False,0.072240,10,70442459.0
cg02441103,0.099506,-0.136899,False,0.118203,5,134255518.0
cg02455346,0.028182,-0.168582,False,0.098382,1,220882059.0
cg02459416,-0.003013,-0.022438,False,0.012726,17,7854938.0
cg02470008,-0.289683,-0.252931,True,0.271307,7,2608709.0
cg02478828,0.129883,-0.091926,False,0.110904,2,73926068.0
cg02482497,0.058890,-0.156238,False,0.107564,1,153638196.0
cg02483911,0.158540,0.032442,False,0.095491,17,3829330.0
cg02485328,0.050412,-0.055794,False,0.053103,5,159095595.0
cg02485642,0.016951,-0.193263,False,0.105107,16,782958.0
cg02486253,-0.021931,-0.215310,False,0.118620,17,57045467.0
cg02497019,-0.234220,0.121200,False,0.177710,3,49133910.0
cg02501473,0.130643,-0.023556,False,0.077100,3,190191951.0
cg02502704,0.143964,-0.202493,False,0.173228,10,35124677.0
cg02503763,-0.024190,-0.044263,False,0.034227,3,127823543.0
cg02506767,-0.067614,-0.172615,False,0.120114,2,163609430.0
cg02506867,-0.052080,-0.137411,False,0.094746,16,68087142.0
cg02512860,0.062379,-0.061199,False,0.061789,7,101237470.0
cg02519948,-0.141941,0.403807,False,0.272874,5,15936649.0
cg02522196,-0.130420,0.039543,False,0.084981,12,43832590.0
cg02523585,0.036323,-0.160656,False,0.098490,2,191364519.0
cg02524983,-0.018034,0.070341,False,0.044187,3,188295130.0
cg02526838,-0.076761,-0.117751,False,0.097256,5,57435425.0
cg02533339,-0.099458,0.160221,False,0.129839,16,14309183.0
cg02537838,-0.064861,-0.173319,False,0.119090,20,62427539.0
cg02538070,0.265966,-0.140920,False,0.203443,20,36464290.0
cg02539809,0.180517,-0.115746,False,0.148132,7,121084992.0
cg02540781,-0.034470,0.246049,False,0.140259,5,850630.0
cg02543462,-0.421884,-0.558894,True,0.490389,2,113127539.0
cg02548912,0.174311,0.349017,False,0.261664,6,7362185.0
cg02551743,-0.055714,-0.060517,False,0.058115,2,66446296.0
cg02552250,-0.145760,0.163499,False,0.154629,13,48492732.0
cg02556649,0.060175,-0.001660,False,0.030918,11,1924334.0
cg02560408,0.106231,0.102186,False,0.104208,10,60997728.0
cg02561014,-0.184572,0.118310,False,0.151441,2,163610214.0
cg02562005,0.065991,0.047648,False,0.056819,5,150527904.0
cg02563407,-0.185315,-0.094093,False,0.139704,11,269468.0
cg02566978,0.055336,0.305531,False,0.180434,15,74783910.0
cg02567476,-0.020829,-0.101571,False,0.061200,2,102473618.0
cg02570643,0.021651,0.180857,False,0.101254,5,78235649.0
cg02580005,-0.022535,-0.131830,False,0.077182,4,150583035.0
cg02583618,-0.077329,-0.112702,False,0.095016,16,54374078.0
cg02586212,0.122988,-0.045652,False,0.084320,1,192575772.0
cg02597698,0.015403,0.165576,False,0.090490,22,30266998.0
cg02606840,-0.314088,-0.313047,True,0.313567,2,98664467.0
cg02609337,-0.187682,0.205061,False,0.196372,8,133547077.0
cg02610227,0.100921,-0.076664,False,0.088793,19,38311013.0
cg02621481,0.084665,-0.151378,False,0.118021,13,50357700.0
cg02621779,0.216539,0.189000,False,0.202770,19,42193925.0
cg02627991,-0.069263,-0.090028,False,0.079646,7,74617726.0
cg02633363,0.045487,-0.067087,False,0.056287,5,150526617.0
cg02633729,0.148631,-0.036369,False,0.092500,1,172144366.0
cg02637352,-0.202503,-0.015547,False,0.109025,5,149581973.0
cg02639667,0.123557,-0.212164,False,0.167860,5,154712761.0
cg02647835,0.033070,-0.174065,False,0.103567,17,81994985.0
cg02650401,0.155683,-0.117886,False,0.136784,3,181723713.0
cg02657012,-0.063830,0.144097,False,0.103963,6,32845188.0
cg02658330,0.094996,-0.065465,False,0.080230,3,58667866.0
cg02658488,-0.089525,-0.239237,False,0.164381,20,31475227.0
cg02664205,-0.034114,0.195553,False,0.114834,6,135850514.0
cg02670123,0.097140,-0.024726,False,0.060933,2,172465667.0
cg02679662,0.162697,0.079914,False,0.121306,5,131681009.0
cg02681040,0.072427,0.040177,False,0.056302,11,3218971.0
cg02689640,0.130454,-0.132624,False,0.131539,13,111853813.0
cg02691393,-0.064081,0.009750,False,0.036915,2,134360003.0
cg02693607,0.041710,-0.112562,False,0.077136,7,27110979.0
cg02695074,-0.040543,-0.058303,False,0.049423,19,51501816.0
cg02697979,-0.021068,0.210583,False,0.115825,11,34243814.0
cg02709032,-0.052440,0.173219,False,0.112829,19,33208777.0
cg02710090,0.158752,-0.089264,False,0.124008,1,207051783.0
cg02710534,0.170788,-0.139207,False,0.154998,5,141846054.0
cg02711020,0.007946,-0.054230,False,0.031088,18,9887997.0
cg02712474,-0.084606,-0.248778,False,0.166692,2,151264273.0
cg02716776,0.199924,0.115437,False,0.157681,19,3178415.0
cg02722633,-0.180526,-0.174403,False,0.177464,5,142801053.0
cg02726291,-0.278655,-0.326944,True,0.302799,3,129060753.0
cg02729303,-0.138683,0.194665,False,0.166674,5,16508811.0
cg02734358,-0.089731,-0.184390,False,0.137061,4,89305923.0
cg02736228,-0.084364,-0.226107,False,0.155235,1,204377515.0
cg02742281,0.061319,-0.238085,False,0.149702,16,2977576.0
cg02743878,-0.152506,-0.074771,False,0.113639,2,169080584.0
cg02753404,0.148123,0.046487,False,0.097305,15,94715722.0
cg02756056,0.082859,0.194548,False,0.138704,6,32845805.0
cg02768721,0.014139,0.384855,False,0.199497,7,158428678.0
cg02776283,-0.252156,-0.110990,False,0.181573,2,219209809.0
cg02779037,-0.002971,0.250739,False,0.126855,7,4809052.0
cg02787737,-0.233998,0.044638,False,0.139318,11,134058451.0
cg02794695,0.157159,0.084430,False,0.120794,8,133060366.0
cg02795014,0.056513,-0.027806,False,0.042159,17,79020071.0
cg02797195,0.135681,0.087587,False,0.111634,21,41765514.0
cg02798280,-0.014996,-0.127989,False,0.071493,19,38596495.0
cg02803819,-0.034401,0.018511,False,0.026456,7,27101448.0
cg02815538,0.178493,-0.021950,False,0.100222,1,111279872.0
cg02816348,0.078245,0.051443,False,0.064844,15,33308053.0
cg02821871,-0.118338,-0.020220,False,0.069279,19,48630341.0
cg02825630,-0.018109,0.107118,False,0.062614,3,59661134.0
cg02827029,-0.003375,-0.008485,False,0.005930,12,121453104.0
cg02827061,0.106279,-0.051784,False,0.079031,17,50189878.0
cg02827572,0.199142,-0.044390,False,0.121766,6,34598468.0
cg02830467,-0.160432,0.154151,False,0.157291,6,152697586.0
cg02831955,0.050046,0.098448,False,0.074247,19,42443345.0
cg02836478,-0.017029,0.038816,False,0.027922,17,48575139.0
cg02836764,0.158989,-0.233538,False,0.196264,10,132685860.0
cg02844611,0.024437,0.111926,False,0.068181,3,183556106.0
cg02846431,-0.111004,-0.044892,False,0.077948,4,3524958.0
cg02852025,-0.295566,0.161331,False,0.228449,7,50308578.0
cg02859421,0.059728,0.158534,False,0.109131,19,3465073.0
cg02861056,-0.298273,0.003285,False,0.150779,2,68365213.0
cg02870676,0.022693,0.022000,False,0.022347,18,58221600.0
cg02874145,-0.071251,-0.074000,False,0.072626,7,73832076.0
cg02886263,-0.049604,0.304254,False,0.176929,16,14309287.0
cg02889774,-0.141329,-0.202566,False,0.171948,8,21967044.0
cg02893550,-0.164011,0.068776,False,0.116393,16,89053010.0
cg02905744,0.069593,-0.028807,False,0.049200,8,128983256.0
cg02906741,0.255683,-0.126447,False,0.191065,3,30582054.0
cg02906939,-0.051182,-0.193374,False,0.122278,2,137963745.0
cg02909176,0.271400,0.011341,False,0.141371,13,112772029.0
cg02914097,0.184048,0.242871,False,0.213459,3,31077456.0
cg02914427,0.104697,0.018637,False,0.061667,16,29662863.0
cg02923669,0.249097,0.146018,False,0.197558,3,44470221.0
cg02923856,-0.029580,-0.137599,False,0.083589,3,23947633.0
cg02925240,0.112214,-0.294088,False,0.203151,7,157700352.0
cg02926868,0.096209,0.205787,False,0.150998,11,66607292.0
cg02927821,0.043319,-0.130915,False,0.087117,17,41060425.0
cg02928476,0.043115,-0.014769,False,0.028942,7,98682070.0
cg02935132,-0.184713,-0.137144,False,0.160929,2,233060079.0
cg02937491,0.127537,0.055066,False,0.091302,18,58221558.0
cg02943050,0.006138,0.202450,False,0.104294,3,170760079.0
cg02944007,0.055740,-0.210535,False,0.133137,17,81647769.0
cg02947498,0.075046,0.098134,False,0.086590,14,89673222.0
cg02947862,-0.234792,-0.147841,False,0.191316,10,128181111.0
cg02950608,0.247771,-0.013194,False,0.130483,18,77688764.0
cg02956248,-0.017686,-0.263987,False,0.140836,6,32153124.0
cg02966200,0.070704,0.178635,False,0.124670,2,224001766.0
cg02968918,0.056648,0.020612,False,0.038630,4,183987388.0
cg02977388,0.137897,0.229216,False,0.183557,10,88493858.0
cg02977954,-0.180348,0.234702,False,0.207525,1,52905696.0
cg02980499,0.009228,-0.068171,False,0.038699,10,96272207.0
cg02981092,0.115279,0.113529,False,0.114404,3,57557772.0
cg02990330,-0.063238,0.079881,False,0.071560,1,43285833.0
cg02992647,0.255337,0.059005,False,0.157171,17,37644417.0
cg02996471,0.107230,0.067606,False,0.087418,19,3178514.0
cg02997560,-0.079717,0.104871,False,0.092294,19,3180817.0
cg03002264,0.115447,-0.157707,False,0.136577,2,147031164.0
cg03006477,-0.132294,-0.086705,False,0.109499,6,73722935.0
cg03009240,-0.081949,-0.103013,False,0.092481,19,3507869.0
cg03014326,0.160986,-0.176505,False,0.168746,18,14748286.0
cg03027227,-0.049241,0.134451,False,0.091846,2,79994342.0
cg03028216,-0.058478,0.137559,False,0.098018,X,20413211.0
cg03031520,-0.040461,0.025913,False,0.033187,X,103776446.0
cg03032253,-0.086060,-0.132400,False,0.109230,19,4652438.0
cg03051116,-0.263135,0.256887,False,0.260011,10,30431774.0
cg03051374,0.006941,-0.099668,False,0.053305,14,99737921.0
cg03053980,0.068761,0.038405,False,0.053583,17,50190872.0
cg03055271,0.193192,0.000685,False,0.096939,1,189774875.0
cg03062717,0.035038,0.020875,False,0.027956,19,35449581.0
cg03065308,0.000724,0.069569,False,0.035147,6,137217447.0
cg03065459,-0.103113,-0.099948,False,0.101530,16,3009772.0
cg03065612,0.014028,0.284192,False,0.149110,16,3577729.0
cg03069098,0.051100,0.011596,False,0.031348,6,155149176.0
cg03077671,-0.196950,0.005913,False,0.101431,19,13100411.0
cg03078488,0.014962,0.237463,False,0.126213,7,23467029.0
cg03080043,-0.090651,-0.152469,False,0.121560,16,88484856.0
cg03080538,-0.124210,0.013523,False,0.068866,8,99879325.0
cg03081691,-0.009096,0.115440,False,0.062268,1,226000305.0
cg03087897,0.013008,0.218923,False,0.115965,19,14440034.0
cg03089651,0.169202,0.202784,False,0.185993,1,161069905.0
cg03092482,0.001325,-0.009873,False,0.005599,17,79975336.0
cg03097389,-0.043458,0.173538,False,0.108498,13,44434311.0
cg03099144,-0.033399,0.022506,False,0.027953,6,125002279.0
cg03100801,-0.071896,0.321759,False,0.196828,20,9095315.0
cg03101580,-0.079795,-0.136600,False,0.108197,11,1281663.0
cg03106245,-0.265356,-0.085684,False,0.175520,11,47378429.0
cg03106852,0.122620,-0.011098,False,0.066859,6,112234345.0
cg03113038,0.112795,-0.123660,False,0.118227,16,85147605.0
cg03114845,0.143028,-0.018540,False,0.080784,12,65876607.0
cg03130276,-0.122900,-0.025345,False,0.074123,17,80187683.0
cg03134230,-0.005649,0.096596,False,0.051122,2,191344229.0
cg03140412,-0.081683,0.032134,False,0.056908,11,415111.0
cg03143457,0.058641,0.167708,False,0.113174,1,67749138.0
cg03151529,0.125555,-0.062019,False,0.093787,12,123764379.0
cg03158310,-0.202987,0.028123,False,0.115555,16,2036234.0
cg03167633,-0.194417,-0.101632,False,0.148025,2,144580942.0
cg03176550,0.157039,-0.149058,False,0.153049,16,28985008.0
cg03177551,0.089491,0.107008,False,0.098250,15,41502549.0
cg03179291,0.157526,-0.160112,False,0.158819,17,3888608.0
cg03188064,-0.116391,-0.170356,False,0.143374,12,121658761.0
cg03190513,-0.173698,0.128038,False,0.150868,6,11382442.0
cg03190661,0.165541,0.158694,False,0.162118,17,78130621.0
cg03203287,0.026844,-0.172673,False,0.099758,3,37992279.0
cg03204322,-0.108879,-0.237859,False,0.173369,1,84302195.0
cg03207391,-0.060241,0.040944,False,0.050593,19,18386391.0
cg03217587,0.087039,0.018025,False,0.052532,2,238494362.0
cg03218479,-0.131372,0.137017,False,0.134194,8,139933538.0
cg03219838,-0.182959,-0.292040,False,0.237500,5,135336364.0
cg03224396,-0.013732,-0.150140,False,0.081936,1,220843958.0
cg03228145,-0.054895,-0.069264,False,0.062080,5,178777762.0
cg03231447,-0.059048,-0.012661,False,0.035854,11,2273961.0
cg03232056,-0.243448,0.172145,False,0.207797,7,157668618.0
cg03233624,0.170888,-0.089003,False,0.129946,17,57663103.0
cg03233876,0.024086,-0.007273,False,0.015680,19,575412.0
cg03234072,-0.014065,-0.038407,False,0.026236,13,98472016.0
cg03234777,0.062464,0.210579,False,0.136522,11,118224829.0
cg03237892,0.095131,0.036519,False,0.065825,17,42455639.0
cg03242471,-0.174086,0.112549,False,0.143317,2,8487836.0
cg03252568,0.166181,0.046700,False,0.106440,17,43649891.0
cg03254137,-0.231151,-0.085696,False,0.158423,17,17757944.0
cg03260530,0.088129,-0.106376,False,0.097252,17,83091691.0
cg03260621,-0.125907,0.329082,False,0.227494,7,18290469.0
cg03272225,-0.017563,-0.142606,False,0.080084,19,17846297.0
cg03277898,-0.170513,-0.046608,False,0.108561,7,2479190.0
cg03278514,-0.036273,-0.136476,False,0.086375,15,70487007.0
cg03285468,0.105681,-0.054202,False,0.079941,18,63476700.0
cg03290977,-0.104808,0.061729,False,0.083269,4,15401062.0
cg03292149,0.247988,-0.010017,False,0.129002,19,44776508.0
cg03294458,-0.022858,-0.071462,False,0.047160,17,42783980.0
cg03295251,0.068781,0.142735,False,0.105758,16,78568014.0
cg03297163,-0.132056,-0.026253,False,0.079155,7,2508503.0
cg03297901,-0.070550,-0.213130,False,0.141840,17,78121686.0
cg03307465,0.252843,-0.082375,False,0.167609,2,40452379.0
cg03307717,0.000432,-0.046382,False,0.023407,21,43104529.0
cg03307958,0.112681,-0.022105,False,0.067393,2,127401277.0
cg03308399,0.060588,0.178751,False,0.119669,7,27106618.0
cg03312170,0.137009,0.040552,False,0.088780,16,53781214.0
cg03319315,0.045503,-0.092889,False,0.069196,10,133389107.0
cg03324578,-0.218201,-0.165477,False,0.191839,3,46846428.0
cg03326606,0.038710,-0.092695,False,0.065703,20,50729030.0
cg03330490,-0.055716,-0.086275,False,0.070995,10,92692479.0
cg03330820,0.175656,0.028821,False,0.102239,1,64621258.0
cg03331514,-0.057809,0.072717,False,0.065263,7,1537380.0
cg03332469,0.213385,0.013859,False,0.113622,7,157004273.0
cg03337482,-0.068688,-0.103570,False,0.086129,1,3365885.0
cg03337918,0.006378,0.033373,False,0.019875,8,95136062.0
cg03338924,0.074664,-0.025946,False,0.050305,6,13014874.0
cg03339668,0.182830,-0.077836,False,0.130333,12,119804153.0
cg03342674,-0.024843,0.107320,False,0.066081,9,137299324.0
cg03343063,0.094711,0.457739,False,0.276225,1,15697211.0
cg03343584,0.099482,-0.135939,False,0.117711,19,51568282.0
cg03345059,0.195741,-0.122798,False,0.159270,5,150528055.0
cg03345976,-0.130378,0.054852,False,0.092615,4,117086069.0
cg03346415,0.075541,-0.182771,False,0.129156,16,69820992.0
cg03352153,0.015923,-0.100476,False,0.058199,6,63320524.0
cg03352287,0.068813,0.041244,False,0.055029,1,152515786.0
cg03363012,0.022397,-0.195138,False,0.108768,20,760405.0
cg03363863,0.043386,-0.141754,False,0.092570,16,31135733.0
cg03364683,-0.130394,0.127419,False,0.128907,4,168481147.0
cg03370077,0.132285,0.137340,False,0.134812,7,50733726.0
cg03370270,-0.187662,0.177263,False,0.182463,7,106425157.0
cg03373714,-0.017386,-0.054669,False,0.036028,2,146874526.0
cg03380645,-0.087346,-0.011937,False,0.049642,2,85667925.0
cg03387311,-0.213295,-0.043121,False,0.128208,17,17202915.0
cg03387497,-0.125789,-0.226723,False,0.176256,20,17700300.0
cg03389538,-0.281382,-0.206148,True,0.243765,3,129060655.0
cg03390636,0.128586,0.134100,False,0.131343,15,80551111.0
cg03395558,-0.047757,-0.062221,False,0.054989,11,70662224.0
cg03396285,0.189569,0.150295,False,0.169932,2,101251894.0
cg03396324,-0.025639,0.081746,False,0.053692,3,184342782.0
cg03406626,0.141790,0.023622,False,0.082706,11,96302940.0
cg03408619,0.164306,-0.215455,False,0.189881,8,30442626.0
cg03419014,-0.183581,0.263945,False,0.223763,21,36990442.0
cg03419475,-0.016584,-0.203731,False,0.110158,10,114519427.0
cg03424772,0.073214,0.054576,False,0.063895,2,157595156.0
cg03429643,-0.343674,-0.309082,True,0.326378,2,98664500.0
cg03434624,0.025480,-0.331617,False,0.178548,12,122896336.0
cg03435248,0.291292,-0.022992,False,0.157142,10,132265921.0
cg03435439,0.130282,0.083491,False,0.106887,1,65992678.0
cg03436397,-0.109234,0.116876,False,0.113055,7,102426715.0
cg03443360,0.237683,-0.297867,False,0.267775,20,2921741.0
cg03453449,0.001642,-0.229073,False,0.115357,12,95551344.0
cg03459656,-0.076278,0.297194,False,0.186736,17,44389939.0
cg03462322,-0.225246,-0.110415,False,0.167831,16,76398.0
cg03466198,-0.082857,-0.008309,False,0.045583,7,50660235.0
cg03466717,-0.252225,-0.213559,True,0.232892,16,49530459.0
cg03467087,-0.142935,0.154826,False,0.148881,6,158027102.0
cg03467706,0.028127,0.057540,False,0.042833,3,4995660.0
cg03475293,-0.087066,0.126545,False,0.106806,6,7051070.0
cg03485608,0.087760,-0.046283,False,0.067022,2,138778215.0
cg03487027,-0.016361,-0.092708,False,0.054535,10,75399297.0
cg03487269,0.228769,0.023835,False,0.126302,4,73948022.0
cg03490881,0.045058,0.098991,False,0.072025,7,150632361.0
cg03505148,-0.007049,0.001785,False,0.004417,12,57737562.0
cg03505654,-0.130540,-0.115174,False,0.122857,1,247416306.0
cg03507641,-0.205226,0.008923,False,0.107075,12,1489077.0
cg03517776,-0.176590,-0.057769,False,0.117179,2,64607296.0
cg03518664,0.138289,-0.102539,False,0.120414,1,25925547.0
cg03519157,-0.089780,-0.160486,False,0.125133,11,46345483.0
cg03519577,-0.117260,0.001542,False,0.059401,20,4815240.0
cg03519907,0.029427,-0.018558,False,0.023993,5,154712866.0
cg03526468,-0.049991,-0.131653,False,0.090822,16,31473250.0
cg03529555,0.069141,-0.162648,False,0.115895,11,19395204.0
cg03532253,-0.026575,-0.046019,False,0.036297,12,56005451.0
cg03535099,0.098832,-0.183384,False,0.141108,17,82889394.0
cg03539313,0.202014,0.077645,False,0.139830,3,158823238.0
cg03545972,0.022065,-0.086260,False,0.054162,2,9337015.0
cg03548857,-0.101028,-0.062844,False,0.081936,19,35449272.0
cg03562788,0.056136,-0.088876,False,0.072506,16,31475832.0
cg03569637,-0.113082,-0.013194,False,0.063138,12,47215574.0
cg03573445,-0.204495,-0.163047,False,0.183771,14,104688521.0
cg03573679,-0.033296,0.099096,False,0.066196,7,2406092.0
cg03574571,-0.245687,-0.261139,True,0.253413,19,35329278.0
cg03582793,0.053543,-0.079813,False,0.066678,3,141443178.0
cg03593259,0.067128,-0.032164,False,0.049646,11,63554090.0
cg03594790,-0.033551,-0.144775,False,0.089163,5,126370751.0
cg03598412,0.291347,-0.087864,False,0.189605,1,248406129.0
cg03598731,-0.166427,0.053979,False,0.110203,8,129983877.0
cg03601886,-0.114115,0.043519,False,0.078817,1,53183546.0
cg03606269,-0.256508,-0.245026,True,0.250767,5,78483723.0
cg03608224,0.017783,-0.057981,False,0.037882,12,124289449.0
cg03623599,0.136789,-0.252391,False,0.194590,13,38784658.0
cg03623982,-0.007820,0.191348,False,0.099584,6,37502310.0
cg03636930,-0.013660,-0.362802,False,0.188231,8,1144826.0
cg03638489,-0.127317,-0.280885,False,0.204101,16,86559046.0
cg03641722,0.237549,-0.207105,False,0.222327,11,18398051.0
cg03641958,0.147991,-0.112183,False,0.130087,10,21503170.0
cg03647861,0.047350,-0.175901,False,0.111625,2,43469224.0
cg03648734,0.119083,0.095567,False,0.107325,8,103399628.0
cg03649649,-0.287628,-0.050587,False,0.169108,17,58330836.0
cg03649855,0.092860,0.129296,False,0.111078,6,45608651.0
cg03654273,0.048265,0.184337,False,0.116301,1,19477438.0
cg03661110,-0.202564,-0.312548,True,0.257556,17,50504261.0
cg03665360,0.007867,-0.076421,False,0.042144,12,53659075.0
cg03667819,0.158029,-0.108190,False,0.133110,7,28852589.0
cg03668763,0.109547,0.014712,False,0.062130,11,9527739.0
cg03668982,-0.116156,-0.437705,False,0.276930,3,23811524.0
cg03683087,-0.356983,-0.125467,False,0.241225,10,112986312.0
cg03685771,-0.082956,-0.021523,False,0.052240,4,1242890.0
cg03685774,-0.006424,-0.211908,False,0.109166,1,159900536.0
cg03685886,0.160615,-0.006538,False,0.083576,16,86878919.0
cg03687070,0.141688,-0.007563,False,0.074625,2,16069986.0
cg03689403,-0.070626,-0.253335,False,0.161980,12,89355600.0
cg03692651,0.104509,-0.189923,False,0.147216,19,22261791.0
cg03695591,0.023058,0.145150,False,0.084104,2,223055673.0
cg03699843,-0.278189,-0.121953,False,0.200071,16,50667153.0
cg03701930,-0.049151,0.116166,False,0.082658,10,1939242.0
cg03704899,0.166544,0.132241,False,0.149393,6,111910724.0
cg03706175,-0.246182,-0.348283,True,0.297233,2,47370192.0
cg03707169,0.107532,-0.146893,False,0.127213,11,128777156.0
cg03708188,0.224629,0.034188,False,0.129409,5,115178400.0
cg03718183,0.065729,-0.011005,False,0.038367,1,25904591.0
cg03718241,-0.122096,0.183053,False,0.152575,6,3623754.0
cg03719978,-0.029547,-0.456656,False,0.243102,17,7854784.0
cg03724368,-0.321325,-0.178923,False,0.250124,17,57947327.0
cg03724728,0.091671,-0.119039,False,0.105355,17,40074946.0
cg03729152,0.025742,-0.182254,False,0.103998,7,19921404.0
cg03729251,-0.045860,0.113192,False,0.079526,4,150579883.0
cg03730946,0.148654,-0.132054,False,0.140354,19,6475445.0
cg03731303,0.365443,0.139073,False,0.252258,3,181725221.0
cg03743205,0.131379,-0.061458,False,0.096419,16,88534427.0
cg03743262,-0.132453,-0.116132,False,0.124293,7,114088451.0
cg03744197,0.068364,0.034488,False,0.051426,4,1056134.0
cg03745491,-0.032158,-0.067688,False,0.049923,19,6476940.0
cg03747028,-0.135515,0.173805,False,0.154660,1,28643747.0
cg03750478,-0.014366,0.222785,False,0.118575,16,29746054.0
cg03760457,-0.031034,0.059096,False,0.045065,15,70033891.0
cg03762237,0.123923,0.072919,False,0.098421,2,98085053.0
cg03763118,-0.019258,-0.152852,False,0.086055,11,27469411.0
cg03763508,0.070919,0.065985,False,0.068452,7,27101323.0
cg03769927,-0.066238,-0.354970,False,0.210604,1,27154358.0
cg03775802,-0.060991,0.187045,False,0.124018,10,104218944.0
cg03778909,-0.281134,-0.107772,False,0.194453,17,82875517.0
cg03779937,-0.052650,-0.021086,False,0.036868,2,172455165.0
cg03779973,-0.065937,0.090381,False,0.078159,4,150080819.0
cg03780561,-0.070789,0.016174,False,0.043481,16,19885771.0
cg03783410,-0.010950,-0.185943,False,0.098447,3,181726012.0
cg03784048,-0.102937,0.166689,False,0.134813,16,9135889.0
cg03785426,-0.066258,0.090170,False,0.078214,12,123935423.0
cg03796659,0.097991,-0.036068,False,0.067030,2,191244558.0
cg03803789,0.077366,-0.120189,False,0.098777,11,111983279.0
cg03828329,-0.164104,0.057557,False,0.110830,17,72388344.0
cg03841065,-0.078194,0.026282,False,0.052238,20,36646224.0
cg03845941,0.176249,-0.057820,False,0.117035,17,15893782.0
cg03847435,0.285468,0.068299,False,0.176883,5,135085220.0
cg03854722,0.108781,0.022382,False,0.065581,17,7854640.0
cg03856606,0.136264,-0.102866,False,0.119565,5,174571859.0
cg03859306,0.249768,0.168309,False,0.209038,9,128690355.0
cg03861143,0.067594,-0.121679,False,0.094637,11,1834516.0
cg03875496,-0.281747,0.118008,False,0.199877,6,105887799.0
cg03876150,-0.000370,-0.164179,False,0.082275,2,101752906.0
cg03877381,-0.021456,-0.213816,False,0.117636,6,31535154.0
cg03879386,0.068635,-0.074664,False,0.071650,16,49566791.0
cg03879823,0.040704,0.108022,False,0.074363,6,13014989.0
cg03884238,0.172943,-0.109352,False,0.141147,9,110208310.0
cg03889013,0.071488,-0.002123,False,0.036805,10,132329985.0
cg03892838,-0.273859,-0.204075,True,0.238967,2,237691091.0
cg03893663,0.199657,0.117603,False,0.158630,11,110196393.0
cg03899824,0.179948,-0.086325,False,0.133136,6,52143203.0
cg03901576,0.049066,0.004742,False,0.026904,3,187403992.0
cg03909356,0.086214,0.028832,False,0.057523,17,77366144.0
cg03909863,-0.034673,0.032651,False,0.033662,11,638404.0
cg03915932,0.065329,0.155570,False,0.110450,17,48513929.0
cg03920544,0.164587,0.036777,False,0.100682,3,196591832.0
cg03924164,-0.267034,-0.095895,False,0.181465,16,88448655.0
cg03927133,0.415390,-0.152956,False,0.284173,15,41502095.0
cg03929816,0.058740,0.186322,False,0.122531,8,140221476.0
cg03930313,0.122715,0.027568,False,0.075142,17,38465164.0
cg03953626,-0.014979,0.001576,False,0.008278,6,30684619.0
cg03955537,-0.024108,0.057226,False,0.040667,17,82848512.0
cg03955927,0.085972,-0.090428,False,0.088200,2,63045097.0
cg03960326,0.226593,0.073666,False,0.150130,8,42208223.0
cg03964696,-0.043676,-0.126611,False,0.085144,2,74506958.0
cg03966055,0.137880,-0.219950,False,0.178915,22,39991284.0
cg03972071,0.152011,-0.166158,False,0.159084,18,75205208.0
cg03978682,-0.208705,-0.116547,False,0.162626,5,54115943.0
cg03979258,-0.275261,0.048245,False,0.161753,6,157979581.0
cg03989663,0.121922,-0.121792,False,0.121857,2,174071790.0
cg03995457,0.020281,-0.147464,False,0.083873,16,52562764.0
cg03998066,0.115828,-0.069675,False,0.092752,16,31471525.0
cg03998606,-0.200910,0.027169,False,0.114039,3,32814612.0
cg04001668,0.085488,0.002285,False,0.043887,16,57620435.0
cg04004754,-0.149108,-0.098894,False,0.124001,3,18424989.0
cg04004830,-0.182078,0.047911,False,0.114995,2,191846517.0
cg04010915,-0.027834,-0.119681,False,0.073757,12,110109248.0
cg04012857,-0.050162,0.176177,False,0.113169,6,30112628.0
cg04013650,-0.022530,0.090113,False,0.056321,8,54559115.0
cg04016431,0.093610,0.093048,False,0.093329,6,30103622.0
cg04021733,-0.083643,-0.000615,False,0.042129,6,3713105.0
cg04022561,0.236545,0.179097,False,0.207821,5,51377411.0
cg04040884,0.032063,0.169478,False,0.100770,6,2948893.0
cg04049508,-0.056101,-0.067792,False,0.061947,16,55502076.0
cg04055874,0.132511,0.105625,False,0.119068,17,16379120.0
cg04058685,-0.114124,-0.095883,False,0.105004,6,163335966.0
cg04064032,0.159514,0.032608,False,0.096061,10,113087117.0
cg04068784,0.045267,0.209067,False,0.127167,3,47496024.0
cg04068980,-0.001454,-0.049739,False,0.025597,5,51378369.0
cg04074321,-0.115392,0.171603,False,0.143498,10,86536666.0
cg04086097,-0.261853,-0.098341,False,0.180097,7,128940738.0
cg04088524,0.073340,-0.011978,False,0.042659,10,88292761.0
cg04091768,0.060572,0.098069,False,0.079321,5,150521229.0
cg04093349,0.025071,-0.072725,False,0.048898,15,66706609.0
cg04098585,-0.138008,0.141922,False,0.139965,2,203706492.0
cg04102510,-0.114712,0.200923,False,0.157817,1,226663040.0
cg04105014,0.071142,0.176032,False,0.123587,7,106113101.0
cg04105416,0.153552,-0.054113,False,0.103832,7,4871420.0
cg04110750,0.040586,0.154516,False,0.097551,16,69612227.0
cg04110886,-0.123749,-0.017379,False,0.070564,1,10615518.0
cg04117530,-0.053403,-0.024098,False,0.038751,1,226000151.0
cg04117801,-0.100224,-0.049615,False,0.074919,17,48574505.0
cg04122858,0.108427,0.019105,False,0.063766,3,46757520.0
cg04125586,0.078720,0.079880,False,0.079300,1,202013276.0
cg04130557,0.131857,-0.086865,False,0.109361,4,185839224.0
cg04137530,0.045506,0.239429,False,0.142467,1,25168835.0
cg04147906,-0.250504,-0.104055,False,0.177280,17,28046749.0
cg04156650,0.146031,0.139110,False,0.142571,4,169992431.0
cg04157161,0.034177,-0.099263,False,0.066720,17,8003529.0
cg04159215,-0.138364,-0.041139,False,0.089752,10,124493755.0
cg04159903,-0.101761,-0.091604,False,0.096682,5,42949697.0
cg04160501,-0.180280,-0.220244,False,0.200262,7,4684036.0
cg04163967,-0.027584,-0.141249,False,0.084417,21,38498703.0
cg04167096,-0.054738,0.137569,False,0.096153,2,226136886.0
cg04173586,-0.142278,-0.124687,False,0.133482,19,2167497.0
cg04180623,-0.005327,0.092284,False,0.048806,2,173193046.0
cg04193970,-0.015490,0.153467,False,0.084479,14,37622721.0
cg04196143,-0.018110,0.043646,False,0.030878,2,161239521.0
cg04198562,-0.119805,-0.096474,False,0.108139,17,7586912.0
cg04206699,0.065590,-0.008751,False,0.037171,8,69942822.0
cg04209595,-0.047598,-0.170988,False,0.109293,4,52913862.0
cg04212021,0.136318,0.062194,False,0.099256,5,180804084.0
cg04213522,0.082148,-0.146017,False,0.114082,14,64553342.0
cg04214459,-0.060903,0.165391,False,0.113147,1,198668483.0
cg04217778,0.172571,-0.031538,False,0.102054,7,5072285.0
cg04219977,0.183373,0.114619,False,0.148996,6,31538991.0
cg04224025,0.016583,0.176875,False,0.096729,1,10932397.0
cg04231905,-0.122484,0.020290,False,0.071387,15,94297564.0
cg04236915,0.012306,-0.059933,False,0.036119,1,21252338.0
cg04236924,0.057417,-0.038533,False,0.047975,11,34929477.0
cg04238983,-0.367270,-0.213352,True,0.290311,11,65443129.0
cg04254487,-0.030768,-0.198631,False,0.114700,6,133983745.0
cg04258189,-0.012479,0.024491,False,0.018485,11,125201585.0
cg04261529,0.110690,0.100680,False,0.105685,5,83430330.0
cg04272355,0.114524,0.208397,False,0.161460,8,123644193.0
cg04273604,-0.246632,-0.272439,True,0.259536,1,234473257.0
cg04273763,0.171101,0.127162,False,0.149131,17,17958835.0
cg04274356,-0.011255,-0.092928,False,0.052091,10,44753441.0
cg04275506,0.023587,0.108577,False,0.066082,1,12385278.0
cg04275695,0.122138,0.110346,False,0.116242,6,149485137.0
cg04276084,-0.124853,-0.270876,False,0.197864,16,86444584.0
cg04280772,0.210971,0.146422,False,0.178697,2,234464163.0
cg04286737,0.011209,0.225354,False,0.118282,20,4684999.0
cg04290171,-0.069139,-0.101351,False,0.085245,1,207751137.0
cg04293328,0.029233,0.086083,False,0.057658,1,156133290.0
cg04300159,-0.046577,0.030810,False,0.038693,17,16378200.0
cg04301742,0.076731,0.252121,False,0.164426,13,93399217.0
cg04303335,0.232880,0.192164,False,0.212522,14,81534514.0
cg04304687,0.081860,-0.191970,False,0.136915,5,126014984.0
cg04309214,0.055156,-0.231373,False,0.143264,16,2959346.0
cg04314361,0.084062,-0.306629,False,0.195346,2,11710601.0
cg04314711,0.018045,0.339083,False,0.178564,7,4809303.0
cg04314978,-0.072133,0.013852,False,0.042993,11,36488360.0
cg04317344,0.050909,0.039049,False,0.044979,13,112771709.0
cg04317926,-0.053934,-0.268106,False,0.161020,X,47223111.0
cg04322572,0.056534,-0.092486,False,0.074510,10,42952170.0
cg04329382,0.079137,0.149075,False,0.114106,22,46085011.0
cg04330597,0.006069,-0.180751,False,0.093410,2,234999091.0
cg04330884,-0.145491,0.007155,False,0.076323,10,124651009.0
cg04332442,-0.114856,-0.050289,False,0.082573,22,46374166.0
cg04337594,-0.077159,-0.136694,False,0.106927,11,952928.0
cg04337828,-0.072308,0.011022,False,0.041665,16,87957087.0
cg04343928,0.002921,-0.016445,False,0.009683,16,85829970.0
cg04347477,-0.194792,-0.046755,False,0.120774,12,124517461.0
cg04349839,-0.199564,-0.123157,False,0.161360,4,25787768.0
cg04362711,0.064649,0.095347,False,0.079998,16,88497839.0
cg04365699,0.078881,0.269955,False,0.174418,3,177603209.0
cg04366815,0.005962,0.129126,False,0.067544,10,99930911.0
cg04370442,-0.170678,-0.252743,False,0.211711,16,57985962.0
cg04379124,-0.026350,-0.181678,False,0.104014,7,6876263.0
cg04384689,-0.021526,-0.022796,False,0.022161,6,44071952.0
cg04398285,-0.050026,-0.054626,False,0.052326,10,13382851.0
cg04411201,-0.226814,-0.195855,False,0.211334,3,99895461.0
cg04420889,-0.059576,-0.042104,False,0.050840,20,43558463.0
cg04420917,0.016172,0.120822,False,0.068497,19,38813353.0
cg04421891,0.178660,-0.091886,False,0.135273,6,117512801.0
cg04425617,-0.170611,-0.129534,False,0.150073,3,183592197.0
cg04428071,0.033862,-0.030467,False,0.032165,17,82267501.0
cg04428290,0.059293,0.012599,False,0.035946,16,88816955.0
cg04434909,0.163872,-0.085412,False,0.124642,14,99522209.0
cg04435975,0.021577,-0.145457,False,0.083517,17,48605685.0
cg04436994,0.058303,-0.053625,False,0.055964,1,220882323.0
cg04441857,-0.269269,-0.199379,False,0.234324,10,14659816.0
cg04449108,0.192021,0.005409,False,0.098715,2,233692608.0
cg04454285,-0.287961,-0.351179,True,0.319570,16,85982711.0
cg04461859,0.206564,-0.396384,False,0.301474,3,113118384.0
cg04462567,-0.052048,0.420182,False,0.236115,17,6552048.0
cg04462662,0.138483,0.158305,False,0.148394,16,84986167.0
cg04466840,-0.112127,0.200527,False,0.156327,5,177357718.0
cg04466898,-0.191024,-0.117551,False,0.154287,11,65640263.0
cg04484550,0.169092,-0.309365,False,0.239229,1,3063599.0
cg04486886,-0.130608,0.055587,False,0.093098,5,57488368.0
cg04494750,-0.160164,-0.101738,False,0.130951,7,100707070.0
cg04497684,-0.134516,0.097804,False,0.116160,3,9192423.0
cg04497889,0.003154,-0.032558,False,0.017856,4,7044680.0
cg04499514,-0.048860,-0.008822,False,0.028841,12,8066424.0
cg04503340,0.059540,0.040507,False,0.050024,5,78017447.0
cg04507915,0.161801,0.036150,False,0.098976,3,32819915.0
cg04508984,-0.072143,0.182516,False,0.127330,22,43140858.0
cg04509221,0.134363,-0.052374,False,0.093369,1,3238748.0
cg04513411,-0.057386,-0.274808,False,0.166097,14,94580597.0
cg04514047,-0.179984,-0.165453,False,0.172718,5,10562344.0
cg04514998,-0.174336,-0.202958,False,0.188647,11,108809396.0
cg04517263,-0.229527,-0.292737,True,0.261132,9,120926915.0
cg04522310,-0.069224,0.182372,False,0.125798,16,27367661.0
cg04523868,-0.050937,-0.190488,False,0.120712,11,64796511.0
cg04528931,-0.223410,0.015241,False,0.119326,2,239240491.0
cg04529078,0.046776,0.161565,False,0.104171,6,130466325.0
cg04531363,0.238815,0.143600,False,0.191208,17,65638366.0
cg04531756,-0.150919,-0.156032,False,0.153475,6,135195774.0
cg04533276,-0.101917,-0.227480,False,0.164698,22,19722025.0
cg04537185,-0.069297,-0.096346,False,0.082821,21,42389458.0
cg04546097,-0.184604,-0.094072,False,0.139338,3,120682211.0
cg04546205,0.052957,-0.133455,False,0.093206,3,197542067.0
cg04548715,-0.093118,-0.324850,False,0.208984,7,100001152.0
cg04552555,-0.040236,-0.273359,False,0.156797,11,1659593.0
cg04554131,0.275065,0.385221,True,0.330143,1,24965049.0
cg04560029,0.274615,0.084104,False,0.179360,5,73605773.0
cg04566037,0.146800,0.081693,False,0.114246,17,41009423.0
cg04579966,-0.230820,-0.002147,False,0.116484,13,24272083.0
cg04586041,0.042751,0.144449,False,0.093600,12,121440579.0
cg04586579,0.131447,-0.074164,False,0.102805,16,82011352.0
cg04587220,0.186990,-0.045131,False,0.116060,19,1071209.0
cg04592811,-0.314000,-0.198450,False,0.256225,17,16297267.0
cg04593859,0.026736,0.028381,False,0.027558,17,82568403.0
cg04597393,-0.054841,0.027882,False,0.041362,8,141266434.0
cg04604692,0.163554,0.093887,False,0.128720,6,136148704.0
cg04606170,-0.022483,0.237742,False,0.130113,16,3578411.0
cg04608582,0.060032,-0.324996,False,0.192514,1,113255499.0
cg04609499,-0.153706,0.092662,False,0.123184,6,139597891.0
cg04615639,-0.076056,0.106890,False,0.091473,17,80024151.0
cg04615865,0.031638,-0.053772,False,0.042705,12,121240917.0
cg04617606,0.123337,-0.167194,False,0.145265,5,168343227.0
cg04623371,-0.011477,0.000416,False,0.005947,6,168367433.0
cg04625338,0.073281,0.121727,False,0.097504,7,55074278.0
cg04627183,0.062561,0.009130,False,0.035845,6,136044111.0
cg04628369,-0.195334,-0.041546,False,0.118440,20,57672370.0
cg04628438,0.007678,-0.117339,False,0.062508,6,10585656.0
cg04632069,-0.106908,-0.061994,False,0.084451,5,142316208.0
cg04640834,0.087199,-0.167425,False,0.127312,12,48867229.0
cg04643690,0.007928,-0.157577,False,0.082753,15,60615550.0
cg04654299,0.173730,-0.221454,False,0.197592,17,2405395.0
cg04655481,-0.122707,-0.041540,False,0.082123,9,123034530.0
cg04656451,-0.154507,-0.065283,False,0.109895,20,5645612.0
cg04677833,0.224306,0.113360,False,0.168833,6,30040317.0
cg04678315,-0.221804,-0.101978,False,0.161891,12,124727464.0
cg04678916,-0.147687,-0.200197,False,0.173942,2,54673773.0
cg04682193,-0.383757,-0.299137,True,0.341447,12,121429922.0
cg04683210,0.014981,-0.266591,False,0.140786,11,64085386.0
cg04685228,-0.217306,0.204760,False,0.211033,5,173035623.0
cg04690998,-0.292989,0.046929,False,0.169959,7,2300142.0
cg04706627,-0.091779,0.106610,False,0.099194,19,55325384.0
cg04713634,-0.062105,0.052047,False,0.057076,16,75249750.0
cg04724556,0.014329,-0.093446,False,0.053888,15,44215799.0
cg04726013,-0.237957,-0.162649,False,0.200303,10,124534667.0
cg04726091,-0.010776,0.106593,False,0.058685,4,139294976.0
cg04738673,-0.081739,-0.103881,False,0.092810,3,177765180.0
cg04741284,-0.231953,-0.014396,False,0.123174,20,57749170.0
cg04747007,-0.062069,-0.179548,False,0.120808,19,7520959.0
cg04749840,0.147987,-0.061749,False,0.104868,6,107773863.0
cg04753163,-0.143871,0.193797,False,0.168834,6,42281750.0
cg04754652,0.046007,-0.033361,False,0.039684,3,151203264.0
cg04757806,-0.310842,-0.199117,False,0.254979,11,94545429.0
cg04767756,0.165811,-0.069942,False,0.117877,16,10558849.0
cg04770088,-0.056658,-0.027501,False,0.042080,17,65228902.0
cg04771838,-0.009375,-0.066330,False,0.037852,13,110341127.0
cg04774043,-0.138200,-0.011287,False,0.074743,10,102738673.0
cg04778178,0.087894,0.004827,False,0.046361,7,27122675.0
cg04779752,0.124062,0.028562,False,0.076312,7,73831127.0
cg04780984,0.107905,-0.022037,False,0.064971,17,58377167.0
cg04781580,-0.139007,0.247823,False,0.193415,14,21924397.0
cg04784315,-0.214877,-0.069274,False,0.142076,9,123035005.0
cg04785083,-0.060130,-0.039030,False,0.049580,1,8971203.0
cg04785931,0.147344,0.027171,False,0.087258,2,68971661.0
cg04795700,0.228953,-0.093855,False,0.161404,13,112997796.0
cg04798016,0.031787,-0.054805,False,0.043296,11,65607596.0
cg04800503,-0.056422,-0.148937,False,0.102680,17,48571171.0
cg04801779,0.033496,-0.003610,False,0.018553,11,77287812.0
cg04809093,0.171229,-0.166636,False,0.168932,3,115143328.0
cg04821009,0.118399,-0.191482,False,0.154940,5,95646459.0
cg04822621,0.151577,0.276954,False,0.214265,5,170297652.0
cg04831795,-0.076533,-0.240283,False,0.158408,7,80842001.0
cg04833731,0.056531,0.077168,False,0.066850,16,30113482.0
cg04833853,0.171305,-0.068083,False,0.119694,11,43582999.0
cg04835995,0.017472,0.047192,False,0.032332,8,101137610.0
cg04844534,0.109396,0.024185,False,0.066791,11,13052357.0
cg04848682,0.112166,-0.211452,False,0.161809,14,77025717.0
cg04850059,0.198742,-0.181064,False,0.189903,1,225695459.0
cg04853995,0.140125,-0.034121,False,0.087123,12,112112656.0
cg04859102,-0.039270,0.113156,False,0.076213,6,31560116.0
cg04865531,0.160618,0.189192,False,0.174905,22,50720719.0
cg04872689,-0.272739,-0.077989,False,0.175364,2,68365243.0
cg04873833,-0.016974,-0.450861,False,0.233917,12,128933273.0
cg04874580,0.221107,0.130481,False,0.175794,8,30531693.0
cg04874795,-0.101576,0.110849,False,0.106212,16,86444032.0
cg04880751,-0.117555,-0.141395,False,0.129475,1,241531864.0
cg04883472,-0.208217,-0.060250,False,0.134233,11,87369580.0
cg04886934,0.011492,0.054976,False,0.033234,15,88843578.0
cg04889043,-0.116674,-0.213673,False,0.165173,10,92123088.0
cg04904609,0.241178,-0.123537,False,0.182357,10,129892953.0
cg04907257,0.144382,0.134838,False,0.139610,5,7395205.0
cg04910662,-0.151982,-0.028304,False,0.090143,16,73049115.0
cg04910877,0.057598,0.149240,False,0.103419,16,88921827.0
cg04911139,-0.006416,0.237144,False,0.121780,17,27544764.0
cg04915044,-0.194061,-0.277591,False,0.235826,2,86036772.0
cg04915566,-0.082235,0.164488,False,0.123362,21,35049175.0
cg04917160,0.079230,0.262380,False,0.170805,16,54374031.0
cg04917446,-0.036842,-0.201020,False,0.118931,17,48621711.0
cg04924511,-0.306803,-0.157365,False,0.232084,3,10293047.0
cg04929759,-0.152184,-0.030034,False,0.091109,12,132439628.0
cg04949981,0.028107,-0.174380,False,0.101244,3,46754536.0
cg04950914,0.151300,0.049555,False,0.100428,6,119528001.0
cg04956801,0.122847,-0.238674,False,0.180761,10,21509412.0
cg04958236,-0.392626,-0.111447,False,0.252036,6,73567250.0
cg04960065,-0.192593,0.020382,False,0.106487,4,184268147.0
cg04962027,0.037487,0.033044,False,0.035265,7,139571606.0
cg04965200,0.194012,0.002486,False,0.098249,12,93090463.0
cg04987122,0.000171,0.094902,False,0.047537,16,2163439.0
cg04989070,-0.015357,0.060732,False,0.038044,1,151990340.0
cg04989278,-0.226380,-0.299262,True,0.262821,1,66373451.0
cg04994456,-0.059235,0.010281,False,0.034758,1,19815169.0
cg04999352,-0.092683,0.005253,False,0.048968,11,63537142.0
cg05002602,-0.030917,-0.248953,False,0.139935,14,67673769.0
cg05012239,-0.019163,-0.041341,False,0.030252,3,195720820.0
cg05019826,-0.056640,0.077658,False,0.067149,15,74598866.0
cg05023415,0.122244,0.108440,False,0.115342,5,15939425.0
cg05029312,-0.014443,-0.226019,False,0.120231,4,22475353.0
cg05036937,-0.040528,-0.095713,False,0.068121,5,52987930.0
cg05048624,0.103340,0.190792,False,0.147066,1,20115086.0
cg05051393,0.071688,0.310608,False,0.191148,6,118907681.0
cg05055703,0.210663,0.253469,True,0.232066,2,202221083.0
cg05060949,-0.090531,0.066506,False,0.078519,7,157005887.0
cg05060976,0.216694,0.080502,False,0.148598,18,24161528.0
cg05064852,0.155312,-0.094816,False,0.125064,1,205933545.0
cg05069337,0.110884,-0.133111,False,0.121998,3,59267836.0
cg05084827,-0.033449,-0.252439,False,0.142944,2,55175863.0
cg05098566,0.038826,0.134714,False,0.086770,6,30684505.0
cg05098589,0.181816,-0.086649,False,0.134233,10,30069108.0
cg05099464,-0.283198,0.046869,False,0.165034,11,120432213.0
cg05102670,0.034151,0.254309,False,0.144230,11,2376093.0
cg05109049,-0.090222,0.230719,False,0.160471,17,31314315.0
cg05109569,0.158821,0.170570,False,0.164696,7,27106811.0
cg05110391,0.045599,0.017903,False,0.031751,17,78592552.0
cg05115424,-0.135688,-0.064787,False,0.100237,17,66791261.0
cg05116002,0.016316,-0.178388,False,0.097352,3,58165528.0
cg05130816,-0.196952,0.029216,False,0.113084,10,129035633.0
cg05138702,0.159686,-0.129626,False,0.144656,10,125138431.0
cg05142677,-0.012214,-0.190243,False,0.101228,16,88535038.0
cg05148373,-0.046389,0.121839,False,0.084114,2,182522789.0
cg05149537,0.312306,0.004454,False,0.158380,22,45313818.0
cg05150641,0.178323,-0.008828,False,0.093576,3,63819358.0
cg05152432,-0.001403,-0.208412,False,0.104908,1,1758448.0
cg05157340,0.059183,0.311666,False,0.185424,17,69581595.0
cg05162858,-0.303474,-0.396944,True,0.350209,10,78937703.0
cg05174942,0.107152,-0.038805,False,0.072978,5,140718807.0
cg05185926,-0.172239,-0.172256,False,0.172247,5,143222545.0
cg05186455,0.028066,0.111705,False,0.069886,14,94561355.0
cg05198900,-0.047941,-0.141956,False,0.094949,11,625023.0
cg05199874,-0.134552,0.069647,False,0.102099,11,9601631.0
cg05208050,-0.135726,0.138900,False,0.137313,2,74463399.0
cg05214235,-0.036319,-0.015502,False,0.025910,11,12716138.0
cg05223146,-0.103489,-0.009054,False,0.056271,14,77180720.0
cg05229311,0.172382,0.170368,False,0.171375,9,128689593.0
cg05231542,0.135111,-0.216338,False,0.175725,2,219038179.0
cg05234326,-0.188885,-0.065906,False,0.127395,22,49761422.0
cg05241536,0.162949,0.096740,False,0.129844,10,119538724.0
cg05241828,-0.056035,-0.045332,False,0.050683,8,144503124.0
cg05244153,0.055049,-0.241655,False,0.148352,13,27079201.0
cg05244762,-0.008456,0.059085,False,0.033770,16,74199301.0
cg05248655,-0.103895,-0.070865,False,0.087380,10,1412070.0
cg05249010,0.191142,-0.060281,False,0.125711,15,64621275.0
cg05249479,-0.425705,-0.405346,True,0.415525,14,100076247.0
cg05250241,0.117074,-0.238276,False,0.177675,17,45243961.0
cg05257202,0.267614,0.483997,True,0.375805,13,99282619.0
cg05257260,0.031998,-0.225526,False,0.128762,4,113640463.0
cg05258935,0.078189,0.115996,False,0.097093,19,38596283.0
cg05261686,-0.246798,0.021529,False,0.134164,16,50709385.0
cg05272790,-0.166135,-0.076554,False,0.121345,11,117929561.0
cg05276338,-0.065036,0.094264,False,0.079650,19,50382216.0
cg05287480,0.067239,-0.102915,False,0.085077,7,27136508.0
cg05291674,0.079394,-0.153059,False,0.116226,15,68187872.0
cg05294307,0.117015,0.052739,False,0.084877,14,34876987.0
cg05302100,0.182169,0.027756,False,0.104962,17,50198986.0
cg05304979,-0.241772,-0.030300,False,0.136036,16,87702456.0
cg05307864,0.194389,0.053525,False,0.123957,6,160138455.0
cg05314394,0.091411,-0.264499,False,0.177955,15,96413840.0
cg05320607,0.041247,0.197231,False,0.119239,10,92849279.0
cg05323324,-0.287128,-0.182410,False,0.234769,3,194399294.0
cg05323436,0.018684,0.074112,False,0.046398,3,49133752.0
cg05327192,0.080887,-0.004043,False,0.042465,11,75422549.0
cg05327967,0.065618,0.016920,False,0.041269,20,36428558.0
cg05343739,-0.070951,0.014248,False,0.042600,1,154759462.0
cg05355764,0.215567,0.020374,False,0.117970,19,17577295.0
cg05358544,-0.180210,-0.124892,False,0.152551,6,90495417.0
cg05360774,-0.050634,0.011177,False,0.030906,2,150982034.0
cg05361594,0.049804,0.142333,False,0.096068,13,67646673.0
cg05364691,-0.119196,0.059594,False,0.089395,7,108063844.0
cg05367052,0.076557,-0.248608,False,0.162582,17,78522264.0
cg05368966,-0.267742,-0.085167,False,0.176454,12,14239597.0
cg05369623,-0.177047,-0.027888,False,0.102467,6,148367929.0
cg05380921,0.150189,0.013871,False,0.082030,16,46887751.0
cg05387269,-0.110363,0.004710,False,0.057536,1,1371566.0
cg05391892,-0.094681,-0.152724,False,0.123703,2,207930896.0
cg05393025,0.004429,-0.202688,False,0.103559,1,19815288.0
cg05396243,0.040984,-0.163173,False,0.102078,17,10804230.0
cg05400732,0.212184,-0.061480,False,0.136832,3,56998113.0
cg05403316,-0.299505,-0.127907,False,0.213706,2,55112803.0
cg05403469,-0.152153,0.292410,False,0.222282,11,2301551.0
cg05412788,0.127508,-0.060209,False,0.093858,12,120397918.0
cg05415980,-0.046427,0.047532,False,0.046980,2,207824173.0
cg05423393,0.005535,0.040187,False,0.022861,6,111567364.0
cg05427381,-0.027257,0.210666,False,0.118962,11,62542235.0
cg05427639,0.005867,0.174047,False,0.089957,7,33040884.0
cg05428864,0.131931,-0.242288,False,0.187109,3,112634595.0
cg05437648,-0.062967,0.302939,False,0.182953,3,43737178.0
cg05441854,-0.158098,-0.205123,False,0.181610,16,85616768.0
cg05461169,-0.082018,-0.283236,False,0.182627,3,76595897.0
cg05465955,-0.096137,-0.233022,False,0.164579,17,42563218.0
cg05468843,-0.453451,-0.326727,True,0.390089,11,117987275.0
cg05473987,-0.106370,0.027192,False,0.066781,5,10734493.0
cg05475524,0.059986,-0.011554,False,0.035770,11,66559327.0
cg05477953,0.087949,-0.163353,False,0.125651,6,132398582.0
cg05478809,0.126363,0.100568,False,0.113465,11,66315418.0
cg05487105,-0.017038,-0.026533,False,0.021785,3,138010454.0
cg05488459,0.085685,0.209221,False,0.147453,11,126327406.0
cg05491858,0.106370,0.232270,False,0.169320,3,187174112.0
cg05492071,-0.242634,-0.329597,True,0.286116,2,201785341.0
cg05494668,0.054730,-0.335703,False,0.195217,11,100562286.0
cg05498681,0.007648,-0.195386,False,0.101517,20,37344915.0
cg05501996,0.289555,-0.012514,False,0.151035,5,51377896.0
cg05505961,-0.145990,-0.128050,False,0.137020,17,68378930.0
cg05507654,-0.082930,-0.152953,False,0.117941,16,88443449.0
cg05512869,-0.109584,0.172103,False,0.140843,6,112204502.0
cg05517541,-0.120919,0.122290,False,0.121604,6,111794006.0
cg05520988,0.084166,0.018054,False,0.051110,6,31538791.0
cg05522011,-0.116184,0.138756,False,0.127470,4,80201572.0
cg05529156,0.089437,-0.080632,False,0.085034,10,88347782.0
cg05529278,0.012252,0.163363,False,0.087807,21,26963862.0
cg05529400,0.136188,0.063706,False,0.099947,11,29781108.0
cg05539509,0.204611,0.014156,False,0.109384,22,30267045.0
cg05547778,-0.186600,0.040481,False,0.113540,15,40308078.0
cg05556923,0.199768,-0.160013,False,0.179891,7,504940.0
cg05557291,-0.008336,0.096844,False,0.052590,12,121520960.0
cg05557991,-0.323684,-0.229578,True,0.276631,16,88937233.0
cg05571619,-0.053184,-0.052067,False,0.052625,6,1180142.0
cg05575213,0.014853,0.155209,False,0.085031,6,1621572.0
cg05581469,-0.181398,-0.160464,False,0.170931,12,49019652.0
cg05581878,-0.247658,-0.121392,False,0.184525,3,160169194.0
cg05582690,0.099330,-0.005844,False,0.052587,2,127401330.0
cg05582979,-0.274886,-0.064284,False,0.169585,4,10684986.0
cg05595429,-0.014201,-0.293595,False,0.153898,1,222586295.0
cg05596756,-0.268221,-0.042667,False,0.155444,12,47216437.0
cg05603896,0.030482,0.216948,False,0.123715,6,107824370.0
cg05607053,0.022845,-0.035833,False,0.029339,11,16403162.0
cg05608541,-0.043361,0.013466,False,0.028413,11,2300540.0
cg05609445,0.079122,0.239468,False,0.159295,11,19182278.0
cg05609780,0.085375,-0.186254,False,0.135815,3,23959680.0
cg05610097,-0.006284,-0.141689,False,0.073986,7,44321196.0
cg05613273,0.209641,0.304413,True,0.257027,17,82461998.0
cg05614346,-0.058781,-0.062239,False,0.060510,5,177431607.0
cg05614408,-0.061084,-0.068792,False,0.064938,5,95565575.0
cg05614735,0.065363,0.059458,False,0.062410,17,42784060.0
cg05616969,-0.271625,-0.246561,True,0.259093,2,118225085.0
cg05618683,0.010763,-0.256515,False,0.133639,10,93280687.0
cg05621339,-0.194639,-0.264216,False,0.229428,2,85256239.0
cg05624226,-0.004794,-0.111834,False,0.058314,5,180898954.0
cg05625559,-0.027422,0.204417,False,0.115919,5,6775809.0
cg05633523,0.105038,-0.056035,False,0.080537,15,101616632.0
cg05649108,0.010158,-0.098678,False,0.054418,18,37274759.0
cg05650238,-0.287743,-0.220379,True,0.254061,5,55920127.0
cg05662664,-0.184251,0.071005,False,0.127628,2,240170864.0
cg05663278,-0.008424,0.116093,False,0.062259,16,8885268.0
cg05667818,-0.210772,-0.277875,True,0.244323,7,117146816.0
cg05681757,-0.278969,-0.347376,True,0.313172,12,32502100.0
cg05693489,-0.035511,0.193060,False,0.114285,6,32845664.0
cg05694921,0.143104,-0.011614,False,0.077359,1,29260605.0
cg05696950,-0.073842,0.125207,False,0.099525,2,8575624.0
cg05697726,0.049841,0.069274,False,0.059557,6,32845156.0
cg05697866,-0.172667,-0.066845,False,0.119756,1,2505761.0
cg05706173,0.214769,-0.064179,False,0.139474,1,2172871.0
cg05707211,0.053330,0.007744,False,0.030537,8,37472486.0
cg05713971,-0.069058,0.059726,False,0.064392,16,56931630.0
cg05714729,-0.188831,-0.292984,False,0.240907,18,35654132.0
cg05725263,-0.057908,0.008127,False,0.033017,11,66883089.0
cg05726756,0.046360,-0.009948,False,0.028154,17,48530926.0
cg05736186,0.037936,0.074860,False,0.056398,11,7612257.0
cg05737522,0.060225,0.075590,False,0.067908,8,96867707.0
cg05749271,-0.070514,-0.182294,False,0.126404,11,306625.0
cg05749728,0.116314,0.066343,False,0.091329,10,125138333.0
cg05752207,0.118705,0.335158,False,0.226931,1,193156911.0
cg05756094,0.124621,-0.054639,False,0.089630,12,71214824.0
cg05765734,0.055541,0.088269,False,0.071905,8,48318630.0
cg05766896,-0.102412,-0.003678,False,0.053045,1,157820143.0
cg05768759,0.208265,0.006153,False,0.107209,6,136062046.0
cg05769344,0.205532,0.229946,True,0.217739,16,28985037.0
cg05796838,-0.046258,-0.169856,False,0.108057,19,17842348.0
cg05797770,-0.270617,-0.182599,False,0.226608,1,16144172.0
cg05797854,-0.057380,0.192160,False,0.124770,6,155418701.0
cg05798059,0.068658,-0.104766,False,0.086712,11,30423437.0
cg05798125,0.220579,0.081781,False,0.151180,16,28985041.0
cg05799169,-0.024374,0.078140,False,0.051257,22,50282691.0
cg05813673,-0.347520,-0.048770,False,0.198145,4,52996354.0
cg05818824,-0.150615,0.026138,False,0.088376,17,63974349.0
cg05820087,0.077939,-0.005450,False,0.041694,3,193554772.0
cg05824594,-0.300936,-0.236401,True,0.268669,12,2625337.0
cg05826175,0.117945,0.082879,False,0.100412,4,55435464.0
cg05828624,-0.091776,-0.009504,False,0.050640,2,79120573.0
cg05830425,-0.263300,-0.278689,True,0.270995,13,21080217.0
cg05833610,-0.105133,0.000514,False,0.052824,2,235595991.0
cg05838308,-0.206207,-0.152415,False,0.179311,5,136031979.0
cg05844798,-0.080429,-0.109043,False,0.094736,20,3081698.0
cg05851442,0.048211,0.109280,False,0.078746,7,27113593.0
cg05857728,0.076940,-0.374126,False,0.225533,14,99115402.0
cg05867388,0.080343,-0.270957,False,0.175650,7,45913469.0
cg05867499,-0.022889,0.229386,False,0.126138,7,4809183.0
cg05870398,0.138683,-0.037046,False,0.087864,4,4668976.0
cg05877528,-0.018909,-0.042143,False,0.030526,22,26479586.0
cg05878390,0.098030,-0.157036,False,0.127533,4,150581783.0
cg05879499,0.163548,-0.071412,False,0.117480,5,6668272.0
cg05881698,0.164239,0.007455,False,0.085847,19,5818752.0
cg05885095,0.265869,0.019547,False,0.142708,3,50330541.0
cg05888551,0.062322,0.151887,False,0.107105,20,58175732.0
cg05890550,-0.217135,0.063237,False,0.140186,17,2796412.0
cg05921889,0.037856,-0.038601,False,0.038228,7,34036491.0
cg05923587,0.361998,0.082657,False,0.222327,16,75251605.0
cg05928342,0.120406,0.124509,False,0.122458,19,9362922.0
cg05928904,0.137821,-0.180871,False,0.159346,17,17021283.0
cg05931423,-0.073489,-0.212567,False,0.143028,5,116361517.0
cg05940672,-0.116491,0.030034,False,0.073262,2,10298360.0
cg05941641,0.017560,0.050701,False,0.034130,13,113475265.0
cg05956608,0.147566,0.170709,False,0.159138,1,207825913.0
cg05958910,0.017528,-0.249051,False,0.133290,10,21507512.0
cg05965745,-0.121166,0.056819,False,0.088993,1,3161234.0
cg05968904,-0.036254,-0.303720,False,0.169987,7,194719.0
cg05974269,-0.004466,-0.014529,False,0.009497,20,58910764.0
cg05978306,-0.262503,-0.107156,False,0.184829,17,1470480.0
cg05979232,-0.092066,0.010860,False,0.051463,10,71736257.0
cg05979619,0.129653,-0.077074,False,0.103363,2,111947000.0
cg05980719,-0.052204,-0.183295,False,0.117749,16,75754505.0
cg05989861,0.037641,-0.268859,False,0.153250,2,95274283.0
cg05996341,0.133890,-0.257543,False,0.195716,6,1766372.0
cg05997414,0.059312,-0.118904,False,0.089108,2,239230780.0
cg06002288,0.121506,-0.004331,False,0.062918,18,46920298.0
cg06024930,0.096443,-0.197288,False,0.146866,12,121452525.0
cg06025456,-0.036357,-0.183790,False,0.110074,6,32153086.0
cg06026425,-0.158645,0.039671,False,0.099158,5,157857642.0
cg06030219,0.215199,-0.038021,False,0.126610,21,42219012.0
cg06034127,-0.021067,0.198566,False,0.109817,13,24270714.0
cg06034527,0.000331,0.031133,False,0.015732,15,96369726.0
cg06038358,-0.062469,-0.013537,False,0.038003,2,127418431.0
cg06041466,0.157061,-0.158508,False,0.157785,1,171137258.0
cg06048910,-0.047640,-0.199952,False,0.123796,11,2904243.0
cg06054715,0.173506,-0.257144,False,0.215325,9,137398393.0
cg06055044,-0.078998,0.033483,False,0.056240,5,15937060.0
cg06055229,-0.003512,-0.128503,False,0.066007,5,124742273.0
cg06065245,-0.184347,-0.131427,False,0.157887,8,27921634.0
cg06068897,0.117655,0.062364,False,0.090010,21,5104159.0
cg06080571,-0.144508,-0.002041,False,0.073274,11,2328577.0
cg06080729,0.215407,0.123882,False,0.169645,16,3017625.0
cg06080793,0.080062,0.095182,False,0.087622,6,1625222.0
cg06103624,0.048741,-0.218820,False,0.133780,15,66706588.0
cg06108383,-0.034139,-0.273967,False,0.154053,6,32153122.0
cg06117093,-0.131581,-0.213740,False,0.172660,2,239369962.0
cg06118338,0.028664,-0.100584,False,0.064624,11,18523271.0
cg06122825,0.027057,-0.084451,False,0.055754,1,203519636.0
cg06124660,-0.020273,0.138934,False,0.079603,1,173419927.0
cg06126829,0.170809,-0.068524,False,0.119666,20,44355680.0
cg06127256,-0.253240,-0.203793,True,0.228517,16,73172689.0
cg06130354,-0.114814,0.169049,False,0.141932,17,4944306.0
cg06130714,-0.015356,0.236989,False,0.126172,17,10120980.0
cg06143658,-0.141624,0.120836,False,0.131230,2,233013305.0
cg06152215,0.145742,0.208233,False,0.176987,12,123937712.0
cg06154597,0.100044,-0.184053,False,0.142048,4,931024.0
cg06155710,0.252097,0.056823,False,0.154460,1,223109863.0
cg06158111,-0.063999,0.046690,False,0.055344,16,841302.0
cg06159484,0.131775,0.013641,False,0.072708,1,8027530.0
cg06173663,-0.075680,-0.239724,False,0.157702,7,101936649.0
cg06174454,-0.112026,0.050042,False,0.081034,3,50334387.0
cg06179039,0.123560,0.206487,False,0.165023,16,67229621.0
cg06183267,0.042502,0.216810,False,0.129656,2,100142672.0
cg06183469,-0.029766,-0.152514,False,0.091140,6,30983307.0
cg06186155,-0.067407,-0.057202,False,0.062305,17,48571220.0
cg06189869,0.071298,0.030465,False,0.050881,17,44003279.0
cg06195379,-0.297094,0.047097,False,0.172095,16,3074590.0
cg06196689,-0.013854,-0.440957,False,0.227406,3,124934788.0
cg06196926,0.178388,0.092359,False,0.135374,12,107757838.0
cg06201247,0.063220,0.126271,False,0.094746,13,76996010.0
cg06206957,0.079529,0.097316,False,0.088423,7,33041003.0
cg06233186,0.024937,0.049753,False,0.037345,12,89076436.0
cg06238004,-0.096906,-0.083541,False,0.090224,17,43952359.0
cg06238491,0.050872,0.088966,False,0.069919,19,54364839.0
cg06248428,0.154585,0.219945,False,0.187265,10,32189922.0
cg06249604,0.041029,0.062068,False,0.051549,6,30071429.0
cg06250904,0.006538,0.085611,False,0.046075,12,106957403.0
cg06253229,-0.017490,0.060350,False,0.038920,X,103775665.0
cg06267617,0.004184,-0.029869,False,0.017026,1,172322587.0
cg06272010,-0.107636,-0.145152,False,0.126394,2,233060091.0
cg06277849,-0.179034,0.039757,False,0.109396,4,185395520.0
cg06286026,-0.000967,-0.047546,False,0.024256,4,3011540.0
cg06286604,0.041116,-0.317072,False,0.179094,12,132142911.0
cg06295071,0.211576,-0.103206,False,0.157391,21,32394422.0
cg06298701,-0.060012,-0.064585,False,0.062299,10,46029148.0
cg06303168,0.016603,-0.066714,False,0.041659,12,55929175.0
cg06306927,-0.019924,-0.002958,False,0.011441,17,42194261.0
cg06316121,0.128124,-0.140306,False,0.134215,1,110477163.0
cg06325540,-0.073039,-0.074052,False,0.073546,16,1133618.0
cg06332950,-0.062951,-0.121044,False,0.091997,16,6826121.0
cg06333307,-0.092652,-0.064072,False,0.078362,13,43360010.0
cg06334737,-0.097345,-0.376881,False,0.237113,11,62208723.0
cg06338710,-0.017585,0.028271,False,0.022928,1,92480630.0
cg06339706,-0.035714,0.048356,False,0.042035,19,48868028.0
cg06342072,-0.022870,-0.143344,False,0.083107,13,50411503.0
cg06342416,-0.221080,-0.207812,True,0.214446,21,44353686.0
cg06345856,-0.028302,-0.154980,False,0.091641,6,112244682.0
cg06350853,0.146361,-0.015951,False,0.081156,1,168920902.0
cg06354692,0.275663,0.026989,False,0.151326,11,597466.0
cg06354695,0.030982,-0.387729,False,0.209356,1,212470179.0
cg06357549,-0.146899,-0.127451,False,0.137175,1,31679947.0
cg06363692,0.144475,0.265568,False,0.205021,11,71945379.0
cg06363968,0.119051,0.054679,False,0.086865,16,84595402.0
cg06372467,-0.091084,0.222778,False,0.156931,12,52748758.0
cg06377256,-0.327121,0.173080,False,0.250101,16,2719483.0
cg06377278,-0.122134,0.079325,False,0.100729,1,24929878.0
cg06378990,0.108527,-0.149114,False,0.128820,2,120912744.0
cg06379532,-0.009341,0.154154,False,0.081747,3,32856870.0
cg06380123,-0.031522,0.091650,False,0.061586,12,51324194.0
cg06383124,0.027229,-0.154107,False,0.090668,16,85137689.0
cg06385583,-0.222501,0.034569,False,0.128535,2,12456717.0
cg06390041,-0.023704,-0.067551,False,0.045628,7,140411976.0
cg06392589,0.152474,0.046003,False,0.099239,3,136958004.0
cg06393830,-0.022343,0.001697,False,0.012020,6,31560112.0
cg06395232,0.015063,0.357748,False,0.186405,12,14952720.0
cg06400229,0.117891,-0.001254,False,0.059573,10,123568062.0
cg06420512,-0.008276,-0.011184,False,0.009730,19,43795788.0
cg06422039,-0.082561,0.356715,False,0.219638,16,1078698.0
cg06422261,-0.129105,-0.142304,False,0.135704,16,88646044.0
cg06422471,0.103878,-0.050844,False,0.077361,22,50731072.0
cg06422529,-0.212971,-0.152727,False,0.182849,8,96649037.0
cg06431347,-0.051002,-0.232501,False,0.141751,2,235027110.0
cg06436185,-0.353139,-0.290114,True,0.321626,7,151745265.0
cg06436854,-0.165885,-0.041053,False,0.103469,16,88977119.0
cg06440087,0.125570,-0.249658,False,0.187614,10,7703228.0
cg06440665,-0.163631,-0.207771,False,0.185701,1,31667699.0
cg06445944,0.099430,-0.162141,False,0.130785,5,68291100.0
cg06456031,0.189840,0.147830,False,0.168835,7,135148098.0
cg06468166,0.137882,0.133861,False,0.135871,5,15936659.0
cg06471596,0.000536,-0.017313,False,0.008925,7,101936656.0
cg06478504,-0.144327,0.105467,False,0.124897,2,239252917.0
cg06481431,0.058270,-0.191346,False,0.124808,19,6745310.0
cg06482904,-0.045514,-0.274976,False,0.160245,11,61769528.0
cg06488150,-0.056068,0.050524,False,0.053296,7,6436372.0
cg06492112,0.017169,-0.154900,False,0.086035,X,149505719.0
cg06493963,0.027740,-0.105919,False,0.066829,7,115968449.0
cg06498520,-0.076929,0.037065,False,0.056997,4,186068852.0
cg06505273,-0.009028,0.112035,False,0.060532,16,24838971.0
cg06506078,-0.037181,-0.204236,False,0.120709,10,92848501.0
cg06508454,0.103577,-0.093504,False,0.098540,11,1036471.0
cg06510261,-0.095019,0.160228,False,0.127623,3,112133380.0
cg06512128,-0.046589,0.062859,False,0.054724,1,112703073.0
cg06516150,0.215700,0.175324,False,0.195512,12,109154723.0
cg06518271,-0.017671,0.040617,False,0.029144,4,99219168.0
cg06518838,-0.122181,0.193502,False,0.157841,6,170088040.0
cg06523556,-0.169110,-0.060763,False,0.114936,8,42768643.0
cg06526741,0.149550,0.252493,False,0.201022,6,31582152.0
cg06539924,0.097690,-0.142150,False,0.119920,12,6057981.0
cg06550986,-0.002228,0.061162,False,0.031695,5,98753242.0
cg06556244,0.100915,0.033860,False,0.067388,7,143392366.0
cg06560026,-0.095143,0.280266,False,0.187704,16,6574241.0
cg06560282,0.081603,0.176587,False,0.129095,11,103960119.0
cg06563441,0.122177,0.109261,False,0.115719,6,135895972.0
cg06571753,-0.034708,-0.002330,False,0.018519,5,151661870.0
cg06577710,0.161404,0.348058,False,0.254731,3,121660898.0
cg06590662,-0.062508,-0.159902,False,0.111205,16,68902547.0
cg06591011,-0.173672,0.102881,False,0.138276,4,110164981.0
cg06604289,-0.042622,-0.034443,False,0.038533,1,13731111.0
cg06605704,-0.093472,0.013986,False,0.053729,16,4501146.0
cg06607764,-0.043189,-0.184822,False,0.114006,17,78723553.0
cg06607825,0.114746,-0.057990,False,0.086368,11,19804254.0
cg06617636,0.228224,0.086694,False,0.157459,14,68789973.0
cg06618298,0.051299,-0.327506,False,0.189403,5,16912967.0
cg06620723,-0.243295,-0.201947,True,0.222621,1,12344888.0
cg06623219,-0.026583,-0.178813,False,0.102698,19,13096688.0
cg06631999,0.193631,0.239330,False,0.216481,1,25890777.0
cg06633978,-0.041156,0.201375,False,0.121265,16,75319908.0
cg06637517,0.032473,0.137966,False,0.085220,3,52373328.0
cg06642677,0.012337,-0.129101,False,0.070719,1,203860647.0
cg06643882,0.194184,0.008263,False,0.101224,18,3773774.0
cg06645674,0.048961,-0.128856,False,0.088909,11,124880459.0
cg06646494,-0.119078,-0.035872,False,0.077475,12,121444612.0
cg06655414,0.099712,0.021483,False,0.060597,19,17831463.0
cg06657462,-0.107135,-0.207439,False,0.157287,10,92848283.0
cg06658391,0.357227,-0.038608,False,0.197917,2,113117656.0
cg06658404,-0.114472,0.157419,False,0.135945,16,54374102.0
cg06658821,-0.013587,-0.054287,False,0.033937,9,36135381.0
cg06659338,-0.314100,-0.228100,True,0.271100,1,54096367.0
cg06663149,0.065239,0.036046,False,0.050642,4,41455541.0
cg06679494,-0.168752,-0.008497,False,0.088625,17,7017976.0
cg06683316,0.020191,-0.103023,False,0.061607,16,49849888.0
cg06685080,0.174357,0.074609,False,0.124483,3,134472139.0
cg06688182,0.144230,0.016429,False,0.080330,11,126328035.0
cg06708390,-0.080869,0.103718,False,0.092293,8,140200699.0
cg06712651,-0.007487,0.075365,False,0.041426,12,65958089.0
cg06719487,-0.167680,0.163399,False,0.165539,1,10429905.0
cg06721393,0.049450,0.083205,False,0.066328,14,22226706.0
cg06724078,-0.073231,-0.037081,False,0.055156,1,47963879.0
cg06727242,-0.218659,-0.212364,True,0.215511,14,68143772.0
cg06727955,0.022993,0.087214,False,0.055103,17,74975438.0
cg06729381,-0.046468,0.101659,False,0.074064,11,61534714.0
cg06730678,0.000932,-0.202970,False,0.101951,12,6057777.0
cg06730796,0.021182,0.080134,False,0.050658,16,67237111.0
cg06734406,0.039349,-0.106994,False,0.073172,12,49955546.0
cg06740866,0.037314,0.011714,False,0.024514,5,32303340.0
cg06742151,0.173457,0.108258,False,0.140857,13,73466026.0
cg06743037,-0.105002,-0.048092,False,0.076547,7,80921215.0
cg06746774,0.071142,0.125604,False,0.098373,1,32751349.0
cg06748584,-0.098366,0.102225,False,0.100295,17,81553893.0
cg06748934,0.022907,0.262530,False,0.142718,4,174318324.0
cg06750045,0.157535,-0.270555,False,0.214045,11,2197917.0
cg06750897,-0.071163,0.295619,False,0.183391,1,164576316.0
cg06752054,0.096787,0.179625,False,0.138206,21,41361820.0
cg06763161,0.108736,-0.040431,False,0.074584,1,33348144.0
cg06765217,0.048662,0.295313,False,0.171988,14,37622439.0
cg06768599,0.155072,-0.055681,False,0.105376,14,24316282.0
cg06769708,0.009021,0.099072,False,0.054046,20,36432303.0
cg06790492,0.113982,0.073969,False,0.093975,17,79981731.0
cg06793974,-0.114917,0.073609,False,0.094263,20,62603959.0
cg06796271,0.085951,0.145524,False,0.115737,20,43558947.0
cg06800235,-0.075563,0.182273,False,0.128918,1,7632307.0
cg06801857,0.240122,0.041368,False,0.140745,1,230231936.0
cg06811300,-0.284002,-0.014245,False,0.149123,6,16504243.0
cg06814287,-0.023786,-0.172822,False,0.098304,6,32152807.0
cg06816254,0.161381,-0.030235,False,0.095808,16,21275717.0
cg06820412,-0.023027,0.060578,False,0.041802,5,136050607.0
cg06824394,0.006790,0.172311,False,0.089551,7,87217219.0
cg06825448,0.026203,-0.117454,False,0.071829,2,239945508.0
cg06826671,0.067156,0.156603,False,0.111879,8,120815721.0
cg06830360,0.001664,-0.062307,False,0.031986,8,141402913.0
cg06830450,0.099096,0.042705,False,0.070900,12,57727221.0
cg06832449,-0.040421,0.076373,False,0.058397,10,34781054.0
cg06832898,-0.162771,0.031425,False,0.097098,16,88967377.0
cg06833102,-0.083504,0.215731,False,0.149618,2,161239800.0
cg06835960,0.248894,-0.013349,False,0.131122,10,21508183.0
cg06839417,-0.020177,0.017741,False,0.018959,3,149388364.0
cg06843889,-0.117771,0.072811,False,0.095291,5,42949440.0
cg06853339,0.007836,-0.153255,False,0.080545,17,78121606.0
cg06857116,-0.426995,-0.094489,False,0.260742,17,15982012.0
cg06869505,0.030675,-0.127901,False,0.079288,1,15201021.0
cg06872172,0.005403,0.078984,False,0.042193,1,156769006.0
cg06876892,0.073974,-0.431821,False,0.252897,16,783231.0
cg06879394,-0.155492,0.277665,False,0.216579,6,13273919.0
cg06880420,0.041895,0.007609,False,0.024752,1,200150859.0
cg06886374,0.069684,0.110652,False,0.090168,16,1794151.0
cg06888746,0.040972,-0.141181,False,0.091076,10,103758006.0
cg06894549,-0.035300,0.027004,False,0.031152,1,155921025.0
cg06898293,0.074484,-0.245083,False,0.159783,7,115110649.0
cg06901890,0.146929,0.101343,False,0.124136,9,130041229.0
cg06905387,0.078239,0.106030,False,0.092134,18,46679824.0
cg06912665,0.092158,0.002771,False,0.047465,5,154712730.0
cg06916001,-0.063232,0.101733,False,0.082482,16,14309147.0
cg06925502,0.089975,-0.184098,False,0.137036,5,107512311.0
cg06925984,-0.122788,-0.118644,False,0.120716,17,79793443.0
cg06928983,0.037236,-0.148864,False,0.093050,5,50442182.0
cg06931418,-0.276211,-0.285156,True,0.280683,19,1402420.0
cg06934774,0.020089,0.042241,False,0.031165,7,27158406.0
cg06936803,-0.037710,0.132685,False,0.085198,4,185638784.0
cg06941557,0.100321,0.037355,False,0.068838,17,7854225.0
cg06943251,0.117060,0.170686,False,0.143873,20,59040343.0
cg06943912,-0.115085,-0.149853,False,0.132469,19,10604936.0
cg06947614,0.173298,0.004437,False,0.088867,12,20813505.0
cg06950952,0.135259,-0.162645,False,0.148952,2,151973675.0
cg06951565,0.038055,-0.079590,False,0.058823,5,178993526.0
cg06960356,0.056315,-0.040925,False,0.048620,11,2575186.0
cg06963182,-0.038175,0.279494,False,0.158834,2,84894962.0
cg06963711,0.136569,0.177476,False,0.157023,1,67704709.0
cg06965177,-0.036611,-0.132634,False,0.084623,19,50381922.0
cg06977014,0.026059,0.280199,False,0.153129,7,87658868.0
cg06984255,0.214789,0.027089,False,0.120939,10,103231436.0
cg06986584,-0.128629,-0.247638,False,0.188133,1,180935541.0
cg07003587,-0.071114,-0.022117,False,0.046616,17,81285240.0
cg07017153,-0.063566,-0.177154,False,0.120360,17,49022645.0
cg07024339,0.242711,-0.022661,False,0.132686,18,57482802.0
cg07025678,-0.093576,-0.000342,False,0.046959,11,306639.0
cg07028929,-0.056162,-0.199771,False,0.127967,13,59623811.0
cg07034255,0.226646,0.249688,True,0.238167,5,32297873.0
cg07041323,0.109831,0.180643,False,0.145237,16,28984723.0
cg07041565,0.078414,0.068156,False,0.073285,15,72187929.0
cg07051721,-0.216078,-0.060063,False,0.138071,2,119339605.0
cg07052231,-0.335239,-0.267479,True,0.301359,12,7210944.0
cg07060794,-0.318065,-0.180099,False,0.249082,7,23347746.0
cg07061298,0.048436,-0.063916,False,0.056176,7,27114228.0
cg07062847,0.206633,-0.010944,False,0.108789,13,114146375.0
cg07064495,-0.070054,0.061145,False,0.065599,18,31724148.0
cg07065759,-0.157867,-0.306326,False,0.232096,2,197152738.0
cg07071491,0.025415,0.031226,False,0.028321,14,103871845.0
cg07072391,-0.053734,-0.051360,False,0.052547,2,237510077.0
cg07082012,0.178416,-0.356497,False,0.267456,8,125986634.0
cg07084709,0.209240,-0.113380,False,0.161310,15,57591313.0
cg07085815,0.183598,0.078474,False,0.131036,2,223991857.0
cg07086947,0.063000,-0.187128,False,0.125064,14,105383615.0
cg07089399,-0.049947,-0.027805,False,0.038876,8,6624061.0
cg07093456,0.072543,0.035829,False,0.054186,10,116620665.0
cg07095908,-0.162334,-0.065885,False,0.114110,2,430882.0
cg07099000,-0.097465,0.155221,False,0.126343,17,82883258.0
cg07099810,0.134147,0.143076,False,0.138612,16,88509149.0
cg07105478,-0.255781,-0.134153,False,0.194967,17,79793686.0
cg07106394,-0.165242,-0.027902,False,0.096572,14,103905949.0
cg07107916,0.147310,0.042335,False,0.094823,1,212284082.0
cg07109745,-0.110822,-0.105084,False,0.107953,11,3880322.0
cg07111988,0.260326,0.181991,False,0.221158,1,24645273.0
cg07115626,-0.058310,-0.198813,False,0.128562,14,37602080.0
cg07117596,0.090041,0.027520,False,0.058781,1,233359420.0
cg07119472,-0.189328,0.210973,False,0.200150,12,51324227.0
cg07120097,0.072067,-0.142108,False,0.107088,14,36788400.0
cg07133930,-0.236565,-0.060664,False,0.148614,10,69061615.0
cg07134252,-0.070133,0.014351,False,0.042242,6,168180779.0
cg07137244,0.083659,0.124386,False,0.104023,17,31309845.0
cg07138024,0.011178,0.093888,False,0.052533,7,25568703.0
cg07148458,0.092396,-0.090049,False,0.091222,17,7350982.0
cg07152812,-0.092857,0.060328,False,0.076593,13,24162379.0
cg07157757,0.006986,0.186398,False,0.096692,11,655445.0
cg07159114,0.191939,0.042655,False,0.117297,6,158342431.0
cg07162000,0.119576,0.048921,False,0.084249,10,1732679.0
cg07165066,-0.169506,-0.016267,False,0.092887,13,23378437.0
cg07168142,-0.164340,0.262152,False,0.213246,17,42122722.0
cg07176168,0.041968,-0.249955,False,0.145962,1,58620044.0
cg07177394,0.008186,-0.148930,False,0.078558,21,41680543.0
cg07189755,0.069978,-0.015452,False,0.042715,9,32566800.0
cg07193534,0.198425,-0.093107,False,0.145766,1,119811627.0
cg07217710,0.021307,-0.016366,False,0.018837,8,140338820.0
cg07222861,-0.062689,0.022592,False,0.042641,1,31889483.0
cg07223952,0.185024,0.207105,False,0.196064,8,119672481.0
cg07238710,0.108140,-0.067825,False,0.087983,12,52116061.0
cg07241084,-0.194535,0.171056,False,0.182796,7,47453790.0
cg07243366,-0.277573,-0.138239,False,0.207906,12,19576769.0
cg07253384,-0.200268,-0.049926,False,0.125097,6,166463514.0
cg07260605,0.099151,-0.071144,False,0.085147,10,124941965.0
cg07266703,-0.073721,0.154037,False,0.113879,6,75083014.0
cg07272677,0.212226,0.110457,False,0.161342,4,185820293.0
cg07276534,-0.058335,0.028200,False,0.043268,3,193816791.0
cg07277017,0.252966,0.309418,True,0.281192,11,1852863.0
cg07280097,-0.281857,-0.174377,False,0.228117,3,129060758.0
cg07285641,-0.065107,-0.149439,False,0.107273,13,51771166.0
cg07285764,-0.186314,0.114556,False,0.150435,12,52015122.0
cg07290269,-0.121176,0.018503,False,0.069840,12,31326919.0
cg07295003,0.067899,0.130614,False,0.099257,8,135613230.0
cg07295669,0.118186,0.092752,False,0.105469,2,191410658.0
cg07296256,-0.189623,-0.264419,False,0.227021,13,112783696.0
cg07303091,0.145244,0.188318,False,0.166781,12,42469583.0
cg07319315,-0.230910,-0.228780,True,0.229845,2,134392028.0
cg07324702,-0.030212,0.197426,False,0.113819,15,101320832.0
cg07327435,-0.013180,-0.088420,False,0.050800,8,40214512.0
cg07330171,0.062774,0.142754,False,0.102764,10,88274641.0
cg07332880,-0.106216,-0.070032,False,0.088124,11,72079233.0
cg07338715,0.076166,0.040803,False,0.058484,2,109032825.0
cg07341609,-0.009656,0.179441,False,0.094548,22,37566562.0
cg07347148,0.165025,0.098465,False,0.131745,1,167817564.0
cg07347276,0.161116,0.142915,False,0.152016,11,34927777.0
cg07348591,0.062108,-0.034268,False,0.048188,2,224037586.0
cg07349094,0.008766,0.106572,False,0.057669,2,100142552.0
cg07357279,0.001740,0.030038,False,0.015889,17,45241368.0
cg07358634,0.006513,-0.028777,False,0.017645,6,167396555.0
cg07377422,-0.082116,0.037674,False,0.059895,19,45815375.0
cg07380416,0.061944,0.195441,False,0.128692,11,60971700.0
cg07382347,0.007250,0.126476,False,0.066863,6,30071631.0
cg07382923,0.050472,-0.060733,False,0.055603,10,47165917.0
cg07383757,-0.086552,-0.111265,False,0.098909,11,3626424.0
cg07385778,-0.175709,-0.300560,False,0.238135,3,72271483.0
cg07401745,0.182183,-0.168852,False,0.175517,5,53576242.0
cg07405370,-0.218702,-0.189009,False,0.203856,20,63896896.0
cg07408552,0.009595,0.157188,False,0.083391,17,42459977.0
cg07409471,-0.207875,-0.229610,True,0.218743,17,82875762.0
cg07420362,-0.192663,0.035686,False,0.114174,11,3626189.0
cg07438401,0.060115,0.079078,False,0.069596,3,67647633.0
cg07450210,-0.007615,0.144302,False,0.075959,13,99228693.0
cg07466651,-0.056664,0.091528,False,0.074096,2,189154868.0
cg07474957,-0.118672,-0.024606,False,0.071639,6,30683067.0
cg07489413,-0.180700,0.032930,False,0.106815,11,2300707.0
cg07489502,0.185326,0.043643,False,0.114485,5,141432075.0
cg07497190,-0.204590,-0.202760,True,0.203675,19,49524628.0
cg07497941,-0.244415,-0.058290,False,0.151353,11,1237316.0
cg07498879,0.026146,0.063013,False,0.044579,22,30267052.0
cg07499032,-0.012029,0.203565,False,0.107797,7,102426405.0
cg07511317,0.180940,0.119097,False,0.150019,14,103693660.0
cg07514618,-0.266321,-0.267658,True,0.266990,14,103513085.0
cg07516307,0.161944,-0.085205,False,0.123575,6,33197881.0
cg07522913,0.244849,-0.078508,False,0.161679,7,27110784.0
cg07529428,0.162457,-0.094497,False,0.128477,12,15564582.0
cg07530063,-0.228804,-0.192184,False,0.210494,14,100147355.0
cg07531268,0.132555,0.006752,False,0.069653,2,19351989.0
cg07534267,0.108646,0.111283,False,0.109964,16,14641323.0
cg07537917,0.025674,-0.018322,False,0.021998,2,240896992.0
cg07546360,0.113620,-0.059035,False,0.086328,22,46086143.0
cg07549381,0.033929,0.105143,False,0.069536,16,88703562.0
cg07551054,0.024325,0.016992,False,0.020658,8,139731957.0
cg07567256,-0.161037,-0.008506,False,0.084772,6,163336016.0
cg07571344,-0.299795,-0.486175,True,0.392985,20,1491425.0
cg07572927,-0.026461,0.113219,False,0.069840,14,20687520.0
cg07577799,-0.036445,-0.434211,False,0.235328,3,11037442.0
cg07584855,-0.140682,0.064161,False,0.102422,1,220882203.0
cg07588216,-0.083490,0.150440,False,0.116965,20,25223409.0
cg07589342,-0.205965,-0.148857,False,0.177411,1,212219166.0
cg07593977,0.033649,0.335467,False,0.184558,8,11877910.0
cg07598052,-0.102160,0.121738,False,0.111949,20,36646236.0
cg07599144,0.095973,-0.050559,False,0.073266,16,30948109.0
cg07605143,-0.181342,-0.002013,False,0.091678,19,48324586.0
cg07607523,0.208279,-0.023049,False,0.115664,10,21508201.0
cg07611933,-0.123493,0.026615,False,0.075054,16,2723244.0
cg07620562,0.008635,-0.003559,False,0.006097,3,125215046.0
cg07625619,0.096262,0.006779,False,0.051520,16,69017037.0
cg07641284,-0.186842,0.093781,False,0.140311,16,29745630.0
cg07645529,0.061783,-0.026694,False,0.044238,13,100670434.0
cg07651720,0.108880,-0.195041,False,0.151961,8,119672889.0
cg07665510,0.117030,0.059583,False,0.088307,17,57874702.0
cg07671858,0.267139,0.157730,False,0.212435,10,73647827.0
cg07673979,0.069926,-0.048896,False,0.059411,17,47192850.0
cg07675031,-0.217066,-0.303666,True,0.260366,11,47378342.0
cg07675656,-0.096413,0.154658,False,0.125536,16,2055014.0
cg07687354,-0.110784,0.074055,False,0.092420,16,1167857.0
cg07689396,-0.102496,-0.083507,False,0.093002,7,593413.0
cg07697770,-0.040442,-0.062837,False,0.051639,5,136054016.0
cg07699978,0.003522,0.052346,False,0.027934,12,62800221.0
cg07701282,0.091412,0.075852,False,0.083632,16,67230387.0
cg07709210,0.100780,-0.132766,False,0.116773,6,41747855.0
cg07713361,0.150524,0.048480,False,0.099502,22,36253098.0
cg07721658,0.086471,0.031129,False,0.058800,10,123478510.0
cg07725527,-0.126881,-0.097206,False,0.112044,13,41357045.0
cg07727425,-0.065294,-0.130360,False,0.097827,22,45242958.0
cg07739604,-0.095778,0.290857,False,0.193317,12,124466444.0
cg07741184,-0.023591,-0.073239,False,0.048415,6,167091376.0
cg07749613,-0.024579,0.359135,False,0.191857,2,96407801.0
cg07752095,0.092281,-0.254150,False,0.173216,4,127709111.0
cg07762764,-0.059843,-0.070465,False,0.065154,3,24524501.0
cg07768103,0.253048,0.227127,True,0.240088,5,176529343.0
cg07777540,-0.200390,-0.276981,True,0.238686,3,64539235.0
cg07785552,-0.379254,-0.281871,True,0.330562,1,26543129.0
cg07786675,0.043968,0.004165,False,0.024066,1,26863494.0
cg07787634,0.037363,-0.138371,False,0.087867,1,241552078.0
cg07792708,0.223507,-0.061274,False,0.142390,4,123774096.0
cg07795766,0.023873,-0.132587,False,0.078230,22,45212635.0
cg07795964,0.117606,0.018709,False,0.068158,4,2064593.0
cg07805500,-0.235004,-0.081355,False,0.158179,6,151059682.0
cg07805771,0.113255,0.367088,False,0.240171,1,112904838.0
cg07808590,0.143817,0.018574,False,0.081196,11,64370052.0
cg07809176,0.188699,0.165953,False,0.177326,12,27696519.0
cg07809301,-0.154135,0.042702,False,0.098418,11,112167450.0
cg07810039,-0.042846,0.017978,False,0.030412,1,218351216.0
cg07810733,0.235166,-0.050341,False,0.142753,12,65930312.0
cg07812059,0.210851,-0.107481,False,0.159166,16,8894955.0
cg07813031,-0.179392,-0.048887,False,0.114140,1,60832749.0
cg07823492,-0.140295,-0.095482,False,0.117889,17,48530737.0
cg07832674,-0.059036,-0.053276,False,0.056156,3,9902200.0
cg07842409,0.195570,0.171102,False,0.183336,1,11037815.0
cg07843390,0.126851,0.000643,False,0.063747,19,2541017.0
cg07845011,-0.127543,-0.197066,False,0.162305,6,31534744.0
cg07856071,0.077211,0.232839,False,0.155025,5,15928005.0
cg07860918,-0.043451,0.018764,False,0.031107,16,90026347.0
cg07863043,0.250681,-0.086892,False,0.168786,5,112825051.0
cg07863354,0.166802,0.112070,False,0.139436,17,82874735.0
cg07877900,-0.237247,0.049975,False,0.143611,16,57542950.0
cg07884255,0.051781,-0.003392,False,0.027587,7,33764950.0
cg07884764,0.151846,0.468564,False,0.310205,11,64340045.0
cg07886195,0.085427,-0.183907,False,0.134667,19,11152939.0
cg07890238,-0.166214,-0.173025,False,0.169620,8,8324938.0
cg07891271,-0.025477,0.094494,False,0.059985,15,101242832.0
cg07891288,0.020317,-0.243011,False,0.131664,16,6574292.0
cg07891457,-0.141371,-0.043797,False,0.092584,11,67674604.0
cg07899076,-0.246189,-0.028858,False,0.137524,7,5636208.0
cg07906432,-0.001883,0.037471,False,0.019677,1,63987368.0
cg07906724,-0.259357,-0.032974,False,0.146165,8,42768803.0
cg07917546,0.097865,-0.269969,False,0.183917,16,86462617.0
cg07921503,0.139763,0.150081,False,0.144922,7,2406208.0
cg07926025,0.177911,0.022500,False,0.100205,9,14722866.0
cg07931608,0.164255,-0.007391,False,0.085823,2,145856883.0
cg07942500,-0.076516,-0.074017,False,0.075266,14,64706716.0
cg07946277,0.091820,0.191851,False,0.141835,17,78736772.0
cg07946977,0.119680,0.265323,False,0.192502,1,221713297.0
cg07950798,-0.006933,0.073317,False,0.040125,14,104303888.0
cg07959068,0.112023,-0.067717,False,0.089870,16,24045817.0
cg07965110,0.160050,-0.021293,False,0.090671,1,24536676.0
cg07969497,0.201698,0.116525,False,0.159111,1,63847585.0
cg07979747,-0.102749,0.054328,False,0.078538,6,30892359.0
cg07979757,0.039474,-0.120086,False,0.079780,11,2807422.0
cg07981013,0.187717,0.083476,False,0.135597,7,157003073.0
cg07982740,0.008162,0.057312,False,0.032737,20,45781475.0
cg07988060,-0.023362,-0.113703,False,0.068533,17,31907770.0
cg07988171,-0.076788,0.039208,False,0.057998,19,16088609.0
cg07991704,0.281285,-0.164042,False,0.222664,4,71231256.0
cg07996594,-0.159281,-0.125353,False,0.142317,1,24931014.0
cg07997333,0.050170,-0.210031,False,0.130101,8,101438632.0
cg07999738,-0.080625,0.063655,False,0.072140,8,139732143.0
cg08003353,-0.063264,-0.015568,False,0.039416,13,30832983.0
cg08005208,-0.011228,-0.101674,False,0.056451,1,163425421.0
cg08008475,-0.046706,-0.153389,False,0.100047,13,27403642.0
cg08009487,-0.000229,0.047152,False,0.023690,12,52814541.0
cg08015107,-0.133930,-0.235474,False,0.184702,11,8597403.0
cg08016336,0.045748,-0.291028,False,0.168388,4,41179301.0
cg08030625,0.024576,-0.022330,False,0.023453,16,21233577.0
cg08030922,0.252077,-0.129894,False,0.190985,4,89753885.0
cg08040471,-0.124377,-0.031384,False,0.077880,17,82449903.0
cg08043998,0.047175,-0.070652,False,0.058914,12,121452700.0
cg08045906,0.225315,0.129785,False,0.177550,6,32152848.0
cg08048831,0.216202,0.052594,False,0.134398,15,98705306.0
cg08050663,-0.143633,-0.270480,False,0.207057,14,77259358.0
cg08051105,0.045486,-0.141390,False,0.093438,2,233461319.0
cg08051386,0.095466,0.157062,False,0.126264,16,68745042.0
cg08052292,-0.208359,-0.027379,False,0.117869,3,56755150.0
cg08055663,-0.157810,0.024509,False,0.091159,16,2687355.0
cg08058560,-0.181295,-0.308996,False,0.245145,1,117001584.0
cg08061524,0.212446,-0.145689,False,0.179067,22,46076688.0
cg08064683,0.151407,-0.025781,False,0.088594,4,186651690.0
cg08066035,-0.253730,-0.041727,False,0.147728,19,16888803.0
cg08070200,0.053593,0.008464,False,0.031029,4,186651806.0
cg08070476,0.138023,-0.033831,False,0.085927,7,16847788.0
cg08071719,0.039744,0.021279,False,0.030512,13,112995841.0
cg08073133,0.010575,0.324133,False,0.167354,2,224028607.0
cg08075024,0.084555,-0.037237,False,0.060896,2,181896722.0
cg08075204,0.089673,0.199892,False,0.144782,12,51324328.0
cg08076807,-0.179537,0.098726,False,0.139132,17,82298034.0
cg08079170,0.119749,0.040013,False,0.079881,11,128180712.0
cg08080195,-0.232149,-0.040459,False,0.136304,2,37648693.0
cg08097157,-0.083203,-0.156750,False,0.119976,6,31112271.0
cg08098128,-0.066868,0.225983,False,0.146425,2,219247743.0
cg08101036,-0.118765,-0.041076,False,0.079921,7,27114036.0
cg08102106,0.074284,0.167817,False,0.121050,19,12160230.0
cg08107079,0.113578,0.017446,False,0.065512,13,36314613.0
cg08108224,0.050324,-0.032720,False,0.041522,6,57370609.0
cg08120831,-0.285166,-0.299293,True,0.292229,12,122184639.0
cg08122156,-0.114817,0.139889,False,0.127353,11,7436724.0
cg08126875,0.070305,-0.081961,False,0.076133,6,125422061.0
cg08127080,-0.087405,-0.071634,False,0.079519,2,160479426.0
cg08128274,-0.129131,0.003172,False,0.066151,1,206658698.0
cg08129331,-0.204615,-0.108936,False,0.156775,17,80586678.0
cg08133629,-0.067119,-0.198532,False,0.132825,3,134358190.0
cg08133848,0.016613,-0.290450,False,0.153532,1,84253995.0
cg08134504,-0.144633,-0.185001,False,0.164817,2,16105814.0
cg08135406,-0.228356,0.018623,False,0.123490,3,23743544.0
cg08139238,0.075407,-0.138072,False,0.106739,16,22208229.0
cg08142884,-0.021620,-0.015522,False,0.018571,7,155576729.0
cg08151983,0.235206,-0.205600,False,0.220403,6,33255304.0
cg08168580,-0.217716,-0.034702,False,0.126209,1,27403488.0
cg08169020,0.138870,0.241813,False,0.190341,14,68790171.0
cg08175413,-0.398261,-0.313357,True,0.355809,5,96958483.0
cg08184027,0.023220,-0.118696,False,0.070958,11,74496579.0
cg08190450,-0.151530,-0.011496,False,0.081513,17,897477.0
cg08196512,0.032806,0.024807,False,0.028806,22,38110730.0
cg08200043,0.241484,0.294455,True,0.267970,14,104390163.0
cg08200446,0.186282,-0.117593,False,0.151938,19,12270285.0
cg08208317,0.022524,0.106133,False,0.064329,8,40984654.0
cg08215318,-0.272323,-0.213281,True,0.242802,16,85982781.0
cg08217163,0.041738,-0.030535,False,0.036137,2,66582827.0
cg08217545,-0.152309,-0.132829,False,0.142569,19,3388015.0
cg08219218,0.069881,0.147422,False,0.108652,4,150582349.0
cg08219589,0.178217,-0.026742,False,0.102480,12,32463279.0
cg08221272,0.239917,0.217360,True,0.228638,13,98483516.0
cg08224920,0.082406,0.098907,False,0.090656,17,81285483.0
cg08227290,-0.139067,-0.273975,False,0.206521,14,75441302.0
cg08230910,0.136762,-0.154573,False,0.145667,7,80877833.0
cg08231038,0.086619,-0.181011,False,0.133815,20,49903671.0
cg08233909,0.000677,-0.063687,False,0.032182,3,157503409.0
cg08243626,-0.217165,-0.207937,True,0.212551,10,6400539.0
cg08247587,0.116491,0.096340,False,0.106416,14,37622195.0
cg08247938,-0.074798,0.115116,False,0.094957,2,189172693.0
cg08251901,-0.111281,0.017740,False,0.064510,12,14961970.0
cg08255475,-0.331315,-0.116566,False,0.223941,16,88804921.0
cg08259137,0.099042,-0.024314,False,0.061678,16,67973391.0
cg08261841,0.163123,-0.157119,False,0.160121,7,143285370.0
cg08271443,0.017461,-0.010978,False,0.014220,16,4795347.0
cg08272513,-0.022182,-0.026252,False,0.024217,3,12480276.0
cg08274633,-0.171199,0.064008,False,0.117603,15,38696332.0
cg08277100,0.063907,-0.034931,False,0.049419,3,109396509.0
cg08284213,0.071380,0.004701,False,0.038041,10,131652291.0
cg08288130,-0.201664,-0.014085,False,0.107874,8,21914029.0
cg08293777,-0.143643,-0.189624,False,0.166633,16,57185079.0
cg08299521,-0.357764,-0.041912,False,0.199838,5,179917619.0
cg08300930,-0.077299,-0.122211,False,0.099755,12,9113393.0
cg08309529,-0.014638,0.075561,False,0.045100,7,157005139.0
cg08313420,-0.048309,-0.142391,False,0.095350,7,6436479.0
cg08314996,0.076171,-0.145693,False,0.110932,20,44355459.0
cg08315399,0.167974,0.089434,False,0.128704,14,75832595.0
cg08325271,-0.036353,-0.144172,False,0.090262,15,23687855.0
cg08326019,0.020032,0.043210,False,0.031621,19,11361585.0
cg08330349,0.096039,0.228684,False,0.162361,16,50681281.0
cg08342691,0.039264,-0.127426,False,0.083345,10,92848836.0
cg08345142,-0.047363,-0.020522,False,0.033942,17,41042509.0
cg08354372,0.002480,-0.004407,False,0.003443,16,69839989.0
cg08355301,-0.009009,-0.087411,False,0.048210,17,63932291.0
cg08356028,0.000466,-0.024284,False,0.012375,10,78458212.0
cg08367801,0.182896,-0.048682,False,0.115789,5,98775825.0
cg08368520,-0.120564,-0.067003,False,0.093784,7,4707395.0
cg08379738,0.173521,-0.091452,False,0.132487,19,6477022.0
cg08380252,-0.223318,-0.000119,False,0.111719,19,35039350.0
cg08381046,0.091366,0.211096,False,0.151231,5,112958618.0
cg08387014,-0.090787,-0.199886,False,0.145336,11,1827512.0
cg08395904,0.091436,-0.000141,False,0.045788,6,24981548.0
cg08401725,-0.014135,-0.001454,False,0.007794,11,34274915.0
cg08407620,0.024853,-0.009485,False,0.017169,6,24743633.0
cg08409113,0.080132,0.021658,False,0.050895,17,42785347.0
cg08420572,-0.050450,-0.120725,False,0.085588,19,13013790.0
cg08422793,-0.072902,0.084325,False,0.078613,15,69759171.0
cg08425810,-0.087919,-0.079573,False,0.083746,12,57738775.0
cg08426898,0.203293,-0.030016,False,0.116654,2,174052003.0
cg08428819,-0.071659,0.194020,False,0.132840,10,122164527.0
cg08433504,-0.286591,-0.076352,False,0.181472,15,39579870.0
cg08434186,0.135627,0.120238,False,0.127933,2,224031699.0
cg08435683,-0.028185,-0.249033,False,0.138609,20,4855692.0
cg08436089,-0.080877,0.023476,False,0.052177,19,45091235.0
cg08436738,0.050607,0.146782,False,0.098695,2,234620221.0
cg08438529,0.027112,0.267252,False,0.147182,16,1002939.0
cg08441803,0.084182,0.103003,False,0.093593,17,48311028.0
cg08443845,-0.148311,0.205382,False,0.176846,21,35049658.0
cg08452456,0.134912,0.120300,False,0.127606,17,47709073.0
cg08458912,-0.051867,0.076801,False,0.064334,1,36178634.0
cg08461097,-0.087923,-0.262133,False,0.175028,19,2065103.0
cg08461425,-0.125919,-0.121337,False,0.123628,12,121533885.0
cg08462127,-0.220183,-0.256353,True,0.238268,8,2069246.0
cg08463297,-0.230182,-0.093032,False,0.161607,17,20073122.0
cg08464505,-0.023396,0.164782,False,0.094089,13,112771668.0
cg08465346,0.163797,0.009325,False,0.086561,12,54047674.0
cg08466256,-0.089403,0.016165,False,0.052784,2,189092413.0
cg08480068,0.177131,0.231006,False,0.204068,16,29663638.0
cg08484337,-0.021087,-0.010332,False,0.015709,6,31622786.0
cg08486065,-0.138778,0.070632,False,0.104705,19,3464877.0
cg08486269,-0.191799,-0.257570,False,0.224684,6,154356838.0
cg08486903,0.251660,0.282472,True,0.267066,7,99141873.0
cg08488569,0.129946,-0.080945,False,0.105445,4,1747514.0
cg08489512,0.201707,0.152746,False,0.177226,3,71370576.0
cg08495878,0.107605,0.006469,False,0.057037,14,94561522.0
cg08500417,0.091104,0.320155,False,0.205629,7,102933998.0
cg08526412,0.017836,-0.005774,False,0.011805,1,54054441.0
cg08527124,-0.137787,0.185603,False,0.161695,16,89316483.0
cg08530838,-0.108338,-0.143519,False,0.125928,5,114858161.0
cg08530859,0.036711,0.035099,False,0.035905,8,142769869.0
cg08531380,-0.020204,0.086602,False,0.053403,1,12210830.0
cg08532914,0.118605,-0.343005,False,0.230805,3,11721571.0
cg08537367,-0.221099,0.011485,False,0.116292,16,87435593.0
cg08543327,-0.271417,-0.172587,False,0.222002,5,1108536.0
cg08546120,-0.023968,0.124771,False,0.074370,7,158544126.0
cg08548559,-0.116259,-0.048668,False,0.082464,22,31290111.0
cg08549216,0.060560,-0.131960,False,0.096260,16,31131202.0
cg08553572,-0.212628,-0.165879,False,0.189254,19,947765.0
cg08574423,-0.057020,0.109770,False,0.083395,19,12614098.0
cg08578641,-0.061156,-0.122027,False,0.091591,9,34457442.0
cg08578703,0.088341,0.207248,False,0.147795,6,25042267.0
cg08579780,0.025645,-0.083641,False,0.054643,8,59696620.0
cg08586426,0.154865,0.134119,False,0.144492,11,33893768.0
cg08586669,-0.125766,-0.307534,False,0.216650,7,50660064.0
cg08588180,-0.086370,0.136744,False,0.111557,6,25138677.0
cg08592160,-0.006659,-0.006172,False,0.006415,13,107351236.0
cg08601457,-0.312027,-0.009276,False,0.160652,6,111793914.0
cg08609400,0.072059,-0.061433,False,0.066746,16,89520269.0
cg08617982,-0.080195,0.199901,False,0.140048,13,114049204.0
cg08621624,-0.238461,-0.195635,False,0.217048,12,1921057.0
cg08622675,0.110548,-0.235940,False,0.173244,7,6485367.0
cg08625617,0.115603,0.137924,False,0.126763,8,4744057.0
cg08633881,0.091329,0.146372,False,0.118851,13,42064739.0
cg08640619,0.086410,-0.023196,False,0.054803,1,158019730.0
cg08656837,0.032567,-0.150967,False,0.091767,7,155951850.0
cg08661450,0.138655,-0.243239,False,0.190947,16,6826173.0
cg08667740,-0.176547,-0.164058,False,0.170302,16,88645175.0
cg08670465,-0.046282,0.183813,False,0.115048,5,170298096.0
cg08681473,0.106443,0.118219,False,0.112331,17,50189232.0
cg08687052,0.208735,-0.103192,False,0.155963,22,32799669.0
cg08688659,-0.317500,-0.199833,False,0.258667,11,35228418.0
cg08693490,-0.129039,0.001420,False,0.065229,12,116320091.0
cg08694003,0.231990,0.024429,False,0.128210,6,31127878.0
cg08697732,0.011178,0.171571,False,0.091374,17,83056215.0
cg08705382,-0.031991,-0.151304,False,0.091648,1,230186278.0
cg08712082,0.078178,0.035435,False,0.056807,7,30633890.0
cg08718293,0.034799,-0.016194,False,0.025496,1,10339725.0
cg08729279,0.166275,-0.169117,False,0.167696,2,215843655.0
cg08730070,0.043571,0.033820,False,0.038696,22,19950855.0
cg08738571,-0.065967,-0.255960,False,0.160964,12,32502258.0
cg08749443,0.088288,-0.094853,False,0.091570,15,89680867.0
cg08752947,0.132223,-0.052760,False,0.092492,5,149428433.0
cg08757862,-0.121000,0.178603,False,0.149801,4,38805761.0
cg08762253,-0.028626,-0.153011,False,0.090818,X,103776637.0
cg08763617,0.203108,0.207237,True,0.205172,6,137862826.0
cg08767044,-0.236139,-0.039695,False,0.137917,16,11584929.0
cg08774902,-0.213298,0.002069,False,0.107684,8,30518019.0
cg08775230,-0.008662,-0.060122,False,0.034392,11,111918769.0
cg08775835,0.074540,-0.085341,False,0.079941,16,31135723.0
cg08778148,0.023657,0.092071,False,0.057864,2,187542207.0
cg08779777,-0.071826,-0.070071,False,0.070949,7,106865327.0
cg08783253,-0.191063,-0.173909,False,0.182486,17,42844548.0
cg08787837,0.014885,0.173303,False,0.094094,16,85995948.0
cg08791424,-0.019983,0.024582,False,0.022283,2,207930929.0
cg08792542,-0.122590,-0.096204,False,0.109397,7,101130437.0
cg08792703,-0.111470,-0.139026,False,0.125248,11,61012194.0
cg08792812,-0.008423,0.209108,False,0.108765,2,69782069.0
cg08806632,-0.372256,-0.151901,False,0.262078,19,13103598.0
cg08812108,0.247487,-0.060485,False,0.153986,6,2515084.0
cg08813944,0.031935,-0.011160,False,0.021548,17,73262450.0
cg08818984,-0.092301,-0.026900,False,0.059601,5,143435262.0
cg08822523,-0.112807,-0.070579,False,0.091693,4,90235139.0
cg08823898,0.080591,-0.052710,False,0.066651,X,149506254.0
cg08830300,0.036511,-0.085209,False,0.060860,11,65478992.0
cg08832723,0.145984,0.124048,False,0.135016,5,6756125.0
cg08834128,0.080614,0.062585,False,0.071599,5,601425.0
cg08836861,-0.050112,0.213768,False,0.131940,16,69723964.0
cg08840230,-0.010005,0.074196,False,0.042100,19,15511907.0
cg08846467,0.114376,-0.041436,False,0.077906,16,1580803.0
cg08846870,0.151097,-0.144062,False,0.147579,19,15457549.0
cg08850641,-0.001064,-0.265104,False,0.133084,17,68822129.0
cg08854008,-0.164134,0.015272,False,0.089703,1,9654339.0
cg08854185,-0.134894,-0.121778,False,0.128336,16,90011548.0
cg08859309,-0.164849,0.034848,False,0.099849,13,30373966.0
cg08860136,0.003807,-0.066763,False,0.035285,17,7208095.0
cg08862452,0.083873,0.011264,False,0.047568,8,143820855.0
cg08863777,-0.320993,-0.254086,True,0.287540,11,94545291.0
cg08864819,-0.120590,0.116966,False,0.118778,11,126327421.0
cg08865625,0.125589,0.245144,False,0.185367,17,55268278.0
cg08866695,-0.250491,0.024784,False,0.137637,12,109158382.0
cg08875705,-0.120569,-0.031957,False,0.076263,12,6556164.0
cg08880849,-0.169391,0.247327,False,0.208359,17,42122710.0
cg08884247,0.061599,0.020768,False,0.041184,17,38801743.0
cg08886001,0.264265,0.220075,True,0.242170,15,89915288.0
cg08887400,-0.170768,0.124511,False,0.147640,6,30684599.0
cg08888918,0.022731,0.204053,False,0.113392,5,169467599.0
cg08891123,-0.077692,-0.040510,False,0.059101,15,59283898.0
cg08894487,-0.287041,-0.033302,False,0.160171,19,941243.0
cg08903939,-0.067417,-0.013921,False,0.040669,16,49850571.0
cg08911368,-0.112596,0.038343,False,0.075470,8,11613576.0
cg08920174,-0.058698,0.216267,False,0.137483,16,54412277.0
cg08923349,-0.003083,-0.037984,False,0.020533,11,14355249.0
cg08924023,0.222162,0.356734,True,0.289448,13,30881036.0
cg08924619,-0.059078,0.120265,False,0.089671,13,110508052.0
cg08931647,0.066418,-0.206434,False,0.136426,16,782963.0
cg08934208,-0.147818,-0.162180,False,0.154999,7,106091243.0
cg08939371,0.097249,0.051856,False,0.074553,15,90929829.0
cg08940169,0.089182,0.338787,False,0.213985,16,88473833.0
cg08942191,0.221738,0.022042,False,0.121890,15,80436752.0
cg08944961,-0.112380,0.186912,False,0.149646,12,111099391.0
cg08951271,-0.109278,-0.150242,False,0.129760,6,30882766.0
cg08952523,-0.092074,-0.148608,False,0.120341,5,136041973.0
cg08960448,0.096375,-0.185623,False,0.140999,16,4788657.0
cg08960549,-0.213719,0.038841,False,0.126280,17,8057106.0
cg08970648,0.208292,0.139162,False,0.173727,3,50606761.0
cg08970682,-0.048004,-0.208701,False,0.128352,4,105551833.0
cg08971334,-0.172335,-0.113178,False,0.142757,5,769980.0
cg08972954,-0.047997,0.058449,False,0.053223,5,157253231.0
cg08987251,-0.173491,-0.085532,False,0.129511,16,58735200.0
cg08988543,-0.043928,0.094122,False,0.069025,4,99219239.0
cg08991742,-0.123695,0.167054,False,0.145375,2,68775086.0
cg09009070,0.023866,0.025592,False,0.024729,7,70700529.0
cg09011473,0.239500,0.133227,False,0.186363,5,169923017.0
cg09026253,-0.072390,0.093336,False,0.082863,11,313267.0
cg09037630,-0.267993,-0.153712,False,0.210852,6,31560462.0
cg09038962,-0.014427,-0.014628,False,0.014528,17,79925880.0
cg09040942,-0.204368,-0.055834,False,0.130101,7,158267311.0
cg09050670,-0.196417,0.000538,False,0.098477,16,1471616.0
cg09062708,0.120101,-0.075165,False,0.097633,1,61184235.0
cg09070101,0.144328,0.005671,False,0.075000,10,1084239.0
cg09073989,0.023047,0.062524,False,0.042785,8,42178932.0
cg09074223,-0.095718,0.054302,False,0.075010,1,210293127.0
cg09074856,0.106644,-0.352228,False,0.229436,1,3063253.0
cg09083359,0.082269,-0.232639,False,0.157454,5,3854423.0
cg09088720,-0.054694,-0.256183,False,0.155439,5,154712416.0
cg09094964,0.173807,0.014364,False,0.094085,12,1936879.0
cg09096234,0.083695,-0.039057,False,0.061376,5,136030201.0
cg09099572,0.144629,0.119280,False,0.131954,16,67237069.0
cg09103877,0.000979,-0.092092,False,0.046536,17,17809753.0
cg09114153,-0.092685,-0.108655,False,0.100670,11,2301099.0
cg09125300,0.084193,0.071699,False,0.077946,8,22589555.0
cg09127007,0.188708,-0.012314,False,0.100511,17,37061037.0
cg09128944,-0.262596,-0.245050,True,0.253823,2,169111070.0
cg09130535,-0.044315,0.259195,False,0.151755,11,67271648.0
cg09131629,0.269428,-0.132124,False,0.200776,2,127675735.0
cg09141835,-0.058491,0.045083,False,0.051787,16,88921766.0
cg09142829,-0.274193,-0.100317,False,0.187255,12,8123886.0
cg09143801,0.050743,0.058342,False,0.054542,1,151132573.0
cg09144964,0.197947,-0.105543,False,0.151745,7,27110643.0
cg09152089,-0.010913,-0.129480,False,0.070197,1,24143074.0
cg09153080,-0.063103,0.074894,False,0.068998,11,60971711.0
cg09155025,0.083965,-0.024655,False,0.054310,8,144416640.0
cg09156097,0.042526,-0.168488,False,0.105507,5,139393594.0
cg09170207,0.139296,-0.123101,False,0.131198,15,70778743.0
cg09171931,0.056409,-0.408850,False,0.232630,11,34855193.0
cg09179691,-0.047730,-0.082234,False,0.064982,20,36465848.0
cg09191232,-0.073112,0.004013,False,0.038563,4,107721255.0
cg09195271,0.161785,0.122957,False,0.142371,1,19816004.0
cg09200260,-0.053979,-0.124250,False,0.089114,21,35205242.0
cg09200921,-0.219708,-0.258039,True,0.238874,13,49292925.0
cg09209510,-0.031578,0.069174,False,0.050376,14,99822052.0
cg09210336,0.014893,-0.226955,False,0.120924,8,140023919.0
cg09233429,-0.093505,-0.108644,False,0.101075,15,40291040.0
cg09235535,-0.068360,-0.291464,False,0.179912,6,31535187.0
cg09237521,-0.074614,-0.043910,False,0.059262,11,306633.0
cg09237846,-0.059365,0.139336,False,0.099351,12,104720621.0
cg09238199,-0.081124,0.233728,False,0.157426,13,110445430.0
cg09246924,0.129729,-0.106144,False,0.117936,13,76990571.0
cg09247020,0.088839,-0.062777,False,0.075808,14,55781174.0
cg09247692,0.097103,-0.174536,False,0.135820,22,38110774.0
cg09250933,0.047570,0.089910,False,0.068740,2,113278042.0
cg09251680,0.050256,-0.009244,False,0.029750,3,45759652.0
cg09254350,0.220029,0.028311,False,0.124170,11,2552796.0
cg09262230,-0.066005,0.192141,False,0.129073,6,158631905.0
cg09262245,0.029962,0.120400,False,0.075181,1,202016830.0
cg09264140,0.205784,0.274462,True,0.240123,17,45225409.0
cg09264231,-0.077593,-0.120133,False,0.098863,1,178086998.0
cg09276978,0.044516,0.134677,False,0.089596,20,36367114.0
cg09277933,0.065565,0.065024,False,0.065294,19,17209725.0
cg09282201,0.094522,-0.183679,False,0.139100,1,3238597.0
cg09290175,0.117297,-0.112475,False,0.114886,22,39292260.0
cg09290705,0.034013,-0.062481,False,0.048247,15,59993309.0
cg09291217,-0.222244,0.034615,False,0.128429,8,81115849.0
cg09292244,-0.063662,-0.253851,False,0.158756,8,8325102.0
cg09297839,0.143214,0.106992,False,0.125103,11,3228841.0
cg09298313,-0.196215,-0.251641,False,0.223928,14,55103241.0
cg09302922,-0.074535,0.169829,False,0.122182,2,430886.0
cg09303642,-0.287905,-0.172897,False,0.230401,12,54297034.0
cg09312544,-0.089774,0.110324,False,0.100049,2,64442987.0
cg09312809,0.004448,-0.037196,False,0.020822,2,233013294.0
cg09313931,-0.098863,-0.113273,False,0.106068,6,149482308.0
cg09314421,-0.036648,0.141583,False,0.089115,8,21913741.0
cg09326135,-0.106231,-0.222721,False,0.164476,10,129892860.0
cg09328012,-0.085068,-0.297639,False,0.191354,22,46085797.0
cg09331545,-0.069316,-0.051634,False,0.060475,16,87702782.0
cg09347495,0.129047,-0.312085,False,0.220566,6,46081434.0
cg09353563,0.047722,-0.084653,False,0.066188,15,70702096.0
cg09354037,-0.146130,0.027227,False,0.086679,6,32845754.0
cg09361751,0.231419,-0.250213,False,0.240816,16,56426244.0
cg09370594,-0.046598,-0.135048,False,0.090823,19,2291873.0
cg09373676,0.144850,-0.063901,False,0.104375,4,185306089.0
cg09398856,-0.041015,0.172042,False,0.106528,2,234880832.0
cg09410871,-0.032449,0.115096,False,0.073773,10,8366628.0
cg09414426,-0.021042,-0.068349,False,0.044696,6,112237118.0
cg09418000,-0.056500,0.003927,False,0.030213,7,39016800.0
cg09419005,-0.128213,0.018461,False,0.073337,17,82449503.0
cg09422239,0.025705,0.067049,False,0.046377,7,46512857.0
cg09423097,-0.135954,-0.183199,False,0.159577,8,121238299.0
cg09424566,0.085857,0.287060,False,0.186459,7,129341763.0
cg09425032,-0.027206,0.324201,False,0.175703,19,14085770.0
cg09433910,0.021341,0.056746,False,0.039044,17,1723215.0
cg09435920,-0.077628,-0.274377,False,0.176003,17,77037257.0
cg09445935,0.091559,0.215644,False,0.153601,6,31169136.0
cg09447811,-0.282236,-0.323703,True,0.302969,3,122253774.0
cg09450200,0.245714,-0.134052,False,0.189883,7,149206103.0
cg09451413,0.061274,-0.040760,False,0.051017,5,170297787.0
cg09455513,-0.289848,-0.059013,False,0.174431,10,3750091.0
cg09455881,-0.303563,-0.074164,False,0.188863,3,47347246.0
cg09468264,0.281431,-0.005709,False,0.143570,1,58875241.0
cg09472600,-0.199785,-0.154981,False,0.177383,1,183568635.0
cg09480446,-0.202241,-0.064844,False,0.133542,7,108000490.0
cg09484077,0.039656,0.170074,False,0.104865,X,103775036.0
cg09510202,-0.140191,-0.156550,False,0.148370,6,13014639.0
cg09515921,0.137344,0.004740,False,0.071042,1,220884216.0
cg09517106,-0.133155,0.105444,False,0.119300,1,198935066.0
cg09522018,-0.086299,0.231894,False,0.159096,6,139323734.0
cg09532575,0.135790,-0.019210,False,0.077500,6,118903544.0
cg09534070,0.091895,0.157660,False,0.124777,2,48437599.0
cg09535924,-0.222864,-0.363255,True,0.293059,2,66444527.0
cg09538401,0.140675,0.127734,False,0.134204,11,111300605.0
cg09544630,0.078268,-0.077988,False,0.078128,7,942048.0
cg09548638,0.263857,0.105237,False,0.184547,5,149064181.0
cg09549329,0.118347,0.137044,False,0.127695,1,169885381.0
cg09550083,-0.132437,-0.272278,False,0.202358,2,66445205.0
cg09550909,0.110429,0.254036,False,0.182232,3,36908466.0
cg09554077,-0.082616,-0.283397,False,0.183007,10,44253930.0
cg09568647,-0.086185,0.041291,False,0.063738,5,54646408.0
cg09571376,0.221762,0.009516,False,0.115639,11,20023076.0
cg09572125,-0.220766,-0.242024,True,0.231395,6,33432700.0
cg09577651,0.013460,0.020514,False,0.016987,20,1620059.0
cg09579989,-0.025151,0.056900,False,0.041025,12,110247633.0
cg09580822,-0.238211,-0.184068,False,0.211140,10,129035739.0
cg09586060,0.064622,-0.068645,False,0.066634,11,114228364.0
cg09591524,0.039885,0.011763,False,0.025824,7,27110412.0
cg09592121,0.002209,-0.186029,False,0.094119,15,40798787.0
cg09596614,0.100728,-0.289284,False,0.195006,9,110208124.0
cg09596958,-0.058392,-0.218393,False,0.138392,12,57738322.0
cg09607679,0.014742,-0.180605,False,0.097674,17,47957931.0
cg09618830,0.102689,0.179903,False,0.141296,16,24568923.0
cg09622285,0.242719,0.229451,True,0.236085,4,87419795.0
cg09623510,0.201168,-0.150696,False,0.175932,3,14064251.0
cg09623845,0.045981,-0.022868,False,0.034424,3,3802203.0
cg09624130,0.014669,0.033986,False,0.024327,2,236052499.0
cg09632271,-0.050486,-0.179760,False,0.115123,4,67575504.0
cg09638208,0.120312,0.138457,False,0.129385,16,29745997.0
cg09639151,0.020878,0.140382,False,0.080630,5,141431353.0
cg09640300,0.143910,-0.010448,False,0.077179,6,7640911.0
cg09642378,-0.223390,-0.309864,True,0.266627,10,31927173.0
cg09644662,0.197993,-0.063877,False,0.130935,4,37583672.0
cg09645818,0.112371,0.118471,False,0.115421,11,10743045.0
cg09646026,0.088562,-0.121405,False,0.104984,4,106347873.0
cg09646593,0.208793,0.078577,False,0.143685,4,124710013.0
cg09657114,0.124290,-0.074384,False,0.099337,15,62561399.0
cg09671951,-0.148701,-0.124670,False,0.136686,10,102796575.0
cg09672233,0.026153,0.162354,False,0.094254,5,170297799.0
cg09677945,0.042600,-0.008627,False,0.025614,13,43023521.0
cg09684112,-0.193309,-0.305919,False,0.249614,10,13659447.0
cg09684264,0.110185,0.061863,False,0.086024,16,85892093.0
cg09684846,-0.225307,0.020970,False,0.123139,16,10818861.0
cg09690145,0.094456,-0.118322,False,0.106389,13,97953632.0
cg09691117,0.063806,0.163853,False,0.113830,17,7108267.0
cg09693106,-0.177597,-0.021911,False,0.099754,22,46053941.0
cg09694606,-0.077589,-0.049613,False,0.063601,10,92849281.0
cg09697984,0.161795,-0.035842,False,0.098818,8,74313051.0
cg09697999,-0.224013,-0.066763,False,0.145388,7,693561.0
cg09712066,0.033521,-0.147552,False,0.090537,5,60487802.0
cg09729395,0.089182,0.069329,False,0.079256,6,163195724.0
cg09735690,0.247176,0.167334,False,0.207255,8,48133269.0
cg09739398,-0.323774,-0.145337,False,0.234555,11,47395335.0
cg09752011,0.032161,-0.061024,False,0.046592,16,21233594.0
cg09753772,0.025033,0.210508,False,0.117770,2,3585817.0
cg09756865,0.110823,0.145760,False,0.128292,1,62783526.0
cg09760210,0.022519,0.154058,False,0.088288,2,191424432.0
cg09760574,-0.130404,-0.092135,False,0.111269,20,36017740.0
cg09761224,-0.027943,0.153764,False,0.090853,2,10546916.0
cg09762242,-0.258748,0.024462,False,0.141605,11,65640958.0
cg09768617,-0.006904,-0.059373,False,0.033139,7,27869317.0
cg09771226,-0.059469,-0.012897,False,0.036183,17,47708947.0
cg09776772,-0.047308,-0.264142,False,0.155725,7,2110899.0
cg09777775,-0.203228,-0.009544,False,0.106386,21,43916792.0
cg09785991,-0.082616,0.141237,False,0.111927,1,86468682.0
cg09787089,-0.212165,-0.575939,True,0.394052,1,54273503.0
cg09799714,-0.041018,0.146334,False,0.093676,11,119186001.0
cg09802688,0.161736,0.317069,False,0.239402,1,209768721.0
cg09804503,0.148025,-0.242452,False,0.195239,1,32765712.0
cg09804649,-0.013267,-0.017008,False,0.015138,6,168414935.0
cg09807817,0.109174,0.103683,False,0.106428,14,50024183.0
cg09810078,-0.132759,-0.063865,False,0.098312,6,30892488.0
cg09813986,0.182479,0.070265,False,0.126372,5,32445323.0
cg09814034,0.025879,-0.340100,False,0.182989,20,46247707.0
cg09814127,0.057918,-0.126988,False,0.092453,14,103126898.0
cg09820557,0.216457,0.048003,False,0.132230,17,8346031.0
cg09820673,-0.203358,-0.039356,False,0.121357,1,156139538.0
cg09825979,-0.008931,0.178529,False,0.093730,7,27139813.0
cg09829983,-0.094570,0.084752,False,0.089661,2,6877567.0
cg09835878,-0.017755,0.196295,False,0.107025,14,74348428.0
cg09837037,0.065690,0.087493,False,0.076591,5,1201487.0
cg09842053,-0.076739,0.038077,False,0.057408,2,31414983.0
cg09843907,0.131870,-0.203699,False,0.167784,13,42989211.0
cg09844573,-0.056820,0.011600,False,0.034210,20,63567837.0
cg09851620,0.083006,0.069938,False,0.076472,1,94937658.0
cg09853238,-0.331408,0.134723,False,0.233065,6,149211154.0
cg09861436,0.371519,-0.169554,False,0.270536,1,67050190.0
cg09861917,0.088709,-0.017746,False,0.053227,20,22586239.0
cg09862193,0.031353,-0.153707,False,0.092530,5,68534326.0
cg09866569,-0.192333,0.024152,False,0.108243,16,2687339.0
cg09867546,0.061162,0.085385,False,0.073274,6,168887170.0
cg09868598,0.038733,0.222196,False,0.130465,5,51378181.0
cg09869357,0.062901,0.200796,False,0.131848,1,12553285.0
cg09869729,-0.055374,0.124569,False,0.089971,5,176899527.0
cg09873164,0.230967,-0.040444,False,0.135706,1,152515617.0
cg09874415,0.257347,0.243794,True,0.250571,1,35524372.0
cg09890213,-0.206451,-0.128686,False,0.167569,12,52015249.0
cg09893465,0.049517,0.064584,False,0.057050,10,132774536.0
cg09897970,-0.113186,-0.006803,False,0.059994,16,29746023.0
cg09900436,0.141019,0.181483,False,0.161251,20,60055899.0
cg09902130,-0.037377,0.097250,False,0.067314,11,60971706.0
cg09906780,0.201525,0.067964,False,0.134745,2,218231514.0
cg09915396,-0.230411,-0.021324,False,0.125868,17,3004601.0
cg09918657,0.013240,0.058271,False,0.035755,16,14303350.0
cg09921821,-0.096951,0.028393,False,0.062672,4,3370201.0
cg09926389,0.087354,-0.083593,False,0.085474,19,41331218.0
cg09926649,0.113376,0.006743,False,0.060060,22,19950573.0
cg09929567,0.004476,0.019527,False,0.012001,14,75470086.0
cg09933345,0.099472,-0.091419,False,0.095445,1,111289940.0
cg09938443,0.226896,0.119561,False,0.173228,16,84986262.0
cg09942220,0.205753,0.021135,False,0.113444,7,87221372.0
cg09946623,0.038707,0.237139,False,0.137923,16,29662612.0
cg09946870,0.035712,0.012333,False,0.024022,8,141179501.0
cg09948958,-0.105603,0.104403,False,0.105003,14,93976709.0
cg09951047,0.123435,-0.026552,False,0.074993,9,95086024.0
cg09957864,0.061289,-0.253318,False,0.157303,8,144503143.0
cg09958402,-0.196797,-0.081967,False,0.139382,15,25798969.0
cg09958560,0.256075,0.082187,False,0.169131,10,112811936.0
cg09966895,-0.083792,0.009484,False,0.046638,11,79027281.0
cg09973663,0.070676,0.432203,False,0.251440,2,191250442.0
cg09973676,0.315172,0.063047,False,0.189110,8,81094182.0
cg09978533,-0.294110,-0.204236,True,0.249173,22,46069280.0
cg09981407,0.097283,0.021069,False,0.059176,17,2796211.0
cg09981432,0.132255,0.028473,False,0.080364,2,117856802.0
cg09984479,-0.061958,-0.073793,False,0.067876,22,38239614.0
cg09988116,0.028505,-0.039871,False,0.034188,1,43285022.0
cg09988805,0.266291,0.177162,False,0.221727,2,43051414.0
cg09989939,-0.145978,0.041377,False,0.093678,13,98578098.0
cg09990962,-0.030507,0.035078,False,0.032793,1,3247867.0
cg09994756,-0.049468,0.007344,False,0.028406,4,8183436.0
cg09997714,0.182787,0.273058,False,0.227923,6,165647930.0
cg10003032,-0.009888,-0.069845,False,0.039867,7,6160485.0
cg10005998,-0.193791,0.125321,False,0.159556,10,99994568.0
cg10009801,-0.256768,-0.303811,True,0.280289,6,30200868.0
cg10023454,-0.040041,-0.172707,False,0.106374,1,180168783.0
cg10024501,-0.140599,-0.100633,False,0.120616,6,43695910.0
cg10030162,-0.210619,-0.225880,True,0.218249,16,49557292.0
cg10034028,0.186845,-0.097825,False,0.142335,2,150600639.0
cg10045909,-0.138216,-0.081975,False,0.110095,16,31064521.0
cg10055231,-0.216731,-0.074677,False,0.145704,1,6591298.0
cg10055471,0.264850,0.135480,False,0.200165,1,26913828.0
cg10061770,-0.228167,-0.220400,True,0.224283,16,68332941.0
cg10062193,-0.273116,0.223040,False,0.248078,4,47531888.0
cg10080732,-0.048261,0.212448,False,0.130354,17,1723281.0
cg10082313,0.190981,0.001719,False,0.096350,6,11434821.0
cg10087556,0.000008,-0.165034,False,0.082521,7,116592765.0
cg10095954,-0.117093,-0.043980,False,0.080537,17,3945030.0
cg10098021,-0.029043,-0.072734,False,0.050889,6,30685955.0
cg10100887,0.155229,0.078585,False,0.116907,20,57698203.0
cg10103635,0.034963,0.234347,False,0.134655,11,67558531.0
cg10109731,-0.008944,0.009820,False,0.009382,16,88406133.0
cg10110335,-0.034370,0.045808,False,0.040089,3,12156130.0
cg10113526,-0.086310,0.046720,False,0.066515,8,141153638.0
cg10120764,0.012352,-0.071698,False,0.042025,1,115924542.0
cg10122877,0.200944,0.048028,False,0.124486,4,37583739.0
cg10126181,-0.013987,-0.087060,False,0.050524,6,21831820.0
cg10138338,0.071863,-0.148200,False,0.110032,8,141279549.0
cg10141013,0.275593,0.003912,False,0.139753,2,173352785.0
cg10143751,-0.129164,-0.086190,False,0.107677,6,134909410.0
cg10147797,0.231667,0.009736,False,0.120702,16,82011473.0
cg10147974,-0.259747,0.193891,False,0.226819,12,1649898.0
cg10152627,-0.033416,0.222458,False,0.127937,3,182500544.0
cg10152904,0.076419,-0.175728,False,0.126073,16,10708073.0
cg10169194,-0.069693,0.022877,False,0.046285,22,41367249.0
cg10171357,-0.046333,0.270002,False,0.158168,15,96367311.0
cg10173620,0.167746,-0.138753,False,0.153249,15,89115673.0
cg10177032,0.006267,-0.143098,False,0.074683,16,4053491.0
cg10180415,-0.063924,-0.036481,False,0.050203,1,116515346.0
cg10187713,0.068864,-0.065122,False,0.066993,20,50729150.0
cg10193711,-0.173002,0.031902,False,0.102452,14,22448805.0
cg10194160,0.012287,-0.098582,False,0.055435,6,30103610.0
cg10196071,0.154414,-0.052576,False,0.103495,1,244733702.0
cg10207553,-0.197845,-0.145063,False,0.171454,15,64985639.0
cg10213875,0.071880,-0.215087,False,0.143483,7,48090217.0
cg10222823,0.237911,-0.098958,False,0.168434,6,30103572.0
cg10227280,0.161623,0.287768,False,0.224695,16,85394489.0
cg10229594,0.002161,0.046707,False,0.024434,7,5237557.0
cg10231182,0.056209,-0.277850,False,0.167030,12,15662893.0
cg10235741,-0.207691,0.122194,False,0.164943,3,58214599.0
cg10240356,0.111180,0.168342,False,0.139761,1,244757384.0
cg10254035,0.117227,0.192070,False,0.154649,6,21741404.0
cg10255237,-0.265529,0.068726,False,0.167127,12,89756845.0
cg10276869,0.030866,-0.192765,False,0.111816,16,85302398.0
cg10283505,-0.271912,-0.262141,True,0.267026,11,94545746.0
cg10283825,-0.061971,0.194052,False,0.128012,6,30103491.0
cg10292154,-0.161403,0.169659,False,0.165531,16,27450124.0
cg10296410,-0.006799,0.054769,False,0.030784,22,41699364.0
cg10301695,-0.280244,-0.158141,False,0.219193,12,6124551.0
cg10307052,0.192759,-0.041999,False,0.117379,17,21162229.0
cg10308414,0.182094,0.263200,False,0.222647,9,126015479.0
cg10310700,0.358736,0.213578,True,0.286157,17,82914585.0
cg10316525,-0.167400,0.048957,False,0.108179,15,40279936.0
cg10317717,-0.000377,-0.318127,False,0.159252,7,48090307.0
cg10318197,0.203144,-0.265885,False,0.234515,8,140284073.0
cg10322573,0.239608,0.044368,False,0.141988,14,89441534.0
cg10326726,0.143258,-0.113363,False,0.128310,10,46046316.0
cg10329345,0.108930,-0.044797,False,0.076864,1,44617407.0
cg10329550,0.125612,-0.070856,False,0.098234,14,20578553.0
cg10330955,0.162179,0.043600,False,0.102890,15,84606866.0
cg10334121,-0.083704,0.033735,False,0.058719,3,138010153.0
cg10334750,-0.015474,-0.116470,False,0.065972,8,100336228.0
cg10336039,-0.008518,0.086207,False,0.047363,17,78838907.0
cg10338518,-0.295228,-0.141402,False,0.218315,4,86973985.0
cg10340117,-0.033624,0.145162,False,0.089393,19,3984060.0
cg10351284,-0.112116,-0.225896,False,0.169006,8,124604984.0
cg10352237,-0.116906,-0.137692,False,0.127299,22,46085368.0
cg10362613,0.023242,-0.359941,False,0.191591,8,19319659.0
cg10369242,-0.003030,-0.050111,False,0.026570,12,52231702.0
cg10371483,0.122283,0.154498,False,0.138390,16,4102044.0
cg10372121,-0.244598,0.390094,False,0.317346,13,30371739.0
cg10375884,0.053715,-0.095019,False,0.074367,21,33227664.0
cg10376161,-0.290749,0.030110,False,0.160430,1,111515257.0
cg10378521,0.132128,-0.388612,False,0.260370,12,132525026.0
cg10379476,-0.248886,-0.169319,False,0.209103,11,1307249.0
cg10380328,0.068848,0.148103,False,0.108476,4,188031972.0
cg10390473,0.113493,0.050011,False,0.081752,4,163854111.0
cg10393744,-0.274155,0.248670,False,0.261413,4,159048551.0
cg10400081,-0.050762,-0.120626,False,0.085694,11,76588638.0
cg10400707,-0.306632,0.066266,False,0.186449,1,160400050.0
cg10403251,0.144377,0.149226,False,0.146801,16,9112441.0
cg10411272,-0.137705,-0.106372,False,0.122039,4,185638553.0
cg10430205,0.043945,-0.097771,False,0.070858,1,88892305.0
cg10435245,-0.259635,-0.139908,False,0.199772,11,47378447.0
cg10438560,0.102596,-0.023766,False,0.063181,1,53176562.0
cg10439431,0.080135,-0.024819,False,0.052477,17,36018135.0
cg10453419,-0.063142,0.102367,False,0.082754,15,101451355.0
cg10454568,-0.059048,-0.069575,False,0.064311,14,96424295.0
cg10455321,-0.020948,-0.238103,False,0.129526,11,46247764.0
cg10456121,-0.047609,-0.163722,False,0.105666,2,176490553.0
cg10463299,-0.226901,0.126547,False,0.176724,20,56412274.0
cg10464462,-0.116111,0.149801,False,0.132956,17,35090040.0
cg10486610,-0.136170,-0.285919,False,0.211044,20,62667325.0
cg10487659,0.034877,-0.218953,False,0.126915,16,4102080.0
cg10490645,0.067613,-0.071566,False,0.069589,11,112964402.0
cg10491452,-0.245447,-0.025696,False,0.135571,16,88800219.0
cg10494449,0.002039,0.013871,False,0.007955,10,132782545.0
cg10496150,0.016001,-0.102800,False,0.059401,17,79949804.0
cg10501093,0.033070,-0.072030,False,0.052550,14,103127183.0
cg10501210,-0.470769,-0.267640,True,0.369205,1,207823675.0
cg10501360,-0.105359,0.198670,False,0.152014,10,48463622.0
cg10505610,0.299900,-0.271173,False,0.285536,5,172355203.0
cg10506844,-0.085883,-0.072962,False,0.079422,10,99521446.0
cg10507156,-0.040635,0.133904,False,0.087269,12,121465525.0
cg10510478,-0.022620,-0.238551,False,0.130585,3,138009968.0
cg10510796,-0.031662,0.093146,False,0.062404,12,98499858.0
cg10511890,-0.005471,-0.010971,False,0.008221,11,47394936.0
cg10520672,-0.169398,-0.188149,False,0.178773,16,85985074.0
cg10521403,0.015035,-0.214318,False,0.114677,4,1761484.0
cg10530767,-0.152542,0.095391,False,0.123967,17,58331667.0
cg10531055,0.057670,0.058338,False,0.058004,6,7251163.0
cg10531918,-0.145241,-0.018904,False,0.082073,3,53155874.0
cg10535597,-0.020061,0.064959,False,0.042510,12,111076965.0
cg10542975,0.085743,-0.002686,False,0.044215,11,67437625.0
cg10546210,0.004479,-0.132627,False,0.068553,14,20707679.0
cg10548978,-0.266314,-0.260209,True,0.263262,10,70785297.0
cg10550245,-0.228072,-0.029541,False,0.128807,7,48102152.0
cg10560561,0.078258,-0.000521,False,0.039389,2,121429723.0
cg10567378,-0.161379,-0.115093,False,0.138236,6,38177456.0
cg10572465,-0.088227,-0.149485,False,0.118856,1,113871420.0
cg10575547,0.028972,0.293866,False,0.161419,6,42316108.0
cg10590292,-0.167398,0.125443,False,0.146420,12,51323890.0
cg10591771,-0.065720,-0.059832,False,0.062776,19,3671120.0
cg10592478,0.174201,-0.014847,False,0.094524,12,53218857.0
cg10593028,0.234661,0.066656,False,0.150658,11,108552064.0
cg10594510,0.159629,0.037430,False,0.098529,5,1089638.0
cg10602180,-0.174781,-0.037994,False,0.106388,3,138010291.0
cg10604373,0.041529,-0.284325,False,0.162927,3,194286903.0
cg10615591,-0.177797,-0.096753,False,0.137275,20,63687080.0
cg10616411,0.105775,0.161729,False,0.133752,10,116671416.0
cg10616974,-0.187099,0.296380,False,0.241740,17,76515637.0
cg10627429,-0.016047,-0.023868,False,0.019957,10,113751376.0
cg10646968,0.068147,0.030137,False,0.049142,10,109969225.0
cg10649042,-0.072999,0.104404,False,0.088701,X,129779810.0
cg10651669,0.003268,-0.287204,False,0.145236,15,101267189.0
cg10653573,0.045264,0.253492,False,0.149378,8,140337198.0
cg10653926,-0.073921,0.205907,False,0.139914,19,1069321.0
cg10665961,0.284610,0.081332,False,0.182971,17,9054722.0
cg10669279,0.176496,-0.134186,False,0.155341,6,46759113.0
cg10673833,0.162614,0.142157,False,0.152386,7,44979250.0
cg10674293,0.021428,-0.051241,False,0.036334,13,33678281.0
cg10674754,0.079336,-0.080791,False,0.080063,4,8454292.0
cg10687219,0.356996,0.035516,False,0.196256,11,68406818.0
cg10687936,-0.119729,-0.062415,False,0.091072,3,125366478.0
cg10692467,-0.027154,0.219680,False,0.123417,3,50275590.0
cg10694598,0.068079,-0.217167,False,0.142623,7,96327863.0
cg10702041,0.186639,-0.135959,False,0.161299,7,151081731.0
cg10710218,-0.278700,-0.127049,False,0.202874,1,54547316.0
cg10717189,-0.057989,0.126861,False,0.092425,2,113977994.0
cg10727416,0.116190,-0.064938,False,0.090564,19,36576440.0
cg10737521,-0.140525,0.024986,False,0.082755,5,179908243.0
cg10748746,0.093061,-0.053375,False,0.073218,11,116035218.0
cg10754561,0.061227,-0.234971,False,0.148099,11,114961281.0
cg10764492,0.046708,-0.026149,False,0.036428,12,106645239.0
cg10768932,-0.208347,-0.015163,False,0.111755,1,198621608.0
cg10782575,-0.111344,-0.038093,False,0.074719,11,2301313.0
cg10783294,0.140367,-0.045211,False,0.092789,12,570502.0
cg10784090,0.081438,-0.242723,False,0.162080,3,137998756.0
cg10784258,-0.053714,0.024143,False,0.038928,6,56846408.0
cg10784776,-0.019072,-0.148547,False,0.083809,3,69088749.0
cg10812236,-0.324091,-0.120307,False,0.222199,2,68365262.0
cg10814803,0.122682,0.244594,False,0.183638,2,63046805.0
cg10817916,-0.145258,-0.100377,False,0.122817,17,63433708.0
cg10818657,0.126140,0.095996,False,0.111068,2,74740563.0
cg10820084,-0.039659,-0.204820,False,0.122240,17,50189783.0
cg10823804,-0.192798,-0.019880,False,0.106339,1,31577320.0
cg10830322,0.251498,0.017884,False,0.134691,8,132561117.0
cg10832107,0.222178,-0.120056,False,0.171117,1,67459209.0
cg10841756,-0.012247,-0.013426,False,0.012837,1,161089477.0
cg10845380,0.328233,0.128571,False,0.228402,14,22821589.0
cg10851763,-0.275028,0.081482,False,0.178255,21,42125682.0
cg10861751,-0.200955,-0.145077,False,0.173016,1,192575586.0
cg10868156,-0.121017,-0.060630,False,0.090824,17,17810050.0
cg10881616,-0.089234,-0.047401,False,0.068317,17,28746596.0
cg10884539,-0.130577,0.013595,False,0.072086,6,2752126.0
cg10885417,-0.071488,0.000391,False,0.035940,7,107976505.0
cg10887810,0.060894,0.125354,False,0.093124,1,118899501.0
cg10898989,0.170720,-0.020258,False,0.095489,22,44664489.0
cg10902850,0.076008,-0.110909,False,0.093459,3,106728597.0
cg10925082,-0.107769,-0.127691,False,0.117730,12,14961769.0
cg10938446,-0.016803,-0.094891,False,0.055847,2,113118146.0
cg10941424,0.091882,-0.236289,False,0.164086,12,5185792.0
cg10941835,0.205887,-0.095999,False,0.150943,20,51802809.0
cg10942056,0.072015,0.179948,False,0.125981,1,222928506.0
cg10944833,-0.047027,-0.015558,False,0.031293,6,17702229.0
cg10947764,0.215542,0.091090,False,0.153316,1,30977035.0
cg10953436,0.141748,0.015816,False,0.078782,14,95457639.0
cg10958087,0.103892,-0.102926,False,0.103409,5,130975268.0
cg10970751,0.100944,-0.324070,False,0.212507,13,42118833.0
cg10976626,0.023047,-0.258593,False,0.140820,1,158353051.0
cg10981747,-0.179809,-0.137219,False,0.158514,10,113678370.0
cg10993086,-0.005449,0.009280,False,0.007365,1,159949560.0
cg10999000,0.006317,0.144748,False,0.075533,13,110527678.0
cg11001085,-0.167382,0.034742,False,0.101062,3,49902693.0
cg11002033,-0.005510,0.144654,False,0.075082,6,30103449.0
cg11003536,0.081553,0.094937,False,0.088245,11,130486807.0
cg11009590,0.152653,-0.071372,False,0.112012,6,148761512.0
cg11010552,-0.172807,-0.384355,False,0.278581,5,132002785.0
cg11014582,0.234089,-0.027061,False,0.130575,13,75759591.0
cg11018723,0.135716,0.005240,False,0.070478,1,24930448.0
cg11022062,0.156901,0.026622,False,0.091762,3,117588496.0
cg11030264,-0.068783,0.057610,False,0.063197,17,57136295.0
cg11036980,0.018208,-0.073269,False,0.045738,3,184900356.0
cg11042501,0.012956,0.051247,False,0.032101,11,4849223.0
cg11046836,-0.016534,0.114592,False,0.065563,14,71621717.0
cg11056406,0.071031,0.095756,False,0.083393,8,143821481.0
cg11060199,0.014123,0.067061,False,0.040592,11,126331015.0
cg11076714,-0.006843,-0.026019,False,0.016431,3,52516214.0
cg11079635,0.165360,-0.029642,False,0.097501,10,112374142.0
cg11084443,-0.087423,-0.215111,False,0.151267,15,66671415.0
cg11085304,0.076852,-0.319732,False,0.198292,10,11005623.0
cg11090458,0.171450,0.017713,False,0.094581,7,74258605.0
cg11098622,0.078677,0.207992,False,0.143335,5,102870118.0
cg11100157,-0.179736,-0.338938,False,0.259337,5,16737940.0
cg11105292,-0.096191,-0.092832,False,0.094512,7,32762952.0
cg11113066,0.158958,-0.048217,False,0.103588,10,99522224.0
cg11117637,0.091494,-0.055265,False,0.073380,5,150166803.0
cg11119596,0.105014,-0.076542,False,0.090778,3,111542163.0
cg11135108,0.057758,-0.058856,False,0.058307,1,154957315.0
cg11143193,-0.053016,0.134604,False,0.093810,12,123229006.0
cg11147886,-0.125750,0.011419,False,0.068584,16,69564267.0
cg11149566,0.205229,-0.037802,False,0.121516,4,128338992.0
cg11152263,0.149760,0.179358,False,0.164559,7,530005.0
cg11152302,-0.199316,-0.257290,False,0.228303,14,24398266.0
cg11153400,-0.125723,-0.016022,False,0.070873,22,46053618.0
cg11155924,-0.154176,0.285788,False,0.219982,11,70603153.0
cg11158374,-0.017413,-0.205633,False,0.111523,21,42351555.0
cg11172483,0.218759,-0.061612,False,0.140185,11,79189851.0
cg11176159,-0.024884,-0.023789,False,0.024337,1,27887289.0
cg11180921,-0.165049,-0.062933,False,0.113991,11,57322752.0
cg11181763,-0.066680,-0.250908,False,0.158794,5,158952070.0
cg11192895,0.142418,0.080749,False,0.111583,13,21022543.0
cg11194108,0.085730,0.184717,False,0.135224,1,215004085.0
cg11197913,0.213254,0.104115,False,0.158684,1,148829602.0
cg11203905,-0.024573,-0.219414,False,0.121993,1,156137768.0
cg11204562,-0.188714,-0.222052,False,0.205383,10,113751394.0
cg11205006,0.014696,-0.015351,False,0.015023,22,26479533.0
cg11208869,0.095592,0.106838,False,0.101215,5,154287503.0
cg11211563,0.096125,0.044783,False,0.070454,12,57610122.0
cg11219400,-0.173704,0.221938,False,0.197821,3,36908475.0
cg11220502,0.194445,-0.108043,False,0.151244,13,106493723.0
cg11223933,0.214017,-0.065461,False,0.139739,17,45241770.0
cg11231018,0.111918,-0.004869,False,0.058394,10,88663651.0
cg11235297,-0.240834,-0.060050,False,0.150442,5,1108200.0
cg11235411,-0.001447,-0.016346,False,0.008896,10,35771441.0
cg11236550,-0.034089,0.056760,False,0.045425,1,167121520.0
cg11242581,0.112605,-0.063626,False,0.088115,5,154186359.0
cg11244091,-0.038917,-0.075863,False,0.057390,19,45865372.0
cg11245053,-0.056878,-0.044569,False,0.050723,12,48023166.0
cg11260046,-0.038984,0.206043,False,0.122513,22,41699532.0
cg11261655,-0.194082,-0.026040,False,0.110061,11,124117710.0
cg11261691,0.207484,-0.202546,False,0.205015,20,32326641.0
cg11264392,0.059652,0.027968,False,0.043810,19,15453281.0
cg11267683,-0.070493,-0.120326,False,0.095410,17,78505299.0
cg11285912,0.126925,-0.073169,False,0.100047,10,125024372.0
cg11288144,0.095955,0.119624,False,0.107790,6,30682132.0
cg11288260,-0.098068,0.199083,False,0.148575,13,99464804.0
cg11289878,0.125874,-0.078537,False,0.102205,4,110200526.0
cg11303988,-0.081577,-0.243769,False,0.162673,8,19409174.0
cg11309462,-0.195486,-0.030657,False,0.113072,2,25362792.0
cg11310496,-0.022612,-0.004954,False,0.013783,10,116620663.0
cg11313951,0.177811,-0.026931,False,0.102371,4,146472560.0
cg11316131,-0.056378,0.099125,False,0.077752,5,180803767.0
cg11337525,0.211953,0.099505,False,0.155729,19,44915160.0
cg11343177,-0.074138,-0.280714,False,0.177426,7,77692511.0
cg11344997,-0.010349,-0.042779,False,0.026564,19,3463790.0
cg11345955,-0.103097,-0.161108,False,0.132102,15,85543443.0
cg11351837,0.126863,-0.025279,False,0.076071,17,28405254.0
cg11358945,0.046798,0.034910,False,0.040854,2,156329379.0
cg11361335,0.166006,0.138181,False,0.152093,5,154273923.0
cg11361387,0.066660,-0.009797,False,0.038228,22,19962350.0
cg11362010,0.055943,-0.028340,False,0.042142,3,181724925.0
cg11372934,-0.241924,-0.128134,False,0.185029,4,1201530.0
cg11376341,-0.086467,-0.242821,False,0.164644,10,21507223.0
cg11391618,0.060993,-0.282522,False,0.171757,17,71327901.0
cg11394600,-0.059424,0.060803,False,0.060113,7,112081178.0
cg11397957,-0.058325,-0.068410,False,0.063367,5,132873509.0
cg11398451,0.138230,0.054692,False,0.096461,15,90592837.0
cg11401820,-0.195960,0.098836,False,0.147398,15,82132943.0
cg11406780,0.183729,-0.068174,False,0.125952,15,81418767.0
cg11406977,-0.107640,-0.024943,False,0.066292,11,103851233.0
cg11419262,0.128361,0.275553,False,0.201957,3,194122392.0
cg11430077,-0.044954,0.026160,False,0.035557,10,8057055.0
cg11434705,-0.059650,-0.114951,False,0.087300,19,1851996.0
cg11436362,-0.227246,0.142028,False,0.184637,11,67286458.0
cg11441533,0.016607,0.160207,False,0.088407,12,63901583.0
cg11445109,-0.071813,-0.195261,False,0.133537,10,133529744.0
cg11453174,-0.070361,-0.043873,False,0.057117,6,136191630.0
cg11459773,0.310346,-0.087241,False,0.198794,19,44758798.0
cg11464160,-0.257980,-0.211753,True,0.234866,2,131112825.0
cg11465213,-0.046707,-0.109597,False,0.078152,15,90336926.0
cg11474701,-0.226406,-0.207882,True,0.217144,11,121323189.0
cg11484936,-0.019498,0.017189,False,0.018343,3,168342973.0
cg11507895,0.047823,-0.141883,False,0.094853,4,86108970.0
cg11508595,0.052543,0.124173,False,0.088358,2,191270589.0
cg11518550,0.047463,0.094449,False,0.070956,11,13008175.0
cg11519176,-0.224281,0.004237,False,0.114259,1,156242010.0
cg11526198,-0.305388,0.100402,False,0.202895,1,23528355.0
cg11528914,-0.018850,0.264957,False,0.141903,5,170297764.0
cg11532179,-0.003095,0.140312,False,0.071703,8,4471628.0
cg11532431,-0.027463,-0.108017,False,0.067740,7,27130055.0
cg11538810,-0.117704,-0.151090,False,0.134397,22,46085847.0
cg11546385,-0.044850,-0.056546,False,0.050698,11,269375.0
cg11549417,-0.102346,-0.101960,False,0.102153,13,114049167.0
cg11551464,-0.054584,-0.038820,False,0.046702,8,48683178.0
cg11552363,-0.084725,0.211189,False,0.147957,8,140049801.0
cg11553618,-0.024995,0.115285,False,0.070140,4,184983892.0
cg11565786,0.013446,0.040842,False,0.027144,5,31944864.0
cg11572080,0.237247,0.266899,True,0.252073,6,111603955.0
cg11575644,-0.035043,0.059481,False,0.047262,19,10354035.0
cg11580390,0.166817,0.110569,False,0.138693,15,40035828.0
cg11580575,0.043883,-0.004870,False,0.024377,5,154793955.0
cg11584098,0.063215,-0.159668,False,0.111442,5,116579303.0
cg11586666,0.155354,-0.079786,False,0.117570,5,168402216.0
cg11586930,-0.005869,0.149733,False,0.077801,1,58848842.0
cg11591485,-0.188047,-0.255333,False,0.221690,3,125120796.0
cg11598403,-0.079489,-0.149688,False,0.114589,18,77087544.0
cg11599864,-0.008986,-0.194600,False,0.101793,6,38177688.0
cg11601297,-0.064080,-0.181944,False,0.123012,19,40718242.0
cg11614093,0.039827,0.065365,False,0.052596,6,155085164.0
cg11617144,0.195289,-0.145846,False,0.170567,8,144504389.0
cg11628487,-0.206555,-0.004518,False,0.105536,9,128688694.0
cg11641702,0.048774,-0.046664,False,0.047719,7,107961211.0
cg11644370,0.083680,-0.170860,False,0.127270,17,75557830.0
cg11644585,0.024100,-0.111893,False,0.067996,17,9054702.0
cg11655390,-0.018917,-0.098707,False,0.058812,2,197313023.0
cg11676189,-0.245693,0.003283,False,0.124488,2,69648338.0
cg11679455,0.206740,-0.211498,False,0.209119,10,8058798.0
cg11679871,-0.129867,-0.123749,False,0.126808,10,13346567.0
cg11692070,0.003999,0.046152,False,0.025075,7,103149959.0
cg11693285,-0.034286,-0.029751,False,0.032018,10,130129081.0
cg11694519,-0.047438,0.028254,False,0.037846,11,111912839.0
cg11698445,-0.018692,0.033357,False,0.026025,5,139733762.0
cg11703729,0.039649,-0.143451,False,0.091550,10,13809615.0
cg11706226,-0.043318,-0.054352,False,0.048835,15,81098993.0
cg11706717,0.111674,0.050712,False,0.081193,1,236040366.0
cg11721464,-0.021760,0.183065,False,0.102413,19,42199611.0
cg11724984,0.013051,-0.174224,False,0.093638,12,121453061.0
cg11731793,0.057422,0.082194,False,0.069808,10,89829477.0
cg11732226,0.063352,-0.025692,False,0.044522,6,20320145.0
cg11732301,0.196259,0.045576,False,0.120917,1,12150738.0
cg11733245,-0.095678,-0.076759,False,0.086219,10,6062349.0
cg11737030,0.175732,0.008851,False,0.092292,6,30103518.0
cg11737879,0.175169,0.269787,False,0.222478,6,143457927.0
cg11738486,-0.076174,-0.125014,False,0.100594,19,6744887.0
cg11744817,0.048953,-0.208386,False,0.128670,6,166463338.0
cg11744966,0.022786,-0.024941,False,0.023864,22,38110764.0
cg11748354,-0.064833,0.295779,False,0.180306,6,53335899.0
cg11750112,0.034540,0.199645,False,0.117093,1,64473059.0
cg11753750,-0.014083,0.004170,False,0.009127,22,38751787.0
cg11767757,0.299239,0.273829,True,0.286534,21,38773480.0
cg11771735,0.113569,-0.005265,False,0.059417,6,3129161.0
cg11779113,-0.099800,0.070348,False,0.085074,20,63567803.0
cg11779395,0.134313,-0.175243,False,0.154778,4,141234137.0
cg11781335,0.145457,0.211724,False,0.178591,10,30529652.0
cg11783901,0.008289,-0.041134,False,0.024711,17,49024638.0
cg11784578,-0.219182,0.075806,False,0.147494,4,184439994.0
cg11786966,0.113894,-0.076473,False,0.095184,1,64042560.0
cg11789612,0.166366,-0.156733,False,0.161550,15,41502214.0
cg11802442,-0.026916,0.163522,False,0.095219,1,202015503.0
cg11802899,-0.183690,0.150793,False,0.167241,14,52401152.0
cg11804789,0.210444,0.202121,True,0.206283,20,24949080.0
cg11827998,-0.069366,-0.244486,False,0.156926,14,105529348.0
cg11831003,0.016970,0.195646,False,0.106308,11,5624799.0
cg11831182,-0.103325,-0.332172,False,0.217749,1,156134823.0
cg11844856,0.018398,0.131952,False,0.075175,14,58533785.0
cg11847964,0.038389,0.147540,False,0.092965,12,68429232.0
cg11849327,-0.172557,-0.193529,False,0.183043,10,74922937.0
cg11850468,-0.043112,-0.061764,False,0.052438,5,180804185.0
cg11852333,0.042253,-0.097263,False,0.069758,15,98785563.0
cg11855117,-0.051567,0.138652,False,0.095110,1,91828070.0
cg11858226,-0.077638,0.398987,False,0.238312,7,2508628.0
cg11862144,-0.009920,0.150323,False,0.080121,18,63476728.0
cg11864201,0.174836,0.002247,False,0.088542,17,80023399.0
cg11868247,0.291085,-0.288091,False,0.289588,7,7923179.0
cg11870561,0.076846,-0.173262,False,0.125054,7,33733950.0
cg11872504,-0.131306,0.056217,False,0.093762,15,23687932.0
cg11884933,-0.240722,-0.076807,False,0.158765,7,2734780.0
cg11887083,0.059253,0.295806,False,0.177529,6,75255843.0
cg11888747,0.076206,0.106488,False,0.091347,3,9780132.0
cg11891735,0.037993,-0.213750,False,0.125872,19,3057564.0
cg11898646,0.125003,0.055285,False,0.090144,5,159095419.0
cg11903188,0.102131,0.011819,False,0.056975,2,238286961.0
cg11909137,0.017875,0.157645,False,0.087760,18,48934832.0
cg11910759,0.067169,-0.061579,False,0.064374,17,7108200.0
cg11914795,-0.116835,-0.191124,False,0.153980,10,61662797.0
cg11915444,-0.116927,-0.334267,False,0.225597,2,12096886.0
cg11919577,-0.097650,-0.018830,False,0.058240,8,118279509.0
cg11928064,-0.138081,0.174553,False,0.156317,3,124818963.0
cg11932158,-0.154495,0.089646,False,0.122071,3,155704340.0
cg11935592,0.005051,-0.225183,False,0.115117,4,48985007.0
cg11937508,0.110966,-0.074299,False,0.092633,2,206218879.0
cg11943056,0.003260,-0.248950,False,0.126105,6,31877636.0
cg11944110,-0.094284,0.082945,False,0.088615,12,117143262.0
cg11944797,0.019742,0.126193,False,0.072967,13,98483457.0
cg11951433,-0.229389,0.027132,False,0.128260,11,130208341.0
cg11958128,-0.234055,0.020366,False,0.127210,12,3117279.0
cg11959156,0.253557,0.054428,False,0.153992,20,64234038.0
cg11962524,0.163341,-0.147652,False,0.155496,11,60852151.0
cg11969213,0.008306,-0.162037,False,0.085172,17,45246955.0
cg11969813,-0.083080,-0.133547,False,0.108313,17,81858683.0
cg11977716,0.059310,0.038916,False,0.049113,18,79524742.0
cg11988036,0.094352,-0.207750,False,0.151051,20,62603815.0
cg11997708,-0.079628,0.131172,False,0.105400,13,114162379.0
cg12008047,0.023861,0.195086,False,0.109474,19,18386333.0
cg12011343,0.007839,-0.130660,False,0.069250,6,20320192.0
cg12017558,-0.088300,-0.309736,False,0.199018,7,2249462.0
cg12018521,0.061014,0.239357,False,0.150185,7,116218080.0
cg12018718,-0.140319,-0.206710,False,0.173515,2,8543959.0
cg12024826,-0.218433,0.063778,False,0.141106,10,48685291.0
cg12026992,0.017372,-0.048561,False,0.032966,10,88244254.0
cg12028842,0.129123,0.132396,False,0.130759,19,29814467.0
cg12032648,0.141799,0.213896,False,0.177848,2,165820387.0
cg12036544,-0.118591,-0.056314,False,0.087452,10,21724848.0
cg12036735,-0.160390,0.021257,False,0.090823,8,20312405.0
cg12036877,-0.061507,-0.014531,False,0.038019,1,156242105.0
cg12042264,-0.172673,-0.124965,False,0.148819,20,45820054.0
cg12042952,-0.000130,0.206651,False,0.103390,2,100106778.0
cg12043732,-0.216725,-0.290791,True,0.253758,20,62652871.0
cg12050271,0.171707,0.007591,False,0.089649,1,3063835.0
cg12063688,-0.125526,-0.022514,False,0.074020,14,64706609.0
cg12067423,-0.061912,0.253649,False,0.157781,15,84598402.0
cg12075498,0.022640,-0.262908,False,0.142774,1,64962533.0
cg12079904,-0.318017,-0.216694,True,0.267356,2,42968405.0
cg12082609,-0.263152,-0.196411,False,0.229781,2,66444595.0
cg12093662,-0.003316,-0.112937,False,0.058127,2,68774738.0
cg12094965,-0.025975,0.272041,False,0.149008,12,109311838.0
cg12098228,0.054510,0.107072,False,0.080791,7,2066686.0
cg12102235,-0.154711,-0.151067,False,0.152889,1,8986948.0
cg12106761,0.128371,-0.003001,False,0.065686,14,105438390.0
cg12106976,-0.205746,-0.125886,False,0.165816,6,151681724.0
cg12107466,0.054761,0.180142,False,0.117452,10,104586347.0
cg12116027,0.004665,-0.022834,False,0.013750,12,57736627.0
cg12120406,-0.133549,0.027983,False,0.080766,17,27495030.0
cg12122057,-0.015825,-0.131235,False,0.073530,11,12111468.0
cg12123728,-0.103152,0.037401,False,0.070277,14,64990335.0
cg12124094,-0.092565,-0.252387,False,0.172476,17,66437626.0
cg12138102,-0.059850,-0.468421,False,0.264135,15,23688413.0
cg12140749,0.107369,0.090232,False,0.098801,14,68797322.0
cg12152443,-0.026999,-0.050822,False,0.038910,6,30103191.0
cg12157364,0.005626,-0.080933,False,0.043279,11,121742149.0
cg12163532,0.282404,-0.018770,False,0.150587,8,100416415.0
cg12177314,0.090022,-0.089034,False,0.089528,1,177872574.0
cg12177909,-0.029522,-0.134803,False,0.082162,11,14670050.0
cg12183875,0.074914,0.303962,False,0.189438,3,169869666.0
cg12183978,0.206462,0.085068,False,0.145765,5,102867367.0
cg12186317,0.163944,-0.102538,False,0.133241,5,1183058.0
cg12187098,0.119761,0.082068,False,0.100915,12,9112457.0
cg12194594,0.269615,-0.022469,False,0.146042,13,112771936.0
cg12198140,-0.097439,-0.108187,False,0.102813,3,16801880.0
cg12198334,-0.049224,0.104214,False,0.076719,11,70845927.0
cg12200038,0.130892,0.143429,False,0.137160,14,37622265.0
cg12200164,0.033366,-0.085323,False,0.059344,6,137879542.0
cg12201544,0.210883,0.027094,False,0.118989,6,168887192.0
cg12208532,0.198060,0.229185,False,0.213622,14,97640959.0
cg12220426,-0.048937,-0.128692,False,0.088815,2,75056144.0
cg12225526,0.182947,0.011143,False,0.097045,10,21507459.0
cg12232146,-0.058589,-0.155654,False,0.107121,12,75954157.0
cg12232903,-0.274582,-0.101682,False,0.188132,4,10684789.0
cg12238593,-0.191745,0.155003,False,0.173374,6,26440112.0
cg12245706,0.097165,-0.176275,False,0.136720,2,71596354.0
cg12253175,-0.082691,-0.173098,False,0.127894,12,57738310.0
cg12253437,0.026677,0.098133,False,0.062405,6,32845671.0
cg12260801,0.019139,0.011294,False,0.015216,7,1005521.0
cg12272297,0.071447,-0.051634,False,0.061541,6,135921206.0
cg12273284,-0.038200,0.157147,False,0.097673,10,12448845.0
cg12281446,-0.122258,0.199597,False,0.160927,15,42495104.0
cg12283393,0.176155,0.159691,False,0.167923,11,1853215.0
cg12283658,0.039076,-0.067219,False,0.053147,7,158909890.0
cg12284789,-0.124631,-0.221719,False,0.173175,17,76137978.0
cg12286415,0.057057,0.171305,False,0.114181,13,30373985.0
cg12299554,-0.215211,-0.125042,False,0.170127,15,94297724.0
cg12303521,0.050863,0.027773,False,0.039318,10,44910739.0
cg12303981,0.026195,-0.184360,False,0.105278,6,2244532.0
cg12305431,0.110015,0.079470,False,0.094743,7,27118236.0
cg12306086,-0.193550,-0.159773,False,0.176662,4,105196590.0
cg12309653,0.013013,-0.074501,False,0.043757,15,36878253.0
cg12329318,0.007349,-0.109591,False,0.058470,2,189121591.0
cg12332674,-0.176329,-0.112259,False,0.144294,6,34285043.0
cg12349181,-0.158157,-0.035293,False,0.096725,17,81083246.0
cg12352601,-0.010016,-0.059352,False,0.034684,12,121509719.0
cg12356155,0.165991,-0.119291,False,0.142641,17,7770006.0
cg12360046,0.129970,-0.179089,False,0.154530,19,15457700.0
cg12360935,-0.139736,-0.093236,False,0.116486,5,170330750.0
cg12363726,-0.091949,-0.093873,False,0.092911,17,81037742.0
cg12364994,-0.034195,-0.076676,False,0.055436,11,69252030.0
cg12388541,-0.078238,-0.273659,False,0.175948,6,168373095.0
cg12388682,0.058306,0.154717,False,0.106511,3,71757135.0
cg12395259,0.183075,-0.093181,False,0.138128,2,63044792.0
cg12407685,0.091578,0.169820,False,0.130699,6,7165414.0
cg12412030,0.070578,0.146650,False,0.108614,18,8406759.0
cg12417955,0.148009,-0.061613,False,0.104811,10,132774307.0
cg12418762,0.117424,-0.024051,False,0.070738,13,113417629.0
cg12422539,0.098655,0.089550,False,0.094103,6,2515103.0
cg12426496,0.003158,0.007263,False,0.005211,1,67751914.0
cg12431891,0.058955,0.128096,False,0.093525,3,115239852.0
cg12440069,0.152310,0.006244,False,0.079277,12,68964236.0
cg12441066,-0.179493,0.040704,False,0.110099,17,57379174.0
cg12466022,0.193973,-0.254879,False,0.224426,1,244614203.0
cg12475142,-0.017605,0.112650,False,0.065128,17,81038596.0
cg12486521,-0.079717,-0.202876,False,0.141296,1,113887193.0
cg12491368,0.163816,-0.012935,False,0.088376,13,31949203.0
cg12491643,0.136104,0.040148,False,0.088126,15,63461498.0
cg12492900,0.080063,-0.001893,False,0.040978,12,132066533.0
cg12496211,0.026907,-0.071372,False,0.049140,12,2083894.0
cg12496307,-0.034839,0.169117,False,0.101978,17,36591198.0
cg12504877,0.075098,0.161402,False,0.118250,20,36630167.0
cg12512771,-0.158762,-0.275367,False,0.217064,7,17690403.0
cg12527995,-0.254525,0.103820,False,0.179173,1,52637622.0
cg12528056,0.087051,-0.108207,False,0.097629,11,60852482.0
cg12537394,-0.090987,-0.284923,False,0.187955,7,155619208.0
cg12554857,-0.320403,0.013680,False,0.167042,4,94342868.0
cg12556823,-0.062781,-0.135643,False,0.099212,6,21023254.0
cg12557254,-0.124161,0.048612,False,0.086387,5,150528275.0
cg12565355,0.162209,-0.326143,False,0.244176,19,35743824.0
cg12565635,0.216162,0.344084,True,0.280123,7,16805707.0
cg12573502,0.081357,0.156717,False,0.119037,11,2464051.0
cg12578486,0.346921,0.291023,True,0.318972,13,99356703.0
cg12589486,0.058028,0.116815,False,0.087421,5,150524346.0
cg12592365,0.213774,0.121346,False,0.167560,17,80792148.0
cg12593223,-0.103281,0.001024,False,0.052153,17,82297634.0
cg12598837,-0.253320,-0.048110,False,0.150715,11,113975066.0
cg12600692,0.112041,0.010651,False,0.061346,2,197944666.0
cg12602405,0.069246,0.282282,False,0.175764,17,81489798.0
cg12603369,-0.132572,-0.058102,False,0.095337,2,204282666.0
cg12604858,-0.044240,0.062954,False,0.053597,6,38094126.0
cg12608692,0.105668,-0.227018,False,0.166343,5,16741911.0
cg12609829,-0.119064,0.092930,False,0.105997,15,38696554.0
cg12611195,0.099262,0.088603,False,0.093933,6,150150027.0
cg12611897,0.048064,-0.086115,False,0.067089,3,155631427.0
cg12617080,-0.249040,-0.220131,True,0.234585,1,156540052.0
cg12624805,-0.087655,0.019208,False,0.053431,2,237291563.0
cg12625300,-0.134607,0.046446,False,0.090526,6,2959387.0
cg12626242,0.033204,0.176374,False,0.104789,11,2077630.0
cg12626589,0.044326,0.006321,False,0.025324,6,32153006.0
cg12635790,0.225951,0.262164,True,0.244057,8,95100586.0
cg12641024,-0.051448,-0.257019,False,0.154234,17,41914438.0
cg12641165,0.034367,-0.134722,False,0.084545,1,3134965.0
cg12642725,-0.049026,-0.004366,False,0.026696,12,15218793.0
cg12651761,0.088992,-0.002196,False,0.045594,17,18224708.0
cg12654045,0.126829,0.100451,False,0.113640,1,17233111.0
cg12655375,0.169605,-0.094513,False,0.132059,6,35318583.0
cg12661316,-0.118263,0.380254,False,0.249258,1,6969175.0
cg12661964,-0.193689,-0.069939,False,0.131814,17,43005760.0
cg12671632,-0.065601,-0.040879,False,0.053240,6,422935.0
cg12675571,-0.122457,-0.051486,False,0.086971,5,149429158.0
cg12676534,0.089047,0.061271,False,0.075159,20,31862053.0
cg12689670,-0.022018,-0.110889,False,0.066454,1,183040212.0
cg12689888,0.109306,0.180748,False,0.145027,1,93275785.0
cg12710648,-0.026569,-0.237072,False,0.131820,1,7248031.0
cg12713583,-0.182656,-0.058340,False,0.120498,19,940724.0
cg12715285,0.238795,0.065137,False,0.151966,1,3587561.0
cg12734023,-0.115895,0.172880,False,0.144387,2,64636446.0
cg12737833,0.040797,-0.152932,False,0.096864,2,100884081.0
cg12743388,-0.040813,-0.042476,False,0.041645,1,84289608.0
cg12748607,0.297328,-0.148656,False,0.222992,2,40451551.0
cg12749468,0.065696,0.175162,False,0.120429,3,184037719.0
cg12752420,-0.009952,0.097051,False,0.053502,1,43285692.0
cg12753366,0.111936,0.058950,False,0.085443,10,650381.0
cg12755471,0.059606,0.012668,False,0.036137,12,92703004.0
cg12787530,0.080913,0.208549,False,0.144731,6,136032641.0
cg12792363,-0.280089,-0.111714,False,0.195901,11,63506558.0
cg12793123,-0.182211,-0.071626,False,0.126919,22,24427586.0
cg12798524,0.164610,0.038685,False,0.101647,1,159141633.0
cg12800105,0.274027,0.033966,False,0.153996,12,121534507.0
cg12803754,-0.224372,-0.062865,False,0.143618,5,14676351.0
cg12806892,-0.029993,-0.019669,False,0.024831,12,112902536.0
cg12810626,0.008865,-0.241158,False,0.125012,1,160794874.0
cg12811617,-0.164383,-0.067957,False,0.116170,14,104980361.0
cg12817352,0.039273,-0.095763,False,0.067518,17,83091206.0
cg12822010,0.190560,0.213169,False,0.201865,8,140335224.0
cg12835012,-0.182861,-0.000724,False,0.091793,4,182874632.0
cg12835118,-0.247845,0.221907,False,0.234876,3,56755082.0
cg12837306,-0.001753,0.004275,False,0.003014,7,157279832.0
cg12839654,-0.167635,-0.100635,False,0.134135,7,48108359.0
cg12855851,0.094625,0.155131,False,0.124878,6,41747447.0
cg12865818,-0.020016,-0.026579,False,0.023297,8,95114371.0
cg12874792,0.151943,-0.151964,False,0.151953,14,68364381.0
cg12876356,-0.145597,0.114511,False,0.130054,1,92481268.0
cg12883279,0.059991,-0.204104,False,0.132048,6,32152996.0
cg12883629,0.123903,0.319478,False,0.221691,6,25042269.0
cg12887033,-0.036115,0.106171,False,0.071143,17,266857.0
cg12893736,0.046925,-0.187718,False,0.117322,17,74433497.0
cg12895546,-0.051582,0.121899,False,0.086740,11,68434776.0
cg12910797,-0.115933,0.044728,False,0.080331,17,48574360.0
cg12912737,-0.105458,-0.084195,False,0.094827,20,31475235.0
cg12917790,0.080310,0.064800,False,0.072555,14,93137960.0
cg12930304,-0.090777,-0.028335,False,0.059556,6,2818757.0
cg12930392,-0.183935,-0.069846,False,0.126891,3,196754744.0
cg12932102,0.068278,-0.070943,False,0.069610,6,168650751.0
cg12937434,-0.077878,-0.161084,False,0.119481,17,58328587.0
cg12938320,-0.045446,-0.051003,False,0.048224,3,138010067.0
cg12940781,0.055778,-0.064662,False,0.060220,X,119875710.0
cg12940886,0.024868,-0.211569,False,0.118218,13,59415794.0
cg12965512,0.125166,-0.077483,False,0.101325,12,71158556.0
cg12967050,0.062085,-0.076241,False,0.069163,19,35742396.0
cg12967164,0.050440,-0.132497,False,0.091469,7,1714001.0
cg12968041,0.182565,0.026209,False,0.104387,22,28884944.0
cg12968732,0.092152,0.077338,False,0.084745,2,67561736.0
cg12974599,-0.051058,0.108736,False,0.079897,22,46374298.0
cg12979234,0.078251,-0.211939,False,0.145095,7,44043919.0
cg12982531,0.142050,0.220497,False,0.181274,6,71228786.0
cg12992827,-0.271338,-0.094992,False,0.183165,3,102182390.0
cg13000789,-0.085919,0.007374,False,0.046647,6,56724457.0
cg13002957,0.000792,-0.006606,False,0.003699,3,138009996.0
cg13007502,-0.089993,0.017401,False,0.053697,2,207931047.0
cg13026795,0.010335,0.072903,False,0.041619,3,16338456.0
cg13028819,-0.197168,-0.201434,False,0.199301,7,156364995.0
cg13029429,0.180623,-0.050836,False,0.115729,14,94034223.0
cg13030503,0.070289,0.190364,False,0.130327,18,8069733.0
cg13030790,0.026722,0.032220,False,0.029471,21,35049206.0
cg13041080,0.049301,0.058600,False,0.053950,6,52239820.0
cg13041597,0.059990,-0.001376,False,0.030683,2,2682026.0
cg13049471,0.216944,0.073383,False,0.145163,17,76645085.0
cg13060642,0.040304,0.188815,False,0.114559,3,52522627.0
cg13060970,-0.323132,-0.073025,False,0.198078,2,68365217.0
cg13066703,-0.021673,0.015353,False,0.018513,1,211353363.0
cg13067635,-0.164128,0.324812,False,0.244470,1,5466624.0
cg13071660,-0.111737,-0.023967,False,0.067852,8,140287745.0
cg13075951,0.121204,0.266142,False,0.193673,6,39314617.0
cg13079123,-0.122509,-0.205476,False,0.163993,15,67039575.0
cg13092487,0.007007,-0.136892,False,0.071949,11,64891474.0
cg13096278,0.226193,0.017963,False,0.122078,17,50692979.0
cg13097090,0.061382,-0.248021,False,0.154702,14,74348455.0
cg13100753,0.202734,-0.133443,False,0.168088,1,198541123.0
cg13115952,-0.088763,-0.237781,False,0.163272,8,54443919.0
cg13126638,-0.103664,-0.283377,False,0.193520,12,6377914.0
cg13128937,0.207089,-0.045071,False,0.126080,13,94705489.0
cg13130398,-0.231988,0.133716,False,0.182852,1,174875259.0
cg13145528,0.072251,0.047024,False,0.059638,7,143934751.0
cg13151811,0.196978,-0.193178,False,0.195078,11,68429866.0
cg13154413,-0.015672,-0.043931,False,0.029801,14,103728844.0
cg13155549,-0.107613,-0.229050,False,0.168331,14,102683963.0
cg13155823,0.046837,-0.022596,False,0.034716,8,80081486.0
cg13165140,0.033359,0.115569,False,0.074464,6,32845745.0
cg13172549,-0.011864,-0.051317,False,0.031590,7,27114017.0
cg13173898,-0.261904,0.368637,False,0.315271,1,41003915.0
cg13178361,-0.287450,-0.290409,True,0.288929,1,162562712.0
cg13187009,-0.147825,0.014020,False,0.080922,20,57390441.0
cg13189207,0.104778,0.097407,False,0.101093,1,44617452.0
cg13201927,0.133678,0.165944,False,0.149811,12,93583671.0
cg13203394,-0.100854,0.001671,False,0.051262,12,26798284.0
cg13206932,-0.046368,0.044539,False,0.045453,1,85582228.0
cg13208054,0.084615,0.035562,False,0.060089,17,27609328.0
cg13213810,0.175961,-0.158469,False,0.167215,22,50720292.0
cg13214190,0.038031,0.082757,False,0.060394,7,106865469.0
cg13220901,0.244315,0.044355,False,0.144335,12,52125505.0
cg13221924,-0.295336,-0.292470,True,0.293903,17,6591760.0
cg13222022,0.255025,0.088593,False,0.171809,17,60940321.0
cg13231921,-0.066948,0.114557,False,0.090752,13,94708288.0
cg13237265,0.141970,0.140348,False,0.141159,12,91146139.0
cg13239848,-0.222371,-0.124354,False,0.173363,1,12153457.0
cg13245817,0.096847,0.091574,False,0.094211,7,47441626.0
cg13247398,-0.280437,-0.239248,True,0.259843,11,46345290.0
cg13249833,-0.090782,-0.182793,False,0.136788,12,106246141.0
cg13255208,-0.053950,-0.131477,False,0.092714,14,103698846.0
cg13257331,0.025768,-0.005302,False,0.015535,3,50330675.0
cg13263472,0.041919,-0.158018,False,0.099968,14,102126819.0
cg13273540,-0.270416,-0.305856,True,0.288136,3,177132439.0
cg13292636,0.157767,0.175797,False,0.166782,8,21913747.0
cg13293524,-0.151164,-0.125185,False,0.138175,17,48574460.0
cg13295262,-0.021011,-0.097315,False,0.059163,2,176490344.0
cg13306522,-0.096591,-0.067585,False,0.082088,5,55223766.0
cg13315923,0.012827,-0.084477,False,0.048652,3,172203905.0
cg13318787,0.059152,-0.035761,False,0.047456,5,50966343.0
cg13322063,-0.100645,0.296803,False,0.198724,5,83919516.0
cg13322252,-0.088164,0.125493,False,0.106828,1,15066297.0
cg13329862,-0.085898,-0.106918,False,0.096408,6,30883099.0
cg13332142,0.111630,-0.115091,False,0.113361,3,27533787.0
cg13334949,-0.334667,-0.079015,False,0.206841,20,45842429.0
cg13340126,0.045923,0.054534,False,0.050229,5,501919.0
cg13340765,-0.146199,0.058160,False,0.102180,8,141266188.0
cg13345957,0.332948,0.027367,False,0.180158,7,157004548.0
cg13361585,0.118705,0.105026,False,0.111865,1,246796174.0
cg13364311,-0.130941,-0.042546,False,0.086743,2,221468569.0
cg13364756,0.091793,0.003986,False,0.047890,7,99827570.0
cg13366501,0.077857,-0.015723,False,0.046790,15,67915813.0
cg13369952,0.198757,0.001392,False,0.100075,5,147645396.0
cg13371705,-0.282389,0.018542,False,0.150465,12,2343789.0
cg13371870,-0.099830,-0.043147,False,0.071488,1,245123285.0
cg13375427,0.096298,-0.105743,False,0.101020,17,41060435.0
cg13377341,0.060679,-0.156326,False,0.108503,6,41747543.0
cg13391244,-0.240982,-0.239837,True,0.240410,7,120989584.0
cg13392184,-0.128722,-0.063514,False,0.096118,X,149505825.0
cg13393433,-0.107284,-0.068660,False,0.087972,10,61766093.0
cg13395086,-0.138449,0.311124,False,0.224787,11,65640974.0
cg13399773,0.018090,0.018141,False,0.018116,20,36112190.0
cg13399952,-0.161487,-0.003504,False,0.082496,9,129890610.0
cg13407335,-0.009070,-0.156963,False,0.083016,17,7929534.0
cg13408086,-0.017397,-0.078458,False,0.047927,9,137326945.0
cg13408655,-0.436842,-0.340655,True,0.388749,9,99058562.0
cg13411286,0.281711,0.130159,False,0.205935,2,190500412.0
cg13412754,-0.072904,0.179307,False,0.126105,9,125545299.0
cg13415795,-0.087437,-0.025089,False,0.056263,15,78103976.0
cg13415831,-0.344032,-0.295973,True,0.320002,9,89522876.0
cg13421412,-0.018727,-0.063894,False,0.041310,3,52495377.0
cg13430450,-0.139046,0.181887,False,0.160467,9,104928783.0
cg13432087,0.036550,0.327118,False,0.181834,8,41665962.0
cg13432682,-0.083149,-0.101438,False,0.092294,1,226677620.0
cg13434570,0.078245,-0.029481,False,0.053863,1,206024234.0
cg13442034,-0.072733,0.068292,False,0.070513,6,135850372.0
cg13442386,0.044423,-0.009726,False,0.027074,6,38177349.0
cg13443385,0.200556,-0.067200,False,0.133878,2,191380459.0
cg13443968,-0.092108,-0.121471,False,0.106789,2,220225787.0
cg13446911,-0.069014,0.124405,False,0.096709,9,93315418.0
cg13448197,-0.024037,-0.003572,False,0.013805,10,43350833.0
cg13450427,-0.023748,0.075722,False,0.049735,13,26215142.0
cg13453589,-0.034705,0.127811,False,0.081258,9,33850101.0
cg13456960,-0.056885,0.293071,False,0.174978,19,5139468.0
cg13466917,0.014586,0.057461,False,0.036023,17,59039055.0
cg13468685,-0.320329,0.097302,False,0.208815,2,68365605.0
cg13469457,0.134426,0.016527,False,0.075476,9,107739705.0
cg13470063,-0.320291,-0.135356,False,0.227823,1,43300535.0
cg13473184,-0.050303,-0.123485,False,0.086894,1,154932328.0
cg13475583,-0.117673,0.289385,False,0.203529,1,234980984.0
cg13484467,-0.060163,0.058594,False,0.059378,17,83089908.0
cg13484608,-0.075973,0.046897,False,0.061435,17,21288140.0
cg13485335,0.047479,0.093866,False,0.070672,11,120290839.0
cg13485533,0.097339,0.130707,False,0.114023,4,85929568.0
cg13486082,0.126145,-0.155823,False,0.140984,X,103374942.0
cg13487445,-0.015637,0.187757,False,0.101697,9,131274839.0
cg13488556,-0.084947,0.102225,False,0.093586,15,43239849.0
cg13491945,0.117313,0.062879,False,0.090096,12,106684632.0
cg13493526,0.022514,0.073023,False,0.047768,14,77026445.0
cg13495918,0.085372,0.034693,False,0.060033,1,161605534.0
cg13496041,-0.185423,0.055631,False,0.120527,3,14453218.0
cg13502716,0.198066,0.306002,False,0.252034,3,52247693.0
cg13508904,-0.179009,-0.062035,False,0.120522,9,128555051.0
cg13513864,0.195281,-0.138525,False,0.166903,20,31475446.0
cg13518121,0.027353,0.140144,False,0.083748,11,12412838.0
cg13522882,0.268782,0.179084,False,0.223933,2,101700034.0
cg13523819,0.152077,-0.156321,False,0.154199,3,69866298.0
cg13531977,0.141120,0.135290,False,0.138205,9,109251140.0
cg13544966,0.083101,-0.203814,False,0.143458,10,594145.0
cg13545089,0.172256,0.165545,False,0.168900,19,5915026.0
cg13545717,-0.046649,0.011514,False,0.029081,9,123823596.0
cg13551074,-0.034444,-0.064355,False,0.049399,2,242075801.0
cg13552373,0.020362,0.019650,False,0.020006,9,89676354.0
cg13553204,-0.015268,-0.142391,False,0.078830,1,26178057.0
cg13553293,-0.080683,0.096598,False,0.088640,17,43006117.0
cg13555415,-0.019202,0.055167,False,0.037185,9,131578862.0
cg13558774,-0.264345,-0.029017,False,0.146681,4,1202237.0
cg13561792,-0.012784,0.000140,False,0.006462,17,3946991.0
cg13568106,0.045258,-0.114091,False,0.079675,17,28508097.0
cg13573115,0.131125,0.045297,False,0.088211,9,4294020.0
cg13573245,0.214585,0.020395,False,0.117490,19,5913979.0
cg13573582,-0.275506,-0.293791,True,0.284649,1,44422261.0
cg13581832,-0.219366,-0.205594,True,0.212480,3,9902253.0
cg13582950,-0.086953,-0.177001,False,0.131977,11,111353646.0
cg13587665,0.072856,-0.078106,False,0.075481,3,128435401.0
cg13589218,0.032144,0.099312,False,0.065728,7,4744333.0
cg13590228,0.055401,0.034957,False,0.045179,3,150760138.0
cg13595161,0.032760,0.109139,False,0.070950,10,125024819.0
cg13595495,0.107475,-0.134676,False,0.121076,9,134387566.0
cg13597554,-0.216261,-0.236894,True,0.226578,15,49440085.0
cg13599613,-0.258719,-0.230251,True,0.244485,9,127762623.0
cg13600201,0.021672,0.198425,False,0.110048,9,137299482.0
cg13600216,0.147721,0.151791,False,0.149756,9,32564893.0
cg13603214,-0.020675,-0.142179,False,0.081427,2,85692877.0
cg13603805,-0.154209,0.005362,False,0.079786,17,7434044.0
cg13608733,-0.106022,-0.089734,False,0.097878,11,8206475.0
cg13616508,-0.228687,-0.086370,False,0.157528,7,76327806.0
cg13617561,-0.161783,-0.243808,False,0.202796,11,67454602.0
cg13619387,-0.096528,0.095898,False,0.096213,9,89435398.0
cg13622920,-0.140473,0.021056,False,0.080764,5,56513570.0
cg13629388,-0.443563,-0.085439,False,0.264501,6,170378692.0
cg13632218,0.050588,0.004458,False,0.027523,10,132167890.0
cg13635184,0.051255,0.047765,False,0.049510,7,149206034.0
cg13647973,0.068623,0.015120,False,0.041872,19,55549971.0
cg13648550,0.044379,0.125616,False,0.084998,9,27379520.0
cg13649600,0.078759,0.104098,False,0.091428,2,70943761.0
cg13656752,-0.085615,-0.001402,False,0.043509,5,172111330.0
cg13660082,0.123452,0.191706,False,0.157579,14,52727324.0
cg13661703,-0.067237,0.139271,False,0.103254,7,107995074.0
cg13663116,0.147227,-0.014546,False,0.080886,9,113609754.0
cg13666174,0.097537,-0.196995,False,0.147266,6,22585045.0
cg13670531,0.216135,0.213315,True,0.214725,10,114306762.0
cg13672800,-0.067483,0.022040,False,0.044762,20,2814548.0
cg13675753,-0.020812,-0.221266,False,0.121039,11,128867520.0
cg13682735,0.074795,-0.116562,False,0.095679,3,129688687.0
cg13683667,0.065176,-0.017317,False,0.041247,1,9467149.0
cg13689411,-0.091892,-0.103566,False,0.097729,10,58792964.0
cg13690407,-0.021269,-0.126424,False,0.073847,1,33007577.0
cg13695041,-0.245846,-0.236392,True,0.241119,11,124146761.0
cg13695746,-0.062765,0.016421,False,0.039593,10,12960582.0
cg13700912,0.037064,-0.093227,False,0.065145,7,1928712.0
cg13702536,0.033836,0.047914,False,0.040875,12,122731006.0
cg13703871,0.185754,0.034746,False,0.110250,19,9362998.0
cg13705674,-0.083990,-0.055448,False,0.069719,14,22906257.0
cg13706079,0.109522,0.159838,False,0.134680,14,54713242.0
cg13712197,0.056869,0.056367,False,0.056618,12,124360328.0
cg13713739,0.061992,0.058964,False,0.060478,9,129721098.0
cg13716585,-0.028539,-0.013146,False,0.020842,14,22448817.0
cg13720048,0.092856,-0.121854,False,0.107355,18,57798839.0
cg13721134,0.166294,0.155806,False,0.161050,8,85438161.0
cg13723005,0.048969,-0.134389,False,0.091679,9,114330895.0
cg13725899,-0.012162,-0.406319,False,0.209241,9,136527657.0
cg13737221,0.120257,0.098397,False,0.109327,9,127755490.0
cg13739417,-0.247348,-0.057859,False,0.152603,2,218125904.0
cg13743731,-0.057135,-0.139230,False,0.098183,19,11093771.0
cg13747137,0.205467,0.094880,False,0.150174,15,100124639.0
cg13761321,-0.188220,-0.181083,False,0.184651,9,95006489.0
cg13774342,-0.007171,0.148904,False,0.078037,13,50128659.0
cg13777287,-0.096016,-0.047474,False,0.071745,6,154509034.0
cg13778201,0.106275,-0.061800,False,0.084037,15,90930135.0
cg13784312,-0.312530,-0.093227,False,0.202878,9,131733678.0
cg13788625,-0.137626,-0.102441,False,0.120033,9,137446326.0
cg13799772,-0.249264,-0.192895,False,0.221080,3,130081730.0
cg13802883,0.117931,0.287222,False,0.202577,7,23709914.0
cg13807254,-0.040418,-0.021010,False,0.030714,9,126857534.0
cg13810101,0.006335,-0.168401,False,0.087368,4,187506812.0
cg13810673,-0.176204,0.009223,False,0.092714,14,88006694.0
cg13821008,-0.127303,0.192648,False,0.159976,2,174634385.0
cg13823492,0.200148,0.061361,False,0.130755,10,62637316.0
cg13826564,-0.097145,-0.148994,False,0.123070,11,65539260.0
cg13828227,0.039951,0.072752,False,0.056351,9,127754816.0
cg13828674,-0.083093,0.072367,False,0.077730,2,69009793.0
cg13852536,0.035862,0.196408,False,0.116135,9,32567047.0
cg13853198,-0.178542,-0.043820,False,0.111181,1,161215302.0
cg13857210,-0.150849,-0.047024,False,0.098936,9,136107371.0
cg13858407,-0.089825,-0.086385,False,0.088105,2,235026962.0
cg13859346,0.143688,-0.144924,False,0.144306,10,338566.0
cg13861904,-0.146626,-0.151652,False,0.149139,9,136533554.0
cg13871565,0.071635,-0.096733,False,0.084184,1,244810263.0
cg13883576,-0.058879,-0.129930,False,0.094404,12,12999533.0
cg13885357,0.056810,-0.010635,False,0.033722,12,52790257.0
cg13898166,0.041744,-0.214794,False,0.128269,4,7758333.0
cg13898510,0.107996,-0.050571,False,0.079284,10,12045934.0
cg13899718,-0.128044,-0.200431,False,0.164237,1,150975356.0
cg13900763,0.012118,-0.067159,False,0.039639,9,134268627.0
cg13904968,0.071622,-0.000148,False,0.035885,20,57560956.0
cg13912307,0.149003,0.165323,False,0.157163,11,47394984.0
cg13917433,0.041201,0.175267,False,0.108234,3,52688429.0
cg13924510,-0.068905,-0.058667,False,0.063786,11,36090805.0
cg13924715,-0.068231,0.042500,False,0.055365,11,10729343.0
cg13924996,-0.198621,-0.016530,False,0.107576,11,67286358.0
cg13933043,-0.240490,0.016267,False,0.128379,7,131012112.0
cg13934406,-0.086182,-0.058086,False,0.072134,6,32153101.0
cg13937155,-0.218149,-0.247185,True,0.232667,17,1645587.0
cg13937462,-0.030223,-0.115920,False,0.073071,11,624908.0
cg13952483,0.224845,-0.057933,False,0.141389,1,222928440.0
cg13960999,-0.006329,-0.245670,False,0.125999,13,73249376.0
cg13969788,-0.162640,-0.078853,False,0.120746,9,35689478.0
cg13972706,-0.195187,0.244384,False,0.219785,6,144350550.0
cg13973436,0.097779,0.103919,False,0.100849,16,67394995.0
cg13977427,0.183395,-0.113928,False,0.148661,6,28925222.0
cg13980266,-0.141099,-0.011289,False,0.076194,9,94259987.0
cg13985135,0.177845,0.175320,False,0.176582,1,155672036.0
cg13995599,0.212273,0.040012,False,0.126142,13,112771956.0
cg13997975,0.046576,-0.038142,False,0.042359,10,75398744.0
cg13998890,-0.083001,0.152518,False,0.117760,5,15897815.0
cg14003853,-0.173974,0.146508,False,0.160241,15,85707139.0
cg14004847,0.075732,0.129274,False,0.102503,7,1890701.0
cg14009912,-0.081399,-0.140106,False,0.110752,9,89021936.0
cg14011554,0.070207,0.099120,False,0.084663,9,125895531.0
cg14013103,0.058150,0.049466,False,0.053808,19,42199457.0
cg14015285,-0.063918,0.110160,False,0.087039,3,155310086.0
cg14020052,-0.221053,0.180983,False,0.201018,2,239252963.0
cg14022995,0.208557,-0.219435,False,0.213996,11,2376120.0
cg14023009,-0.294590,-0.269695,True,0.282142,8,1922632.0
cg14023573,-0.049846,-0.037289,False,0.043568,8,139959054.0
cg14028671,-0.000737,0.067348,False,0.034042,9,137043106.0
cg14040131,0.010587,-0.044421,False,0.027504,9,136352922.0
cg14040679,-0.028393,0.200889,False,0.114641,9,96049160.0
cg14042099,0.088090,-0.034747,False,0.061419,11,114198079.0
cg14043752,0.193137,-0.120383,False,0.156760,2,64542983.0
cg14051336,0.097302,0.025948,False,0.061625,5,150135754.0
cg14064762,-0.136498,-0.017062,False,0.076780,9,120926467.0
cg14071179,0.063755,0.037672,False,0.050714,5,123099386.0
cg14072016,0.227320,-0.101716,False,0.164518,10,338712.0
cg14075393,0.049081,-0.112063,False,0.080572,13,25911432.0
cg14076258,-0.134663,-0.365204,False,0.249933,11,77472762.0
cg14076360,0.106052,-0.056630,False,0.081341,5,62621536.0
cg14076977,-0.121804,0.191088,False,0.156446,15,40308083.0
cg14081667,0.023250,-0.036984,False,0.030117,21,43362617.0
cg14081744,-0.046358,-0.048926,False,0.047642,11,12248739.0
cg14082893,-0.087048,-0.212882,False,0.149965,15,75108590.0
cg14083015,0.000620,0.125296,False,0.062958,6,25041862.0
cg14088196,-0.103745,0.228861,False,0.166303,11,70365302.0
cg14088811,-0.215980,-0.051031,False,0.133506,11,47378443.0
cg14100398,0.000381,0.145559,False,0.072970,7,11820772.0
cg14101959,0.012422,-0.000853,False,0.006637,9,125467514.0
cg14104148,0.092389,-0.170643,False,0.131516,11,126333238.0
cg14106234,-0.009112,0.046452,False,0.027782,10,3763134.0
cg14106719,0.005279,0.353490,False,0.179384,9,77909455.0
cg14108492,0.202302,-0.172494,False,0.187398,20,36431729.0
cg14115220,0.127778,0.209081,False,0.168430,20,59958366.0
cg14121282,-0.203173,-0.305226,True,0.254199,9,134376228.0
cg14137625,0.016706,-0.157530,False,0.087118,9,133911268.0
cg14138235,-0.316976,-0.078305,False,0.197641,14,55815250.0
cg14147196,-0.019504,0.088115,False,0.053810,3,11037293.0
cg14158583,-0.157693,-0.002554,False,0.080123,1,161089668.0
cg14161589,0.062495,0.089212,False,0.075853,7,4809308.0
cg14166284,-0.029211,-0.213002,False,0.121107,1,220882377.0
cg14166701,0.056101,-0.199187,False,0.127644,14,104108378.0
cg14170043,-0.013074,-0.028804,False,0.020939,2,58976558.0
cg14172428,0.115670,-0.110521,False,0.113095,9,69172244.0
cg14176836,0.071462,0.331764,False,0.201613,16,30472897.0
cg14185957,0.069022,0.014109,False,0.041565,9,128690177.0
cg14189583,0.068241,0.098990,False,0.083615,19,42199700.0
cg14190128,-0.049196,0.087584,False,0.068390,9,87727723.0
cg14190534,0.068597,-0.258193,False,0.163395,14,90382072.0
cg14191688,-0.156344,-0.094834,False,0.125589,11,70410929.0
cg14193097,0.139270,0.150285,False,0.144777,9,113387858.0
cg14196395,0.223415,0.037755,False,0.130585,2,71596387.0
cg14197071,-0.058073,0.176554,False,0.117313,4,80189305.0
cg14198768,0.029364,0.142629,False,0.085996,9,86494589.0
cg14200569,-0.055334,-0.063336,False,0.059335,1,3135361.0
cg14204619,-0.061664,-0.015927,False,0.038796,11,1448140.0
cg14207921,-0.015118,-0.228912,False,0.122015,14,20430626.0
cg14209518,-0.078177,0.147573,False,0.112875,11,114295914.0
cg14213105,-0.181899,-0.239753,False,0.210826,9,124218043.0
cg14216068,0.186749,0.014552,False,0.100650,7,27106826.0
cg14216672,0.152293,0.001575,False,0.076934,1,3349359.0
cg14217558,0.051079,0.086471,False,0.068775,1,3171170.0
cg14218747,0.077395,0.171231,False,0.124313,15,69590769.0
cg14223579,0.010688,0.025351,False,0.018020,9,85743857.0
cg14226671,0.091182,0.100784,False,0.095983,3,26216309.0
cg14227558,-0.125540,-0.220613,False,0.173077,2,213119127.0
cg14228177,0.183196,0.089662,False,0.136429,7,1566890.0
cg14230938,0.146203,0.217730,False,0.181966,11,43897282.0
cg14235846,-0.052104,0.057897,False,0.055001,17,897505.0
cg14236118,0.025706,-0.152267,False,0.088987,4,69831840.0
cg14240706,0.037743,-0.043670,False,0.040706,2,191912602.0
cg14250336,0.152457,0.154262,False,0.153359,9,87580970.0
cg14251009,-0.093804,0.243764,False,0.168784,9,88007290.0
cg14255337,0.243535,0.197279,False,0.220407,12,121534697.0
cg14255417,-0.326527,-0.247196,True,0.286862,10,102658220.0
cg14255981,0.159521,-0.055882,False,0.107701,12,105020376.0
cg14256643,0.113857,-0.165278,False,0.139567,2,224031524.0
cg14258078,-0.152123,-0.039501,False,0.095812,17,63974413.0
cg14270650,0.083157,-0.140817,False,0.111987,6,136076857.0
cg14273401,0.198159,-0.039467,False,0.118813,6,30103109.0
cg14279151,-0.062208,0.058568,False,0.060388,6,52504704.0
cg14284618,0.052186,-0.031747,False,0.041967,8,38770371.0
cg14285533,0.033219,-0.022543,False,0.027881,7,63925950.0
cg14286373,0.181952,0.006208,False,0.094080,12,101894597.0
cg14289863,0.101534,0.144497,False,0.123015,9,70257475.0
cg14289929,0.171838,-0.048679,False,0.110258,14,39110301.0
cg14297340,0.234769,0.205093,True,0.219931,9,70256427.0
cg14299572,0.033998,-0.021078,False,0.027538,10,33732175.0
cg14302214,-0.096611,0.072801,False,0.084706,10,3763081.0
cg14306058,-0.166158,-0.206747,False,0.186452,9,109316300.0
cg14309307,0.227502,0.107180,False,0.167341,6,105302648.0
cg14312334,0.099611,-0.133722,False,0.116666,12,119804352.0
cg14313184,0.245540,0.020181,False,0.132861,10,5944525.0
cg14316944,-0.074875,-0.199815,False,0.137345,17,81518503.0
cg14318199,-0.072544,0.058770,False,0.065657,X,12956392.0
cg14324800,0.053305,0.136593,False,0.094949,20,50728646.0
cg14325436,-0.033950,-0.134285,False,0.084117,19,17294168.0
cg14326305,-0.004002,0.143610,False,0.073806,9,104810873.0
cg14326909,0.059596,0.221638,False,0.140617,6,106787748.0
cg14326991,-0.017930,-0.036853,False,0.027391,6,46922023.0
cg14327359,0.079714,0.014496,False,0.047105,2,47192124.0
cg14327759,-0.012871,0.186997,False,0.099934,4,123547381.0
cg14329285,0.212166,0.134591,False,0.173379,3,8869740.0
cg14338590,0.057003,0.189828,False,0.123415,11,16827377.0
cg14339765,0.314382,0.123395,False,0.218888,6,46081035.0
cg14345572,0.081129,0.129774,False,0.105452,17,81285583.0
cg14349231,0.142025,-0.073733,False,0.107879,9,100578192.0
cg14349937,-0.286277,-0.245621,True,0.265949,10,88333764.0
cg14356330,-0.135918,0.095971,False,0.115944,6,109793850.0
cg14358570,-0.003740,-0.028289,False,0.016014,14,92899024.0
cg14361969,0.098998,-0.052299,False,0.075649,7,101240271.0
cg14370595,0.004888,-0.108685,False,0.056786,11,66346600.0
cg14371731,0.085050,-0.032691,False,0.058871,10,79243418.0
cg14372472,0.037401,0.059969,False,0.048685,2,148813882.0
cg14372792,-0.380509,-0.221813,True,0.301161,15,92645151.0
cg14374432,0.041008,0.035654,False,0.038331,11,123525662.0
cg14385738,0.026556,0.113928,False,0.070242,1,113871718.0
cg14386061,0.059475,0.115613,False,0.087544,8,21913935.0
cg14388170,0.102868,-0.345336,False,0.224102,9,126461812.0
cg14397402,0.248242,0.279287,True,0.263764,14,36788640.0
cg14398214,-0.028121,-0.056072,False,0.042096,17,58415899.0
cg14411266,0.228501,0.039277,False,0.133889,2,40452442.0
cg14414873,0.038781,0.014298,False,0.026540,9,110208183.0
cg14418582,0.103350,-0.123547,False,0.113449,9,17503271.0
cg14418802,-0.092539,0.274751,False,0.183645,1,9239920.0
cg14421700,-0.271374,-0.183747,False,0.227560,17,79782166.0
cg14422085,0.236126,0.296204,True,0.266165,6,26225761.0
cg14422906,0.240874,-0.045145,False,0.143010,6,52087037.0
cg14430943,-0.032354,-0.162771,False,0.097562,7,155763958.0
cg14442329,0.155558,0.034588,False,0.095073,9,108991862.0
cg14445366,0.015188,-0.262074,False,0.138631,17,72115909.0
cg14450978,0.240524,0.198209,False,0.219367,2,191401182.0
cg14453187,-0.061391,-0.225378,False,0.143385,2,128735186.0
cg14455403,-0.340039,-0.203352,True,0.271695,3,8555086.0
cg14460503,-0.025057,0.106717,False,0.065887,2,235710895.0
cg14462124,0.076338,0.134918,False,0.105628,2,196167024.0
cg14464827,0.085987,-0.023885,False,0.054936,2,187555206.0
cg14467654,-0.099920,-0.264174,False,0.182047,9,128393540.0
cg14473904,0.082359,0.029092,False,0.055726,15,92921857.0
cg14474791,0.152481,-0.116755,False,0.134618,9,121737591.0
cg14474966,-0.078303,-0.079032,False,0.078667,17,79835200.0
cg14477114,0.051000,0.076258,False,0.063629,3,65928621.0
cg14478422,0.075101,-0.087032,False,0.081066,2,233013222.0
cg14484973,-0.056694,0.002839,False,0.029767,8,1476460.0
cg14489470,0.045079,-0.094162,False,0.069621,12,121442251.0
cg14496753,-0.000713,-0.136541,False,0.068627,9,122216905.0
cg14508021,-0.151007,0.058818,False,0.104912,15,85444188.0
cg14510967,-0.149989,0.094893,False,0.122441,11,2300573.0
cg14511866,0.030027,0.085515,False,0.057771,2,101831593.0
cg14516100,-0.004881,0.062826,False,0.033854,4,185638929.0
cg14517355,-0.098142,0.027508,False,0.062825,3,9955270.0
cg14517454,-0.003219,-0.305444,False,0.154332,1,26345427.0
cg14518185,0.019799,0.086749,False,0.053274,14,68181846.0
cg14519350,-0.112723,0.031335,False,0.072029,22,30265960.0
cg14520913,0.099497,0.086104,False,0.092800,11,114295718.0
cg14520947,-0.326754,-0.307616,True,0.317185,1,225755140.0
cg14525270,-0.292386,-0.048949,False,0.170667,1,43300976.0
cg14527029,-0.302837,-0.184893,False,0.243865,3,120682248.0
cg14528319,-0.020832,-0.312221,False,0.166526,19,14496901.0
cg14536372,0.043142,-0.198731,False,0.120937,7,25952881.0
cg14541582,0.079876,-0.003715,False,0.041795,5,601360.0
cg14541801,-0.235398,-0.120026,False,0.177712,5,40437199.0
cg14543953,0.143100,-0.042872,False,0.092986,11,102798359.0
cg14553740,-0.148644,-0.012373,False,0.080508,9,18976717.0
cg14564351,-0.239265,-0.136228,False,0.187746,6,135323267.0
cg14572467,0.258474,0.034905,False,0.146689,11,117929540.0
cg14573876,-0.141384,0.190869,False,0.166126,19,4105155.0
cg14584535,-0.280436,-0.077662,False,0.179049,9,123034908.0
cg14590369,0.066893,-0.087707,False,0.077300,19,18002776.0
cg14592673,-0.094753,-0.085943,False,0.090348,17,50691394.0
cg14592895,-0.026850,0.103424,False,0.065137,9,93264079.0
cg14595786,-0.268546,-0.204706,True,0.236626,19,51123729.0
cg14600824,0.122008,0.236277,False,0.179143,9,131554875.0
cg14604470,-0.006939,-0.079078,False,0.043009,9,127951097.0
cg14610217,-0.033564,-0.055952,False,0.044758,1,27008397.0
cg14622879,-0.317537,-0.279267,True,0.298402,6,12233768.0
cg14630106,-0.013473,0.045757,False,0.029615,7,139660369.0
cg14631761,0.146172,0.259857,False,0.203014,4,16942652.0
cg14633252,0.091103,0.137586,False,0.114344,9,37964250.0
cg14644204,-0.277964,-0.239036,True,0.258500,12,123034286.0
cg14647190,0.035791,-0.207925,False,0.121858,11,67558552.0
cg14651518,-0.067071,0.081778,False,0.074424,3,50276262.0
cg14652227,-0.122774,-0.098437,False,0.110605,2,199739299.0
cg14654324,-0.215064,-0.002195,False,0.108629,9,134407590.0
cg14658964,-0.009006,-0.024658,False,0.016832,1,44723354.0
cg14659008,-0.126950,0.152061,False,0.139505,8,101078087.0
cg14659814,0.044793,-0.225689,False,0.135241,1,3293346.0
cg14664764,0.252145,0.114812,False,0.183479,2,127675583.0
cg14669362,-0.133240,0.235053,False,0.184146,1,36457909.0
cg14673904,0.055697,0.072226,False,0.063962,12,46215280.0
cg14679780,-0.185394,0.043727,False,0.114561,19,4059527.0
cg14682005,-0.207922,0.051349,False,0.129636,6,15337372.0
cg14686012,0.094693,-0.095855,False,0.095274,2,40451946.0
cg14689338,0.084698,-0.075814,False,0.080256,5,16741945.0
cg14689537,-0.043028,-0.059488,False,0.051258,10,92691109.0
cg14699867,-0.122449,0.196854,False,0.159652,12,106600643.0
cg14700325,0.103924,0.004957,False,0.054440,17,50196828.0
cg14704780,-0.183146,-0.192171,False,0.187658,6,32337329.0
cg14710465,-0.204511,0.026623,False,0.115567,1,160400079.0
cg14714046,0.123561,-0.020353,False,0.071957,6,41373916.0
cg14720274,0.023537,-0.145343,False,0.084440,15,60721932.0
cg14725537,0.042296,-0.077814,False,0.060055,X,103776894.0
cg14725631,0.030616,-0.159947,False,0.095281,4,188003598.0
cg14725968,0.115734,0.050414,False,0.083074,20,59188010.0
cg14731044,0.074436,-0.164775,False,0.119606,11,19237751.0
cg14759494,0.092668,-0.167375,False,0.130022,6,165704188.0
cg14776738,0.001392,-0.261223,False,0.131308,19,6476745.0
cg14783123,0.176997,0.346016,False,0.261507,8,67110027.0
cg14787704,0.138172,-0.018084,False,0.078128,5,66153552.0
cg14789659,0.093595,-0.053501,False,0.073548,10,62049314.0
cg14794866,0.017212,-0.125665,False,0.071439,10,31483815.0
cg14798653,0.035303,-0.226641,False,0.130972,19,6475486.0
cg14800014,0.091440,0.155696,False,0.123568,5,126465072.0
cg14800197,-0.108628,0.011009,False,0.059818,2,120978105.0
cg14801518,0.174493,0.012827,False,0.093660,11,128689180.0
cg14807553,0.189810,0.097593,False,0.143701,13,112879111.0
cg14823389,-0.042317,-0.179595,False,0.110956,7,101754872.0
cg14830082,-0.143846,-0.289689,False,0.216767,11,130197911.0
cg14832352,-0.121703,0.008398,False,0.065051,17,50197643.0
cg14836490,0.095458,-0.102298,False,0.098878,2,66493159.0
cg14841540,-0.228741,-0.213027,True,0.220884,1,89962299.0
cg14845962,-0.062939,0.008544,False,0.035742,12,57726454.0
cg14855841,-0.076434,-0.119338,False,0.097886,4,76024306.0
cg14864148,-0.075353,-0.145945,False,0.110649,11,73342604.0
cg14879760,0.085459,0.112564,False,0.099012,5,51378131.0
cg14887335,-0.027932,-0.063934,False,0.045933,4,122840528.0
cg14890343,0.021871,0.043741,False,0.032806,17,80187379.0
cg14891209,0.053921,0.098867,False,0.076394,15,36878180.0
cg14898623,-0.037884,-0.028886,False,0.033385,12,124457325.0
cg14913610,-0.199474,0.036624,False,0.118049,12,8989745.0
cg14927745,-0.023054,-0.203373,False,0.113214,2,240623068.0
cg14928510,0.045274,0.060866,False,0.053070,19,54938071.0
cg14955480,0.189363,-0.161706,False,0.175534,12,8564303.0
cg14960007,0.008853,-0.010949,False,0.009901,8,99890894.0
cg14962509,-0.067019,-0.207362,False,0.137190,1,35574054.0
cg14980255,0.149274,0.039587,False,0.094430,15,36898493.0
cg14986386,0.055453,-0.322893,False,0.189173,5,69330318.0
cg14988482,0.162647,-0.040745,False,0.101696,1,70375044.0
cg14989202,-0.207392,-0.275022,True,0.241207,1,9654785.0
cg14990808,-0.118509,0.118918,False,0.118713,6,28525874.0
cg14991821,-0.214798,0.146149,False,0.180473,10,112375501.0
cg14992144,-0.237342,-0.167588,False,0.202465,3,10293059.0
cg14996810,0.004223,-0.085002,False,0.044613,12,120978698.0
cg14999168,-0.202044,0.159855,False,0.180949,11,70365195.0
cg15013801,0.009221,-0.247438,False,0.128329,10,72217032.0
cg15014975,0.125079,0.131222,False,0.128151,1,24931056.0
cg15015122,0.031241,-0.048953,False,0.040097,7,946148.0
cg15017007,-0.071429,0.007896,False,0.039663,7,133299426.0
cg15027907,0.225598,0.157392,False,0.191495,19,47573442.0
cg15035143,0.072315,0.032149,False,0.052232,17,58331327.0
cg15035324,0.246642,-0.219915,False,0.233278,2,46042466.0
cg15037334,0.180893,0.136206,False,0.158549,11,11945649.0
cg15046123,-0.124511,-0.044716,False,0.084614,6,15421350.0
cg15059065,-0.197696,-0.304635,False,0.251166,19,17244152.0
cg15064042,0.011521,0.158712,False,0.085116,7,151394869.0
cg15071463,-0.099084,-0.156438,False,0.127761,1,116312290.0
cg15073906,0.183956,0.059843,False,0.121900,1,178918587.0
cg15077070,0.189851,-0.055965,False,0.122908,2,102186830.0
cg15082875,0.032414,-0.051743,False,0.042079,7,65266049.0
cg15090549,-0.086589,0.107478,False,0.097033,13,66657387.0
cg15093247,0.173161,-0.053502,False,0.113331,6,30103283.0
cg15096829,0.015034,-0.237179,False,0.126106,1,202122877.0
cg15102749,0.118160,0.199737,False,0.158948,11,66743422.0
cg15104622,0.059163,0.089053,False,0.074108,4,166527644.0
cg15106368,0.142186,-0.027558,False,0.084872,12,109154543.0
cg15108430,0.101691,0.174334,False,0.138013,5,15925156.0
cg15108553,-0.094302,0.343076,False,0.218689,3,149812346.0
cg15123149,0.188489,0.154742,False,0.171615,5,14485143.0
cg15128334,0.168800,-0.000095,False,0.084448,3,185497744.0
cg15129183,-0.180370,0.280356,False,0.230363,5,170333265.0
cg15131282,-0.088223,0.063259,False,0.075741,2,233060320.0
cg15139596,-0.003249,0.231241,False,0.117245,19,35742479.0
cg15145908,0.119185,-0.013419,False,0.066302,6,136117053.0
cg15154339,0.153874,0.266456,False,0.210165,13,113650346.0
cg15159247,-0.202302,-0.098900,False,0.150601,19,2082123.0
cg15160746,0.142397,-0.106694,False,0.124545,12,2634073.0
cg15165154,-0.327715,-0.309420,True,0.318567,5,139661429.0
cg15172734,0.008904,-0.152822,False,0.080863,3,57757650.0
cg15174117,0.187465,0.041241,False,0.114353,15,68621323.0
cg15188623,-0.286280,-0.100465,False,0.193373,15,90065197.0
cg15190451,0.097461,0.052884,False,0.075172,17,75094100.0
cg15209277,-0.079735,0.043365,False,0.061550,1,64006363.0
cg15229052,-0.047907,-0.006980,False,0.027444,11,2273918.0
cg15229454,0.070787,-0.142891,False,0.106839,13,75705092.0
cg15240033,-0.110329,0.098261,False,0.104295,6,3623751.0
cg15244778,0.140334,-0.117917,False,0.129126,11,69281170.0
cg15249357,-0.112081,0.178235,False,0.145158,10,86536848.0
cg15255390,0.031525,-0.232682,False,0.132104,17,48554792.0
cg15258980,-0.100176,0.137517,False,0.118846,2,68734465.0
cg15264020,0.101676,0.015880,False,0.058778,3,61688536.0
cg15264273,-0.007636,0.086082,False,0.046859,9,94278178.0
cg15272762,0.221137,-0.082279,False,0.151708,10,14674590.0
cg15277658,0.085205,-0.052640,False,0.068922,10,71661944.0
cg15292446,-0.269468,0.081703,False,0.175586,17,330047.0
cg15299510,0.023577,0.074116,False,0.048846,8,38770587.0
cg15303382,-0.006784,-0.185997,False,0.096390,2,176490649.0
cg15304425,0.220244,-0.121962,False,0.171103,8,27658994.0
cg15309361,-0.185556,-0.084219,False,0.134887,7,2112990.0
cg15319576,0.042278,0.244305,False,0.143292,11,128039662.0
cg15321979,0.130570,-0.148381,False,0.139476,12,3431901.0
cg15331500,0.109973,0.130263,False,0.120118,22,41383347.0
cg15337815,0.125223,-0.027340,False,0.076281,5,150555815.0
cg15339026,0.035889,0.006293,False,0.021091,13,106132442.0
cg15341833,-0.023062,0.059168,False,0.041115,2,106160319.0
cg15346830,0.039996,0.422949,False,0.231473,6,33183497.0
cg15347788,0.106583,-0.021323,False,0.063953,18,76460142.0
cg15351009,0.073358,-0.160166,False,0.116762,5,191371.0
cg15353603,0.125367,0.371430,False,0.248398,2,162059392.0
cg15362455,0.007154,-0.043664,False,0.025409,3,119597912.0
cg15368845,-0.066824,-0.073207,False,0.070016,6,2948407.0
cg15381475,-0.209278,-0.294667,True,0.251972,7,6396470.0
cg15384400,-0.254837,-0.199377,False,0.227107,4,36255657.0
cg15389749,0.129737,0.209694,False,0.169716,13,50128539.0
cg15394142,0.033437,-0.061523,False,0.047480,12,65882208.0
cg15395971,-0.008212,-0.118256,False,0.063234,1,94544514.0
cg15397308,0.009543,0.107464,False,0.058504,8,143818163.0
cg15402627,-0.124010,0.382734,False,0.253372,12,132444903.0
cg15408855,-0.062989,-0.017106,False,0.040047,12,106342803.0
cg15409097,-0.009275,-0.050087,False,0.029681,12,57610142.0
cg15412313,0.154802,0.043781,False,0.099291,11,75090942.0
cg15412815,-0.289275,-0.264013,True,0.276644,11,93537922.0
cg15426878,0.054715,0.224623,False,0.139669,3,50331516.0
cg15429134,-0.127452,0.010975,False,0.069213,12,12466169.0
cg15434398,0.206694,0.187609,False,0.197152,12,51891487.0
cg15437874,0.173351,0.187908,False,0.180629,2,208111913.0
cg15441973,-0.003788,-0.121745,False,0.062766,2,137963747.0
cg15443535,0.154706,-0.129566,False,0.142136,14,92687972.0
cg15450139,-0.116181,-0.043714,False,0.079948,12,14961776.0
cg15450224,0.026314,-0.237613,False,0.131963,4,165612539.0
cg15451258,-0.078262,-0.031363,False,0.054813,15,29825478.0
cg15459165,0.240927,0.389761,True,0.315344,1,30751003.0
cg15465279,0.003791,-0.043623,False,0.023707,14,104202508.0
cg15465439,0.021959,-0.277146,False,0.149553,11,70410953.0
cg15467759,0.107285,0.058986,False,0.083136,5,150520765.0
cg15476994,-0.285634,-0.025527,False,0.155581,6,129793656.0
cg15481493,-0.177355,-0.057020,False,0.117187,11,35111727.0
cg15481791,-0.067344,-0.023750,False,0.045547,1,203860762.0
cg15481858,-0.036510,0.003194,False,0.019852,1,223784932.0
cg15484023,0.073721,0.154850,False,0.114285,14,51600232.0
cg15485859,0.058611,0.065397,False,0.062004,1,207033102.0
cg15494558,0.113523,-0.010833,False,0.062178,6,149831386.0
cg15497761,-0.183278,-0.242993,False,0.213135,1,155174921.0
cg15497991,-0.103642,-0.052351,False,0.077996,20,51526163.0
cg15501942,0.111441,-0.121656,False,0.116548,11,2461212.0
cg15505276,-0.088105,-0.205234,False,0.146669,1,19816213.0
cg15507690,-0.284582,-0.190270,False,0.237426,3,177201809.0
cg15519065,-0.221397,0.173192,False,0.197294,1,21022413.0
cg15529532,-0.284864,-0.088418,False,0.186641,10,15035471.0
cg15539944,-0.008907,-0.210278,False,0.109592,12,57735624.0
cg15549670,0.242131,0.307927,True,0.275029,1,40447729.0
cg15551881,0.094416,0.040075,False,0.067245,9,120926437.0
cg15554421,-0.160864,0.050157,False,0.105511,3,100073717.0
cg15555527,-0.158631,0.047559,False,0.103095,4,79964827.0
cg15556591,0.070363,0.057429,False,0.063896,4,1034179.0
cg15556990,0.041033,-0.054552,False,0.047792,7,80915163.0
cg15559674,0.061648,0.208172,False,0.134910,6,149482290.0
cg15569292,0.065010,-0.036970,False,0.050990,11,3000775.0
cg15571405,-0.167308,-0.318700,False,0.243004,7,131111408.0
cg15582335,0.055139,0.007532,False,0.031335,3,45138312.0
cg15592324,0.132406,0.217010,False,0.174708,18,26230776.0
cg15600176,0.062932,-0.053665,False,0.058298,7,107972106.0
cg15613991,-0.274130,-0.323587,True,0.298858,7,5237449.0
cg15617609,-0.085976,-0.100827,False,0.093401,12,122868227.0
cg15619439,0.000071,-0.085567,False,0.042819,11,102830213.0
cg15621731,-0.234383,-0.252158,True,0.243271,19,5074605.0
cg15624274,-0.087059,0.227500,False,0.157280,7,46714470.0
cg15626112,-0.190987,0.085039,False,0.138013,8,130013656.0
cg15627089,0.088176,-0.119410,False,0.103793,11,16604204.0
cg15627145,-0.072125,0.114341,False,0.093233,10,60042682.0
cg15628409,-0.114279,-0.082321,False,0.098300,6,2948165.0
cg15630071,0.009236,-0.063019,False,0.036128,3,32819826.0
cg15638366,0.022902,-0.031923,False,0.027413,2,172448726.0
cg15646741,-0.203654,0.102090,False,0.152872,1,207848391.0
cg15648896,-0.085627,0.031678,False,0.058652,15,39250676.0
cg15658793,-0.363865,-0.218869,True,0.291367,19,3398812.0
cg15660353,-0.005336,-0.085054,False,0.045195,2,132621315.0
cg15672749,-0.221559,-0.034703,False,0.128131,17,58219832.0
cg15684563,-0.094168,0.025590,False,0.059879,12,71158408.0
cg15689180,0.096763,0.093673,False,0.095218,1,23571274.0
cg15689795,0.129754,-0.110954,False,0.120354,4,2437751.0
cg15691199,-0.107364,-0.048688,False,0.078026,14,23120210.0
cg15695435,0.030773,0.127760,False,0.079267,12,121471662.0
cg15698795,-0.008327,0.014092,False,0.011209,11,67409632.0
cg15701612,-0.180348,-0.046292,False,0.113320,11,130383875.0
cg15703790,0.079997,-0.088909,False,0.084453,1,2062071.0
cg15712510,-0.177913,-0.061465,False,0.119689,2,237510049.0
cg15722438,-0.175487,-0.114974,False,0.145230,19,8487717.0
cg15722533,-0.022791,0.053912,False,0.038352,11,12854019.0
cg15726700,-0.287437,-0.242841,True,0.265139,3,196643383.0
cg15728692,0.015870,-0.226111,False,0.120991,22,50697308.0
cg15730121,0.002313,0.099741,False,0.051027,20,36464063.0
cg15732149,-0.320725,-0.375157,True,0.347941,1,207335989.0
cg15742737,-0.238813,-0.014411,False,0.126612,2,64636517.0
cg15750961,-0.051261,-0.067244,False,0.059253,10,116990912.0
cg15752436,-0.084457,0.084025,False,0.084241,17,21034444.0
cg15755426,0.129207,0.153608,False,0.141408,17,3664427.0
cg15768226,-0.055865,0.069311,False,0.062588,20,57390189.0
cg15770702,-0.225497,0.186874,False,0.206186,17,45307479.0
cg15774864,0.257812,0.141448,False,0.199630,2,63045079.0
cg15779785,0.107952,-0.014226,False,0.061089,12,2412248.0
cg15785147,0.099046,0.016052,False,0.057549,3,23373549.0
cg15785379,0.209863,0.026092,False,0.117977,17,64212837.0
cg15793573,-0.004718,-0.162277,False,0.083497,8,27921997.0
cg15800530,0.160402,0.021504,False,0.090953,7,76397784.0
cg15803221,0.039779,0.153549,False,0.096664,17,40316914.0
cg15805540,0.112480,0.021138,False,0.066809,6,63576510.0
cg15819128,-0.213710,-0.040984,False,0.127347,2,237695377.0
cg15828421,0.120423,0.181766,False,0.151095,6,136192002.0
cg15848095,-0.017013,-0.250404,False,0.133708,4,38424407.0
cg15849060,-0.000676,-0.253248,False,0.126962,17,19745691.0
cg15851799,-0.027332,-0.207163,False,0.117248,8,125486305.0
cg15853812,-0.045220,0.284669,False,0.164945,17,7854676.0
cg15859496,0.122285,-0.133992,False,0.128139,12,118052471.0
cg15867652,-0.052172,-0.046293,False,0.049233,17,81037477.0
cg15869642,0.170549,0.247785,False,0.209167,16,49292198.0
cg15876825,-0.038789,0.090972,False,0.064880,3,11610407.0
cg15881332,0.093273,0.391815,False,0.242544,7,106865341.0
cg15888463,0.050845,-0.173361,False,0.112103,2,242011334.0
cg15896696,-0.206113,-0.104047,False,0.155080,7,2020286.0
cg15903666,0.159180,0.133332,False,0.146256,1,3426127.0
cg15904834,-0.179932,-0.151013,False,0.165472,7,11636483.0
cg15910502,-0.128707,-0.009619,False,0.069163,3,20043644.0
cg15910686,0.018674,0.023339,False,0.021006,17,80187680.0
cg15912031,-0.103302,0.082195,False,0.092749,10,593995.0
cg15924121,0.114114,-0.007422,False,0.060768,11,30907810.0
cg15924868,-0.291565,0.074943,False,0.183254,11,2301444.0
cg15930219,0.108982,0.070925,False,0.089954,1,71045121.0
cg15933914,0.244786,-0.232393,False,0.238589,2,233635816.0
cg15934776,0.234949,-0.035317,False,0.135133,2,99554455.0
cg15936446,0.113365,0.020873,False,0.067119,5,42952267.0
cg15936999,0.160959,-0.040230,False,0.100594,17,75844772.0
cg15937958,-0.126256,-0.210985,False,0.168620,19,42442981.0
cg15947910,0.065266,-0.395210,False,0.230238,4,54842629.0
cg15955277,-0.082498,-0.021629,False,0.052064,11,75717925.0
cg15957797,0.017797,0.020088,False,0.018942,2,187526418.0
cg15958289,-0.152541,0.029849,False,0.091195,11,126319099.0
cg15961105,0.236480,-0.070643,False,0.153561,12,54976402.0
cg15973546,-0.000849,0.061993,False,0.031421,10,102669775.0
cg15977685,-0.010888,-0.117905,False,0.064397,6,168342913.0
cg15978565,0.039014,0.024896,False,0.031955,2,11754338.0
cg15979885,0.281970,-0.046270,False,0.164120,13,112590361.0
cg15982700,0.092833,-0.016202,False,0.054517,7,27115292.0
cg15983182,0.209026,-0.038522,False,0.123774,7,74059902.0
cg15996984,-0.110361,-0.217416,False,0.163888,10,98464421.0
cg16002660,-0.042458,-0.070274,False,0.056366,17,2406984.0
cg16012388,0.056365,-0.056317,False,0.056341,10,58515781.0
cg16017089,-0.094908,-0.291682,False,0.193295,11,73342785.0
cg16019620,0.088666,0.168446,False,0.128556,6,46793353.0
cg16024891,-0.175433,0.156757,False,0.166095,17,2935788.0
cg16031980,0.044961,0.194428,False,0.119694,14,34554391.0
cg16032408,-0.245541,-0.065963,False,0.155752,3,14424903.0
cg16037200,-0.124408,-0.077972,False,0.101190,15,38378389.0
cg16054502,0.048381,-0.023125,False,0.035753,1,21897670.0
cg16055106,0.032890,0.063886,False,0.048388,5,109142602.0
cg16058105,0.082168,-0.174234,False,0.128201,15,40352495.0
cg16061668,-0.223072,-0.041962,False,0.132517,11,70411043.0
cg16063587,-0.102115,-0.315149,False,0.208632,6,31723450.0
cg16080125,-0.049280,-0.062865,False,0.056072,7,2735020.0
cg16087093,0.249699,-0.064554,False,0.157126,5,170106343.0
cg16088380,0.099110,-0.147282,False,0.123196,13,113981580.0
cg16108887,0.123919,0.189510,False,0.156715,7,25568685.0
cg16124975,0.106337,-0.042778,False,0.074557,17,81981065.0
cg16135771,0.018456,-0.064264,False,0.041360,X,103775221.0
cg16139517,0.143400,-0.167396,False,0.155398,3,2741704.0
cg16152136,0.066405,0.159269,False,0.112837,8,101003684.0
cg16155393,0.090313,0.147673,False,0.118993,3,46575813.0
cg16175245,0.238652,-0.033801,False,0.136227,11,65479092.0
cg16176694,-0.100970,-0.169755,False,0.135363,10,132422949.0
cg16179938,-0.289210,-0.045833,False,0.167521,18,79517583.0
cg16188349,0.199516,0.148025,False,0.173771,3,61670943.0
cg16190388,0.033776,0.057312,False,0.045544,7,107961238.0
cg16196745,0.085587,0.069603,False,0.077595,7,105517662.0
cg16202600,0.179259,0.043736,False,0.111497,2,224003741.0
cg16206504,-0.214801,-0.040848,False,0.127825,13,114151748.0
cg16208084,-0.149063,0.238859,False,0.193961,17,42122685.0
cg16209517,0.116847,-0.076620,False,0.096733,14,77111269.0
cg16215084,0.120632,0.001774,False,0.061203,6,30886171.0
cg16218895,0.186821,-0.041484,False,0.114153,6,11383068.0
cg16224163,-0.016432,-0.169983,False,0.093207,3,188152833.0
cg16227748,-0.246577,-0.010974,False,0.128776,2,231322280.0
cg16228286,-0.001567,-0.023418,False,0.012493,10,73647614.0
cg16249827,-0.032595,-0.139150,False,0.085873,19,11042492.0
cg16250868,-0.033162,0.005974,False,0.019568,7,3670996.0
cg16258854,0.105283,-0.100262,False,0.102773,2,20448433.0
cg16265599,0.065202,-0.020449,False,0.042826,17,42784640.0
cg16266126,0.036168,-0.147421,False,0.091795,1,153984979.0
cg16266669,-0.144163,-0.003389,False,0.073776,1,1209178.0
cg16277229,0.166840,0.053991,False,0.110415,6,52403811.0
cg16282618,-0.047295,-0.151706,False,0.099500,11,129574606.0
cg16284674,0.071247,0.057971,False,0.064609,10,133309833.0
cg16285946,0.109538,0.149602,False,0.129570,7,867162.0
cg16297435,0.093976,-0.210439,False,0.152208,6,43060558.0
cg16301004,-0.339946,-0.202826,True,0.271386,10,104322779.0
cg16302816,-0.212538,-0.088939,False,0.150738,11,16813253.0
cg16304656,0.131921,0.023281,False,0.077601,7,601700.0
cg16311302,-0.116766,-0.409482,False,0.263124,11,8206600.0
cg16312514,-0.254256,0.004800,False,0.129528,11,70804416.0
cg16315417,0.152728,0.170528,False,0.161628,1,2256018.0
cg16320626,0.191596,0.051907,False,0.121752,12,121440048.0
cg16321975,-0.125249,-0.003161,False,0.064205,2,233060142.0
cg16322478,-0.038378,-0.139126,False,0.088752,6,142377600.0
cg16324958,0.055489,-0.020759,False,0.038124,11,2807338.0
cg16336227,0.214611,0.003321,False,0.108966,10,132851674.0
cg16341690,0.009314,-0.075999,False,0.042657,14,22821881.0
cg16344896,0.089039,-0.065328,False,0.077184,6,26269175.0
cg16348820,0.068876,0.097589,False,0.083233,1,149937187.0
cg16353800,-0.057306,-0.017170,False,0.037238,18,75205988.0
cg16353899,-0.135765,0.185527,False,0.160646,1,156136951.0
cg16356013,0.007467,0.031066,False,0.019267,5,135386389.0
cg16379283,-0.069473,0.053845,False,0.061659,14,75334320.0
cg16385330,0.124409,-0.037807,False,0.081108,4,150582726.0
cg16388983,0.199950,-0.004848,False,0.102399,1,214547462.0
cg16389078,-0.330195,0.048738,False,0.189467,22,17088128.0
cg16393012,-0.157638,0.002822,False,0.080230,12,14961453.0
cg16397032,-0.206510,0.208468,False,0.207489,12,113766286.0
cg16398761,-0.021676,0.270575,False,0.146125,14,73753535.0
cg16402452,0.034911,-0.194300,False,0.114606,12,57736072.0
cg16406967,0.025069,-0.060127,False,0.042598,7,27115417.0
cg16408593,0.067001,0.222215,False,0.144608,1,117210969.0
cg16409259,0.043896,0.023417,False,0.033657,11,68349642.0
cg16410524,0.143246,-0.285245,False,0.214245,1,167635551.0
cg16414472,0.013663,0.019937,False,0.016800,11,68342637.0
cg16414568,0.138175,0.040253,False,0.089214,15,90930281.0
cg16414660,0.050672,-0.086002,False,0.068337,2,233429442.0
cg16424945,-0.011474,0.009944,False,0.010709,15,51982236.0
cg16434331,0.031968,-0.100294,False,0.066131,17,72716401.0
cg16444826,-0.100963,0.029459,False,0.065211,2,30218378.0
cg16445596,-0.057393,0.200718,False,0.129056,16,90008796.0
cg16450097,-0.013010,-0.064710,False,0.038860,8,100336239.0
cg16451525,-0.032592,-0.156705,False,0.094648,16,89100874.0
cg16465027,-0.053582,0.211133,False,0.132358,6,12594787.0
cg16465280,0.187464,-0.179773,False,0.183619,7,3056780.0
cg16472369,-0.101318,0.197071,False,0.149195,17,4715027.0
cg16477879,0.229215,0.143140,False,0.186177,2,238439530.0
cg16478145,0.173496,-0.029172,False,0.101334,2,187555103.0
cg16481280,-0.062133,-0.158244,False,0.110189,6,32153178.0
cg16487097,-0.070038,0.086006,False,0.078022,14,75334238.0
cg16488021,0.040820,0.008382,False,0.024601,16,89115691.0
cg16492341,-0.235967,-0.221258,True,0.228612,10,26567176.0
cg16496462,0.122773,0.042302,False,0.082538,12,124369736.0
cg16496814,-0.122106,0.009958,False,0.066032,11,9757174.0
cg16497626,-0.042911,0.121702,False,0.082306,X,103776522.0
cg16497714,0.016183,0.029505,False,0.022844,11,4576016.0
cg16499474,0.160358,0.008048,False,0.084203,12,57536380.0
cg16499607,0.057759,-0.099080,False,0.078420,11,69115888.0
cg16503585,0.093460,0.125037,False,0.109248,10,88583884.0
cg16505233,-0.190886,0.198070,False,0.194478,3,5197626.0
cg16508068,-0.128242,-0.121798,False,0.125020,10,92691979.0
cg16509569,0.212382,0.004469,False,0.108425,12,54497850.0
cg16512364,0.192061,0.176926,False,0.184493,13,49939099.0
cg16513459,-0.030631,-0.178566,False,0.104599,17,7929614.0
cg16519772,0.206956,0.212501,True,0.209729,6,31145180.0
cg16522557,0.045660,-0.021238,False,0.033449,13,110506764.0
cg16536610,0.031349,0.085554,False,0.058451,14,65238242.0
cg16548605,-0.098580,-0.134701,False,0.116640,1,169484312.0
cg16550010,0.051304,-0.088306,False,0.069805,11,59845647.0
cg16560824,0.120359,0.026987,False,0.073673,8,141179436.0
cg16563470,-0.178347,-0.070349,False,0.124348,17,41967829.0
cg16575319,-0.020530,0.145560,False,0.083045,5,172819992.0
cg16579908,-0.079837,-0.064935,False,0.072386,14,76937368.0
cg16582255,0.153253,-0.039413,False,0.096333,5,41152665.0
cg16588649,0.032392,0.104255,False,0.068323,19,3463243.0
cg16591875,0.009089,-0.258450,False,0.133770,15,23687717.0
cg16596440,-0.307289,-0.051416,False,0.179352,4,139763442.0
cg16602316,-0.161738,-0.240510,False,0.201124,14,93231707.0
cg16609181,0.057655,-0.136662,False,0.097158,19,1083008.0
cg16611352,-0.240492,-0.137625,False,0.189058,17,3916135.0
cg16616514,0.160411,0.252428,False,0.206419,4,6322902.0
cg16619721,0.153322,0.119282,False,0.136302,3,161224994.0
cg16622899,-0.132891,-0.209299,False,0.171095,7,1537367.0
cg16623157,0.111900,0.102064,False,0.106982,8,47473074.0
cg16628641,0.137748,-0.113867,False,0.125807,16,4376264.0
cg16629408,-0.049019,-0.085560,False,0.067289,19,45421343.0
cg16629695,-0.073505,-0.025695,False,0.049600,19,19381267.0
cg16635948,0.070715,-0.068430,False,0.069572,2,109217555.0
cg16636721,-0.183586,-0.029986,False,0.106786,21,46500658.0
cg16644967,-0.141718,0.012879,False,0.077299,16,86929141.0
cg16645907,0.039331,-0.310696,False,0.175013,5,154712800.0
cg16661143,-0.064690,0.016978,False,0.040834,11,34204914.0
cg16663891,-0.227988,-0.183950,False,0.205969,3,66525048.0
cg16668359,0.015959,0.244092,False,0.130026,2,44932295.0
cg16668651,-0.233658,-0.058737,False,0.146198,15,81023978.0
cg16675054,0.037263,-0.022305,False,0.029784,5,172189570.0
cg16685257,-0.061676,-0.038042,False,0.049859,19,48487841.0
cg16693012,0.007703,0.042330,False,0.025017,1,67818138.0
cg16695758,0.024013,0.070884,False,0.047448,17,42784749.0
cg16696002,-0.204882,-0.180159,False,0.192520,1,172220588.0
cg16696923,-0.144340,0.172182,False,0.158261,8,94217644.0
cg16699198,0.058502,-0.103994,False,0.081248,11,123590655.0
cg16706613,-0.067150,-0.153297,False,0.110223,12,52029887.0
cg16713727,-0.061496,-0.172250,False,0.116873,1,15736225.0
cg16715662,-0.074908,0.178274,False,0.126591,10,35167135.0
cg16718276,0.115818,-0.010719,False,0.063268,1,2193747.0
cg16727585,0.217627,0.016753,False,0.117190,12,109154857.0
cg16728323,0.014376,-0.025266,False,0.019821,13,110559827.0
cg16729850,-0.008274,-0.097495,False,0.052884,12,52946029.0
cg16744996,-0.251552,0.042633,False,0.147092,14,69702148.0
cg16748008,0.002138,-0.038728,False,0.020433,7,27115383.0
cg16750801,-0.229241,-0.091648,False,0.160445,10,127908049.0
cg16752583,-0.026881,-0.188016,False,0.107448,7,142885986.0
cg16773115,-0.018316,-0.224120,False,0.121218,8,80080515.0
cg16774355,0.170436,0.151182,False,0.160809,4,143263529.0
cg16775167,-0.192842,0.084546,False,0.138694,8,94217436.0
cg16776981,-0.287640,-0.162275,False,0.224958,17,81461116.0
cg16780603,-0.309869,-0.146946,False,0.228407,2,168802537.0
cg16781907,0.094932,0.024533,False,0.059732,17,50195640.0
cg16782524,0.055119,0.066404,False,0.060762,8,140574621.0
cg16783204,-0.238935,0.091062,False,0.164999,16,89052963.0
cg16789995,-0.099651,-0.204529,False,0.152090,12,12999522.0
cg16791528,0.113229,0.089069,False,0.101149,2,79120406.0
cg16793173,0.105372,0.138969,False,0.122170,4,169252058.0
cg16795830,0.074393,0.085581,False,0.079987,6,31586422.0
cg16811851,0.206568,-0.150437,False,0.178503,16,29251494.0
cg16815850,0.107744,-0.075306,False,0.091525,1,4517260.0
cg16824126,0.059441,-0.139593,False,0.099517,22,41230390.0
cg16824282,-0.253505,-0.188179,False,0.220842,3,129060747.0
cg16849046,0.312476,0.141661,False,0.227068,2,223991815.0
cg16851482,-0.034899,-0.124311,False,0.079605,4,6954226.0
cg16853102,0.137032,0.036106,False,0.086569,19,40592800.0
cg16856722,0.177679,-0.171274,False,0.174476,3,9878851.0
cg16863795,-0.018802,0.166513,False,0.092657,17,81285736.0
cg16864063,-0.274081,-0.111457,False,0.192769,2,233062638.0
cg16887385,0.196977,0.149640,False,0.173308,2,61124202.0
cg16890093,0.084078,0.234171,False,0.159125,6,32845307.0
cg16895493,-0.102285,-0.351331,False,0.226808,11,46274469.0
cg16903782,-0.119371,0.070977,False,0.095174,12,54984870.0
cg16908669,-0.004695,0.105248,False,0.054971,11,12419838.0
cg16909293,0.112252,0.053999,False,0.083125,1,67705854.0
cg16911583,-0.018419,0.104464,False,0.061442,19,35742546.0
cg16912563,0.034974,-0.148244,False,0.091609,10,75397665.0
cg16916914,-0.145974,-0.198165,False,0.172070,17,75753613.0
cg16927285,-0.132821,0.021045,False,0.076933,3,62143070.0
cg16927606,-0.005050,0.178344,False,0.091697,19,35742423.0
cg16934235,-0.008664,0.167432,False,0.088048,11,108552397.0
cg16942223,-0.137595,0.277177,False,0.207386,4,6048733.0
cg16943126,-0.246698,-0.217093,True,0.231895,10,132497610.0
cg16958927,-0.072632,0.018722,False,0.045677,15,51678771.0
cg16958939,-0.002850,-0.198197,False,0.100523,6,7224990.0
cg16959787,-0.096199,0.241428,False,0.168813,13,112929865.0
cg16960396,-0.023071,-0.188179,False,0.105625,7,157795828.0
cg16963144,-0.052190,0.059672,False,0.055931,20,22586338.0
cg16973098,0.208910,0.133556,False,0.171233,13,94706949.0
cg16973527,-0.180226,0.057116,False,0.118671,15,70475231.0
cg16992870,0.074083,-0.221633,False,0.147858,7,66051125.0
cg17000666,0.119001,0.043609,False,0.081305,13,44507963.0
cg17001464,0.181957,-0.155799,False,0.168878,7,130994762.0
cg17005319,0.067731,0.012653,False,0.040192,11,655579.0
cg17006136,0.023431,0.148612,False,0.086021,4,185638258.0
cg17015522,0.185907,-0.024380,False,0.105143,17,79048406.0
cg17017514,0.257708,-0.073413,False,0.165561,1,156709941.0
cg17025459,0.210042,-0.341805,False,0.275923,18,54227996.0
cg17029721,0.018702,-0.003664,False,0.011183,1,26990943.0
cg17030820,-0.055545,-0.054508,False,0.055027,10,46046561.0
cg17033891,-0.247049,-0.004191,False,0.125620,3,160135189.0
cg17036418,-0.285322,0.127458,False,0.206390,17,35090094.0
cg17039645,-0.163395,-0.046036,False,0.104716,6,32326726.0
cg17047033,0.150445,0.090406,False,0.120425,8,68436425.0
cg17049050,0.154163,0.143107,False,0.148635,7,130846025.0
cg17066349,0.178865,0.240344,False,0.209604,12,119692841.0
cg17069068,-0.183610,-0.071754,False,0.127682,X,12956086.0
cg17082856,0.158439,-0.157203,False,0.157821,2,65076576.0
cg17083685,0.152492,0.013868,False,0.083180,13,89401269.0
cg17085721,0.228657,-0.063782,False,0.146219,6,35677564.0
cg17087974,-0.234695,-0.200514,True,0.217605,11,65403926.0
cg17090891,-0.005932,0.207015,False,0.106473,1,61005552.0
cg17092523,-0.313840,-0.330417,True,0.322128,12,6462434.0
cg17095958,0.054152,-0.318355,False,0.186253,2,216144950.0
cg17098979,-0.270506,-0.119014,False,0.194760,2,240622668.0
cg17102205,-0.049441,0.074910,False,0.062175,2,207227237.0
cg17118391,0.130209,0.047555,False,0.088882,4,1582171.0
cg17122157,-0.050954,0.043527,False,0.047241,21,43399565.0
cg17124387,0.007334,-0.245187,False,0.126261,17,79836291.0
cg17126555,-0.056400,-0.047239,False,0.051819,19,10334840.0
cg17127769,0.092574,0.245598,False,0.169086,5,170297586.0
cg17128947,0.095016,0.051041,False,0.073028,4,785692.0
cg17135822,0.106932,-0.114728,False,0.110830,12,62964355.0
cg17143376,-0.019794,-0.129447,False,0.074620,10,133389335.0
cg17143843,0.122349,-0.111236,False,0.116793,1,209350385.0
cg17150898,0.122829,0.207022,False,0.164925,12,1592950.0
cg17153138,-0.217422,0.174132,False,0.195777,6,129684205.0
cg17165156,-0.047087,0.175702,False,0.111394,15,74546255.0
cg17175419,0.097040,0.212232,False,0.154636,1,12527874.0
cg17176209,-0.003501,-0.175637,False,0.089569,7,3974438.0
cg17176676,-0.001492,-0.167223,False,0.084358,22,23099215.0
cg17178777,0.174616,-0.044786,False,0.109701,15,85405885.0
cg17181255,-0.038910,0.188247,False,0.113579,12,6310246.0
cg17182817,0.054641,0.214776,False,0.134709,10,110864797.0
cg17184704,-0.072940,0.177663,False,0.125301,10,11685287.0
cg17185029,-0.025279,0.218618,False,0.121948,7,96144162.0
cg17199181,-0.044907,-0.092160,False,0.068533,18,77087294.0
cg17204557,0.015378,-0.217286,False,0.116332,2,120466333.0
cg17207512,0.077921,0.210474,False,0.144197,6,11382320.0
cg17209188,-0.274032,-0.270325,True,0.272178,7,23347777.0
cg17213699,0.160269,-0.055654,False,0.107961,12,6772458.0
cg17219326,-0.126643,0.167144,False,0.146893,3,44476354.0
cg17219660,-0.116732,0.003122,False,0.059927,1,202122752.0
cg17220545,0.068072,0.133771,False,0.100921,7,157292862.0
cg17222682,0.119464,-0.039184,False,0.079324,1,81681739.0
cg17228698,-0.128121,0.011333,False,0.069727,7,2412279.0
cg17240454,0.011551,-0.203172,False,0.107362,6,34556501.0
cg17243643,0.080025,-0.198233,False,0.139129,12,55720485.0
cg17258387,-0.287903,-0.321020,True,0.304462,2,174059702.0
cg17259265,-0.103356,-0.123882,False,0.113619,11,125883478.0
cg17261708,0.002859,0.095455,False,0.049157,5,177367206.0
cg17266581,-0.079639,-0.139162,False,0.109400,18,77087616.0
cg17276002,-0.348923,0.174078,False,0.261501,10,73413048.0
cg17284531,0.053715,-0.102361,False,0.078038,19,6773063.0
cg17290508,0.078992,-0.162976,False,0.120984,10,531119.0
cg17298704,0.170086,-0.076361,False,0.123224,3,137998765.0
cg17298776,0.061369,-0.024586,False,0.042977,1,63777289.0
cg17309904,0.028648,0.064229,False,0.046439,7,1920437.0
cg17310882,-0.280612,-0.229097,True,0.254855,6,157645577.0
cg17319795,-0.334587,-0.054672,False,0.194629,14,92704463.0
cg17323982,-0.021129,0.043897,False,0.032513,1,166156034.0
cg17333767,0.186919,-0.066211,False,0.126565,22,17199671.0
cg17342469,0.165671,-0.261840,False,0.213755,22,46077194.0
cg17342973,-0.038449,0.148024,False,0.093236,3,184583451.0
cg17344321,-0.190849,0.013037,False,0.101943,7,22577763.0
cg17346145,-0.279613,0.015557,False,0.147585,17,79781748.0
cg17349352,-0.021646,-0.081678,False,0.051662,7,45027139.0
cg17351376,-0.030134,-0.067987,False,0.049060,11,66314575.0
cg17360854,-0.299123,-0.085830,False,0.192477,2,160368260.0
cg17367168,0.216043,0.110044,False,0.163043,17,81990272.0
cg17367884,0.031000,-0.080618,False,0.055809,17,79950381.0
cg17369991,-0.033156,-0.120776,False,0.076966,17,740436.0
cg17372758,0.056233,-0.168722,False,0.112477,10,72217040.0
cg17377658,-0.118062,-0.171585,False,0.144823,15,59200663.0
cg17378342,0.116193,-0.195628,False,0.155911,5,150166768.0
cg17379666,0.011549,0.282224,False,0.146887,17,73308645.0
cg17407629,-0.070189,-0.107153,False,0.088671,5,102864997.0
cg17416338,-0.282864,-0.221314,True,0.252089,19,5074706.0
cg17418085,-0.210755,-0.159006,False,0.184881,1,30756275.0
cg17431280,-0.143367,-0.204483,False,0.173925,19,47004204.0
cg17439158,-0.147909,0.088509,False,0.118209,4,76614345.0
cg17452316,0.119014,0.212388,False,0.165701,3,52522368.0
cg17462560,0.039299,0.128025,False,0.083662,5,78518728.0
cg17463527,0.049697,-0.037762,False,0.043730,20,43559197.0
cg17463564,0.226375,-0.095202,False,0.160788,10,338647.0
cg17465884,-0.060776,0.100629,False,0.080703,X,47217036.0
cg17466952,0.108516,0.188474,False,0.148495,8,22986883.0
cg17469359,0.072458,-0.257673,False,0.165065,7,39354013.0
cg17469604,0.200899,0.107614,False,0.154256,2,128426813.0
cg17476101,-0.123891,0.041352,False,0.082622,17,10804084.0
cg17479501,0.032906,-0.031568,False,0.032237,17,82848315.0
cg17491987,-0.082422,0.012428,False,0.047425,8,38787890.0
cg17493193,0.086779,-0.147864,False,0.117321,1,26114405.0
cg17497608,0.218860,0.021148,False,0.120004,7,91267386.0
cg17499719,-0.045938,0.009532,False,0.027735,20,17607765.0
cg17503995,-0.007516,0.089800,False,0.048658,13,24270800.0
cg17514766,-0.132011,-0.082785,False,0.107398,19,39336287.0
cg17517997,-0.002242,-0.089748,False,0.045995,1,76141325.0
cg17518842,-0.008372,0.040660,False,0.024516,1,209769786.0
cg17518965,0.208977,0.148874,False,0.178926,19,3178957.0
cg17521583,-0.128553,0.066526,False,0.097540,4,128553463.0
cg17524287,-0.002420,-0.064861,False,0.033641,8,42179263.0
cg17526462,-0.142652,-0.052537,False,0.097595,10,48684882.0
cg17534029,-0.114358,-0.088414,False,0.101386,20,63687073.0
cg17559156,0.148942,-0.190631,False,0.169786,11,57502161.0
cg17560015,0.032075,-0.052953,False,0.042514,8,143939081.0
cg17565967,0.061467,-0.156781,False,0.109124,20,62427655.0
cg17567602,0.056360,0.143953,False,0.100156,2,106115656.0
cg17568611,0.130308,0.143564,False,0.136936,10,12501619.0
cg17583432,-0.189644,0.162941,False,0.176293,8,127993321.0
cg17589883,0.115941,-0.293333,False,0.204637,11,1238969.0
cg17593958,-0.045988,0.029926,False,0.037957,20,63567681.0
cg17600231,-0.059325,-0.317662,False,0.188494,13,44434390.0
cg17607231,-0.179893,0.006736,False,0.093314,2,230225614.0
cg17609158,0.053021,0.055693,False,0.054357,6,41374644.0
cg17616537,-0.052862,0.101041,False,0.076952,17,48551301.0
cg17618872,0.022405,0.013909,False,0.018157,20,33647815.0
cg17621718,0.179733,-0.038456,False,0.109094,3,42265245.0
cg17627654,-0.019582,-0.037298,False,0.028440,11,70662305.0
cg17647667,0.002719,0.137601,False,0.070160,20,35174354.0
cg17653203,-0.201651,-0.008994,False,0.105323,4,2931988.0
cg17654660,-0.188590,0.065155,False,0.126872,5,177357964.0
cg17661601,0.219118,0.271666,True,0.245392,8,11799183.0
cg17667972,0.268490,-0.249796,False,0.259143,12,52814509.0
cg17675150,0.062442,0.142109,False,0.102276,18,58862552.0
cg17679980,0.127121,0.193598,False,0.160359,11,22674760.0
cg17687367,-0.036570,-0.062341,False,0.049456,13,79936801.0
cg17694130,0.214468,0.164877,False,0.189672,4,14856666.0
cg17696044,-0.153494,0.091616,False,0.122555,11,70603211.0
cg17701168,-0.094115,-0.148798,False,0.121457,9,128683669.0
cg17707057,-0.238660,-0.046582,False,0.142621,7,43591112.0
cg17719202,0.023696,-0.007448,False,0.015572,10,110225133.0
cg17731065,0.110835,0.098045,False,0.104440,17,694344.0
cg17734137,0.161730,-0.071935,False,0.116832,20,60072154.0
cg17734802,-0.291408,-0.279099,True,0.285254,1,53893189.0
cg17742434,0.067257,0.052551,False,0.059904,6,31535167.0
cg17754782,-0.081116,-0.020565,False,0.050841,17,74579983.0
cg17757602,0.238267,0.035879,False,0.137073,5,42952011.0
cg17759329,-0.110064,-0.145390,False,0.127727,11,50267931.0
cg17771150,0.089373,0.138991,False,0.114182,13,46182074.0
cg17781464,0.015158,-0.096937,False,0.056048,12,52926522.0
cg17796593,0.084072,0.101672,False,0.092872,5,135938224.0
cg17801930,0.098020,0.252735,False,0.175378,5,56713578.0
cg17806482,0.089010,-0.034880,False,0.061945,7,107967562.0
cg17806814,0.096287,-0.212626,False,0.154457,3,184620280.0
cg17808635,-0.049213,-0.102341,False,0.075777,1,156135967.0
cg17810966,0.170291,-0.059998,False,0.115145,4,94539620.0
cg17815669,0.122397,-0.014122,False,0.068259,1,2071759.0
cg17823230,0.098092,-0.165046,False,0.131569,13,110489494.0
cg17824906,0.131505,0.117187,False,0.124346,12,1590845.0
cg17826530,0.019281,-0.209787,False,0.114534,1,58814618.0
cg17834425,-0.025343,-0.104671,False,0.065007,6,169659231.0
cg17836145,0.004617,0.181921,False,0.093269,6,132763503.0
cg17839226,-0.059425,-0.136533,False,0.097979,1,225478061.0
cg17843066,0.101680,-0.052945,False,0.077313,1,84296143.0
cg17852507,0.210453,0.049438,False,0.129945,4,153204568.0
cg17861863,-0.140353,-0.015425,False,0.077889,10,1412192.0
cg17868320,0.150597,0.004435,False,0.077516,3,52522284.0
cg17868893,0.114610,-0.041034,False,0.077822,2,200352768.0
cg17870748,0.154164,-0.158254,False,0.156209,7,16466896.0
cg17873048,0.138307,-0.059814,False,0.099061,17,48620338.0
cg17873312,0.187533,-0.210275,False,0.198904,5,16621147.0
cg17873645,0.106743,-0.057890,False,0.082316,15,75577043.0
cg17878351,0.099065,-0.202687,False,0.150876,6,46048858.0
cg17881208,-0.110846,-0.207237,False,0.159042,12,54985128.0
cg17881542,0.093449,-0.012640,False,0.053045,12,18262136.0
cg17884766,0.071873,0.137932,False,0.104903,12,50247477.0
cg17895018,-0.050262,-0.173418,False,0.111840,10,92848575.0
cg17898069,-0.197693,-0.052707,False,0.125200,1,234309743.0
cg17903316,-0.253104,-0.368191,True,0.310648,18,46601697.0
cg17910105,0.191025,-0.001071,False,0.096048,3,149401767.0
cg17927583,0.096585,0.033729,False,0.065157,4,78569044.0
cg17934470,-0.155174,-0.165477,False,0.160325,5,50663869.0
cg17936488,-0.162703,0.266448,False,0.214576,9,131276132.0
cg17937497,0.249928,0.019524,False,0.134726,19,55229359.0
cg17939889,-0.104193,0.190102,False,0.147147,2,239252954.0
cg17943647,0.150665,0.029376,False,0.090021,4,153204222.0
cg17947174,0.168504,-0.087546,False,0.128025,19,55229400.0
cg17949402,0.089278,-0.102499,False,0.095889,10,133226691.0
cg17957235,0.016853,0.050848,False,0.033850,11,3222661.0
cg17958763,-0.131553,0.124901,False,0.128227,7,107959319.0
cg17970299,-0.081680,-0.020222,False,0.050951,12,54379020.0
cg17976576,0.253488,-0.064902,False,0.159195,2,127675036.0
cg17979445,0.144024,0.035439,False,0.089732,6,26344825.0
cg17979616,0.002958,0.081160,False,0.042059,X,103377865.0
cg17983632,0.079185,-0.114373,False,0.096779,6,1621695.0
cg17989313,0.215502,0.221964,True,0.218733,10,11824972.0
cg17993073,-0.129514,0.025566,False,0.077540,6,160106196.0
cg18000693,0.028052,-0.006996,False,0.017524,5,20616377.0
cg18008451,0.011200,0.055808,False,0.033504,17,50202896.0
cg18011872,0.006808,-0.229658,False,0.118233,6,33406393.0
cg18015809,-0.068425,0.037058,False,0.052741,6,47234518.0
cg18017849,-0.009688,0.027497,False,0.018592,11,1285912.0
cg18025430,0.010572,0.060928,False,0.035750,11,60280531.0
cg18031663,0.008940,-0.003705,False,0.006323,12,77063122.0
cg18038269,0.064364,0.067420,False,0.065892,19,10353644.0
cg18040181,-0.209566,-0.043537,False,0.126551,10,74828858.0
cg18044543,-0.265751,-0.212638,True,0.239195,10,89385038.0
cg18046677,-0.206353,-0.093811,False,0.150082,19,48716885.0
cg18049030,0.090396,0.128669,False,0.109533,10,128275154.0
cg18049182,-0.123476,-0.045682,False,0.084579,8,9552354.0
cg18051527,-0.304480,-0.195507,False,0.249993,6,119543533.0
cg18056695,-0.073468,-0.036584,False,0.055026,13,33015147.0
cg18058230,-0.301939,-0.040174,False,0.171056,3,171311990.0
cg18069290,0.181373,0.040254,False,0.110814,12,57619756.0
cg18071071,-0.010153,-0.052157,False,0.031155,4,1556724.0
cg18075011,0.012861,0.079429,False,0.046145,3,52503787.0
cg18080303,-0.118922,0.112756,False,0.115839,6,112255140.0
cg18080532,0.129124,-0.057133,False,0.093129,18,7979738.0
cg18081760,-0.311735,-0.282307,True,0.297021,1,113940975.0
cg18085435,-0.013498,-0.185701,False,0.099599,18,57732935.0
cg18085627,-0.070197,-0.145667,False,0.107932,11,64340200.0
cg18085683,0.173382,-0.065560,False,0.119471,4,123547685.0
cg18086520,0.163917,-0.102336,False,0.133127,4,185820208.0
cg18087306,-0.027223,0.289605,False,0.158414,19,2446489.0
cg18088587,0.188216,0.022443,False,0.105330,17,27291424.0
cg18089519,0.070955,0.093859,False,0.082407,11,763339.0
cg18090390,0.084982,0.052798,False,0.068890,1,56414934.0
cg18091964,-0.035908,0.140407,False,0.088157,X,129780004.0
cg18094824,-0.159639,-0.076461,False,0.118050,4,103198742.0
cg18095824,0.140708,-0.237116,False,0.188912,4,158783141.0
cg18099408,-0.062690,-0.201242,False,0.131966,3,52518577.0
cg18106968,0.035157,0.147047,False,0.091102,8,38440228.0
cg18113826,-0.120600,-0.014753,False,0.067676,6,31616165.0
cg18117039,-0.278706,-0.161236,False,0.219971,14,75275030.0
cg18119644,0.094852,0.071425,False,0.083138,11,1447882.0
cg18127159,0.058598,0.171701,False,0.115150,4,139913668.0
cg18127823,-0.227409,-0.103036,False,0.165222,7,926445.0
cg18132787,0.034332,0.249914,False,0.142123,1,232726279.0
cg18146737,-0.091929,0.026922,False,0.059425,1,92481143.0
cg18153957,0.085474,-0.179903,False,0.132688,1,87147720.0
cg18155888,0.149994,-0.169476,False,0.159735,1,2335152.0
cg18158859,-0.113048,0.080582,False,0.096815,13,106491678.0
cg18158888,0.119855,0.062185,False,0.091020,11,68201129.0
cg18165707,0.106399,-0.078004,False,0.092202,8,141179444.0
cg18169971,-0.206958,-0.245649,True,0.226303,5,135366802.0
cg18173972,0.147819,0.037346,False,0.092582,1,244351259.0
cg18174222,0.168207,0.179728,False,0.173968,1,165727361.0
cg18181229,-0.081433,0.145582,False,0.113507,1,164576462.0
cg18183817,0.104562,-0.092747,False,0.098655,3,13623508.0
cg18185980,0.116083,-0.396083,False,0.256083,2,174561288.0
cg18196829,-0.013640,-0.232805,False,0.123223,6,170179077.0
cg18200075,-0.045603,0.100403,False,0.073003,1,161736503.0
cg18201077,-0.002027,0.297668,False,0.149847,2,6877656.0
cg18205668,0.029922,0.117379,False,0.073651,7,45027296.0
cg18207099,0.044019,-0.260623,False,0.152321,7,2175155.0
cg18210128,-0.102122,-0.031990,False,0.067056,12,92002971.0
cg18218190,0.127467,0.132662,False,0.130064,1,202013244.0
cg18218772,0.049666,0.126782,False,0.088224,14,58829972.0
cg18243542,0.054540,0.028206,False,0.041373,7,27803790.0
cg18246056,-0.154769,-0.020908,False,0.087838,3,138010203.0
cg18257996,0.147911,-0.150876,False,0.149393,4,123650230.0
cg18262801,0.038090,-0.102473,False,0.070281,16,67236957.0
cg18273417,-0.170668,-0.060665,False,0.115667,1,153545942.0
cg18281939,-0.174951,-0.146122,False,0.160537,5,78488072.0
cg18285377,-0.238945,-0.051094,False,0.145019,1,10965206.0
cg18292904,0.106561,-0.037483,False,0.072022,3,49902270.0
cg18294691,0.143895,-0.142116,False,0.143005,14,37611464.0
cg18297538,0.085434,-0.303809,False,0.194622,6,30103596.0
cg18303608,0.069719,0.257144,False,0.163431,2,212912887.0
cg18305324,-0.149923,-0.019756,False,0.084839,6,31622803.0
cg18306516,-0.007974,0.120284,False,0.064129,10,79343502.0
cg18316974,-0.088377,0.036350,False,0.062363,1,92481478.0
cg18317439,-0.194494,-0.109561,False,0.152028,17,740397.0
cg18320356,-0.107557,-0.072654,False,0.090105,12,9951213.0
cg18322510,0.017246,-0.343289,False,0.180267,1,236523318.0
cg18327319,-0.160873,-0.145399,False,0.153136,1,11735352.0
cg18332838,0.263647,0.277268,True,0.270458,8,125686494.0
cg18334345,0.033552,0.006255,False,0.019904,4,183541304.0
cg18342814,-0.185529,-0.232732,False,0.209130,21,44335857.0
cg18355311,0.067883,-0.173858,False,0.120870,11,86558608.0
cg18356276,0.104179,0.208829,False,0.156504,7,17297718.0
cg18356785,0.148066,-0.042916,False,0.095491,11,47590228.0
cg18358136,0.150372,0.274880,False,0.212626,19,45616378.0
cg18364120,-0.343622,0.154248,False,0.248935,11,118226341.0
cg18365406,-0.023562,0.072987,False,0.048275,19,11361434.0
cg18366480,0.155951,0.008388,False,0.082169,17,58400115.0
cg18367578,-0.069777,0.166367,False,0.118072,11,114295724.0
cg18368125,0.067588,-0.119168,False,0.093378,16,69351924.0
cg18384097,-0.092950,0.230686,False,0.161818,1,202160438.0
cg18384588,-0.205888,-0.108812,False,0.157350,22,46067867.0
cg18384778,0.019513,0.057181,False,0.038347,19,57106768.0
cg18391442,0.090889,0.046530,False,0.068709,2,56091479.0
cg18395354,0.020235,0.018429,False,0.019332,7,3761859.0
cg18397073,0.191738,-0.091666,False,0.141702,19,42096126.0
cg18400181,0.072725,0.075789,False,0.074257,13,46742458.0
cg18400808,0.029854,-0.092747,False,0.061300,10,78055492.0
cg18405262,-0.067396,-0.007978,False,0.037687,17,50192681.0
cg18418928,0.269487,0.263297,True,0.266392,1,23627288.0
cg18422587,-0.222069,0.087817,False,0.154943,7,3095036.0
cg18424208,0.107034,-0.038218,False,0.072626,5,150166774.0
cg18429374,0.003400,0.117426,False,0.060413,2,46804500.0
cg18430152,-0.087884,0.104582,False,0.096233,7,27122782.0
cg18437209,-0.075424,0.092742,False,0.084083,11,35083652.0
cg18437633,0.102949,0.009682,False,0.056316,2,160200128.0
cg18440692,-0.135183,0.152190,False,0.143687,10,124619465.0
cg18440839,-0.261948,-0.121856,False,0.191902,8,140599281.0
cg18444231,0.184984,-0.369854,False,0.277419,17,56981362.0
cg18445715,-0.074274,0.331886,False,0.203080,2,189116679.0
cg18449135,-0.137445,-0.120774,False,0.129109,19,48329805.0
cg18454133,-0.066607,-0.201552,False,0.134080,14,23366661.0
cg18454973,0.148993,0.229987,False,0.189490,6,136090477.0
cg18460120,-0.003795,-0.009691,False,0.006743,8,42181877.0
cg18461635,0.145780,-0.049627,False,0.097703,3,46948653.0
cg18469224,0.139845,0.249585,False,0.194715,13,28586110.0
cg18472881,0.135121,0.092390,False,0.113755,15,90929873.0
cg18479711,0.172800,0.166954,False,0.169877,2,239109758.0
cg18486815,0.066896,0.043824,False,0.055360,6,35318538.0
cg18489994,0.171984,-0.101914,False,0.136949,4,15233795.0
cg18490846,-0.017066,-0.034076,False,0.025571,17,50768361.0
cg18502917,0.171595,0.206793,False,0.189194,6,30103215.0
cg18503031,0.149322,-0.258592,False,0.203957,3,69866255.0
cg18520238,-0.078877,0.053891,False,0.066384,11,36401007.0
cg18526607,-0.075840,0.020598,False,0.048219,5,55223479.0
cg18527651,-0.223924,-0.195133,False,0.209528,3,10242596.0
cg18537730,0.189270,0.126546,False,0.157908,19,48746823.0
cg18546006,-0.362454,-0.131209,False,0.246832,13,49995633.0
cg18554976,0.112026,0.243112,False,0.177569,19,35138452.0
cg18555277,0.213486,0.045094,False,0.129290,6,170272160.0
cg18556420,-0.048697,-0.030234,False,0.039466,10,818656.0
cg18556822,0.008076,-0.103029,False,0.055553,2,168802371.0
cg18561945,-0.194096,-0.075236,False,0.134666,19,39252624.0
cg18564727,0.073935,-0.019753,False,0.046844,X,103776050.0
cg18566313,0.049855,0.106438,False,0.078147,4,185812274.0
cg18568859,0.120804,0.308212,False,0.214508,3,134189435.0
cg18569623,-0.319373,-0.137270,False,0.228322,14,89165158.0
cg18571045,-0.230002,-0.185569,False,0.207785,13,112583692.0
cg18575532,-0.028916,-0.109187,False,0.069052,17,39629173.0
cg18581405,0.261098,0.129492,False,0.195295,19,3180037.0
cg18586886,-0.150254,-0.060700,False,0.105477,6,30684622.0
cg18587137,0.028868,-0.052291,False,0.040579,14,103127166.0
cg18588835,-0.050551,-0.184140,False,0.117345,8,140371081.0
cg18595228,0.025774,0.060851,False,0.043312,15,66900923.0
cg18598117,-0.202892,0.165217,False,0.184054,19,941126.0
cg18607411,0.069078,0.038568,False,0.053823,13,80337673.0
cg18610205,-0.102525,0.154212,False,0.128369,12,51324176.0
cg18617669,0.018984,-0.272755,False,0.145869,2,187994163.0
cg18617679,-0.161269,-0.007614,False,0.084441,12,51238251.0
cg18621142,-0.093782,-0.312327,False,0.203055,10,21499709.0
cg18621299,-0.066533,0.065889,False,0.066211,14,100065254.0
cg18623216,-0.359269,-0.094706,False,0.226988,3,155704181.0
cg18628646,-0.104269,-0.078366,False,0.091317,4,183987586.0
cg18630178,-0.003082,-0.138631,False,0.070857,14,92688139.0
cg18637383,-0.135906,-0.007220,False,0.071563,2,37080883.0
cg18638581,-0.403652,-0.111260,False,0.257456,2,74832475.0
cg18642369,0.071058,0.258201,False,0.164630,13,98998977.0
cg18649028,-0.103693,-0.182500,False,0.143097,6,155107004.0
cg18649319,0.153031,0.112973,False,0.133002,8,143549598.0
cg18649632,0.227700,0.028500,False,0.128100,20,35177269.0
cg18665384,-0.049848,-0.190321,False,0.120084,1,222736667.0
cg18669406,-0.081562,0.009403,False,0.045483,6,137824024.0
cg18670236,0.056117,0.087663,False,0.071890,3,126911635.0
cg18674980,0.115567,0.085268,False,0.100417,8,85438352.0
cg18680977,0.015489,-0.016343,False,0.015916,7,27115420.0
cg18695263,0.138684,-0.096587,False,0.117635,3,196660634.0
cg18696027,-0.331408,-0.167221,False,0.249315,15,44710399.0
cg18705931,0.102647,0.097739,False,0.100193,12,132559112.0
cg18707191,0.050271,0.032758,False,0.041514,3,139534996.0
cg18723409,-0.190135,0.025583,False,0.107859,11,1890317.0
cg18724928,0.121879,0.112015,False,0.116947,15,90929861.0
cg18733690,0.182209,-0.160576,False,0.171393,10,111137114.0
cg18735089,0.290457,0.082057,False,0.186257,7,99141375.0
cg18748062,0.104200,0.342870,False,0.223535,19,3966844.0
cg18749563,-0.045156,0.050672,False,0.047914,17,79950572.0
cg18750756,0.109795,0.190921,False,0.150358,17,4433936.0
cg18757077,0.198587,0.212932,False,0.205760,3,14337119.0
cg18758585,-0.005699,-0.079581,False,0.042640,1,234979854.0
cg18759102,-0.047462,0.165284,False,0.106373,1,3183779.0
cg18776945,0.171269,-0.217094,False,0.194181,5,147645279.0
cg18792131,0.122703,-0.077127,False,0.099915,1,1163786.0
cg18801945,-0.057890,-0.081508,False,0.069699,19,13104227.0
cg18831409,0.023272,0.118599,False,0.070935,6,10585618.0
cg18837947,-0.151018,-0.020195,False,0.085606,4,77193584.0
cg18842310,-0.124671,-0.131464,False,0.128067,13,112973170.0
cg18845718,-0.089095,0.052856,False,0.070976,13,46796251.0
cg18853490,-0.177414,-0.104294,False,0.140854,1,239719540.0
cg18854004,-0.131551,0.040487,False,0.086019,2,8303874.0
cg18854392,0.145942,0.006934,False,0.076438,3,167474085.0
cg18855030,-0.154803,-0.170586,False,0.162694,2,143129371.0
cg18856478,0.096144,-0.204630,False,0.150387,1,43348687.0
cg18856501,0.124488,-0.125742,False,0.125115,10,125093022.0
cg18858144,-0.168433,-0.181105,False,0.174769,20,37344554.0
cg18860854,0.262384,-0.106019,False,0.184201,2,241353760.0
cg18864179,0.311272,-0.125812,False,0.218542,1,175221818.0
cg18864926,0.028241,-0.107549,False,0.067895,14,99523552.0
cg18870258,0.054685,0.192761,False,0.123723,20,9480288.0
cg18881723,0.035370,0.176334,False,0.105852,1,160647080.0
cg18881778,-0.162727,0.047381,False,0.105054,12,119803483.0
cg18887230,0.203868,0.180621,False,0.192245,7,99142004.0
cg18890112,-0.109206,-0.108302,False,0.108754,1,18041305.0
cg18890556,-0.213554,-0.246475,True,0.230015,2,224401863.0
cg18899064,-0.164063,-0.102094,False,0.133079,8,42208710.0
cg18899667,-0.129381,0.078390,False,0.103886,14,51708158.0
cg18900271,0.014043,0.058277,False,0.036160,2,110106309.0
cg18901104,-0.077489,0.175440,False,0.126465,19,4916771.0
cg18908499,-0.002745,0.126538,False,0.064642,1,247548935.0
cg18914751,0.178506,-0.315316,False,0.246911,5,136006789.0
cg18917643,0.011286,-0.078765,False,0.045025,5,39476022.0
cg18919017,0.085344,-0.221921,False,0.153632,5,147417314.0
cg18921475,-0.092042,0.045174,False,0.068608,7,66952831.0
cg18926409,-0.325061,-0.204691,True,0.264876,15,64882372.0
cg18951862,-0.260406,0.026211,False,0.143308,7,48107455.0
cg18955629,0.148973,0.144689,False,0.146831,7,151063035.0
cg18960620,-0.168321,-0.200824,False,0.184573,12,121629497.0
cg18964319,-0.286732,-0.217555,True,0.252143,6,36697777.0
cg18982286,0.095845,-0.009697,False,0.052771,22,50697897.0
cg18982477,0.159114,0.042223,False,0.100668,4,37642476.0
cg18991240,0.073050,0.195632,False,0.134341,2,71071790.0
cg18997983,-0.309184,-0.198267,False,0.253725,5,1108916.0
cg19005335,-0.001939,-0.078075,False,0.040007,12,124457470.0
cg19008720,-0.290056,0.109049,False,0.199552,19,1069103.0
cg19021985,-0.077834,-0.052621,False,0.065228,8,22540677.0
cg19022525,-0.067688,-0.018937,False,0.043313,17,42512899.0
cg19027424,-0.184928,-0.198238,False,0.191583,5,172413133.0
cg19035966,0.086635,0.203035,False,0.144835,8,142173047.0
cg19044229,0.078220,-0.196082,False,0.137151,11,65607484.0
cg19048532,0.079961,0.223660,False,0.151811,7,27108383.0
cg19056418,-0.155455,0.220775,False,0.188115,17,78131136.0
cg19063834,-0.072345,0.088545,False,0.080445,5,16508938.0
cg19078037,0.083547,-0.132131,False,0.107839,18,79569049.0
cg19089701,-0.237990,-0.215246,True,0.226618,8,125386489.0
cg19091719,-0.061345,-0.032236,False,0.046791,5,150617953.0
cg19091784,-0.090049,-0.010017,False,0.050033,3,48466219.0
cg19091930,-0.102568,-0.099416,False,0.100992,5,191012.0
cg19093370,-0.280335,-0.291394,True,0.285864,17,17206866.0
cg19098437,-0.067901,-0.080944,False,0.074423,6,71403619.0
cg19107055,-0.125073,-0.062757,False,0.093915,7,50492988.0
cg19108747,-0.143174,-0.055285,False,0.099229,2,224401546.0
cg19115692,0.100704,-0.125761,False,0.113232,20,35621851.0
cg19116351,0.130246,0.011417,False,0.070832,3,87981898.0
cg19127638,-0.074654,0.188613,False,0.131633,10,68562685.0
cg19146711,-0.146741,-0.045429,False,0.096085,2,44245932.0
cg19149020,-0.042437,0.104255,False,0.073346,10,14959079.0
cg19163395,0.259605,0.136883,False,0.198244,17,44087065.0
cg19168192,-0.175252,0.171894,False,0.173573,6,28525887.0
cg19170991,0.004042,-0.169721,False,0.086881,10,69328282.0
cg19171383,0.098844,-0.146903,False,0.122873,17,19651771.0
cg19182537,0.098949,0.155483,False,0.127216,13,43023902.0
cg19184885,-0.053726,-0.057547,False,0.055637,17,47621956.0
cg19193136,-0.119594,-0.091914,False,0.105754,2,233249100.0
cg19201723,0.025120,-0.163368,False,0.094244,20,7940633.0
cg19212391,0.153336,-0.333736,False,0.243536,17,74436651.0
cg19219778,-0.119020,0.095877,False,0.107449,12,54984854.0
cg19220272,-0.295862,-0.183379,False,0.239621,2,43085229.0
cg19223129,0.057628,-0.023887,False,0.040757,4,7050676.0
cg19224164,-0.251035,-0.178425,False,0.214730,4,2964657.0
cg19233405,0.010617,-0.061380,False,0.035999,1,155016245.0
cg19246018,0.041226,0.096587,False,0.068906,2,239109892.0
cg19247032,0.037018,0.211453,False,0.124236,21,42366618.0
cg19252369,-0.000772,-0.201614,False,0.101193,13,21006005.0
cg19252956,0.024260,0.069483,False,0.046871,9,273072.0
cg19254118,0.037506,0.082980,False,0.060243,19,1907973.0
cg19256813,-0.152284,-0.332589,False,0.242437,12,117189481.0
cg19263868,-0.123924,-0.286076,False,0.205000,10,116893327.0
cg19266387,-0.217552,-0.271005,True,0.244279,3,183878335.0
cg19268695,0.071911,0.236002,False,0.153957,1,111200789.0
cg19275091,0.013683,0.072020,False,0.042852,1,119318198.0
cg19300307,0.156897,-0.221775,False,0.189336,13,98484326.0
cg19301897,0.133554,0.172638,False,0.153096,5,501959.0
cg19312667,-0.070546,0.054155,False,0.062351,4,25088869.0
cg19313221,-0.056608,-0.194630,False,0.125619,19,5046556.0
cg19336198,-0.023283,-0.148278,False,0.085780,7,4706831.0
cg19343707,0.152830,0.228988,False,0.190909,9,114930674.0
cg19350115,0.153089,-0.084674,False,0.118882,6,135722823.0
cg19366479,-0.098893,-0.159437,False,0.129165,19,50380395.0
cg19367176,-0.077128,0.106118,False,0.091623,1,248628415.0
cg19369955,-0.250322,-0.190684,False,0.220503,12,1921012.0
cg19380295,0.108168,0.083543,False,0.095856,2,9103012.0
cg19380394,0.158385,-0.158707,False,0.158546,4,171039350.0
cg19402230,0.217754,0.169104,False,0.193429,4,76303790.0
cg19413725,-0.029565,-0.069404,False,0.049485,4,151430821.0
cg19416290,0.197949,-0.035189,False,0.116569,20,9478922.0
cg19416462,0.123955,0.042767,False,0.083361,6,14533299.0
cg19419519,-0.024058,0.191826,False,0.107942,19,38813058.0
cg19420720,-0.114558,-0.148797,False,0.131678,17,81858628.0
cg19429405,-0.297123,0.080207,False,0.188665,10,71737852.0
cg19431009,0.021631,-0.003131,False,0.012381,17,80365532.0
cg19434183,0.028744,0.247007,False,0.137875,5,160506849.0
cg19437852,0.089121,-0.145955,False,0.117538,19,55684099.0
cg19438699,-0.056814,-0.154380,False,0.105597,19,50382700.0
cg19440734,-0.304163,-0.188145,False,0.246154,3,48223263.0
cg19444998,0.139837,-0.069109,False,0.104473,12,132775841.0
cg19447962,-0.190882,-0.124469,False,0.157676,17,17725342.0
cg19458020,-0.005326,0.036185,False,0.020755,17,40316867.0
cg19459094,-0.493066,-0.426761,True,0.459913,5,177429844.0
cg19465159,-0.156990,0.057298,False,0.107144,13,111977358.0
cg19471856,-0.051263,0.126093,False,0.088678,7,108095239.0
cg19473656,-0.003506,0.082530,False,0.043018,14,23154454.0
cg19479609,-0.026602,0.061402,False,0.044002,2,207525492.0
cg19481052,-0.063087,0.209378,False,0.136233,X,103777209.0
cg19483663,-0.031953,0.246960,False,0.139457,5,83080653.0
cg19497767,-0.004886,-0.098689,False,0.051787,17,79919905.0
cg19501909,-0.132609,0.136341,False,0.134475,22,37605076.0
cg19502050,-0.318758,-0.144456,False,0.231607,13,105991698.0
cg19503640,-0.244190,-0.026388,False,0.135289,5,1503648.0
cg19503826,0.080393,0.092006,False,0.086199,19,55676444.0
cg19506623,0.108528,0.197144,False,0.152836,2,160408748.0
cg19507217,-0.120582,-0.182852,False,0.151717,1,112708686.0
cg19508985,-0.109903,-0.204510,False,0.157206,4,68906039.0
cg19510206,-0.209170,-0.126977,False,0.168073,12,132525001.0
cg19510931,0.058785,-0.035401,False,0.047093,20,44534777.0
cg19521279,0.006402,-0.040525,False,0.023464,7,27104976.0
cg19521311,0.184689,-0.133901,False,0.159295,6,6322114.0
cg19524824,0.171028,0.030000,False,0.100514,12,49629530.0
cg19533977,-0.004279,-0.088076,False,0.046178,17,59642321.0
cg19534021,-0.028102,0.141771,False,0.084937,19,16067281.0
cg19537932,0.079913,-0.010935,False,0.045424,12,55492735.0
cg19541865,0.098477,-0.060502,False,0.079490,3,132316803.0
cg19541916,-0.128190,0.087985,False,0.108088,2,19474344.0
cg19551589,-0.190640,-0.033778,False,0.112209,20,63948439.0
cg19554281,0.015640,-0.028291,False,0.021966,15,39434796.0
cg19555988,-0.019760,-0.049137,False,0.034449,14,104088471.0
cg19580263,0.066445,-0.091403,False,0.078924,14,73996211.0
cg19589060,-0.123030,-0.072937,False,0.097984,5,176899515.0
cg19589427,0.132492,0.006162,False,0.069327,1,173050580.0
cg19590652,0.094323,0.167556,False,0.130940,14,51956970.0
cg19599972,0.192539,-0.048443,False,0.120491,14,39174064.0
cg19617213,0.048936,-0.089369,False,0.069153,19,1074927.0
cg19618438,-0.124056,-0.049735,False,0.086895,2,205929686.0
cg19619416,-0.025610,0.003734,False,0.014672,1,2060793.0
cg19622662,-0.077999,-0.103535,False,0.090767,1,167121735.0
cg19640007,-0.015865,0.015045,False,0.015455,4,145679619.0
cg19640821,-0.224956,0.031790,False,0.128373,19,18392707.0
cg19641924,-0.041286,-0.138221,False,0.089754,13,112902099.0
cg19645616,0.033286,-0.082744,False,0.058015,19,10334241.0
cg19646729,-0.065003,0.171208,False,0.118105,11,66026591.0
cg19647607,-0.022899,0.096061,False,0.059480,20,13299299.0
cg19648552,0.116651,0.248578,False,0.182614,19,55689025.0
cg19649172,0.028080,0.258909,False,0.143494,10,132685762.0
cg19649900,-0.338969,-0.329007,True,0.333988,19,1155031.0
cg19663795,0.107941,0.184523,False,0.146232,16,30382533.0
cg19666555,0.159614,0.091513,False,0.125564,4,75944375.0
cg19670883,-0.132625,-0.007498,False,0.070061,11,2481127.0
cg19672685,0.042373,-0.049501,False,0.045937,19,50378331.0
cg19675103,0.187995,-0.082038,False,0.135017,4,47511358.0
cg19680277,0.054798,-0.083763,False,0.069280,X,101346594.0
cg19689330,0.046316,0.008091,False,0.027204,6,5512075.0
cg19690494,0.232115,0.058538,False,0.145327,13,73608461.0
cg19698099,0.163923,-0.192890,False,0.178407,2,189032528.0
cg19698200,0.192744,0.018015,False,0.105379,1,8061833.0
cg19700682,-0.024512,0.027695,False,0.026103,10,86974724.0
cg19704755,-0.208865,0.037298,False,0.123081,1,10905037.0
cg19709585,-0.031895,0.069552,False,0.050724,1,209652504.0
cg19712586,0.252102,-0.044588,False,0.148345,6,30103147.0
cg19718309,0.015828,-0.148489,False,0.082158,14,100166567.0
cg19718393,0.206131,0.177755,False,0.191943,4,16942644.0
cg19719207,0.014807,-0.267292,False,0.141049,4,120918338.0
cg19725377,-0.323302,-0.194853,False,0.259078,14,69069262.0
cg19727767,0.044444,-0.158208,False,0.101326,20,13299554.0
cg19728345,0.084430,0.119167,False,0.101799,5,1394205.0
cg19735250,0.044331,0.065979,False,0.055155,17,45241243.0
cg19740707,0.211271,0.056340,False,0.133805,6,149430193.0
cg19750321,-0.060343,0.109583,False,0.084963,1,150836497.0
cg19755435,-0.023550,0.200727,False,0.112138,14,88006657.0
cg19755714,0.006721,0.178718,False,0.092720,4,139921748.0
cg19756313,-0.081622,-0.020724,False,0.051173,5,83226221.0
cg19757422,0.076411,-0.170034,False,0.123222,20,37344661.0
cg19758142,0.120028,0.104599,False,0.112313,3,172648152.0
cg19758848,0.190411,-0.062369,False,0.126390,13,44377568.0
cg19760666,0.157383,-0.034727,False,0.096055,1,12558502.0
cg19763774,0.167575,-0.069479,False,0.118527,1,115082981.0
cg19788250,-0.057846,-0.197667,False,0.127756,21,26167902.0
cg19794481,0.065085,-0.196368,False,0.130726,12,6964077.0
cg19795556,-0.092753,0.043640,False,0.068196,10,58734425.0
cg19797087,-0.194729,0.138183,False,0.166456,3,183555654.0
cg19798702,-0.059278,0.027380,False,0.043329,3,197520880.0
cg19809636,-0.085827,0.168701,False,0.127264,10,132848136.0
cg19811337,0.067014,0.063714,False,0.065364,11,65607192.0
cg19811994,0.007872,0.071807,False,0.039840,3,50336210.0
cg19819320,-0.007005,-0.153469,False,0.080237,15,78134125.0
cg19822764,0.116876,-0.144328,False,0.130602,17,28405356.0
cg19827875,0.034344,-0.005986,False,0.020165,1,201649156.0
cg19829001,0.126750,0.102330,False,0.114540,17,76643996.0
cg19836174,-0.077863,0.195417,False,0.136640,5,150541578.0
cg19836199,-0.047776,0.239413,False,0.143595,21,35049644.0
cg19839825,0.050492,-0.104933,False,0.077713,19,7551125.0
cg19851816,-0.208156,-0.191920,False,0.200038,22,50219478.0
cg19853565,0.042448,-0.039029,False,0.040739,19,2540909.0
cg19856705,0.078177,0.135847,False,0.107012,1,234531754.0
cg19860160,-0.179018,-0.039516,False,0.109267,1,1110002.0
cg19860717,0.164425,-0.014594,False,0.089509,1,214378017.0
cg19861260,0.046113,0.085189,False,0.065651,7,87599433.0
cg19861858,0.051911,0.164873,False,0.108392,8,1069352.0
cg19861914,0.143041,-0.047756,False,0.095399,13,75759903.0
cg19872463,0.104179,0.144889,False,0.124534,12,6772463.0
cg19878326,-0.007545,0.120129,False,0.063837,6,30110855.0
cg19880790,0.246021,-0.080677,False,0.163349,4,85827887.0
cg19889066,-0.116938,-0.055923,False,0.086430,5,75034600.0
cg19896129,0.018853,0.120873,False,0.069863,1,62690779.0
cg19901523,-0.203878,-0.145288,False,0.174583,14,106845058.0
cg19911494,-0.065179,0.034463,False,0.049821,5,9169646.0
cg19913426,-0.133502,-0.189211,False,0.161357,17,57136239.0
cg19918549,0.062773,0.168106,False,0.115439,14,100065463.0
cg19919590,-0.148710,-0.114291,False,0.131500,1,30756722.0
cg19921377,-0.095222,-0.181097,False,0.138160,19,7515323.0
cg19931491,-0.099101,-0.034479,False,0.066790,11,125458112.0
cg19934194,0.107284,0.002294,False,0.054789,7,6246518.0
cg19939130,-0.110046,0.121175,False,0.115611,1,159008678.0
cg19947463,-0.103940,-0.193824,False,0.148882,7,1073601.0
cg19948701,0.030349,0.079063,False,0.054706,17,77475111.0
cg19955173,0.050296,0.127045,False,0.088670,3,195876826.0
cg19958593,0.048941,-0.227959,False,0.138450,14,86799273.0
cg19959477,0.104551,0.137516,False,0.121034,12,52216489.0
cg19966212,-0.160996,-0.028388,False,0.094692,5,150413220.0
cg19972068,-0.001146,-0.089618,False,0.045382,7,7536720.0
cg19974227,-0.082160,-0.067157,False,0.074658,4,3370149.0
cg19982684,-0.328085,-0.320238,True,0.324162,3,128684192.0
cg19986012,-0.072491,-0.126488,False,0.099489,17,48550486.0
cg19996406,-0.057689,0.160196,False,0.108942,8,8461264.0
cg20000107,0.087175,0.000650,False,0.043913,7,85832.0
cg20001775,0.049790,0.093166,False,0.071478,13,38637049.0
cg20003050,0.086331,0.011804,False,0.049068,2,57802368.0
cg20003329,0.105511,-0.030422,False,0.067966,1,2515242.0
cg20036996,-0.022374,0.053171,False,0.037773,8,143824206.0
cg20042662,-0.097213,0.011124,False,0.054168,8,142454219.0
cg20049422,-0.173097,-0.123876,False,0.148487,15,25799142.0
cg20057103,0.086084,-0.023684,False,0.054884,11,121870011.0
cg20059312,0.019723,0.003314,False,0.011518,2,233013147.0
cg20066782,0.243796,0.051176,False,0.147486,7,102934057.0
cg20066792,-0.218864,0.081603,False,0.150234,20,4684049.0
cg20068209,-0.136348,0.029656,False,0.083002,6,75278852.0
cg20069407,-0.138054,-0.187912,False,0.162983,11,121590264.0
cg20072118,-0.174950,-0.046621,False,0.110785,12,52259853.0
cg20077343,0.045969,-0.019935,False,0.032952,11,1036307.0
cg20079298,-0.072208,0.093641,False,0.082924,15,40280125.0
cg20090497,0.203692,0.193206,False,0.198449,12,10809838.0
cg20098854,-0.098201,-0.137651,False,0.117926,8,948407.0
cg20102336,-0.185583,-0.223638,False,0.204611,12,112938876.0
cg20102877,0.005553,-0.171553,False,0.088553,2,27442771.0
cg20108600,0.020583,0.013248,False,0.016915,8,124452306.0
cg20113693,0.069627,0.150472,False,0.110049,19,55229389.0
cg20114113,0.009966,-0.061130,False,0.035548,10,91632206.0
cg20116828,0.118697,0.154133,False,0.136415,19,13096788.0
cg20124336,0.244139,-0.051861,False,0.148000,10,88405102.0
cg20127102,0.140455,-0.026731,False,0.083593,11,57430226.0
cg20133901,-0.303339,-0.184008,False,0.243674,3,51568105.0
cg20136100,0.203756,0.207994,True,0.205875,11,64207388.0
cg20139336,-0.002477,-0.173171,False,0.087824,6,10495202.0
cg20143111,0.096752,0.361080,False,0.228916,4,10671564.0
cg20151476,0.239430,-0.065068,False,0.152249,7,1567772.0
cg20152430,-0.139220,-0.337587,False,0.238403,17,48564142.0
cg20154143,0.053702,-0.247151,False,0.150427,1,3171145.0
cg20156353,-0.167777,-0.352531,False,0.260154,11,30926139.0
cg20164964,0.158663,0.085250,False,0.121956,12,3104684.0
cg20170223,0.000829,0.422431,False,0.211630,20,35768278.0
cg20181887,-0.185551,-0.191326,False,0.188439,12,123268725.0
cg20193839,0.119584,-0.114033,False,0.116809,8,60921942.0
cg20194973,-0.401198,-0.197792,False,0.299495,22,50086247.0
cg20198183,0.073529,0.088603,False,0.081066,10,48624749.0
cg20215257,0.123994,-0.158257,False,0.141125,3,155676503.0
cg20216309,0.184171,-0.126954,False,0.155562,3,15983033.0
cg20227806,0.266342,-0.234351,False,0.250346,2,40451620.0
cg20234910,0.054164,-0.095564,False,0.074864,13,104586148.0
cg20251225,-0.078475,0.028122,False,0.053299,1,1678112.0
cg20268352,-0.012697,-0.105181,False,0.058939,2,200748221.0
cg20268689,0.056414,-0.013571,False,0.034992,2,20231674.0
cg20271602,-0.138980,-0.043110,False,0.091045,17,28525514.0
cg20274304,0.053801,-0.079785,False,0.066793,8,28318778.0
cg20281375,-0.290642,-0.246750,True,0.268696,19,13835956.0
cg20282814,-0.035012,0.090425,False,0.062718,1,42957401.0
cg20288000,-0.013586,-0.059015,False,0.036301,1,10675112.0
cg20289045,0.193987,0.063430,False,0.128708,11,94537094.0
cg20290367,0.052813,-0.006805,False,0.029809,17,20157144.0
cg20293650,-0.124229,0.131230,False,0.127730,6,16180318.0
cg20306863,-0.235058,-0.191408,False,0.213233,1,3677248.0
cg20332865,0.144094,0.026542,False,0.085318,2,205312523.0
cg20334738,0.197826,0.178536,False,0.188181,4,150581787.0
cg20341504,0.078240,-0.222241,False,0.150240,2,54673861.0
cg20343375,0.170395,0.271657,False,0.221026,2,224001694.0
cg20359042,0.089411,-0.053698,False,0.071554,13,98483329.0
cg20365580,0.025483,0.195229,False,0.110356,8,22556602.0
cg20366986,0.094270,-0.050497,False,0.072383,3,137998738.0
cg20370788,0.085800,-0.061057,False,0.073428,15,42923450.0
cg20376082,-0.002009,0.129207,False,0.065608,11,1208702.0
cg20383948,-0.202888,0.122746,False,0.162817,21,45478223.0
cg20384898,0.038953,-0.043078,False,0.041015,6,1624876.0
cg20387392,-0.115516,-0.014823,False,0.065170,3,114659573.0
cg20391895,-0.333558,-0.202019,True,0.267789,4,10684770.0
cg20395646,0.044888,0.100692,False,0.072790,12,121509630.0
cg20398399,-0.151933,0.266105,False,0.209019,3,183556019.0
cg20403541,-0.262793,-0.260902,True,0.261848,4,3385563.0
cg20410995,-0.080976,0.143610,False,0.112293,1,89198862.0
cg20411756,0.021513,-0.148693,False,0.085103,11,640606.0
cg20416179,-0.026944,-0.024814,False,0.025879,6,150369007.0
cg20425130,-0.141206,0.052109,False,0.096657,3,183555457.0
cg20425384,-0.088563,0.031750,False,0.060157,12,132173274.0
cg20437980,0.014005,-0.063067,False,0.038536,2,169737294.0
cg20441902,0.052574,0.036446,False,0.044510,19,48695772.0
cg20443357,0.047984,-0.066108,False,0.057046,10,132455736.0
cg20446334,0.019060,0.053182,False,0.036121,17,81036658.0
cg20449614,0.012720,-0.040914,False,0.026817,8,22580609.0
cg20454073,-0.133570,0.227804,False,0.180687,19,13014270.0
cg20468081,0.003981,-0.223160,False,0.113570,17,40501682.0
cg20468939,0.055114,0.149370,False,0.102242,19,14440043.0
cg20471562,0.055453,-0.157815,False,0.106634,2,98377267.0
cg20472746,-0.034242,-0.048097,False,0.041169,13,41465198.0
cg20479009,0.245907,-0.023663,False,0.134785,6,170265835.0
cg20480899,0.011449,0.067732,False,0.039591,12,11395933.0
cg20484832,-0.035707,0.034783,False,0.035245,20,9095163.0
cg20485084,-0.155214,-0.140807,False,0.148010,1,27618494.0
cg20487608,-0.105591,-0.101393,False,0.103492,6,15287895.0
cg20504007,-0.233119,-0.159477,False,0.196298,10,48684909.0
cg20509513,0.047401,0.353615,False,0.200508,10,122164570.0
cg20510384,0.204272,0.078977,False,0.141624,15,40532020.0
cg20512044,0.015795,0.218531,False,0.117163,14,50763611.0
cg20521198,-0.101057,-0.027178,False,0.064117,4,27101285.0
cg20540235,0.150203,-0.081426,False,0.115815,8,90671015.0
cg20544808,0.068276,-0.107365,False,0.087820,1,1163671.0
cg20552468,0.190304,0.188703,False,0.189504,17,81285899.0
cg20557069,0.045322,-0.041908,False,0.043615,21,46226690.0
cg20566840,0.025549,-0.108470,False,0.067009,12,122730741.0
cg20584841,-0.033403,0.150932,False,0.092168,19,1070987.0
cg20599748,-0.041499,0.002902,False,0.022200,14,94293309.0
cg20604028,0.059202,0.104015,False,0.081608,8,29556070.0
cg20608100,0.045022,-0.111200,False,0.078111,19,39307110.0
cg20610181,0.039592,-0.224605,False,0.132099,9,35674003.0
cg20623506,0.063199,-0.333216,False,0.198207,17,81855534.0
cg20648847,0.034426,-0.050311,False,0.042368,11,66559296.0
cg20652822,-0.098497,0.092801,False,0.095649,17,78505393.0
cg20654082,-0.051084,-0.033703,False,0.042394,2,191031078.0
cg20655220,0.096985,0.037159,False,0.067072,5,102911033.0
cg20660269,-0.190848,-0.176736,False,0.183792,22,24427546.0
cg20662060,-0.004067,-0.028480,False,0.016274,6,75274749.0
cg20667480,-0.069920,-0.074978,False,0.072449,17,79942969.0
cg20667664,0.040023,-0.082915,False,0.061469,17,40098195.0
cg20673472,0.236151,0.071316,False,0.153734,6,146550204.0
cg20685713,-0.231135,0.092547,False,0.161841,1,156097195.0
cg20690039,-0.114955,-0.008134,False,0.061544,15,59137011.0
cg20694619,0.000517,-0.033365,False,0.016941,1,209756151.0
cg20695297,0.195440,0.167988,False,0.181714,19,3178846.0
cg20697025,-0.255232,-0.344303,True,0.299767,7,1513567.0
cg20698113,0.109229,0.127639,False,0.118434,22,49963566.0
cg20698781,-0.003497,-0.006447,False,0.004972,2,38620309.0
cg20700762,0.210552,0.306121,True,0.258336,2,191244167.0
cg20701461,0.198546,0.119468,False,0.159007,1,45336180.0
cg20710519,-0.013156,0.183741,False,0.098449,5,6775796.0
cg20722458,-0.057557,0.087113,False,0.072335,2,8575681.0
cg20725880,0.158020,0.051887,False,0.104954,3,160677931.0
cg20728704,-0.001102,0.012008,False,0.006555,2,230059058.0
cg20732076,-0.474690,-0.335825,True,0.405258,6,42367493.0
cg20735914,-0.157611,-0.145586,False,0.151599,19,36121729.0
cg20735989,0.000940,-0.048637,False,0.024789,4,736823.0
cg20741474,-0.118056,0.098587,False,0.108322,3,39813572.0
cg20760883,0.140096,-0.197205,False,0.168650,7,133443278.0
cg20761840,0.205913,-0.103322,False,0.154618,4,185810999.0
cg20761853,-0.032311,-0.035276,False,0.033794,17,78854116.0
cg20768638,-0.091443,0.081289,False,0.086366,3,36908513.0
cg20777796,-0.044932,0.042608,False,0.043770,7,1940481.0
cg20780302,-0.064894,-0.022873,False,0.043884,17,82104230.0
cg20781880,0.210110,0.124773,False,0.167441,19,3179743.0
cg20783697,-0.194779,-0.021663,False,0.108221,17,58329786.0
cg20784259,-0.267720,0.006742,False,0.137231,1,113975413.0
cg20784950,-0.229542,-0.201921,True,0.215732,8,143928354.0
cg20786706,0.017640,-0.071787,False,0.044714,6,3781956.0
cg20790998,0.039315,-0.029962,False,0.034639,1,67824753.0
cg20792833,0.205992,0.201503,True,0.203748,11,67437724.0
cg20797270,0.150689,-0.083567,False,0.117128,6,30103511.0
cg20801007,0.232476,-0.037111,False,0.134794,11,830320.0
cg20805367,-0.078875,-0.065265,False,0.072070,17,7015633.0
cg20811857,-0.029822,-0.168588,False,0.099205,17,80105996.0
cg20818457,0.021398,-0.254332,False,0.137865,4,153258249.0
cg20820107,-0.202912,0.040287,False,0.121600,1,12133042.0
cg20820767,0.089943,0.081603,False,0.085773,1,44617168.0
cg20821442,-0.077063,0.027775,False,0.052419,7,105639435.0
cg20824939,-0.028936,0.397856,False,0.213396,1,205285954.0
cg20824977,-0.207310,-0.353232,True,0.280271,15,59686401.0
cg20835659,0.117742,-0.072891,False,0.095316,6,30713895.0
cg20837735,0.153138,-0.059105,False,0.106121,18,63476944.0
cg20840795,-0.124398,-0.224948,False,0.174673,12,119804590.0
cg20848979,0.067649,0.057492,False,0.062570,20,44355698.0
cg20868817,0.180355,-0.099502,False,0.139929,1,160707608.0
cg20873136,-0.134621,-0.021450,False,0.078036,2,128280136.0
cg20878780,0.127584,0.058589,False,0.093087,12,121442477.0
cg20888995,-0.234278,-0.155707,False,0.194992,3,56788031.0
cg20899781,0.016618,0.072177,False,0.044398,2,9565639.0
cg20918393,0.101575,0.178168,False,0.139871,20,19886492.0
cg20925383,0.136274,0.068428,False,0.102351,13,50128274.0
cg20927425,-0.006820,-0.076952,False,0.041886,4,25977525.0
cg20936226,0.190233,-0.255351,False,0.222792,3,123663556.0
cg20936529,0.054327,0.102849,False,0.078588,18,75200805.0
cg20937934,0.420630,0.192507,False,0.306569,18,23872824.0
cg20944964,0.151033,0.210772,False,0.180903,1,44617535.0
cg20950033,0.096049,-0.080860,False,0.088454,14,20430622.0
cg20956407,0.011578,0.344358,False,0.177968,5,150510115.0
cg20957796,0.269086,0.202818,True,0.235952,11,126327382.0
cg20979979,0.031048,0.154870,False,0.092959,4,140296918.0
cg20985082,0.057158,-0.075718,False,0.066438,6,32759488.0
cg20992181,0.005974,-0.264519,False,0.135246,11,69891517.0
cg21007509,0.101682,-0.009398,False,0.055540,14,68364493.0
cg21031128,0.165111,0.288847,False,0.226979,8,21913767.0
cg21040133,0.040180,0.047978,False,0.044079,7,3056927.0
cg21052660,0.154415,0.049390,False,0.101903,6,41374464.0
cg21083936,0.149428,-0.202942,False,0.176185,11,2273860.0
cg21092324,0.027696,0.031498,False,0.029597,4,89895159.0
cg21094613,-0.029932,0.254404,False,0.142168,11,79189642.0
cg21100638,-0.027386,-0.001114,False,0.014250,17,4433787.0
cg21101386,-0.050707,-0.128470,False,0.089589,20,36497454.0
cg21106505,-0.046442,-0.113497,False,0.079969,11,562547.0
cg21109038,-0.050410,-0.219010,False,0.134710,15,90000378.0
cg21110337,0.077224,-0.017163,False,0.047193,12,113233223.0
cg21116077,0.047511,-0.139536,False,0.093524,1,10860729.0
cg21127079,-0.167524,-0.072011,False,0.119768,11,111284101.0
cg21133433,0.083520,-0.141375,False,0.112448,4,169070645.0
cg21138012,0.216346,-0.048380,False,0.132363,8,99891723.0
cg21144941,0.177551,-0.096333,False,0.136942,22,17199685.0
cg21156912,-0.001484,-0.054039,False,0.027761,17,82889670.0
cg21157873,0.022125,0.108857,False,0.065491,1,151514011.0
cg21159068,-0.195396,-0.120714,False,0.158055,1,231160164.0
cg21164050,0.022049,0.069658,False,0.045854,13,27183274.0
cg21164509,-0.053219,0.123816,False,0.088517,1,9629745.0
cg21166985,-0.017513,0.137836,False,0.077675,12,121444464.0
cg21167963,0.152259,0.053264,False,0.102761,9,69172084.0
cg21171858,-0.238149,0.149241,False,0.193695,5,132457133.0
cg21177940,0.094329,0.005072,False,0.049700,9,87729790.0
cg21188037,0.228090,0.141866,False,0.184978,7,44979059.0
cg21192091,0.036255,-0.117423,False,0.076839,7,2719166.0
cg21198219,0.036822,-0.183504,False,0.110163,11,128688559.0
cg21201572,0.279786,-0.101873,False,0.190829,7,16804982.0
cg21201830,-0.145829,0.183843,False,0.164836,11,2301826.0
cg21204870,0.067019,0.017961,False,0.042490,9,109751045.0
cg21205663,0.009648,0.316371,False,0.163010,3,31227519.0
cg21207436,0.045463,-0.029782,False,0.037622,14,74348613.0
cg21210531,-0.102385,-0.051503,False,0.076944,1,234969857.0
cg21211730,0.145013,-0.188154,False,0.166583,19,44776513.0
cg21236414,-0.116404,0.026028,False,0.071216,4,900397.0
cg21236845,0.148257,0.137986,False,0.143122,5,98779625.0
cg21246595,0.046922,-0.029274,False,0.038098,15,98514320.0
cg21268422,-0.183979,-0.129066,False,0.156522,21,41248164.0
cg21270243,-0.142658,-0.210373,False,0.176515,2,215311525.0
cg21279316,0.102467,0.291862,False,0.197165,15,64623030.0
cg21281009,0.022845,-0.068914,False,0.045879,18,14748299.0
cg21284028,0.114310,0.194251,False,0.154281,20,59996514.0
cg21287519,-0.079780,-0.052207,False,0.065993,17,2347768.0
cg21291385,-0.312082,-0.164230,False,0.238156,21,34075915.0
cg21311067,-0.118285,-0.023208,False,0.070746,19,4916971.0
cg21315173,-0.205759,-0.086096,False,0.145927,2,163701340.0
cg21325040,0.199314,-0.078950,False,0.139132,11,114055874.0
cg21325723,-0.267277,-0.191076,False,0.229176,6,32326800.0
cg21336650,0.089994,0.179155,False,0.134574,17,80187907.0
cg21348406,-0.041037,0.111820,False,0.076429,17,78365085.0
cg21376733,0.217806,0.148818,False,0.183312,12,54497852.0
cg21382890,-0.159827,-0.021649,False,0.090738,2,177240066.0
cg21391790,0.173807,-0.003709,False,0.088758,15,36630417.0
cg21393885,-0.033654,-0.144501,False,0.089078,17,81340113.0
cg21399057,0.046303,0.023041,False,0.034672,17,48554548.0
cg21411291,0.090366,0.124269,False,0.107318,X,149495494.0
cg21424090,0.068707,-0.177811,False,0.123259,11,118679734.0
cg21424703,-0.163474,0.191382,False,0.177428,6,168367334.0
cg21431729,0.204682,0.134147,False,0.169414,2,23930179.0
cg21431832,-0.019059,-0.138519,False,0.078789,22,26479686.0
cg21439763,-0.296440,-0.078680,False,0.187560,1,173207227.0
cg21450723,0.068511,0.160392,False,0.114452,22,46086129.0
cg21455600,-0.003431,0.138212,False,0.070822,7,66631819.0
cg21459816,-0.022749,-0.222498,False,0.122624,7,157796064.0
cg21465176,0.078104,0.177201,False,0.127652,17,82401000.0
cg21467692,0.122209,-0.125881,False,0.124045,17,27849691.0
cg21475076,-0.074783,0.051393,False,0.063088,1,1165113.0
cg21478437,0.066713,0.007838,False,0.037275,1,206023964.0
cg21480173,0.113461,0.061866,False,0.087664,19,10353155.0
cg21483922,-0.161839,-0.018609,False,0.090224,17,50128047.0
cg21493516,0.010656,-0.174282,False,0.092469,12,54052249.0
cg21502476,-0.075998,-0.125538,False,0.100768,3,153221772.0
cg21514164,-0.279047,-0.229776,True,0.254412,2,42961800.0
cg21516763,0.110689,0.000762,False,0.055725,2,224001721.0
cg21519787,-0.100802,-0.020531,False,0.060667,19,48630164.0
cg21527621,-0.119335,-0.255109,False,0.187222,1,54547746.0
cg21531679,-0.037939,-0.183459,False,0.110699,3,185737238.0
cg21532801,-0.198527,-0.253205,False,0.225866,20,58306893.0
cg21537214,-0.170259,-0.066924,False,0.118592,1,204166457.0
cg21545988,0.040593,-0.105011,False,0.072802,6,31534739.0
cg21547824,0.243046,-0.179509,False,0.211278,12,132726738.0
cg21548464,-0.122655,-0.007454,False,0.065054,13,50133801.0
cg21549195,0.180461,0.008691,False,0.094576,19,51949115.0
cg21549695,0.214987,0.042338,False,0.128662,5,75037463.0
cg21565960,0.032029,0.151655,False,0.091842,11,62025813.0
cg21571160,0.054355,0.193995,False,0.124175,1,207089208.0
cg21575951,-0.036792,-0.090271,False,0.063531,3,69083808.0
cg21576187,0.020273,0.077548,False,0.048910,15,29671019.0
cg21583694,-0.140863,-0.046109,False,0.093486,5,136029712.0
cg21585707,-0.252250,-0.103877,False,0.178064,7,5495671.0
cg21605283,-0.197412,-0.143086,False,0.170249,17,32288906.0
cg21610436,-0.086738,-0.042027,False,0.064383,8,22801351.0
cg21614723,0.044423,0.051515,False,0.047969,17,57136202.0
cg21616051,-0.030403,0.016711,False,0.023557,4,993515.0
cg21617353,-0.036955,-0.171863,False,0.104409,17,45242004.0
cg21627409,0.179397,0.004151,False,0.091774,5,141430539.0
cg21631439,-0.033434,-0.013088,False,0.023261,19,10625772.0
cg21637392,-0.038334,0.046521,False,0.042427,7,5695492.0
cg21642947,0.196862,0.046042,False,0.121452,20,63522078.0
cg21643939,0.037821,-0.154230,False,0.096026,3,172749536.0
cg21646082,0.031972,0.024362,False,0.028167,1,26277479.0
cg21646392,0.136280,0.111962,False,0.124121,3,23668812.0
cg21647035,0.104372,-0.051952,False,0.078162,1,16146984.0
cg21649442,0.109586,-0.009491,False,0.059539,16,82011355.0
cg21649629,0.159042,0.000643,False,0.079842,8,66021190.0
cg21658153,0.201625,0.162999,False,0.182312,19,16067760.0
cg21659714,0.071084,-0.014542,False,0.042813,17,81828115.0
cg21681834,-0.030228,-0.227864,False,0.129046,2,135741221.0
cg21682210,0.167433,0.247690,False,0.207561,1,94817685.0
cg21686213,0.126855,0.139729,False,0.133292,11,315118.0
cg21712331,-0.194705,-0.153030,False,0.173867,13,98978235.0
cg21718735,-0.193744,-0.098476,False,0.146110,18,48947203.0
cg21723559,-0.019758,-0.050662,False,0.035210,20,45419534.0
cg21739530,0.050006,-0.145414,False,0.097710,4,173264917.0
cg21749794,-0.196207,0.012216,False,0.104211,13,114110735.0
cg21770322,0.007051,-0.159854,False,0.083452,7,98178429.0
cg21771679,0.044113,-0.037569,False,0.040841,7,131522014.0
cg21773297,0.105417,0.190432,False,0.147925,8,2102120.0
cg21775245,0.229549,-0.032644,False,0.131096,3,129688705.0
cg21777154,-0.022629,-0.111749,False,0.067189,1,184427170.0
cg21787063,0.161017,0.106434,False,0.133726,7,95485882.0
cg21793437,-0.311790,-0.140452,False,0.226121,12,2625425.0
cg21805731,-0.039651,0.174904,False,0.107278,1,204591857.0
cg21806592,-0.081634,-0.230369,False,0.156001,17,30968742.0
cg21818891,0.226499,0.129782,False,0.178141,11,35289370.0
cg21830459,0.159005,-0.190499,False,0.174752,22,17199673.0
cg21842274,-0.122104,-0.005023,False,0.063563,5,76952812.0
cg21843586,0.029776,-0.008493,False,0.019135,11,2375971.0
cg21846949,0.130111,0.156557,False,0.143334,2,33275822.0
cg21847118,0.001552,0.062653,False,0.032103,17,50190876.0
cg21847347,-0.158214,-0.054015,False,0.106114,17,74713433.0
cg21850913,0.127400,-0.144050,False,0.135725,4,38287859.0
cg21856257,0.180279,-0.135313,False,0.157796,1,247816905.0
cg21857346,0.051473,0.014620,False,0.033046,8,40153304.0
cg21857668,0.187341,-0.040310,False,0.113826,3,111732426.0
cg21876918,0.016462,0.292645,False,0.154553,19,2085484.0
cg21877956,-0.040689,-0.016474,False,0.028581,6,83216638.0
cg21878746,-0.151038,-0.108038,False,0.129538,19,54365121.0
cg21879102,0.198785,-0.055222,False,0.127003,12,119803605.0
cg21880903,0.214106,0.009285,False,0.111695,4,39407045.0
cg21898046,0.151877,0.103673,False,0.127775,5,180804026.0
cg21903684,0.064521,0.183884,False,0.124203,3,181839098.0
cg21911930,0.084246,-0.063537,False,0.073892,6,145688741.0
cg21912556,-0.067671,-0.186844,False,0.127257,8,18747972.0
cg21919599,0.083809,-0.040766,False,0.062287,1,247416010.0
cg21921520,0.100453,0.019860,False,0.060156,5,176191967.0
cg21932231,-0.195929,-0.105041,False,0.150485,2,36441721.0
cg21937128,-0.258961,-0.161679,False,0.210320,1,150999413.0
cg21937377,-0.068366,-0.310271,False,0.189318,3,195148021.0
cg21939215,-0.002572,0.250519,False,0.126545,11,60971523.0
cg21946374,-0.292212,-0.155131,False,0.223671,5,1108286.0
cg21964466,-0.185241,-0.231719,False,0.208480,5,39526835.0
cg21986027,0.076743,0.002426,False,0.039584,6,168838043.0
cg21988813,-0.287435,-0.243233,True,0.265334,11,61963408.0
cg21995961,-0.095008,-0.101620,False,0.098314,2,169736003.0
cg21998869,0.320501,0.123505,False,0.222003,2,233013440.0
cg22008490,0.048952,0.091208,False,0.070080,1,202160127.0
cg22011587,0.100534,0.058187,False,0.079361,2,187555539.0
cg22016513,-0.052347,0.049719,False,0.051033,8,3998055.0
cg22016995,0.077287,-0.088299,False,0.082793,11,614787.0
cg22018086,-0.332884,-0.160646,False,0.246765,22,44728675.0
cg22029587,-0.191564,0.168117,False,0.179840,2,233060291.0
cg22030501,0.286983,0.019893,False,0.153438,13,52882468.0
cg22035815,0.109861,-0.032379,False,0.071120,1,206798657.0
cg22044342,-0.317332,-0.115632,False,0.216482,17,3916045.0
cg22044401,-0.021856,0.216264,False,0.119060,12,112968121.0
cg22046408,-0.014233,-0.053808,False,0.034020,19,40600258.0
cg22048405,0.148187,-0.017679,False,0.082933,1,32760995.0
cg22053861,0.117000,-0.043596,False,0.080298,11,65551212.0
cg22065124,-0.171776,0.260497,False,0.216137,13,73075817.0
cg22073152,-0.132394,0.185334,False,0.158864,1,198664368.0
cg22074858,0.152283,0.278972,False,0.215628,1,89022747.0
cg22081371,0.051053,0.169570,False,0.110312,1,177858768.0
cg22109796,0.188376,0.089317,False,0.138846,4,15374546.0
cg22115076,0.206330,0.046007,False,0.126168,5,51377754.0
cg22117014,0.174165,-0.222675,False,0.198420,7,121022739.0
cg22117805,-0.126076,0.020672,False,0.073374,11,36400905.0
cg22118297,-0.235104,-0.052633,False,0.143868,3,64561634.0
cg22136363,-0.194127,-0.018437,False,0.106282,11,1890281.0
cg22143387,-0.086070,-0.297350,False,0.191710,5,177332080.0
cg22151446,0.110801,0.065045,False,0.087923,5,141431238.0
cg22151644,0.128699,-0.204369,False,0.166534,12,54050263.0
cg22152887,0.014968,0.005804,False,0.010386,11,73138899.0
cg22155281,-0.077656,-0.018690,False,0.048173,4,117086050.0
cg22155724,-0.114011,-0.098064,False,0.106038,5,177367404.0
cg22157525,0.005276,-0.102842,False,0.054059,5,150521400.0
cg22164891,-0.354147,-0.266821,True,0.310484,20,53583190.0
cg22171607,0.078578,0.038751,False,0.058665,1,8077504.0
cg22181664,0.003501,-0.053986,False,0.028744,1,86468642.0
cg22184990,-0.031249,-0.011339,False,0.021294,5,143002623.0
cg22185879,0.214427,-0.050787,False,0.132607,20,63521840.0
cg22193385,0.050911,-0.376843,False,0.213877,12,52244221.0
cg22198179,-0.069673,-0.166665,False,0.118169,13,114005019.0
cg22200633,-0.060452,0.184304,False,0.122378,11,6630032.0
cg22210337,-0.246712,0.014449,False,0.130580,11,2301578.0
cg22213242,0.123396,0.209731,False,0.166564,11,66316102.0
cg22216196,0.084183,-0.115265,False,0.099724,19,15453294.0
cg22222999,-0.334854,-0.220551,True,0.277702,1,234758965.0
cg22227345,0.088862,-0.086501,False,0.087682,15,96408883.0
cg22230559,-0.019459,0.116996,False,0.068227,6,31543647.0
cg22235407,-0.188919,-0.091478,False,0.140198,15,65916885.0
cg22237345,0.070958,0.180161,False,0.125560,13,91203664.0
cg22245273,-0.106854,0.066711,False,0.086782,19,4302451.0
cg22247240,0.099412,0.153858,False,0.126635,14,74348484.0
cg22249612,-0.230282,-0.266323,True,0.248302,12,55727701.0
cg22250531,-0.329856,-0.240551,True,0.285203,12,1921034.0
cg22256631,0.077960,-0.078304,False,0.078132,3,181726183.0
cg22260869,-0.036104,0.194714,False,0.115409,15,91854882.0
cg22265605,0.097176,0.310711,False,0.203944,4,150582394.0
cg22277972,-0.068085,-0.213572,False,0.140828,12,108566232.0
cg22280238,0.071833,0.074093,False,0.072963,17,81277523.0
cg22286382,-0.254798,-0.233264,True,0.244031,6,25875005.0
cg22290047,-0.007200,0.076431,False,0.041816,6,31535185.0
cg22293458,0.240279,0.114741,False,0.177510,3,184766077.0
cg22304799,-0.023911,-0.072147,False,0.048029,2,28655018.0
cg22325572,-0.145360,0.138986,False,0.142173,1,110873559.0
cg22328644,0.024291,-0.159068,False,0.091680,12,108634609.0
cg22328837,-0.040548,0.080981,False,0.060765,6,45454383.0
cg22331159,-0.191421,0.067687,False,0.129554,2,233060003.0
cg22335261,0.007977,-0.188844,False,0.098410,8,133113078.0
cg22352499,0.236670,-0.002918,False,0.119794,22,30416653.0
cg22355525,0.298957,0.009932,False,0.154445,6,28922099.0
cg22359781,-0.097551,0.016755,False,0.057153,11,110076928.0
cg22365240,-0.028973,0.271297,False,0.150135,2,104758537.0
cg22367981,0.226968,-0.027138,False,0.127053,1,231828302.0
cg22368507,0.016558,-0.276238,False,0.146398,3,58174251.0
cg22369786,0.125042,0.109955,False,0.117498,13,80337491.0
cg22377040,0.004417,0.065511,False,0.034964,6,30103635.0
cg22388260,-0.093154,0.229848,False,0.161501,16,14309281.0
cg22391718,0.313706,-0.125006,False,0.219356,1,109783663.0
cg22398226,-0.034216,0.090103,False,0.062160,4,154741065.0
cg22404290,0.148472,0.139480,False,0.143976,8,96444260.0
cg22422264,-0.178375,0.036530,False,0.107453,15,50500659.0
cg22431309,-0.088620,-0.121822,False,0.105221,7,140696219.0
cg22433862,0.142771,-0.007259,False,0.075015,1,27686830.0
cg22436753,-0.106209,0.039885,False,0.073047,1,209756201.0
cg22437221,-0.169409,-0.023919,False,0.096664,5,39202905.0
cg22438247,0.129580,0.038430,False,0.084005,21,42366554.0
cg22443249,0.064844,0.088076,False,0.076460,17,41056504.0
cg22453634,0.172285,0.151238,False,0.161761,15,98790489.0
cg22455271,0.023396,-0.098452,False,0.060924,7,47293487.0
cg22462726,0.013954,-0.166644,False,0.090299,3,184491473.0
cg22463795,-0.026286,0.178485,False,0.102386,19,13104478.0
cg22482278,0.209588,0.078277,False,0.143933,17,82331755.0
cg22487322,-0.020930,0.014311,False,0.017620,6,137045185.0
cg22493372,0.229502,0.032812,False,0.131157,7,74217558.0
cg22497575,0.093779,0.316158,False,0.204969,13,44451486.0
cg22502492,0.131655,-0.007661,False,0.069658,1,23371013.0
cg22502856,-0.129664,-0.201995,False,0.165829,1,209652333.0
cg22507723,-0.125092,-0.247229,False,0.186160,12,57737985.0
cg22513455,-0.273216,-0.117202,False,0.195209,3,119236997.0
cg22517705,-0.043435,0.021237,False,0.032336,1,26318822.0
cg22521151,-0.014376,-0.175376,False,0.094876,1,1163520.0
cg22522961,0.098152,-0.072669,False,0.085410,1,67823134.0
cg22539390,0.066533,-0.082639,False,0.074586,13,94574764.0
cg22540600,0.125042,0.124687,False,0.124864,5,150528122.0
cg22552736,-0.048505,-0.119951,False,0.084228,9,129495857.0
cg22565248,-0.019762,0.075425,False,0.047593,5,81755380.0
cg22581896,0.171112,0.073749,False,0.122430,7,4739594.0
cg22585786,-0.017752,-0.177860,False,0.097806,2,168181298.0
cg22588983,0.039232,0.178008,False,0.108620,5,38783040.0
cg22593953,0.187689,-0.221954,False,0.204821,3,187063995.0
cg22595391,-0.048156,0.304824,False,0.176490,17,82449155.0
cg22610645,0.103190,0.066995,False,0.085093,12,57610115.0
cg22614759,-0.106633,0.123147,False,0.114890,12,14960159.0
cg22615910,0.091593,-0.139517,False,0.115555,22,37759568.0
cg22621169,0.135221,-0.111167,False,0.123194,3,155676329.0
cg22633057,0.034054,0.183539,False,0.108797,7,35786917.0
cg22647566,0.165760,0.205365,False,0.185563,10,114856597.0
cg22685816,0.029028,-0.128792,False,0.078910,11,1036679.0
cg22687244,-0.075680,-0.125233,False,0.100457,15,59522974.0
cg22688072,0.063696,0.076144,False,0.069920,8,28415436.0
cg22691524,-0.030170,-0.093465,False,0.061817,3,185582788.0
cg22706147,-0.005406,-0.213547,False,0.109476,19,45528258.0
cg22709362,-0.033684,-0.077803,False,0.055743,1,44327908.0
cg22713192,0.110078,0.046966,False,0.078522,11,78399493.0
cg22727572,0.153817,-0.118605,False,0.136211,2,63045199.0
cg22732101,0.035033,0.157699,False,0.096366,19,16283827.0
cg22734236,-0.062020,0.032128,False,0.047074,4,151540868.0
cg22741735,-0.033213,-0.047208,False,0.040210,5,139677219.0
cg22747501,-0.132841,-0.113348,False,0.123095,7,29193860.0
cg22749736,0.070526,-0.022702,False,0.046614,11,1285529.0
cg22757535,-0.310576,-0.102453,False,0.206514,2,236510254.0
cg22768487,-0.147219,0.343291,False,0.245255,22,46374356.0
cg22770916,0.127705,0.063691,False,0.095698,13,46804446.0
cg22793129,-0.097762,-0.000994,False,0.049378,19,2085298.0
cg22796958,0.268358,0.042392,False,0.155375,3,157503471.0
cg22798223,0.051799,-0.132656,False,0.092228,1,2866535.0
cg22798849,0.010910,0.015018,False,0.012964,7,27115615.0
cg22801799,0.008643,-0.001251,False,0.004947,8,133060281.0
cg22802766,0.122808,0.126683,False,0.124745,12,14208354.0
cg22804236,-0.029272,-0.079198,False,0.054235,22,41699439.0
cg22804839,0.069404,0.302424,False,0.185914,6,150368782.0
cg22808633,0.061555,0.177626,False,0.119591,19,15453059.0
cg22825473,0.094047,0.078897,False,0.086472,12,124289324.0
cg22828340,-0.111220,-0.063835,False,0.087528,19,7519518.0
cg22834542,0.213603,0.121154,False,0.167379,11,88555362.0
cg22839308,-0.018742,0.165380,False,0.092061,4,38805638.0
cg22845855,0.003786,0.065458,False,0.034622,10,93445794.0
cg22851378,0.087366,-0.038944,False,0.063155,10,131934428.0
cg22851683,0.042692,-0.001739,False,0.022216,11,1919915.0
cg22855933,-0.036788,-0.097671,False,0.067229,2,156323000.0
cg22856114,0.151466,0.093256,False,0.122361,2,127418329.0
cg22863744,-0.135528,0.052117,False,0.093822,12,124457630.0
cg22871947,0.077098,0.024454,False,0.050776,10,49298830.0
cg22885000,0.097528,0.287538,False,0.192533,2,191358554.0
cg22893605,-0.138683,-0.048217,False,0.093450,5,171758320.0
cg22897715,-0.007859,0.007717,False,0.007788,11,57424778.0
cg22904711,-0.213537,-0.028059,False,0.120798,19,43774476.0
cg22905726,-0.088780,-0.053016,False,0.070898,5,95604247.0
cg22907034,0.036393,-0.174966,False,0.105680,3,124934815.0
cg22910462,0.046660,-0.129520,False,0.088090,22,17199688.0
cg22911013,-0.071534,0.028948,False,0.050241,3,120113445.0
cg22911315,0.097088,-0.141656,False,0.119372,8,3387554.0
cg22911687,0.124441,-0.027076,False,0.075758,5,102876118.0
cg22912095,0.139335,0.075895,False,0.107615,22,28885185.0
cg22939456,-0.106954,0.027352,False,0.067153,2,156593517.0
cg22941294,0.149392,0.043351,False,0.096372,1,109613488.0
cg22949949,0.152087,0.162977,False,0.157532,12,12070727.0
cg22957360,-0.142824,-0.188495,False,0.165660,10,99522815.0
cg22958104,-0.111948,0.064582,False,0.088265,20,44355707.0
cg22959827,-0.030913,-0.102555,False,0.066734,5,125125552.0
cg22961212,-0.023381,0.208817,False,0.116099,5,67268706.0
cg22962123,0.060037,-0.126572,False,0.093305,7,27113986.0
cg22969524,-0.083744,-0.197759,False,0.140752,17,43832348.0
cg22972858,0.060302,-0.011467,False,0.035885,12,122730701.0
cg22978940,-0.180237,-0.002754,False,0.091496,21,45478696.0
cg22980156,-0.007473,0.032724,False,0.020099,17,15463602.0
cg22982767,0.011165,0.042709,False,0.026937,22,46058132.0
cg22999830,-0.030690,0.016435,False,0.023562,14,93066287.0
cg23005885,-0.019106,-0.206846,False,0.112976,15,90000218.0
cg23008404,0.078336,0.041962,False,0.060149,3,138010155.0
cg23010585,-0.262342,-0.153470,False,0.207906,11,67442721.0
cg23013029,-0.028493,0.046663,False,0.037578,1,17181846.0
cg23013850,-0.206748,-0.058143,False,0.132445,2,224401587.0
cg23014425,-0.076139,-0.191945,False,0.134042,17,48571163.0
cg23021796,-0.228965,0.175684,False,0.202324,5,98933690.0
cg23023604,0.167784,-0.034712,False,0.101248,3,15873709.0
cg23029021,0.027891,0.124146,False,0.076018,11,414951.0
cg23036668,0.078037,0.317929,False,0.197983,1,87956142.0
cg23039227,-0.204806,-0.206468,True,0.205637,19,46415090.0
cg23048215,-0.203939,-0.155070,False,0.179504,19,947936.0
cg23052776,-0.244832,-0.346551,True,0.295691,14,71142441.0
cg23055236,0.239853,-0.178991,False,0.209422,2,224009194.0
cg23066808,-0.043499,0.250037,False,0.146768,7,2406931.0
cg23068939,-0.102624,0.142136,False,0.122380,1,111473964.0
cg23078268,0.007132,-0.139408,False,0.073270,10,98349878.0
cg23080355,0.080331,-0.193676,False,0.137004,1,94654158.0
cg23082339,0.057608,-0.083589,False,0.070598,5,141430484.0
cg23085676,-0.209005,0.059013,False,0.134009,19,46415108.0
cg23093496,-0.075424,0.346071,False,0.210748,16,29746002.0
cg23098693,-0.204499,-0.215706,True,0.210102,1,117608191.0
cg23108580,-0.076221,-0.001739,False,0.038980,12,39394166.0
cg23111544,-0.076895,-0.073753,False,0.075324,2,79120348.0
cg23111655,-0.163035,-0.243299,False,0.203167,1,19438327.0
cg23114964,0.022343,0.080040,False,0.051191,1,41751406.0
cg23116540,-0.227476,-0.124402,False,0.175939,15,39579607.0
cg23120601,-0.085260,-0.120367,False,0.102814,15,40291026.0
cg23126166,0.143443,0.132812,False,0.138128,10,88475467.0
cg23129452,-0.080375,0.088300,False,0.084337,X,48683790.0
cg23130731,-0.040752,0.122642,False,0.081697,10,104218893.0
cg23134259,0.175411,0.017157,False,0.096284,5,173612658.0
cg23138119,0.048506,0.002498,False,0.025502,2,162361870.0
cg23138261,-0.050836,-0.089658,False,0.070247,22,36410610.0
cg23139609,-0.113367,0.116123,False,0.114745,6,105453467.0
cg23165166,0.044856,-0.090331,False,0.067594,2,189049775.0
cg23166250,-0.019204,-0.042449,False,0.030827,1,161102071.0
cg23172911,-0.006912,-0.098323,False,0.052618,1,165910845.0
cg23174148,0.191524,0.044590,False,0.118057,3,141455495.0
cg23176316,0.041680,-0.065857,False,0.053769,2,20584646.0
cg23180841,-0.002276,0.007557,False,0.004917,2,28674446.0
cg23183559,0.059272,-0.112924,False,0.086098,8,119672943.0
cg23184252,-0.168431,-0.075766,False,0.122099,12,124655168.0
cg23188579,-0.091211,0.054633,False,0.072922,4,140343404.0
cg23192683,-0.099596,0.017813,False,0.058704,3,194488178.0
cg23193059,-0.285191,-0.263454,True,0.274323,11,116835374.0
cg23200873,0.042945,-0.013207,False,0.028076,3,167474049.0
cg23209962,0.114292,-0.351416,False,0.232854,5,73867659.0
cg23212751,0.013621,0.078267,False,0.045944,1,43935761.0
cg23214249,0.113841,-0.055381,False,0.084611,10,11936708.0
cg23214395,-0.109737,0.054682,False,0.082210,1,19815285.0
cg23221603,-0.088424,0.230397,False,0.159410,2,26741015.0
cg23222446,0.048414,0.116602,False,0.082508,6,63281115.0
cg23229016,0.167231,0.101032,False,0.134132,1,26546034.0
cg23235142,0.038018,0.142126,False,0.090072,7,45027242.0
cg23241448,-0.099704,0.137769,False,0.118737,17,847139.0
cg23244790,0.115639,0.319210,False,0.217425,5,141431535.0
cg23246095,0.020218,-0.166249,False,0.093234,2,162075128.0
cg23257934,-0.080541,0.034283,False,0.057412,1,234723235.0
cg23271660,0.153156,0.154179,False,0.153667,10,69121261.0
cg23273866,0.203891,0.168764,False,0.186327,2,195613006.0
cg23278418,-0.171568,-0.128540,False,0.150054,1,12496514.0
cg23298862,0.137965,-0.065213,False,0.101589,7,158366594.0
cg23304605,0.004031,0.261880,False,0.132955,14,91400029.0
cg23304647,-0.025786,-0.083864,False,0.054825,7,2738424.0
cg23313665,0.133701,-0.172466,False,0.153084,9,127755569.0
cg23314826,0.174934,0.109433,False,0.142183,8,101438763.0
cg23317818,0.062075,0.082012,False,0.072043,2,191387275.0
cg23330668,-0.052742,0.073470,False,0.063106,2,217151738.0
cg23332689,0.164438,-0.015367,False,0.089903,4,993864.0
cg23339092,0.197697,-0.042897,False,0.120297,14,61529979.0
cg23340514,-0.171665,0.154408,False,0.163036,21,38498780.0
cg23349014,-0.218457,0.063143,False,0.140800,5,135352767.0
cg23352695,-0.093135,0.174779,False,0.133957,17,31321793.0
cg23353543,-0.072907,-0.164974,False,0.118941,10,92848281.0
cg23356451,0.049463,0.068609,False,0.059036,13,51292688.0
cg23357708,-0.291115,-0.160375,False,0.225745,19,8515625.0
cg23359665,-0.092241,-0.312721,False,0.202481,6,32153130.0
cg23369601,0.032127,-0.156769,False,0.094448,5,6631687.0
cg23371877,0.284415,0.139633,False,0.212024,7,152370819.0
cg23378722,-0.059307,-0.268252,False,0.163779,13,49308364.0
cg23379806,-0.293132,-0.047482,False,0.170307,10,14608661.0
cg23385208,-0.027066,-0.261468,False,0.144267,14,104973576.0
cg23387569,-0.017377,-0.016824,False,0.017100,12,57726228.0
cg23401088,0.037909,-0.208284,False,0.123096,2,159064582.0
cg23404877,-0.090098,-0.097149,False,0.093624,2,85326636.0
cg23407520,0.046741,0.079021,False,0.062881,8,5121728.0
cg23412639,0.078542,0.159641,False,0.119092,4,158008425.0
cg23412797,0.168384,0.052170,False,0.110277,17,81283294.0
cg23429794,0.052744,0.301432,False,0.177088,6,118810570.0
cg23434428,-0.318938,0.006494,False,0.162716,10,6515167.0
cg23435821,0.146640,0.188904,False,0.167772,12,109155129.0
cg23436703,0.031906,-0.225529,False,0.128717,11,3144763.0
cg23453435,-0.076120,-0.075585,False,0.075853,14,106845075.0
cg23462772,-0.152607,-0.206576,False,0.179591,10,48634567.0
cg23475035,0.020879,0.112766,False,0.066822,14,54219466.0
cg23482747,-0.115951,0.069559,False,0.092755,19,18002795.0
cg23485307,-0.126191,-0.133561,False,0.129876,3,30665153.0
cg23496331,0.048166,0.236036,False,0.142101,5,150132842.0
cg23496516,0.062518,-0.140310,False,0.101414,17,78838738.0
cg23497683,0.123019,0.012289,False,0.067654,2,100142697.0
cg23501964,0.107279,-0.215193,False,0.161236,20,19886166.0
cg23507796,0.233669,0.177265,False,0.205467,18,58258876.0
cg23507945,-0.083442,0.107690,False,0.095566,6,137156047.0
cg23510258,-0.098661,0.158444,False,0.128553,17,82882945.0
cg23510527,-0.044340,-0.120566,False,0.082453,2,233692797.0
cg23512701,0.034125,-0.317467,False,0.175796,18,31103462.0
cg23513252,-0.180074,-0.237971,False,0.209022,7,48107447.0
cg23514543,0.101626,0.029264,False,0.065445,12,42130097.0
cg23519637,0.038900,-0.156368,False,0.097634,7,1082102.0
cg23524184,-0.088430,0.016420,False,0.052425,17,50052390.0
cg23538064,0.087726,-0.189642,False,0.138684,6,31945498.0
cg23543318,-0.247992,0.322183,False,0.285087,4,1202057.0
cg23547048,0.171012,0.141790,False,0.156401,4,704827.0
cg23547892,-0.259028,0.013671,False,0.136349,14,92704365.0
cg23551120,-0.032605,-0.187623,False,0.110114,13,112721534.0
cg23552820,-0.041937,0.213543,False,0.127740,17,66275953.0
cg23553480,-0.177215,-0.211671,False,0.194443,2,233060565.0
cg23560676,0.200315,0.190332,False,0.195323,8,125260227.0
cg23575275,-0.275167,-0.172045,False,0.223606,6,36686196.0
cg23581088,-0.066288,-0.254269,False,0.160278,6,3911926.0
cg23581700,0.164880,-0.074224,False,0.119552,8,72100381.0
cg23582982,-0.370546,-0.275955,True,0.323251,11,47394558.0
cg23588462,0.210395,0.007718,False,0.109057,13,94704969.0
cg23590472,-0.023197,-0.101921,False,0.062559,10,7815080.0
cg23595413,-0.274471,-0.212215,True,0.243343,11,76863264.0
cg23600322,0.223681,0.176069,False,0.199875,18,3457203.0
cg23601905,-0.070507,-0.190283,False,0.130395,17,17757746.0
cg23606421,-0.096642,-0.079275,False,0.087959,9,137436169.0
cg23612220,0.227116,0.086248,False,0.156682,1,151156822.0
cg23613317,0.047054,-0.006479,False,0.026766,5,154712549.0
cg23618477,-0.046503,0.250924,False,0.148714,6,168934777.0
cg23625390,0.226884,-0.159981,False,0.193432,15,76883898.0
cg23627022,0.086900,0.279785,False,0.183343,2,224026550.0
cg23631538,0.258840,0.215444,True,0.237142,1,111200915.0
cg23635728,0.087209,0.088051,False,0.087630,7,33725797.0
cg23639055,0.127500,0.194271,False,0.160885,14,89699258.0
cg23642250,-0.032043,-0.094460,False,0.063251,6,30103617.0
cg23649784,-0.156188,-0.211491,False,0.183839,1,156135955.0
cg23657099,-0.053867,-0.031452,False,0.042660,7,1062502.0
cg23660755,-0.021730,0.019282,False,0.020506,17,75114459.0
cg23663476,0.179812,0.068730,False,0.124271,16,28985128.0
cg23666945,0.084388,-0.280097,False,0.182242,3,32819658.0
cg23675587,0.159502,0.151589,False,0.155545,14,68459185.0
cg23676369,-0.175346,0.190973,False,0.183159,20,56411964.0
cg23689428,-0.005398,-0.268435,False,0.136917,2,120466388.0
cg23689722,-0.163064,-0.074887,False,0.118975,1,3184392.0
cg23690893,-0.230687,0.065402,False,0.148044,19,14560559.0
cg23691090,-0.119512,-0.131239,False,0.125375,22,46054101.0
cg23691894,0.302830,0.028391,False,0.165611,10,110006146.0
cg23694490,-0.082488,0.065072,False,0.073780,7,47406084.0
cg23697406,0.104232,-0.225133,False,0.164683,7,155951665.0
cg23705108,0.232197,0.063052,False,0.147624,4,27101253.0
cg23715830,0.186897,0.224685,False,0.205791,3,13933117.0
cg23722204,0.023718,-0.107056,False,0.065387,1,147505066.0
cg23730606,0.007524,0.129915,False,0.068719,17,50192728.0
cg23737737,-0.096713,0.056397,False,0.076555,12,6556204.0
cg23746574,0.013576,0.041798,False,0.027687,4,2838054.0
cg23749637,0.038424,-0.099090,False,0.068757,17,897509.0
cg23752963,-0.207623,-0.200288,True,0.203955,6,31534609.0
cg23760103,-0.166619,-0.009194,False,0.087906,6,31728196.0
cg23769730,0.064888,0.114751,False,0.089820,10,12071874.0
cg23780635,0.154024,0.122843,False,0.138433,8,1931948.0
cg23797100,0.176381,0.308271,False,0.242326,16,28984732.0
cg23800435,-0.065602,0.069424,False,0.067513,1,43285705.0
cg23808182,-0.062905,-0.176527,False,0.119716,11,1285638.0
cg23809813,0.242849,0.030209,False,0.136529,10,88457915.0
cg23822644,0.057884,0.324289,False,0.191087,7,27737868.0
cg23834593,-0.011492,0.045612,False,0.028552,20,44355280.0
cg23840044,0.022789,-0.011853,False,0.017321,11,22674541.0
cg23850174,-0.050743,-0.236599,False,0.143671,10,22253797.0
cg23855715,0.019694,-0.082534,False,0.051114,22,33006701.0
cg23859055,-0.029628,0.096189,False,0.062909,7,16644442.0
cg23878564,0.007990,-0.046873,False,0.027432,17,7384130.0
cg23879118,-0.173403,0.135422,False,0.154412,11,67646902.0
cg23879263,0.073799,-0.101625,False,0.087712,12,121540300.0
cg23879937,0.046201,-0.254247,False,0.150224,4,1747295.0
cg23887948,-0.115346,0.023904,False,0.069625,15,74202513.0
cg23893375,0.116745,0.132807,False,0.124776,15,55499623.0
cg23894854,-0.014426,0.266588,False,0.140507,1,111473993.0
cg23896695,0.070060,-0.091457,False,0.080759,8,127919289.0
cg23898497,-0.251564,-0.315835,True,0.283700,8,127810297.0
cg23901896,0.102652,-0.203768,False,0.153210,1,202007318.0
cg23906001,0.161714,0.134734,False,0.148224,7,122319760.0
cg23910243,-0.082388,-0.050362,False,0.066375,16,31473297.0
cg23915679,0.229689,0.089108,False,0.159398,14,73701687.0
cg23916878,0.039681,-0.233268,False,0.136474,6,44043450.0
cg23919433,-0.238313,-0.175170,False,0.206741,17,81872320.0
cg23921031,0.039065,-0.044196,False,0.041630,11,111918728.0
cg23924647,0.025667,0.140478,False,0.083072,12,121789966.0
cg23929682,-0.250696,-0.118654,False,0.184675,11,2300612.0
cg23930711,0.121739,0.181791,False,0.151765,5,141355191.0
cg23931049,0.179940,-0.011391,False,0.095665,18,23872766.0
cg23931819,-0.003153,-0.297518,False,0.150336,1,1309696.0
cg23944920,0.069940,0.129704,False,0.099822,2,554603.0
cg23949574,-0.116042,0.205611,False,0.160827,2,239381160.0
cg23950714,-0.065325,-0.185596,False,0.125461,5,177508363.0
cg23953831,-0.085147,-0.182346,False,0.133746,1,117001794.0
cg23966363,-0.241084,-0.119520,False,0.180302,19,937630.0
cg23971182,0.092003,-0.044790,False,0.068397,8,106046145.0
cg23971987,0.189686,0.040509,False,0.115098,4,11650881.0
cg23972735,0.094543,0.159775,False,0.127159,12,121452508.0
cg23974688,0.153290,0.107760,False,0.130525,17,51256032.0
cg23979832,-0.030282,-0.059761,False,0.045021,17,81057750.0
cg23991274,-0.004866,-0.180866,False,0.092866,4,70994883.0
cg23994061,0.188534,0.086007,False,0.137271,2,3585929.0
cg23994112,0.151877,-0.036052,False,0.093964,17,77377375.0
cg24002183,-0.016075,-0.199333,False,0.107704,19,15457763.0
cg24004483,-0.392553,-0.270998,True,0.331775,1,1009403.0
cg24006721,-0.286531,-0.173395,False,0.229963,1,24931734.0
cg24018174,-0.161064,-0.081987,False,0.121526,21,38376881.0
cg24024214,-0.010132,0.043927,False,0.027030,5,180899142.0
cg24025538,0.039775,-0.018899,False,0.029337,19,49861242.0
cg24026619,-0.179668,-0.028604,False,0.104136,14,58560391.0
cg24027594,0.141810,-0.071561,False,0.106685,5,132505466.0
cg24028634,-0.051246,0.094527,False,0.072887,13,112929793.0
cg24029082,0.138522,0.255335,False,0.196928,6,32089534.0
cg24035682,-0.012754,-0.022429,False,0.017592,12,121520999.0
cg24036791,0.162784,-0.101152,False,0.131968,11,11584535.0
cg24046475,-0.002018,-0.026347,False,0.014183,8,85459590.0
cg24051554,0.320998,0.120501,False,0.220749,1,151839144.0
cg24055525,-0.065727,-0.146829,False,0.106278,20,37344639.0
cg24060908,0.249977,-0.046221,False,0.148099,4,48989956.0
cg24064360,0.100207,-0.076408,False,0.088307,17,56965153.0
cg24066516,0.043121,0.139477,False,0.091299,2,156497173.0
cg24066731,-0.146979,0.052705,False,0.099842,13,24270758.0
cg24067652,0.075546,-0.269183,False,0.172364,5,140246551.0
cg24071927,-0.230579,-0.036859,False,0.133719,1,19241367.0
cg24072947,0.049412,-0.079348,False,0.064380,3,136955941.0
cg24075175,-0.177038,-0.267530,False,0.222284,11,128690345.0
cg24082174,-0.005407,0.061799,False,0.033603,3,186785854.0
cg24084358,0.144696,0.041398,False,0.093047,20,44355636.0
cg24086611,0.076087,0.106124,False,0.091106,6,136072983.0
cg24097814,0.002491,0.166546,False,0.084518,12,52926848.0
cg24105287,0.022021,0.082213,False,0.052117,2,66582853.0
cg24107163,-0.066967,0.258108,False,0.162537,1,206921987.0
cg24118773,0.137316,-0.130340,False,0.133828,5,172860921.0
cg24123468,0.209034,0.029766,False,0.119400,3,149090162.0
cg24126180,-0.344230,-0.222794,True,0.283512,7,128940528.0
cg24126564,0.043394,-0.211843,False,0.127619,15,60626480.0
cg24127639,-0.192856,-0.111427,False,0.152142,11,69297274.0
cg24127748,0.043994,-0.065749,False,0.054871,22,17199641.0
cg24132991,-0.061958,-0.012555,False,0.037257,4,185639206.0
cg24133771,-0.156114,0.091102,False,0.123608,17,82811128.0
cg24134018,-0.055412,0.071219,False,0.063316,18,10413900.0
cg24134897,-0.278637,-0.133602,False,0.206120,11,859670.0
cg24138691,0.128566,-0.112991,False,0.120778,17,81277554.0
cg24147838,-0.122227,0.002684,False,0.062456,19,54365057.0
cg24157349,-0.230481,-0.199115,False,0.214798,22,46685854.0
cg24158259,-0.217016,0.028244,False,0.122630,11,59217071.0
cg24162959,0.216042,-0.107331,False,0.161686,10,3988168.0
cg24166457,-0.068262,-0.072419,False,0.070340,19,45087624.0
cg24169315,0.002354,-0.126239,False,0.064296,2,241108944.0
cg24188163,-0.103346,0.156254,False,0.129800,8,39924499.0
cg24199203,-0.099260,-0.054917,False,0.077088,19,3387813.0
cg24204951,0.093327,0.060288,False,0.076808,2,238263443.0
cg24211976,0.033801,-0.217224,False,0.125512,15,59993545.0
cg24215776,-0.030970,-0.050870,False,0.040920,11,65384580.0
cg24217894,-0.053249,-0.021349,False,0.037299,12,57726852.0
cg24232444,-0.266283,-0.256967,True,0.261625,13,98893194.0
cg24246360,-0.116374,-0.001073,False,0.058724,6,82244509.0
cg24247537,0.079211,-0.040273,False,0.059742,11,457278.0
cg24254842,-0.189324,-0.027146,False,0.108235,1,41727682.0
cg24269657,0.081784,-0.058507,False,0.070145,13,113105457.0
cg24270542,0.057232,0.142110,False,0.099671,13,24270708.0
cg24279418,0.105680,-0.122141,False,0.113911,3,13932789.0
cg24284369,0.101109,0.027649,False,0.064379,12,109155182.0
cg24289314,-0.248330,-0.147810,False,0.198070,10,124417856.0
cg24296187,0.086780,0.009897,False,0.048338,1,212260989.0
cg24299074,0.096239,-0.097029,False,0.096634,11,15111541.0
cg24299913,0.078053,-0.119805,False,0.098929,19,41904164.0
cg24301692,0.220981,0.189916,False,0.205448,2,85469078.0
cg24301930,-0.083627,0.044501,False,0.064064,11,65641025.0
cg24304617,-0.155257,-0.178269,False,0.166763,1,169110394.0
cg24304658,-0.129338,-0.048377,False,0.088858,2,26727902.0
cg24311933,0.011112,-0.213714,False,0.112413,1,180169636.0
cg24316821,-0.205129,-0.290096,True,0.247613,4,87510754.0
cg24324985,0.101531,-0.116026,False,0.108778,20,22586246.0
cg24331162,0.057384,0.059660,False,0.058522,11,1834435.0
cg24331853,0.219935,-0.043209,False,0.131572,19,6473750.0
cg24339574,-0.088497,0.054928,False,0.071713,1,234628322.0
cg24352349,0.072374,-0.012456,False,0.042415,22,45201886.0
cg24360909,0.030367,-0.226380,False,0.128373,15,48897341.0
cg24366168,0.075282,-0.034179,False,0.054731,19,3097714.0
cg24370357,0.095156,-0.004174,False,0.049665,3,138803509.0
cg24374161,-0.165020,0.017342,False,0.091181,11,46560508.0
cg24377150,-0.039596,-0.067957,False,0.053777,1,2248494.0
cg24384244,0.094612,-0.199408,False,0.147010,3,42906198.0
cg24387129,0.124590,0.091157,False,0.107874,10,45302801.0
cg24390590,-0.168851,0.112139,False,0.140495,15,101451307.0
cg24393844,-0.140730,0.137470,False,0.139100,12,67721330.0
cg24394340,0.065237,0.076701,False,0.070969,2,191307736.0
cg24401737,-0.120795,-0.340288,False,0.230542,2,201182750.0
cg24404533,0.046668,-0.225093,False,0.135880,11,1036766.0
cg24405951,0.033640,0.288714,False,0.161177,1,19010983.0
cg24408469,-0.065196,0.289439,False,0.177317,22,46374543.0
cg24413314,0.104942,0.174655,False,0.139799,17,31962668.0
cg24420089,0.109696,0.345843,False,0.227770,11,457304.0
cg24427271,-0.073503,0.129532,False,0.101517,17,78838696.0
cg24430140,0.088949,-0.041508,False,0.065229,19,56765274.0
cg24435571,-0.169790,-0.036022,False,0.102906,10,102676383.0
cg24441127,-0.103875,0.097893,False,0.100884,1,181033840.0
cg24443446,0.034749,0.064650,False,0.049700,10,63887812.0
cg24448167,0.254851,-0.164621,False,0.209736,21,41805185.0
cg24459792,-0.199566,0.318348,False,0.258957,1,30757999.0
cg24464789,-0.108181,0.159807,False,0.133994,1,43285826.0
cg24465943,-0.110441,0.031775,False,0.071108,1,161215271.0
cg24467535,-0.021112,0.198957,False,0.110035,4,99323447.0
cg24469152,0.034577,0.101410,False,0.067994,20,63747258.0
cg24477778,-0.211429,0.042407,False,0.126918,6,31534734.0
cg24479859,0.030943,-0.108968,False,0.069956,13,112445589.0
cg24480277,0.073637,-0.145445,False,0.109541,11,12399140.0
cg24480810,-0.134295,-0.137139,False,0.135717,12,132663075.0
cg24482314,0.001619,0.083399,False,0.042509,8,95111570.0
cg24494587,0.035945,0.037315,False,0.036630,13,110261259.0
cg24495062,-0.065146,-0.157859,False,0.111502,10,61923587.0
cg24495585,0.007018,-0.035016,False,0.021017,4,55793819.0
cg24507760,-0.043968,-0.173753,False,0.108861,1,207819058.0
cg24508475,-0.200454,-0.044659,False,0.122556,1,52913384.0
cg24512973,0.351222,-0.053031,False,0.202126,1,155191993.0
cg24515095,0.037482,-0.244359,False,0.140921,6,31534694.0
cg24519526,0.171968,-0.047250,False,0.109609,22,39087684.0
cg24525461,-0.038841,-0.068618,False,0.053729,8,129998994.0
cg24525744,-0.069784,-0.104698,False,0.087241,6,143896746.0
cg24526103,-0.055232,-0.117259,False,0.086245,13,109781437.0
cg24539090,-0.037953,0.052133,False,0.045043,1,159008714.0
cg24540710,0.200657,0.205934,True,0.203296,17,50185576.0
cg24543596,0.012027,-0.080992,False,0.046509,1,153987627.0
cg24545967,0.151709,0.265978,False,0.208843,9,127778662.0
cg24562669,0.061804,-0.168011,False,0.114907,7,98178387.0
cg24570346,0.258492,-0.192506,False,0.225499,2,237594476.0
cg24576358,0.192238,-0.366667,False,0.279453,5,135014432.0
cg24580782,0.075367,0.222290,False,0.148829,1,26913874.0
cg24583987,-0.016387,-0.291861,False,0.154124,1,42152370.0
cg24590430,-0.150018,-0.023139,False,0.086578,10,97337319.0
cg24590655,0.192247,0.124664,False,0.158455,3,186617413.0
cg24591398,-0.314941,-0.197037,False,0.255989,1,156136086.0
cg24591770,0.100327,-0.086854,False,0.093591,1,44617032.0
cg24594504,-0.185946,-0.157573,False,0.171760,6,13455029.0
cg24602411,-0.222774,-0.049655,False,0.136215,1,192545997.0
cg24606701,0.120166,0.357188,False,0.238677,5,56637391.0
cg24607535,0.059837,0.069584,False,0.064710,20,59958440.0
cg24610561,-0.175722,-0.241977,False,0.208849,11,69311637.0
cg24613691,-0.127097,-0.089002,False,0.108050,5,132819768.0
cg24613906,0.082150,0.069549,False,0.075850,8,27595236.0
cg24631735,0.093267,0.102840,False,0.098054,3,138089399.0
cg24633967,0.125726,-0.046231,False,0.085979,5,134859565.0
cg24642015,0.068624,-0.002374,False,0.035499,10,97846138.0
cg24658737,0.229825,0.427871,True,0.328848,1,220119248.0
cg24659037,0.103054,0.041029,False,0.072041,6,167664221.0
cg24661860,-0.035812,-0.215208,False,0.125510,1,10724306.0
cg24668061,0.098212,-0.137671,False,0.117942,17,45241393.0
cg24681845,-0.149991,0.157648,False,0.153819,10,124381190.0
cg24690709,-0.105748,0.060264,False,0.083006,4,99847555.0
cg24691330,0.088508,-0.215592,False,0.152050,8,124138211.0
cg24691453,-0.156503,0.068896,False,0.112700,1,153545908.0
cg24696728,0.106161,0.046137,False,0.076149,4,1058929.0
cg24702147,-0.139878,-0.130139,False,0.135008,12,6962651.0
cg24706505,-0.320135,-0.175030,False,0.247582,19,13100447.0
cg24714094,0.022904,-0.001229,False,0.012066,22,23124818.0
cg24718015,-0.029387,0.042198,False,0.035793,17,42337703.0
cg24718382,0.075369,0.250059,False,0.162714,6,159041105.0
cg24727188,0.230663,-0.122280,False,0.176472,6,151405169.0
cg24734069,0.073708,0.116829,False,0.095268,14,96043586.0
cg24742298,0.099702,0.267966,False,0.183834,17,28982468.0
cg24742520,-0.137317,-0.259605,False,0.198461,1,19179987.0
cg24749672,0.033561,0.120886,False,0.077223,12,51324324.0
cg24757533,-0.118626,-0.119241,False,0.118934,17,76498204.0
cg24762231,-0.155347,0.006918,False,0.081133,12,54297009.0
cg24769398,0.005397,-0.170795,False,0.088096,3,188948233.0
cg24787755,-0.139519,-0.081119,False,0.110319,10,92691259.0
cg24803202,0.085306,-0.012550,False,0.048928,11,64891431.0
cg24805759,-0.064100,-0.088564,False,0.076332,17,80023961.0
cg24810836,-0.067257,-0.156914,False,0.112085,19,12807248.0
cg24831391,0.291454,0.138262,False,0.214858,12,2633979.0
cg24835159,0.102666,-0.240313,False,0.171489,17,58417193.0
cg24835948,-0.060862,0.180583,False,0.120723,5,14331707.0
cg24838825,-0.167561,-0.099393,False,0.133477,10,109934165.0
cg24845662,0.167057,0.096407,False,0.131732,5,122829664.0
cg24847366,-0.172856,-0.098875,False,0.135865,12,124549737.0
cg24848608,0.160781,-0.107943,False,0.134362,5,75057185.0
cg24852561,-0.091442,-0.183659,False,0.137550,13,99687826.0
cg24859352,0.090386,-0.004819,False,0.047602,6,22147154.0
cg24863262,0.132854,-0.033817,False,0.083336,19,55227161.0
cg24869393,0.071714,-0.013516,False,0.042615,10,97806661.0
cg24874003,-0.266805,-0.106533,False,0.186669,19,2602616.0
cg24876069,0.000176,-0.014753,False,0.007464,3,149198926.0
cg24877510,-0.202152,-0.087390,False,0.144771,4,77821222.0
cg24878594,-0.248019,-0.318384,True,0.283201,1,11648507.0
cg24884265,0.195696,0.147795,False,0.171746,5,150528018.0
cg24886257,0.092715,0.223003,False,0.157859,19,51949194.0
cg24888257,0.052341,0.099699,False,0.076020,6,31817820.0
cg24889708,0.109574,0.065155,False,0.087365,17,48601357.0
cg24897392,0.101434,-0.154500,False,0.127967,1,169102868.0
cg24901637,0.202808,0.112441,False,0.157625,4,89894822.0
cg24922129,0.030412,0.017866,False,0.024139,11,129372635.0
cg24937306,0.094794,0.032865,False,0.063829,11,34919247.0
cg24947456,-0.490162,-0.460832,True,0.475497,12,57047648.0
cg24951100,-0.044687,0.062138,False,0.053412,10,13718075.0
cg24951886,0.079718,0.213444,False,0.146581,10,13484236.0
cg24965080,0.018108,0.152787,False,0.085447,18,26553487.0
cg24965479,-0.008270,0.162251,False,0.085260,17,61139353.0
cg24974356,0.072521,-0.015190,False,0.043856,X,103780962.0
cg24990255,0.096919,0.091861,False,0.094390,2,180291702.0
cg24994625,0.030056,-0.179667,False,0.104861,17,42797793.0
cg24996981,-0.102510,0.083862,False,0.093186,11,70073884.0
cg24999588,-0.238092,-0.085121,False,0.161607,8,60926867.0
cg25004838,0.010583,-0.052231,False,0.031407,6,32144412.0
cg25006194,-0.224783,-0.044016,False,0.134399,12,93894777.0
cg25009842,-0.037150,-0.128780,False,0.082965,6,157184424.0
cg25010415,0.040357,-0.130259,False,0.085308,3,25288354.0
cg25012185,-0.254221,-0.309702,True,0.281962,2,225026075.0
cg25014247,0.044972,0.289972,False,0.167472,12,121578003.0
cg25015613,-0.020308,-0.490773,False,0.255541,11,102793985.0
cg25018208,0.133461,-0.186761,False,0.160111,6,37370831.0
cg25019898,0.193681,0.205033,False,0.199357,10,1072876.0
cg25023095,-0.143676,0.111547,False,0.127611,10,97366057.0
cg25025181,-0.323812,-0.349525,True,0.336668,1,246215208.0
cg25031824,-0.285835,-0.132349,False,0.209092,17,3916069.0
cg25035631,0.056189,0.023790,False,0.039990,1,35120757.0
cg25037165,0.216318,-0.053422,False,0.134870,11,12802736.0
cg25039325,0.039554,0.265986,False,0.152770,2,68774979.0
cg25041439,0.019901,-0.273794,False,0.146847,11,125883215.0
cg25045219,0.015273,0.057647,False,0.036460,17,413305.0
cg25069807,-0.287073,-0.191160,False,0.239117,17,78175110.0
cg25078649,-0.148171,-0.073713,False,0.110942,6,43511091.0
cg25083933,-0.044868,-0.102300,False,0.073584,12,6141147.0
cg25093492,0.093887,0.015718,False,0.054803,3,155676514.0
cg25094467,0.106880,-0.286559,False,0.196720,14,99066613.0
cg25095994,0.062654,-0.029161,False,0.045908,2,230327012.0
cg25096142,0.032029,-0.161503,False,0.096766,1,173603042.0
cg25097946,0.032214,-0.226383,False,0.129298,10,95441228.0
cg25113462,-0.019430,-0.066813,False,0.043122,2,238390652.0
cg25116200,-0.090936,-0.157467,False,0.124202,5,157271844.0
cg25119077,0.145154,-0.275459,False,0.210307,5,16881322.0
cg25127214,0.066388,-0.292755,False,0.179572,2,181660467.0
cg25127692,0.037010,0.154275,False,0.095642,3,185688748.0
cg25129097,0.175028,0.060890,False,0.117959,10,8378175.0
cg25130710,0.084797,-0.119859,False,0.102328,12,132583166.0
cg25132230,-0.100732,0.013231,False,0.056982,1,198639253.0
cg25135018,-0.098144,-0.018979,False,0.058562,1,154463472.0
cg25135333,0.006481,-0.028115,False,0.017298,1,177970116.0
cg25135457,-0.040343,-0.295682,False,0.168012,17,42563226.0
cg25139229,-0.014570,-0.120891,False,0.067731,10,48466415.0
cg25140444,0.158560,0.136078,False,0.147319,1,88731181.0
cg25141894,0.166471,0.114036,False,0.140253,1,114621998.0
cg25151834,0.035326,0.246917,False,0.141122,16,1399527.0
cg25170017,0.248270,0.074521,False,0.161396,11,64877015.0
cg25174874,0.212901,0.044021,False,0.128461,4,106302348.0
cg25184664,0.200707,0.187884,False,0.194296,2,24036851.0
cg25191041,0.023886,0.118013,False,0.070950,21,43362590.0
cg25196508,0.048119,0.068033,False,0.058076,12,48787771.0
cg25198830,0.133356,0.074845,False,0.104101,X,103374984.0
cg25202503,0.046109,0.132147,False,0.089128,13,110815903.0
cg25206536,-0.177127,-0.161705,False,0.169416,4,11367383.0
cg25208291,0.089117,0.055712,False,0.072414,3,169268791.0
cg25213452,0.098484,0.239843,False,0.169164,1,206457039.0
cg25213720,-0.289530,-0.271764,True,0.280647,5,177307342.0
cg25215230,0.076312,0.085786,False,0.081049,4,15677975.0
cg25221168,0.219863,0.058334,False,0.139099,10,21508255.0
cg25232510,0.164595,0.080929,False,0.122762,8,133293980.0
cg25232786,0.117723,-0.113566,False,0.115645,3,161421054.0
cg25249728,-0.017814,-0.132287,False,0.075051,2,55164285.0
cg25266281,0.037073,0.140975,False,0.089024,2,241962617.0
cg25268435,-0.057130,-0.001796,False,0.029463,2,177254625.0
cg25291653,0.220294,0.274556,True,0.247425,20,19886501.0
cg25292882,-0.190931,-0.241825,False,0.216378,15,39139266.0
cg25295329,-0.095182,-0.100534,False,0.097858,6,105900728.0
cg25303150,-0.293434,-0.259379,True,0.276406,10,132398370.0
cg25304198,0.106415,0.019294,False,0.062855,13,50594575.0
cg25307332,0.066234,0.003048,False,0.034641,8,38721284.0
cg25312229,-0.066195,0.006313,False,0.036254,11,65479402.0
cg25315806,0.132620,0.023493,False,0.078056,5,126365551.0
cg25318211,-0.157478,0.231523,False,0.194501,6,109457230.0
cg25326509,-0.123690,0.179112,False,0.151401,6,20024216.0
cg25334215,0.066676,0.164111,False,0.115394,11,33141740.0
cg25335435,0.150348,0.031807,False,0.091078,11,22378159.0
cg25339054,0.257771,0.065363,False,0.161567,5,51377974.0
cg25343204,0.056237,-0.189101,False,0.122669,7,16801687.0
cg25353281,-0.138190,0.299719,False,0.218955,2,218290655.0
cg25360761,-0.318599,-0.125427,False,0.222013,19,35329040.0
cg25363807,-0.050076,-0.025307,False,0.037692,1,44238251.0
cg25364619,0.039153,0.135463,False,0.087308,17,880211.0
cg25367691,-0.011933,0.041468,False,0.026700,4,186069170.0
cg25370441,-0.047875,-0.288974,False,0.168425,4,105552076.0
cg25373595,-0.131373,-0.162913,False,0.147143,17,2796424.0
cg25375162,-0.013496,0.079648,False,0.046572,3,30342468.0
cg25382573,-0.138294,-0.151463,False,0.144878,12,92703068.0
cg25384897,-0.082002,0.128274,False,0.105138,6,32845767.0
cg25389087,-0.227481,-0.309952,True,0.268717,18,77112457.0
cg25389791,0.202631,0.124828,False,0.163730,5,176880835.0
cg25401010,0.237647,0.241216,True,0.239432,18,58862646.0
cg25403283,0.063504,0.061482,False,0.062493,10,61869728.0
cg25414370,0.095327,-0.012757,False,0.054042,22,50044922.0
cg25421530,-0.034291,-0.190624,False,0.112457,10,95441230.0
cg25426302,-0.029901,-0.150665,False,0.090283,6,32153049.0
cg25432336,0.248847,-0.153721,False,0.201284,2,20448819.0
cg25432518,-0.160352,-0.060746,False,0.110549,7,1854664.0
cg25447873,0.187281,-0.023291,False,0.105286,15,63256764.0
cg25451702,-0.218048,-0.104552,False,0.161300,2,224576265.0
cg25453677,0.075586,0.012866,False,0.044226,17,1932441.0
cg25455865,0.049642,-0.023402,False,0.036522,8,9102505.0
cg25461934,0.039119,-0.095316,False,0.067217,20,35171347.0
cg25462303,-0.112610,0.044559,False,0.078584,3,112133309.0
cg25463317,0.109485,-0.017813,False,0.063649,6,136050397.0
cg25467833,0.094501,0.097943,False,0.096222,1,212161719.0
cg25472458,0.253889,0.132271,False,0.193080,7,50732910.0
cg25477497,-0.100270,-0.004684,False,0.052477,7,87599492.0
cg25495650,0.000930,0.189341,False,0.095136,7,593565.0
cg25496680,0.002498,0.251154,False,0.126826,19,16493278.0
cg25508319,-0.185863,-0.310381,False,0.248122,11,128908611.0
cg25513610,-0.116168,0.210974,False,0.163571,6,14656859.0
cg25518707,-0.169931,0.157811,False,0.163871,17,62724563.0
cg25521254,-0.028328,-0.124064,False,0.076196,17,789897.0
cg25526061,0.062694,-0.067943,False,0.065319,10,133274947.0
cg25541528,-0.231054,-0.167622,False,0.199338,7,1506183.0
cg25546488,-0.076998,0.134658,False,0.105828,8,89974702.0
cg25552889,0.005536,-0.125246,False,0.065391,3,184339895.0
cg25553198,0.161821,0.327520,False,0.244671,4,53988755.0
cg25554212,-0.031278,-0.230414,False,0.130846,5,178449929.0
cg25555753,-0.070801,0.167680,False,0.119241,19,3133437.0
cg25556008,-0.030712,-0.015753,False,0.023232,19,2525386.0
cg25566312,-0.209842,-0.004817,False,0.107329,5,136063255.0
cg25567805,0.028457,0.031340,False,0.029898,6,112251564.0
cg25568981,0.021226,-0.044394,False,0.032810,5,175660700.0
cg25569396,-0.072906,0.358183,False,0.215544,6,11382536.0
cg25574765,-0.205368,0.145400,False,0.175384,11,70365425.0
cg25581330,0.149188,-0.041813,False,0.095501,4,185513839.0
cg25586410,-0.123417,-0.146549,False,0.134983,2,174485893.0
cg25588348,0.106157,-0.137952,False,0.122054,14,75868112.0
cg25597623,0.057025,-0.008017,False,0.032521,3,50269024.0
cg25598890,-0.192694,-0.083987,False,0.138340,12,117063642.0
cg25599242,-0.032236,-0.018402,False,0.025319,11,63536865.0
cg25600446,-0.003918,-0.124589,False,0.064254,8,144503160.0
cg25602756,0.137952,0.013756,False,0.075854,1,247448579.0
cg25608078,-0.097331,0.254729,False,0.176030,14,96126441.0
cg25615614,0.119262,0.150709,False,0.134985,1,158204457.0
cg25616055,-0.193774,-0.149926,False,0.171850,12,89245113.0
cg25616869,-0.079418,-0.014621,False,0.047020,3,48402460.0
cg25625968,0.140587,0.036510,False,0.088549,5,38464217.0
cg25632577,-0.140850,-0.018210,False,0.079530,8,127036158.0
cg25636354,-0.153787,0.117225,False,0.135506,19,7519775.0
cg25644380,0.159925,0.193559,False,0.176742,19,44759725.0
cg25652701,-0.069102,0.077589,False,0.073346,7,105708071.0
cg25654653,-0.197008,0.003785,False,0.100396,6,132714127.0
cg25659902,0.124784,0.038575,False,0.081679,6,30684425.0
cg25663741,0.080392,-0.041887,False,0.061139,15,49394567.0
cg25666403,-0.089146,0.175777,False,0.132461,22,30267005.0
cg25668878,0.100534,0.057437,False,0.078985,3,46215036.0
cg25672027,-0.020160,0.239993,False,0.130077,22,43160089.0
cg25677709,-0.032317,0.098640,False,0.065478,5,150520897.0
cg25695568,0.162105,0.000002,False,0.081054,12,109709578.0
cg25706012,-0.007884,0.086292,False,0.047088,7,1743119.0
cg25706683,0.022173,-0.050585,False,0.036379,7,17306552.0
cg25711558,-0.306559,-0.200826,True,0.253692,7,101856358.0
cg25718696,0.052914,-0.154788,False,0.103851,4,150582436.0
cg25726549,0.011249,0.263973,False,0.137611,3,159669203.0
cg25728188,0.055774,0.011565,False,0.033669,6,12484707.0
cg25728477,0.095857,-0.089449,False,0.092653,6,170265906.0
cg25732410,-0.145984,-0.180671,False,0.163327,3,32843750.0
cg25738116,-0.111042,-0.111756,False,0.111399,3,156812869.0
cg25739689,0.165476,-0.220252,False,0.192864,13,110489492.0
cg25739715,-0.090876,0.096325,False,0.093601,22,30267892.0
cg25741118,0.048629,-0.451657,False,0.250143,1,54016564.0
cg25742394,0.072619,0.152676,False,0.112648,3,170037082.0
cg25747783,0.053368,0.051538,False,0.052453,7,105963176.0
cg25752754,-0.024629,0.089663,False,0.057146,2,20149774.0
cg25757470,0.150515,0.071668,False,0.111091,12,11607771.0
cg25760227,-0.219337,-0.195589,False,0.207463,8,129679310.0
cg25765104,0.001791,0.077538,False,0.039664,1,167632038.0
cg25780389,-0.136585,0.180166,False,0.158375,10,112375157.0
cg25780735,-0.135601,-0.053598,False,0.094600,13,65337136.0
cg25784359,0.242168,0.062446,False,0.152307,6,30932522.0
cg25791430,0.021823,-0.009763,False,0.015793,11,59807489.0
cg25814649,-0.248141,-0.201319,True,0.224730,13,106491632.0
cg25824127,0.027225,0.108156,False,0.067691,10,114166301.0
cg25833200,-0.042717,-0.155263,False,0.098990,3,94067042.0
cg25840318,0.034415,-0.107327,False,0.070871,4,8247703.0
cg25848339,0.244763,0.057499,False,0.151131,7,50733704.0
cg25850629,0.000716,-0.014882,False,0.007799,1,32745229.0
cg25866075,-0.112356,-0.013218,False,0.062787,19,53824526.0
cg25880344,-0.090870,-0.045962,False,0.068416,7,11636407.0
cg25881535,-0.064560,0.066436,False,0.065498,12,52232113.0
cg25882887,0.181700,0.070545,False,0.126123,8,22986861.0
cg25888386,-0.056815,0.020580,False,0.038698,10,113382128.0
cg25908283,-0.061526,0.206717,False,0.134122,13,106472176.0
cg25910803,0.023274,0.126575,False,0.074925,17,28405231.0
cg25922751,-0.112232,0.131484,False,0.121858,12,124466174.0
cg25922969,0.040289,-0.114827,False,0.077558,5,177366940.0
cg25923345,-0.026292,-0.054629,False,0.040460,7,100707046.0
cg25924139,-0.050800,0.065780,False,0.058290,18,7680664.0
cg25927215,-0.033352,-0.283046,False,0.158199,6,34709673.0
cg25929207,0.010049,-0.034619,False,0.022334,13,110489483.0
cg25936358,-0.274002,-0.309354,True,0.291678,13,113647681.0
cg25936381,-0.075765,-0.016050,False,0.045907,17,40501623.0
cg25941751,-0.261810,-0.047276,False,0.154543,2,46386405.0
cg25950638,-0.368749,-0.065695,False,0.217222,15,70159596.0
cg25951288,-0.121760,0.024079,False,0.072919,18,79458480.0
cg25954028,0.067833,0.193937,False,0.130885,12,124456877.0
cg25956012,0.120389,0.156135,False,0.138262,20,36458232.0
cg25960403,-0.080828,-0.222723,False,0.151775,4,11368391.0
cg25964019,-0.009792,-0.007797,False,0.008795,7,21692621.0
cg25976672,0.086215,-0.183342,False,0.134779,2,234999152.0
cg25979543,-0.186113,-0.181285,False,0.183699,1,17561609.0
cg25983629,0.192217,0.103497,False,0.147857,7,112479452.0
cg25999604,0.018942,-0.119072,False,0.069007,14,103712798.0
cg26003023,0.172198,0.061206,False,0.116702,10,88538512.0
cg26006084,0.015834,0.006498,False,0.011166,5,172189567.0
cg26017930,-0.040174,-0.063456,False,0.051815,1,2300727.0
cg26020069,-0.143439,-0.049429,False,0.096434,6,52517643.0
cg26023748,-0.341039,-0.145159,False,0.243099,10,52755391.0
cg26028571,0.047077,-0.138406,False,0.092742,22,37776396.0
cg26029997,-0.103016,0.149140,False,0.126078,3,48466211.0
cg26031954,0.143507,-0.149375,False,0.146441,1,2207888.0
cg26043529,-0.146915,-0.215149,False,0.181032,17,17202952.0
cg26047066,-0.058357,-0.151446,False,0.104902,1,220895794.0
cg26049187,-0.183326,0.277912,False,0.230619,1,197007189.0
cg26051540,0.212692,0.096286,False,0.154489,2,224031153.0
cg26052377,-0.069238,0.013466,False,0.041352,3,124637646.0
cg26057104,0.002921,0.047226,False,0.025074,6,30103567.0
cg26070865,0.110806,-0.056685,False,0.083746,5,959026.0
cg26070874,0.057346,0.001511,False,0.029428,7,29609269.0
cg26075184,0.140676,0.094111,False,0.117394,10,99521946.0
cg26075213,0.110638,-0.042171,False,0.076404,5,80258715.0
cg26081062,0.219846,0.019084,False,0.119465,2,223975765.0
cg26091981,0.055508,0.176984,False,0.116246,2,135837296.0
cg26094842,0.241917,-0.147614,False,0.194765,10,112717188.0
cg26097051,0.026405,-0.128076,False,0.077241,12,119804286.0
cg26103369,0.159872,0.231430,False,0.195651,14,74686604.0
cg26107033,-0.042576,0.033704,False,0.038140,1,209652327.0
cg26107890,-0.094663,-0.022635,False,0.058649,3,125141842.0
cg26108621,0.100384,0.024986,False,0.062685,13,40116231.0
cg26109145,-0.065197,-0.144870,False,0.105033,17,81072077.0
cg26112797,-0.128950,0.152357,False,0.140653,17,58331650.0
cg26118759,-0.159378,-0.234966,False,0.197172,1,116515852.0
cg26119382,0.113013,-0.151445,False,0.132229,1,155591300.0
cg26124569,0.199443,0.005285,False,0.102364,3,188257362.0
cg26124968,0.233437,-0.150862,False,0.192149,7,44761972.0
cg26129353,-0.275140,0.022613,False,0.148876,18,57649695.0
cg26131754,-0.080118,0.038936,False,0.059527,3,18426119.0
cg26131879,0.201004,0.249662,True,0.225333,4,720552.0
cg26131932,-0.011891,0.006030,False,0.008961,7,157282609.0
cg26137219,-0.142504,-0.247959,False,0.195231,10,30431718.0
cg26137350,0.041466,-0.010459,False,0.025962,2,189171199.0
cg26154999,-0.344701,-0.099510,False,0.222105,2,224401629.0
cg26158194,0.228868,0.111005,False,0.169937,11,1853090.0
cg26161708,0.066817,0.022227,False,0.044522,20,17614803.0
cg26161816,-0.015958,0.118873,False,0.067416,19,7349138.0
cg26166817,0.187863,-0.035247,False,0.111555,4,123547375.0
cg26197836,-0.012523,0.283371,False,0.147947,X,103791213.0
cg26198638,-0.020950,-0.238299,False,0.129625,11,63495283.0
cg26203328,0.088285,0.109460,False,0.098873,15,44726707.0
cg26215003,-0.062290,0.143530,False,0.102910,X,20413048.0
cg26215807,0.158561,0.058023,False,0.108292,14,88788222.0
cg26216618,-0.129168,0.041800,False,0.085484,22,23137900.0
cg26218269,0.098625,-0.079382,False,0.089004,4,150582075.0
cg26221796,-0.093496,-0.059079,False,0.076287,19,54469740.0
cg26223797,0.271512,0.298693,True,0.285103,5,54835866.0
cg26224574,0.168120,0.178886,False,0.173503,8,73407741.0
cg26225893,0.068270,0.055989,False,0.062129,3,124934874.0
cg26238936,-0.123336,0.095952,False,0.109644,2,68774722.0
cg26245549,0.022563,0.171782,False,0.097172,10,513528.0
cg26255314,0.102719,0.101686,False,0.102203,11,61102438.0
cg26256263,-0.010672,0.195024,False,0.102848,1,24931655.0
cg26269510,0.043231,-0.280612,False,0.161921,19,57103888.0
cg26269677,-0.137816,-0.042651,False,0.090233,5,76955863.0
cg26273417,0.129165,0.147316,False,0.138240,13,106493816.0
cg26279786,0.011386,0.063725,False,0.037555,4,71550365.0
cg26284735,-0.011372,0.056048,False,0.033710,3,5023480.0
cg26285698,0.085512,0.101566,False,0.093539,16,29746013.0
cg26286098,-0.017736,0.056135,False,0.036936,13,31331618.0
cg26288715,-0.151809,-0.157203,False,0.154506,6,135185696.0
cg26289449,0.203309,0.046052,False,0.124681,17,73776688.0
cg26297005,0.199878,-0.033747,False,0.116813,7,27122471.0
cg26297819,-0.083442,-0.088387,False,0.085914,22,41367276.0
cg26312071,-0.222512,-0.252157,True,0.237335,15,90184551.0
cg26312950,0.038743,0.006021,False,0.022382,7,5351867.0
cg26314534,0.085234,-0.004047,False,0.044640,17,7853892.0
cg26328438,0.192427,0.225275,False,0.208851,6,22297861.0
cg26328757,-0.008225,-0.081080,False,0.044653,1,202010636.0
cg26342671,0.295000,0.007903,False,0.151451,2,127674950.0
cg26347632,0.013174,-0.101325,False,0.057250,22,37569035.0
cg26351916,0.166171,0.074026,False,0.120098,17,80110429.0
cg26353176,0.120911,-0.211354,False,0.166132,5,60488079.0
cg26360402,0.152716,0.028211,False,0.090463,14,105507657.0
cg26366833,-0.317605,-0.035398,False,0.176502,17,74713361.0
cg26370886,-0.023104,-0.354499,False,0.188802,19,48735171.0
cg26383838,-0.016605,0.147734,False,0.082169,12,92703043.0
cg26389605,0.021231,-0.117726,False,0.069478,8,126937503.0
cg26393964,-0.043755,-0.037126,False,0.040440,11,123525591.0
cg26394055,-0.271939,-0.281750,True,0.276844,1,161215131.0
cg26394940,-0.186052,-0.136436,False,0.161244,22,46053581.0
cg26402555,-0.067594,0.019781,False,0.043687,14,105284197.0
cg26402660,-0.004496,0.145828,False,0.075162,7,27139649.0
cg26405545,0.177015,-0.037057,False,0.107036,1,1110126.0
cg26416887,-0.173966,-0.181141,False,0.177554,12,111181121.0
cg26427109,-0.186613,0.252122,False,0.219367,11,60971547.0
cg26427498,-0.414822,-0.318661,True,0.366741,7,106346812.0
cg26433975,0.189560,0.254990,False,0.222275,7,45027259.0
cg26437842,-0.059735,-0.092150,False,0.075942,10,48685378.0
cg26448609,-0.167860,0.006712,False,0.087286,7,107937095.0
cg26455386,0.062432,-0.451956,False,0.257194,17,17096669.0
cg26456404,0.096007,-0.105618,False,0.100813,11,69115966.0
cg26464186,0.025808,-0.064020,False,0.044914,10,88579429.0
cg26467269,-0.062919,0.083192,False,0.073056,11,68411629.0
cg26468833,0.036409,-0.157534,False,0.096971,11,1929324.0
cg26470309,0.273895,-0.107023,False,0.190459,12,117188972.0
cg26472133,-0.035636,-0.054749,False,0.045192,7,157004410.0
cg26475911,-0.157510,-0.001438,False,0.079474,17,75060092.0
cg26477257,-0.151069,-0.002725,False,0.076897,17,17202781.0
cg26482665,0.048856,-0.024255,False,0.036556,19,58562535.0
cg26484108,-0.080657,0.106966,False,0.093812,12,117143190.0
cg26485825,0.321504,0.440646,True,0.381075,18,23872931.0
cg26488183,-0.353563,-0.198749,False,0.276156,15,74902764.0
cg26495839,-0.057433,-0.008992,False,0.033213,19,11374166.0
cg26498966,0.138124,0.267416,False,0.202770,19,2037663.0
cg26499663,0.146117,-0.132583,False,0.139350,8,60922616.0
cg26504110,-0.099531,-0.276392,False,0.187962,19,40624136.0
cg26517004,-0.068887,-0.129305,False,0.099096,12,110465689.0
cg26523417,0.156791,0.157683,False,0.157237,5,148913258.0
cg26530485,-0.141017,0.025730,False,0.083373,1,23169811.0
cg26531076,0.111227,0.099408,False,0.105318,13,73169240.0
cg26533764,-0.120868,-0.178190,False,0.149529,1,209652386.0
cg26541780,-0.126404,-0.185293,False,0.155849,1,156248190.0
cg26551092,0.106440,0.093456,False,0.099948,6,157184298.0
cg26563814,0.083700,0.104932,False,0.094316,4,113674337.0
cg26568031,0.113250,0.025865,False,0.069558,10,89553623.0
cg26572452,-0.177284,-0.030877,False,0.104080,8,128102809.0
cg26575450,-0.033218,0.075928,False,0.054573,2,64607146.0
cg26582457,0.158876,0.203611,False,0.181243,11,5045953.0
cg26585352,0.031112,0.246136,False,0.138624,2,57802430.0
cg26591930,0.017637,0.092596,False,0.055116,11,70826881.0
cg26595828,0.050779,-0.050235,False,0.050507,5,5034243.0
cg26598899,-0.105184,0.083258,False,0.094221,11,2300570.0
cg26604214,-0.051753,-0.085811,False,0.068782,17,3004384.0
cg26613811,-0.126204,0.027351,False,0.076778,7,150357499.0
cg26620176,-0.120850,0.273591,False,0.197221,19,8052163.0
cg26630171,-0.000326,-0.217373,False,0.108849,19,3459272.0
cg26639479,-0.032076,-0.215388,False,0.123732,16,30352360.0
cg26645242,-0.062236,0.157095,False,0.109665,16,53129727.0
cg26646397,0.078889,0.140106,False,0.109497,5,150530624.0
cg26647646,-0.118962,0.096890,False,0.107926,5,83220190.0
cg26650383,0.131664,0.075262,False,0.103463,13,28716523.0
cg26665667,0.072481,0.021039,False,0.046760,10,50580868.0
cg26668129,-0.100924,0.101494,False,0.101209,1,113783786.0
cg26671477,-0.227693,0.142005,False,0.184849,1,121516692.0
cg26680502,-0.027033,0.318875,False,0.172954,20,38805122.0
cg26680644,0.171400,-0.247212,False,0.209306,1,24594506.0
cg26681770,-0.237225,0.041409,False,0.139317,20,57672246.0
cg26682986,0.136206,0.020293,False,0.078250,5,112422667.0
cg26683005,-0.097081,0.255808,False,0.176445,19,48249733.0
cg26689077,0.004290,0.244903,False,0.124596,12,53206022.0
cg26689203,0.017209,-0.178428,False,0.097818,4,119140056.0
cg26689934,0.092896,0.078251,False,0.085573,1,10779445.0
cg26704293,0.083050,0.205479,False,0.144264,12,124589204.0
cg26725201,-0.220732,0.224673,False,0.222703,6,3023364.0
cg26728709,0.021748,-0.027606,False,0.024677,4,113902182.0
cg26740481,0.061851,-0.091043,False,0.076447,15,23685864.0
cg26741686,0.053093,-0.136929,False,0.095011,4,185397202.0
cg26749414,0.039837,-0.071222,False,0.055530,19,46304015.0
cg26751588,0.056632,0.066676,False,0.061654,17,14206354.0
cg26758338,0.038342,-0.016100,False,0.027221,19,36891370.0
cg26764250,-0.048835,0.085540,False,0.067187,8,103078472.0
cg26769927,0.182072,0.149528,False,0.165800,16,29663651.0
cg26775695,0.021441,0.126022,False,0.073732,11,1208671.0
cg26780125,-0.258680,-0.173645,False,0.216163,8,124376565.0
cg26792576,0.124330,-0.071878,False,0.098104,3,14900440.0
cg26793463,0.150451,-0.057056,False,0.103753,1,1804448.0
cg26796518,0.121657,0.026365,False,0.074011,12,6075350.0
cg26806260,0.050911,0.058597,False,0.054754,15,62064313.0
cg26806779,-0.219802,0.019432,False,0.119617,12,8989179.0
cg26811313,0.189083,0.223535,False,0.206309,7,1920353.0
cg26814335,-0.152561,-0.175408,False,0.163984,8,6726799.0
cg26815229,-0.101269,-0.234416,False,0.167842,1,59927261.0
cg26823149,0.059280,-0.072689,False,0.065985,15,81381129.0
cg26827987,-0.080626,-0.081728,False,0.081177,16,86198851.0
cg26836479,-0.211568,-0.178318,False,0.194943,19,42202201.0
cg26842802,0.164392,0.194193,False,0.179293,2,201260489.0
cg26852645,-0.005502,-0.074039,False,0.039770,10,124589933.0
cg26857315,0.187017,-0.032550,False,0.109783,19,932759.0
cg26864905,-0.081983,-0.056382,False,0.069183,6,137045232.0
cg26872907,0.168852,0.094847,False,0.131849,6,161375822.0
cg26874693,-0.066165,0.211995,False,0.139080,12,111181132.0
cg26875626,0.115978,0.148995,False,0.132487,4,152100377.0
cg26883840,0.137014,-0.109004,False,0.123009,8,37084586.0
cg26886976,0.092644,0.193237,False,0.142940,17,74592273.0
cg26889659,-0.042264,-0.230964,False,0.136614,6,684090.0
cg26893134,0.147143,0.170700,False,0.158922,6,116060741.0
cg26897313,0.116359,0.140876,False,0.128618,15,57611323.0
cg26916966,-0.185811,0.035643,False,0.110727,17,42122506.0
cg26922625,0.247497,0.098298,False,0.172897,6,31803869.0
cg26925463,0.048939,-0.051044,False,0.049991,7,134454557.0
cg26929272,-0.158450,-0.281583,False,0.220017,10,86535453.0
cg26934993,-0.124784,0.222775,False,0.173779,17,42122704.0
cg26935536,0.067956,0.047009,False,0.057482,5,77849532.0
cg26945846,0.150334,0.076092,False,0.113213,7,1964754.0
cg26949055,0.222148,-0.076629,False,0.149388,15,33852631.0
cg26955337,0.060017,-0.153526,False,0.106771,16,67230464.0
cg26962618,-0.189612,-0.222002,False,0.205807,15,70474844.0
cg26963259,0.036575,0.054832,False,0.045704,11,1277921.0
cg26966828,-0.259850,-0.196817,False,0.228333,8,10350747.0
cg26972389,-0.237851,-0.078426,False,0.158138,5,169980749.0
cg26975184,0.212639,0.052941,False,0.132790,7,140567240.0
cg26975807,0.204180,-0.037350,False,0.120765,12,121563055.0
cg26979504,-0.277883,0.201161,False,0.239522,10,92691761.0
cg26986443,-0.091346,-0.322518,False,0.206932,11,96095641.0
cg27002639,0.273949,-0.010258,False,0.142104,16,78568064.0
cg27003571,0.162494,-0.041632,False,0.102063,2,144294262.0
cg27005749,-0.028580,0.007878,False,0.018229,8,140598547.0
cg27009392,0.122872,-0.089381,False,0.106127,16,69351644.0
cg27019278,-0.277875,-0.381242,True,0.329559,4,100517647.0
cg27020362,-0.204219,-0.131022,False,0.167621,5,139387705.0
cg27025722,0.144182,0.127132,False,0.135657,2,54546153.0
cg27027631,-0.110785,-0.129284,False,0.120034,7,115411309.0
cg27032101,-0.009442,0.067030,False,0.038236,11,312841.0
cg27040700,-0.360045,-0.224357,True,0.292201,8,90005533.0
cg27049539,-0.070268,-0.171512,False,0.120890,2,233487191.0
cg27051318,-0.267635,-0.066091,False,0.166863,8,42768628.0
cg27054887,0.097544,0.117655,False,0.107600,16,67243037.0
cg27055782,0.007198,0.030250,False,0.018724,11,2376256.0
cg27056194,0.246829,0.094383,False,0.170606,11,128867405.0
cg27058221,-0.004698,0.059663,False,0.032180,16,14672564.0
cg27059598,0.054693,-0.032415,False,0.043554,10,21508732.0
cg27078890,-0.045679,0.081676,False,0.063678,11,128587564.0
cg27083040,-0.332943,-0.116020,False,0.224482,5,149430498.0
cg27083891,0.132564,0.094390,False,0.113477,11,64891254.0
cg27085488,0.179325,0.122664,False,0.150995,5,61246038.0
cg27087377,-0.040049,-0.089136,False,0.064593,22,26479597.0
cg27092594,-0.182782,0.039769,False,0.111275,2,226652630.0
cg27100370,0.283884,0.017983,False,0.150933,19,1082613.0
cg27100547,0.091173,0.137112,False,0.114142,16,3729270.0
cg27107685,-0.221664,-0.092598,False,0.157131,7,30551302.0
cg27109043,0.173573,0.002276,False,0.087924,8,141237765.0
cg27110491,-0.131852,0.056909,False,0.094381,7,48092512.0
cg27111250,-0.016435,0.175046,False,0.095741,4,80190023.0
cg27111362,0.173298,0.163526,False,0.168412,4,155973862.0
cg27114026,0.094943,0.100114,False,0.097529,12,51346474.0
cg27119740,0.194073,0.245463,False,0.219768,2,67282477.0
cg27121309,0.247047,0.167398,False,0.207223,11,77020545.0
cg27121758,0.172026,0.162306,False,0.167166,19,3178744.0
cg27122441,-0.347944,-0.013572,False,0.180758,22,17777645.0
cg27123351,-0.041430,0.179880,False,0.110655,11,67674778.0
cg27125093,0.269283,0.116712,False,0.192998,19,3179830.0
cg27126442,0.001135,-0.003639,False,0.002387,4,105552649.0
cg27131563,-0.141207,-0.201349,False,0.171278,8,66522287.0
cg27131953,0.083840,-0.112235,False,0.098037,7,151081794.0
cg27134322,-0.074225,-0.158775,False,0.116500,8,1952612.0
cg27134730,0.050336,-0.083489,False,0.066913,7,124992947.0
cg27140247,-0.043023,-0.159882,False,0.101452,22,46054222.0
cg27140633,-0.148556,-0.091050,False,0.119803,11,63918433.0
cg27158519,-0.047665,0.031254,False,0.039460,6,113259001.0
cg27162932,-0.006895,-0.053177,False,0.030036,12,121525078.0
cg27166718,0.079965,0.155127,False,0.117546,6,118558946.0
cg27168076,-0.102347,0.146787,False,0.124567,2,231322216.0
cg27168493,-0.066997,0.109028,False,0.088012,1,67171041.0
cg27174787,-0.022796,-0.110036,False,0.066416,19,16067430.0
cg27175112,-0.162188,-0.008711,False,0.085450,2,11374905.0
cg27176729,-0.205876,-0.186317,False,0.196097,1,181087514.0
cg27181375,-0.255253,-0.162309,False,0.208781,15,73956848.0
cg27208079,0.185640,0.011184,False,0.098412,4,159444197.0
cg27213872,-0.066428,0.103371,False,0.084899,2,205803103.0
cg27215100,-0.205629,-0.084157,False,0.144893,17,82449714.0
cg27219182,-0.031178,-0.021601,False,0.026390,17,72684155.0
cg27224881,0.131161,0.191161,False,0.161161,15,32899497.0
cg27226424,-0.206822,0.007280,False,0.107051,4,182874610.0
cg27230472,-0.184530,-0.014332,False,0.099431,16,78567870.0
cg27232866,0.162275,0.063563,False,0.112919,1,42785402.0
cg27235315,0.252119,-0.027199,False,0.139659,1,223666226.0
cg27242134,-0.038555,-0.161569,False,0.100062,11,95091028.0
cg27244773,0.083223,0.078654,False,0.080939,17,45405750.0
cg27246744,-0.067136,-0.156445,False,0.111791,3,31705098.0
cg27251686,0.034074,-0.120117,False,0.077095,2,62486876.0
cg27262054,-0.118443,0.135683,False,0.127063,16,73033626.0
cg27263049,-0.274136,-0.274483,True,0.274309,8,144012132.0
cg27272853,0.040801,-0.180669,False,0.110735,16,841260.0
cg27274382,-0.022249,-0.042269,False,0.032259,11,76665020.0
cg27278086,-0.142021,0.197702,False,0.169861,2,68774642.0
cg27280037,-0.077906,-0.223033,False,0.150470,3,125063225.0
cg27284288,-0.019752,-0.045926,False,0.032839,11,60971533.0
cg27285720,-0.056016,-0.086679,False,0.071348,1,89199099.0
cg27302255,0.099910,0.420811,False,0.260360,12,20183683.0
cg27309110,-0.036797,-0.037944,False,0.037370,19,17831412.0
cg27310710,0.040044,-0.135450,False,0.087747,12,124457235.0
cg27317813,-0.176827,-0.067414,False,0.122120,12,4289342.0
cg27319151,0.107843,0.206821,False,0.157332,6,30103455.0
cg27331292,-0.034375,-0.202801,False,0.118588,9,127754416.0
cg27350716,0.099129,-0.077788,False,0.088459,6,30103251.0
cg27359374,-0.106049,0.176678,False,0.141364,6,157954742.0
cg27360727,-0.187345,0.035984,False,0.111664,2,62181167.0
cg27362525,0.035141,-0.070057,False,0.052599,17,5116343.0
cg27364780,0.077283,-0.247795,False,0.162539,16,73040524.0
cg27366766,0.032701,0.051652,False,0.042177,17,58487925.0
cg27367142,-0.061442,-0.139455,False,0.100448,10,75367441.0
cg27370991,-0.227329,-0.089659,False,0.158494,16,2044601.0
cg27372422,-0.250410,-0.171020,False,0.210715,19,40580341.0
cg27372452,-0.177090,0.058183,False,0.117637,15,101175614.0
cg27377213,-0.060434,0.136282,False,0.098358,20,38805160.0
cg27390009,-0.141662,0.103404,False,0.122533,17,18247187.0
cg27399957,0.105818,-0.214661,False,0.160240,10,98447711.0
cg27405400,0.178984,-0.113011,False,0.145997,2,127081963.0
cg27405706,0.088070,0.075686,False,0.081878,21,42366715.0
cg27410449,0.152305,0.047248,False,0.099776,4,2959729.0
cg27412039,0.026425,0.146798,False,0.086611,11,1926371.0
cg27423739,-0.110629,-0.003377,False,0.057003,3,194112629.0
cg27425709,0.004295,-0.054571,False,0.029433,2,110688956.0
cg27456185,0.175608,-0.087283,False,0.131445,15,92652781.0
cg27459529,-0.267452,-0.252353,True,0.259902,10,48684898.0
cg27467249,0.096511,0.087857,False,0.092184,20,44530977.0
cg27475152,0.128272,-0.028376,False,0.078324,6,26499855.0
cg27475923,0.073455,-0.037828,False,0.055642,11,63763525.0
cg27482619,0.000853,0.253852,False,0.127353,10,30529550.0
cg27484412,0.051018,-0.031015,False,0.041016,21,43456807.0
cg27484582,-0.177818,0.023269,False,0.100544,7,2479089.0
cg27492103,-0.305649,-0.314649,True,0.310149,2,25825414.0
cg27503275,0.053736,0.162284,False,0.108010,6,3879782.0
cg27505627,0.196231,0.006288,False,0.101259,22,38110582.0
cg27506210,-0.044532,-0.055252,False,0.049892,22,31754739.0
cg27507261,0.043069,-0.150691,False,0.096880,17,5499733.0
cg27516584,-0.052512,-0.014835,False,0.033674,16,88646342.0
cg27518324,-0.141647,0.129659,False,0.135653,13,98978251.0
cg27526774,-0.055820,0.177127,False,0.116473,1,234963342.0
cg27528222,-0.061099,-0.253968,False,0.157533,1,2207514.0
cg27540367,-0.322886,-0.306495,True,0.314691,19,41342229.0
cg27548595,0.030398,-0.134174,False,0.082286,17,19001053.0
cg27566403,-0.048730,-0.153916,False,0.101323,17,78723530.0
cg27576271,-0.059544,-0.112069,False,0.085806,12,92703035.0
cg27577583,0.126222,0.059257,False,0.092740,6,143973710.0
cg27597459,-0.071137,-0.029468,False,0.050302,5,178777765.0
cg27598340,-0.086636,-0.122881,False,0.104759,7,55078034.0
cg27604402,-0.134603,0.043871,False,0.089237,6,31797813.0
cg27604897,-0.085312,0.011561,False,0.048436,17,50189409.0
cg27605748,-0.036810,-0.018991,False,0.027900,5,42951609.0
cg27606671,0.153949,-0.072332,False,0.113140,11,68146996.0
cg27610561,0.075877,0.089214,False,0.082545,20,46709145.0
cg27629453,-0.115674,-0.191165,False,0.153420,4,153022322.0
cg27631199,-0.017955,-0.002889,False,0.010422,1,65910654.0
cg27631256,0.211024,0.029504,False,0.120264,9,114930465.0
cg27637086,0.107336,-0.085817,False,0.096577,2,239504261.0
cg27648858,0.042014,-0.127913,False,0.084963,19,18156024.0
cg27651243,0.150876,0.064303,False,0.107590,7,157006454.0
cg27651355,-0.277748,-0.004705,False,0.141226,19,14497280.0
cg27655512,0.021612,0.094893,False,0.058252,11,2266191.0
cg27656786,-0.225490,0.130802,False,0.178146,6,142356209.0
