"probeID","EID","EC","Epi","Fib","IC","weight"
"cg00002145","1293","0.7825930826507164","0.7825930826507164","0.0","0.7825930826507164","0.7825930826507164"
"cg00011856","3488","0.5125","0.5125","0.0","0.5125","0.5125"
"cg00013451","6781","0.0","0.0588970664865293","0.0588970664865293","0.0588970664865293","0.0588970664865293"
"cg00014112","2995","0.5969758988045732","0.5969758988045732","0.0","0.5969758988045732","0.5969758988045732"
"cg00014754","8000","0.6084291502812684","0.0","0.6084291502812684","0.6084291502812684","0.6084291502812684"
"cg00023132","10550","nan","nan","0.0","nan","0.0"
"cg00028013","4016","0.333857788544925","0.333857788544925","0.0","0.333857788544925","0.333857788544925"
"cg00040588","54587","0.1670523252623975","0.1670523252623975","0.0","0.1670523252623975","0.1670523252623975"
"cg00051483","168537","0.0","0.7504331019515231","0.7504331019515231","0.7504331019515231","0.7504331019515231"
"cg00060287","1277","nan","nan","0.0","nan","0.0"
"cg00071887","4016","0.333857788544925","0.333857788544925","0.0","0.333857788544925","0.333857788544925"
"cg00078940","9555","nan","nan","nan","0.0","0.0"
"cg00082178","7058","0.305","0.305","0.0","0.305","0.305"
"cg00082664","6423","0.02","0.02","0.0","0.02","0.02"
"cg00082897","1890","0.0683870967741935","0.0683870967741935","0.0683870967741935","0.0","0.0683870967741935"
"cg00085438","4154","0.0","0.6025","0.6025","0.6025","0.6025"
"cg00087425","3569","0.0","0.1701842557021957","0.1701842557021957","0.1701842557021957","0.1701842557021957"
"cg00091633","11167","nan","nan","0.0","nan","0.0"
"cg00110675","23564","0.035378180641","0.035378180641","0.0","0.035378180641","0.035378180641"
"cg00120932","11074","0.9166032895019568","0.0","0.9166032895019568","0.9166032895019568","0.9166032895019568"
"cg00124375","23564","0.035378180641","0.035378180641","0.0","0.035378180641","0.035378180641"
"cg00134295","2","0.0","0.9135720165548152","0.9135720165548152","0.9135720165548152","0.9135720165548152"
"cg00138766","286133","0.365","0.365","0.0","0.365","0.365"
"cg00141925","2","0.0","0.9135720165548152","0.9135720165548152","0.9135720165548152","0.9135720165548152"
"cg00146565","1293","0.7825930826507164","0.7825930826507164","0.0","0.7825930826507164","0.7825930826507164"
"cg00146928","2","0.0","0.9135720165548152","0.9135720165548152","0.9135720165548152","0.9135720165548152"
"cg00156427","7070","0.6518542790402827","0.6518542790402827","0.0","0.6518542790402827","0.6518542790402827"
"cg00159953","1292","0.1408949229746017","0.1408949229746017","0.0","0.1408949229746017","0.1408949229746017"
"cg00175838","23564","0.035378180641","0.035378180641","0.0","0.035378180641","0.035378180641"
"cg00179070","1277","nan","nan","0.0","nan","0.0"
"cg00189989","7122","0.0","0.8970095005763045","0.8970095005763045","0.8970095005763045","0.8970095005763045"
"cg00192882","4239","0.4159903157253002","0.4159903157253002","0.0","0.4159903157253002","0.4159903157253002"
"cg00226904","5268","0.9380031619724644","0.0","0.9380031619724644","0.9380031619724644","0.9380031619724644"
"cg00239353","9235","0.8633333333333333","0.8633333333333333","0.0","0.8633333333333333","0.8633333333333333"
"cg00244111","4071","0.0","0.78","0.78","0.78","0.78"
"cg00245885","9555","nan","nan","nan","0.0","0.0"
"cg00250805","871","0.0803333333333333","0.0803333333333333","0.0","0.0803333333333333","0.0803333333333333"
"cg00253735","1513","0.9668705339977453","0.9668705339977453","0.0","0.9668705339977453","0.9668705339977453"
"cg00257659","3914","0.6380300959605266","0.0","0.6380300959605266","0.6380300959605266","0.6380300959605266"
"cg00258132","2098","nan","nan","0.0","nan","0.0"
"cg00286125","126393","0.46","0.46","0.0","0.46","0.46"
"cg00292540","25937","0.0","0.566392560112367","0.566392560112367","0.566392560112367","0.566392560112367"
"cg00309965","641700","0.0","0.6027776436466401","0.6027776436466401","0.6027776436466401","0.6027776436466401"
"cg00313401","4016","0.333857788544925","0.333857788544925","0.0","0.333857788544925","0.333857788544925"
"cg00329300","100131187","0.2549300699300699","0.0","0.2549300699300699","0.2549300699300699","0.2549300699300699"
"cg00332212","132299","0.3514285714285714","0.0","0.3514285714285714","0.3514285714285714","0.3514285714285714"
"cg00344411","56999","0.0","0.0492","0.0492","0.0492","0.0492"
"cg00346256","718","0.5835689820236495","0.5835689820236495","0.0","0.5835689820236495","0.5835689820236495"
"cg00350296","57124","0.0599844353695468","0.0599844353695468","0.0","0.0599844353695468","0.0599844353695468"
"cg00354641","11074","0.9166032895019568","0.0","0.9166032895019568","0.9166032895019568","0.9166032895019568"
"cg00360107","558","0.02","0.02","0.0","0.02","0.02"
"cg00375581","1292","0.1408949229746017","0.1408949229746017","0.0","0.1408949229746017","0.1408949229746017"
"cg00401471","10653","0.0887254695","0.0","0.0887254695","0.0887254695","0.0887254695"
"cg00410898","6781","0.0","0.0588970664865293","0.0588970664865293","0.0588970664865293","0.0588970664865293"
"cg00416645","3488","0.5125","0.5125","0.0","0.5125","0.5125"
"cg00438284","7058","0.305","0.305","0.0","0.305","0.305"
"cg00439089","1277","nan","nan","0.0","nan","0.0"
"cg00442430","951","0.9021819420607722","0.9021819420607722","0.9021819420607722","0.0","0.9021819420607722"
"cg00446087","94031","0.0534848484848484","0.0534848484848484","0.0","0.0534848484848484","0.0534848484848484"
"cg00446235","100131187","0.2549300699300699","0.0","0.2549300699300699","0.2549300699300699","0.2549300699300699"
"cg00449067","10203","0.0","0.1","0.1","0.1","0.1"
"cg00455362","4016","0.333857788544925","0.333857788544925","0.0","0.333857788544925","0.333857788544925"
"cg00471190","9235","0.8633333333333333","0.8633333333333333","0.0","0.8633333333333333","0.8633333333333333"
"cg00480115","5349","0.6161755028680032","0.0","0.6161755028680032","0.6161755028680032","0.6161755028680032"
"cg00480698","27111","0.7744151646886404","0.0","0.7744151646886404","0.7744151646886404","0.7744151646886404"
"cg00481600","8483","0.7575","0.7575","0.0","0.7575","0.7575"
"cg00491021","5327","nan","nan","0.0","nan","0.0"
"cg00491350","79742","0.0","0.86","0.86","0.86","0.86"
"cg00492794","1646","0.7866666666666666","0.0","0.7866666666666666","0.7866666666666666","0.7866666666666666"
"cg00500498","7058","0.305","0.305","0.0","0.305","0.305"
"cg00508543","56999","0.0","0.0492","0.0492","0.0492","0.0492"
"cg00514407","5270","nan","nan","0.0","nan","0.0"
"cg00516678","358","0.0","0.557120275326885","0.557120275326885","0.557120275326885","0.557120275326885"
"cg00524288","7378","0.0","nan","nan","nan","0.0"
"cg00527825","4016","0.333857788544925","0.333857788544925","0.0","0.333857788544925","0.333857788544925"
"cg00539174","1522","0.4261904761904762","0.4261904761904762","0.4261904761904762","0.0","0.4261904761904762"
"cg00551957","79742","0.0","0.86","0.86","0.86","0.86"
"cg00554413","4070","0.292661897490563","0.0","0.292661897490563","0.292661897490563","0.292661897490563"
"cg00569747","25890","0.45","0.45","0.0","0.45","0.45"
"cg00573606","1293","0.7825930826507164","0.7825930826507164","0.0","0.7825930826507164","0.7825930826507164"
"cg00575744","3109","0.5608799982664641","0.5608799982664641","0.5608799982664641","0.0","0.5608799982664641"
"cg00576774","9586","0.1863001612225315","0.1863001612225315","0.0","0.1863001612225315","0.1863001612225315"
"cg00581603","6342","nan","nan","0.0","nan","0.0"
"cg00585116","8000","0.6084291502812684","0.0","0.6084291502812684","0.6084291502812684","0.6084291502812684"
"cg00590670","3488","0.5125","0.5125","0.0","0.5125","0.5125"
"cg00608605","23564","0.035378180641","0.035378180641","0.0","0.035378180641","0.035378180641"
"cg00610205","427","nan","nan","nan","0.0","0.0"
"cg00618312","1997","0.0","0.365","0.365","0.365","0.365"
"cg00622010","358","0.0","0.557120275326885","0.557120275326885","0.557120275326885","0.557120275326885"
"cg00625776","3856","0.6143809138531653","0.0","0.6143809138531653","0.6143809138531653","0.6143809138531653"
"cg00630020","27111","0.7744151646886404","0.0","0.7744151646886404","0.7744151646886404","0.7744151646886404"
"cg00638021","1277","nan","nan","0.0","nan","0.0"
"cg00648919","25937","0.0","0.566392560112367","0.566392560112367","0.566392560112367","0.566392560112367"
"cg00651497","2200","0.3399919444800981","0.3399919444800981","0.0","0.3399919444800981","0.3399919444800981"
"cg00661673","23022","0.8766666666666667","0.8766666666666667","0.0","0.8766666666666667","0.8766666666666667"
"cg00667789","4070","0.292661897490563","0.0","0.292661897490563","0.292661897490563","0.292661897490563"
"cg00669856","10252","0.0","0.0288888888888888","0.0288888888888888","0.0288888888888888","0.0288888888888888"
"cg00674428","1292","0.1408949229746017","0.1408949229746017","0.0","0.1408949229746017","0.1408949229746017"
"cg00676660","56999","0.0","0.0492","0.0492","0.0492","0.0492"
"cg00679209","23022","0.8766666666666667","0.8766666666666667","0.0","0.8766666666666667","0.8766666666666667"
"cg00679556","11074","0.9166032895019568","0.0","0.9166032895019568","0.9166032895019568","0.9166032895019568"
"cg00705808","6423","0.02","0.02","0.0","0.02","0.02"
"cg00705908","427","nan","nan","nan","0.0","0.0"
"cg00709652","25890","0.45","0.45","0.0","0.45","0.45"
"cg00715925","3488","0.5125","0.5125","0.0","0.5125","0.5125"
"cg00738178","6342","nan","nan","0.0","nan","0.0"
"cg00748599","10512","0.0446576948739948","0.0446576948739948","0.0","0.0446576948739948","0.0446576948739948"
"cg00777079","5176","0.7419971136334578","0.7419971136334578","0.0","0.7419971136334578","0.7419971136334578"
"cg00779216","1293","0.7825930826507164","0.7825930826507164","0.0","0.7825930826507164","0.7825930826507164"
"cg00787996","11074","0.9166032895019568","0.0","0.9166032895019568","0.9166032895019568","0.9166032895019568"
"cg00799826","11074","0.9166032895019568","0.0","0.9166032895019568","0.9166032895019568","0.9166032895019568"
"cg00811132","7122","0.0","0.8970095005763045","0.8970095005763045","0.8970095005763045","0.8970095005763045"
"cg00844277","5176","0.7419971136334578","0.7419971136334578","0.0","0.7419971136334578","0.7419971136334578"
"cg00862588","3109","0.5608799982664641","0.5608799982664641","0.5608799982664641","0.0","0.5608799982664641"
"cg00863716","1646","0.7866666666666666","0.0","0.7866666666666666","0.7866666666666666","0.7866666666666666"
"cg00882832","10252","0.0","0.0288888888888888","0.0288888888888888","0.0288888888888888","0.0288888888888888"
"cg00897799","2098","nan","nan","0.0","nan","0.0"
"cg00906130","3248","0.0466666666666666","0.0","0.0466666666666666","0.0466666666666666","0.0466666666666666"
"cg00915663","1997","0.0","0.365","0.365","0.365","0.365"
"cg00922025","9555","nan","nan","nan","0.0","0.0"
"cg00923860","94031","0.0534848484848484","0.0534848484848484","0.0","0.0534848484848484","0.0534848484848484"
"cg00929658","1292","0.1408949229746017","0.1408949229746017","0.0","0.1408949229746017","0.1408949229746017"
"cg00941576","23564","0.035378180641","0.035378180641","0.0","0.035378180641","0.035378180641"
"cg00983732","311","0.1615384615384615","0.0","0.1615384615384615","0.1615384615384615","0.1615384615384615"
"cg00989853","3664","0.0434161494238187","0.0","0.0434161494238187","0.0434161494238187","0.0434161494238187"
"cg01026383","3109","0.5608799982664641","0.5608799982664641","0.5608799982664641","0.0","0.5608799982664641"
"cg01035238","7130","0.9149963091757342","0.9149963091757342","0.0","0.9149963091757342","0.9149963091757342"
"cg01054454","8581","0.7891648678979188","0.0","0.7891648678979188","0.7891648678979188","0.7891648678979188"
"cg01059398","8743","0.0","0.1670395195736511","0.1670395195736511","0.1670395195736511","0.1670395195736511"
"cg01066220","23564","0.035378180641","0.035378180641","0.0","0.035378180641","0.035378180641"
"cg01083093","128346","0.9527609333333332","0.9527609333333332","0.9527609333333332","0.0","0.9527609333333332"
"cg01084566","3248","0.0466666666666666","0.0","0.0466666666666666","0.0466666666666666","0.0466666666666666"
"cg01085399","23022","0.8766666666666667","0.8766666666666667","0.0","0.8766666666666667","0.8766666666666667"
"cg01092213","7378","0.0","nan","nan","nan","0.0"
"cg01130127","6320","0.52","0.52","0.0","0.52","0.52"
"cg01133662","9555","nan","nan","nan","0.0","0.0"
"cg01146539","9555","nan","nan","nan","0.0","0.0"
"cg01151642","125","0.675","0.675","0.0","0.675","0.675"
"cg01154527","9590","0.6576617356201644","0.6576617356201644","0.0","0.6576617356201644","0.6576617356201644"
"cg01162108","23022","0.8766666666666667","0.8766666666666667","0.0","0.8766666666666667","0.8766666666666667"
"cg01176823","3488","0.5125","0.5125","0.0","0.5125","0.5125"
"cg01189638","7130","0.9149963091757342","0.9149963091757342","0.0","0.9149963091757342","0.9149963091757342"
"cg01198994","54587","0.1670523252623975","0.1670523252623975","0.0","0.1670523252623975","0.1670523252623975"
"cg01219065","2098","nan","nan","0.0","nan","0.0"
"cg01234133","1277","nan","nan","0.0","nan","0.0"
"cg01247454","1290","nan","nan","0.0","nan","0.0"
"cg01249016","11074","0.9166032895019568","0.0","0.9166032895019568","0.9166032895019568","0.9166032895019568"
"cg01260502","168537","0.0","0.7504331019515231","0.7504331019515231","0.7504331019515231","0.7504331019515231"
"cg01270246","6320","0.52","0.52","0.0","0.52","0.52"
"cg01279453","7058","0.305","0.305","0.0","0.305","0.305"
"cg01290568","3553","0.5816740237503185","0.5816740237503185","0.5816740237503185","0.0","0.5816740237503185"
"cg01298731","6423","0.02","0.02","0.0","0.02","0.02"
"cg01320433","7058","0.305","0.305","0.0","0.305","0.305"
"cg01330831","11074","0.9166032895019568","0.0","0.9166032895019568","0.9166032895019568","0.9166032895019568"
"cg01332259","9586","0.1863001612225315","0.1863001612225315","0.0","0.1863001612225315","0.1863001612225315"
"cg01336855","56999","0.0","0.0492","0.0492","0.0492","0.0492"
"cg01342196","3428","0.0","nan","nan","nan","0.0"
"cg01342981","2995","0.5969758988045732","0.5969758988045732","0.0","0.5969758988045732","0.5969758988045732"
"cg01347957","3959","nan","nan","0.0","nan","0.0"
"cg01349691","23022","0.8766666666666667","0.8766666666666667","0.0","0.8766666666666667","0.8766666666666667"
"cg01349856","4016","0.333857788544925","0.333857788544925","0.0","0.333857788544925","0.333857788544925"
"cg01362515","3872","0.7155623912165989","0.0","0.7155623912165989","0.7155623912165989","0.7155623912165989"
"cg01374870","3109","0.5608799982664641","0.5608799982664641","0.5608799982664641","0.0","0.5608799982664641"
"cg01379480","23564","0.035378180641","0.035378180641","0.0","0.035378180641","0.035378180641"
"cg01405445","126393","0.46","0.46","0.0","0.46","0.46"
"cg01408817","5349","0.6161755028680032","0.0","0.6161755028680032","0.6161755028680032","0.6161755028680032"
"cg01409709","1293","0.7825930826507164","0.7825930826507164","0.0","0.7825930826507164","0.7825930826507164"
"cg01419713","5327","nan","nan","0.0","nan","0.0"
"cg01424460","56999","0.0","0.0492","0.0492","0.0492","0.0492"
"cg01434783","10252","0.0","0.0288888888888888","0.0288888888888888","0.0288888888888888","0.0288888888888888"
"cg01440489","1997","0.0","0.365","0.365","0.365","0.365"
"cg01444712","168537","0.0","0.7504331019515231","0.7504331019515231","0.7504331019515231","0.7504331019515231"
"cg01466741","9555","nan","nan","nan","0.0","0.0"
"cg01493379","1293","0.7825930826507164","0.7825930826507164","0.0","0.7825930826507164","0.7825930826507164"
"cg01493740","2697","0.0","0.41","0.41","0.41","0.41"
"cg01500527","10457","0.91780441177638","0.91780441177638","0.0","0.91780441177638","0.91780441177638"
"cg01510903","3875","0.31625","0.0","0.31625","0.31625","0.31625"
"cg01529092","2200","0.3399919444800981","0.3399919444800981","0.0","0.3399919444800981","0.3399919444800981"
"cg01534145","9586","0.1863001612225315","0.1863001612225315","0.0","0.1863001612225315","0.1863001612225315"
"cg01534253","9586","0.1863001612225315","0.1863001612225315","0.0","0.1863001612225315","0.1863001612225315"
"cg01539849","6688","0.6975","0.6975","0.6975","0.0","0.6975"
"cg01542023","26471","0.7710404384812783","0.7710404384812783","0.0","0.7710404384812783","0.7710404384812783"
"cg01544157","11074","0.9166032895019568","0.0","0.9166032895019568","0.9166032895019568","0.9166032895019568"
"cg01550148","9555","nan","nan","nan","0.0","0.0"
"cg01553935","10103","0.75","0.0","0.75","0.75","0.75"
"cg01554451","11010","0.3037408157638749","0.3037408157638749","0.3037408157638749","0.0","0.3037408157638749"
"cg01555431","9590","0.6576617356201644","0.6576617356201644","0.0","0.6576617356201644","0.6576617356201644"
"cg01556677","10512","0.0446576948739948","0.0446576948739948","0.0","0.0446576948739948","0.0446576948739948"
"cg01557332","7058","0.305","0.305","0.0","0.305","0.305"
"cg01566217","947","0.28","0.28","0.0","0.28","0.28"
"cg01580568","3914","0.6380300959605266","0.0","0.6380300959605266","0.6380300959605266","0.6380300959605266"
"cg01593886","1277","nan","nan","0.0","nan","0.0"
"cg01594685","9235","0.8633333333333333","0.8633333333333333","0.0","0.8633333333333333","0.8633333333333333"
"cg01610636","83483","0.0","0.67","0.67","0.67","0.67"
"cg01623438","1522","0.4261904761904762","0.4261904761904762","0.4261904761904762","0.0","0.4261904761904762"
"cg01635742","56999","0.0","0.0492","0.0492","0.0492","0.0492"
"cg01637519","4154","0.0","0.6025","0.6025","0.6025","0.6025"
"cg01649647","10398","0.1652941176470588","0.1652941176470588","0.0","0.1652941176470588","0.1652941176470588"
"cg01652927","4016","0.333857788544925","0.333857788544925","0.0","0.333857788544925","0.333857788544925"
"cg01662455","83483","0.0","0.67","0.67","0.67","0.67"
"cg01663968","1522","0.4261904761904762","0.4261904761904762","0.4261904761904762","0.0","0.4261904761904762"
"cg01674119","199","0.6779539196068811","0.6779539196068811","0.6779539196068811","0.0","0.6779539196068811"
"cg01703355","4154","0.0","0.6025","0.6025","0.6025","0.6025"
"cg01706943","5118","0.8916061148881612","0.8916061148881612","0.0","0.8916061148881612","0.8916061148881612"
"cg01738406","23584","0.5773450136967414","0.0","0.5773450136967414","0.5773450136967414","0.5773450136967414"
"cg01770232","3569","0.0","0.1701842557021957","0.1701842557021957","0.1701842557021957","0.1701842557021957"
"cg01780493","10512","0.0446576948739948","0.0446576948739948","0.0","0.0446576948739948","0.0446576948739948"
"cg01787494","286133","0.365","0.365","0.0","0.365","0.365"
"cg01802117","6342","nan","nan","0.0","nan","0.0"
"cg01803679","26471","0.7710404384812783","0.7710404384812783","0.0","0.7710404384812783","0.7710404384812783"
"cg01809214","3872","0.7155623912165989","0.0","0.7155623912165989","0.7155623912165989","0.7155623912165989"
"cg01818369","2200","0.3399919444800981","0.3399919444800981","0.0","0.3399919444800981","0.3399919444800981"
"cg01820007","4724","nan","nan","0.0","nan","0.0"
"cg01821018","4070","0.292661897490563","0.0","0.292661897490563","0.292661897490563","0.292661897490563"
"cg01821854","6423","0.02","0.02","0.0","0.02","0.02"
"cg01827098","168537","0.0","0.7504331019515231","0.7504331019515231","0.7504331019515231","0.7504331019515231"
"cg01835489","3856","0.6143809138531653","0.0","0.6143809138531653","0.6143809138531653","0.6143809138531653"
"cg01835506","2995","0.5969758988045732","0.5969758988045732","0.0","0.5969758988045732","0.5969758988045732"
"cg01849198","347735","0.81","0.0","0.81","0.81","0.81"
"cg01874869","9555","nan","nan","nan","0.0","0.0"
"cg01886988","8519","0.0","nan","nan","nan","0.0"
"cg01895992","9590","0.6576617356201644","0.6576617356201644","0.0","0.6576617356201644","0.6576617356201644"
"cg01911846","90843","nan","nan","0.0","nan","0.0"
"cg01914107","23022","0.8766666666666667","0.8766666666666667","0.0","0.8766666666666667","0.8766666666666667"
"cg01915791","126393","0.46","0.46","0.0","0.46","0.46"
"cg01923775","23022","0.8766666666666667","0.8766666666666667","0.0","0.8766666666666667","0.8766666666666667"
"cg01924223","5327","nan","nan","0.0","nan","0.0"
"cg01937819","2022","0.0","0.742288624065208","0.742288624065208","0.742288624065208","0.742288624065208"
"cg01942023","1281","0.6525388179447409","0.6525388179447409","0.0","0.6525388179447409","0.6525388179447409"
"cg01942558","7130","0.9149963091757342","0.9149963091757342","0.0","0.9149963091757342","0.9149963091757342"
"cg01945183","23564","0.035378180641","0.035378180641","0.0","0.035378180641","0.035378180641"
"cg01963633","11074","0.9166032895019568","0.0","0.9166032895019568","0.9166032895019568","0.9166032895019568"
"cg01967073","7378","0.0","nan","nan","nan","0.0"
"cg01971407","8519","0.0","nan","nan","nan","0.0"
"cg01974138","7130","0.9149963091757342","0.9149963091757342","0.0","0.9149963091757342","0.9149963091757342"
"cg01974715","558","0.02","0.02","0.0","0.02","0.02"
"cg01975706","58494","0.0","0.0311111111111111","0.0311111111111111","0.0311111111111111","0.0311111111111111"
"cg01990184","286133","0.365","0.365","0.0","0.365","0.365"
"cg01992590","1277","nan","nan","0.0","nan","0.0"
"cg02006203","7378","0.0","nan","nan","nan","0.0"
"cg02013148","25937","0.0","0.566392560112367","0.566392560112367","0.566392560112367","0.566392560112367"
"cg02039815","5270","nan","nan","0.0","nan","0.0"
"cg02052767","9586","0.1863001612225315","0.1863001612225315","0.0","0.1863001612225315","0.1863001612225315"
"cg02056062","25937","0.0","0.566392560112367","0.566392560112367","0.566392560112367","0.566392560112367"
"cg02061820","4154","0.0","0.6025","0.6025","0.6025","0.6025"
"cg02066184","10551","0.875","0.0","0.875","0.875","0.875"
"cg02076020","1999","0.8700000000000001","0.0","0.8700000000000001","0.8700000000000001","0.8700000000000001"
"cg02077702","3671","0.7702602832803085","0.7702602832803085","0.0","0.7702602832803085","0.7702602832803085"
"cg02082342","23584","0.5773450136967414","0.0","0.5773450136967414","0.5773450136967414","0.5773450136967414"
"cg02124565","9586","0.1863001612225315","0.1863001612225315","0.0","0.1863001612225315","0.1863001612225315"
"cg02128053","286133","0.365","0.365","0.0","0.365","0.365"
"cg02134705","25937","0.0","0.566392560112367","0.566392560112367","0.566392560112367","0.566392560112367"
"cg02136460","10398","0.1652941176470588","0.1652941176470588","0.0","0.1652941176470588","0.1652941176470588"
"cg02141940","8000","0.6084291502812684","0.0","0.6084291502812684","0.6084291502812684","0.6084291502812684"
"cg02147617","7123","0.6228982990648735","0.6228982990648735","0.0","0.6228982990648735","0.6228982990648735"
"cg02186748","1277","nan","nan","0.0","nan","0.0"
"cg02189760","951","0.9021819420607722","0.9021819420607722","0.9021819420607722","0.0","0.9021819420607722"
"cg02199887","23022","0.8766666666666667","0.8766666666666667","0.0","0.8766666666666667","0.8766666666666667"
"cg02203656","10457","0.91780441177638","0.91780441177638","0.0","0.91780441177638","0.91780441177638"
"cg02207219","11074","0.9166032895019568","0.0","0.9166032895019568","0.9166032895019568","0.9166032895019568"
"cg02212280","4312","0.8997864580531301","0.0","0.8997864580531301","0.8997864580531301","0.8997864580531301"
"cg02235659","7123","0.6228982990648735","0.6228982990648735","0.0","0.6228982990648735","0.6228982990648735"
"cg02246130","56999","0.0","0.0492","0.0492","0.0492","0.0492"
"cg02255950","11074","0.9166032895019568","0.0","0.9166032895019568","0.9166032895019568","0.9166032895019568"
"cg02257681","23564","0.035378180641","0.035378180641","0.0","0.035378180641","0.035378180641"
"cg02273041","112464","0.0271428571428571","0.0271428571428571","0.0","0.0271428571428571","0.0271428571428571"
"cg02291020","311","0.1615384615384615","0.0","0.1615384615384615","0.1615384615384615","0.1615384615384615"
"cg02324737","1781","nan","nan","0.0","nan","0.0"
"cg02335517","3569","0.0","0.1701842557021957","0.1701842557021957","0.1701842557021957","0.1701842557021957"
"cg02360263","7803","nan","0.0","nan","nan","0.0"
"cg02372201","558","0.02","0.02","0.0","0.02","0.02"
"cg02372889","126393","0.46","0.46","0.0","0.46","0.46"
"cg02393380","27111","0.7744151646886404","0.0","0.7744151646886404","0.7744151646886404","0.7744151646886404"
"cg02396676","7123","0.6228982990648735","0.6228982990648735","0.0","0.6228982990648735","0.6228982990648735"
"cg02399030","7378","0.0","nan","nan","nan","0.0"
"cg02416424","3880","0.2021428571428571","0.0","0.2021428571428571","0.2021428571428571","0.2021428571428571"
"cg02417264","10268","0.0","0.024","0.024","0.024","0.024"
"cg02420724","1290","nan","nan","0.0","nan","0.0"
"cg02442496","951","0.9021819420607722","0.9021819420607722","0.9021819420607722","0.0","0.9021819420607722"
"cg02455397","7070","0.6518542790402827","0.6518542790402827","0.0","0.6518542790402827","0.6518542790402827"
"cg02485200","58494","0.0","0.0311111111111111","0.0311111111111111","0.0311111111111111","0.0311111111111111"
"cg02493205","25890","0.45","0.45","0.0","0.45","0.45"
"cg02506717","9586","0.1863001612225315","0.1863001612225315","0.0","0.1863001612225315","0.1863001612225315"
"cg02513026","23022","0.8766666666666667","0.8766666666666667","0.0","0.8766666666666667","0.8766666666666667"
"cg02530437","83871","0.8712500000000001","0.8712500000000001","0.0","0.8712500000000001","0.8712500000000001"
"cg02531033","7058","0.305","0.305","0.0","0.305","0.305"
"cg02561425","1293","0.7825930826507164","0.7825930826507164","0.0","0.7825930826507164","0.7825930826507164"
"cg02564124","79742","0.0","0.86","0.86","0.86","0.86"
"cg02577436","94031","0.0534848484848484","0.0534848484848484","0.0","0.0534848484848484","0.0534848484848484"
"cg02580095","2697","0.0","0.41","0.41","0.41","0.41"
"cg02583465","11074","0.9166032895019568","0.0","0.9166032895019568","0.9166032895019568","0.9166032895019568"
"cg02586212","5996","0.880980164152612","0.880980164152612","0.880980164152612","0.0","0.880980164152612"
"cg02595834","23022","0.8766666666666667","0.8766666666666667","0.0","0.8766666666666667","0.8766666666666667"
"cg02596281","3553","0.5816740237503185","0.5816740237503185","0.5816740237503185","0.0","0.5816740237503185"
"cg02611282","9586","0.1863001612225315","0.1863001612225315","0.0","0.1863001612225315","0.1863001612225315"
"cg02614129","9555","nan","nan","nan","0.0","0.0"
"cg02616368","8000","0.6084291502812684","0.0","0.6084291502812684","0.6084291502812684","0.6084291502812684"
"cg02623471","286133","0.365","0.365","0.0","0.365","0.365"
"cg02632314","1997","0.0","0.365","0.365","0.365","0.365"
"cg02632800","7070","0.6518542790402827","0.6518542790402827","0.0","0.6518542790402827","0.6518542790402827"
"cg02633817","5349","0.6161755028680032","0.0","0.6161755028680032","0.6161755028680032","0.6161755028680032"
"cg02638691","50486","0.0248809523809523","0.0248809523809523","0.0248809523809523","0.0","0.0248809523809523"
"cg02647874","6688","0.6975","0.6975","0.6975","0.0","0.6975"
"cg02652768","23564","0.035378180641","0.035378180641","0.0","0.035378180641","0.035378180641"
"cg02679028","8581","0.7891648678979188","0.0","0.7891648678979188","0.7891648678979188","0.7891648678979188"
"cg02703728","7378","0.0","nan","nan","nan","0.0"
"cg02704949","5349","0.6161755028680032","0.0","0.6161755028680032","0.6161755028680032","0.6161755028680032"
"cg02713068","7803","nan","0.0","nan","nan","0.0"
"cg02740435","1292","0.1408949229746017","0.1408949229746017","0.0","0.1408949229746017","0.1408949229746017"
"cg02744249","1522","0.4261904761904762","0.4261904761904762","0.4261904761904762","0.0","0.4261904761904762"
"cg02759531","9586","0.1863001612225315","0.1863001612225315","0.0","0.1863001612225315","0.1863001612225315"
"cg02759846","6320","0.52","0.52","0.0","0.52","0.52"
"cg02785555","7058","0.305","0.305","0.0","0.305","0.305"
"cg02792877","10268","0.0","0.024","0.024","0.024","0.024"
"cg02797569","5118","0.8916061148881612","0.8916061148881612","0.0","0.8916061148881612","0.8916061148881612"
"cg02809940","11074","0.9166032895019568","0.0","0.9166032895019568","0.9166032895019568","0.9166032895019568"
"cg02810826","56999","0.0","0.0492","0.0492","0.0492","0.0492"
"cg02812767","4016","0.333857788544925","0.333857788544925","0.0","0.333857788544925","0.333857788544925"
"cg02822257","3248","0.0466666666666666","0.0","0.0466666666666666","0.0466666666666666","0.0466666666666666"
"cg02827061","1277","nan","nan","0.0","nan","0.0"
"cg02841523","25937","0.0","0.566392560112367","0.566392560112367","0.566392560112367","0.566392560112367"
"cg02846219","4016","0.333857788544925","0.333857788544925","0.0","0.333857788544925","0.333857788544925"
"cg02849583","11167","nan","nan","0.0","nan","0.0"
"cg02852407","947","0.28","0.28","0.0","0.28","0.28"
"cg02857726","4071","0.0","0.78","0.78","0.78","0.78"
"cg02860199","5320","0.93","0.93","0.0","0.93","0.93"
"cg02891686","6649","0.3639285714285714","0.3639285714285714","0.0","0.3639285714285714","0.3639285714285714"
"cg02893823","3880","0.2021428571428571","0.0","0.2021428571428571","0.2021428571428571","0.2021428571428571"
"cg02896515","10103","0.75","0.0","0.75","0.75","0.75"
"cg02907402","11074","0.9166032895019568","0.0","0.9166032895019568","0.9166032895019568","0.9166032895019568"
"cg02918648","8581","0.7891648678979188","0.0","0.7891648678979188","0.7891648678979188","0.7891648678979188"
"cg02926397","8581","0.7891648678979188","0.0","0.7891648678979188","0.7891648678979188","0.7891648678979188"
"cg02955631","7070","0.6518542790402827","0.6518542790402827","0.0","0.6518542790402827","0.6518542790402827"
"cg02966200","5270","nan","nan","0.0","nan","0.0"
"cg02995061","11074","0.9166032895019568","0.0","0.9166032895019568","0.9166032895019568","0.9166032895019568"
"cg02997295","7058","0.305","0.305","0.0","0.305","0.305"
"cg03004102","947","0.28","0.28","0.0","0.28","0.28"
"cg03015114","718","0.5835689820236495","0.5835689820236495","0.0","0.5835689820236495","0.5835689820236495"
"cg03028786","5270","nan","nan","0.0","nan","0.0"
"cg03031868","2098","nan","nan","0.0","nan","0.0"
"cg03034070","1290","nan","nan","0.0","nan","0.0"
"cg03038262","8519","0.0","nan","nan","nan","0.0"
"cg03053980","1277","nan","nan","0.0","nan","0.0"
"cg03055671","8743","0.0","0.1670395195736511","0.1670395195736511","0.1670395195736511","0.1670395195736511"
"cg03063309","6649","0.3639285714285714","0.3639285714285714","0.0","0.3639285714285714","0.3639285714285714"
"cg03091070","7058","0.305","0.305","0.0","0.305","0.305"
"cg03106245","6688","0.6975","0.6975","0.6975","0.0","0.6975"
"cg03113800","10457","0.91780441177638","0.91780441177638","0.0","0.91780441177638","0.91780441177638"
"cg03181829","2697","0.0","0.41","0.41","0.41","0.41"
"cg03182374","7803","nan","0.0","nan","nan","0.0"
"cg03189871","718","0.5835689820236495","0.5835689820236495","0.0","0.5835689820236495","0.5835689820236495"
"cg03193847","23022","0.8766666666666667","0.8766666666666667","0.0","0.8766666666666667","0.8766666666666667"
"cg03194226","7123","0.6228982990648735","0.6228982990648735","0.0","0.6228982990648735","0.6228982990648735"
"cg03202804","6423","0.02","0.02","0.0","0.02","0.02"
"cg03206569","286133","0.365","0.365","0.0","0.365","0.365"
"cg03211132","6401","0.0","0.8733333333333333","0.8733333333333333","0.8733333333333333","0.8733333333333333"
"cg03214640","1292","0.1408949229746017","0.1408949229746017","0.0","0.1408949229746017","0.1408949229746017"
"cg03216867","94031","0.0534848484848484","0.0534848484848484","0.0","0.0534848484848484","0.0534848484848484"
"cg03219838","9555","nan","nan","nan","0.0","0.0"
"cg03222971","3488","0.5125","0.5125","0.0","0.5125","0.5125"
"cg03226887","9586","0.1863001612225315","0.1863001612225315","0.0","0.1863001612225315","0.1863001612225315"
"cg03247049","558","0.02","0.02","0.0","0.02","0.02"
"cg03250393","558","0.02","0.02","0.0","0.02","0.02"
"cg03254916","1999","0.8700000000000001","0.0","0.8700000000000001","0.8700000000000001","0.8700000000000001"
"cg03258927","56944","0.4370904780403188","0.4370904780403188","0.0","0.4370904780403188","0.4370904780403188"
"cg03267527","90843","nan","nan","0.0","nan","0.0"
"cg03276022","6876","0.4963636363636363","0.4963636363636363","0.0","0.4963636363636363","0.4963636363636363"
"cg03284870","10268","0.0","0.024","0.024","0.024","0.024"
"cg03285468","5268","0.9380031619724644","0.0","0.9380031619724644","0.9380031619724644","0.9380031619724644"
"cg03301240","6688","0.6975","0.6975","0.6975","0.0","0.6975"
"cg03310518","358","0.0","0.557120275326885","0.557120275326885","0.557120275326885","0.557120275326885"
"cg03320844","2697","0.0","0.41","0.41","0.41","0.41"
"cg03322974","5349","0.6161755028680032","0.0","0.6161755028680032","0.6161755028680032","0.6161755028680032"
"cg03327403","3856","0.6143809138531653","0.0","0.6143809138531653","0.6143809138531653","0.6143809138531653"
"cg03339321","11074","0.9166032895019568","0.0","0.9166032895019568","0.9166032895019568","0.9166032895019568"
"cg03341334","54935","0.0","nan","nan","nan","0.0"
"cg03356490","5349","0.6161755028680032","0.0","0.6161755028680032","0.6161755028680032","0.6161755028680032"
"cg03359508","311","0.1615384615384615","0.0","0.1615384615384615","0.1615384615384615","0.1615384615384615"
"cg03363633","7305","0.81","0.81","0.81","0.0","0.81"
"cg03372974","1293","0.7825930826507164","0.7825930826507164","0.0","0.7825930826507164","0.7825930826507164"
"cg03382304","58494","0.0","0.0311111111111111","0.0311111111111111","0.0311111111111111","0.0311111111111111"
"cg03384959","1293","0.7825930826507164","0.7825930826507164","0.0","0.7825930826507164","0.7825930826507164"
"cg03386509","286133","0.365","0.365","0.0","0.365","0.365"
"cg03403996","11074","0.9166032895019568","0.0","0.9166032895019568","0.9166032895019568","0.9166032895019568"
"cg03406844","7130","0.9149963091757342","0.9149963091757342","0.0","0.9149963091757342","0.9149963091757342"
"cg03421300","2810","0.7221118247875102","0.0","0.7221118247875102","0.7221118247875102","0.7221118247875102"
"cg03424342","11167","nan","nan","0.0","nan","0.0"
"cg03425695","25937","0.0","0.566392560112367","0.566392560112367","0.566392560112367","0.566392560112367"
"cg03427905","56999","0.0","0.0492","0.0492","0.0492","0.0492"
"cg03443427","25890","0.45","0.45","0.0","0.45","0.45"
"cg03446012","9590","0.6576617356201644","0.6576617356201644","0.0","0.6576617356201644","0.6576617356201644"
"cg03447547","3429","0.0","0.5792166453647069","0.5792166453647069","0.5792166453647069","0.5792166453647069"
"cg03447908","7123","0.6228982990648735","0.6228982990648735","0.0","0.6228982990648735","0.6228982990648735"
"cg03451557","1522","0.4261904761904762","0.4261904761904762","0.4261904761904762","0.0","0.4261904761904762"
"cg03452174","83871","0.8712500000000001","0.8712500000000001","0.0","0.8712500000000001","0.8712500000000001"
"cg03495053","7058","0.305","0.305","0.0","0.305","0.305"
"cg03508597","79742","0.0","0.86","0.86","0.86","0.86"
"cg03528519","6342","nan","nan","0.0","nan","0.0"
"cg03531810","8581","0.7891648678979188","0.0","0.7891648678979188","0.7891648678979188","0.7891648678979188"
"cg03535284","7058","0.305","0.305","0.0","0.305","0.305"
"cg03535663","2200","0.3399919444800981","0.3399919444800981","0.0","0.3399919444800981","0.3399919444800981"
"cg03539736","10512","0.0446576948739948","0.0446576948739948","0.0","0.0446576948739948","0.0446576948739948"
"cg03543314","10252","0.0","0.0288888888888888","0.0288888888888888","0.0288888888888888","0.0288888888888888"
"cg03550233","3880","0.2021428571428571","0.0","0.2021428571428571","0.2021428571428571","0.2021428571428571"
"cg03551607","2098","nan","nan","0.0","nan","0.0"
"cg03565868","6688","0.6975","0.6975","0.6975","0.0","0.6975"
"cg03577139","6649","0.3639285714285714","0.3639285714285714","0.0","0.3639285714285714","0.3639285714285714"
"cg03579872","6342","nan","nan","0.0","nan","0.0"
"cg03581271","23022","0.8766666666666667","0.8766666666666667","0.0","0.8766666666666667","0.8766666666666667"
"cg03583857","947","0.28","0.28","0.0","0.28","0.28"
"cg03600605","3856","0.6143809138531653","0.0","0.6143809138531653","0.6143809138531653","0.6143809138531653"
"cg03608520","23564","0.035378180641","0.035378180641","0.0","0.035378180641","0.035378180641"
"cg03609148","9590","0.6576617356201644","0.6576617356201644","0.0","0.6576617356201644","0.6576617356201644"
"cg03609269","6342","nan","nan","0.0","nan","0.0"
"cg03628053","2200","0.3399919444800981","0.3399919444800981","0.0","0.3399919444800981","0.3399919444800981"
"cg03651715","9590","0.6576617356201644","0.6576617356201644","0.0","0.6576617356201644","0.6576617356201644"
"cg03670115","1781","nan","nan","0.0","nan","0.0"
"cg03682712","4016","0.333857788544925","0.333857788544925","0.0","0.333857788544925","0.333857788544925"
"cg03694415","1292","0.1408949229746017","0.1408949229746017","0.0","0.1408949229746017","0.1408949229746017"
"cg03711944","6688","0.6975","0.6975","0.6975","0.0","0.6975"
"cg03729521","1513","0.9668705339977453","0.9668705339977453","0.0","0.9668705339977453","0.9668705339977453"
"cg03730709","311","0.1615384615384615","0.0","0.1615384615384615","0.1615384615384615","0.1615384615384615"
"cg03743861","1277","nan","nan","0.0","nan","0.0"
"cg03772063","3248","0.0466666666666666","0.0","0.0466666666666666","0.0466666666666666","0.0466666666666666"
"cg03778780","3671","0.7702602832803085","0.7702602832803085","0.0","0.7702602832803085","0.7702602832803085"
"cg03799835","1277","nan","nan","0.0","nan","0.0"
"cg03800150","168537","0.0","0.7504331019515231","0.7504331019515231","0.7504331019515231","0.7504331019515231"
"cg03801183","168537","0.0","0.7504331019515231","0.7504331019515231","0.7504331019515231","0.7504331019515231"
"cg03822639","23022","0.8766666666666667","0.8766666666666667","0.0","0.8766666666666667","0.8766666666666667"
"cg03823904","10512","0.0446576948739948","0.0446576948739948","0.0","0.0446576948739948","0.0446576948739948"
"cg03845435","128346","0.9527609333333332","0.9527609333333332","0.9527609333333332","0.0","0.9527609333333332"
"cg03866003","7378","0.0","nan","nan","nan","0.0"
"cg03870777","3875","0.31625","0.0","0.31625","0.31625","0.31625"
"cg03871354","286133","0.365","0.365","0.0","0.365","0.365"
"cg03883491","10103","0.75","0.0","0.75","0.75","0.75"
"cg03900314","23564","0.035378180641","0.035378180641","0.0","0.035378180641","0.035378180641"
"cg03960326","5327","nan","nan","0.0","nan","0.0"
"cg03967293","3914","0.6380300959605266","0.0","0.6380300959605266","0.6380300959605266","0.6380300959605266"
"cg03977657","3914","0.6380300959605266","0.0","0.6380300959605266","0.6380300959605266","0.6380300959605266"
"cg03987847","10103","0.75","0.0","0.75","0.75","0.75"
"cg03990033","947","0.28","0.28","0.0","0.28","0.28"
"cg03996151","2040","0.0","nan","nan","nan","0.0"
"cg04012857","11074","0.9166032895019568","0.0","0.9166032895019568","0.9166032895019568","0.9166032895019568"
"cg04016431","11074","0.9166032895019568","0.0","0.9166032895019568","0.9166032895019568","0.9166032895019568"
"cg04024904","9586","0.1863001612225315","0.1863001612225315","0.0","0.1863001612225315","0.1863001612225315"
"cg04029366","79742","0.0","0.86","0.86","0.86","0.86"
"cg04051571","286133","0.365","0.365","0.0","0.365","0.365"
"cg04055615","23564","0.035378180641","0.035378180641","0.0","0.035378180641","0.035378180641"
"cg04073296","11074","0.9166032895019568","0.0","0.9166032895019568","0.9166032895019568","0.9166032895019568"
"cg04074004","23564","0.035378180641","0.035378180641","0.0","0.035378180641","0.035378180641"
"cg04089739","718","0.5835689820236495","0.5835689820236495","0.0","0.5835689820236495","0.5835689820236495"
"cg04118119","2098","nan","nan","0.0","nan","0.0"
"cg04125371","2200","0.3399919444800981","0.3399919444800981","0.0","0.3399919444800981","0.3399919444800981"
"cg04125586","1999","0.8700000000000001","0.0","0.8700000000000001","0.8700000000000001","0.8700000000000001"
"cg04151220","11074","0.9166032895019568","0.0","0.9166032895019568","0.9166032895019568","0.9166032895019568"
"cg04156077","25937","0.0","0.566392560112367","0.566392560112367","0.566392560112367","0.566392560112367"
"cg04161526","23564","0.035378180641","0.035378180641","0.0","0.035378180641","0.035378180641"
"cg04176169","11074","0.9166032895019568","0.0","0.9166032895019568","0.9166032895019568","0.9166032895019568"
"cg04197452","947","0.28","0.28","0.0","0.28","0.28"
"cg04201367","2878","0.088","0.088","0.0","0.088","0.088"
"cg04214878","286133","0.365","0.365","0.0","0.365","0.365"
"cg04215287","25937","0.0","0.566392560112367","0.566392560112367","0.566392560112367","0.566392560112367"
"cg04221606","9590","0.6576617356201644","0.6576617356201644","0.0","0.6576617356201644","0.6576617356201644"
"cg04227789","5066","nan","nan","0.0","nan","0.0"
"cg04232935","4724","nan","nan","0.0","nan","0.0"
"cg04256466","23022","0.8766666666666667","0.8766666666666667","0.0","0.8766666666666667","0.8766666666666667"
"cg04277327","2098","nan","nan","0.0","nan","0.0"
"cg04292718","947","0.28","0.28","0.0","0.28","0.28"
"cg04310824","6342","nan","nan","0.0","nan","0.0"
"cg04329351","311","0.1615384615384615","0.0","0.1615384615384615","0.1615384615384615","0.1615384615384615"
"cg04333575","112464","0.0271428571428571","0.0271428571428571","0.0","0.0271428571428571","0.0271428571428571"
"cg04352962","3664","0.0434161494238187","0.0","0.0434161494238187","0.0434161494238187","0.0434161494238187"
"cg04366011","56999","0.0","0.0492","0.0492","0.0492","0.0492"
"cg04372674","358","0.0","0.557120275326885","0.557120275326885","0.557120275326885","0.557120275326885"
"cg04421973","56999","0.0","0.0492","0.0492","0.0492","0.0492"
"cg04422003","9586","0.1863001612225315","0.1863001612225315","0.0","0.1863001612225315","0.1863001612225315"
"cg04428163","27111","0.7744151646886404","0.0","0.7744151646886404","0.7744151646886404","0.7744151646886404"
"cg04428701","219348","0.2510137134646975","0.2510137134646975","0.0","0.2510137134646975","0.2510137134646975"
"cg04435632","4016","0.333857788544925","0.333857788544925","0.0","0.333857788544925","0.333857788544925"
"cg04436755","4016","0.333857788544925","0.333857788544925","0.0","0.333857788544925","0.333857788544925"
"cg04451570","219348","0.2510137134646975","0.2510137134646975","0.0","0.2510137134646975","0.2510137134646975"
"cg04453971","2995","0.5969758988045732","0.5969758988045732","0.0","0.5969758988045732","0.5969758988045732"
"cg04463638","7122","0.0","0.8970095005763045","0.8970095005763045","0.8970095005763045","0.8970095005763045"
"cg04476508","7058","0.305","0.305","0.0","0.305","0.305"
"cg04487720","3872","0.7155623912165989","0.0","0.7155623912165989","0.7155623912165989","0.7155623912165989"
"cg04492847","26471","0.7710404384812783","0.7710404384812783","0.0","0.7710404384812783","0.7710404384812783"
"cg04515524","83483","0.0","0.67","0.67","0.67","0.67"
"cg04516896","9590","0.6576617356201644","0.6576617356201644","0.0","0.6576617356201644","0.6576617356201644"
"cg04547181","718","0.5835689820236495","0.5835689820236495","0.0","0.5835689820236495","0.5835689820236495"
"cg04551925","358","0.0","0.557120275326885","0.557120275326885","0.557120275326885","0.557120275326885"
"cg04555941","3248","0.0466666666666666","0.0","0.0466666666666666","0.0466666666666666","0.0466666666666666"
"cg04563438","5327","nan","nan","0.0","nan","0.0"
"cg04565547","427","nan","nan","nan","0.0","0.0"
"cg04582010","8519","0.0","nan","nan","nan","0.0"
"cg04590841","7058","0.305","0.305","0.0","0.305","0.305"
"cg04601383","718","0.5835689820236495","0.5835689820236495","0.0","0.5835689820236495","0.5835689820236495"
"cg04638486","4724","nan","nan","0.0","nan","0.0"
"cg04645049","10550","nan","nan","0.0","nan","0.0"
"cg04645534","6781","0.0","0.0588970664865293","0.0588970664865293","0.0588970664865293","0.0588970664865293"
"cg04651137","10457","0.91780441177638","0.91780441177638","0.0","0.91780441177638","0.91780441177638"
"cg04652961","2697","0.0","0.41","0.41","0.41","0.41"
"cg04665604","23564","0.035378180641","0.035378180641","0.0","0.035378180641","0.035378180641"
"cg04669830","27111","0.7744151646886404","0.0","0.7744151646886404","0.7744151646886404","0.7744151646886404"
"cg04683516","1646","0.7866666666666666","0.0","0.7866666666666666","0.7866666666666666","0.7866666666666666"
"cg04692506","6688","0.6975","0.6975","0.6975","0.0","0.6975"
"cg04702940","57124","0.0599844353695468","0.0599844353695468","0.0","0.0599844353695468","0.0599844353695468"
"cg04709736","83483","0.0","0.67","0.67","0.67","0.67"
"cg04743106","23022","0.8766666666666667","0.8766666666666667","0.0","0.8766666666666667","0.8766666666666667"
"cg04774559","311","0.1615384615384615","0.0","0.1615384615384615","0.1615384615384615","0.1615384615384615"
"cg04783710","3488","0.5125","0.5125","0.0","0.5125","0.5125"
"cg04785213","4069","0.8200652981348844","0.8200652981348844","0.8200652981348844","0.0","0.8200652981348844"
"cg04792216","11074","0.9166032895019568","0.0","0.9166032895019568","0.9166032895019568","0.9166032895019568"
"cg04799958","3875","0.31625","0.0","0.31625","0.31625","0.31625"
"cg04808130","2200","0.3399919444800981","0.3399919444800981","0.0","0.3399919444800981","0.3399919444800981"
"cg04811942","8581","0.7891648678979188","0.0","0.7891648678979188","0.7891648678979188","0.7891648678979188"
"cg04812347","199","0.6779539196068811","0.6779539196068811","0.6779539196068811","0.0","0.6779539196068811"
"cg04813911","8483","0.7575","0.7575","0.0","0.7575","0.7575"
"cg04831795","10512","0.0446576948739948","0.0446576948739948","0.0","0.0446576948739948","0.0446576948739948"
"cg04841121","1292","0.1408949229746017","0.1408949229746017","0.0","0.1408949229746017","0.1408949229746017"
"cg04850286","219348","0.2510137134646975","0.2510137134646975","0.0","0.2510137134646975","0.2510137134646975"
"cg04863005","4070","0.292661897490563","0.0","0.292661897490563","0.292661897490563","0.292661897490563"
"cg04865319","23022","0.8766666666666667","0.8766666666666667","0.0","0.8766666666666667","0.8766666666666667"
"cg04865442","11167","nan","nan","0.0","nan","0.0"
"cg04869122","1293","0.7825930826507164","0.7825930826507164","0.0","0.7825930826507164","0.7825930826507164"
"cg04873061","3914","0.6380300959605266","0.0","0.6380300959605266","0.6380300959605266","0.6380300959605266"
"cg04903089","3109","0.5608799982664641","0.5608799982664641","0.5608799982664641","0.0","0.5608799982664641"
"cg04912297","427","nan","nan","nan","0.0","0.0"
"cg04917472","1522","0.4261904761904762","0.4261904761904762","0.4261904761904762","0.0","0.4261904761904762"
"cg04922029","2532","0.0","0.5825","0.5825","0.5825","0.5825"
"cg04925129","25937","0.0","0.566392560112367","0.566392560112367","0.566392560112367","0.566392560112367"
"cg04926556","7378","0.0","nan","nan","nan","0.0"
"cg04927360","54935","0.0","nan","nan","nan","0.0"
"cg04927537","3959","nan","nan","0.0","nan","0.0"
"cg04958227","9590","0.6576617356201644","0.6576617356201644","0.0","0.6576617356201644","0.6576617356201644"
"cg04959480","6423","0.02","0.02","0.0","0.02","0.02"
"cg04961553","132299","0.3514285714285714","0.0","0.3514285714285714","0.3514285714285714","0.3514285714285714"
"cg04964944","58494","0.0","0.0311111111111111","0.0311111111111111","0.0311111111111111","0.0311111111111111"
"cg04965141","6423","0.02","0.02","0.0","0.02","0.02"
"cg04967039","94031","0.0534848484848484","0.0534848484848484","0.0","0.0534848484848484","0.0534848484848484"
"cg04975920","10103","0.75","0.0","0.75","0.75","0.75"
"cg04976484","7070","0.6518542790402827","0.6518542790402827","0.0","0.6518542790402827","0.6518542790402827"
"cg04996251","4724","nan","nan","0.0","nan","0.0"
"cg04999824","3959","nan","nan","0.0","nan","0.0"
"cg05007126","27111","0.7744151646886404","0.0","0.7744151646886404","0.7744151646886404","0.7744151646886404"
"cg05034446","3664","0.0434161494238187","0.0","0.0434161494238187","0.0434161494238187","0.0434161494238187"
"cg05050042","6423","0.02","0.02","0.0","0.02","0.02"
"cg05050341","2022","0.0","0.742288624065208","0.742288624065208","0.742288624065208","0.742288624065208"
"cg05065507","4070","0.292661897490563","0.0","0.292661897490563","0.292661897490563","0.292661897490563"
"cg05077122","286133","0.365","0.365","0.0","0.365","0.365"
"cg05083033","9586","0.1863001612225315","0.1863001612225315","0.0","0.1863001612225315","0.1863001612225315"
"cg05128498","1292","0.1408949229746017","0.1408949229746017","0.0","0.1408949229746017","0.1408949229746017"
"cg05164933","6423","0.02","0.02","0.0","0.02","0.02"
"cg05171336","347735","0.81","0.0","0.81","0.81","0.81"
"cg05183369","11074","0.9166032895019568","0.0","0.9166032895019568","0.9166032895019568","0.9166032895019568"
"cg05195566","3671","0.7702602832803085","0.7702602832803085","0.0","0.7702602832803085","0.7702602832803085"
"cg05197032","4724","nan","nan","0.0","nan","0.0"
"cg05207620","23584","0.5773450136967414","0.0","0.5773450136967414","0.5773450136967414","0.5773450136967414"
"cg05209483","968","0.44","0.44","0.44","0.0","0.44"
"cg05212138","22918","0.0","0.6015441923324496","0.6015441923324496","0.6015441923324496","0.6015441923324496"
"cg05223158","1293","0.7825930826507164","0.7825930826507164","0.0","0.7825930826507164","0.7825930826507164"
"cg05232215","6342","nan","nan","0.0","nan","0.0"
"cg05241277","6423","0.02","0.02","0.0","0.02","0.02"
"cg05246081","2995","0.5969758988045732","0.5969758988045732","0.0","0.5969758988045732","0.5969758988045732"
"cg05259872","23022","0.8766666666666667","0.8766666666666667","0.0","0.8766666666666667","0.8766666666666667"
"cg05265849","3569","0.0","0.1701842557021957","0.1701842557021957","0.1701842557021957","0.1701842557021957"
"cg05270696","968","0.44","0.44","0.44","0.0","0.44"
"cg05270752","286133","0.365","0.365","0.0","0.365","0.365"
"cg05277054","9586","0.1863001612225315","0.1863001612225315","0.0","0.1863001612225315","0.1863001612225315"
"cg05284873","718","0.5835689820236495","0.5835689820236495","0.0","0.5835689820236495","0.5835689820236495"
"cg05302100","1277","nan","nan","0.0","nan","0.0"
"cg05303901","9586","0.1863001612225315","0.1863001612225315","0.0","0.1863001612225315","0.1863001612225315"
"cg05329888","1890","0.0683870967741935","0.0683870967741935","0.0683870967741935","0.0","0.0683870967741935"
"cg05346878","4070","0.292661897490563","0.0","0.292661897490563","0.292661897490563","0.292661897490563"
"cg05368740","126393","0.46","0.46","0.0","0.46","0.46"
"cg05371506","10103","0.75","0.0","0.75","0.75","0.75"
"cg05393058","30851","nan","nan","0.0","nan","0.0"
"cg05394244","7803","nan","0.0","nan","nan","0.0"
"cg05396212","3880","0.2021428571428571","0.0","0.2021428571428571","0.2021428571428571","0.2021428571428571"
"cg05432003","8519","0.0","nan","nan","nan","0.0"
"cg05460329","7122","0.0","0.8970095005763045","0.8970095005763045","0.8970095005763045","0.8970095005763045"
"cg05472934","3569","0.0","0.1701842557021957","0.1701842557021957","0.1701842557021957","0.1701842557021957"
"cg05477457","23022","0.8766666666666667","0.8766666666666667","0.0","0.8766666666666667","0.8766666666666667"
"cg05478809","57124","0.0599844353695468","0.0599844353695468","0.0","0.0599844353695468","0.0599844353695468"
"cg05485437","3488","0.5125","0.5125","0.0","0.5125","0.5125"
"cg05496363","57124","0.0599844353695468","0.0599844353695468","0.0","0.0599844353695468","0.0599844353695468"
"cg05498726","7122","0.0","0.8970095005763045","0.8970095005763045","0.8970095005763045","0.8970095005763045"
"cg05501868","56999","0.0","0.0492","0.0492","0.0492","0.0492"
"cg05504541","58494","0.0","0.0311111111111111","0.0311111111111111","0.0311111111111111","0.0311111111111111"
"cg05525374","3109","0.5608799982664641","0.5608799982664641","0.5608799982664641","0.0","0.5608799982664641"
"cg05526757","7058","0.305","0.305","0.0","0.305","0.305"
"cg05527430","3248","0.0466666666666666","0.0","0.0466666666666666","0.0466666666666666","0.0466666666666666"
"cg05554396","90843","nan","nan","0.0","nan","0.0"
"cg05562203","3671","0.7702602832803085","0.7702602832803085","0.0","0.7702602832803085","0.7702602832803085"
"cg05570735","10252","0.0","0.0288888888888888","0.0288888888888888","0.0288888888888888","0.0288888888888888"
"cg05586457","2995","0.5969758988045732","0.5969758988045732","0.0","0.5969758988045732","0.5969758988045732"
"cg05590982","26471","0.7710404384812783","0.7710404384812783","0.0","0.7710404384812783","0.7710404384812783"
"cg05592114","715","0.0325","0.0325","0.0","0.0325","0.0325"
"cg05597504","168537","0.0","0.7504331019515231","0.7504331019515231","0.7504331019515231","0.7504331019515231"
"cg05607320","3875","0.31625","0.0","0.31625","0.31625","0.31625"
"cg05613364","83483","0.0","0.67","0.67","0.67","0.67"
"cg05628549","112464","0.0271428571428571","0.0271428571428571","0.0","0.0271428571428571","0.0271428571428571"
"cg05629606","1292","0.1408949229746017","0.1408949229746017","0.0","0.1408949229746017","0.1408949229746017"
"cg05641529","125","0.675","0.675","0.0","0.675","0.675"
"cg05653018","1999","0.8700000000000001","0.0","0.8700000000000001","0.8700000000000001","0.8700000000000001"
"cg05659526","2207","0.895074651733345","0.895074651733345","0.895074651733345","0.0","0.895074651733345"
"cg05668317","56999","0.0","0.0492","0.0492","0.0492","0.0492"
"cg05668853","83871","0.8712500000000001","0.8712500000000001","0.0","0.8712500000000001","0.8712500000000001"
"cg05688616","1293","0.7825930826507164","0.7825930826507164","0.0","0.7825930826507164","0.7825930826507164"
"cg05706652","6649","0.3639285714285714","0.3639285714285714","0.0","0.3639285714285714","0.3639285714285714"
"cg05763609","25890","0.45","0.45","0.0","0.45","0.45"
"cg05774801","6423","0.02","0.02","0.0","0.02","0.02"
"cg05776704","25937","0.0","0.566392560112367","0.566392560112367","0.566392560112367","0.566392560112367"
"cg05786609","7058","0.305","0.305","0.0","0.305","0.305"
"cg05800321","8581","0.7891648678979188","0.0","0.7891648678979188","0.7891648678979188","0.7891648678979188"
"cg05812804","3914","0.6380300959605266","0.0","0.6380300959605266","0.6380300959605266","0.6380300959605266"
"cg05820491","10398","0.1652941176470588","0.1652941176470588","0.0","0.1652941176470588","0.1652941176470588"
"cg05826214","9590","0.6576617356201644","0.6576617356201644","0.0","0.6576617356201644","0.6576617356201644"
"cg05835265","3109","0.5608799982664641","0.5608799982664641","0.5608799982664641","0.0","0.5608799982664641"
"cg05846044","11074","0.9166032895019568","0.0","0.9166032895019568","0.9166032895019568","0.9166032895019568"
"cg05874561","6423","0.02","0.02","0.0","0.02","0.02"
"cg05902522","25937","0.0","0.566392560112367","0.566392560112367","0.566392560112367","0.566392560112367"
"cg05903386","3488","0.5125","0.5125","0.0","0.5125","0.5125"
"cg05916744","7070","0.6518542790402827","0.6518542790402827","0.0","0.6518542790402827","0.6518542790402827"
"cg05920870","5118","0.8916061148881612","0.8916061148881612","0.0","0.8916061148881612","0.8916061148881612"
"cg05922384","3075","0.7173035734485255","0.7173035734485255","0.0","0.7173035734485255","0.7173035734485255"
"cg05929675","9586","0.1863001612225315","0.1863001612225315","0.0","0.1863001612225315","0.1863001612225315"
"cg05939335","2040","0.0","nan","nan","nan","0.0"
"cg05961809","6423","0.02","0.02","0.0","0.02","0.02"
"cg05968233","84266","nan","nan","0.0","nan","0.0"
"cg05969567","7058","0.305","0.305","0.0","0.305","0.305"
"cg06003429","1293","0.7825930826507164","0.7825930826507164","0.0","0.7825930826507164","0.7825930826507164"
"cg06019170","9590","0.6576617356201644","0.6576617356201644","0.0","0.6576617356201644","0.6576617356201644"
"cg06023349","10268","0.0","0.024","0.024","0.024","0.024"
"cg06024289","3875","0.31625","0.0","0.31625","0.31625","0.31625"
"cg06044751","23022","0.8766666666666667","0.8766666666666667","0.0","0.8766666666666667","0.8766666666666667"
"cg06049774","219348","0.2510137134646975","0.2510137134646975","0.0","0.2510137134646975","0.2510137134646975"
"cg06065245","286133","0.365","0.365","0.0","0.365","0.365"
"cg06093460","6401","0.0","0.8733333333333333","0.8733333333333333","0.8733333333333333","0.8733333333333333"
"cg06117855","7123","0.6228982990648735","0.6228982990648735","0.0","0.6228982990648735","0.6228982990648735"
"cg06119452","7058","0.305","0.305","0.0","0.305","0.305"
"cg06125903","1522","0.4261904761904762","0.4261904761904762","0.4261904761904762","0.0","0.4261904761904762"
"cg06147863","6688","0.6975","0.6975","0.6975","0.0","0.6975"
"cg06160809","3488","0.5125","0.5125","0.0","0.5125","0.5125"
"cg06179765","10457","0.91780441177638","0.91780441177638","0.0","0.91780441177638","0.91780441177638"
"cg06196636","3875","0.31625","0.0","0.31625","0.31625","0.31625"
"cg06203471","54935","0.0","nan","nan","nan","0.0"
"cg06233211","10252","0.0","0.0288888888888888","0.0288888888888888","0.0288888888888888","0.0288888888888888"
"cg06253058","25937","0.0","0.566392560112367","0.566392560112367","0.566392560112367","0.566392560112367"
"cg06283368","4016","0.333857788544925","0.333857788544925","0.0","0.333857788544925","0.333857788544925"
"cg06284586","1293","0.7825930826507164","0.7825930826507164","0.0","0.7825930826507164","0.7825930826507164"
"cg06288570","26471","0.7710404384812783","0.7710404384812783","0.0","0.7710404384812783","0.7710404384812783"
"cg06289444","7058","0.305","0.305","0.0","0.305","0.305"
"cg06315607","7122","0.0","0.8970095005763045","0.8970095005763045","0.8970095005763045","0.8970095005763045"
"cg06330722","5118","0.8916061148881612","0.8916061148881612","0.0","0.8916061148881612","0.8916061148881612"
"cg06340942","7122","0.0","0.8970095005763045","0.8970095005763045","0.8970095005763045","0.8970095005763045"
"cg06345736","1890","0.0683870967741935","0.0683870967741935","0.0683870967741935","0.0","0.0683870967741935"
"cg06357908","5996","0.880980164152612","0.880980164152612","0.880980164152612","0.0","0.880980164152612"
"cg06366981","3248","0.0466666666666666","0.0","0.0466666666666666","0.0466666666666666","0.0466666666666666"
"cg06377993","3075","0.7173035734485255","0.7173035734485255","0.0","0.7173035734485255","0.7173035734485255"
"cg06378561","11167","nan","nan","0.0","nan","0.0"
"cg06385087","1522","0.4261904761904762","0.4261904761904762","0.4261904761904762","0.0","0.4261904761904762"
"cg06402330","5118","0.8916061148881612","0.8916061148881612","0.0","0.8916061148881612","0.8916061148881612"
"cg06410970","311","0.1615384615384615","0.0","0.1615384615384615","0.1615384615384615","0.1615384615384615"
"cg06419846","57124","0.0599844353695468","0.0599844353695468","0.0","0.0599844353695468","0.0599844353695468"
"cg06420834","10398","0.1652941176470588","0.1652941176470588","0.0","0.1652941176470588","0.1652941176470588"
"cg06476093","5270","nan","nan","0.0","nan","0.0"
"cg06476337","4724","nan","nan","0.0","nan","0.0"
"cg06479755","58494","0.0","0.0311111111111111","0.0311111111111111","0.0311111111111111","0.0311111111111111"
"cg06493473","23564","0.035378180641","0.035378180641","0.0","0.035378180641","0.035378180641"
"cg06496829","25937","0.0","0.566392560112367","0.566392560112367","0.566392560112367","0.566392560112367"
"cg06516328","219348","0.2510137134646975","0.2510137134646975","0.0","0.2510137134646975","0.2510137134646975"
"cg06549216","6423","0.02","0.02","0.0","0.02","0.02"
"cg06616057","50486","0.0248809523809523","0.0248809523809523","0.0248809523809523","0.0","0.0248809523809523"
"cg06621784","6342","nan","nan","0.0","nan","0.0"
"cg06632214","8519","0.0","nan","nan","nan","0.0"
"cg06636831","7123","0.6228982990648735","0.6228982990648735","0.0","0.6228982990648735","0.6228982990648735"
"cg06647007","9586","0.1863001612225315","0.1863001612225315","0.0","0.1863001612225315","0.1863001612225315"
"cg06657028","11074","0.9166032895019568","0.0","0.9166032895019568","0.9166032895019568","0.9166032895019568"
"cg06675705","25890","0.45","0.45","0.0","0.45","0.45"
"cg06682185","5268","0.9380031619724644","0.0","0.9380031619724644","0.9380031619724644","0.9380031619724644"
"cg06689039","5268","0.9380031619724644","0.0","0.9380031619724644","0.9380031619724644","0.9380031619724644"
"cg06694299","25937","0.0","0.566392560112367","0.566392560112367","0.566392560112367","0.566392560112367"
"cg06707369","7305","0.81","0.81","0.81","0.0","0.81"
"cg06716684","58494","0.0","0.0311111111111111","0.0311111111111111","0.0311111111111111","0.0311111111111111"
"cg06720017","3959","nan","nan","0.0","nan","0.0"
"cg06720467","2810","0.7221118247875102","0.0","0.7221118247875102","0.7221118247875102","0.7221118247875102"
"cg06723057","26471","0.7710404384812783","0.7710404384812783","0.0","0.7710404384812783","0.7710404384812783"
"cg06728055","25937","0.0","0.566392560112367","0.566392560112367","0.566392560112367","0.566392560112367"
"cg06748966","10870","0.745","0.745","0.745","0.0","0.745"
"cg06754079","11074","0.9166032895019568","0.0","0.9166032895019568","0.9166032895019568","0.9166032895019568"
"cg06784824","6688","0.6975","0.6975","0.6975","0.0","0.6975"
"cg06800962","4071","0.0","0.78","0.78","0.78","0.78"
"cg06862545","5270","nan","nan","0.0","nan","0.0"
"cg06865273","427","nan","nan","nan","0.0","0.0"
"cg06879378","9586","0.1863001612225315","0.1863001612225315","0.0","0.1863001612225315","0.1863001612225315"
"cg06891716","427","nan","nan","nan","0.0","0.0"
"cg06915053","715","0.0325","0.0325","0.0","0.0325","0.0325"
"cg06931905","5327","nan","nan","0.0","nan","0.0"
"cg06940127","5176","0.7419971136334578","0.7419971136334578","0.0","0.7419971136334578","0.7419971136334578"
"cg06942450","1522","0.4261904761904762","0.4261904761904762","0.4261904761904762","0.0","0.4261904761904762"
"cg06947430","6320","0.52","0.52","0.0","0.52","0.52"
"cg06950730","6876","0.4963636363636363","0.4963636363636363","0.0","0.4963636363636363","0.4963636363636363"
"cg06974483","10252","0.0","0.0288888888888888","0.0288888888888888","0.0288888888888888","0.0288888888888888"
"cg06997997","4239","0.4159903157253002","0.4159903157253002","0.0","0.4159903157253002","0.4159903157253002"
"cg07001318","79742","0.0","0.86","0.86","0.86","0.86"
"cg07008701","1292","0.1408949229746017","0.1408949229746017","0.0","0.1408949229746017","0.1408949229746017"
"cg07042532","9586","0.1863001612225315","0.1863001612225315","0.0","0.1863001612225315","0.1863001612225315"
"cg07051221","3875","0.31625","0.0","0.31625","0.31625","0.31625"
"cg07075085","56999","0.0","0.0492","0.0492","0.0492","0.0492"
"cg07085815","5270","nan","nan","0.0","nan","0.0"
"cg07087130","7378","0.0","nan","nan","nan","0.0"
"cg07135629","358","0.0","0.557120275326885","0.557120275326885","0.557120275326885","0.557120275326885"
"cg07145284","57124","0.0599844353695468","0.0599844353695468","0.0","0.0599844353695468","0.0599844353695468"
"cg07145683","3856","0.6143809138531653","0.0","0.6143809138531653","0.6143809138531653","0.6143809138531653"
"cg07146923","23022","0.8766666666666667","0.8766666666666667","0.0","0.8766666666666667","0.8766666666666667"
"cg07154254","1999","0.8700000000000001","0.0","0.8700000000000001","0.8700000000000001","0.8700000000000001"
"cg07168232","3914","0.6380300959605266","0.0","0.6380300959605266","0.6380300959605266","0.6380300959605266"
"cg07168939","8000","0.6084291502812684","0.0","0.6084291502812684","0.6084291502812684","0.6084291502812684"
"cg07190485","2040","0.0","nan","nan","nan","0.0"
"cg07196514","3428","0.0","nan","nan","nan","0.0"
"cg07202479","2532","0.0","0.5825","0.5825","0.5825","0.5825"
"cg07216425","3856","0.6143809138531653","0.0","0.6143809138531653","0.6143809138531653","0.6143809138531653"
"cg07218081","7123","0.6228982990648735","0.6228982990648735","0.0","0.6228982990648735","0.6228982990648735"
"cg07284273","54587","0.1670523252623975","0.1670523252623975","0.0","0.1670523252623975","0.1670523252623975"
"cg07286123","22918","0.0","0.6015441923324496","0.6015441923324496","0.6015441923324496","0.6015441923324496"
"cg07297039","3671","0.7702602832803085","0.7702602832803085","0.0","0.7702602832803085","0.7702602832803085"
"cg07312099","427","nan","nan","nan","0.0","0.0"
"cg07315693","10205","0.4","0.0","0.4","0.4","0.4"
"cg07317017","4016","0.333857788544925","0.333857788544925","0.0","0.333857788544925","0.333857788544925"
"cg07318313","2022","0.0","0.742288624065208","0.742288624065208","0.742288624065208","0.742288624065208"
"cg07323399","6649","0.3639285714285714","0.3639285714285714","0.0","0.3639285714285714","0.3639285714285714"
"cg07331725","5268","0.9380031619724644","0.0","0.9380031619724644","0.9380031619724644","0.9380031619724644"
"cg07340599","9586","0.1863001612225315","0.1863001612225315","0.0","0.1863001612225315","0.1863001612225315"
"cg07348591","5270","nan","nan","0.0","nan","0.0"
"cg07352158","11167","nan","nan","0.0","nan","0.0"
"cg07364780","10252","0.0","0.0288888888888888","0.0288888888888888","0.0288888888888888","0.0288888888888888"
"cg07372795","3248","0.0466666666666666","0.0","0.0466666666666666","0.0466666666666666","0.0466666666666666"
"cg07380200","2200","0.3399919444800981","0.3399919444800981","0.0","0.3399919444800981","0.3399919444800981"
"cg07381973","3860","0.9312880986479802","0.0","0.9312880986479802","0.9312880986479802","0.9312880986479802"
"cg07401745","4724","nan","nan","0.0","nan","0.0"
"cg07418126","951","0.9021819420607722","0.9021819420607722","0.9021819420607722","0.0","0.9021819420607722"
"cg07434244","50486","0.0248809523809523","0.0248809523809523","0.0248809523809523","0.0","0.0248809523809523"
"cg07434407","427","nan","nan","nan","0.0","0.0"
"cg07438421","5176","0.7419971136334578","0.7419971136334578","0.0","0.7419971136334578","0.7419971136334578"
"cg07449652","10512","0.0446576948739948","0.0446576948739948","0.0","0.0446576948739948","0.0446576948739948"
"cg07463059","3428","0.0","nan","nan","nan","0.0"
"cg07464217","1522","0.4261904761904762","0.4261904761904762","0.4261904761904762","0.0","0.4261904761904762"
"cg07466651","1290","nan","nan","0.0","nan","0.0"
"cg07478791","347735","0.81","0.0","0.81","0.81","0.81"
"cg07497663","11074","0.9166032895019568","0.0","0.9166032895019568","0.9166032895019568","0.9166032895019568"
"cg07542476","951","0.9021819420607722","0.9021819420607722","0.9021819420607722","0.0","0.9021819420607722"
"cg07544102","1292","0.1408949229746017","0.1408949229746017","0.0","0.1408949229746017","0.1408949229746017"
"cg07572435","8581","0.7891648678979188","0.0","0.7891648678979188","0.7891648678979188","0.7891648678979188"
"cg07575373","951","0.9021819420607722","0.9021819420607722","0.9021819420607722","0.0","0.9021819420607722"
"cg07578439","5268","0.9380031619724644","0.0","0.9380031619724644","0.9380031619724644","0.9380031619724644"
"cg07584663","23564","0.035378180641","0.035378180641","0.0","0.035378180641","0.035378180641"
"cg07591885","3914","0.6380300959605266","0.0","0.6380300959605266","0.6380300959605266","0.6380300959605266"
"cg07623567","3109","0.5608799982664641","0.5608799982664641","0.5608799982664641","0.0","0.5608799982664641"
"cg07631828","1522","0.4261904761904762","0.4261904761904762","0.4261904761904762","0.0","0.4261904761904762"
"cg07634191","286133","0.365","0.365","0.0","0.365","0.365"
"cg07652628","3875","0.31625","0.0","0.31625","0.31625","0.31625"
"cg07660664","9586","0.1863001612225315","0.1863001612225315","0.0","0.1863001612225315","0.1863001612225315"
"cg07661805","8581","0.7891648678979188","0.0","0.7891648678979188","0.7891648678979188","0.7891648678979188"
"cg07668993","6590","0.79","0.79","0.0","0.79","0.79"
"cg07675031","6688","0.6975","0.6975","0.6975","0.0","0.6975"
"cg07684929","9586","0.1863001612225315","0.1863001612225315","0.0","0.1863001612225315","0.1863001612225315"
"cg07694025","6423","0.02","0.02","0.0","0.02","0.02"
"cg07698783","6688","0.6975","0.6975","0.6975","0.0","0.6975"
"cg07703017","7378","0.0","nan","nan","nan","0.0"
"cg07708516","8076","0.8600000000000001","0.8600000000000001","0.0","0.8600000000000001","0.8600000000000001"
"cg07727884","4239","0.4159903157253002","0.4159903157253002","0.0","0.4159903157253002","0.4159903157253002"
"cg07762054","871","0.0803333333333333","0.0803333333333333","0.0","0.0803333333333333","0.0803333333333333"
"cg07774884","6781","0.0","0.0588970664865293","0.0588970664865293","0.0588970664865293","0.0588970664865293"
"cg07777540","56999","0.0","0.0492","0.0492","0.0492","0.0492"
"cg07780114","1292","0.1408949229746017","0.1408949229746017","0.0","0.1408949229746017","0.1408949229746017"
"cg07784293","25937","0.0","0.566392560112367","0.566392560112367","0.566392560112367","0.566392560112367"
"cg07786675","2810","0.7221118247875102","0.0","0.7221118247875102","0.7221118247875102","0.7221118247875102"
"cg07803733","7058","0.305","0.305","0.0","0.305","0.305"
"cg07804773","9590","0.6576617356201644","0.6576617356201644","0.0","0.6576617356201644","0.6576617356201644"
"cg07827630","9555","nan","nan","nan","0.0","0.0"
"cg07829465","11074","0.9166032895019568","0.0","0.9166032895019568","0.9166032895019568","0.9166032895019568"
"cg07840446","23022","0.8766666666666667","0.8766666666666667","0.0","0.8766666666666667","0.8766666666666667"
"cg07859799","6423","0.02","0.02","0.0","0.02","0.02"
"cg07870985","90843","nan","nan","0.0","nan","0.0"
"cg07875385","1290","nan","nan","0.0","nan","0.0"
"cg07891473","56999","0.0","0.0492","0.0492","0.0492","0.0492"
"cg07895203","23022","0.8766666666666667","0.8766666666666667","0.0","0.8766666666666667","0.8766666666666667"
"cg07897871","1999","0.8700000000000001","0.0","0.8700000000000001","0.8700000000000001","0.8700000000000001"
"cg07924387","347735","0.81","0.0","0.81","0.81","0.81"
"cg07935264","3553","0.5816740237503185","0.5816740237503185","0.5816740237503185","0.0","0.5816740237503185"
"cg07939231","11074","0.9166032895019568","0.0","0.9166032895019568","0.9166032895019568","0.9166032895019568"
"cg07944381","23564","0.035378180641","0.035378180641","0.0","0.035378180641","0.035378180641"
"cg07956751","168537","0.0","0.7504331019515231","0.7504331019515231","0.7504331019515231","0.7504331019515231"
"cg07967677","100131187","0.2549300699300699","0.0","0.2549300699300699","0.2549300699300699","0.2549300699300699"
"cg07979388","23022","0.8766666666666667","0.8766666666666667","0.0","0.8766666666666667","0.8766666666666667"
"cg07986666","3856","0.6143809138531653","0.0","0.6143809138531653","0.6143809138531653","0.6143809138531653"
"cg07989678","1781","nan","nan","0.0","nan","0.0"
"cg07998387","3569","0.0","0.1701842557021957","0.1701842557021957","0.1701842557021957","0.1701842557021957"
"cg07999845","6423","0.02","0.02","0.0","0.02","0.02"
"cg08011008","10512","0.0446576948739948","0.0446576948739948","0.0","0.0446576948739948","0.0446576948739948"
"cg08012045","2","0.0","0.9135720165548152","0.9135720165548152","0.9135720165548152","0.9135720165548152"
"cg08021615","23564","0.035378180641","0.035378180641","0.0","0.035378180641","0.035378180641"
"cg08028435","23022","0.8766666666666667","0.8766666666666667","0.0","0.8766666666666667","0.8766666666666667"
"cg08032476","83871","0.8712500000000001","0.8712500000000001","0.0","0.8712500000000001","0.8712500000000001"
"cg08036899","3429","0.0","0.5792166453647069","0.5792166453647069","0.5792166453647069","0.5792166453647069"
"cg08037327","168537","0.0","0.7504331019515231","0.7504331019515231","0.7504331019515231","0.7504331019515231"
"cg08058191","3872","0.7155623912165989","0.0","0.7155623912165989","0.7155623912165989","0.7155623912165989"
"cg08073133","5270","nan","nan","0.0","nan","0.0"
"cg08080395","8483","0.7575","0.7575","0.0","0.7575","0.7575"
"cg08124030","4071","0.0","0.78","0.78","0.78","0.78"
"cg08129583","2995","0.5969758988045732","0.5969758988045732","0.0","0.5969758988045732","0.5969758988045732"
"cg08137669","8581","0.7891648678979188","0.0","0.7891648678979188","0.7891648678979188","0.7891648678979188"
"cg08144586","8743","0.0","0.1670395195736511","0.1670395195736511","0.1670395195736511","0.1670395195736511"
"cg08149251","8483","0.7575","0.7575","0.0","0.7575","0.7575"
"cg08151731","2200","0.3399919444800981","0.3399919444800981","0.0","0.3399919444800981","0.3399919444800981"
"cg08158160","1293","0.7825930826507164","0.7825930826507164","0.0","0.7825930826507164","0.7825930826507164"
"cg08158408","50486","0.0248809523809523","0.0248809523809523","0.0248809523809523","0.0","0.0248809523809523"
"cg08162205","4154","0.0","0.6025","0.6025","0.6025","0.6025"
"cg08170141","1293","0.7825930826507164","0.7825930826507164","0.0","0.7825930826507164","0.7825930826507164"
"cg08180187","6649","0.3639285714285714","0.3639285714285714","0.0","0.3639285714285714","0.3639285714285714"
"cg08185241","50486","0.0248809523809523","0.0248809523809523","0.0248809523809523","0.0","0.0248809523809523"
"cg08189186","64073","0.71","0.0","0.71","0.71","0.71"
"cg08209691","8581","0.7891648678979188","0.0","0.7891648678979188","0.7891648678979188","0.7891648678979188"
"cg08222513","11074","0.9166032895019568","0.0","0.9166032895019568","0.9166032895019568","0.9166032895019568"
"cg08224159","9590","0.6576617356201644","0.6576617356201644","0.0","0.6576617356201644","0.6576617356201644"
"cg08230910","10512","0.0446576948739948","0.0446576948739948","0.0","0.0446576948739948","0.0446576948739948"
"cg08235413","5320","0.93","0.93","0.0","0.93","0.93"
"cg08247938","1290","nan","nan","0.0","nan","0.0"
"cg08251025","10252","0.0","0.0288888888888888","0.0288888888888888","0.0288888888888888","0.0288888888888888"
"cg08275025","8519","0.0","nan","nan","nan","0.0"
"cg08300930","2","0.0","0.9135720165548152","0.9135720165548152","0.9135720165548152","0.9135720165548152"
"cg08321576","9976","0.0","0.7438376803028303","0.7438376803028303","0.7438376803028303","0.7438376803028303"
"cg08331427","641700","0.0","0.6027776436466401","0.6027776436466401","0.6027776436466401","0.6027776436466401"
"cg08337366","84266","nan","nan","0.0","nan","0.0"
"cg08362804","7803","nan","0.0","nan","nan","0.0"
"cg08372668","4016","0.333857788544925","0.333857788544925","0.0","0.333857788544925","0.333857788544925"
"cg08411049","5268","0.9380031619724644","0.0","0.9380031619724644","0.9380031619724644","0.9380031619724644"
"cg08434186","5270","nan","nan","0.0","nan","0.0"
"cg08435131","219348","0.2510137134646975","0.2510137134646975","0.0","0.2510137134646975","0.2510137134646975"
"cg08443357","27111","0.7744151646886404","0.0","0.7744151646886404","0.7744151646886404","0.7744151646886404"
"cg08450409","3875","0.31625","0.0","0.31625","0.31625","0.31625"
"cg08452338","25937","0.0","0.566392560112367","0.566392560112367","0.566392560112367","0.566392560112367"
"cg08455073","10457","0.91780441177638","0.91780441177638","0.0","0.91780441177638","0.91780441177638"
"cg08457315","9590","0.6576617356201644","0.6576617356201644","0.0","0.6576617356201644","0.6576617356201644"
"cg08463932","7805","0.8597257640364617","0.8597257640364617","0.8597257640364617","0.0","0.8597257640364617"
"cg08466256","1290","nan","nan","0.0","nan","0.0"
"cg08470742","7058","0.305","0.305","0.0","0.305","0.305"
"cg08498836","25937","0.0","0.566392560112367","0.566392560112367","0.566392560112367","0.566392560112367"
"cg08502360","11074","0.9166032895019568","0.0","0.9166032895019568","0.9166032895019568","0.9166032895019568"
"cg08509383","23564","0.035378180641","0.035378180641","0.0","0.035378180641","0.035378180641"
"cg08522831","4154","0.0","0.6025","0.6025","0.6025","0.6025"
"cg08529333","5270","nan","nan","0.0","nan","0.0"
"cg08535978","4154","0.0","0.6025","0.6025","0.6025","0.6025"
"cg08545593","1522","0.4261904761904762","0.4261904761904762","0.4261904761904762","0.0","0.4261904761904762"
"cg08547211","5176","0.7419971136334578","0.7419971136334578","0.0","0.7419971136334578","0.7419971136334578"
"cg08548498","6590","0.79","0.79","0.0","0.79","0.79"
"cg08548748","54935","0.0","nan","nan","nan","0.0"
"cg08550588","23564","0.035378180641","0.035378180641","0.0","0.035378180641","0.035378180641"
"cg08559120","27111","0.7744151646886404","0.0","0.7744151646886404","0.7744151646886404","0.7744151646886404"
"cg08567182","9586","0.1863001612225315","0.1863001612225315","0.0","0.1863001612225315","0.1863001612225315"
"cg08575688","6364","0.8944862066136059","0.0","0.8944862066136059","0.8944862066136059","0.8944862066136059"
"cg08578023","1520","0.76","0.76","0.76","0.0","0.76"
"cg08582507","9586","0.1863001612225315","0.1863001612225315","0.0","0.1863001612225315","0.1863001612225315"
"cg08582599","1293","0.7825930826507164","0.7825930826507164","0.0","0.7825930826507164","0.7825930826507164"
"cg08586423","90843","nan","nan","0.0","nan","0.0"
"cg08609845","79742","0.0","0.86","0.86","0.86","0.86"
"cg08637514","168537","0.0","0.7504331019515231","0.7504331019515231","0.7504331019515231","0.7504331019515231"
"cg08638929","10103","0.75","0.0","0.75","0.75","0.75"
"cg08659421","9235","0.8633333333333333","0.8633333333333333","0.0","0.8633333333333333","0.8633333333333333"
"cg08678044","6320","0.52","0.52","0.0","0.52","0.52"
"cg08681473","1277","nan","nan","0.0","nan","0.0"
"cg08701937","311","0.1615384615384615","0.0","0.1615384615384615","0.1615384615384615","0.1615384615384615"
"cg08714544","7058","0.305","0.305","0.0","0.305","0.305"
"cg08716584","58475","0.41","0.41","0.41","0.0","0.41"
"cg08752459","9976","0.0","0.7438376803028303","0.7438376803028303","0.7438376803028303","0.7438376803028303"
"cg08753403","9976","0.0","0.7438376803028303","0.7438376803028303","0.7438376803028303","0.7438376803028303"
"cg08758558","79742","0.0","0.86","0.86","0.86","0.86"
"cg08774868","10512","0.0446576948739948","0.0446576948739948","0.0","0.0446576948739948","0.0446576948739948"
"cg08791953","94031","0.0534848484848484","0.0534848484848484","0.0","0.0534848484848484","0.0534848484848484"
"cg08799727","10512","0.0446576948739948","0.0446576948739948","0.0","0.0446576948739948","0.0446576948739948"
"cg08799922","715","0.0325","0.0325","0.0","0.0325","0.0325"
"cg08813545","6364","0.8944862066136059","0.0","0.8944862066136059","0.8944862066136059","0.8944862066136059"
"cg08818284","26471","0.7710404384812783","0.7710404384812783","0.0","0.7710404384812783","0.7710404384812783"
"cg08823209","5349","0.6161755028680032","0.0","0.6161755028680032","0.6161755028680032","0.6161755028680032"
"cg08839210","83871","0.8712500000000001","0.8712500000000001","0.0","0.8712500000000001","0.8712500000000001"
"cg08859206","6342","nan","nan","0.0","nan","0.0"
"cg08860190","718","0.5835689820236495","0.5835689820236495","0.0","0.5835689820236495","0.5835689820236495"
"cg08871711","1293","0.7825930826507164","0.7825930826507164","0.0","0.7825930826507164","0.7825930826507164"
"cg08891071","2878","0.088","0.088","0.0","0.088","0.088"
"cg08913719","5270","nan","nan","0.0","nan","0.0"
"cg08918709","11074","0.9166032895019568","0.0","0.9166032895019568","0.9166032895019568","0.9166032895019568"
"cg08942875","132299","0.3514285714285714","0.0","0.3514285714285714","0.3514285714285714","0.3514285714285714"
"cg08947774","23022","0.8766666666666667","0.8766666666666667","0.0","0.8766666666666667","0.8766666666666667"
"cg08950375","1293","0.7825930826507164","0.7825930826507164","0.0","0.7825930826507164","0.7825930826507164"
"cg08957605","1293","0.7825930826507164","0.7825930826507164","0.0","0.7825930826507164","0.7825930826507164"
"cg08962184","23564","0.035378180641","0.035378180641","0.0","0.035378180641","0.035378180641"
"cg08962888","3959","nan","nan","0.0","nan","0.0"
"cg08966188","3880","0.2021428571428571","0.0","0.2021428571428571","0.2021428571428571","0.2021428571428571"
"cg08967456","9235","0.8633333333333333","0.8633333333333333","0.0","0.8633333333333333","0.8633333333333333"
"cg08973717","23564","0.035378180641","0.035378180641","0.0","0.035378180641","0.035378180641"
"cg08978665","9235","0.8633333333333333","0.8633333333333333","0.0","0.8633333333333333","0.8633333333333333"
"cg09005762","9590","0.6576617356201644","0.6576617356201644","0.0","0.6576617356201644","0.6576617356201644"
"cg09017117","3109","0.5608799982664641","0.5608799982664641","0.5608799982664641","0.0","0.5608799982664641"
"cg09026253","8519","0.0","nan","nan","nan","0.0"
"cg09033131","10205","0.4","0.0","0.4","0.4","0.4"
"cg09037867","871","0.0803333333333333","0.0803333333333333","0.0","0.0803333333333333","0.0803333333333333"
"cg09055205","286133","0.365","0.365","0.0","0.365","0.365"
"cg09070799","9590","0.6576617356201644","0.6576617356201644","0.0","0.6576617356201644","0.6576617356201644"
"cg09073989","5327","nan","nan","0.0","nan","0.0"
"cg09089653","9555","nan","nan","nan","0.0","0.0"
"cg09091918","7058","0.305","0.305","0.0","0.305","0.305"
"cg09092054","7122","0.0","0.8970095005763045","0.8970095005763045","0.8970095005763045","0.8970095005763045"
"cg09124453","11074","0.9166032895019568","0.0","0.9166032895019568","0.9166032895019568","0.9166032895019568"
"cg09132388","168537","0.0","0.7504331019515231","0.7504331019515231","0.7504331019515231","0.7504331019515231"
"cg09132577","128346","0.9527609333333332","0.9527609333333332","0.9527609333333332","0.0","0.9527609333333332"
"cg09139762","79742","0.0","0.86","0.86","0.86","0.86"
"cg09171882","11010","0.3037408157638749","0.3037408157638749","0.3037408157638749","0.0","0.3037408157638749"
"cg09211763","1290","nan","nan","0.0","nan","0.0"
"cg09219813","4154","0.0","0.6025","0.6025","0.6025","0.6025"
"cg09221478","3860","0.9312880986479802","0.0","0.9312880986479802","0.9312880986479802","0.9312880986479802"
"cg09225287","10512","0.0446576948739948","0.0446576948739948","0.0","0.0446576948739948","0.0446576948739948"
"cg09262245","1999","0.8700000000000001","0.0","0.8700000000000001","0.8700000000000001","0.8700000000000001"
"cg09274988","27111","0.7744151646886404","0.0","0.7744151646886404","0.7744151646886404","0.7744151646886404"
"cg09314155","10268","0.0","0.024","0.024","0.024","0.024"
"cg09315134","1522","0.4261904761904762","0.4261904761904762","0.4261904761904762","0.0","0.4261904761904762"
"cg09316703","3488","0.5125","0.5125","0.0","0.5125","0.5125"
"cg09326362","5118","0.8916061148881612","0.8916061148881612","0.0","0.8916061148881612","0.8916061148881612"
"cg09425228","6364","0.8944862066136059","0.0","0.8944862066136059","0.8944862066136059","0.8944862066136059"
"cg09431058","10268","0.0","0.024","0.024","0.024","0.024"
"cg09435190","1890","0.0683870967741935","0.0683870967741935","0.0683870967741935","0.0","0.0683870967741935"
"cg09442403","4071","0.0","0.78","0.78","0.78","0.78"
"cg09446908","7122","0.0","0.8970095005763045","0.8970095005763045","0.8970095005763045","0.8970095005763045"
"cg09450153","9586","0.1863001612225315","0.1863001612225315","0.0","0.1863001612225315","0.1863001612225315"
"cg09462445","3488","0.5125","0.5125","0.0","0.5125","0.5125"
"cg09495977","94031","0.0534848484848484","0.0534848484848484","0.0","0.0534848484848484","0.0534848484848484"
"cg09509183","3664","0.0434161494238187","0.0","0.0434161494238187","0.0434161494238187","0.0434161494238187"
"cg09511427","6320","0.52","0.52","0.0","0.52","0.52"
"cg09550768","23022","0.8766666666666667","0.8766666666666667","0.0","0.8766666666666667","0.8766666666666667"
"cg09552631","8000","0.6084291502812684","0.0","0.6084291502812684","0.6084291502812684","0.6084291502812684"
"cg09575756","641700","0.0","0.6027776436466401","0.6027776436466401","0.6027776436466401","0.6027776436466401"
"cg09587880","10512","0.0446576948739948","0.0446576948739948","0.0","0.0446576948739948","0.0446576948739948"
"cg09606564","4239","0.4159903157253002","0.4159903157253002","0.0","0.4159903157253002","0.4159903157253002"
"cg09616536","56999","0.0","0.0492","0.0492","0.0492","0.0492"
"cg09632273","23564","0.035378180641","0.035378180641","0.0","0.035378180641","0.035378180641"
"cg09643186","2877","0.7866666666666666","0.0","0.7866666666666666","0.7866666666666666","0.7866666666666666"
"cg09649438","219348","0.2510137134646975","0.2510137134646975","0.0","0.2510137134646975","0.2510137134646975"
"cg09664357","3671","0.7702602832803085","0.7702602832803085","0.0","0.7702602832803085","0.7702602832803085"
"cg09666230","50486","0.0248809523809523","0.0248809523809523","0.0248809523809523","0.0","0.0248809523809523"
"cg09676669","358","0.0","0.557120275326885","0.557120275326885","0.557120275326885","0.557120275326885"
"cg09684381","23564","0.035378180641","0.035378180641","0.0","0.035378180641","0.035378180641"
"cg09692449","3880","0.2021428571428571","0.0","0.2021428571428571","0.2021428571428571","0.2021428571428571"
"cg09704750","58494","0.0","0.0311111111111111","0.0311111111111111","0.0311111111111111","0.0311111111111111"
"cg09727050","7130","0.9149963091757342","0.9149963091757342","0.0","0.9149963091757342","0.9149963091757342"
"cg09735274","11074","0.9166032895019568","0.0","0.9166032895019568","0.9166032895019568","0.9166032895019568"
"cg09741789","2200","0.3399919444800981","0.3399919444800981","0.0","0.3399919444800981","0.3399919444800981"
"cg09784259","6401","0.0","0.8733333333333333","0.8733333333333333","0.8733333333333333","0.8733333333333333"
"cg09788693","947","0.28","0.28","0.0","0.28","0.28"
"cg09788843","6423","0.02","0.02","0.0","0.02","0.02"
"cg09816018","11074","0.9166032895019568","0.0","0.9166032895019568","0.9166032895019568","0.9166032895019568"
"cg09832443","9586","0.1863001612225315","0.1863001612225315","0.0","0.1863001612225315","0.1863001612225315"
"cg09846917","9590","0.6576617356201644","0.6576617356201644","0.0","0.6576617356201644","0.6576617356201644"
"cg09852920","1277","nan","nan","0.0","nan","0.0"
"cg09871837","10103","0.75","0.0","0.75","0.75","0.75"
"cg09901201","6342","nan","nan","0.0","nan","0.0"
"cg09902229","1522","0.4261904761904762","0.4261904761904762","0.4261904761904762","0.0","0.4261904761904762"
"cg09904304","83483","0.0","0.67","0.67","0.67","0.67"
"cg09916599","4016","0.333857788544925","0.333857788544925","0.0","0.333857788544925","0.333857788544925"
"cg09920804","5327","nan","nan","0.0","nan","0.0"
"cg09922481","1805","0.885","0.885","0.0","0.885","0.885"
"cg09924165","3488","0.5125","0.5125","0.0","0.5125","0.5125"
"cg09930712","9586","0.1863001612225315","0.1863001612225315","0.0","0.1863001612225315","0.1863001612225315"
"cg09964873","8581","0.7891648678979188","0.0","0.7891648678979188","0.7891648678979188","0.7891648678979188"
"cg09972881","3856","0.6143809138531653","0.0","0.6143809138531653","0.6143809138531653","0.6143809138531653"
"cg10001720","7805","0.8597257640364617","0.8597257640364617","0.8597257640364617","0.0","0.8597257640364617"
"cg10018632","22918","0.0","0.6015441923324496","0.6015441923324496","0.6015441923324496","0.6015441923324496"
"cg10021668","54935","0.0","nan","nan","nan","0.0"
"cg10037005","951","0.9021819420607722","0.9021819420607722","0.9021819420607722","0.0","0.9021819420607722"
"cg10046767","3856","0.6143809138531653","0.0","0.6143809138531653","0.6143809138531653","0.6143809138531653"
"cg10055265","7070","0.6518542790402827","0.6518542790402827","0.0","0.6518542790402827","0.6518542790402827"
"cg10064871","112464","0.0271428571428571","0.0271428571428571","0.0","0.0271428571428571","0.0271428571428571"
"cg10074409","3664","0.0434161494238187","0.0","0.0434161494238187","0.0434161494238187","0.0434161494238187"
"cg10095534","2200","0.3399919444800981","0.3399919444800981","0.0","0.3399919444800981","0.3399919444800981"
"cg10099638","1292","0.1408949229746017","0.1408949229746017","0.0","0.1408949229746017","0.1408949229746017"
"cg10117734","23022","0.8766666666666667","0.8766666666666667","0.0","0.8766666666666667","0.8766666666666667"
"cg10118925","9590","0.6576617356201644","0.6576617356201644","0.0","0.6576617356201644","0.6576617356201644"
"cg10122434","3664","0.0434161494238187","0.0","0.0434161494238187","0.0434161494238187","0.0434161494238187"
"cg10123514","3109","0.5608799982664641","0.5608799982664641","0.5608799982664641","0.0","0.5608799982664641"
"cg10130564","6876","0.4963636363636363","0.4963636363636363","0.0","0.4963636363636363","0.4963636363636363"
"cg10132917","358","0.0","0.557120275326885","0.557120275326885","0.557120275326885","0.557120275326885"
"cg10134496","9590","0.6576617356201644","0.6576617356201644","0.0","0.6576617356201644","0.6576617356201644"
"cg10140158","3569","0.0","0.1701842557021957","0.1701842557021957","0.1701842557021957","0.1701842557021957"
"cg10140583","8581","0.7891648678979188","0.0","0.7891648678979188","0.7891648678979188","0.7891648678979188"
"cg10154122","10653","0.0887254695","0.0","0.0887254695","0.0887254695","0.0887254695"
"cg10158681","1646","0.7866666666666666","0.0","0.7866666666666666","0.7866666666666666","0.7866666666666666"
"cg10158821","10205","0.4","0.0","0.4","0.4","0.4"
"cg10165071","3488","0.5125","0.5125","0.0","0.5125","0.5125"
"cg10170774","6781","0.0","0.0588970664865293","0.0588970664865293","0.0588970664865293","0.0588970664865293"
"cg10171125","286133","0.365","0.365","0.0","0.365","0.365"
"cg10178628","83483","0.0","0.67","0.67","0.67","0.67"
"cg10194160","11074","0.9166032895019568","0.0","0.9166032895019568","0.9166032895019568","0.9166032895019568"
"cg10213875","7378","0.0","nan","nan","nan","0.0"
"cg10222823","11074","0.9166032895019568","0.0","0.9166032895019568","0.9166032895019568","0.9166032895019568"
"cg10227191","3875","0.31625","0.0","0.31625","0.31625","0.31625"
"cg10241005","1646","0.7866666666666666","0.0","0.7866666666666666","0.7866666666666666","0.7866666666666666"
"cg10259004","10398","0.1652941176470588","0.1652941176470588","0.0","0.1652941176470588","0.1652941176470588"
"cg10270306","9590","0.6576617356201644","0.6576617356201644","0.0","0.6576617356201644","0.6576617356201644"
"cg10283825","11074","0.9166032895019568","0.0","0.9166032895019568","0.9166032895019568","0.9166032895019568"
"cg10307548","6649","0.3639285714285714","0.3639285714285714","0.0","0.3639285714285714","0.3639285714285714"
"cg10310595","3109","0.5608799982664641","0.5608799982664641","0.5608799982664641","0.0","0.5608799982664641"
"cg10313947","23584","0.5773450136967414","0.0","0.5773450136967414","0.5773450136967414","0.5773450136967414"
"cg10317717","7378","0.0","nan","nan","nan","0.0"
"cg10318528","6423","0.02","0.02","0.0","0.02","0.02"
"cg10324158","7123","0.6228982990648735","0.6228982990648735","0.0","0.6228982990648735","0.6228982990648735"
"cg10347335","4070","0.292661897490563","0.0","0.292661897490563","0.292661897490563","0.292661897490563"
"cg10351914","4239","0.4159903157253002","0.4159903157253002","0.0","0.4159903157253002","0.4159903157253002"
"cg10372921","4016","0.333857788544925","0.333857788544925","0.0","0.333857788544925","0.333857788544925"
"cg10376067","58494","0.0","0.0311111111111111","0.0311111111111111","0.0311111111111111","0.0311111111111111"
"cg10403906","23564","0.035378180641","0.035378180641","0.0","0.035378180641","0.035378180641"
"cg10410365","23022","0.8766666666666667","0.8766666666666667","0.0","0.8766666666666667","0.8766666666666667"
"cg10411221","3109","0.5608799982664641","0.5608799982664641","0.5608799982664641","0.0","0.5608799982664641"
"cg10414242","9590","0.6576617356201644","0.6576617356201644","0.0","0.6576617356201644","0.6576617356201644"
"cg10421188","9586","0.1863001612225315","0.1863001612225315","0.0","0.1863001612225315","0.1863001612225315"
"cg10435245","6688","0.6975","0.6975","0.6975","0.0","0.6975"
"cg10435849","1292","0.1408949229746017","0.1408949229746017","0.0","0.1408949229746017","0.1408949229746017"
"cg10446179","2697","0.0","0.41","0.41","0.41","0.41"
"cg10446356","11074","0.9166032895019568","0.0","0.9166032895019568","0.9166032895019568","0.9166032895019568"
"cg10447977","56999","0.0","0.0492","0.0492","0.0492","0.0492"
"cg10453850","3109","0.5608799982664641","0.5608799982664641","0.5608799982664641","0.0","0.5608799982664641"
"cg10465672","132299","0.3514285714285714","0.0","0.3514285714285714","0.3514285714285714","0.3514285714285714"
"cg10466421","58494","0.0","0.0311111111111111","0.0311111111111111","0.0311111111111111","0.0311111111111111"
"cg10480343","2200","0.3399919444800981","0.3399919444800981","0.0","0.3399919444800981","0.3399919444800981"
"cg10518264","3109","0.5608799982664641","0.5608799982664641","0.5608799982664641","0.0","0.5608799982664641"
"cg10544152","7058","0.305","0.305","0.0","0.305","0.305"
"cg10549974","219348","0.2510137134646975","0.2510137134646975","0.0","0.2510137134646975","0.2510137134646975"
"cg10550245","7378","0.0","nan","nan","nan","0.0"
"cg10552523","8519","0.0","nan","nan","nan","0.0"
"cg10564498","558","0.02","0.02","0.0","0.02","0.02"
"cg10578007","22918","0.0","0.6015441923324496","0.6015441923324496","0.6015441923324496","0.6015441923324496"
"cg10583499","427","nan","nan","nan","0.0","0.0"
"cg10601287","7070","0.6518542790402827","0.6518542790402827","0.0","0.6518542790402827","0.6518542790402827"
"cg10612492","5118","0.8916061148881612","0.8916061148881612","0.0","0.8916061148881612","0.8916061148881612"
"cg10612751","23022","0.8766666666666667","0.8766666666666667","0.0","0.8766666666666667","0.8766666666666667"
"cg10624054","3856","0.6143809138531653","0.0","0.6143809138531653","0.6143809138531653","0.6143809138531653"
"cg10628785","718","0.5835689820236495","0.5835689820236495","0.0","0.5835689820236495","0.5835689820236495"
"cg10639811","4154","0.0","0.6025","0.6025","0.6025","0.6025"
"cg10640944","5066","nan","nan","0.0","nan","0.0"
"cg10663017","54935","0.0","nan","nan","nan","0.0"
"cg10663078","6423","0.02","0.02","0.0","0.02","0.02"
"cg10664971","311","0.1615384615384615","0.0","0.1615384615384615","0.1615384615384615","0.1615384615384615"
"cg10666013","3671","0.7702602832803085","0.7702602832803085","0.0","0.7702602832803085","0.7702602832803085"
"cg10678718","25890","0.45","0.45","0.0","0.45","0.45"
"cg10690152","23564","0.035378180641","0.035378180641","0.0","0.035378180641","0.035378180641"
"cg10692867","54935","0.0","nan","nan","nan","0.0"
"cg10709246","83483","0.0","0.67","0.67","0.67","0.67"
"cg10709350","7805","0.8597257640364617","0.8597257640364617","0.8597257640364617","0.0","0.8597257640364617"
"cg10709727","23564","0.035378180641","0.035378180641","0.0","0.035378180641","0.035378180641"
"cg10712173","94031","0.0534848484848484","0.0534848484848484","0.0","0.0534848484848484","0.0534848484848484"
"cg10714284","3109","0.5608799982664641","0.5608799982664641","0.5608799982664641","0.0","0.5608799982664641"
"cg10717739","5270","nan","nan","0.0","nan","0.0"
"cg10723575","25937","0.0","0.566392560112367","0.566392560112367","0.566392560112367","0.566392560112367"
"cg10726475","25937","0.0","0.566392560112367","0.566392560112367","0.566392560112367","0.566392560112367"
"cg10742225","3860","0.9312880986479802","0.0","0.9312880986479802","0.9312880986479802","0.9312880986479802"
"cg10765212","1290","nan","nan","0.0","nan","0.0"
"cg10766585","6649","0.3639285714285714","0.3639285714285714","0.0","0.3639285714285714","0.3639285714285714"
"cg10768321","951","0.9021819420607722","0.9021819420607722","0.9021819420607722","0.0","0.9021819420607722"
"cg10773601","6320","0.52","0.52","0.0","0.52","0.52"
"cg10778271","7803","nan","0.0","nan","nan","0.0"
"cg10778971","3429","0.0","0.5792166453647069","0.5792166453647069","0.5792166453647069","0.5792166453647069"
"cg10784542","7058","0.305","0.305","0.0","0.305","0.305"
"cg10784776","10550","nan","nan","0.0","nan","0.0"
"cg10785340","9555","nan","nan","nan","0.0","0.0"
"cg10790791","6423","0.02","0.02","0.0","0.02","0.02"
"cg10802379","2878","0.088","0.088","0.0","0.088","0.088"
"cg10808936","2532","0.0","0.5825","0.5825","0.5825","0.5825"
"cg10810078","1781","nan","nan","0.0","nan","0.0"
"cg10811880","1292","0.1408949229746017","0.1408949229746017","0.0","0.1408949229746017","0.1408949229746017"
"cg10820084","1277","nan","nan","0.0","nan","0.0"
"cg10822172","9586","0.1863001612225315","0.1863001612225315","0.0","0.1863001612225315","0.1863001612225315"
"cg10835876","1805","0.885","0.885","0.0","0.885","0.885"
"cg10843343","3856","0.6143809138531653","0.0","0.6143809138531653","0.6143809138531653","0.6143809138531653"
"cg10853416","58475","0.41","0.41","0.41","0.0","0.41"
"cg10859789","1293","0.7825930826507164","0.7825930826507164","0.0","0.7825930826507164","0.7825930826507164"
"cg10861751","5996","0.880980164152612","0.880980164152612","0.880980164152612","0.0","0.880980164152612"
"cg10880599","2877","0.7866666666666666","0.0","0.7866666666666666","0.7866666666666666","0.7866666666666666"
"cg10902514","10203","0.0","0.1","0.1","0.1","0.1"
"cg10916702","25937","0.0","0.566392560112367","0.566392560112367","0.566392560112367","0.566392560112367"
"cg10930664","94031","0.0534848484848484","0.0534848484848484","0.0","0.0534848484848484","0.0534848484848484"
"cg10942078","6423","0.02","0.02","0.0","0.02","0.02"
"cg10954654","1520","0.76","0.76","0.76","0.0","0.76"
"cg10974980","4016","0.333857788544925","0.333857788544925","0.0","0.333857788544925","0.333857788544925"
"cg10978585","11074","0.9166032895019568","0.0","0.9166032895019568","0.9166032895019568","0.9166032895019568"
"cg10979567","1293","0.7825930826507164","0.7825930826507164","0.0","0.7825930826507164","0.7825930826507164"
"cg10992014","2697","0.0","0.41","0.41","0.41","0.41"
"cg10993488","5320","0.93","0.93","0.0","0.93","0.93"
"cg11002033","11074","0.9166032895019568","0.0","0.9166032895019568","0.9166032895019568","0.9166032895019568"
"cg11027398","1277","nan","nan","0.0","nan","0.0"
"cg11037787","5320","0.93","0.93","0.0","0.93","0.93"
"cg11044162","56999","0.0","0.0492","0.0492","0.0492","0.0492"
"cg11046380","1781","nan","nan","0.0","nan","0.0"
"cg11050612","25937","0.0","0.566392560112367","0.566392560112367","0.566392560112367","0.566392560112367"
"cg11051843","10512","0.0446576948739948","0.0446576948739948","0.0","0.0446576948739948","0.0446576948739948"
"cg11065506","5270","nan","nan","0.0","nan","0.0"
"cg11067179","57124","0.0599844353695468","0.0599844353695468","0.0","0.0599844353695468","0.0599844353695468"
"cg11073923","3248","0.0466666666666666","0.0","0.0466666666666666","0.0466666666666666","0.0466666666666666"
"cg11093548","9586","0.1863001612225315","0.1863001612225315","0.0","0.1863001612225315","0.1863001612225315"
"cg11093760","8483","0.7575","0.7575","0.0","0.7575","0.7575"
"cg11098622","5066","nan","nan","0.0","nan","0.0"
"cg11100081","11074","0.9166032895019568","0.0","0.9166032895019568","0.9166032895019568","0.9166032895019568"
"cg11100765","347735","0.81","0.0","0.81","0.81","0.81"
"cg11104347","54935","0.0","nan","nan","nan","0.0"
"cg11105610","3959","nan","nan","0.0","nan","0.0"
"cg11109721","2878","0.088","0.088","0.0","0.088","0.088"
"cg11132223","6401","0.0","0.8733333333333333","0.8733333333333333","0.8733333333333333","0.8733333333333333"
"cg11133658","286133","0.365","0.365","0.0","0.365","0.365"
"cg11139127","2","0.0","0.9135720165548152","0.9135720165548152","0.9135720165548152","0.9135720165548152"
"cg11154542","1514","nan","nan","0.0","nan","0.0"
"cg11157816","56944","0.4370904780403188","0.4370904780403188","0.0","0.4370904780403188","0.4370904780403188"
"cg11160572","23022","0.8766666666666667","0.8766666666666667","0.0","0.8766666666666667","0.8766666666666667"
"cg11169461","5270","nan","nan","0.0","nan","0.0"
"cg11202160","94031","0.0534848484848484","0.0534848484848484","0.0","0.0534848484848484","0.0534848484848484"
"cg11202345","3959","nan","nan","0.0","nan","0.0"
"cg11202422","9586","0.1863001612225315","0.1863001612225315","0.0","0.1863001612225315","0.1863001612225315"
"cg11229497","11074","0.9166032895019568","0.0","0.9166032895019568","0.9166032895019568","0.9166032895019568"
"cg11243634","4070","0.292661897490563","0.0","0.292661897490563","0.292661897490563","0.292661897490563"
"cg11261908","23564","0.035378180641","0.035378180641","0.0","0.035378180641","0.035378180641"
"cg11265836","11074","0.9166032895019568","0.0","0.9166032895019568","0.9166032895019568","0.9166032895019568"
"cg11295942","718","0.5835689820236495","0.5835689820236495","0.0","0.5835689820236495","0.5835689820236495"
"cg11301281","9586","0.1863001612225315","0.1863001612225315","0.0","0.1863001612225315","0.1863001612225315"
"cg11306701","1514","nan","nan","0.0","nan","0.0"
"cg11316904","9586","0.1863001612225315","0.1863001612225315","0.0","0.1863001612225315","0.1863001612225315"
"cg11319362","10550","nan","nan","0.0","nan","0.0"
"cg11335960","3671","0.7702602832803085","0.7702602832803085","0.0","0.7702602832803085","0.7702602832803085"
"cg11344614","58494","0.0","0.0311111111111111","0.0311111111111111","0.0311111111111111","0.0311111111111111"
"cg11344638","3872","0.7155623912165989","0.0","0.7155623912165989","0.7155623912165989","0.7155623912165989"
"cg11348165","2810","0.7221118247875102","0.0","0.7221118247875102","0.7221118247875102","0.7221118247875102"
"cg11348249","9590","0.6576617356201644","0.6576617356201644","0.0","0.6576617356201644","0.6576617356201644"
"cg11351958","871","0.0803333333333333","0.0803333333333333","0.0","0.0803333333333333","0.0803333333333333"
"cg11354906","6423","0.02","0.02","0.0","0.02","0.02"
"cg11372436","6649","0.3639285714285714","0.3639285714285714","0.0","0.3639285714285714","0.3639285714285714"
"cg11373810","27111","0.7744151646886404","0.0","0.7744151646886404","0.7744151646886404","0.7744151646886404"
"cg11391970","1293","0.7825930826507164","0.7825930826507164","0.0","0.7825930826507164","0.7825930826507164"
"cg11414742","54587","0.1670523252623975","0.1670523252623975","0.0","0.1670523252623975","0.1670523252623975"
"cg11421073","10550","nan","nan","0.0","nan","0.0"
"cg11427510","56999","0.0","0.0492","0.0492","0.0492","0.0492"
"cg11428066","9555","nan","nan","nan","0.0","0.0"
"cg11434614","23022","0.8766666666666667","0.8766666666666667","0.0","0.8766666666666667","0.8766666666666667"
"cg11450827","7122","0.0","0.8970095005763045","0.8970095005763045","0.8970095005763045","0.8970095005763045"
"cg11462865","3880","0.2021428571428571","0.0","0.2021428571428571","0.2021428571428571","0.2021428571428571"
"cg11467638","6423","0.02","0.02","0.0","0.02","0.02"
"cg11486295","2697","0.0","0.41","0.41","0.41","0.41"
"cg11489765","23022","0.8766666666666667","0.8766666666666667","0.0","0.8766666666666667","0.8766666666666667"
"cg11494773","7378","0.0","nan","nan","nan","0.0"
"cg11517378","347735","0.81","0.0","0.81","0.81","0.81"
"cg11529924","1292","0.1408949229746017","0.1408949229746017","0.0","0.1408949229746017","0.1408949229746017"
"cg11530213","5327","nan","nan","0.0","nan","0.0"
"cg11566172","54935","0.0","nan","nan","nan","0.0"
"cg11566561","25937","0.0","0.566392560112367","0.566392560112367","0.566392560112367","0.566392560112367"
"cg11570233","3664","0.0434161494238187","0.0","0.0434161494238187","0.0434161494238187","0.0434161494238187"
"cg11571702","9555","nan","nan","nan","0.0","0.0"
"cg11578532","100131187","0.2549300699300699","0.0","0.2549300699300699","0.2549300699300699","0.2549300699300699"
"cg11590170","2697","0.0","0.41","0.41","0.41","0.41"
"cg11594513","9555","nan","nan","nan","0.0","0.0"
"cg11609668","6876","0.4963636363636363","0.4963636363636363","0.0","0.4963636363636363","0.4963636363636363"
"cg11611448","2995","0.5969758988045732","0.5969758988045732","0.0","0.5969758988045732","0.5969758988045732"
"cg11615029","1277","nan","nan","0.0","nan","0.0"
"cg11622516","11167","nan","nan","0.0","nan","0.0"
"cg11641595","5270","nan","nan","0.0","nan","0.0"
"cg11662322","715","0.0325","0.0325","0.0","0.0325","0.0325"
"cg11692409","5176","0.7419971136334578","0.7419971136334578","0.0","0.7419971136334578","0.7419971136334578"
"cg11694510","8519","0.0","nan","nan","nan","0.0"
"cg11698119","3875","0.31625","0.0","0.31625","0.31625","0.31625"
"cg11700356","10457","0.91780441177638","0.91780441177638","0.0","0.91780441177638","0.91780441177638"
"cg11702455","84266","nan","nan","0.0","nan","0.0"
"cg11703011","5270","nan","nan","0.0","nan","0.0"
"cg11719885","5270","nan","nan","0.0","nan","0.0"
"cg11728201","9590","0.6576617356201644","0.6576617356201644","0.0","0.6576617356201644","0.6576617356201644"
"cg11729019","715","0.0325","0.0325","0.0","0.0325","0.0325"
"cg11731300","100131187","0.2549300699300699","0.0","0.2549300699300699","0.2549300699300699","0.2549300699300699"
"cg11737030","11074","0.9166032895019568","0.0","0.9166032895019568","0.9166032895019568","0.9166032895019568"
"cg11749672","951","0.9021819420607722","0.9021819420607722","0.9021819420607722","0.0","0.9021819420607722"
"cg11751101","715","0.0325","0.0325","0.0","0.0325","0.0325"
"cg11793332","1997","0.0","0.365","0.365","0.365","0.365"
"cg11802442","1999","0.8700000000000001","0.0","0.8700000000000001","0.8700000000000001","0.8700000000000001"
"cg11827925","358","0.0","0.557120275326885","0.557120275326885","0.557120275326885","0.557120275326885"
"cg11831043","9586","0.1863001612225315","0.1863001612225315","0.0","0.1863001612225315","0.1863001612225315"
"cg11849673","79742","0.0","0.86","0.86","0.86","0.86"
"cg11861562","6876","0.4963636363636363","0.4963636363636363","0.0","0.4963636363636363","0.4963636363636363"
"cg11862144","5268","0.9380031619724644","0.0","0.9380031619724644","0.9380031619724644","0.9380031619724644"
"cg11877297","311","0.1615384615384615","0.0","0.1615384615384615","0.1615384615384615","0.1615384615384615"
"cg11885201","7058","0.305","0.305","0.0","0.305","0.305"
"cg11900509","311","0.1615384615384615","0.0","0.1615384615384615","0.1615384615384615","0.1615384615384615"
"cg11910167","427","nan","nan","nan","0.0","0.0"
"cg11923296","25937","0.0","0.566392560112367","0.566392560112367","0.566392560112367","0.566392560112367"
"cg11946072","2098","nan","nan","0.0","nan","0.0"
"cg11946165","1513","0.9668705339977453","0.9668705339977453","0.0","0.9668705339977453","0.9668705339977453"
"cg11950577","2532","0.0","0.5825","0.5825","0.5825","0.5825"
"cg11959387","718","0.5835689820236495","0.5835689820236495","0.0","0.5835689820236495","0.5835689820236495"
"cg11967592","9586","0.1863001612225315","0.1863001612225315","0.0","0.1863001612225315","0.1863001612225315"
"cg11993636","1277","nan","nan","0.0","nan","0.0"
"cg12006425","219348","0.2510137134646975","0.2510137134646975","0.0","0.2510137134646975","0.2510137134646975"
"cg12034118","3664","0.0434161494238187","0.0","0.0434161494238187","0.0434161494238187","0.0434161494238187"
"cg12037947","22918","0.0","0.6015441923324496","0.6015441923324496","0.6015441923324496","0.6015441923324496"
"cg12043747","871","0.0803333333333333","0.0803333333333333","0.0","0.0803333333333333","0.0803333333333333"
"cg12051762","6876","0.4963636363636363","0.4963636363636363","0.0","0.4963636363636363","0.4963636363636363"
"cg12052340","427","nan","nan","nan","0.0","0.0"
"cg12054981","5327","nan","nan","0.0","nan","0.0"
"cg12058490","2","0.0","0.9135720165548152","0.9135720165548152","0.9135720165548152","0.9135720165548152"
"cg12059303","79742","0.0","0.86","0.86","0.86","0.86"
"cg12061236","9590","0.6576617356201644","0.6576617356201644","0.0","0.6576617356201644","0.6576617356201644"
"cg12091331","5327","nan","nan","0.0","nan","0.0"
"cg12097273","58191","0.065","0.065","0.065","0.0","0.065"
"cg12114933","7058","0.305","0.305","0.0","0.305","0.305"
"cg12116192","286133","0.365","0.365","0.0","0.365","0.365"
"cg12121782","3875","0.31625","0.0","0.31625","0.31625","0.31625"
"cg12141218","3914","0.6380300959605266","0.0","0.6380300959605266","0.6380300959605266","0.6380300959605266"
"cg12152443","11074","0.9166032895019568","0.0","0.9166032895019568","0.9166032895019568","0.9166032895019568"
"cg12160664","56944","0.4370904780403188","0.4370904780403188","0.0","0.4370904780403188","0.4370904780403188"
"cg12171896","10550","nan","nan","0.0","nan","0.0"
"cg12177001","3429","0.0","0.5792166453647069","0.5792166453647069","0.5792166453647069","0.5792166453647069"
"cg12180319","2200","0.3399919444800981","0.3399919444800981","0.0","0.3399919444800981","0.3399919444800981"
"cg12183978","5066","nan","nan","0.0","nan","0.0"
"cg12186702","83483","0.0","0.67","0.67","0.67","0.67"
"cg12187098","2","0.0","0.9135720165548152","0.9135720165548152","0.9135720165548152","0.9135720165548152"
"cg12187213","56999","0.0","0.0492","0.0492","0.0492","0.0492"
"cg12193099","7058","0.305","0.305","0.0","0.305","0.305"
"cg12199031","5268","0.9380031619724644","0.0","0.9380031619724644","0.9380031619724644","0.9380031619724644"
"cg12209042","132299","0.3514285714285714","0.0","0.3514285714285714","0.3514285714285714","0.3514285714285714"
"cg12220753","6342","nan","nan","0.0","nan","0.0"
"cg12229151","112464","0.0271428571428571","0.0271428571428571","0.0","0.0271428571428571","0.0271428571428571"
"cg12240992","286133","0.365","0.365","0.0","0.365","0.365"
"cg12242474","27111","0.7744151646886404","0.0","0.7744151646886404","0.7744151646886404","0.7744151646886404"
"cg12254648","10398","0.1652941176470588","0.1652941176470588","0.0","0.1652941176470588","0.1652941176470588"
"cg12279999","9590","0.6576617356201644","0.6576617356201644","0.0","0.6576617356201644","0.6576617356201644"
"cg12329318","1290","nan","nan","0.0","nan","0.0"
"cg12329404","1292","0.1408949229746017","0.1408949229746017","0.0","0.1408949229746017","0.1408949229746017"
"cg12351310","4724","nan","nan","0.0","nan","0.0"
"cg12417807","2","0.0","0.9135720165548152","0.9135720165548152","0.9135720165548152","0.9135720165548152"
"cg12422026","6342","nan","nan","0.0","nan","0.0"
"cg12423553","1292","0.1408949229746017","0.1408949229746017","0.0","0.1408949229746017","0.1408949229746017"
"cg12424329","2098","nan","nan","0.0","nan","0.0"
"cg12426196","100131187","0.2549300699300699","0.0","0.2549300699300699","0.2549300699300699","0.2549300699300699"
"cg12442899","23564","0.035378180641","0.035378180641","0.0","0.035378180641","0.035378180641"
"cg12449211","79742","0.0","0.86","0.86","0.86","0.86"
"cg12478066","54587","0.1670523252623975","0.1670523252623975","0.0","0.1670523252623975","0.1670523252623975"
"cg12478384","56999","0.0","0.0492","0.0492","0.0492","0.0492"
"cg12479098","112464","0.0271428571428571","0.0271428571428571","0.0","0.0271428571428571","0.0271428571428571"
"cg12491114","3880","0.2021428571428571","0.0","0.2021428571428571","0.2021428571428571","0.2021428571428571"
"cg12505362","84266","nan","nan","0.0","nan","0.0"
"cg12507125","25937","0.0","0.566392560112367","0.566392560112367","0.566392560112367","0.566392560112367"
"cg12508624","7070","0.6518542790402827","0.6518542790402827","0.0","0.6518542790402827","0.6518542790402827"
"cg12516954","9555","nan","nan","nan","0.0","0.0"
"cg12523691","23022","0.8766666666666667","0.8766666666666667","0.0","0.8766666666666667","0.8766666666666667"
"cg12537665","1277","nan","nan","0.0","nan","0.0"
"cg12547531","358","0.0","0.557120275326885","0.557120275326885","0.557120275326885","0.557120275326885"
"cg12552104","9586","0.1863001612225315","0.1863001612225315","0.0","0.1863001612225315","0.1863001612225315"
"cg12565635","10551","0.875","0.0","0.875","0.875","0.875"
"cg12568368","1997","0.0","0.365","0.365","0.365","0.365"
"cg12583970","2810","0.7221118247875102","0.0","0.7221118247875102","0.7221118247875102","0.7221118247875102"
"cg12591315","9976","0.0","0.7438376803028303","0.7438376803028303","0.7438376803028303","0.7438376803028303"
"cg12594244","4016","0.333857788544925","0.333857788544925","0.0","0.333857788544925","0.333857788544925"
"cg12595439","7803","nan","0.0","nan","nan","0.0"
"cg12628070","23022","0.8766666666666667","0.8766666666666667","0.0","0.8766666666666667","0.8766666666666667"
"cg12630018","27111","0.7744151646886404","0.0","0.7744151646886404","0.7744151646886404","0.7744151646886404"
"cg12654790","7805","0.8597257640364617","0.8597257640364617","0.8597257640364617","0.0","0.8597257640364617"
"cg12681727","1293","0.7825930826507164","0.7825930826507164","0.0","0.7825930826507164","0.7825930826507164"
"cg12684668","2878","0.088","0.088","0.0","0.088","0.088"
"cg12690978","8076","0.8600000000000001","0.8600000000000001","0.0","0.8600000000000001","0.8600000000000001"
"cg12691679","1997","0.0","0.365","0.365","0.365","0.365"
"cg12719753","3671","0.7702602832803085","0.7702602832803085","0.0","0.7702602832803085","0.7702602832803085"
"cg12722469","558","0.02","0.02","0.0","0.02","0.02"
"cg12732155","7805","0.8597257640364617","0.8597257640364617","0.8597257640364617","0.0","0.8597257640364617"
"cg12748491","23022","0.8766666666666667","0.8766666666666667","0.0","0.8766666666666667","0.8766666666666667"
"cg12755421","112464","0.0271428571428571","0.0271428571428571","0.0","0.0271428571428571","0.0271428571428571"
"cg12766975","3664","0.0434161494238187","0.0","0.0434161494238187","0.0434161494238187","0.0434161494238187"
"cg12768523","23022","0.8766666666666667","0.8766666666666667","0.0","0.8766666666666667","0.8766666666666667"
"cg12782654","57124","0.0599844353695468","0.0599844353695468","0.0","0.0599844353695468","0.0599844353695468"
"cg12787553","1522","0.4261904761904762","0.4261904761904762","0.4261904761904762","0.0","0.4261904761904762"
"cg12794224","9590","0.6576617356201644","0.6576617356201644","0.0","0.6576617356201644","0.6576617356201644"
"cg12823072","286133","0.365","0.365","0.0","0.365","0.365"
"cg12831034","1522","0.4261904761904762","0.4261904761904762","0.4261904761904762","0.0","0.4261904761904762"
"cg12837046","10252","0.0","0.0288888888888888","0.0288888888888888","0.0288888888888888","0.0288888888888888"
"cg12839654","7378","0.0","nan","nan","nan","0.0"
"cg12840248","3109","0.5608799982664641","0.5608799982664641","0.5608799982664641","0.0","0.5608799982664641"
"cg12857652","7803","nan","0.0","nan","nan","0.0"
"cg12871463","3880","0.2021428571428571","0.0","0.2021428571428571","0.2021428571428571","0.2021428571428571"
"cg12873119","22918","0.0","0.6015441923324496","0.6015441923324496","0.6015441923324496","0.6015441923324496"
"cg12873610","83871","0.8712500000000001","0.8712500000000001","0.0","0.8712500000000001","0.8712500000000001"
"cg12887188","311","0.1615384615384615","0.0","0.1615384615384615","0.1615384615384615","0.1615384615384615"
"cg12898512","100131187","0.2549300699300699","0.0","0.2549300699300699","0.2549300699300699","0.2549300699300699"
"cg12923449","1281","0.6525388179447409","0.6525388179447409","0.0","0.6525388179447409","0.6525388179447409"
"cg12966875","6590","0.79","0.79","0.0","0.79","0.79"
"cg12975862","2200","0.3399919444800981","0.3399919444800981","0.0","0.3399919444800981","0.3399919444800981"
"cg13002493","3880","0.2021428571428571","0.0","0.2021428571428571","0.2021428571428571","0.2021428571428571"
"cg13004280","5270","nan","nan","0.0","nan","0.0"
"cg13021192","1522","0.4261904761904762","0.4261904761904762","0.4261904761904762","0.0","0.4261904761904762"
"cg13030582","4239","0.4159903157253002","0.4159903157253002","0.0","0.4159903157253002","0.4159903157253002"
"cg13033898","9590","0.6576617356201644","0.6576617356201644","0.0","0.6576617356201644","0.6576617356201644"
"cg13068653","6876","0.4963636363636363","0.4963636363636363","0.0","0.4963636363636363","0.4963636363636363"
"cg13078931","6342","nan","nan","0.0","nan","0.0"
"cg13081720","2878","0.088","0.088","0.0","0.088","0.088"
"cg13087969","10268","0.0","0.024","0.024","0.024","0.024"
"cg13096007","6649","0.3639285714285714","0.3639285714285714","0.0","0.3639285714285714","0.3639285714285714"
"cg13104385","3569","0.0","0.1701842557021957","0.1701842557021957","0.1701842557021957","0.1701842557021957"
"cg13116733","9586","0.1863001612225315","0.1863001612225315","0.0","0.1863001612225315","0.1863001612225315"
"cg13120519","84266","nan","nan","0.0","nan","0.0"
"cg13124863","286133","0.365","0.365","0.0","0.365","0.365"
"cg13152535","6320","0.52","0.52","0.0","0.52","0.52"
"cg13181537","3248","0.0466666666666666","0.0","0.0466666666666666","0.0466666666666666","0.0466666666666666"
"cg13184777","347735","0.81","0.0","0.81","0.81","0.81"
"cg13196879","11074","0.9166032895019568","0.0","0.9166032895019568","0.9166032895019568","0.9166032895019568"
"cg13199958","9590","0.6576617356201644","0.6576617356201644","0.0","0.6576617356201644","0.6576617356201644"
"cg13211559","5320","0.93","0.93","0.0","0.93","0.93"
"cg13213009","23643","0.0","0.84","0.84","0.84","0.84"
"cg13217451","1293","0.7825930826507164","0.7825930826507164","0.0","0.7825930826507164","0.7825930826507164"
"cg13228041","2207","0.895074651733345","0.895074651733345","0.895074651733345","0.0","0.895074651733345"
"cg13235717","2810","0.7221118247875102","0.0","0.7221118247875102","0.7221118247875102","0.7221118247875102"
"cg13246468","7805","0.8597257640364617","0.8597257640364617","0.8597257640364617","0.0","0.8597257640364617"
"cg13248115","7070","0.6518542790402827","0.6518542790402827","0.0","0.6518542790402827","0.6518542790402827"
"cg13248811","6649","0.3639285714285714","0.3639285714285714","0.0","0.3639285714285714","0.3639285714285714"
"cg13264394","4154","0.0","0.6025","0.6025","0.6025","0.6025"
"cg13301014","10653","0.0887254695","0.0","0.0887254695","0.0887254695","0.0887254695"
"cg13318914","23564","0.035378180641","0.035378180641","0.0","0.035378180641","0.035378180641"
"cg13331610","11167","nan","nan","0.0","nan","0.0"
"cg13350783","3860","0.9312880986479802","0.0","0.9312880986479802","0.9312880986479802","0.9312880986479802"
"cg13356370","8483","0.7575","0.7575","0.0","0.7575","0.7575"
"cg13357229","6423","0.02","0.02","0.0","0.02","0.02"
"cg13374701","2810","0.7221118247875102","0.0","0.7221118247875102","0.7221118247875102","0.7221118247875102"
"cg13383058","57124","0.0599844353695468","0.0599844353695468","0.0","0.0599844353695468","0.0599844353695468"
"cg13392302","8000","0.6084291502812684","0.0","0.6084291502812684","0.6084291502812684","0.6084291502812684"
"cg13393580","54587","0.1670523252623975","0.1670523252623975","0.0","0.1670523252623975","0.1670523252623975"
"cg13393917","56944","0.4370904780403188","0.4370904780403188","0.0","0.4370904780403188","0.4370904780403188"
"cg13408152","11167","nan","nan","0.0","nan","0.0"
"cg13430376","3860","0.9312880986479802","0.0","0.9312880986479802","0.9312880986479802","0.9312880986479802"
"cg13436843","11074","0.9166032895019568","0.0","0.9166032895019568","0.9166032895019568","0.9166032895019568"
"cg13443627","4070","0.292661897490563","0.0","0.292661897490563","0.292661897490563","0.292661897490563"
"cg13446199","8000","0.6084291502812684","0.0","0.6084291502812684","0.6084291502812684","0.6084291502812684"
"cg13446859","11074","0.9166032895019568","0.0","0.9166032895019568","0.9166032895019568","0.9166032895019568"
"cg13448906","3488","0.5125","0.5125","0.0","0.5125","0.5125"
"cg13453973","358","0.0","0.557120275326885","0.557120275326885","0.557120275326885","0.557120275326885"
"cg13458253","311","0.1615384615384615","0.0","0.1615384615384615","0.1615384615384615","0.1615384615384615"
"cg13458609","2022","0.0","0.742288624065208","0.742288624065208","0.742288624065208","0.742288624065208"
"cg13460297","1781","nan","nan","0.0","nan","0.0"
"cg13460643","50486","0.0248809523809523","0.0248809523809523","0.0248809523809523","0.0","0.0248809523809523"
"cg13466284","2810","0.7221118247875102","0.0","0.7221118247875102","0.7221118247875102","0.7221118247875102"
"cg13466383","100131187","0.2549300699300699","0.0","0.2549300699300699","0.2549300699300699","0.2549300699300699"
"cg13476664","947","0.28","0.28","0.0","0.28","0.28"
"cg13495373","9586","0.1863001612225315","0.1863001612225315","0.0","0.1863001612225315","0.1863001612225315"
"cg13500029","11010","0.3037408157638749","0.3037408157638749","0.3037408157638749","0.0","0.3037408157638749"
"cg13500720","9590","0.6576617356201644","0.6576617356201644","0.0","0.6576617356201644","0.6576617356201644"
"cg13501202","1293","0.7825930826507164","0.7825930826507164","0.0","0.7825930826507164","0.7825930826507164"
"cg13502931","1293","0.7825930826507164","0.7825930826507164","0.0","0.7825930826507164","0.7825930826507164"
"cg13504410","1781","nan","nan","0.0","nan","0.0"
"cg13524037","3109","0.5608799982664641","0.5608799982664641","0.5608799982664641","0.0","0.5608799982664641"
"cg13524082","7070","0.6518542790402827","0.6518542790402827","0.0","0.6518542790402827","0.6518542790402827"
"cg13537346","1293","0.7825930826507164","0.7825930826507164","0.0","0.7825930826507164","0.7825930826507164"
"cg13545897","9586","0.1863001612225315","0.1863001612225315","0.0","0.1863001612225315","0.1863001612225315"
"cg13550731","1781","nan","nan","0.0","nan","0.0"
"cg13563405","427","nan","nan","nan","0.0","0.0"
"cg13565401","3109","0.5608799982664641","0.5608799982664641","0.5608799982664641","0.0","0.5608799982664641"
"cg13573928","23022","0.8766666666666667","0.8766666666666667","0.0","0.8766666666666667","0.8766666666666667"
"cg13578303","951","0.9021819420607722","0.9021819420607722","0.9021819420607722","0.0","0.9021819420607722"
"cg13588826","1292","0.1408949229746017","0.1408949229746017","0.0","0.1408949229746017","0.1408949229746017"
"cg13597051","23564","0.035378180641","0.035378180641","0.0","0.035378180641","0.035378180641"
"cg13624320","9555","nan","nan","nan","0.0","0.0"
"cg13626632","2040","0.0","nan","nan","nan","0.0"
"cg13655570","5118","0.8916061148881612","0.8916061148881612","0.0","0.8916061148881612","0.8916061148881612"
"cg13676312","1805","0.885","0.885","0.0","0.885","0.885"
"cg13679724","8076","0.8600000000000001","0.8600000000000001","0.0","0.8600000000000001","0.8600000000000001"
"cg13685833","6342","nan","nan","0.0","nan","0.0"
"cg13695498","23022","0.8766666666666667","0.8766666666666667","0.0","0.8766666666666667","0.8766666666666667"
"cg13702222","4154","0.0","0.6025","0.6025","0.6025","0.6025"
"cg13709561","286133","0.365","0.365","0.0","0.365","0.365"
"cg13732865","6423","0.02","0.02","0.0","0.02","0.02"
"cg13758960","79742","0.0","0.86","0.86","0.86","0.86"
"cg13759446","4312","0.8997864580531301","0.0","0.8997864580531301","0.8997864580531301","0.8997864580531301"
"cg13761843","2022","0.0","0.742288624065208","0.742288624065208","0.742288624065208","0.742288624065208"
"cg13769223","58494","0.0","0.0311111111111111","0.0311111111111111","0.0311111111111111","0.0311111111111111"
"cg13770399","7803","nan","0.0","nan","nan","0.0"
"cg13786801","4070","0.292661897490563","0.0","0.292661897490563","0.292661897490563","0.292661897490563"
"cg13794009","23564","0.035378180641","0.035378180641","0.0","0.035378180641","0.035378180641"
"cg13795831","1522","0.4261904761904762","0.4261904761904762","0.4261904761904762","0.0","0.4261904761904762"
"cg13798825","9586","0.1863001612225315","0.1863001612225315","0.0","0.1863001612225315","0.1863001612225315"
"cg13802942","2040","0.0","nan","nan","nan","0.0"
"cg13841742","132299","0.3514285714285714","0.0","0.3514285714285714","0.3514285714285714","0.3514285714285714"
"cg13844922","2877","0.7866666666666666","0.0","0.7866666666666666","0.7866666666666666","0.7866666666666666"
"cg13853198","2207","0.895074651733345","0.895074651733345","0.895074651733345","0.0","0.895074651733345"
"cg13860849","57124","0.0599844353695468","0.0599844353695468","0.0","0.0599844353695468","0.0599844353695468"
"cg13880167","5327","nan","nan","0.0","nan","0.0"
"cg13901526","2995","0.5969758988045732","0.5969758988045732","0.0","0.5969758988045732","0.5969758988045732"
"cg13902069","1292","0.1408949229746017","0.1408949229746017","0.0","0.1408949229746017","0.1408949229746017"
"cg13906823","100131187","0.2549300699300699","0.0","0.2549300699300699","0.2549300699300699","0.2549300699300699"
"cg13927501","11074","0.9166032895019568","0.0","0.9166032895019568","0.9166032895019568","0.9166032895019568"
"cg13985445","1514","nan","nan","0.0","nan","0.0"
"cg13995399","9586","0.1863001612225315","0.1863001612225315","0.0","0.1863001612225315","0.1863001612225315"
"cg13995916","7058","0.305","0.305","0.0","0.305","0.305"
"cg14004049","90843","nan","nan","0.0","nan","0.0"
"cg14006741","27111","0.7744151646886404","0.0","0.7744151646886404","0.7744151646886404","0.7744151646886404"
"cg14016554","23564","0.035378180641","0.035378180641","0.0","0.035378180641","0.035378180641"
"cg14023874","1805","0.885","0.885","0.0","0.885","0.885"
"cg14027234","57124","0.0599844353695468","0.0599844353695468","0.0","0.0599844353695468","0.0599844353695468"
"cg14031465","8581","0.7891648678979188","0.0","0.7891648678979188","0.7891648678979188","0.7891648678979188"
"cg14033170","9586","0.1863001612225315","0.1863001612225315","0.0","0.1863001612225315","0.1863001612225315"
"cg14041812","23022","0.8766666666666667","0.8766666666666667","0.0","0.8766666666666667","0.8766666666666667"
"cg14042714","718","0.5835689820236495","0.5835689820236495","0.0","0.5835689820236495","0.5835689820236495"
"cg14047091","5118","0.8916061148881612","0.8916061148881612","0.0","0.8916061148881612","0.8916061148881612"
"cg14055970","2022","0.0","0.742288624065208","0.742288624065208","0.742288624065208","0.742288624065208"
"cg14063488","6423","0.02","0.02","0.0","0.02","0.02"
"cg14069287","23022","0.8766666666666667","0.8766666666666667","0.0","0.8766666666666667","0.8766666666666667"
"cg14073862","3959","nan","nan","0.0","nan","0.0"
"cg14074201","23564","0.035378180641","0.035378180641","0.0","0.035378180641","0.035378180641"
"cg14075645","1292","0.1408949229746017","0.1408949229746017","0.0","0.1408949229746017","0.1408949229746017"
"cg14088811","6688","0.6975","0.6975","0.6975","0.0","0.6975"
"cg14110548","10870","0.745","0.745","0.745","0.0","0.745"
"cg14117934","3553","0.5816740237503185","0.5816740237503185","0.5816740237503185","0.0","0.5816740237503185"
"cg14120049","126393","0.46","0.46","0.0","0.46","0.46"
"cg14126484","27111","0.7744151646886404","0.0","0.7744151646886404","0.7744151646886404","0.7744151646886404"
"cg14127947","94031","0.0534848484848484","0.0534848484848484","0.0","0.0534848484848484","0.0534848484848484"
"cg14133541","11010","0.3037408157638749","0.3037408157638749","0.3037408157638749","0.0","0.3037408157638749"
"cg14140874","871","0.0803333333333333","0.0803333333333333","0.0","0.0803333333333333","0.0803333333333333"
"cg14164380","2200","0.3399919444800981","0.3399919444800981","0.0","0.3399919444800981","0.3399919444800981"
"cg14178380","311","0.1615384615384615","0.0","0.1615384615384615","0.1615384615384615","0.1615384615384615"
"cg14185922","2022","0.0","0.742288624065208","0.742288624065208","0.742288624065208","0.742288624065208"
"cg14187266","56999","0.0","0.0492","0.0492","0.0492","0.0492"
"cg14190128","1514","nan","nan","0.0","nan","0.0"
"cg14212748","3875","0.31625","0.0","0.31625","0.31625","0.31625"
"cg14215970","2040","0.0","nan","nan","nan","0.0"
"cg14219620","9590","0.6576617356201644","0.6576617356201644","0.0","0.6576617356201644","0.6576617356201644"
"cg14225450","7058","0.305","0.305","0.0","0.305","0.305"
"cg14236855","1514","nan","nan","0.0","nan","0.0"
"cg14242292","9555","nan","nan","nan","0.0","0.0"
"cg14243623","1514","nan","nan","0.0","nan","0.0"
"cg14256643","5270","nan","nan","0.0","nan","0.0"
"cg14260643","1577","0.8766666666666667","0.0","0.8766666666666667","0.8766666666666667","0.8766666666666667"
"cg14265670","7378","0.0","nan","nan","nan","0.0"
"cg14270725","54587","0.1670523252623975","0.1670523252623975","0.0","0.1670523252623975","0.1670523252623975"
"cg14273401","11074","0.9166032895019568","0.0","0.9166032895019568","0.9166032895019568","0.9166032895019568"
"cg14279361","718","0.5835689820236495","0.5835689820236495","0.0","0.5835689820236495","0.5835689820236495"
"cg14288066","1293","0.7825930826507164","0.7825930826507164","0.0","0.7825930826507164","0.7825930826507164"
"cg14289246","6423","0.02","0.02","0.0","0.02","0.02"
"cg14293129","23564","0.035378180641","0.035378180641","0.0","0.035378180641","0.035378180641"
"cg14294076","23564","0.035378180641","0.035378180641","0.0","0.035378180641","0.035378180641"
"cg14307687","9586","0.1863001612225315","0.1863001612225315","0.0","0.1863001612225315","0.1863001612225315"
"cg14330641","6423","0.02","0.02","0.0","0.02","0.02"
"cg14333454","2810","0.7221118247875102","0.0","0.7221118247875102","0.7221118247875102","0.7221118247875102"
"cg14343962","2200","0.3399919444800981","0.3399919444800981","0.0","0.3399919444800981","0.3399919444800981"
"cg14352715","3429","0.0","0.5792166453647069","0.5792166453647069","0.5792166453647069","0.5792166453647069"
"cg14365564","2040","0.0","nan","nan","nan","0.0"
"cg14435644","6423","0.02","0.02","0.0","0.02","0.02"
"cg14435807","4016","0.333857788544925","0.333857788544925","0.0","0.333857788544925","0.333857788544925"
"cg14444376","10457","0.91780441177638","0.91780441177638","0.0","0.91780441177638","0.91780441177638"
"cg14475554","3914","0.6380300959605266","0.0","0.6380300959605266","0.6380300959605266","0.6380300959605266"
"cg14488288","7058","0.305","0.305","0.0","0.305","0.305"
"cg14533957","23564","0.035378180641","0.035378180641","0.0","0.035378180641","0.035378180641"
"cg14543953","4312","0.8997864580531301","0.0","0.8997864580531301","0.8997864580531301","0.8997864580531301"
"cg14549078","2200","0.3399919444800981","0.3399919444800981","0.0","0.3399919444800981","0.3399919444800981"
"cg14551616","9586","0.1863001612225315","0.1863001612225315","0.0","0.1863001612225315","0.1863001612225315"
"cg14553600","58494","0.0","0.0311111111111111","0.0311111111111111","0.0311111111111111","0.0311111111111111"
"cg14553765","7122","0.0","0.8970095005763045","0.8970095005763045","0.8970095005763045","0.8970095005763045"
"cg14556851","1293","0.7825930826507164","0.7825930826507164","0.0","0.7825930826507164","0.7825930826507164"
"cg14557185","25937","0.0","0.566392560112367","0.566392560112367","0.566392560112367","0.566392560112367"
"cg14557714","1514","nan","nan","0.0","nan","0.0"
"cg14562086","1277","nan","nan","0.0","nan","0.0"
"cg14568971","11010","0.3037408157638749","0.3037408157638749","0.3037408157638749","0.0","0.3037408157638749"
"cg14571619","25890","0.45","0.45","0.0","0.45","0.45"
"cg14575484","3488","0.5125","0.5125","0.0","0.5125","0.5125"
"cg14585892","8581","0.7891648678979188","0.0","0.7891648678979188","0.7891648678979188","0.7891648678979188"
"cg14609407","6590","0.79","0.79","0.0","0.79","0.79"
"cg14627862","7058","0.305","0.305","0.0","0.305","0.305"
"cg14632002","2040","0.0","nan","nan","nan","0.0"
"cg14632030","58475","0.41","0.41","0.41","0.0","0.41"
"cg14639567","1293","0.7825930826507164","0.7825930826507164","0.0","0.7825930826507164","0.7825930826507164"
"cg14670303","7058","0.305","0.305","0.0","0.305","0.305"
"cg14691963","25937","0.0","0.566392560112367","0.566392560112367","0.566392560112367","0.566392560112367"
"cg14694191","199","0.6779539196068811","0.6779539196068811","0.6779539196068811","0.0","0.6779539196068811"
"cg14700325","1277","nan","nan","0.0","nan","0.0"
"cg14717759","7803","nan","0.0","nan","nan","0.0"
"cg14773826","4724","nan","nan","0.0","nan","0.0"
"cg14775751","311","0.1615384615384615","0.0","0.1615384615384615","0.1615384615384615","0.1615384615384615"
"cg14780066","84266","nan","nan","0.0","nan","0.0"
"cg14781190","347735","0.81","0.0","0.81","0.81","0.81"
"cg14793596","54587","0.1670523252623975","0.1670523252623975","0.0","0.1670523252623975","0.1670523252623975"
"cg14796406","10512","0.0446576948739948","0.0446576948739948","0.0","0.0446576948739948","0.0446576948739948"
"cg14803765","9586","0.1863001612225315","0.1863001612225315","0.0","0.1863001612225315","0.1863001612225315"
"cg14821008","7803","nan","0.0","nan","nan","0.0"
"cg14824901","50486","0.0248809523809523","0.0248809523809523","0.0248809523809523","0.0","0.0248809523809523"
"cg14825555","2810","0.7221118247875102","0.0","0.7221118247875102","0.7221118247875102","0.7221118247875102"
"cg14832352","1277","nan","nan","0.0","nan","0.0"
"cg14841879","23022","0.8766666666666667","0.8766666666666667","0.0","0.8766666666666667","0.8766666666666667"
"cg14852355","4016","0.333857788544925","0.333857788544925","0.0","0.333857788544925","0.333857788544925"
"cg14862378","311","0.1615384615384615","0.0","0.1615384615384615","0.1615384615384615","0.1615384615384615"
"cg14862787","9586","0.1863001612225315","0.1863001612225315","0.0","0.1863001612225315","0.1863001612225315"
"cg14870271","3959","nan","nan","0.0","nan","0.0"
"cg14880527","311","0.1615384615384615","0.0","0.1615384615384615","0.1615384615384615","0.1615384615384615"
"cg14892768","558","0.02","0.02","0.0","0.02","0.02"
"cg14917706","286133","0.365","0.365","0.0","0.365","0.365"
"cg14927519","9586","0.1863001612225315","0.1863001612225315","0.0","0.1863001612225315","0.1863001612225315"
"cg14928764","22918","0.0","0.6015441923324496","0.6015441923324496","0.6015441923324496","0.6015441923324496"
"cg14935258","56999","0.0","0.0492","0.0492","0.0492","0.0492"
"cg14947787","2877","0.7866666666666666","0.0","0.7866666666666666","0.7866666666666666","0.7866666666666666"
"cg14960373","1292","0.1408949229746017","0.1408949229746017","0.0","0.1408949229746017","0.1408949229746017"
"cg14963062","84266","nan","nan","0.0","nan","0.0"
"cg14967066","8519","0.0","nan","nan","nan","0.0"
"cg14969542","25890","0.45","0.45","0.0","0.45","0.45"
"cg14983135","7378","0.0","nan","nan","nan","0.0"
"cg14991110","219348","0.2510137134646975","0.2510137134646975","0.0","0.2510137134646975","0.2510137134646975"
"cg14999001","10268","0.0","0.024","0.024","0.024","0.024"
"cg15028548","25890","0.45","0.45","0.0","0.45","0.45"
"cg15029285","79742","0.0","0.86","0.86","0.86","0.86"
"cg15035558","2200","0.3399919444800981","0.3399919444800981","0.0","0.3399919444800981","0.3399919444800981"
"cg15043384","25937","0.0","0.566392560112367","0.566392560112367","0.566392560112367","0.566392560112367"
"cg15046675","951","0.9021819420607722","0.9021819420607722","0.9021819420607722","0.0","0.9021819420607722"
"cg15087129","1292","0.1408949229746017","0.1408949229746017","0.0","0.1408949229746017","0.1408949229746017"
"cg15088324","718","0.5835689820236495","0.5835689820236495","0.0","0.5835689820236495","0.5835689820236495"
"cg15093247","11074","0.9166032895019568","0.0","0.9166032895019568","0.9166032895019568","0.9166032895019568"
"cg15095917","968","0.44","0.44","0.44","0.0","0.44"
"cg15109851","11167","nan","nan","0.0","nan","0.0"
"cg15119221","4239","0.4159903157253002","0.4159903157253002","0.0","0.4159903157253002","0.4159903157253002"
"cg15120555","1293","0.7825930826507164","0.7825930826507164","0.0","0.7825930826507164","0.7825930826507164"
"cg15147113","5270","nan","nan","0.0","nan","0.0"
"cg15149645","26471","0.7710404384812783","0.7710404384812783","0.0","0.7710404384812783","0.7710404384812783"
"cg15166492","7070","0.6518542790402827","0.6518542790402827","0.0","0.6518542790402827","0.6518542790402827"
"cg15166900","10550","nan","nan","0.0","nan","0.0"
"cg15186042","311","0.1615384615384615","0.0","0.1615384615384615","0.1615384615384615","0.1615384615384615"
"cg15198788","347735","0.81","0.0","0.81","0.81","0.81"
"cg15202102","112464","0.0271428571428571","0.0271428571428571","0.0","0.0271428571428571","0.0271428571428571"
"cg15202908","718","0.5835689820236495","0.5835689820236495","0.0","0.5835689820236495","0.5835689820236495"
"cg15206981","10252","0.0","0.0288888888888888","0.0288888888888888","0.0288888888888888","0.0288888888888888"
"cg15216858","7058","0.305","0.305","0.0","0.305","0.305"
"cg15219347","83483","0.0","0.67","0.67","0.67","0.67"
"cg15238224","11074","0.9166032895019568","0.0","0.9166032895019568","0.9166032895019568","0.9166032895019568"
"cg15242570","1514","nan","nan","0.0","nan","0.0"
"cg15257783","1577","0.8766666666666667","0.0","0.8766666666666667","0.8766666666666667","0.8766666666666667"
"cg15260780","23564","0.035378180641","0.035378180641","0.0","0.035378180641","0.035378180641"
"cg15264752","23564","0.035378180641","0.035378180641","0.0","0.035378180641","0.035378180641"
"cg15271813","25937","0.0","0.566392560112367","0.566392560112367","0.566392560112367","0.566392560112367"
"cg15309910","22918","0.0","0.6015441923324496","0.6015441923324496","0.6015441923324496","0.6015441923324496"
"cg15343510","199","0.6779539196068811","0.6779539196068811","0.6779539196068811","0.0","0.6779539196068811"
"cg15347662","94031","0.0534848484848484","0.0534848484848484","0.0","0.0534848484848484","0.0534848484848484"
"cg15353444","5270","nan","nan","0.0","nan","0.0"
"cg15371711","10398","0.1652941176470588","0.1652941176470588","0.0","0.1652941176470588","0.1652941176470588"
"cg15373767","358","0.0","0.557120275326885","0.557120275326885","0.557120275326885","0.557120275326885"
"cg15375239","10653","0.0887254695","0.0","0.0887254695","0.0887254695","0.0887254695"
"cg15376097","10205","0.4","0.0","0.4","0.4","0.4"
"cg15385562","2200","0.3399919444800981","0.3399919444800981","0.0","0.3399919444800981","0.3399919444800981"
"cg15386434","54587","0.1670523252623975","0.1670523252623975","0.0","0.1670523252623975","0.1670523252623975"
"cg15395354","125","0.675","0.675","0.0","0.675","0.675"
"cg15422147","5268","0.9380031619724644","0.0","0.9380031619724644","0.9380031619724644","0.9380031619724644"
"cg15435765","1277","nan","nan","0.0","nan","0.0"
"cg15449664","7070","0.6518542790402827","0.6518542790402827","0.0","0.6518542790402827","0.6518542790402827"
"cg15459165","7805","0.8597257640364617","0.8597257640364617","0.8597257640364617","0.0","0.8597257640364617"
"cg15472728","54587","0.1670523252623975","0.1670523252623975","0.0","0.1670523252623975","0.1670523252623975"
"cg15474754","3248","0.0466666666666666","0.0","0.0466666666666666","0.0466666666666666","0.0466666666666666"
"cg15480336","3671","0.7702602832803085","0.7702602832803085","0.0","0.7702602832803085","0.7702602832803085"
"cg15480962","11074","0.9166032895019568","0.0","0.9166032895019568","0.9166032895019568","0.9166032895019568"
"cg15481294","718","0.5835689820236495","0.5835689820236495","0.0","0.5835689820236495","0.5835689820236495"
"cg15488194","4154","0.0","0.6025","0.6025","0.6025","0.6025"
"cg15534755","6876","0.4963636363636363","0.4963636363636363","0.0","0.4963636363636363","0.4963636363636363"
"cg15556990","10512","0.0446576948739948","0.0446576948739948","0.0","0.0446576948739948","0.0446576948739948"
"cg15575914","2995","0.5969758988045732","0.5969758988045732","0.0","0.5969758988045732","0.5969758988045732"
"cg15601071","11074","0.9166032895019568","0.0","0.9166032895019568","0.9166032895019568","0.9166032895019568"
"cg15613420","9555","nan","nan","nan","0.0","0.0"
"cg15617297","311","0.1615384615384615","0.0","0.1615384615384615","0.1615384615384615","0.1615384615384615"
"cg15626105","25890","0.45","0.45","0.0","0.45","0.45"
"cg15636792","1292","0.1408949229746017","0.1408949229746017","0.0","0.1408949229746017","0.1408949229746017"
"cg15644610","7305","0.81","0.81","0.81","0.0","0.81"
"cg15645491","27111","0.7744151646886404","0.0","0.7744151646886404","0.7744151646886404","0.7744151646886404"
"cg15664462","4154","0.0","0.6025","0.6025","0.6025","0.6025"
"cg15688197","2","0.0","0.9135720165548152","0.9135720165548152","0.9135720165548152","0.9135720165548152"
"cg15693625","6342","nan","nan","0.0","nan","0.0"
"cg15697440","10512","0.0446576948739948","0.0446576948739948","0.0","0.0446576948739948","0.0446576948739948"
"cg15703690","3569","0.0","0.1701842557021957","0.1701842557021957","0.1701842557021957","0.1701842557021957"
"cg15704358","168537","0.0","0.7504331019515231","0.7504331019515231","0.7504331019515231","0.7504331019515231"
"cg15718066","23022","0.8766666666666667","0.8766666666666667","0.0","0.8766666666666667","0.8766666666666667"
"cg15731772","5270","nan","nan","0.0","nan","0.0"
"cg15738450","11074","0.9166032895019568","0.0","0.9166032895019568","0.9166032895019568","0.9166032895019568"
"cg15742468","9590","0.6576617356201644","0.6576617356201644","0.0","0.6576617356201644","0.6576617356201644"
"cg15747921","1293","0.7825930826507164","0.7825930826507164","0.0","0.7825930826507164","0.7825930826507164"
"cg15755240","718","0.5835689820236495","0.5835689820236495","0.0","0.5835689820236495","0.5835689820236495"
"cg15755426","30851","nan","nan","0.0","nan","0.0"
"cg15768103","2995","0.5969758988045732","0.5969758988045732","0.0","0.5969758988045732","0.5969758988045732"
"cg15776355","715","0.0325","0.0325","0.0","0.0325","0.0325"
"cg15793573","286133","0.365","0.365","0.0","0.365","0.365"
"cg15805540","7803","nan","0.0","nan","nan","0.0"
"cg15815843","8076","0.8600000000000001","0.8600000000000001","0.0","0.8600000000000001","0.8600000000000001"
"cg15836722","3553","0.5816740237503185","0.5816740237503185","0.5816740237503185","0.0","0.5816740237503185"
"cg15837470","715","0.0325","0.0325","0.0","0.0325","0.0325"
"cg15849098","168537","0.0","0.7504331019515231","0.7504331019515231","0.7504331019515231","0.7504331019515231"
"cg15888087","9555","nan","nan","nan","0.0","0.0"
"cg15892964","9590","0.6576617356201644","0.6576617356201644","0.0","0.6576617356201644","0.6576617356201644"
"cg15900387","1520","0.76","0.76","0.76","0.0","0.76"
"cg15945333","6688","0.6975","0.6975","0.6975","0.0","0.6975"
"cg15948536","23022","0.8766666666666667","0.8766666666666667","0.0","0.8766666666666667","0.8766666666666667"
"cg15951466","11074","0.9166032895019568","0.0","0.9166032895019568","0.9166032895019568","0.9166032895019568"
"cg15956237","56999","0.0","0.0492","0.0492","0.0492","0.0492"
"cg15961716","1292","0.1408949229746017","0.1408949229746017","0.0","0.1408949229746017","0.1408949229746017"
"cg15975865","2995","0.5969758988045732","0.5969758988045732","0.0","0.5969758988045732","0.5969758988045732"
"cg15982099","6688","0.6975","0.6975","0.6975","0.0","0.6975"
"cg15999165","5066","nan","nan","0.0","nan","0.0"
"cg16001323","125","0.675","0.675","0.0","0.675","0.675"
"cg16001418","10870","0.745","0.745","0.745","0.0","0.745"
"cg16004055","286133","0.365","0.365","0.0","0.365","0.365"
"cg16018921","23022","0.8766666666666667","0.8766666666666667","0.0","0.8766666666666667","0.8766666666666667"
"cg16023337","3860","0.9312880986479802","0.0","0.9312880986479802","0.9312880986479802","0.9312880986479802"
"cg16030177","3664","0.0434161494238187","0.0","0.0434161494238187","0.0434161494238187","0.0434161494238187"
"cg16046980","3875","0.31625","0.0","0.31625","0.31625","0.31625"
"cg16080552","4070","0.292661897490563","0.0","0.292661897490563","0.292661897490563","0.292661897490563"
"cg16093537","311","0.1615384615384615","0.0","0.1615384615384615","0.1615384615384615","0.1615384615384615"
"cg16097772","4069","0.8200652981348844","0.8200652981348844","0.8200652981348844","0.0","0.8200652981348844"
"cg16099707","1292","0.1408949229746017","0.1408949229746017","0.0","0.1408949229746017","0.1408949229746017"
"cg16115720","947","0.28","0.28","0.0","0.28","0.28"
"cg16163419","25890","0.45","0.45","0.0","0.45","0.45"
"cg16170330","3109","0.5608799982664641","0.5608799982664641","0.5608799982664641","0.0","0.5608799982664641"
"cg16170614","6649","0.3639285714285714","0.3639285714285714","0.0","0.3639285714285714","0.3639285714285714"
"cg16173067","27111","0.7744151646886404","0.0","0.7744151646886404","0.7744151646886404","0.7744151646886404"
"cg16179125","1522","0.4261904761904762","0.4261904761904762","0.4261904761904762","0.0","0.4261904761904762"
"cg16182743","57124","0.0599844353695468","0.0599844353695468","0.0","0.0599844353695468","0.0599844353695468"
"cg16198990","9590","0.6576617356201644","0.6576617356201644","0.0","0.6576617356201644","0.6576617356201644"
"cg16201780","7070","0.6518542790402827","0.6518542790402827","0.0","0.6518542790402827","0.6518542790402827"
"cg16202600","5270","nan","nan","0.0","nan","0.0"
"cg16216407","6649","0.3639285714285714","0.3639285714285714","0.0","0.3639285714285714","0.3639285714285714"
"cg16236263","3109","0.5608799982664641","0.5608799982664641","0.5608799982664641","0.0","0.5608799982664641"
"cg16236875","715","0.0325","0.0325","0.0","0.0325","0.0325"
"cg16245261","112464","0.0271428571428571","0.0271428571428571","0.0","0.0271428571428571","0.0271428571428571"
"cg16246489","9555","nan","nan","nan","0.0","0.0"
"cg16270885","7378","0.0","nan","nan","nan","0.0"
"cg16291276","947","0.28","0.28","0.0","0.28","0.28"
"cg16300030","3109","0.5608799982664641","0.5608799982664641","0.5608799982664641","0.0","0.5608799982664641"
"cg16314263","2","0.0","0.9135720165548152","0.9135720165548152","0.9135720165548152","0.9135720165548152"
"cg16314291","347735","0.81","0.0","0.81","0.81","0.81"
"cg16316042","715","0.0325","0.0325","0.0","0.0325","0.0325"
"cg16336120","10268","0.0","0.024","0.024","0.024","0.024"
"cg16341979","3429","0.0","0.5792166453647069","0.5792166453647069","0.5792166453647069","0.5792166453647069"
"cg16356013","9555","nan","nan","nan","0.0","0.0"
"cg16359915","23564","0.035378180641","0.035378180641","0.0","0.035378180641","0.035378180641"
"cg16373817","23022","0.8766666666666667","0.8766666666666667","0.0","0.8766666666666667","0.8766666666666667"
"cg16423910","951","0.9021819420607722","0.9021819420607722","0.9021819420607722","0.0","0.9021819420607722"
"cg16430963","25937","0.0","0.566392560112367","0.566392560112367","0.566392560112367","0.566392560112367"
"cg16459349","112464","0.0271428571428571","0.0271428571428571","0.0","0.0271428571428571","0.0271428571428571"
"cg16511076","132299","0.3514285714285714","0.0","0.3514285714285714","0.3514285714285714","0.3514285714285714"
"cg16511494","3914","0.6380300959605266","0.0","0.6380300959605266","0.6380300959605266","0.6380300959605266"
"cg16514513","1277","nan","nan","0.0","nan","0.0"
"cg16515974","23564","0.035378180641","0.035378180641","0.0","0.035378180641","0.035378180641"
"cg16516490","1513","0.9668705339977453","0.9668705339977453","0.0","0.9668705339977453","0.9668705339977453"
"cg16517172","6688","0.6975","0.6975","0.6975","0.0","0.6975"
"cg16524733","6876","0.4963636363636363","0.4963636363636363","0.0","0.4963636363636363","0.4963636363636363"
"cg16526133","56999","0.0","0.0492","0.0492","0.0492","0.0492"
"cg16527693","23022","0.8766666666666667","0.8766666666666667","0.0","0.8766666666666667","0.8766666666666667"
"cg16532400","168537","0.0","0.7504331019515231","0.7504331019515231","0.7504331019515231","0.7504331019515231"
"cg16532755","58494","0.0","0.0311111111111111","0.0311111111111111","0.0311111111111111","0.0311111111111111"
"cg16534307","9586","0.1863001612225315","0.1863001612225315","0.0","0.1863001612225315","0.1863001612225315"
"cg16537483","4154","0.0","0.6025","0.6025","0.6025","0.6025"
"cg16549596","2810","0.7221118247875102","0.0","0.7221118247875102","0.7221118247875102","0.7221118247875102"
"cg16551732","23022","0.8766666666666667","0.8766666666666667","0.0","0.8766666666666667","0.8766666666666667"
"cg16555388","8743","0.0","0.1670395195736511","0.1670395195736511","0.1670395195736511","0.1670395195736511"
"cg16566400","7070","0.6518542790402827","0.6518542790402827","0.0","0.6518542790402827","0.6518542790402827"
"cg16573701","2098","nan","nan","0.0","nan","0.0"
"cg16575408","4312","0.8997864580531301","0.0","0.8997864580531301","0.8997864580531301","0.8997864580531301"
"cg16576597","26471","0.7710404384812783","0.7710404384812783","0.0","0.7710404384812783","0.7710404384812783"
"cg16577647","10870","0.745","0.745","0.745","0.0","0.745"
"cg16581800","4016","0.333857788544925","0.333857788544925","0.0","0.333857788544925","0.333857788544925"
"cg16585619","3880","0.2021428571428571","0.0","0.2021428571428571","0.2021428571428571","0.2021428571428571"
"cg16594165","10205","0.4","0.0","0.4","0.4","0.4"
"cg16615829","126393","0.46","0.46","0.0","0.46","0.46"
"cg16624304","9586","0.1863001612225315","0.1863001612225315","0.0","0.1863001612225315","0.1863001612225315"
"cg16627309","2878","0.088","0.088","0.0","0.088","0.088"
"cg16627829","10870","0.745","0.745","0.745","0.0","0.745"
"cg16628093","10203","0.0","0.1","0.1","0.1","0.1"
"cg16629179","1277","nan","nan","0.0","nan","0.0"
"cg16651537","6320","0.52","0.52","0.0","0.52","0.52"
"cg16655905","10653","0.0887254695","0.0","0.0887254695","0.0887254695","0.0887254695"
"cg16660677","6401","0.0","0.8733333333333333","0.8733333333333333","0.8733333333333333","0.8733333333333333"
"cg16668548","23564","0.035378180641","0.035378180641","0.0","0.035378180641","0.035378180641"
"cg16688533","6781","0.0","0.0588970664865293","0.0588970664865293","0.0588970664865293","0.0588970664865293"
"cg16688582","9586","0.1863001612225315","0.1863001612225315","0.0","0.1863001612225315","0.1863001612225315"
"cg16699148","4070","0.292661897490563","0.0","0.292661897490563","0.292661897490563","0.292661897490563"
"cg16704889","23564","0.035378180641","0.035378180641","0.0","0.035378180641","0.035378180641"
"cg16705300","4071","0.0","0.78","0.78","0.78","0.78"
"cg16706749","4016","0.333857788544925","0.333857788544925","0.0","0.333857788544925","0.333857788544925"
"cg16730716","9235","0.8633333333333333","0.8633333333333333","0.0","0.8633333333333333","0.8633333333333333"
"cg16737267","23022","0.8766666666666667","0.8766666666666667","0.0","0.8766666666666667","0.8766666666666667"
"cg16737770","23022","0.8766666666666667","0.8766666666666667","0.0","0.8766666666666667","0.8766666666666667"
"cg16747714","3875","0.31625","0.0","0.31625","0.31625","0.31625"
"cg16756589","9586","0.1863001612225315","0.1863001612225315","0.0","0.1863001612225315","0.1863001612225315"
"cg16773741","7122","0.0","0.8970095005763045","0.8970095005763045","0.8970095005763045","0.8970095005763045"
"cg16776065","112464","0.0271428571428571","0.0271428571428571","0.0","0.0271428571428571","0.0271428571428571"
"cg16781907","1277","nan","nan","0.0","nan","0.0"
"cg16786297","27111","0.7744151646886404","0.0","0.7744151646886404","0.7744151646886404","0.7744151646886404"
"cg16805094","7058","0.305","0.305","0.0","0.305","0.305"
"cg16806245","7058","0.305","0.305","0.0","0.305","0.305"
"cg16810293","4071","0.0","0.78","0.78","0.78","0.78"
"cg16849046","5270","nan","nan","0.0","nan","0.0"
"cg16873343","25890","0.45","0.45","0.0","0.45","0.45"
"cg16879596","1577","0.8766666666666667","0.0","0.8766666666666667","0.8766666666666667","0.8766666666666667"
"cg16926502","3671","0.7702602832803085","0.7702602832803085","0.0","0.7702602832803085","0.7702602832803085"
"cg16932285","715","0.0325","0.0325","0.0","0.0325","0.0325"
"cg16936944","23564","0.035378180641","0.035378180641","0.0","0.035378180641","0.035378180641"
"cg16955101","7803","nan","0.0","nan","nan","0.0"
"cg16982077","641700","0.0","0.6027776436466401","0.6027776436466401","0.6027776436466401","0.6027776436466401"
"cg16986578","1999","0.8700000000000001","0.0","0.8700000000000001","0.8700000000000001","0.8700000000000001"
"cg16989544","9586","0.1863001612225315","0.1863001612225315","0.0","0.1863001612225315","0.1863001612225315"
"cg17009522","871","0.0803333333333333","0.0803333333333333","0.0","0.0803333333333333","0.0803333333333333"
"cg17022232","3109","0.5608799982664641","0.5608799982664641","0.5608799982664641","0.0","0.5608799982664641"
"cg17032081","3959","nan","nan","0.0","nan","0.0"
"cg17044611","427","nan","nan","nan","0.0","0.0"
"cg17048834","11074","0.9166032895019568","0.0","0.9166032895019568","0.9166032895019568","0.9166032895019568"
"cg17067116","9586","0.1863001612225315","0.1863001612225315","0.0","0.1863001612225315","0.1863001612225315"
"cg17067544","3569","0.0","0.1701842557021957","0.1701842557021957","0.1701842557021957","0.1701842557021957"
"cg17080283","8581","0.7891648678979188","0.0","0.7891648678979188","0.7891648678979188","0.7891648678979188"
"cg17083940","7058","0.305","0.305","0.0","0.305","0.305"
"cg17086398","347735","0.81","0.0","0.81","0.81","0.81"
"cg17102747","11074","0.9166032895019568","0.0","0.9166032895019568","0.9166032895019568","0.9166032895019568"
"cg17105014","2995","0.5969758988045732","0.5969758988045732","0.0","0.5969758988045732","0.5969758988045732"
"cg17132079","54587","0.1670523252623975","0.1670523252623975","0.0","0.1670523252623975","0.1670523252623975"
"cg17141696","5176","0.7419971136334578","0.7419971136334578","0.0","0.7419971136334578","0.7419971136334578"
"cg17159201","54935","0.0","nan","nan","nan","0.0"
"cg17160382","2697","0.0","0.41","0.41","0.41","0.41"
"cg17165266","3875","0.31625","0.0","0.31625","0.31625","0.31625"
"cg17186727","25937","0.0","0.566392560112367","0.566392560112367","0.566392560112367","0.566392560112367"
"cg17196716","79742","0.0","0.86","0.86","0.86","0.86"
"cg17210938","4070","0.292661897490563","0.0","0.292661897490563","0.292661897490563","0.292661897490563"
"cg17215449","1890","0.0683870967741935","0.0683870967741935","0.0683870967741935","0.0","0.0683870967741935"
"cg17219432","1277","nan","nan","0.0","nan","0.0"
"cg17231690","3880","0.2021428571428571","0.0","0.2021428571428571","0.2021428571428571","0.2021428571428571"
"cg17236709","7070","0.6518542790402827","0.6518542790402827","0.0","0.6518542790402827","0.6518542790402827"
"cg17252645","8581","0.7891648678979188","0.0","0.7891648678979188","0.7891648678979188","0.7891648678979188"
"cg17253459","56944","0.4370904780403188","0.4370904780403188","0.0","0.4370904780403188","0.4370904780403188"
"cg17258195","3671","0.7702602832803085","0.7702602832803085","0.0","0.7702602832803085","0.7702602832803085"
"cg17259761","5066","nan","nan","0.0","nan","0.0"
"cg17261508","2878","0.088","0.088","0.0","0.088","0.088"
"cg17274742","10457","0.91780441177638","0.91780441177638","0.0","0.91780441177638","0.91780441177638"
"cg17285325","1890","0.0683870967741935","0.0683870967741935","0.0683870967741935","0.0","0.0683870967741935"
"cg17296818","347735","0.81","0.0","0.81","0.81","0.81"
"cg17297634","286133","0.365","0.365","0.0","0.365","0.365"
"cg17308012","219348","0.2510137134646975","0.2510137134646975","0.0","0.2510137134646975","0.2510137134646975"
"cg17309530","23564","0.035378180641","0.035378180641","0.0","0.035378180641","0.035378180641"
"cg17330303","2810","0.7221118247875102","0.0","0.7221118247875102","0.7221118247875102","0.7221118247875102"
"cg17344048","10653","0.0887254695","0.0","0.0887254695","0.0887254695","0.0887254695"
"cg17351376","57124","0.0599844353695468","0.0599844353695468","0.0","0.0599844353695468","0.0599844353695468"
"cg17355169","9555","nan","nan","nan","0.0","0.0"
"cg17393635","951","0.9021819420607722","0.9021819420607722","0.9021819420607722","0.0","0.9021819420607722"
"cg17398227","1522","0.4261904761904762","0.4261904761904762","0.4261904761904762","0.0","0.4261904761904762"
"cg17407629","5066","nan","nan","0.0","nan","0.0"
"cg17411190","7122","0.0","0.8970095005763045","0.8970095005763045","0.8970095005763045","0.8970095005763045"
"cg17418085","7805","0.8597257640364617","0.8597257640364617","0.8597257640364617","0.0","0.8597257640364617"
"cg17475456","9976","0.0","0.7438376803028303","0.7438376803028303","0.7438376803028303","0.7438376803028303"
"cg17492481","9555","nan","nan","nan","0.0","0.0"
"cg17498101","2697","0.0","0.41","0.41","0.41","0.41"
"cg17501380","1293","0.7825930826507164","0.7825930826507164","0.0","0.7825930826507164","0.7825930826507164"
"cg17503786","23643","0.0","0.84","0.84","0.84","0.84"
"cg17508063","3856","0.6143809138531653","0.0","0.6143809138531653","0.6143809138531653","0.6143809138531653"
"cg17520539","9590","0.6576617356201644","0.6576617356201644","0.0","0.6576617356201644","0.6576617356201644"
"cg17524287","5327","nan","nan","0.0","nan","0.0"
"cg17534654","9586","0.1863001612225315","0.1863001612225315","0.0","0.1863001612225315","0.1863001612225315"
"cg17543885","9590","0.6576617356201644","0.6576617356201644","0.0","0.6576617356201644","0.6576617356201644"
"cg17554716","4724","nan","nan","0.0","nan","0.0"
"cg17573292","6649","0.3639285714285714","0.3639285714285714","0.0","0.3639285714285714","0.3639285714285714"
"cg17577122","7122","0.0","0.8970095005763045","0.8970095005763045","0.8970095005763045","0.8970095005763045"
"cg17583256","7122","0.0","0.8970095005763045","0.8970095005763045","0.8970095005763045","0.8970095005763045"
"cg17584576","4724","nan","nan","0.0","nan","0.0"
"cg17588038","9586","0.1863001612225315","0.1863001612225315","0.0","0.1863001612225315","0.1863001612225315"
"cg17601658","3428","0.0","nan","nan","nan","0.0"
"cg17608103","7058","0.305","0.305","0.0","0.305","0.305"
"cg17612991","718","0.5835689820236495","0.5835689820236495","0.0","0.5835689820236495","0.5835689820236495"
"cg17626022","56999","0.0","0.0492","0.0492","0.0492","0.0492"
"cg17643598","168537","0.0","0.7504331019515231","0.7504331019515231","0.7504331019515231","0.7504331019515231"
"cg17658717","7123","0.6228982990648735","0.6228982990648735","0.0","0.6228982990648735","0.6228982990648735"
"cg17693222","5327","nan","nan","0.0","nan","0.0"
"cg17710021","50486","0.0248809523809523","0.0248809523809523","0.0248809523809523","0.0","0.0248809523809523"
"cg17725364","1293","0.7825930826507164","0.7825930826507164","0.0","0.7825930826507164","0.7825930826507164"
"cg17803226","1522","0.4261904761904762","0.4261904761904762","0.4261904761904762","0.0","0.4261904761904762"
"cg17804581","427","nan","nan","nan","0.0","0.0"
"cg17806882","168537","0.0","0.7504331019515231","0.7504331019515231","0.7504331019515231","0.7504331019515231"
"cg17818220","9586","0.1863001612225315","0.1863001612225315","0.0","0.1863001612225315","0.1863001612225315"
"cg17820459","2878","0.088","0.088","0.0","0.088","0.088"
"cg17822325","347735","0.81","0.0","0.81","0.81","0.81"
"cg17825714","23564","0.035378180641","0.035378180641","0.0","0.035378180641","0.035378180641"
"cg17828057","5327","nan","nan","0.0","nan","0.0"
"cg17835606","2200","0.3399919444800981","0.3399919444800981","0.0","0.3399919444800981","0.3399919444800981"
"cg17836612","3959","nan","nan","0.0","nan","0.0"
"cg17848763","2995","0.5969758988045732","0.5969758988045732","0.0","0.5969758988045732","0.5969758988045732"
"cg17885481","132299","0.3514285714285714","0.0","0.3514285714285714","0.3514285714285714","0.3514285714285714"
"cg17914107","23022","0.8766666666666667","0.8766666666666667","0.0","0.8766666666666667","0.8766666666666667"
"cg17917529","23022","0.8766666666666667","0.8766666666666667","0.0","0.8766666666666667","0.8766666666666667"
"cg17925829","7305","0.81","0.81","0.81","0.0","0.81"
"cg17928895","1522","0.4261904761904762","0.4261904761904762","0.4261904761904762","0.0","0.4261904761904762"
"cg17930878","10268","0.0","0.024","0.024","0.024","0.024"
"cg17945541","4724","nan","nan","0.0","nan","0.0"
"cg17983217","23564","0.035378180641","0.035378180641","0.0","0.035378180641","0.035378180641"
"cg17988830","5320","0.93","0.93","0.0","0.93","0.93"
"cg18008451","1277","nan","nan","0.0","nan","0.0"
"cg18026667","7058","0.305","0.305","0.0","0.305","0.305"
"cg18040305","7803","nan","0.0","nan","nan","0.0"
"cg18050733","3109","0.5608799982664641","0.5608799982664641","0.5608799982664641","0.0","0.5608799982664641"
"cg18051914","10205","0.4","0.0","0.4","0.4","0.4"
"cg18055007","23564","0.035378180641","0.035378180641","0.0","0.035378180641","0.035378180641"
"cg18062860","5270","nan","nan","0.0","nan","0.0"
"cg18067069","427","nan","nan","nan","0.0","0.0"
"cg18074611","23022","0.8766666666666667","0.8766666666666667","0.0","0.8766666666666667","0.8766666666666667"
"cg18080604","358","0.0","0.557120275326885","0.557120275326885","0.557120275326885","0.557120275326885"
"cg18085333","132299","0.3514285714285714","0.0","0.3514285714285714","0.3514285714285714","0.3514285714285714"
"cg18102633","83483","0.0","0.67","0.67","0.67","0.67"
"cg18106898","4016","0.333857788544925","0.333857788544925","0.0","0.333857788544925","0.333857788544925"
"cg18113826","199","0.6779539196068811","0.6779539196068811","0.6779539196068811","0.0","0.6779539196068811"
"cg18128914","4016","0.333857788544925","0.333857788544925","0.0","0.333857788544925","0.333857788544925"
"cg18144247","9590","0.6576617356201644","0.6576617356201644","0.0","0.6576617356201644","0.6576617356201644"
"cg18152154","10103","0.75","0.0","0.75","0.75","0.75"
"cg18154786","25937","0.0","0.566392560112367","0.566392560112367","0.566392560112367","0.566392560112367"
"cg18156592","10550","nan","nan","0.0","nan","0.0"
"cg18164599","3248","0.0466666666666666","0.0","0.0466666666666666","0.0466666666666666","0.0466666666666666"
"cg18169971","9555","nan","nan","nan","0.0","0.0"
"cg18216674","23564","0.035378180641","0.035378180641","0.0","0.035378180641","0.035378180641"
"cg18218190","1999","0.8700000000000001","0.0","0.8700000000000001","0.8700000000000001","0.8700000000000001"
"cg18221336","7805","0.8597257640364617","0.8597257640364617","0.8597257640364617","0.0","0.8597257640364617"
"cg18229178","126393","0.46","0.46","0.0","0.46","0.46"
"cg18229820","6401","0.0","0.8733333333333333","0.8733333333333333","0.8733333333333333","0.8733333333333333"
"cg18232841","5349","0.6161755028680032","0.0","0.6161755028680032","0.6161755028680032","0.6161755028680032"
"cg18245281","1522","0.4261904761904762","0.4261904761904762","0.4261904761904762","0.0","0.4261904761904762"
"cg18245460","9590","0.6576617356201644","0.6576617356201644","0.0","0.6576617356201644","0.6576617356201644"
"cg18263969","3959","nan","nan","0.0","nan","0.0"
"cg18267489","22918","0.0","0.6015441923324496","0.6015441923324496","0.6015441923324496","0.6015441923324496"
"cg18280758","347735","0.81","0.0","0.81","0.81","0.81"
"cg18297538","11074","0.9166032895019568","0.0","0.9166032895019568","0.9166032895019568","0.9166032895019568"
"cg18302786","83483","0.0","0.67","0.67","0.67","0.67"
"cg18307978","358","0.0","0.557120275326885","0.557120275326885","0.557120275326885","0.557120275326885"
"cg18322321","1292","0.1408949229746017","0.1408949229746017","0.0","0.1408949229746017","0.1408949229746017"
"cg18327128","11074","0.9166032895019568","0.0","0.9166032895019568","0.9166032895019568","0.9166032895019568"
"cg18330175","23564","0.035378180641","0.035378180641","0.0","0.035378180641","0.035378180641"
"cg18343292","58475","0.41","0.41","0.41","0.0","0.41"
"cg18350391","9235","0.8633333333333333","0.8633333333333333","0.0","0.8633333333333333","0.8633333333333333"
"cg18353088","23564","0.035378180641","0.035378180641","0.0","0.035378180641","0.035378180641"
"cg18354742","10653","0.0887254695","0.0","0.0887254695","0.0887254695","0.0887254695"
"cg18390610","1277","nan","nan","0.0","nan","0.0"
"cg18392783","112464","0.0271428571428571","0.0271428571428571","0.0","0.0271428571428571","0.0271428571428571"
"cg18394340","9555","nan","nan","nan","0.0","0.0"
"cg18399703","10205","0.4","0.0","0.4","0.4","0.4"
"cg18405262","1277","nan","nan","0.0","nan","0.0"
"cg18411043","7805","0.8597257640364617","0.8597257640364617","0.8597257640364617","0.0","0.8597257640364617"
"cg18413025","23022","0.8766666666666667","0.8766666666666667","0.0","0.8766666666666667","0.8766666666666667"
"cg18421538","94031","0.0534848484848484","0.0534848484848484","0.0","0.0534848484848484","0.0534848484848484"
"cg18435820","10252","0.0","0.0288888888888888","0.0288888888888888","0.0288888888888888","0.0288888888888888"
"cg18436810","3075","0.7173035734485255","0.7173035734485255","0.0","0.7173035734485255","0.7173035734485255"
"cg18443806","3429","0.0","0.5792166453647069","0.5792166453647069","0.5792166453647069","0.5792166453647069"
"cg18445715","1290","nan","nan","0.0","nan","0.0"
"cg18450270","94031","0.0534848484848484","0.0534848484848484","0.0","0.0534848484848484","0.0534848484848484"
"cg18456803","1997","0.0","0.365","0.365","0.365","0.365"
"cg18460120","5327","nan","nan","0.0","nan","0.0"
"cg18461436","4071","0.0","0.78","0.78","0.78","0.78"
"cg18484958","25937","0.0","0.566392560112367","0.566392560112367","0.566392560112367","0.566392560112367"
"cg18502917","11074","0.9166032895019568","0.0","0.9166032895019568","0.9166032895019568","0.9166032895019568"
"cg18518183","1781","nan","nan","0.0","nan","0.0"
"cg18544564","1281","0.6525388179447409","0.6525388179447409","0.0","0.6525388179447409","0.6525388179447409"
"cg18552413","2532","0.0","0.5825","0.5825","0.5825","0.5825"
"cg18563860","1522","0.4261904761904762","0.4261904761904762","0.4261904761904762","0.0","0.4261904761904762"
"cg18574995","8076","0.8600000000000001","0.8600000000000001","0.0","0.8600000000000001","0.8600000000000001"
"cg18579875","3488","0.5125","0.5125","0.0","0.5125","0.5125"
"cg18618815","1277","nan","nan","0.0","nan","0.0"
"cg18635064","3553","0.5816740237503185","0.5816740237503185","0.5816740237503185","0.0","0.5816740237503185"
"cg18641876","1646","0.7866666666666666","0.0","0.7866666666666666","0.7866666666666666","0.7866666666666666"
"cg18660345","10398","0.1652941176470588","0.1652941176470588","0.0","0.1652941176470588","0.1652941176470588"
"cg18671950","2200","0.3399919444800981","0.3399919444800981","0.0","0.3399919444800981","0.3399919444800981"
"cg18676053","2040","0.0","nan","nan","nan","0.0"
"cg18681853","5270","nan","nan","0.0","nan","0.0"
"cg18684207","11074","0.9166032895019568","0.0","0.9166032895019568","0.9166032895019568","0.9166032895019568"
"cg18686527","83871","0.8712500000000001","0.8712500000000001","0.0","0.8712500000000001","0.8712500000000001"
"cg18723560","6320","0.52","0.52","0.0","0.52","0.52"
"cg18733315","4312","0.8997864580531301","0.0","0.8997864580531301","0.8997864580531301","0.8997864580531301"
"cg18737136","5270","nan","nan","0.0","nan","0.0"
"cg18746826","286133","0.365","0.365","0.0","0.365","0.365"
"cg18749404","3959","nan","nan","0.0","nan","0.0"
"cg18757228","286133","0.365","0.365","0.0","0.365","0.365"
"cg18771553","718","0.5835689820236495","0.5835689820236495","0.0","0.5835689820236495","0.5835689820236495"
"cg18773937","3553","0.5816740237503185","0.5816740237503185","0.5816740237503185","0.0","0.5816740237503185"
"cg18773997","94031","0.0534848484848484","0.0534848484848484","0.0","0.0534848484848484","0.0534848484848484"
"cg18785822","23564","0.035378180641","0.035378180641","0.0","0.035378180641","0.035378180641"
"cg18807929","3488","0.5125","0.5125","0.0","0.5125","0.5125"
"cg18841653","1646","0.7866666666666666","0.0","0.7866666666666666","0.7866666666666666","0.7866666666666666"
"cg18845718","2098","nan","nan","0.0","nan","0.0"
"cg18849169","2878","0.088","0.088","0.0","0.088","0.088"
"cg18850264","4154","0.0","0.6025","0.6025","0.6025","0.6025"
"cg18860854","4735","nan","nan","0.0","nan","0.0"
"cg18873763","9590","0.6576617356201644","0.6576617356201644","0.0","0.6576617356201644","0.6576617356201644"
"cg18880500","6342","nan","nan","0.0","nan","0.0"
"cg18892169","1520","0.76","0.76","0.76","0.0","0.76"
"cg18894605","286133","0.365","0.365","0.0","0.365","0.365"
"cg18899064","5327","nan","nan","0.0","nan","0.0"
"cg18900669","968","0.44","0.44","0.44","0.0","0.44"
"cg18929511","427","nan","nan","nan","0.0","0.0"
"cg18935353","57124","0.0599844353695468","0.0599844353695468","0.0","0.0599844353695468","0.0599844353695468"
"cg18939081","347735","0.81","0.0","0.81","0.81","0.81"
"cg18945642","5270","nan","nan","0.0","nan","0.0"
"cg18951862","7378","0.0","nan","nan","nan","0.0"
"cg18959478","112464","0.0271428571428571","0.0271428571428571","0.0","0.0271428571428571","0.0271428571428571"
"cg18966401","1999","0.8700000000000001","0.0","0.8700000000000001","0.8700000000000001","0.8700000000000001"
"cg18992293","79742","0.0","0.86","0.86","0.86","0.86"
"cg19003337","3872","0.7155623912165989","0.0","0.7155623912165989","0.7155623912165989","0.7155623912165989"
"cg19008099","23564","0.035378180641","0.035378180641","0.0","0.035378180641","0.035378180641"
"cg19008649","3488","0.5125","0.5125","0.0","0.5125","0.5125"
"cg19010566","22918","0.0","0.6015441923324496","0.6015441923324496","0.6015441923324496","0.6015441923324496"
"cg19022006","5268","0.9380031619724644","0.0","0.9380031619724644","0.9380031619724644","0.9380031619724644"
"cg19036075","4016","0.333857788544925","0.333857788544925","0.0","0.333857788544925","0.333857788544925"
"cg19037480","23022","0.8766666666666667","0.8766666666666667","0.0","0.8766666666666667","0.8766666666666667"
"cg19037555","2098","nan","nan","0.0","nan","0.0"
"cg19038690","9590","0.6576617356201644","0.6576617356201644","0.0","0.6576617356201644","0.6576617356201644"
"cg19043778","5268","0.9380031619724644","0.0","0.9380031619724644","0.9380031619724644","0.9380031619724644"
"cg19046730","311","0.1615384615384615","0.0","0.1615384615384615","0.1615384615384615","0.1615384615384615"
"cg19051042","3880","0.2021428571428571","0.0","0.2021428571428571","0.2021428571428571","0.2021428571428571"
"cg19052064","1277","nan","nan","0.0","nan","0.0"
"cg19087463","4016","0.333857788544925","0.333857788544925","0.0","0.333857788544925","0.333857788544925"
"cg19090861","57124","0.0599844353695468","0.0599844353695468","0.0","0.0599844353695468","0.0599844353695468"
"cg19123095","10252","0.0","0.0288888888888888","0.0288888888888888","0.0288888888888888","0.0288888888888888"
"cg19136632","10550","nan","nan","0.0","nan","0.0"
"cg19138960","22918","0.0","0.6015441923324496","0.6015441923324496","0.6015441923324496","0.6015441923324496"
"cg19169154","4239","0.4159903157253002","0.4159903157253002","0.0","0.4159903157253002","0.4159903157253002"
"cg19196918","2098","nan","nan","0.0","nan","0.0"
"cg19214331","10398","0.1652941176470588","0.1652941176470588","0.0","0.1652941176470588","0.1652941176470588"
"cg19254532","718","0.5835689820236495","0.5835689820236495","0.0","0.5835689820236495","0.5835689820236495"
"cg19257102","4016","0.333857788544925","0.333857788544925","0.0","0.333857788544925","0.333857788544925"
"cg19260329","2532","0.0","0.5825","0.5825","0.5825","0.5825"
"cg19261810","10653","0.0887254695","0.0","0.0887254695","0.0887254695","0.0887254695"
"cg19262563","10512","0.0446576948739948","0.0446576948739948","0.0","0.0446576948739948","0.0446576948739948"
"cg19268453","3109","0.5608799982664641","0.5608799982664641","0.5608799982664641","0.0","0.5608799982664641"
"cg19269530","3488","0.5125","0.5125","0.0","0.5125","0.5125"
"cg19270050","558","0.02","0.02","0.0","0.02","0.02"
"cg19270858","3875","0.31625","0.0","0.31625","0.31625","0.31625"
"cg19272547","1293","0.7825930826507164","0.7825930826507164","0.0","0.7825930826507164","0.7825930826507164"
"cg19287320","23022","0.8766666666666667","0.8766666666666667","0.0","0.8766666666666667","0.8766666666666667"
"cg19303305","94031","0.0534848484848484","0.0534848484848484","0.0","0.0534848484848484","0.0534848484848484"
"cg19310786","1522","0.4261904761904762","0.4261904761904762","0.4261904761904762","0.0","0.4261904761904762"
"cg19321695","10103","0.75","0.0","0.75","0.75","0.75"
"cg19328485","1646","0.7866666666666666","0.0","0.7866666666666666","0.7866666666666666","0.7866666666666666"
"cg19334030","23564","0.035378180641","0.035378180641","0.0","0.035378180641","0.035378180641"
"cg19337852","10653","0.0887254695","0.0","0.0887254695","0.0887254695","0.0887254695"
"cg19339902","94031","0.0534848484848484","0.0534848484848484","0.0","0.0534848484848484","0.0534848484848484"
"cg19361615","10512","0.0446576948739948","0.0446576948739948","0.0","0.0446576948739948","0.0446576948739948"
"cg19371203","5270","nan","nan","0.0","nan","0.0"
"cg19382191","10268","0.0","0.024","0.024","0.024","0.024"
"cg19382642","11074","0.9166032895019568","0.0","0.9166032895019568","0.9166032895019568","0.9166032895019568"
"cg19399885","65124","nan","0.0","nan","nan","0.0"
"cg19400545","10252","0.0","0.0288888888888888","0.0288888888888888","0.0288888888888888","0.0288888888888888"
"cg19422140","9586","0.1863001612225315","0.1863001612225315","0.0","0.1863001612225315","0.1863001612225315"
"cg19436320","54587","0.1670523252623975","0.1670523252623975","0.0","0.1670523252623975","0.1670523252623975"
"cg19442920","84266","nan","nan","0.0","nan","0.0"
"cg19453665","871","0.0803333333333333","0.0803333333333333","0.0","0.0803333333333333","0.0803333333333333"
"cg19483007","25937","0.0","0.566392560112367","0.566392560112367","0.566392560112367","0.566392560112367"
"cg19484420","2995","0.5969758988045732","0.5969758988045732","0.0","0.5969758988045732","0.5969758988045732"
"cg19502457","2877","0.7866666666666666","0.0","0.7866666666666666","0.7866666666666666","0.7866666666666666"
"cg19510565","7805","0.8597257640364617","0.8597257640364617","0.8597257640364617","0.0","0.8597257640364617"
"cg19510699","27111","0.7744151646886404","0.0","0.7744151646886404","0.7744151646886404","0.7744151646886404"
"cg19529842","23643","0.0","0.84","0.84","0.84","0.84"
"cg19534438","50486","0.0248809523809523","0.0248809523809523","0.0248809523809523","0.0","0.0248809523809523"
"cg19539318","1781","nan","nan","0.0","nan","0.0"
"cg19539798","3488","0.5125","0.5125","0.0","0.5125","0.5125"
"cg19543296","8076","0.8600000000000001","0.8600000000000001","0.0","0.8600000000000001","0.8600000000000001"
"cg19547293","25937","0.0","0.566392560112367","0.566392560112367","0.566392560112367","0.566392560112367"
"cg19559984","9586","0.1863001612225315","0.1863001612225315","0.0","0.1863001612225315","0.1863001612225315"
"cg19562707","10653","0.0887254695","0.0","0.0887254695","0.0887254695","0.0887254695"
"cg19563932","199","0.6779539196068811","0.6779539196068811","0.6779539196068811","0.0","0.6779539196068811"
"cg19588408","9586","0.1863001612225315","0.1863001612225315","0.0","0.1863001612225315","0.1863001612225315"
"cg19591881","947","0.28","0.28","0.0","0.28","0.28"
"cg19592502","10512","0.0446576948739948","0.0446576948739948","0.0","0.0446576948739948","0.0446576948739948"
"cg19638435","9586","0.1863001612225315","0.1863001612225315","0.0","0.1863001612225315","0.1863001612225315"
"cg19648686","1646","0.7866666666666666","0.0","0.7866666666666666","0.7866666666666666","0.7866666666666666"
"cg19649746","10252","0.0","0.0288888888888888","0.0288888888888888","0.0288888888888888","0.0288888888888888"
"cg19668034","11010","0.3037408157638749","0.3037408157638749","0.3037408157638749","0.0","0.3037408157638749"
"cg19675223","3488","0.5125","0.5125","0.0","0.5125","0.5125"
"cg19677739","2207","0.895074651733345","0.895074651733345","0.895074651733345","0.0","0.895074651733345"
"cg19681793","7058","0.305","0.305","0.0","0.305","0.305"
"cg19685521","5118","0.8916061148881612","0.8916061148881612","0.0","0.8916061148881612","0.8916061148881612"
"cg19696718","1293","0.7825930826507164","0.7825930826507164","0.0","0.7825930826507164","0.7825930826507164"
"cg19698099","1290","nan","nan","0.0","nan","0.0"
"cg19709585","3914","0.6380300959605266","0.0","0.6380300959605266","0.6380300959605266","0.6380300959605266"
"cg19712586","11074","0.9166032895019568","0.0","0.9166032895019568","0.9166032895019568","0.9166032895019568"
"cg19715111","5270","nan","nan","0.0","nan","0.0"
"cg19753641","951","0.9021819420607722","0.9021819420607722","0.9021819420607722","0.0","0.9021819420607722"
"cg19767215","10653","0.0887254695","0.0","0.0887254695","0.0887254695","0.0887254695"
"cg19777992","4724","nan","nan","0.0","nan","0.0"
"cg19780352","23022","0.8766666666666667","0.8766666666666667","0.0","0.8766666666666667","0.8766666666666667"
"cg19813884","4070","0.292661897490563","0.0","0.292661897490563","0.292661897490563","0.292661897490563"
"cg19815904","10512","0.0446576948739948","0.0446576948739948","0.0","0.0446576948739948","0.0446576948739948"
"cg19848291","558","0.02","0.02","0.0","0.02","0.02"
"cg19851242","3488","0.5125","0.5125","0.0","0.5125","0.5125"
"cg19851291","7305","0.81","0.81","0.81","0.0","0.81"
"cg19878326","11074","0.9166032895019568","0.0","0.9166032895019568","0.9166032895019568","0.9166032895019568"
"cg19908534","2200","0.3399919444800981","0.3399919444800981","0.0","0.3399919444800981","0.3399919444800981"
"cg19910654","23022","0.8766666666666667","0.8766666666666667","0.0","0.8766666666666667","0.8766666666666667"
"cg19919590","7805","0.8597257640364617","0.8597257640364617","0.8597257640364617","0.0","0.8597257640364617"
"cg19921917","23022","0.8766666666666667","0.8766666666666667","0.0","0.8766666666666667","0.8766666666666667"
"cg19938277","427","nan","nan","nan","0.0","0.0"
"cg19939130","3428","0.0","nan","nan","nan","0.0"
"cg19939969","3914","0.6380300959605266","0.0","0.6380300959605266","0.6380300959605266","0.6380300959605266"
"cg19940194","11074","0.9166032895019568","0.0","0.9166032895019568","0.9166032895019568","0.9166032895019568"
"cg19982230","83871","0.8712500000000001","0.8712500000000001","0.0","0.8712500000000001","0.8712500000000001"
"cg19995197","9590","0.6576617356201644","0.6576617356201644","0.0","0.6576617356201644","0.6576617356201644"
"cg20001070","7378","0.0","nan","nan","nan","0.0"
"cg20003179","2532","0.0","0.5825","0.5825","0.5825","0.5825"
"cg20019524","23022","0.8766666666666667","0.8766666666666667","0.0","0.8766666666666667","0.8766666666666667"
"cg20033981","1997","0.0","0.365","0.365","0.365","0.365"
"cg20047076","9590","0.6576617356201644","0.6576617356201644","0.0","0.6576617356201644","0.6576617356201644"
"cg20068535","9590","0.6576617356201644","0.6576617356201644","0.0","0.6576617356201644","0.6576617356201644"
"cg20080006","25937","0.0","0.566392560112367","0.566392560112367","0.566392560112367","0.566392560112367"
"cg20100987","8581","0.7891648678979188","0.0","0.7891648678979188","0.7891648678979188","0.7891648678979188"
"cg20114394","11167","nan","nan","0.0","nan","0.0"
"cg20131596","5066","nan","nan","0.0","nan","0.0"
"cg20148334","3914","0.6380300959605266","0.0","0.6380300959605266","0.6380300959605266","0.6380300959605266"
"cg20157314","286133","0.365","0.365","0.0","0.365","0.365"
"cg20157753","3553","0.5816740237503185","0.5816740237503185","0.5816740237503185","0.0","0.5816740237503185"
"cg20161089","3429","0.0","0.5792166453647069","0.5792166453647069","0.5792166453647069","0.5792166453647069"
"cg20161655","23022","0.8766666666666667","0.8766666666666667","0.0","0.8766666666666667","0.8766666666666667"
"cg20164887","1890","0.0683870967741935","0.0683870967741935","0.0683870967741935","0.0","0.0683870967741935"
"cg20176648","358","0.0","0.557120275326885","0.557120275326885","0.557120275326885","0.557120275326885"
"cg20180538","56999","0.0","0.0492","0.0492","0.0492","0.0492"
"cg20225681","8483","0.7575","0.7575","0.0","0.7575","0.7575"
"cg20263156","286133","0.365","0.365","0.0","0.365","0.365"
"cg20267005","7305","0.81","0.81","0.81","0.0","0.81"
"cg20272884","6781","0.0","0.0588970664865293","0.0588970664865293","0.0588970664865293","0.0588970664865293"
"cg20278790","1522","0.4261904761904762","0.4261904761904762","0.4261904761904762","0.0","0.4261904761904762"
"cg20281815","8000","0.6084291502812684","0.0","0.6084291502812684","0.6084291502812684","0.6084291502812684"
"cg20290145","6342","nan","nan","0.0","nan","0.0"
"cg20293352","947","0.28","0.28","0.0","0.28","0.28"
"cg20306842","9586","0.1863001612225315","0.1863001612225315","0.0","0.1863001612225315","0.1863001612225315"
"cg20308817","6320","0.52","0.52","0.0","0.52","0.52"
"cg20315150","9586","0.1863001612225315","0.1863001612225315","0.0","0.1863001612225315","0.1863001612225315"
"cg20324165","3856","0.6143809138531653","0.0","0.6143809138531653","0.6143809138531653","0.6143809138531653"
"cg20339715","286133","0.365","0.365","0.0","0.365","0.365"
"cg20343375","5270","nan","nan","0.0","nan","0.0"
"cg20367218","57124","0.0599844353695468","0.0599844353695468","0.0","0.0599844353695468","0.0599844353695468"
"cg20367923","7058","0.305","0.305","0.0","0.305","0.305"
"cg20392842","3109","0.5608799982664641","0.5608799982664641","0.5608799982664641","0.0","0.5608799982664641"
"cg20407861","9590","0.6576617356201644","0.6576617356201644","0.0","0.6576617356201644","0.6576617356201644"
"cg20412283","23564","0.035378180641","0.035378180641","0.0","0.035378180641","0.035378180641"
"cg20416767","90843","nan","nan","0.0","nan","0.0"
"cg20416769","3914","0.6380300959605266","0.0","0.6380300959605266","0.6380300959605266","0.6380300959605266"
"cg20419545","3488","0.5125","0.5125","0.0","0.5125","0.5125"
"cg20424065","9590","0.6576617356201644","0.6576617356201644","0.0","0.6576617356201644","0.6576617356201644"
"cg20431135","4239","0.4159903157253002","0.4159903157253002","0.0","0.4159903157253002","0.4159903157253002"
"cg20438277","22918","0.0","0.6015441923324496","0.6015441923324496","0.6015441923324496","0.6015441923324496"
"cg20440891","9586","0.1863001612225315","0.1863001612225315","0.0","0.1863001612225315","0.1863001612225315"
"cg20449404","718","0.5835689820236495","0.5835689820236495","0.0","0.5835689820236495","0.5835689820236495"
"cg20455617","3248","0.0466666666666666","0.0","0.0466666666666666","0.0466666666666666","0.0466666666666666"
"cg20486569","7122","0.0","0.8970095005763045","0.8970095005763045","0.8970095005763045","0.8970095005763045"
"cg20490031","5268","0.9380031619724644","0.0","0.9380031619724644","0.9380031619724644","0.9380031619724644"
"cg20500144","10550","nan","nan","0.0","nan","0.0"
"cg20502977","1293","0.7825930826507164","0.7825930826507164","0.0","0.7825930826507164","0.7825930826507164"
"cg20526672","10205","0.4","0.0","0.4","0.4","0.4"
"cg20530585","25937","0.0","0.566392560112367","0.566392560112367","0.566392560112367","0.566392560112367"
"cg20536146","3671","0.7702602832803085","0.7702602832803085","0.0","0.7702602832803085","0.7702602832803085"
"cg20566897","8519","0.0","nan","nan","nan","0.0"
"cg20568045","7058","0.305","0.305","0.0","0.305","0.305"
"cg20568219","9590","0.6576617356201644","0.6576617356201644","0.0","0.6576617356201644","0.6576617356201644"
"cg20591745","11074","0.9166032895019568","0.0","0.9166032895019568","0.9166032895019568","0.9166032895019568"
"cg20597486","3428","0.0","nan","nan","nan","0.0"
"cg20599066","10457","0.91780441177638","0.91780441177638","0.0","0.91780441177638","0.91780441177638"
"cg20600379","3109","0.5608799982664641","0.5608799982664641","0.5608799982664641","0.0","0.5608799982664641"
"cg20607169","23022","0.8766666666666667","0.8766666666666667","0.0","0.8766666666666667","0.8766666666666667"
"cg20609803","2207","0.895074651733345","0.895074651733345","0.895074651733345","0.0","0.895074651733345"
"cg20618842","56944","0.4370904780403188","0.4370904780403188","0.0","0.4370904780403188","0.4370904780403188"
"cg20644754","951","0.9021819420607722","0.9021819420607722","0.9021819420607722","0.0","0.9021819420607722"
"cg20652404","4016","0.333857788544925","0.333857788544925","0.0","0.333857788544925","0.333857788544925"
"cg20655220","5066","nan","nan","0.0","nan","0.0"
"cg20682073","25937","0.0","0.566392560112367","0.566392560112367","0.566392560112367","0.566392560112367"
"cg20727217","6423","0.02","0.02","0.0","0.02","0.02"
"cg20740028","9586","0.1863001612225315","0.1863001612225315","0.0","0.1863001612225315","0.1863001612225315"
"cg20747462","10268","0.0","0.024","0.024","0.024","0.024"
"cg20752312","84266","nan","nan","0.0","nan","0.0"
"cg20761290","58475","0.41","0.41","0.41","0.0","0.41"
"cg20764656","2877","0.7866666666666666","0.0","0.7866666666666666","0.7866666666666666","0.7866666666666666"
"cg20770175","1281","0.6525388179447409","0.6525388179447409","0.0","0.6525388179447409","0.6525388179447409"
"cg20771595","10512","0.0446576948739948","0.0446576948739948","0.0","0.0446576948739948","0.0446576948739948"
"cg20793341","5270","nan","nan","0.0","nan","0.0"
"cg20797270","11074","0.9166032895019568","0.0","0.9166032895019568","0.9166032895019568","0.9166032895019568"
"cg20802392","1513","0.9668705339977453","0.9668705339977453","0.0","0.9668705339977453","0.9668705339977453"
"cg20806175","2207","0.895074651733345","0.895074651733345","0.895074651733345","0.0","0.895074651733345"
"cg20817941","1513","0.9668705339977453","0.9668705339977453","0.0","0.9668705339977453","0.9668705339977453"
"cg20837735","5268","0.9380031619724644","0.0","0.9380031619724644","0.9380031619724644","0.9380031619724644"
"cg20881942","6423","0.02","0.02","0.0","0.02","0.02"
"cg20883137","10457","0.91780441177638","0.91780441177638","0.0","0.91780441177638","0.91780441177638"
"cg20884984","7070","0.6518542790402827","0.6518542790402827","0.0","0.6518542790402827","0.6518542790402827"
"cg20938665","112464","0.0271428571428571","0.0271428571428571","0.0","0.0271428571428571","0.0271428571428571"
"cg20947866","5268","0.9380031619724644","0.0","0.9380031619724644","0.9380031619724644","0.9380031619724644"
"cg20952768","3488","0.5125","0.5125","0.0","0.5125","0.5125"
"cg20961591","10653","0.0887254695","0.0","0.0887254695","0.0887254695","0.0887254695"
"cg20978247","3109","0.5608799982664641","0.5608799982664641","0.5608799982664641","0.0","0.5608799982664641"
"cg20997268","9586","0.1863001612225315","0.1863001612225315","0.0","0.1863001612225315","0.1863001612225315"
"cg21004899","9586","0.1863001612225315","0.1863001612225315","0.0","0.1863001612225315","0.1863001612225315"
"cg21011649","2200","0.3399919444800981","0.3399919444800981","0.0","0.3399919444800981","0.3399919444800981"
"cg21023001","22918","0.0","0.6015441923324496","0.6015441923324496","0.6015441923324496","0.6015441923324496"
"cg21032628","3488","0.5125","0.5125","0.0","0.5125","0.5125"
"cg21034903","1781","nan","nan","0.0","nan","0.0"
"cg21042970","58494","0.0","0.0311111111111111","0.0311111111111111","0.0311111111111111","0.0311111111111111"
"cg21047322","9590","0.6576617356201644","0.6576617356201644","0.0","0.6576617356201644","0.6576617356201644"
"cg21057494","7123","0.6228982990648735","0.6228982990648735","0.0","0.6228982990648735","0.6228982990648735"
"cg21067652","1997","0.0","0.365","0.365","0.365","0.365"
"cg21082678","1293","0.7825930826507164","0.7825930826507164","0.0","0.7825930826507164","0.7825930826507164"
"cg21095286","7305","0.81","0.81","0.81","0.0","0.81"
"cg21120539","1522","0.4261904761904762","0.4261904761904762","0.4261904761904762","0.0","0.4261904761904762"
"cg21122474","5349","0.6161755028680032","0.0","0.6161755028680032","0.6161755028680032","0.6161755028680032"
"cg21136443","1293","0.7825930826507164","0.7825930826507164","0.0","0.7825930826507164","0.7825930826507164"
"cg21151622","2697","0.0","0.41","0.41","0.41","0.41"
"cg21159940","9586","0.1863001612225315","0.1863001612225315","0.0","0.1863001612225315","0.1863001612225315"
"cg21170029","3914","0.6380300959605266","0.0","0.6380300959605266","0.6380300959605266","0.6380300959605266"
"cg21177940","1514","nan","nan","0.0","nan","0.0"
"cg21201572","10551","0.875","0.0","0.875","0.875","0.875"
"cg21224972","94031","0.0534848484848484","0.0534848484848484","0.0","0.0534848484848484","0.0534848484848484"
"cg21232488","11074","0.9166032895019568","0.0","0.9166032895019568","0.9166032895019568","0.9166032895019568"
"cg21237418","83871","0.8712500000000001","0.8712500000000001","0.0","0.8712500000000001","0.8712500000000001"
"cg21266845","1805","0.885","0.885","0.0","0.885","0.885"
"cg21274607","1292","0.1408949229746017","0.1408949229746017","0.0","0.1408949229746017","0.1408949229746017"
"cg21279806","7058","0.305","0.305","0.0","0.305","0.305"
"cg21286967","23564","0.035378180641","0.035378180641","0.0","0.035378180641","0.035378180641"
"cg21304163","5349","0.6161755028680032","0.0","0.6161755028680032","0.6161755028680032","0.6161755028680032"
"cg21331324","1522","0.4261904761904762","0.4261904761904762","0.4261904761904762","0.0","0.4261904761904762"
"cg21340733","3856","0.6143809138531653","0.0","0.6143809138531653","0.6143809138531653","0.6143809138531653"
"cg21350115","10203","0.0","0.1","0.1","0.1","0.1"
"cg21353144","10252","0.0","0.0288888888888888","0.0288888888888888","0.0288888888888888","0.0288888888888888"
"cg21386952","1293","0.7825930826507164","0.7825930826507164","0.0","0.7825930826507164","0.7825930826507164"
"cg21399685","25937","0.0","0.566392560112367","0.566392560112367","0.566392560112367","0.566392560112367"
"cg21402832","8743","0.0","0.1670395195736511","0.1670395195736511","0.1670395195736511","0.1670395195736511"
"cg21406461","3428","0.0","nan","nan","nan","0.0"
"cg21406786","2200","0.3399919444800981","0.3399919444800981","0.0","0.3399919444800981","0.3399919444800981"
"cg21411366","6649","0.3639285714285714","0.3639285714285714","0.0","0.3639285714285714","0.3639285714285714"
"cg21440587","199","0.6779539196068811","0.6779539196068811","0.6779539196068811","0.0","0.6779539196068811"
"cg21455438","947","0.28","0.28","0.0","0.28","0.28"
"cg21459215","10457","0.91780441177638","0.91780441177638","0.0","0.91780441177638","0.91780441177638"
"cg21470947","3109","0.5608799982664641","0.5608799982664641","0.5608799982664641","0.0","0.5608799982664641"
"cg21472700","1781","nan","nan","0.0","nan","0.0"
"cg21484940","7378","0.0","nan","nan","nan","0.0"
"cg21495704","7305","0.81","0.81","0.81","0.0","0.81"
"cg21504918","2878","0.088","0.088","0.0","0.088","0.088"
"cg21516478","2878","0.088","0.088","0.0","0.088","0.088"
"cg21516763","5270","nan","nan","0.0","nan","0.0"
"cg21524538","27111","0.7744151646886404","0.0","0.7744151646886404","0.7744151646886404","0.7744151646886404"
"cg21527616","56999","0.0","0.0492","0.0492","0.0492","0.0492"
"cg21536783","4070","0.292661897490563","0.0","0.292661897490563","0.292661897490563","0.292661897490563"
"cg21536925","2878","0.088","0.088","0.0","0.088","0.088"
"cg21538631","6342","nan","nan","0.0","nan","0.0"
"cg21575951","10550","nan","nan","0.0","nan","0.0"
"cg21578596","3109","0.5608799982664641","0.5608799982664641","0.5608799982664641","0.0","0.5608799982664641"
"cg21581567","9586","0.1863001612225315","0.1863001612225315","0.0","0.1863001612225315","0.1863001612225315"
"cg21596317","5066","nan","nan","0.0","nan","0.0"
"cg21604496","25915","nan","nan","0.0","nan","0.0"
"cg21623175","2200","0.3399919444800981","0.3399919444800981","0.0","0.3399919444800981","0.3399919444800981"
"cg21625464","8519","0.0","nan","nan","nan","0.0"
"cg21630608","6423","0.02","0.02","0.0","0.02","0.02"
"cg21643045","6364","0.8944862066136059","0.0","0.8944862066136059","0.8944862066136059","0.8944862066136059"
"cg21652958","7058","0.305","0.305","0.0","0.305","0.305"
"cg21657059","6423","0.02","0.02","0.0","0.02","0.02"
"cg21671476","10398","0.1652941176470588","0.1652941176470588","0.0","0.1652941176470588","0.1652941176470588"
"cg21684654","5118","0.8916061148881612","0.8916061148881612","0.0","0.8916061148881612","0.8916061148881612"
"cg21686213","8519","0.0","nan","nan","nan","0.0"
"cg21697512","947","0.28","0.28","0.0","0.28","0.28"
"cg21726037","871","0.0803333333333333","0.0803333333333333","0.0","0.0803333333333333","0.0803333333333333"
"cg21732383","7058","0.305","0.305","0.0","0.305","0.305"
"cg21737039","94031","0.0534848484848484","0.0534848484848484","0.0","0.0534848484848484","0.0534848484848484"
"cg21737976","27111","0.7744151646886404","0.0","0.7744151646886404","0.7744151646886404","0.7744151646886404"
"cg21756465","1781","nan","nan","0.0","nan","0.0"
"cg21762222","11010","0.3037408157638749","0.3037408157638749","0.3037408157638749","0.0","0.3037408157638749"
"cg21790991","11167","nan","nan","0.0","nan","0.0"
"cg21807034","5268","0.9380031619724644","0.0","0.9380031619724644","0.9380031619724644","0.9380031619724644"
"cg21808406","968","0.44","0.44","0.44","0.0","0.44"
"cg21809927","11074","0.9166032895019568","0.0","0.9166032895019568","0.9166032895019568","0.9166032895019568"
"cg21816330","83871","0.8712500000000001","0.8712500000000001","0.0","0.8712500000000001","0.8712500000000001"
"cg21833158","5268","0.9380031619724644","0.0","0.9380031619724644","0.9380031619724644","0.9380031619724644"
"cg21840806","9586","0.1863001612225315","0.1863001612225315","0.0","0.1863001612225315","0.1863001612225315"
"cg21845300","23022","0.8766666666666667","0.8766666666666667","0.0","0.8766666666666667","0.8766666666666667"
"cg21847118","1277","nan","nan","0.0","nan","0.0"
"cg21851713","3664","0.0434161494238187","0.0","0.0434161494238187","0.0434161494238187","0.0434161494238187"
"cg21871261","27111","0.7744151646886404","0.0","0.7744151646886404","0.7744151646886404","0.7744151646886404"
"cg21872129","7803","nan","0.0","nan","nan","0.0"
"cg21872764","7122","0.0","0.8970095005763045","0.8970095005763045","0.8970095005763045","0.8970095005763045"
"cg21875423","3488","0.5125","0.5125","0.0","0.5125","0.5125"
"cg21878275","56999","0.0","0.0492","0.0492","0.0492","0.0492"
"cg21929875","23584","0.5773450136967414","0.0","0.5773450136967414","0.5773450136967414","0.5773450136967414"
"cg21938436","56999","0.0","0.0492","0.0492","0.0492","0.0492"
"cg21950166","2810","0.7221118247875102","0.0","0.7221118247875102","0.7221118247875102","0.7221118247875102"
"cg21951975","3664","0.0434161494238187","0.0","0.0434161494238187","0.0434161494238187","0.0434161494238187"
"cg21952646","9555","nan","nan","nan","0.0","0.0"
"cg21965980","5349","0.6161755028680032","0.0","0.6161755028680032","0.6161755028680032","0.6161755028680032"
"cg21966319","23022","0.8766666666666667","0.8766666666666667","0.0","0.8766666666666667","0.8766666666666667"
"cg21968765","25890","0.45","0.45","0.0","0.45","0.45"
"cg22005145","2878","0.088","0.088","0.0","0.088","0.088"
"cg22010317","79742","0.0","0.86","0.86","0.86","0.86"
"cg22012476","1805","0.885","0.885","0.0","0.885","0.885"
"cg22020227","56944","0.4370904780403188","0.4370904780403188","0.0","0.4370904780403188","0.4370904780403188"
"cg22022321","6342","nan","nan","0.0","nan","0.0"
"cg22029157","3664","0.0434161494238187","0.0","0.0434161494238187","0.0434161494238187","0.0434161494238187"
"cg22034203","7805","0.8597257640364617","0.8597257640364617","0.8597257640364617","0.0","0.8597257640364617"
"cg22038738","5327","nan","nan","0.0","nan","0.0"
"cg22046121","3664","0.0434161494238187","0.0","0.0434161494238187","0.0434161494238187","0.0434161494238187"
"cg22049404","84266","nan","nan","0.0","nan","0.0"
"cg22074467","1646","0.7866666666666666","0.0","0.7866666666666666","0.7866666666666666","0.7866666666666666"
"cg22081832","56999","0.0","0.0492","0.0492","0.0492","0.0492"
"cg22082456","6342","nan","nan","0.0","nan","0.0"
"cg22082800","5118","0.8916061148881612","0.8916061148881612","0.0","0.8916061148881612","0.8916061148881612"
"cg22110213","2200","0.3399919444800981","0.3399919444800981","0.0","0.3399919444800981","0.3399919444800981"
"cg22118297","56999","0.0","0.0492","0.0492","0.0492","0.0492"
"cg22142329","1293","0.7825930826507164","0.7825930826507164","0.0","0.7825930826507164","0.7825930826507164"
"cg22145559","1522","0.4261904761904762","0.4261904761904762","0.4261904761904762","0.0","0.4261904761904762"
"cg22147996","23564","0.035378180641","0.035378180641","0.0","0.035378180641","0.035378180641"
"cg22177868","56999","0.0","0.0492","0.0492","0.0492","0.0492"
"cg22178613","6423","0.02","0.02","0.0","0.02","0.02"
"cg22213242","57124","0.0599844353695468","0.0599844353695468","0.0","0.0599844353695468","0.0599844353695468"
"cg22215258","1781","nan","nan","0.0","nan","0.0"
"cg22220722","5320","0.93","0.93","0.0","0.93","0.93"
"cg22221657","3875","0.31625","0.0","0.31625","0.31625","0.31625"
"cg22234345","5176","0.7419971136334578","0.7419971136334578","0.0","0.7419971136334578","0.7419971136334578"
"cg22242539","5176","0.7419971136334578","0.7419971136334578","0.0","0.7419971136334578","0.7419971136334578"
"cg22247792","1292","0.1408949229746017","0.1408949229746017","0.0","0.1408949229746017","0.1408949229746017"
"cg22272888","286133","0.365","0.365","0.0","0.365","0.365"
"cg22303442","286133","0.365","0.365","0.0","0.365","0.365"
"cg22321810","1290","nan","nan","0.0","nan","0.0"
"cg22322928","79742","0.0","0.86","0.86","0.86","0.86"
"cg22324029","3109","0.5608799982664641","0.5608799982664641","0.5608799982664641","0.0","0.5608799982664641"
"cg22335802","3428","0.0","nan","nan","nan","0.0"
"cg22338127","3664","0.0434161494238187","0.0","0.0434161494238187","0.0434161494238187","0.0434161494238187"
"cg22359162","83871","0.8712500000000001","0.8712500000000001","0.0","0.8712500000000001","0.8712500000000001"
"cg22360028","5996","0.880980164152612","0.880980164152612","0.880980164152612","0.0","0.880980164152612"
"cg22370326","65124","nan","0.0","nan","nan","0.0"
"cg22374415","10203","0.0","0.1","0.1","0.1","0.1"
"cg22377040","11074","0.9166032895019568","0.0","0.9166032895019568","0.9166032895019568","0.9166032895019568"
"cg22379915","3880","0.2021428571428571","0.0","0.2021428571428571","0.2021428571428571","0.2021428571428571"
"cg22396147","9586","0.1863001612225315","0.1863001612225315","0.0","0.1863001612225315","0.1863001612225315"
"cg22417879","27111","0.7744151646886404","0.0","0.7744151646886404","0.7744151646886404","0.7744151646886404"
"cg22423979","10252","0.0","0.0288888888888888","0.0288888888888888","0.0288888888888888","0.0288888888888888"
"cg22442454","3664","0.0434161494238187","0.0","0.0434161494238187","0.0434161494238187","0.0434161494238187"
"cg22467567","3488","0.5125","0.5125","0.0","0.5125","0.5125"
"cg22469841","11167","nan","nan","0.0","nan","0.0"
"cg22481632","22918","0.0","0.6015441923324496","0.6015441923324496","0.6015441923324496","0.6015441923324496"
"cg22497907","3109","0.5608799982664641","0.5608799982664641","0.5608799982664641","0.0","0.5608799982664641"
"cg22502856","3914","0.6380300959605266","0.0","0.6380300959605266","0.6380300959605266","0.6380300959605266"
"cg22505075","286133","0.365","0.365","0.0","0.365","0.365"
"cg22505962","7123","0.6228982990648735","0.6228982990648735","0.0","0.6228982990648735","0.6228982990648735"
"cg22513955","5176","0.7419971136334578","0.7419971136334578","0.0","0.7419971136334578","0.7419971136334578"
"cg22522066","10653","0.0887254695","0.0","0.0887254695","0.0887254695","0.0887254695"
"cg22524864","5349","0.6161755028680032","0.0","0.6161755028680032","0.6161755028680032","0.6161755028680032"
"cg22532079","25890","0.45","0.45","0.0","0.45","0.45"
"cg22535307","2200","0.3399919444800981","0.3399919444800981","0.0","0.3399919444800981","0.3399919444800981"
"cg22543374","2200","0.3399919444800981","0.3399919444800981","0.0","0.3399919444800981","0.3399919444800981"
"cg22550299","7058","0.305","0.305","0.0","0.305","0.305"
"cg22570757","1293","0.7825930826507164","0.7825930826507164","0.0","0.7825930826507164","0.7825930826507164"
"cg22572614","8743","0.0","0.1670395195736511","0.1670395195736511","0.1670395195736511","0.1670395195736511"
"cg22590761","4016","0.333857788544925","0.333857788544925","0.0","0.333857788544925","0.333857788544925"
"cg22611120","5320","0.93","0.93","0.0","0.93","0.93"
"cg22622899","79742","0.0","0.86","0.86","0.86","0.86"
"cg22622937","7378","0.0","nan","nan","nan","0.0"
"cg22627390","58494","0.0","0.0311111111111111","0.0311111111111111","0.0311111111111111","0.0311111111111111"
"cg22632666","83871","0.8712500000000001","0.8712500000000001","0.0","0.8712500000000001","0.8712500000000001"
"cg22637759","10252","0.0","0.0288888888888888","0.0288888888888888","0.0288888888888888","0.0288888888888888"
"cg22657632","3488","0.5125","0.5125","0.0","0.5125","0.5125"
"cg22681186","9586","0.1863001612225315","0.1863001612225315","0.0","0.1863001612225315","0.1863001612225315"
"cg22691336","54587","0.1670523252623975","0.1670523252623975","0.0","0.1670523252623975","0.1670523252623975"
"cg22692511","6876","0.4963636363636363","0.4963636363636363","0.0","0.4963636363636363","0.4963636363636363"
"cg22693978","9586","0.1863001612225315","0.1863001612225315","0.0","0.1863001612225315","0.1863001612225315"
"cg22713187","7058","0.305","0.305","0.0","0.305","0.305"
"cg22713958","3959","nan","nan","0.0","nan","0.0"
"cg22730029","1997","0.0","0.365","0.365","0.365","0.365"
"cg22733207","2098","nan","nan","0.0","nan","0.0"
"cg22774472","1290","nan","nan","0.0","nan","0.0"
"cg22789976","3914","0.6380300959605266","0.0","0.6380300959605266","0.6380300959605266","0.6380300959605266"
"cg22803868","83871","0.8712500000000001","0.8712500000000001","0.0","0.8712500000000001","0.8712500000000001"
"cg22809315","347735","0.81","0.0","0.81","0.81","0.81"
"cg22809726","1277","nan","nan","0.0","nan","0.0"
"cg22815528","8000","0.6084291502812684","0.0","0.6084291502812684","0.6084291502812684","0.6084291502812684"
"cg22822893","9590","0.6576617356201644","0.6576617356201644","0.0","0.6576617356201644","0.6576617356201644"
"cg22832808","2200","0.3399919444800981","0.3399919444800981","0.0","0.3399919444800981","0.3399919444800981"
"cg22853588","10398","0.1652941176470588","0.1652941176470588","0.0","0.1652941176470588","0.1652941176470588"
"cg22855923","56944","0.4370904780403188","0.4370904780403188","0.0","0.4370904780403188","0.4370904780403188"
"cg22860780","7378","0.0","nan","nan","nan","0.0"
"cg22861794","1646","0.7866666666666666","0.0","0.7866666666666666","0.7866666666666666","0.7866666666666666"
"cg22882684","8743","0.0","0.1670395195736511","0.1670395195736511","0.1670395195736511","0.1670395195736511"
"cg22888958","9586","0.1863001612225315","0.1863001612225315","0.0","0.1863001612225315","0.1863001612225315"
"cg22911687","5066","nan","nan","0.0","nan","0.0"
"cg22927510","1890","0.0683870967741935","0.0683870967741935","0.0683870967741935","0.0","0.0683870967741935"
"cg22932819","10457","0.91780441177638","0.91780441177638","0.0","0.91780441177638","0.91780441177638"
"cg22942200","9590","0.6576617356201644","0.6576617356201644","0.0","0.6576617356201644","0.6576617356201644"
"cg22944062","1293","0.7825930826507164","0.7825930826507164","0.0","0.7825930826507164","0.7825930826507164"
"cg22959236","4724","nan","nan","0.0","nan","0.0"
"cg22963452","8519","0.0","nan","nan","nan","0.0"
"cg22978378","7070","0.6518542790402827","0.6518542790402827","0.0","0.6518542790402827","0.6518542790402827"
"cg22986281","9586","0.1863001612225315","0.1863001612225315","0.0","0.1863001612225315","0.1863001612225315"
"cg23000950","2200","0.3399919444800981","0.3399919444800981","0.0","0.3399919444800981","0.3399919444800981"
"cg23017915","25937","0.0","0.566392560112367","0.566392560112367","0.566392560112367","0.566392560112367"
"cg23018689","2532","0.0","0.5825","0.5825","0.5825","0.5825"
"cg23021168","5066","nan","nan","0.0","nan","0.0"
"cg23026930","3109","0.5608799982664641","0.5608799982664641","0.5608799982664641","0.0","0.5608799982664641"
"cg23036947","54587","0.1670523252623975","0.1670523252623975","0.0","0.1670523252623975","0.1670523252623975"
"cg23038560","3429","0.0","0.5792166453647069","0.5792166453647069","0.5792166453647069","0.5792166453647069"
"cg23050437","10268","0.0","0.024","0.024","0.024","0.024"
"cg23055236","5270","nan","nan","0.0","nan","0.0"
"cg23068939","128346","0.9527609333333332","0.9527609333333332","0.9527609333333332","0.0","0.9527609333333332"
"cg23070026","56999","0.0","0.0492","0.0492","0.0492","0.0492"
"cg23077344","25937","0.0","0.566392560112367","0.566392560112367","0.566392560112367","0.566392560112367"
"cg23080985","84266","nan","nan","0.0","nan","0.0"
"cg23090870","10653","0.0887254695","0.0","0.0887254695","0.0887254695","0.0887254695"
"cg23097035","9586","0.1863001612225315","0.1863001612225315","0.0","0.1863001612225315","0.1863001612225315"
"cg23100411","27111","0.7744151646886404","0.0","0.7744151646886404","0.7744151646886404","0.7744151646886404"
"cg23117085","3860","0.9312880986479802","0.0","0.9312880986479802","0.9312880986479802","0.9312880986479802"
"cg23117583","2200","0.3399919444800981","0.3399919444800981","0.0","0.3399919444800981","0.3399919444800981"
"cg23121156","6423","0.02","0.02","0.0","0.02","0.02"
"cg23137088","9555","nan","nan","nan","0.0","0.0"
"cg23146180","23584","0.5773450136967414","0.0","0.5773450136967414","0.5773450136967414","0.5773450136967414"
"cg23149881","3553","0.5816740237503185","0.5816740237503185","0.5816740237503185","0.0","0.5816740237503185"
"cg23165166","1290","nan","nan","0.0","nan","0.0"
"cg23174607","7803","nan","0.0","nan","nan","0.0"
"cg23176309","2697","0.0","0.41","0.41","0.41","0.41"
"cg23206873","27111","0.7744151646886404","0.0","0.7744151646886404","0.7744151646886404","0.7744151646886404"
"cg23207280","4154","0.0","0.6025","0.6025","0.6025","0.6025"
"cg23207990","6423","0.02","0.02","0.0","0.02","0.02"
"cg23235135","1281","0.6525388179447409","0.6525388179447409","0.0","0.6525388179447409","0.6525388179447409"
"cg23239971","23022","0.8766666666666667","0.8766666666666667","0.0","0.8766666666666667","0.8766666666666667"
"cg23246821","4071","0.0","0.78","0.78","0.78","0.78"
"cg23258615","311","0.1615384615384615","0.0","0.1615384615384615","0.1615384615384615","0.1615384615384615"
"cg23265096","1522","0.4261904761904762","0.4261904761904762","0.4261904761904762","0.0","0.4261904761904762"
"cg23281552","9586","0.1863001612225315","0.1863001612225315","0.0","0.1863001612225315","0.1863001612225315"
"cg23283495","3664","0.0434161494238187","0.0","0.0434161494238187","0.0434161494238187","0.0434161494238187"
"cg23292160","6423","0.02","0.02","0.0","0.02","0.02"
"cg23323879","8483","0.7575","0.7575","0.0","0.7575","0.7575"
"cg23345580","10252","0.0","0.0288888888888888","0.0288888888888888","0.0288888888888888","0.0288888888888888"
"cg23348155","23564","0.035378180641","0.035378180641","0.0","0.035378180641","0.035378180641"
"cg23349014","9555","nan","nan","nan","0.0","0.0"
"cg23365637","94031","0.0534848484848484","0.0534848484848484","0.0","0.0534848484848484","0.0534848484848484"
"cg23368715","715","0.0325","0.0325","0.0","0.0325","0.0325"
"cg23403895","23022","0.8766666666666667","0.8766666666666667","0.0","0.8766666666666667","0.8766666666666667"
"cg23411240","1293","0.7825930826507164","0.7825930826507164","0.0","0.7825930826507164","0.7825930826507164"
"cg23417677","1293","0.7825930826507164","0.7825930826507164","0.0","0.7825930826507164","0.7825930826507164"
"cg23418219","9586","0.1863001612225315","0.1863001612225315","0.0","0.1863001612225315","0.1863001612225315"
"cg23436058","8581","0.7891648678979188","0.0","0.7891648678979188","0.7891648678979188","0.7891648678979188"
"cg23457280","10457","0.91780441177638","0.91780441177638","0.0","0.91780441177638","0.91780441177638"
"cg23473904","1292","0.1408949229746017","0.1408949229746017","0.0","0.1408949229746017","0.1408949229746017"
"cg23479561","23022","0.8766666666666667","0.8766666666666667","0.0","0.8766666666666667","0.8766666666666667"
"cg23480341","6590","0.79","0.79","0.0","0.79","0.79"
"cg23484268","4016","0.333857788544925","0.333857788544925","0.0","0.333857788544925","0.333857788544925"
"cg23492399","5066","nan","nan","0.0","nan","0.0"
"cg23502162","1281","0.6525388179447409","0.6525388179447409","0.0","0.6525388179447409","0.6525388179447409"
"cg23502475","6423","0.02","0.02","0.0","0.02","0.02"
"cg23507131","2532","0.0","0.5825","0.5825","0.5825","0.5825"
"cg23513252","7378","0.0","nan","nan","nan","0.0"
"cg23527007","2098","nan","nan","0.0","nan","0.0"
"cg23527920","3109","0.5608799982664641","0.5608799982664641","0.5608799982664641","0.0","0.5608799982664641"
"cg23540819","427","nan","nan","nan","0.0","0.0"
"cg23545105","132299","0.3514285714285714","0.0","0.3514285714285714","0.3514285714285714","0.3514285714285714"
"cg23551917","7123","0.6228982990648735","0.6228982990648735","0.0","0.6228982990648735","0.6228982990648735"
"cg23557926","3075","0.7173035734485255","0.7173035734485255","0.0","0.7173035734485255","0.7173035734485255"
"cg23570810","8519","0.0","nan","nan","nan","0.0"
"cg23570923","94031","0.0534848484848484","0.0534848484848484","0.0","0.0534848484848484","0.0534848484848484"
"cg23627022","5270","nan","nan","0.0","nan","0.0"
"cg23634451","25890","0.45","0.45","0.0","0.45","0.45"
"cg23635374","871","0.0803333333333333","0.0803333333333333","0.0","0.0803333333333333","0.0803333333333333"
"cg23637396","219348","0.2510137134646975","0.2510137134646975","0.0","0.2510137134646975","0.2510137134646975"
"cg23639734","6649","0.3639285714285714","0.3639285714285714","0.0","0.3639285714285714","0.3639285714285714"
"cg23642250","11074","0.9166032895019568","0.0","0.9166032895019568","0.9166032895019568","0.9166032895019568"
"cg23646375","50486","0.0248809523809523","0.0248809523809523","0.0248809523809523","0.0","0.0248809523809523"
"cg23652026","3109","0.5608799982664641","0.5608799982664641","0.5608799982664641","0.0","0.5608799982664641"
"cg23679724","1522","0.4261904761904762","0.4261904761904762","0.4261904761904762","0.0","0.4261904761904762"
"cg23689615","4016","0.333857788544925","0.333857788544925","0.0","0.333857788544925","0.333857788544925"
"cg23699648","2697","0.0","0.41","0.41","0.41","0.41"
"cg23714408","6423","0.02","0.02","0.0","0.02","0.02"
"cg23715045","23584","0.5773450136967414","0.0","0.5773450136967414","0.5773450136967414","0.5773450136967414"
"cg23730606","1277","nan","nan","0.0","nan","0.0"
"cg23730696","23584","0.5773450136967414","0.0","0.5773450136967414","0.5773450136967414","0.5773450136967414"
"cg23732024","23643","0.0","0.84","0.84","0.84","0.84"
"cg23760103","23564","0.035378180641","0.035378180641","0.0","0.035378180641","0.035378180641"
"cg23778370","10268","0.0","0.024","0.024","0.024","0.024"
"cg23813257","9235","0.8633333333333333","0.8633333333333333","0.0","0.8633333333333333","0.8633333333333333"
"cg23813394","1293","0.7825930826507164","0.7825930826507164","0.0","0.7825930826507164","0.7825930826507164"
"cg23815320","22918","0.0","0.6015441923324496","0.6015441923324496","0.6015441923324496","0.6015441923324496"
"cg23824713","5268","0.9380031619724644","0.0","0.9380031619724644","0.9380031619724644","0.9380031619724644"
"cg23867647","126393","0.46","0.46","0.0","0.46","0.46"
"cg23881613","83483","0.0","0.67","0.67","0.67","0.67"
"cg23889010","6590","0.79","0.79","0.0","0.79","0.79"
"cg23893332","3429","0.0","0.5792166453647069","0.5792166453647069","0.5792166453647069","0.5792166453647069"
"cg23894854","128346","0.9527609333333332","0.9527609333333332","0.9527609333333332","0.0","0.9527609333333332"
"cg23907860","1522","0.4261904761904762","0.4261904761904762","0.4261904761904762","0.0","0.4261904761904762"
"cg23910835","6423","0.02","0.02","0.0","0.02","0.02"
"cg23950157","1277","nan","nan","0.0","nan","0.0"
"cg23966665","7058","0.305","0.305","0.0","0.305","0.305"
"cg23973885","54587","0.1670523252623975","0.1670523252623975","0.0","0.1670523252623975","0.1670523252623975"
"cg24026570","7803","nan","0.0","nan","nan","0.0"
"cg24037389","286133","0.365","0.365","0.0","0.365","0.365"
"cg24039778","7058","0.305","0.305","0.0","0.305","0.305"
"cg24064594","2995","0.5969758988045732","0.5969758988045732","0.0","0.5969758988045732","0.5969758988045732"
"cg24078828","25937","0.0","0.566392560112367","0.566392560112367","0.566392560112367","0.566392560112367"
"cg24091474","7305","0.81","0.81","0.81","0.0","0.81"
"cg24105933","94031","0.0534848484848484","0.0534848484848484","0.0","0.0534848484848484","0.0534848484848484"
"cg24108149","23564","0.035378180641","0.035378180641","0.0","0.035378180641","0.035378180641"
"cg24110052","3959","nan","nan","0.0","nan","0.0"
"cg24121503","9590","0.6576617356201644","0.6576617356201644","0.0","0.6576617356201644","0.6576617356201644"
"cg24142713","641700","0.0","0.6027776436466401","0.6027776436466401","0.6027776436466401","0.6027776436466401"
"cg24152080","6342","nan","nan","0.0","nan","0.0"
"cg24161057","100131187","0.2549300699300699","0.0","0.2549300699300699","0.2549300699300699","0.2549300699300699"
"cg24168641","4016","0.333857788544925","0.333857788544925","0.0","0.333857788544925","0.333857788544925"
"cg24211388","199","0.6779539196068811","0.6779539196068811","0.6779539196068811","0.0","0.6779539196068811"
"cg24214470","5176","0.7419971136334578","0.7419971136334578","0.0","0.7419971136334578","0.7419971136334578"
"cg24219033","968","0.44","0.44","0.44","0.0","0.44"
"cg24229691","8076","0.8600000000000001","0.8600000000000001","0.0","0.8600000000000001","0.8600000000000001"
"cg24234141","6688","0.6975","0.6975","0.6975","0.0","0.6975"
"cg24239420","23022","0.8766666666666667","0.8766666666666667","0.0","0.8766666666666667","0.8766666666666667"
"cg24241928","6423","0.02","0.02","0.0","0.02","0.02"
"cg24242290","23022","0.8766666666666667","0.8766666666666667","0.0","0.8766666666666667","0.8766666666666667"
"cg24249031","23022","0.8766666666666667","0.8766666666666667","0.0","0.8766666666666667","0.8766666666666667"
"cg24268822","25915","nan","nan","0.0","nan","0.0"
"cg24286575","7058","0.305","0.305","0.0","0.305","0.305"
"cg24307117","6688","0.6975","0.6975","0.6975","0.0","0.6975"
"cg24308654","132299","0.3514285714285714","0.0","0.3514285714285714","0.3514285714285714","0.3514285714285714"
"cg24322333","9590","0.6576617356201644","0.6576617356201644","0.0","0.6576617356201644","0.6576617356201644"
"cg24326030","2200","0.3399919444800981","0.3399919444800981","0.0","0.3399919444800981","0.3399919444800981"
"cg24333845","4154","0.0","0.6025","0.6025","0.6025","0.6025"
"cg24334983","311","0.1615384615384615","0.0","0.1615384615384615","0.1615384615384615","0.1615384615384615"
"cg24336531","10550","nan","nan","0.0","nan","0.0"
"cg24367568","951","0.9021819420607722","0.9021819420607722","0.9021819420607722","0.0","0.9021819420607722"
"cg24368912","125","0.675","0.675","0.0","0.675","0.675"
"cg24372829","6423","0.02","0.02","0.0","0.02","0.02"
"cg24375465","2697","0.0","0.41","0.41","0.41","0.41"
"cg24377330","25937","0.0","0.566392560112367","0.566392560112367","0.566392560112367","0.566392560112367"
"cg24389599","1292","0.1408949229746017","0.1408949229746017","0.0","0.1408949229746017","0.1408949229746017"
"cg24391982","7058","0.305","0.305","0.0","0.305","0.305"
"cg24404083","7803","nan","0.0","nan","nan","0.0"
"cg24407096","7058","0.305","0.305","0.0","0.305","0.305"
"cg24411043","100131187","0.2549300699300699","0.0","0.2549300699300699","0.2549300699300699","0.2549300699300699"
"cg24413842","168537","0.0","0.7504331019515231","0.7504331019515231","0.7504331019515231","0.7504331019515231"
"cg24421870","7070","0.6518542790402827","0.6518542790402827","0.0","0.6518542790402827","0.6518542790402827"
"cg24426405","10551","0.875","0.0","0.875","0.875","0.875"
"cg24431229","83483","0.0","0.67","0.67","0.67","0.67"
"cg24436787","871","0.0803333333333333","0.0803333333333333","0.0","0.0803333333333333","0.0803333333333333"
"cg24459561","83483","0.0","0.67","0.67","0.67","0.67"
"cg24459792","7805","0.8597257640364617","0.8597257640364617","0.8597257640364617","0.0","0.8597257640364617"
"cg24461242","5349","0.6161755028680032","0.0","0.6161755028680032","0.6161755028680032","0.6161755028680032"
"cg24465448","427","nan","nan","nan","0.0","0.0"
"cg24465943","2207","0.895074651733345","0.895074651733345","0.895074651733345","0.0","0.895074651733345"
"cg24476033","718","0.5835689820236495","0.5835689820236495","0.0","0.5835689820236495","0.5835689820236495"
"cg24495007","8581","0.7891648678979188","0.0","0.7891648678979188","0.7891648678979188","0.7891648678979188"
"cg24500683","7803","nan","0.0","nan","nan","0.0"
"cg24504361","3856","0.6143809138531653","0.0","0.6143809138531653","0.6143809138531653","0.6143809138531653"
"cg24514275","5327","nan","nan","0.0","nan","0.0"
"cg24523259","3109","0.5608799982664641","0.5608799982664641","0.5608799982664641","0.0","0.5608799982664641"
"cg24530116","219348","0.2510137134646975","0.2510137134646975","0.0","0.2510137134646975","0.2510137134646975"
"cg24531022","5066","nan","nan","0.0","nan","0.0"
"cg24539090","3428","0.0","nan","nan","nan","0.0"
"cg24540710","1277","nan","nan","0.0","nan","0.0"
"cg24543286","6342","nan","nan","0.0","nan","0.0"
"cg24554944","286133","0.365","0.365","0.0","0.365","0.365"
"cg24602499","286133","0.365","0.365","0.0","0.365","0.365"
"cg24619694","6876","0.4963636363636363","0.4963636363636363","0.0","0.4963636363636363","0.4963636363636363"
"cg24628744","9555","nan","nan","nan","0.0","0.0"
"cg24631427","2200","0.3399919444800981","0.3399919444800981","0.0","0.3399919444800981","0.3399919444800981"
"cg24631428","7803","nan","0.0","nan","nan","0.0"
"cg24655428","3671","0.7702602832803085","0.7702602832803085","0.0","0.7702602832803085","0.7702602832803085"
"cg24688939","1292","0.1408949229746017","0.1408949229746017","0.0","0.1408949229746017","0.1408949229746017"
"cg24693287","347735","0.81","0.0","0.81","0.81","0.81"
"cg24713940","7058","0.305","0.305","0.0","0.305","0.305"
"cg24723129","11167","nan","nan","0.0","nan","0.0"
"cg24748868","9590","0.6576617356201644","0.6576617356201644","0.0","0.6576617356201644","0.6576617356201644"
"cg24772388","2995","0.5969758988045732","0.5969758988045732","0.0","0.5969758988045732","0.5969758988045732"
"cg24773412","3856","0.6143809138531653","0.0","0.6143809138531653","0.6143809138531653","0.6143809138531653"
"cg24779381","3671","0.7702602832803085","0.7702602832803085","0.0","0.7702602832803085","0.7702602832803085"
"cg24784350","1292","0.1408949229746017","0.1408949229746017","0.0","0.1408949229746017","0.1408949229746017"
"cg24784416","23022","0.8766666666666667","0.8766666666666667","0.0","0.8766666666666667","0.8766666666666667"
"cg24790297","6320","0.52","0.52","0.0","0.52","0.52"
"cg24830524","1293","0.7825930826507164","0.7825930826507164","0.0","0.7825930826507164","0.7825930826507164"
"cg24834637","7378","0.0","nan","nan","nan","0.0"
"cg24846791","11074","0.9166032895019568","0.0","0.9166032895019568","0.9166032895019568","0.9166032895019568"
"cg24851854","4070","0.292661897490563","0.0","0.292661897490563","0.292661897490563","0.292661897490563"
"cg24861124","286133","0.365","0.365","0.0","0.365","0.365"
"cg24880997","11074","0.9166032895019568","0.0","0.9166032895019568","0.9166032895019568","0.9166032895019568"
"cg24887416","23022","0.8766666666666667","0.8766666666666667","0.0","0.8766666666666667","0.8766666666666667"
"cg24901063","558","0.02","0.02","0.0","0.02","0.02"
"cg24910675","2022","0.0","0.742288624065208","0.742288624065208","0.742288624065208","0.742288624065208"
"cg24928183","1513","0.9668705339977453","0.9668705339977453","0.0","0.9668705339977453","0.9668705339977453"
"cg24942416","23584","0.5773450136967414","0.0","0.5773450136967414","0.5773450136967414","0.5773450136967414"
"cg24950749","27111","0.7744151646886404","0.0","0.7744151646886404","0.7744151646886404","0.7744151646886404"
"cg24952240","23022","0.8766666666666667","0.8766666666666667","0.0","0.8766666666666667","0.8766666666666667"
"cg24968721","6423","0.02","0.02","0.0","0.02","0.02"
"cg24969443","3875","0.31625","0.0","0.31625","0.31625","0.31625"
"cg24974599","3075","0.7173035734485255","0.7173035734485255","0.0","0.7173035734485255","0.7173035734485255"
"cg25006077","4154","0.0","0.6025","0.6025","0.6025","0.6025"
"cg25015613","4312","0.8997864580531301","0.0","0.8997864580531301","0.8997864580531301","0.8997864580531301"
"cg25018403","7058","0.305","0.305","0.0","0.305","0.305"
"cg25026926","1277","nan","nan","0.0","nan","0.0"
"cg25054754","23022","0.8766666666666667","0.8766666666666667","0.0","0.8766666666666667","0.8766666666666667"
"cg25063151","54587","0.1670523252623975","0.1670523252623975","0.0","0.1670523252623975","0.1670523252623975"
"cg25075794","358","0.0","0.557120275326885","0.557120275326885","0.557120275326885","0.557120275326885"
"cg25076325","10205","0.4","0.0","0.4","0.4","0.4"
"cg25095032","23564","0.035378180641","0.035378180641","0.0","0.035378180641","0.035378180641"
"cg25121125","56999","0.0","0.0492","0.0492","0.0492","0.0492"
"cg25122590","23022","0.8766666666666667","0.8766666666666667","0.0","0.8766666666666667","0.8766666666666667"
"cg25148255","427","nan","nan","nan","0.0","0.0"
"cg25157607","56999","0.0","0.0492","0.0492","0.0492","0.0492"
"cg25158320","5176","0.7419971136334578","0.7419971136334578","0.0","0.7419971136334578","0.7419971136334578"
"cg25171348","9586","0.1863001612225315","0.1863001612225315","0.0","0.1863001612225315","0.1863001612225315"
"cg25178683","3959","nan","nan","0.0","nan","0.0"
"cg25192855","3664","0.0434161494238187","0.0","0.0434161494238187","0.0434161494238187","0.0434161494238187"
"cg25195334","6781","0.0","0.0588970664865293","0.0588970664865293","0.0588970664865293","0.0588970664865293"
"cg25204440","3664","0.0434161494238187","0.0","0.0434161494238187","0.0434161494238187","0.0434161494238187"
"cg25216196","4239","0.4159903157253002","0.4159903157253002","0.0","0.4159903157253002","0.4159903157253002"
"cg25230363","358","0.0","0.557120275326885","0.557120275326885","0.557120275326885","0.557120275326885"
"cg25247351","3109","0.5608799982664641","0.5608799982664641","0.5608799982664641","0.0","0.5608799982664641"
"cg25249241","10205","0.4","0.0","0.4","0.4","0.4"
"cg25265930","3109","0.5608799982664641","0.5608799982664641","0.5608799982664641","0.0","0.5608799982664641"
"cg25309343","6320","0.52","0.52","0.0","0.52","0.52"
"cg25315527","3488","0.5125","0.5125","0.0","0.5125","0.5125"
"cg25320665","4312","0.8997864580531301","0.0","0.8997864580531301","0.8997864580531301","0.8997864580531301"
"cg25342059","4154","0.0","0.6025","0.6025","0.6025","0.6025"
"cg25343204","10551","0.875","0.0","0.875","0.875","0.875"
"cg25349034","25937","0.0","0.566392560112367","0.566392560112367","0.566392560112367","0.566392560112367"
"cg25369262","10103","0.75","0.0","0.75","0.75","0.75"
"cg25390440","2995","0.5969758988045732","0.5969758988045732","0.0","0.5969758988045732","0.5969758988045732"
"cg25403205","199","0.6779539196068811","0.6779539196068811","0.6779539196068811","0.0","0.6779539196068811"
"cg25406665","718","0.5835689820236495","0.5835689820236495","0.0","0.5835689820236495","0.5835689820236495"
"cg25406989","2200","0.3399919444800981","0.3399919444800981","0.0","0.3399919444800981","0.3399919444800981"
"cg25424742","1293","0.7825930826507164","0.7825930826507164","0.0","0.7825930826507164","0.7825930826507164"
"cg25431120","1293","0.7825930826507164","0.7825930826507164","0.0","0.7825930826507164","0.7825930826507164"
"cg25437947","427","nan","nan","nan","0.0","0.0"
"cg25449950","6649","0.3639285714285714","0.3639285714285714","0.0","0.3639285714285714","0.3639285714285714"
"cg25470419","4724","nan","nan","0.0","nan","0.0"
"cg25491265","4154","0.0","0.6025","0.6025","0.6025","0.6025"
"cg25491905","7070","0.6518542790402827","0.6518542790402827","0.0","0.6518542790402827","0.6518542790402827"
"cg25505106","2200","0.3399919444800981","0.3399919444800981","0.0","0.3399919444800981","0.3399919444800981"
"cg25520701","9586","0.1863001612225315","0.1863001612225315","0.0","0.1863001612225315","0.1863001612225315"
"cg25561440","4016","0.333857788544925","0.333857788544925","0.0","0.333857788544925","0.333857788544925"
"cg25581822","56999","0.0","0.0492","0.0492","0.0492","0.0492"
"cg25591469","1293","0.7825930826507164","0.7825930826507164","0.0","0.7825930826507164","0.7825930826507164"
"cg25631414","7058","0.305","0.305","0.0","0.305","0.305"
"cg25640382","9586","0.1863001612225315","0.1863001612225315","0.0","0.1863001612225315","0.1863001612225315"
"cg25645268","6423","0.02","0.02","0.0","0.02","0.02"
"cg25653759","5268","0.9380031619724644","0.0","0.9380031619724644","0.9380031619724644","0.9380031619724644"
"cg25680486","5118","0.8916061148881612","0.8916061148881612","0.0","0.8916061148881612","0.8916061148881612"
"cg25721950","11074","0.9166032895019568","0.0","0.9166032895019568","0.9166032895019568","0.9166032895019568"
"cg25730237","94031","0.0534848484848484","0.0534848484848484","0.0","0.0534848484848484","0.0534848484848484"
"cg25735490","1277","nan","nan","0.0","nan","0.0"
"cg25738958","4016","0.333857788544925","0.333857788544925","0.0","0.333857788544925","0.333857788544925"
"cg25742464","1999","0.8700000000000001","0.0","0.8700000000000001","0.8700000000000001","0.8700000000000001"
"cg25746387","1805","0.885","0.885","0.0","0.885","0.885"
"cg25755892","5320","0.93","0.93","0.0","0.93","0.93"
"cg25761371","718","0.5835689820236495","0.5835689820236495","0.0","0.5835689820236495","0.5835689820236495"
"cg25767906","6342","nan","nan","0.0","nan","0.0"
"cg25771041","25937","0.0","0.566392560112367","0.566392560112367","0.566392560112367","0.566392560112367"
"cg25775322","6423","0.02","0.02","0.0","0.02","0.02"
"cg25841373","5268","0.9380031619724644","0.0","0.9380031619724644","0.9380031619724644","0.9380031619724644"
"cg25845158","23564","0.035378180641","0.035378180641","0.0","0.035378180641","0.035378180641"
"cg25855249","9590","0.6576617356201644","0.6576617356201644","0.0","0.6576617356201644","0.6576617356201644"
"cg25859972","56999","0.0","0.0492","0.0492","0.0492","0.0492"
"cg25875163","8000","0.6084291502812684","0.0","0.6084291502812684","0.6084291502812684","0.6084291502812684"
"cg25878131","1997","0.0","0.365","0.365","0.365","0.365"
"cg25896785","8483","0.7575","0.7575","0.0","0.7575","0.7575"
"cg25924558","11074","0.9166032895019568","0.0","0.9166032895019568","0.9166032895019568","0.9166032895019568"
"cg25938569","347735","0.81","0.0","0.81","0.81","0.81"
"cg25953692","23564","0.035378180641","0.035378180641","0.0","0.035378180641","0.035378180641"
"cg25955817","30851","nan","nan","0.0","nan","0.0"
"cg25956483","3109","0.5608799982664641","0.5608799982664641","0.5608799982664641","0.0","0.5608799982664641"
"cg25969108","5349","0.6161755028680032","0.0","0.6161755028680032","0.6161755028680032","0.6161755028680032"
"cg25985347","23022","0.8766666666666667","0.8766666666666667","0.0","0.8766666666666667","0.8766666666666667"
"cg25991468","9586","0.1863001612225315","0.1863001612225315","0.0","0.1863001612225315","0.1863001612225315"
"cg26022526","94031","0.0534848484848484","0.0534848484848484","0.0","0.0534848484848484","0.0534848484848484"
"cg26034375","347735","0.81","0.0","0.81","0.81","0.81"
"cg26036478","10252","0.0","0.0288888888888888","0.0288888888888888","0.0288888888888888","0.0288888888888888"
"cg26042490","8581","0.7891648678979188","0.0","0.7891648678979188","0.7891648678979188","0.7891648678979188"
"cg26050864","50486","0.0248809523809523","0.0248809523809523","0.0248809523809523","0.0","0.0248809523809523"
"cg26051540","5270","nan","nan","0.0","nan","0.0"
"cg26057104","11074","0.9166032895019568","0.0","0.9166032895019568","0.9166032895019568","0.9166032895019568"
"cg26061177","56999","0.0","0.0492","0.0492","0.0492","0.0492"
"cg26061582","3569","0.0","0.1701842557021957","0.1701842557021957","0.1701842557021957","0.1701842557021957"
"cg26081062","5270","nan","nan","0.0","nan","0.0"
"cg26100986","5118","0.8916061148881612","0.8916061148881612","0.0","0.8916061148881612","0.8916061148881612"
"cg26104986","871","0.0803333333333333","0.0803333333333333","0.0","0.0803333333333333","0.0803333333333333"
"cg26107033","3914","0.6380300959605266","0.0","0.6380300959605266","0.6380300959605266","0.6380300959605266"
"cg26108719","54587","0.1670523252623975","0.1670523252623975","0.0","0.1670523252623975","0.1670523252623975"
"cg26111283","23564","0.035378180641","0.035378180641","0.0","0.035378180641","0.035378180641"
"cg26122963","5118","0.8916061148881612","0.8916061148881612","0.0","0.8916061148881612","0.8916061148881612"
"cg26134090","132299","0.3514285714285714","0.0","0.3514285714285714","0.3514285714285714","0.3514285714285714"
"cg26137350","1290","nan","nan","0.0","nan","0.0"
"cg26149645","25890","0.45","0.45","0.0","0.45","0.45"
"cg26155983","2877","0.7866666666666666","0.0","0.7866666666666666","0.7866666666666666","0.7866666666666666"
"cg26181929","2098","nan","nan","0.0","nan","0.0"
"cg26214742","9555","nan","nan","nan","0.0","0.0"
"cg26220985","1805","0.885","0.885","0.0","0.885","0.885"
"cg26256630","11074","0.9166032895019568","0.0","0.9166032895019568","0.9166032895019568","0.9166032895019568"
"cg26266618","947","0.28","0.28","0.0","0.28","0.28"
"cg26266991","3914","0.6380300959605266","0.0","0.6380300959605266","0.6380300959605266","0.6380300959605266"
"cg26278699","1293","0.7825930826507164","0.7825930826507164","0.0","0.7825930826507164","0.7825930826507164"
"cg26279614","23022","0.8766666666666667","0.8766666666666667","0.0","0.8766666666666667","0.8766666666666667"
"cg26280326","9555","nan","nan","nan","0.0","0.0"
"cg26280713","7058","0.305","0.305","0.0","0.305","0.305"
"cg26281971","718","0.5835689820236495","0.5835689820236495","0.0","0.5835689820236495","0.5835689820236495"
"cg26287345","10398","0.1652941176470588","0.1652941176470588","0.0","0.1652941176470588","0.1652941176470588"
"cg26289436","951","0.9021819420607722","0.9021819420607722","0.9021819420607722","0.0","0.9021819420607722"
"cg26294229","3914","0.6380300959605266","0.0","0.6380300959605266","0.6380300959605266","0.6380300959605266"
"cg26315753","347735","0.81","0.0","0.81","0.81","0.81"
"cg26328757","1999","0.8700000000000001","0.0","0.8700000000000001","0.8700000000000001","0.8700000000000001"
"cg26332175","90843","nan","nan","0.0","nan","0.0"
"cg26332253","2697","0.0","0.41","0.41","0.41","0.41"
"cg26334804","558","0.02","0.02","0.0","0.02","0.02"
"cg26357344","3856","0.6143809138531653","0.0","0.6143809138531653","0.6143809138531653","0.6143809138531653"
"cg26360484","347735","0.81","0.0","0.81","0.81","0.81"
"cg26390965","9590","0.6576617356201644","0.6576617356201644","0.0","0.6576617356201644","0.6576617356201644"
"cg26394055","2207","0.895074651733345","0.895074651733345","0.895074651733345","0.0","0.895074651733345"
"cg26412722","58494","0.0","0.0311111111111111","0.0311111111111111","0.0311111111111111","0.0311111111111111"
"cg26421646","347735","0.81","0.0","0.81","0.81","0.81"
"cg26426447","10205","0.4","0.0","0.4","0.4","0.4"
"cg26449178","10252","0.0","0.0288888888888888","0.0288888888888888","0.0288888888888888","0.0288888888888888"
"cg26457665","4724","nan","nan","0.0","nan","0.0"
"cg26460030","10550","nan","nan","0.0","nan","0.0"
"cg26466375","8581","0.7891648678979188","0.0","0.7891648678979188","0.7891648678979188","0.7891648678979188"
"cg26475369","11074","0.9166032895019568","0.0","0.9166032895019568","0.9166032895019568","0.9166032895019568"
"cg26482305","23022","0.8766666666666667","0.8766666666666667","0.0","0.8766666666666667","0.8766666666666667"
"cg26483505","9586","0.1863001612225315","0.1863001612225315","0.0","0.1863001612225315","0.1863001612225315"
"cg26487031","10205","0.4","0.0","0.4","0.4","0.4"
"cg26521562","558","0.02","0.02","0.0","0.02","0.02"
"cg26533764","3914","0.6380300959605266","0.0","0.6380300959605266","0.6380300959605266","0.6380300959605266"
"cg26556328","718","0.5835689820236495","0.5835689820236495","0.0","0.5835689820236495","0.5835689820236495"
"cg26566898","6876","0.4963636363636363","0.4963636363636363","0.0","0.4963636363636363","0.4963636363636363"
"cg26574794","1513","0.9668705339977453","0.9668705339977453","0.0","0.9668705339977453","0.9668705339977453"
"cg26638444","2878","0.088","0.088","0.0","0.088","0.088"
"cg26647219","25937","0.0","0.566392560112367","0.566392560112367","0.566392560112367","0.566392560112367"
"cg26665904","2","0.0","0.9135720165548152","0.9135720165548152","0.9135720165548152","0.9135720165548152"
"cg26678920","112464","0.0271428571428571","0.0271428571428571","0.0","0.0271428571428571","0.0271428571428571"
"cg26689038","11074","0.9166032895019568","0.0","0.9166032895019568","0.9166032895019568","0.9166032895019568"
"cg26710209","23584","0.5773450136967414","0.0","0.5773450136967414","0.5773450136967414","0.5773450136967414"
"cg26724497","3488","0.5125","0.5125","0.0","0.5125","0.5125"
"cg26724967","9235","0.8633333333333333","0.8633333333333333","0.0","0.8633333333333333","0.8633333333333333"
"cg26731119","132299","0.3514285714285714","0.0","0.3514285714285714","0.3514285714285714","0.3514285714285714"
"cg26753302","5268","0.9380031619724644","0.0","0.9380031619724644","0.9380031619724644","0.9380031619724644"
"cg26777475","5118","0.8916061148881612","0.8916061148881612","0.0","0.8916061148881612","0.8916061148881612"
"cg26800986","3671","0.7702602832803085","0.7702602832803085","0.0","0.7702602832803085","0.7702602832803085"
"cg26807448","9555","nan","nan","nan","0.0","0.0"
"cg26808687","1999","0.8700000000000001","0.0","0.8700000000000001","0.8700000000000001","0.8700000000000001"
"cg26817371","83483","0.0","0.67","0.67","0.67","0.67"
"cg26824174","56944","0.4370904780403188","0.4370904780403188","0.0","0.4370904780403188","0.4370904780403188"
"cg26861457","718","0.5835689820236495","0.5835689820236495","0.0","0.5835689820236495","0.5835689820236495"
"cg26891210","1520","0.76","0.76","0.76","0.0","0.76"
"cg26891370","2878","0.088","0.088","0.0","0.088","0.088"
"cg26902279","9555","nan","nan","nan","0.0","0.0"
"cg26923410","358","0.0","0.557120275326885","0.557120275326885","0.557120275326885","0.557120275326885"
"cg26928788","3959","nan","nan","0.0","nan","0.0"
"cg26952136","219348","0.2510137134646975","0.2510137134646975","0.0","0.2510137134646975","0.2510137134646975"
"cg26964592","3109","0.5608799982664641","0.5608799982664641","0.5608799982664641","0.0","0.5608799982664641"
"cg26978172","23564","0.035378180641","0.035378180641","0.0","0.035378180641","0.035378180641"
"cg26984961","9586","0.1863001612225315","0.1863001612225315","0.0","0.1863001612225315","0.1863001612225315"
"cg27011712","4724","nan","nan","0.0","nan","0.0"
"cg27021512","2098","nan","nan","0.0","nan","0.0"
"cg27027655","10268","0.0","0.024","0.024","0.024","0.024"
"cg27032101","8519","0.0","nan","nan","nan","0.0"
"cg27045481","9590","0.6576617356201644","0.6576617356201644","0.0","0.6576617356201644","0.6576617356201644"
"cg27049194","1293","0.7825930826507164","0.7825930826507164","0.0","0.7825930826507164","0.7825930826507164"
"cg27050057","1293","0.7825930826507164","0.7825930826507164","0.0","0.7825930826507164","0.7825930826507164"
"cg27069566","5118","0.8916061148881612","0.8916061148881612","0.0","0.8916061148881612","0.8916061148881612"
"cg27094856","558","0.02","0.02","0.0","0.02","0.02"
"cg27096981","10252","0.0","0.0288888888888888","0.0288888888888888","0.0288888888888888","0.0288888888888888"
"cg27102649","5176","0.7419971136334578","0.7419971136334578","0.0","0.7419971136334578","0.7419971136334578"
"cg27110491","7378","0.0","nan","nan","nan","0.0"
"cg27123071","11074","0.9166032895019568","0.0","0.9166032895019568","0.9166032895019568","0.9166032895019568"
"cg27132391","112464","0.0271428571428571","0.0271428571428571","0.0","0.0271428571428571","0.0271428571428571"
"cg27146036","1522","0.4261904761904762","0.4261904761904762","0.4261904761904762","0.0","0.4261904761904762"
"cg27166707","2","0.0","0.9135720165548152","0.9135720165548152","0.9135720165548152","0.9135720165548152"
"cg27168661","1293","0.7825930826507164","0.7825930826507164","0.0","0.7825930826507164","0.7825930826507164"
"cg27176828","50486","0.0248809523809523","0.0248809523809523","0.0248809523809523","0.0","0.0248809523809523"
"cg27176870","10653","0.0887254695","0.0","0.0887254695","0.0887254695","0.0887254695"
"cg27180868","100131187","0.2549300699300699","0.0","0.2549300699300699","0.2549300699300699","0.2549300699300699"
"cg27191207","10252","0.0","0.0288888888888888","0.0288888888888888","0.0288888888888888","0.0288888888888888"
"cg27203924","56999","0.0","0.0492","0.0492","0.0492","0.0492"
"cg27208536","94031","0.0534848484848484","0.0534848484848484","0.0","0.0534848484848484","0.0534848484848484"
"cg27232482","2532","0.0","0.5825","0.5825","0.5825","0.5825"
"cg27236973","3872","0.7155623912165989","0.0","0.7155623912165989","0.7155623912165989","0.7155623912165989"
"cg27254056","311","0.1615384615384615","0.0","0.1615384615384615","0.1615384615384615","0.1615384615384615"
"cg27264172","7058","0.305","0.305","0.0","0.305","0.305"
"cg27304043","10252","0.0","0.0288888888888888","0.0288888888888888","0.0288888888888888","0.0288888888888888"
"cg27313566","11074","0.9166032895019568","0.0","0.9166032895019568","0.9166032895019568","0.9166032895019568"
"cg27319151","11074","0.9166032895019568","0.0","0.9166032895019568","0.9166032895019568","0.9166032895019568"
"cg27327508","5066","nan","nan","0.0","nan","0.0"
"cg27331738","286133","0.365","0.365","0.0","0.365","0.365"
"cg27331828","3075","0.7173035734485255","0.7173035734485255","0.0","0.7173035734485255","0.7173035734485255"
"cg27342919","11074","0.9166032895019568","0.0","0.9166032895019568","0.9166032895019568","0.9166032895019568"
"cg27350716","11074","0.9166032895019568","0.0","0.9166032895019568","0.9166032895019568","0.9166032895019568"
"cg27351624","11074","0.9166032895019568","0.0","0.9166032895019568","0.9166032895019568","0.9166032895019568"
"cg27362222","10252","0.0","0.0288888888888888","0.0288888888888888","0.0288888888888888","0.0288888888888888"
"cg27398499","4070","0.292661897490563","0.0","0.292661897490563","0.292661897490563","0.292661897490563"
"cg27399052","54587","0.1670523252623975","0.1670523252623975","0.0","0.1670523252623975","0.1670523252623975"
"cg27402766","25890","0.45","0.45","0.0","0.45","0.45"
"cg27414481","112464","0.0271428571428571","0.0271428571428571","0.0","0.0271428571428571","0.0271428571428571"
"cg27417294","219348","0.2510137134646975","0.2510137134646975","0.0","0.2510137134646975","0.2510137134646975"
"cg27448433","9586","0.1863001612225315","0.1863001612225315","0.0","0.1863001612225315","0.1863001612225315"
"cg27451920","1293","0.7825930826507164","0.7825930826507164","0.0","0.7825930826507164","0.7825930826507164"
"cg27470213","3959","nan","nan","0.0","nan","0.0"
"cg27478707","3109","0.5608799982664641","0.5608799982664641","0.5608799982664641","0.0","0.5608799982664641"
"cg27490797","9586","0.1863001612225315","0.1863001612225315","0.0","0.1863001612225315","0.1863001612225315"
"cg27506783","23564","0.035378180641","0.035378180641","0.0","0.035378180641","0.035378180641"
"cg27517282","9586","0.1863001612225315","0.1863001612225315","0.0","0.1863001612225315","0.1863001612225315"
"cg27535305","6342","nan","nan","0.0","nan","0.0"
"cg27545565","23022","0.8766666666666667","0.8766666666666667","0.0","0.8766666666666667","0.8766666666666667"
"cg27554189","4016","0.333857788544925","0.333857788544925","0.0","0.333857788544925","0.333857788544925"
"cg27566858","947","0.28","0.28","0.0","0.28","0.28"
"cg27579501","558","0.02","0.02","0.0","0.02","0.02"
"cg27583671","9590","0.6576617356201644","0.6576617356201644","0.0","0.6576617356201644","0.6576617356201644"
"cg27596068","871","0.0803333333333333","0.0803333333333333","0.0","0.0803333333333333","0.0803333333333333"
"cg27604897","1277","nan","nan","0.0","nan","0.0"
"cg27608102","3880","0.2021428571428571","0.0","0.2021428571428571","0.2021428571428571","0.2021428571428571"
"cg27640794","23022","0.8766666666666667","0.8766666666666667","0.0","0.8766666666666667","0.8766666666666667"
"ch.1.3903344F","1999","0.8700000000000001","0.0","0.8700000000000001","0.8700000000000001","0.8700000000000001"
