a,b,mean_abs_diff,r,n_loci
HSC (bone marrow),MPP (bone marrow),0.011941998265683651,0.9985053533565091,58600
GMP (bone marrow),L-MPP (bone marrow),0.013560445979237556,0.9969049553308149,57746
CMP (bone marrow),MPP (bone marrow),0.014471150934696198,0.9973498147011398,58632
HSC (bone marrow),L-MPP (bone marrow),0.014725946821272373,0.9964905496089096,58031
CMP (bone marrow),GMP (bone marrow),0.015532330609858036,0.9959444650423777,57952
CMP (bone marrow),L-MPP (bone marrow),0.015550991520285606,0.9963646867599997,58043
CMP (bone marrow),HSC (bone marrow),0.016244322061538696,0.9954909429548411,58639
naive cd4 t cells,naive cd8 t cells,0.016899090260267258,0.9943972671910845,116278
L-MPP (bone marrow),MPP (bone marrow),0.016986427828669548,0.9964154562262545,58024
GMP (bone marrow),HSC (bone marrow),0.01826370321214199,0.9928592132554422,57906
CMP (bone marrow),MEP (bone marrow),0.019969170913100243,0.996372065712482,58642
GMP (bone marrow),MPP (bone marrow),0.01999233290553093,0.9935455930375078,57919
MEP (bone marrow),MPP (bone marrow),0.02178778313100338,0.9935994767853898,58578
L-MPP (bone marrow),MEP (bone marrow),0.022748557850718498,0.9920507677411494,58021
GMP (bone marrow),MEP (bone marrow),0.022909095510840416,0.9909465471604996,57902
HSC (bone marrow),MEP (bone marrow),0.02318299189209938,0.9913280626065688,58591
memory cd4 t cells,regulatory t cells,0.024915648624300957,0.9903740842343907,110610
monocytes,neutrophils,0.02494891732931137,0.9832516474349671,112208
cd4 t cells,cd8 t cells,0.025120815262198448,0.9913548545170014,116279
gastric body epithelium,gastric fundus epithelium,0.027993831783533096,0.9927791230657297,116279
gastric antrum epithelium,gastric body epithelium,0.02932749316096306,0.9915605437572824,116279
effector memory cd8 t cells,memory cd4 t cells,0.029550794512033463,0.9863328119273602,111293
lung alveolar macrophages,lung interstitial macrophages,0.03117941878736019,0.9892237248865341,116279
eosinophils,neutrophils,0.03201240301132202,0.9758245524892101,111612
effector memory cd8 t cells,regulatory t cells,0.03221122547984123,0.9810883757866362,110771
L-MPP (bone marrow),naive b cells,0.032433681190013885,0.9825490834705617,54171
basophils,eosinophils,0.03275090083479881,0.9756630944391974,111473
GMP (bone marrow),naive b cells,0.03281714394688606,0.9825558091785314,54071
CMP (bone marrow),naive b cells,0.03333994373679161,0.9812304144151414,54844
gastric antrum epithelium,gastric fundus epithelium,0.03347930312156677,0.9879460682744793,116279
MPP (bone marrow),naive b cells,0.03388925641775131,0.9798398353876046,54721
HSC (bone marrow),naive b cells,0.03511069342494011,0.9785218790166305,54741
CMP (bone marrow),basophils,0.035281285643577576,0.9844111902283126,54952
cd8 t cells,memory cd4 t cells,0.03553110361099243,0.9869128787994593,111295
b cells,naive b cells,0.036805275827646255,0.9871321771864823,110857
cd4 t cells,memory cd4 t cells,0.03716077655553818,0.9884244536379446,111295
kidney glomerular epithelium,kidney tubular epithelium,0.03736070916056633,0.9848468806385805,116276
MPP (bone marrow),basophils,0.03783942386507988,0.9794564112861003,54803
GMP (bone marrow),monocytes,0.03836997598409653,0.983281524270838,57971
cd8 t cells,effector memory cd8 t cells,0.03870056942105293,0.9853123378563873,116276
MEP (bone marrow),naive b cells,0.038796257227659225,0.976918518901074,54735
eosinophils,monocytes,0.03888856619596481,0.9637424540954773,111634
CMP (bone marrow),eosinophils,0.03926222398877144,0.9751029943846921,54944
kidney glomerular endothelium,kidney tubular endothelium,0.039669573307037354,0.9840647677037966,116279
GMP (bone marrow),basophils,0.03976605087518692,0.9801858510021663,54118
CMP (bone marrow),monocytes,0.03978082165122032,0.9773645708432998,58881
MEP (bone marrow),basophils,0.0398792065680027,0.983486171634343,54821
MPP (bone marrow),monocytes,0.04040553793311119,0.9740470962048381,58709
CMP (bone marrow),neutrophils,0.04075806587934494,0.9754552286209607,55021
HSC (bone marrow),basophils,0.040928710252046585,0.9762749065702513,54830
basophils,neutrophils,0.041006628423929214,0.9606889207622816,111705
GMP (bone marrow),neutrophils,0.04119659587740898,0.9785986262107982,54170
MPP (bone marrow),eosinophils,0.04147801920771599,0.9700153156131426,54792
GMP (bone marrow),eosinophils,0.041492220014333725,0.9740516028374607,54113
MPP (bone marrow),neutrophils,0.04161075875163078,0.9721697956271231,54864
MEP (bone marrow),eosinophils,0.04167906939983368,0.973687157275683,54813
L-MPP (bone marrow),basophils,0.04170037433505058,0.9775827719500327,54213
naive b cells,naive cd4 t cells,0.041960835456848145,0.9518161554341606,110856
L-MPP (bone marrow),monocytes,0.04226497933268547,0.9753644516275177,58075
basophils,monocytes,0.04276527836918831,0.9588600783681314,111731
naive b cells,naive cd8 t cells,0.04302951321005821,0.9515415843214697,110857
HSC (bone marrow),monocytes,0.0432901605963707,0.9716070445303419,58736
t effector cell cd8,t effector memory cd4,0.04376578703522682,0.9787393455629296,116279
cd8 t cells,regulatory t cells,0.043840035796165466,0.9776394072497574,110772
t central memory cd4,t effector memory cd4,0.04394081234931946,0.9837691132443825,116279
MEP (bone marrow),monocytes,0.04394946247339249,0.9729550398925575,58733
cd4 t cells,naive cd4 t cells,0.04415224492549896,0.9793759504502065,116278
HSC (bone marrow),eosinophils,0.0442928783595562,0.9670327019933278,54820
L-MPP (bone marrow),eosinophils,0.04435915872454643,0.9693796165529244,54211
naive cd8 t cells,nk cells,0.04438258334994316,0.9679186508908725,116279
L-MPP (bone marrow),neutrophils,0.044440679252147675,0.9725087979412537,54263
HSC (bone marrow),neutrophils,0.044543951749801636,0.9694785117471244,54892
cd4 t cells,naive cd8 t cells,0.04466397315263748,0.9784284549468727,116279
colon macrophages,lung interstitial macrophages,0.04531262814998627,0.9808531078546135,116271
L-MPP (bone marrow),naive cd4 t cells,0.04564256966114044,0.9688417192865488,58074
MEP (bone marrow),neutrophils,0.04571256786584854,0.9709853685481864,54889
CMP (bone marrow),nk cells,0.04591824486851692,0.9727841945706291,58881
MPP (bone marrow),naive cd4 t cells,0.04595084860920906,0.9668333023719913,58708
cd4 t cells,nk cells,0.04626144468784332,0.9642780059580689,116279
CMP (bone marrow),naive cd4 t cells,0.046300008893013,0.9681107221049524,58880
MPP (bone marrow),nk cells,0.04646991193294525,0.970614632796761,58709
naive cd4 t cells,nk cells,0.04665530472993851,0.9642200924338481,116278
cd4 t cells,regulatory t cells,0.04678790271282196,0.9777815077961182,110772
L-MPP (bone marrow),naive cd8 t cells,0.04714488238096237,0.9675148778894593,58075
b cells,nk cells,0.04724523425102234,0.9545751777145877,116278
HSC (bone marrow),naive cd4 t cells,0.04756391793489456,0.965096416164817,58735
CMP (bone marrow),naive cd8 t cells,0.0478912852704525,0.9667414656043328,58881
GMP (bone marrow),naive cd4 t cells,0.04789683222770691,0.9672723401380247,57970
L-MPP (bone marrow),nk cells,0.04793313890695572,0.9713282290456994,58075
MPP (bone marrow),naive cd8 t cells,0.04794636368751526,0.9651799248021486,58709
b cells,cd4 t cells,0.04814524948596954,0.9508464565288718,116278
GMP (bone marrow),nk cells,0.04821526259183884,0.9717276335324125,57971
naive b cells,nk cells,0.048813458532094955,0.9532983693945709,110857
colon enteroendocrine,colon epithelium,0.04897299036383629,0.9746242759879683,116279
GMP (bone marrow),naive cd8 t cells,0.049179498106241226,0.9659542086310099,57971
HSC (bone marrow),nk cells,0.04936593025922775,0.9680399361225718,58736
HSC (bone marrow),naive cd8 t cells,0.04981159418821335,0.9631216261532322,58736
lung interstitial macrophages,monocytes,0.049989573657512665,0.9771272542538889,116279
monocytes,naive b cells,0.05024803802371025,0.9452319984748088,110857
pancreatic alpha,pancreatic delta,0.05051863193511963,0.9643630369440783,116279
colon macrophages,lung alveolar macrophages,0.0508139468729496,0.971319661443068,116271
MEP (bone marrow),nk cells,0.05103490501642227,0.9701900262419595,58733
cd4 t cells,effector memory cd8 t cells,0.051080986857414246,0.9719722403099699,116276
kidney glomerular endothelium,pancreas endothelium,0.05115853622555733,0.9701628583049426,116279
tongue epithelium,tonsil palatine epithelium,0.05133294314146042,0.9710672202431128,116279
CMP (bone marrow),b cells,0.05143380165100098,0.9705675564065244,58881
t central memory cd4,t effector cell cd8,0.051781605929136276,0.967487061520067,116279
MPP (bone marrow),b cells,0.05185256525874138,0.9691581606735348,58709
L-MPP (bone marrow),b cells,0.05214899405837059,0.9707262335594355,58075
GMP (bone marrow),b cells,0.05215098336338997,0.971675524649352,57971
cd8 t cells,nk cells,0.052255406975746155,0.9630551687510023,116279
MEP (bone marrow),naive cd4 t cells,0.05239977687597275,0.9649768698838858,58732
cd8 t cells,naive cd8 t cells,0.052481599152088165,0.9711988184183696,116279
basophils,naive b cells,0.05278528481721878,0.9400099636403325,110722
monocytes,nk cells,0.05289997532963753,0.936644807493439,116279
basophils,nk cells,0.053043898195028305,0.9434354405990469,111731
MEP (bone marrow),naive cd8 t cells,0.05315600335597992,0.9635098894898009,58733
tonsil palatine epithelium,tonsil pharyngeal epithelium,0.05316901206970215,0.9673031534678888,116279
aorta endothelium,vascular saphenous endothelium,0.05386428162455559,0.9688398855984504,116279
cd4 t cells,t central memory cd4,0.05393092706799507,0.9724482966705594,116279
lung alveolar endothelium,pancreas endothelium,0.05405159667134285,0.9670465275778598,116279
HSC (bone marrow),b cells,0.05436045303940773,0.9670400286121797,58736
lung alveolar macrophages,monocytes,0.05447297915816307,0.9689469061075806,116279
b cells,cd8 t cells,0.05451534315943718,0.9459847496811201,116278
naive b cells,neutrophils,0.05494506284594536,0.9366803786723741,110821
neutrophils,nk cells,0.05508549138903618,0.932366258329422,112208
cd8 t cells,t central memory cd4,0.0553155355155468,0.9692102319643916,116279
memory cd4 t cells,t central memory cd4,0.05569666996598244,0.969929643522778,111295
cd8 t cells,naive cd4 t cells,0.05633692815899849,0.9655532938628613,116278
eosinophils,naive b cells,0.056419771164655685,0.9294644089205237,110685
pancreatic alpha,pancreatic beta,0.05648713558912277,0.9657789296562697,116279
pancreatic beta,pancreatic delta,0.056639060378074646,0.9655968684376174,116279
kidney glomerular endothelium,vascular saphenous endothelium,0.05678800120949745,0.9595825583435367,116279
b cells,monocytes,0.057087186723947525,0.9418180039801805,116278
MEP (bone marrow),b cells,0.05711902305483818,0.9667876343329368,58733
b cells,naive cd8 t cells,0.05739588290452957,0.9456275127066632,116278
effector memory cd8 t cells,t effector cell cd8,0.05769115686416626,0.967069403635674,116276
pancreas endothelium,vascular saphenous endothelium,0.05801541358232498,0.9592258903915928,116279
kidney glomerular endothelium,lung alveolar endothelium,0.058279603719711304,0.9610195394302257,116279
b cells,naive cd4 t cells,0.05832359194755554,0.9449636423467601,116277
lung alveolar endothelium,vascular saphenous endothelium,0.0585862435400486,0.9592125006741536,116279
adipocytes,pancreas endothelium,0.05883634462952614,0.9643785469279911,116279
eosinophils,nk cells,0.05921582877635956,0.9299356047855024,111634
GMP (bone marrow),lung interstitial macrophages,0.059277310967445374,0.9690670825896467,57971
aorta endothelium,lung alveolar endothelium,0.059350885450839996,0.9595162781900812,116279
kidney tubular endothelium,pancreas endothelium,0.059745095670223236,0.9597975869430426,116279
kidney tubular endothelium,lung alveolar endothelium,0.0601046122610569,0.9594396454681123,116279
oligodendrocyte precursors,oligodendrocytes,0.060156360268592834,0.9437957713305686,113240
regulatory t cells,t central memory cd4,0.06061821058392525,0.962482235087697,110772
colon enteroendocrine,small intestine epithelium,0.060806237161159515,0.9496023744683647,116279
colon epithelium,small intestine epithelium,0.06091678887605667,0.9555788773221315,116279
effector memory cd8 t cells,t central memory cd4,0.06091935187578201,0.9626710014609284,116276
CMP (bone marrow),lung interstitial macrophages,0.061293065547943115,0.9636742087316462,58881
basophils,naive cd4 t cells,0.0613848976790905,0.9273702319224014,111730
kidney tubular endothelium,vascular saphenous endothelium,0.0614505335688591,0.9515535270431302,116279
CMP (bone marrow),cd4 t cells,0.06174750626087189,0.9557320509782852,58881
GMP (bone marrow),lung alveolar macrophages,0.06198468431830406,0.963072125893426,57971
MPP (bone marrow),lung interstitial macrophages,0.062156036496162415,0.960839325854746,58709
effector memory cd8 t cells,t effector memory cd4,0.06219734251499176,0.9637362528021594,116276
MPP (bone marrow),cd4 t cells,0.06229685619473457,0.9538046460735624,58709
monocytes,naive cd8 t cells,0.0626680850982666,0.9199932786520729,116279
L-MPP (bone marrow),lung interstitial macrophages,0.06277153640985489,0.9617137672818029,58075
L-MPP (bone marrow),cd4 t cells,0.0629272386431694,0.955088535102284,58075
b cells,neutrophils,0.06312503665685654,0.9296342110242887,112207
monocytes,naive cd4 t cells,0.06321535259485245,0.9205753420720486,116278
lung interstitial macrophages,neutrophils,0.06343954801559448,0.9553489772157079,112208
CMP (bone marrow),lung alveolar macrophages,0.06344437599182129,0.9579917586651372,58881
MPP (bone marrow),lung alveolar macrophages,0.06356828659772873,0.9556763827724248,58709
GMP (bone marrow),cd4 t cells,0.06363923102617264,0.9548991589318587,57971
basophils,naive cd8 t cells,0.06370009481906891,0.9261426437253962,111731
heart fibroblasts,smooth muscle,0.06370687484741211,0.9531474868494928,116279
astrocytes,oligodendrocyte precursors,0.06372963637113571,0.9354563878892305,113161
MEP (bone marrow),lung interstitial macrophages,0.06383513659238815,0.9615532839343652,58733
b cells,basophils,0.06425783783197403,0.9319861267763568,111730
cd8 t cells,t effector cell cd8,0.06429161131381989,0.961248824712194,116279
HSC (bone marrow),lung interstitial macrophages,0.06443721055984497,0.9584640346626582,58736
naive cd8 t cells,neutrophils,0.06454040110111237,0.9176904724201156,112208
colon macrophages,monocytes,0.06467936933040619,0.9668612204858757,116271
HSC (bone marrow),cd4 t cells,0.0648149624466896,0.9511479547149679,58736
L-MPP (bone marrow),lung alveolar macrophages,0.06483566015958786,0.9560275036596417,58075
cd4 t cells,naive b cells,0.06511832773685455,0.9360318579474775,110857
naive cd4 t cells,neutrophils,0.06517767161130905,0.9177825792930238,112207
lung alveolar macrophages,microglia,0.06540735810995102,0.9456736731307654,113231
lung alveolar macrophages,neutrophils,0.06583461165428162,0.9490387821964151,112208
HSC (bone marrow),lung alveolar macrophages,0.06584791839122772,0.9533695795838338,58736
MEP (bone marrow),lung alveolar macrophages,0.06594984978437424,0.9561020330285129,58733
memory cd4 t cells,t effector memory cd4,0.06596820056438446,0.9591431289115829,111295
lung interstitial macrophages,microglia,0.06599000841379166,0.9465931902709827,113231
lung bronchus epithelium,tonsil pharyngeal epithelium,0.06622903794050217,0.9502661945491011,116279
aorta endothelium,pancreas endothelium,0.06638390570878983,0.9506209549393425,116279
memory cd4 t cells,naive cd4 t cells,0.06675970554351807,0.9497698894742936,111294
adipocytes,vascular saphenous endothelium,0.06676313281059265,0.9529637463567185,116279
regulatory t cells,t effector memory cd4,0.06686461716890335,0.9557979729988081,110772
eosinophils,naive cd4 t cells,0.06691785156726837,0.9137934533660267,111633
colon macrophages,microglia,0.06693253666162491,0.9416788507460098,113224
MEP (bone marrow),cd4 t cells,0.06707198172807693,0.9535873866631206,58733
adipocytes,kidney glomerular endothelium,0.06714031100273132,0.9541653641703027,116279
b cells,colon macrophages,0.06716568768024445,0.9478515102693196,116270
GMP (bone marrow),colon macrophages,0.067180335521698,0.9661468751325012,57966
eosinophils,naive cd8 t cells,0.06729701906442642,0.913000756638539,111634
CMP (bone marrow),colon macrophages,0.06813249737024307,0.9617912803368359,58876
memory cd4 t cells,naive cd8 t cells,0.06826592981815338,0.9512894375887999,111295
aorta endothelium,kidney glomerular endothelium,0.06841271370649338,0.9472345560305362,116279
memory cd4 t cells,nk cells,0.06847967207431793,0.9422504142084974,111295
b cells,eosinophils,0.06860781461000443,0.9222745590383281,111633
vascular endothelium,vascular saphenous endothelium,0.0688115805387497,0.9534613934827709,108992
effector memory cd8 t cells,memory b cells,0.06905996799468994,0.9244564071575263,116275
memory b cells,memory cd4 t cells,0.06954079121351242,0.924290124504698,111294
adipocytes,lung alveolar endothelium,0.06957665085792542,0.948883658905143,116279
aorta endothelium,kidney tubular endothelium,0.06984373182058334,0.9438108304763988,116279
eosinophils,lung interstitial macrophages,0.07008802145719528,0.9412017363316891,111634
memory cd4 t cells,t effector cell cd8,0.07012329995632172,0.9480841851746564,111295
b cells,memory cd4 t cells,0.07018134742975235,0.931159676350353,111294
CMP (bone marrow),cd8 t cells,0.07020852714776993,0.9468482855766153,58881
basophils,lung interstitial macrophages,0.07024600356817245,0.9388064889704136,111731
MPP (bone marrow),colon macrophages,0.0703250840306282,0.9581067868038676,58704
cd8 t cells,t effector memory cd4,0.07033028453588486,0.9583985209965693,116279
adipocytes,vascular endothelium,0.07041412591934204,0.9489260005597988,108992
L-MPP (bone marrow),colon macrophages,0.07052941620349884,0.9599066332850051,58070
memory b cells,regulatory t cells,0.070859894156456,0.9204888115983791,110771
regulatory t cells,t effector cell cd8,0.0709759071469307,0.9440971382597206,110772
MPP (bone marrow),cd8 t cells,0.0712735503911972,0.9444905118543824,58709
L-MPP (bone marrow),cd8 t cells,0.07134618610143661,0.9462247082362119,58075
b cells,memory b cells,0.071492038667202,0.9510662446956518,116278
GMP (bone marrow),cd8 t cells,0.07179746776819229,0.946213057044493,57971
b cells,lung interstitial macrophages,0.07219143211841583,0.9346678298639753,116278
eosinophils,lung alveolar macrophages,0.07240597158670425,0.9344767622119121,111634
HSC (bone marrow),colon macrophages,0.07279098033905029,0.9553978238419475,58731
MEP (bone marrow),colon macrophages,0.07279594242572784,0.960166723331689,58728
effector memory cd8 t cells,nk cells,0.07314915210008621,0.9375534571505436,116276
cd4 t cells,monocytes,0.07331175357103348,0.9121493345523685,116279
cd8 t cells,naive b cells,0.07337742298841476,0.9269413694540856,110857
basophils,cd4 t cells,0.07358145713806152,0.9162194030406433,111731
astrocytes,oligodendrocytes,0.07373698055744171,0.9132615185744442,113244
basophils,lung alveolar macrophages,0.07376514375209808,0.9291719623380362,111731
HSC (bone marrow),cd8 t cells,0.07377450913190842,0.9415717385541704,58736
naive cd8 t cells,regulatory t cells,0.07406442612409592,0.9394161011321783,110772
lung interstitial macrophages,nk cells,0.07408460974693298,0.9268459054823466,116279
adipocytes,striated muscle,0.07413873821496964,0.9395305560512753,116279
colon fibroblasts,pancreas endothelium,0.07441852986812592,0.9432869218736786,116277
lung bronchus epithelium,tonsil palatine epithelium,0.07443417608737946,0.9303646693712889,116279
tongue epithelium,tonsil pharyngeal epithelium,0.07454413175582886,0.934547018262254,116279
colon macrophages,neutrophils,0.0745902732014656,0.9475303145931846,112200
cd4 t cells,t effector memory cd4,0.07478834688663483,0.9517074139651469,116279
colon macrophages,nk cells,0.07490706443786621,0.9366183568247242,116271
naive cd4 t cells,regulatory t cells,0.07495255023241043,0.9358702332671246,110771
lung interstitial macrophages,naive b cells,0.07497391849756241,0.9277484062614826,110857
colon macrophages,t central memory cd4,0.07505854219198227,0.9203168013758387,116271
adipocytes,aorta endothelium,0.07530482113361359,0.9404756842433891,116279
MEP (bone marrow),cd8 t cells,0.07543294131755829,0.9445079604924099,58733
cd4 t cells,colon macrophages,0.07569523900747299,0.9299414820328177,116271
adipocytes,kidney tubular endothelium,0.07577485591173172,0.9419831345041593,116279
nk cells,regulatory t cells,0.07577764987945557,0.9298538255857302,110772
CMP (bone marrow),memory cd4 t cells,0.07599826157093048,0.9365370620363777,54812
basophils,colon macrophages,0.07602812349796295,0.9386927244790408,111723
cd4 t cells,neutrophils,0.07608111202716827,0.9069095745703936,112208
cd4 t cells,t effector cell cd8,0.07629148662090302,0.9416404113722199,116279
adipocytes,colon fibroblasts,0.07639681547880173,0.9412359125634661,116277
b cells,regulatory t cells,0.07647983729839325,0.9218812242171357,110771
b cells,lung alveolar macrophages,0.07662240415811539,0.9239687806366064,116278
effector memory cd8 t cells,naive cd8 t cells,0.0767417773604393,0.9351218008715928,116276
bladder epithelium,prostate epithelium,0.07689013332128525,0.9321509550610086,116279
colon fibroblasts,striated muscle,0.07729195803403854,0.9338863419966609,116277
cd8 t cells,memory b cells,0.0774245634675026,0.9233996735484075,116278
MPP (bone marrow),memory cd4 t cells,0.07789462059736252,0.934328081340242,54667
lung alveolar macrophages,nk cells,0.07791836559772491,0.9165714551147615,116279
colon fibroblasts,lung alveolar endothelium,0.07817132771015167,0.9357647348509445,116277
b cells,effector memory cd8 t cells,0.07839605212211609,0.9186428644119974,116275
L-MPP (bone marrow),memory cd4 t cells,0.07861566543579102,0.9352987107850511,54103
lung bronchus epithelium,tongue epithelium,0.07873740047216415,0.9168905928413786,116279
kidney glomerular endothelium,vascular endothelium,0.07885584235191345,0.9350607443608678,108992
colon macrophages,eosinophils,0.07895456999540329,0.9374204792989377,111626
pancreas endothelium,striated muscle,0.07895985245704651,0.9276734395432414,116279
lung alveolar macrophages,naive b cells,0.07901469618082047,0.916912563925231,110857
pancreas endothelium,vascular endothelium,0.07911346107721329,0.9360320333273523,108992
GMP (bone marrow),memory cd4 t cells,0.07919598370790482,0.9353425354236499,54002
lung bronchus epithelium,prostate epithelium,0.07968942075967789,0.9246898975434938,116279
HSC (bone marrow),memory cd4 t cells,0.0799628421664238,0.9313966375581482,54693
cd4 t cells,eosinophils,0.07997698336839676,0.9026094069448508,111634
colon fibroblasts,kidney glomerular endothelium,0.08012187480926514,0.9359045357851284,116277
cd8 t cells,colon macrophages,0.08017868548631668,0.9234349579507279,116271
CMP (bone marrow),regulatory t cells,0.08017952740192413,0.9300482193990821,54739
effector memory cd8 t cells,naive cd4 t cells,0.08021747320890427,0.9270829609092773,116275
colon macrophages,naive b cells,0.08067046105861664,0.933840529584772,110849
pancreatic beta,pancreatic duct,0.0817512646317482,0.906546812164015,116279
breast luminal epithelium,prostate epithelium,0.08185802400112152,0.9188840665506708,116279
MPP (bone marrow),regulatory t cells,0.0821584090590477,0.9273033249268504,54610
breast basal epithelium,breast luminal epithelium,0.08215995132923126,0.9106939008223383,116279
cd8 t cells,monocytes,0.0824253186583519,0.901207955628681,116279
L-MPP (bone marrow),regulatory t cells,0.08247904479503632,0.9291035015518531,54068
basophils,cd8 t cells,0.08271220326423645,0.9051982769162196,111731
CMP (bone marrow),vascular endothelium,0.08280570060014725,0.9249819548899127,54229
lung interstitial macrophages,naive cd4 t cells,0.0828847587108612,0.9095414195264405,116278
aorta endothelium,vascular endothelium,0.08290961384773254,0.9317076030286872,108992
GMP (bone marrow),regulatory t cells,0.08295674622058868,0.928832658038702,53965
b cells,t central memory cd4,0.08299977332353592,0.9164898158475451,116278
MPP (bone marrow),vascular endothelium,0.08322882652282715,0.9259490586906505,54153
aorta endothelium,colon fibroblasts,0.08339409530162811,0.9247132728746205,116277
cd4 t cells,memory b cells,0.083424873650074,0.9163998751895649,116278
CMP (bone marrow),microglia,0.08344287425279617,0.9368037653861548,57031
GMP (bone marrow),microglia,0.08345793187618256,0.939932047982325,56137
lung interstitial macrophages,naive cd8 t cells,0.08380238711833954,0.9079844733911117,116279
kidney tubular endothelium,vascular endothelium,0.08383054286241531,0.9243191182147295,108992
colon fibroblasts,vascular saphenous endothelium,0.08394138514995575,0.9266803308876009,116277
kidney glomerular endothelium,striated muscle,0.08395136892795563,0.9196026564264531,116279
cd4 t cells,lung interstitial macrophages,0.08398514240980148,0.9113504783587429,116279
MPP (bone marrow),microglia,0.08399825543165207,0.935590155807832,56860
nk cells,t central memory cd4,0.08401918411254883,0.9214500708703487,116279
kidney glomerular endothelium,vascular leptomeningeal cells,0.08404861390590668,0.9119542129499009,112932
HSC (bone marrow),regulatory t cells,0.08405166864395142,0.9245186413260151,54636
pancreas endothelium,vascular leptomeningeal cells,0.08412876725196838,0.9173056293751017,112932
naive cd4 t cells,t central memory cd4,0.08427662402391434,0.9279087275671263,116278
memory cd4 t cells,naive b cells,0.08427700400352478,0.9090294636415237,110469
striated muscle,vascular saphenous endothelium,0.08428438752889633,0.9172808159656607,116279
MEP (bone marrow),memory cd4 t cells,0.0843401551246643,0.9338174337373901,54690
HSC (bone marrow),vascular endothelium,0.08458583801984787,0.9241449763996475,54178
naive cd8 t cells,t central memory cd4,0.08484206348657608,0.9275701033842924,116279
cd8 t cells,neutrophils,0.08493597060441971,0.8964913372743142,112208
lung alveolar endothelium,striated muscle,0.08504277467727661,0.9176398202485185,116279
L-MPP (bone marrow),microglia,0.0853034108877182,0.9351308268273886,56243
lung alveolar endothelium,vascular endothelium,0.08531651645898819,0.9263484775413593,108992
HSC (bone marrow),microglia,0.08548515290021896,0.9337797404750936,56891
L-MPP (bone marrow),vascular endothelium,0.08551902323961258,0.924185548162453,53726
pancreatic delta,pancreatic duct,0.08570485562086105,0.8987608173241995,116279
microglia,monocytes,0.08576404303312302,0.9256952803116693,113231
lung alveolar macrophages,naive cd4 t cells,0.08578301966190338,0.9003152985981743,116278
memory b cells,t effector cell cd8,0.08609038591384888,0.9137893235337671,116278
GMP (bone marrow),vascular endothelium,0.08623628318309784,0.92254923536939,53616
CMP (bone marrow),effector memory cd8 t cells,0.08626081049442291,0.9222311689517275,58880
vascular leptomeningeal cells,vascular saphenous endothelium,0.08671842515468597,0.9074562650691965,112932
endometrium epithelium,fallopien tubes epithelium,0.08681589365005493,0.903295027123509,116279
astrocytes,cortical neurons,0.08699552714824677,0.8987852509579577,113244
lung alveolar macrophages,naive cd8 t cells,0.08722980320453644,0.898344189229236,116279
memory b cells,t effector memory cd4,0.08745000511407852,0.9125428584128487,116278
MEP (bone marrow),microglia,0.0875224694609642,0.9355336322375513,56885
basophils,memory cd4 t cells,0.0876009538769722,0.8908763972926984,111091
cd4 t cells,lung alveolar macrophages,0.08766515552997589,0.9013440196878696,116279
colon macrophages,naive cd4 t cells,0.08780582994222641,0.9183062499097554,116270
aorta endothelium,striated muscle,0.0879458338022232,0.9115153673360802,116279
MPP (bone marrow),effector memory cd8 t cells,0.08816196769475937,0.9191192809312577,58708
b cells,microglia,0.08819260448217392,0.9107531283533963,113231
CMP (bone marrow),t central memory cd4,0.08838535845279694,0.9232905819166057,58881
colon macrophages,naive cd8 t cells,0.08841690421104431,0.9181219431614266,116271
MEP (bone marrow),regulatory t cells,0.08843868970870972,0.9268904008124833,54634
L-MPP (bone marrow),effector memory cd8 t cells,0.08850128948688507,0.9212012450232312,58074
kidney tubular epithelium,pancreatic duct,0.08853493630886078,0.9018605238286035,116279
GMP (bone marrow),effector memory cd8 t cells,0.08863157778978348,0.9217891936395258,57970
cd8 t cells,eosinophils,0.08877921104431152,0.8915661978538674,111634
memory b cells,t central memory cd4,0.08879207074642181,0.9133146838210863,116278
GMP (bone marrow),t central memory cd4,0.08889269828796387,0.9236273138453436,57971
colon macrophages,t effector cell cd8,0.08891237527132034,0.8995377828720635,116271
L-MPP (bone marrow),t central memory cd4,0.08911452442407608,0.9224880234031859,58075
naive b cells,regulatory t cells,0.0893789753317833,0.8986969296160141,110141
CMP (bone marrow),memory b cells,0.08956088125705719,0.9139347556641941,58881
lung interstitial macrophages,t central memory cd4,0.08978119492530823,0.8929577251996991,116279
MPP (bone marrow),t central memory cd4,0.08978211134672165,0.9203605714204204,58709
colon macrophages,t effector memory cd4,0.08982865512371063,0.9022172872078833,116271
vascular endothelium,vascular leptomeningeal cells,0.08994680643081665,0.9103548400293432,105849
prostate epithelium,tongue epithelium,0.09012379497289658,0.9028217846197093,116279
MEP (bone marrow),vascular endothelium,0.09027668833732605,0.9232000500009215,54163
HSC (bone marrow),effector memory cd8 t cells,0.09035307168960571,0.9159524069667914,58735
GMP (bone marrow),memory b cells,0.09038504213094711,0.9163164548287686,57971
adipocytes,vascular leptomeningeal cells,0.09049491584300995,0.9147751991134672,112932
colon fibroblasts,kidney tubular endothelium,0.09054454416036606,0.9183310622429726,116277
striated muscle,vascular endothelium,0.09057928621768951,0.9165337201242754,108992
kidney tubular epithelium,thyroid epithelium,0.09059704840183258,0.8909069393959156,116279
cortical neurons,oligodendrocyte precursors,0.09087931364774704,0.8948558709418913,113240
lung alveolar epithelium,lung bronchus epithelium,0.09108847379684448,0.9022805209698267,116279
striated muscle,vascular leptomeningeal cells,0.09110773354768753,0.9086064736132404,112932
colon macrophages,memory cd4 t cells,0.09139291197061539,0.9036088018781996,111287
lung alveolar endothelium,vascular leptomeningeal cells,0.09140785038471222,0.903593241817448,112932
lung alveolar epithelium,pancreatic duct,0.09147017449140549,0.8867513389085251,116279
bladder epithelium,lung bronchus epithelium,0.09150294959545135,0.8940112768638054,116279
MPP (bone marrow),memory b cells,0.09162427484989166,0.910788059825184,58709
HSC (bone marrow),t central memory cd4,0.09166648238897324,0.9174610255871438,58736
MEP (bone marrow),t central memory cd4,0.09186422824859619,0.9231323522542313,58733
L-MPP (bone marrow),memory b cells,0.09188413619995117,0.9130531369442467,58075
colon fibroblasts,smooth muscle,0.09195353090763092,0.9219533855180718,116277
cd8 t cells,lung interstitial macrophages,0.09207804501056671,0.9006652382930415,116279
prostate epithelium,tonsil pharyngeal epithelium,0.0923273116350174,0.9110326050321984,116279
microglia,nk cells,0.09235350042581558,0.9009189816876029,113231
kidney tubular endothelium,striated muscle,0.09261340647935867,0.9033677109865808,116279
kidney tubular endothelium,vascular leptomeningeal cells,0.09261517226696014,0.8892247065779031,112932
kidney glomerular epithelium,pancreatic duct,0.09289209544658661,0.8905319235142168,116276
colon fibroblasts,vascular endothelium,0.09293874353170395,0.9197172729144216,108990
colon fibroblasts,vascular leptomeningeal cells,0.09310998022556305,0.914858045711291,112930
pancreatic alpha,pancreatic duct,0.09337491542100906,0.8779955269057237,116279
HSC (bone marrow),memory b cells,0.09351704269647598,0.9078747127152458,58736
cd4 t cells,microglia,0.09352979809045792,0.8944082802985812,113231
microglia,neutrophils,0.09355107694864273,0.9072574925737102,109276
MEP (bone marrow),effector memory cd8 t cells,0.09364322572946548,0.9198206696926539,58732
prostate epithelium,tonsil palatine epithelium,0.09376241266727448,0.9057219414849583,116279
nk cells,vascular endothelium,0.09381412714719772,0.8836868148419789,108992
lung alveolar macrophages,t central memory cd4,0.09408232569694519,0.8816355328038996,116279
astrocytes,vascular leptomeningeal cells,0.09417229145765305,0.8839992482231342,112904
microglia,t central memory cd4,0.09432098269462585,0.8811694697084927,113231
cortical neurons,oligodendrocytes,0.09433374553918839,0.883068256806094,116279
basophils,microglia,0.09460170567035675,0.898911168625796,108806
aorta endothelium,vascular leptomeningeal cells,0.0946495309472084,0.8961221992121328,112932
fallopien tubes epithelium,kidney tubular epithelium,0.09466602653265,0.8868286093885931,116279
memory cd4 t cells,neutrophils,0.09474435448646545,0.8818190840187615,111252
nk cells,t effector cell cd8,0.09480034559965134,0.9093056124346569,116279
kidney tubular endothelium,microglia,0.09494982659816742,0.8765660183802007,113231
basophils,regulatory t cells,0.09505221247673035,0.8776599219701517,110573
effector memory cd8 t cells,naive b cells,0.09508201479911804,0.889894784752078,110854
memory b cells,naive b cells,0.09511276334524155,0.9026786271743958,110857
bladder epithelium,tonsil pharyngeal epithelium,0.09525983780622482,0.8927321593150811,116279
colon fibroblasts,colon macrophages,0.09544971585273743,0.9055402596042429,116269
fallopien tubes epithelium,kidney glomerular epithelium,0.09548643976449966,0.8837166490893302,116276
colon macrophages,effector memory cd8 t cells,0.09554971009492874,0.8958113374766727,116268
basophils,vascular endothelium,0.09556872397661209,0.874754499478866,108882
naive b cells,vascular endothelium,0.09563980251550674,0.8804792720355259,108745
kidney glomerular epithelium,thyroid epithelium,0.09564287215471268,0.8804182019259384,116276
kidney glomerular endothelium,kidney tubular epithelium,0.09585397690534592,0.8830562352140267,116279
memory cd4 t cells,monocytes,0.09594423323869705,0.8835879962915829,111295
colon macrophages,regulatory t cells,0.09595909714698792,0.8932496235831957,110764
MEP (bone marrow),memory b cells,0.09602989256381989,0.9112511026610718,58733
cd8 t cells,lung alveolar macrophages,0.09620273113250732,0.8897876623651719,116279
eosinophils,microglia,0.0963766798377037,0.8992433657902772,108711
cd4 t cells,vascular endothelium,0.09643341600894928,0.8809130821594114,108992
memory b cells,nk cells,0.09644978493452072,0.8909198444925056,116278
naive cd4 t cells,vascular endothelium,0.09651345014572144,0.8810768948079328,108991
kidney glomerular endothelium,microglia,0.09689145535230637,0.8783126059680337,113231
oligodendrocyte precursors,vascular leptomeningeal cells,0.09699821472167969,0.8720169606436804,112909
naive cd8 t cells,vascular endothelium,0.09701097011566162,0.8826667378497732,108992
b cells,t effector cell cd8,0.09707380831241608,0.8965073406749533,116278
eosinophils,memory cd4 t cells,0.09709816426038742,0.8765010356256048,111013
lung alveolar epithelium,thyroid epithelium,0.09712857007980347,0.8909609028227039,116279
microglia,naive b cells,0.09744179993867874,0.8977207057691623,107946
hepatocyte,pancreatic duct,0.09758181124925613,0.8643276499919827,116279
gastric antrum epithelium,small intestine epithelium,0.09758400917053223,0.8751966813264389,116279
lung alveolar epithelium,prostate epithelium,0.0981532409787178,0.8885827349285856,116279
b cells,vascular endothelium,0.09832604229450226,0.8756103090724092,108991
gastric fundus epithelium,small intestine epithelium,0.09843205660581589,0.8755269366542865,116279
colon fibroblasts,microglia,0.09850292652845383,0.8998182433773845,113229
pancreatic duct,thyroid epithelium,0.098565012216568,0.8608031817338377,116279
bladder epithelium,tonsil palatine epithelium,0.09861058741807938,0.8830628384221367,116279
kidney glomerular endothelium,kidney glomerular epithelium,0.09870600700378418,0.8765257195841873,116276
colon macrophages,memory b cells,0.0987064465880394,0.89854734569598,116270
gastric body epithelium,small intestine epithelium,0.09896444529294968,0.8734512885471715,116279
fallopien tubes epithelium,pancreatic duct,0.09905636310577393,0.8729050866754067,116279
cd8 t cells,microglia,0.09905774146318436,0.8853586318678457,113231
memory cd4 t cells,vascular endothelium,0.099200040102005,0.868969038935691,108801
lung alveolar epithelium,vascular endothelium,0.09921349585056305,0.8713757098844763,108992
adipocytes,smooth muscle,0.09931058436632156,0.9138527522020748,116279
astrocytes,thyroid epithelium,0.09939783811569214,0.8590278453943869,113244
basophils,effector memory cd8 t cells,0.09944237768650055,0.86968609593772,111728
gastric body epithelium,lung alveolar epithelium,0.09951669722795486,0.8845761871638551,116279
kidney tubular epithelium,pancreatic delta,0.0995289608836174,0.8749424717666643,116279
colon macrophages,kidney tubular endothelium,0.0998476892709732,0.8687124940178756,116271
gastric fundus epithelium,lung alveolar epithelium,0.09988246113061905,0.8846705111981626,116279
colon enteroendocrine,gastric antrum epithelium,0.09990712255239487,0.8719644009849397,116279
gastric antrum epithelium,lung alveolar epithelium,0.09997900575399399,0.8825772299237268,116279
pancreatic beta,vascular endothelium,0.10009609907865524,0.8692104723910244,108992
bladder epithelium,tongue epithelium,0.1001083105802536,0.8735734641684876,116279
kidney tubular epithelium,lung alveolar epithelium,0.10033653676509857,0.8824511828292558,116279
aorta endothelium,smooth muscle,0.10041363537311554,0.9111325617828264,116279
lung alveolar epithelium,pancreatic beta,0.1004413440823555,0.8684094571569762,116279
endometrium epithelium,prostate epithelium,0.10047456622123718,0.8769598163152497,116279
gastric antrum epithelium,lung bronchus epithelium,0.1005578264594078,0.8646347349169471,116279
CMP (bone marrow),adipocytes,0.1006724163889885,0.9037671792070618,58881
colon enteroendocrine,gastric fundus epithelium,0.10067460685968399,0.8728132718355301,116279
neutrophils,vascular endothelium,0.1007675975561142,0.8700935497498974,108970
gastric fundus epithelium,lung bronchus epithelium,0.100815050303936,0.8659808453150603,116279
gastric body epithelium,lung bronchus epithelium,0.10082017630338669,0.8650477203369812,116279
kidney tubular epithelium,prostate epithelium,0.10091128200292587,0.8724547523229199,116279
kidney tubular epithelium,vascular leptomeningeal cells,0.10094135254621506,0.8727584496351998,112932
colon fibroblasts,t central memory cd4,0.10097236186265945,0.8936749673432423,116277
MPP (bone marrow),adipocytes,0.10099899023771286,0.9043871672247595,58709
colon enteroendocrine,gastric body epithelium,0.10100039839744568,0.8707284179802691,116279
kidney glomerular epithelium,lung alveolar epithelium,0.10121190547943115,0.8771579306544421,116276
microglia,naive cd4 t cells,0.10121531784534454,0.8861059146764433,113230
naive b cells,t central memory cd4,0.10123512148857117,0.8847304550324581,110857
neutrophils,regulatory t cells,0.10128938406705856,0.8687556845002203,110729
cd8 t cells,vascular endothelium,0.10132642090320587,0.8736573931106171,108992
monocytes,vascular endothelium,0.10134772956371307,0.8715813217516031,108992
kidney glomerular epithelium,prostate epithelium,0.10145179182291031,0.8707039463658528,116276
aorta endothelium,heart fibroblasts,0.10146154463291168,0.9018274207185926,116279
microglia,vascular saphenous endothelium,0.10148636996746063,0.8668736355568127,113231
endometrium epithelium,kidney glomerular epithelium,0.10151498019695282,0.8755738449639934,116276
colon fibroblasts,t effector memory cd4,0.10152959078550339,0.8862295574027726,116277
b cells,t effector memory cd4,0.10153412818908691,0.8946044719668319,116278
regulatory t cells,vascular endothelium,0.10168920457363129,0.8630667105626708,108626
kidney tubular epithelium,pancreatic beta,0.10169409215450287,0.882714697312808,116279
kidney tubular epithelium,vascular saphenous endothelium,0.10178617388010025,0.8731870918483375,116279
gastric antrum epithelium,pancreatic duct,0.10186289250850677,0.8754325202422999,116279
bladder epithelium,gastric fundus epithelium,0.10192005336284637,0.8678703703181813,116279
nk cells,t effector memory cd4,0.10205736756324768,0.8989625893359015,116279
microglia,pancreas endothelium,0.10220056772232056,0.8728167651323022,113231
monocytes,regulatory t cells,0.10224873572587967,0.8709483250627245,110772
endometrium epithelium,kidney tubular epithelium,0.10238081216812134,0.8764379699849123,116279
pancreas endothelium,smooth muscle,0.10243120044469833,0.9114443111190097,116279
bladder epithelium,gastric antrum epithelium,0.10243727266788483,0.8656874076297792,116279
CMP (bone marrow),t effector cell cd8,0.10247449576854706,0.9028626384923488,58881
gastric antrum epithelium,prostate epithelium,0.1024986058473587,0.8730184265282325,116279
kidney tubular epithelium,pancreatic alpha,0.10260754823684692,0.8658538736681418,116279
MPP (bone marrow),pancreatic duct,0.10262145847082138,0.8665553182087451,58709
kidney tubular epithelium,striated muscle,0.10275343060493469,0.8858032275025646,116279
L-MPP (bone marrow),embryonic stem cells,0.10276897996664047,0.8884022977643301,57962
CMP (bone marrow),t effector memory cd4,0.10278414934873581,0.9031228905072174,58881
microglia,naive cd8 t cells,0.10280132293701172,0.8844051231521949,113231
eosinophils,vascular endothelium,0.10290522873401642,0.8629334986437306,108849
HSC (bone marrow),adipocytes,0.10294526815414429,0.9021763337347252,58736
lung alveolar endothelium,microglia,0.10298439860343933,0.8717705215692175,113231
bladder epithelium,gastric body epithelium,0.1030285507440567,0.8649283915709838,116279
kidney tubular epithelium,pancreas endothelium,0.10303643345832825,0.8754046209354893,116279
HSC (bone marrow),embryonic stem cells,0.10305404663085938,0.8870284520419625,58622
GMP (bone marrow),adipocytes,0.1030552089214325,0.9027691697561394,57971
kidney glomerular epithelium,vascular saphenous endothelium,0.10306333005428314,0.8691186955850592,116276
fallopien tubes epithelium,prostate epithelium,0.1030898317694664,0.8677671165784749,116279
breast basal epithelium,prostate epithelium,0.10313205420970917,0.8709562537279874,116279
breast luminal epithelium,endometrium epithelium,0.10314000397920609,0.8708087088544179,116279
GMP (bone marrow),t effector cell cd8,0.10318855196237564,0.9035466250956091,57971
MPP (bone marrow),embryonic stem cells,0.10320017486810684,0.886654789209875,58595
astrocytes,kidney tubular epithelium,0.10324367135763168,0.8639739307204539,113244
pancreatic duct,prostate epithelium,0.1033690869808197,0.8706923625373711,116279
kidney tubular endothelium,lung interstitial macrophages,0.10342802107334137,0.85995706154298,116279
colon macrophages,kidney glomerular endothelium,0.10343287885189056,0.8672384289510133,116271
CMP (bone marrow),embryonic stem cells,0.10344203561544418,0.8846385020901669,58767
eosinophils,regulatory t cells,0.10346610099077225,0.863527052401987,110540
L-MPP (bone marrow),t effector cell cd8,0.10349228233098984,0.9018448802321601,58075
breast luminal epithelium,lung bronchus epithelium,0.1035081222653389,0.8761122198218835,116279
pancreatic duct,vascular endothelium,0.10350964218378067,0.8645360862981567,108992
MPP (bone marrow),kidney tubular endothelium,0.10356144607067108,0.8953664414541566,58709
kidney tubular endothelium,lung alveolar macrophages,0.10360374301671982,0.8586480329424481,116279
CMP (bone marrow),pancreatic duct,0.10360964387655258,0.8643997021637463,58881
kidney tubular endothelium,kidney tubular epithelium,0.10362434387207031,0.8618258768644405,116279
GMP (bone marrow),t effector memory cd4,0.10363740473985672,0.9035874038136313,57971
gastric body epithelium,prostate epithelium,0.10365106165409088,0.8719130065134065,116279
HSC (bone marrow),pancreatic duct,0.10367045551538467,0.8651318242630347,58736
gastric body epithelium,pancreatic duct,0.10373671352863312,0.8730872114344177,116279
L-MPP (bone marrow),adipocytes,0.10381004214286804,0.9024485735616435,58075
kidney glomerular epithelium,pancreatic delta,0.1039433404803276,0.8629950345729726,116276
breast luminal epithelium,kidney tubular epithelium,0.10405512899160385,0.8673419161123955,116279
smooth muscle,striated muscle,0.10408300161361694,0.8992214311104655,116279
kidney glomerular epithelium,vascular leptomeningeal cells,0.10410652309656143,0.8643220798310104,112929
L-MPP (bone marrow),pancreatic duct,0.10410841554403305,0.8646357601195026,58075
microglia,vascular endothelium,0.10418514162302017,0.8758958813467885,106115
gastric fundus epithelium,prostate epithelium,0.10424431413412094,0.8714809111691622,116279
L-MPP (bone marrow),t effector memory cd4,0.10435175150632858,0.9016993380571983,58075
CMP (bone marrow),kidney tubular endothelium,0.10435272008180618,0.892952021324727,58881
thyroid epithelium,vascular leptomeningeal cells,0.10443449765443802,0.861349309357718,112932
breast luminal epithelium,pancreatic duct,0.1044517457485199,0.8657575023255312,116279
MPP (bone marrow),t effector cell cd8,0.10447122156620026,0.8992821805104135,58709
kidney glomerular epithelium,striated muscle,0.10466520488262177,0.8791802229245353,116276
naive cd8 t cells,t effector cell cd8,0.10471953451633453,0.8921708702364339,116279
effector memory cd8 t cells,monocytes,0.10472303628921509,0.8664846722794282,116276
effector memory cd8 t cells,neutrophils,0.10473982244729996,0.8613261971336615,112205
colon macrophages,vascular endothelium,0.10474985092878342,0.8737433495001117,108984
colon fibroblasts,heart fibroblasts,0.10477332025766373,0.8949368013415815,116277
lung alveolar endothelium,smooth muscle,0.10477600991725922,0.9031996778070918,116279
MPP (bone marrow),t effector memory cd4,0.10480101406574249,0.8997718150810332,58709
aorta endothelium,microglia,0.1048726737499237,0.866222728451298,113231
GMP (bone marrow),embryonic stem cells,0.10491293668746948,0.8840410701719299,57858
HSC (bone marrow),kidney tubular endothelium,0.1049620732665062,0.8937793328093492,58736
gastric fundus epithelium,pancreatic duct,0.10498324781656265,0.8717739909243636,116279
adipocytes,microglia,0.1050199642777443,0.8813053429586788,113231
colon macrophages,vascular saphenous endothelium,0.10506396740674973,0.8603995076259079,116271
bladder epithelium,breast luminal epithelium,0.10511983186006546,0.8723562775977566,116279
breast luminal epithelium,kidney glomerular epithelium,0.10515247285366058,0.865160055396549,116276
kidney glomerular epithelium,pancreas endothelium,0.1051773652434349,0.8691645930631074,116276
breast luminal epithelium,tongue epithelium,0.10519625246524811,0.8716693468313633,116279
oligodendrocytes,vascular leptomeningeal cells,0.10526290535926819,0.8577057380464365,112932
microglia,striated muscle,0.10530636459589005,0.8761052728476163,113231
aorta endothelium,colon macrophages,0.10531637817621231,0.8655003584569843,116271
pancreatic delta,thyroid epithelium,0.10558377206325531,0.8493698146751226,116279
GMP (bone marrow),pancreatic duct,0.10568957030773163,0.8611710936208528,57971
colon macrophages,striated muscle,0.1057310700416565,0.8766191638215309,116271
adipocytes,heart fibroblasts,0.10575530678033829,0.8972052538726049,116279
L-MPP (bone marrow),kidney tubular endothelium,0.10576961189508438,0.8920800073630992,58075
breast luminal epithelium,fallopien tubes epithelium,0.10581041872501373,0.8584713296690651,116279
pancreatic alpha,thyroid epithelium,0.10582285374403,0.8454620608604239,116279
MEP (bone marrow),adipocytes,0.10582955181598663,0.9029385430350833,58733
colon fibroblasts,t effector cell cd8,0.1058901771903038,0.8809374541656488,116277
breast luminal epithelium,lung alveolar epithelium,0.10593295097351074,0.872636395191248,116279
colon macrophages,lung alveolar endothelium,0.10596121102571487,0.8658742957946818,116271
astrocytes,embryonic stem cells,0.10606133937835693,0.8546192989508566,113228
lung interstitial macrophages,memory cd4 t cells,0.10612484067678452,0.8788894220146114,111295
kidney glomerular epithelium,pancreatic beta,0.10619980096817017,0.869488100032054,116276
MEP (bone marrow),pancreatic duct,0.10622844099998474,0.8649928055169978,58733
effector memory cd8 t cells,vascular endothelium,0.10624893754720688,0.8544311178991097,108989
kidney glomerular epithelium,kidney tubular endothelium,0.10625685751438141,0.8548005462820331,116276
HSC (bone marrow),t effector cell cd8,0.1063203513622284,0.8960855079582136,58736
naive cd4 t cells,t effector cell cd8,0.10632585734128952,0.8858235072633139,116278
GMP (bone marrow),kidney tubular endothelium,0.10636148601770401,0.8907935416664567,57971
colon macrophages,pancreas endothelium,0.10643666982650757,0.8633646016609506,116271
kidney tubular epithelium,lung alveolar endothelium,0.10645420104265213,0.8694606852242528,116279
HSC (bone marrow),t effector memory cd4,0.10666865110397339,0.896596162100088,58736
fallopien tubes epithelium,lung bronchus epithelium,0.10675870627164841,0.8569518490656168,116279
astrocytes,vascular endothelium,0.1068115085363388,0.8756670973338359,106126
embryonic stem cells,vascular endothelium,0.10690461844205856,0.8683107455423169,108819
MEP (bone marrow),t effector cell cd8,0.10693489015102386,0.9024008726083025,58733
kidney glomerular endothelium,lung alveolar macrophages,0.10695543140172958,0.8594779543749684,116279
lung interstitial macrophages,t effector cell cd8,0.10701359808444977,0.8662780750077944,116279
effector memory cd8 t cells,eosinophils,0.10703881084918976,0.8566430592808969,111631
aorta endothelium,kidney tubular epithelium,0.10706372559070587,0.8687740859512612,116279
microglia,vascular leptomeningeal cells,0.10722290724515915,0.8473051700999171,112897
MEP (bone marrow),t effector memory cd4,0.1072370782494545,0.9030381533530618,58733
MEP (bone marrow),kidney tubular endothelium,0.10726657509803772,0.8931950945403065,58733
adipocytes,colon macrophages,0.10738597810268402,0.8763614518239565,116271
colon fibroblasts,kidney tubular epithelium,0.10740366578102112,0.8852530252059464,116277
memory cd4 t cells,microglia,0.10750717669725418,0.8679915025684538,108384
aorta endothelium,kidney glomerular epithelium,0.10754714161157608,0.8656350073339482,116276
MPP (bone marrow),lung alveolar epithelium,0.10756274312734604,0.8726679859286008,58709
monocytes,t central memory cd4,0.10759355127811432,0.8676338258876855,116279
kidney tubular epithelium,vascular endothelium,0.10760149359703064,0.8728972437197525,108992
colon epithelium,gastric antrum epithelium,0.107637919485569,0.8630496579179784,116279
MPP (bone marrow),kidney glomerular endothelium,0.10770479589700699,0.8934018887344857,58709
basophils,t central memory cd4,0.10771723091602325,0.8667205810575628,111731
kidney glomerular endothelium,lung interstitial macrophages,0.10776150226593018,0.8593938194275705,116279
heart fibroblasts,pancreas endothelium,0.10782860964536667,0.8945342496297407,116279
endometrium epithelium,gastric antrum epithelium,0.10783693939447403,0.8545887141017161,116279
colon enteroendocrine,prostate epithelium,0.10785102099180222,0.8572370574782168,116279
endometrium epithelium,gastric fundus epithelium,0.1079254224896431,0.8552553042309252,116279
cardiomyocyte,thyroid epithelium,0.10795655101537704,0.8347998038542198,116279
cortical neurons,embryonic stem cells,0.10804198682308197,0.8615817444219646,116098
microglia,t effector memory cd4,0.10806412249803543,0.861509398419985,113231
kidney glomerular epithelium,pancreatic alpha,0.10806926339864731,0.8519374617958517,116276
cardiomyocyte,kidney glomerular endothelium,0.1080884262919426,0.8463073132294882,116279
pancreatic acinar,pancreatic duct,0.10811774432659149,0.8698803192193246,116279
colon epithelium,gastric fundus epithelium,0.10816238075494766,0.8645740313262102,116279
pancreatic acinar,pancreatic beta,0.10817647725343704,0.8650808481891015,116279
fallopien tubes epithelium,gastric antrum epithelium,0.10819990932941437,0.8493337224473613,116279
fallopien tubes epithelium,thyroid epithelium,0.10826069116592407,0.8460549401527035,116279
MEP (bone marrow),embryonic stem cells,0.10832884907722473,0.8844478328553363,58618
hepatocyte,pancreatic beta,0.10842786729335785,0.8504572709612068,116279
endometrium epithelium,gastric body epithelium,0.10848692059516907,0.8535064261780448,116279
microglia,t effector cell cd8,0.10850278288125992,0.8564312316709106,113231
cortical neurons,vascular leptomeningeal cells,0.10851406306028366,0.8652132737273724,112932
CMP (bone marrow),lung alveolar epithelium,0.10853138566017151,0.8705666136145015,58881
bladder epithelium,endometrium epithelium,0.10853510349988937,0.8555074726149364,116279
astrocytes,kidney glomerular epithelium,0.10855786502361298,0.8529356024551619,113241
naive cd4 t cells,t effector memory cd4,0.10857116430997849,0.8920794332553714,116278
colon epithelium,gastric body epithelium,0.10860981792211533,0.8622155740380455,116279
kidney glomerular epithelium,lung alveolar endothelium,0.10865429788827896,0.8630755246275441,116276
memory b cells,naive cd4 t cells,0.10867920517921448,0.8717127051459534,116277
embryonic stem cells,naive cd4 t cells,0.10870711505413055,0.8476907175586212,116097
aorta endothelium,fallopien tubes epithelium,0.10877986997365952,0.858432782587929,116279
heart fibroblasts,lung alveolar endothelium,0.10882243514060974,0.8882590124350551,116279
kidney glomerular endothelium,pancreatic duct,0.10883249342441559,0.8543335301323233,116279
naive cd8 t cells,t effector memory cd4,0.1088574007153511,0.8939352839051168,116279
HSC (bone marrow),lung alveolar epithelium,0.10887166857719421,0.8708652847752774,58736
colon fibroblasts,kidney glomerular epithelium,0.10889837890863419,0.8804994466639469,116274
lung alveolar macrophages,memory cd4 t cells,0.10889957845211029,0.8688702232928318,111295
CMP (bone marrow),kidney glomerular endothelium,0.10890442132949829,0.8905586151169934,58881
endometrium epithelium,lung bronchus epithelium,0.10890710353851318,0.8559773294067423,116279
pancreatic beta,thyroid epithelium,0.10893778502941132,0.8589117219160769,116279
adipocytes,kidney tubular epithelium,0.10895171761512756,0.8756112735041984,116279
astrocytes,kidney glomerular endothelium,0.10895369201898575,0.8591369785108172,113244
bladder epithelium,lung alveolar epithelium,0.10897216200828552,0.8635586113962602,116279
memory b cells,naive cd8 t cells,0.10900767892599106,0.8747998794035452,116278
lung interstitial macrophages,t effector memory cd4,0.10907520353794098,0.8691854855678904,116279
HSC (bone marrow),kidney glomerular endothelium,0.1092158630490303,0.8916988366134996,58736
fallopien tubes epithelium,gastric body epithelium,0.10922273993492126,0.8474644460001729,116279
fallopien tubes epithelium,gastric fundus epithelium,0.1093318909406662,0.8478210498771648,116279
oligodendrocyte precursors,thyroid epithelium,0.10938690602779388,0.8342043872510424,113240
basophils,memory b cells,0.10943059623241425,0.8504299596058582,111730
embryonic stem cells,thyroid epithelium,0.10945992171764374,0.8464066643713813,116098
kidney glomerular endothelium,oligodendrocyte precursors,0.10946857929229736,0.8504265889063799,113240
fallopien tubes epithelium,kidney glomerular endothelium,0.10947252064943314,0.8526083502310814,116279
kidney glomerular epithelium,lung bronchus epithelium,0.10947804152965546,0.8538600178974834,116276
fallopien tubes epithelium,vascular saphenous endothelium,0.1095009371638298,0.8511159077478737,116279
lung alveolar epithelium,pancreatic delta,0.10953699052333832,0.8560863050422283,116279
kidney glomerular endothelium,prostate epithelium,0.10954718291759491,0.8523029146924525,116279
gastric fundus epithelium,pancreatic acinar,0.1095639243721962,0.8615106367034305,116279
cardiomyocyte,striated muscle,0.10956467688083649,0.8695634751347558,116279
fallopien tubes epithelium,lung alveolar endothelium,0.10960188508033752,0.85664392039246,116279
pancreatic duct,vascular saphenous endothelium,0.10961172729730606,0.853193291880495,116279
CMP (bone marrow),pancreatic beta,0.10963903367519379,0.8700514993193631,58881
lung alveolar macrophages,vascular endothelium,0.10964048653841019,0.8653982049845488,108992
astrocytes,pancreatic duct,0.1096450462937355,0.8427811893309142,113244
breast luminal epithelium,tonsil pharyngeal epithelium,0.10970880091190338,0.8737342697184751,116279
memory b cells,monocytes,0.10973238945007324,0.8647991575254776,116278
smooth muscle,vascular saphenous endothelium,0.10973431915044785,0.8995692633525028,116279
colon epithelium,pancreatic duct,0.10974173247814178,0.837849652440175,116279
gastric fundus epithelium,tonsil pharyngeal epithelium,0.1097533106803894,0.8484837539092231,116279
kidney glomerular endothelium,thyroid epithelium,0.10979533195495605,0.8494146797148584,116279
embryonic stem cells,naive cd8 t cells,0.1098305806517601,0.8475113835413216,116098
lung interstitial macrophages,vascular endothelium,0.10997171700000763,0.86617371022778,108992
gastric body epithelium,pancreatic acinar,0.1099722608923912,0.8624278642127605,116279
fallopien tubes epithelium,lung alveolar epithelium,0.11000718921422958,0.856588521791731,116279
hepatocyte,pancreatic alpha,0.11012757569551468,0.8385432323377359,116279
pancreas endothelium,pancreatic delta,0.11018500477075577,0.850546260558967,116279
cardiomyocyte,kidney tubular epithelium,0.11022761464118958,0.8397119104550679,116279
pancreatic duct,vascular leptomeningeal cells,0.11024635285139084,0.8483556579321219,112932
cardiomyocyte,pancreas endothelium,0.11028333008289337,0.8508938804200746,116279
prostate epithelium,vascular saphenous endothelium,0.11031150817871094,0.8525373333597964,116279
kidney tubular endothelium,pancreatic duct,0.11033587157726288,0.8413548886868532,116279
adipocytes,lung alveolar epithelium,0.11036054790019989,0.8594156396416316,116279
kidney tubular epithelium,oligodendrocyte precursors,0.1103881224989891,0.8421887003389582,113240
oligodendrocyte precursors,striated muscle,0.11038883775472641,0.8731162763217019,113240
thyroid epithelium,vascular saphenous endothelium,0.11040223389863968,0.8480936694105621,116279
cardiomyocyte,vascular saphenous endothelium,0.11041019856929779,0.8435422713547127,116279
adipocytes,kidney glomerular epithelium,0.11042176932096481,0.8693312627435952,116276
kidney glomerular epithelium,vascular endothelium,0.11043479293584824,0.8650837209033166,108989
embryonic stem cells,microglia,0.11045700311660767,0.843488591567083,113216
colon epithelium,lung alveolar epithelium,0.11051119863986969,0.842081205925907,116279
L-MPP (bone marrow),lung alveolar epithelium,0.11054787039756775,0.8699029858335104,58075
MPP (bone marrow),pancreatic beta,0.11057141423225403,0.8711846762027757,58709
breast luminal epithelium,gastric antrum epithelium,0.11057274043560028,0.8555460076595606,116279
MPP (bone marrow),vascular saphenous endothelium,0.11057884991168976,0.888423551049162,58709
astrocytes,cardiomyocyte,0.11062793433666229,0.8375686363397093,113244
cardiomyocyte,vascular leptomeningeal cells,0.1106366366147995,0.8420493546852158,112932
kidney tubular endothelium,thyroid epithelium,0.11082197725772858,0.8360854341880921,116279
L-MPP (bone marrow),kidney glomerular endothelium,0.1108250692486763,0.8893319025220316,58075
CMP (bone marrow),vascular saphenous endothelium,0.11083760112524033,0.8865461702302139,58881
breast luminal epithelium,gastric body epithelium,0.11084623634815216,0.8559473446915055,116279
kidney glomerular endothelium,pancreatic delta,0.11088055372238159,0.8459431184271275,116279
cd8 t cells,colon fibroblasts,0.11094881594181061,0.88565319450159,116277
endometrium epithelium,pancreatic duct,0.11095785349607468,0.8559223137573782,116279
pancreatic delta,vascular leptomeningeal cells,0.11097964644432068,0.8451340011131575,112932
hepatocyte,pancreatic delta,0.11099309474229813,0.8412711570349971,116279
gastric antrum epithelium,pancreatic acinar,0.11101154237985611,0.8601284687065462,116279
lung alveolar macrophages,t effector cell cd8,0.11102024465799332,0.8540837224623272,116279
gastric body epithelium,tonsil pharyngeal epithelium,0.11105533689260483,0.8462318929197765,116279
lung alveolar epithelium,tonsil pharyngeal epithelium,0.11107125133275986,0.8672435905053182,116279
cortical neurons,vascular endothelium,0.11107170581817627,0.8722192501527269,108992
heart fibroblasts,striated muscle,0.11109986156225204,0.8816570393802392,116279
astrocytes,vascular saphenous endothelium,0.1111108586192131,0.8577960230142053,113244
breast luminal epithelium,tonsil palatine epithelium,0.11115824431180954,0.8687108592343324,116279
pancreas endothelium,pancreatic duct,0.11118201911449432,0.8553621247040328,116279
cd4 t cells,colon fibroblasts,0.11121176928281784,0.887460919835841,116277
GMP (bone marrow),lung alveolar epithelium,0.11122989654541016,0.8684459852403901,57971
oligodendrocyte precursors,vascular endothelium,0.11128649860620499,0.8595667815350231,106119
heart fibroblasts,vascular saphenous endothelium,0.11132566630840302,0.8897038492432023,116279
lung alveolar endothelium,pancreatic delta,0.1113370880484581,0.8503679232500462,116279
HSC (bone marrow),pancreatic beta,0.11135978996753693,0.8694188241230473,58736
lung alveolar macrophages,vascular saphenous endothelium,0.11137646436691284,0.850402877117872,116279
lung interstitial macrophages,vascular saphenous endothelium,0.11139404773712158,0.8506608257074912,116279
GMP (bone marrow),kidney glomerular endothelium,0.11140898615121841,0.8879148030924426,57971
gastric body epithelium,pancreatic delta,0.11142928898334503,0.8464265533109366,116279
breast luminal epithelium,gastric fundus epithelium,0.1114441379904747,0.8558318116133773,116279
gastric antrum epithelium,pancreatic delta,0.11145762354135513,0.8448912120133364,116279
colon enteroendocrine,endometrium epithelium,0.11149383336305618,0.8422962103736482,116279
fallopien tubes epithelium,pancreas endothelium,0.11150570958852768,0.8515076715069887,116279
aorta endothelium,pancreatic duct,0.11150931566953659,0.8561910452048471,116279
lung alveolar endothelium,pancreatic duct,0.11153757572174072,0.8578367918634501,116279
adipocytes,pancreatic beta,0.11155464500188828,0.8524733753520335,116279
kidney tubular endothelium,t central memory cd4,0.11166122555732727,0.8397830952474239,116279
L-MPP (bone marrow),pancreatic beta,0.11167378723621368,0.8706645345021187,58075
oligodendrocyte precursors,pancreas endothelium,0.11167943477630615,0.8559629240137137,113240
thyroid epithelium,vascular endothelium,0.1116991713643074,0.8589583270452222,108992
lung interstitial macrophages,regulatory t cells,0.111699178814888,0.8663864937003771,110772
lung alveolar endothelium,prostate epithelium,0.1117020845413208,0.8550622516675158,116279
aorta endothelium,gastric fundus epithelium,0.11170302331447601,0.8449917868061497,116279
gastric antrum epithelium,tonsil pharyngeal epithelium,0.11170336604118347,0.8456945353214657,116279
kidney glomerular endothelium,lung alveolar epithelium,0.11171583831310272,0.8533656147909755,116279
colon macrophages,embryonic stem cells,0.11180461198091507,0.8338467542972626,116091
aorta endothelium,prostate epithelium,0.11183591932058334,0.8554779795602308,116279
hepatocyte,kidney tubular epithelium,0.11190511286258698,0.8492150558979131,116279
astrocytes,kidney tubular endothelium,0.1119242012500763,0.8424504185406742,113244
kidney tubular epithelium,lung bronchus epithelium,0.1119275838136673,0.8508074597637673,116279
cd4 t cells,embryonic stem cells,0.11197060346603394,0.8418845026575815,116098
CMP (bone marrow),aorta endothelium,0.11197327822446823,0.8872363113589629,58881
fallopien tubes epithelium,kidney tubular endothelium,0.11197331547737122,0.8402086475123686,116279
MEP (bone marrow),kidney glomerular endothelium,0.11198072135448456,0.8909859189773859,58733
HSC (bone marrow),vascular saphenous endothelium,0.11198484152555466,0.8866395510137924,58736
colon fibroblasts,lung alveolar epithelium,0.11201004683971405,0.8711359762332563,116277
effector memory cd8 t cells,microglia,0.11201849579811096,0.8592630542061257,113228
MPP (bone marrow),aorta endothelium,0.11207986623048782,0.8884137950628642,58709
aorta endothelium,lung alveolar epithelium,0.11208562552928925,0.8568908423373177,116279
astrocytes,striated muscle,0.11213379353284836,0.879704471448068,113244
pancreas endothelium,thyroid epithelium,0.11213555186986923,0.852686816418137,116279
pancreatic beta,vascular leptomeningeal cells,0.11214097589254379,0.8518511977322436,112932
cardiomyocyte,kidney tubular endothelium,0.11214963346719742,0.8308351127333222,116279
effector memory cd8 t cells,lung interstitial macrophages,0.11217155307531357,0.8673319775817334,116276
gastric fundus epithelium,pancreatic delta,0.11220022290945053,0.8449899055959926,116279
pancreatic delta,vascular saphenous endothelium,0.1122366189956665,0.8408229516269435,116279
kidney glomerular endothelium,smooth muscle,0.11234501749277115,0.8952035758584608,116279
embryonic stem cells,vascular leptomeningeal cells,0.11234637349843979,0.8464728874638151,112918
colon fibroblasts,prostate epithelium,0.11234718561172485,0.8671878185949841,116277
oligodendrocytes,thyroid epithelium,0.11244462430477142,0.8233439233232602,116279
oligodendrocyte precursors,vascular saphenous endothelium,0.11247219890356064,0.8466508176109377,113240
bladder epithelium,kidney glomerular epithelium,0.11247546225786209,0.8482499174101524,116276
lung alveolar epithelium,vascular saphenous endothelium,0.11248272657394409,0.8529604639765448,116279
MEP (bone marrow),lung alveolar epithelium,0.11252381652593613,0.8710279481558297,58733
lung alveolar epithelium,pancreas endothelium,0.11255566775798798,0.8565427408754059,116279
MPP (bone marrow),thyroid epithelium,0.11260922998189926,0.8612751819227331,58709
astrocytes,breast basal epithelium,0.11263565719127655,0.836834528234123,113244
hepatocyte,pancreatic acinar,0.11265253275632858,0.8518592489325885,116279
breast luminal epithelium,vascular saphenous endothelium,0.11267010867595673,0.8477543928480871,116279
pancreatic delta,prostate epithelium,0.11268078535795212,0.8454329560803268,116279
lung alveolar macrophages,t effector memory cd4,0.11269728094339371,0.8573015968060532,116279
prostate epithelium,striated muscle,0.11270195245742798,0.8587513217227177,116279
pancreas endothelium,pancreatic beta,0.11270926892757416,0.8532289829384275,116279
colon fibroblasts,memory cd4 t cells,0.112735815346241,0.8725698834950991,111293
gastric antrum epithelium,kidney tubular epithelium,0.11275039613246918,0.849795261960781,116279
astrocytes,pancreas endothelium,0.11275061219930649,0.8623703660674135,113244
aorta endothelium,gastric body epithelium,0.11275331676006317,0.843988453277003,116279
neutrophils,t central memory cd4,0.1127559021115303,0.8564164524242327,112208
CMP (bone marrow),colon fibroblasts,0.1128031462430954,0.9053417442318414,58881
prostate epithelium,vascular leptomeningeal cells,0.11280976980924606,0.8457300149190882,112932
aorta endothelium,breast luminal epithelium,0.11282078921794891,0.8537808479301667,116279
MPP (bone marrow),cortical neurons,0.11282086372375488,0.870070931946176,58709
L-MPP (bone marrow),vascular saphenous endothelium,0.11282292753458023,0.8853337060094886,58075
lung alveolar epithelium,pancreatic alpha,0.11283479630947113,0.8479162400881713,116279
prostate epithelium,small intestine epithelium,0.11284215748310089,0.846392838165546,116279
GMP (bone marrow),pancreatic beta,0.11284944415092468,0.867004773526612,57971
aorta endothelium,tonsil pharyngeal epithelium,0.11287569999694824,0.8487058928987951,116279
GMP (bone marrow),vascular saphenous endothelium,0.11289045214653015,0.8842437617336352,57971
gastric body epithelium,kidney tubular epithelium,0.11289557069540024,0.8512509908938547,116279
bladder epithelium,small intestine epithelium,0.11289896816015244,0.8426074364393755,116279
colon enteroendocrine,pancreatic duct,0.1129070520401001,0.8405945399209018,116279
fallopien tubes epithelium,pancreatic delta,0.11295785754919052,0.8363632008498445,116279
microglia,regulatory t cells,0.11296119540929794,0.855922279527913,107862
embryonic stem cells,nk cells,0.1129944697022438,0.8378169295279441,116098
b cells,colon fibroblasts,0.11303254961967468,0.8862290553418919,116276
colon fibroblasts,lung alveolar macrophages,0.11304851621389389,0.884963672520637,116277
colon fibroblasts,effector memory cd8 t cells,0.1131448894739151,0.8708374950900192,116274
colon fibroblasts,tonsil pharyngeal epithelium,0.11315912008285522,0.8577586519133811,116277
pancreas endothelium,prostate epithelium,0.11316777765750885,0.8491829141876126,116279
lung alveolar epithelium,vascular leptomeningeal cells,0.11325141042470932,0.8507190166430691,112932
embryonic stem cells,naive b cells,0.11325153708457947,0.8360896327013385,110683
L-MPP (bone marrow),cortical neurons,0.11330515891313553,0.8697734377425077,58075
oligodendrocyte precursors,pancreatic delta,0.11338318884372711,0.8338077406889867,113240
breast luminal epithelium,thyroid epithelium,0.11340311169624329,0.8393807150093946,116279
cardiomyocyte,lung alveolar endothelium,0.11340967565774918,0.8467677670702658,116279
colon fibroblasts,lung interstitial macrophages,0.11342054605484009,0.8867402853586791,116277
aorta endothelium,gastric antrum epithelium,0.11343702673912048,0.8426376806969451,116279
kidney tubular endothelium,oligodendrocyte precursors,0.11345558613538742,0.8336347454819291,113240
L-MPP (bone marrow),thyroid epithelium,0.11349091678857803,0.8604323965175334,58075
aorta endothelium,pancreatic delta,0.1135566383600235,0.841948366257444,116279
cardiomyocyte,pancreatic duct,0.11355766654014587,0.8270011857337877,116279
lung alveolar endothelium,lung alveolar epithelium,0.1135636568069458,0.8559815008603944,116279
breast luminal epithelium,lung alveolar endothelium,0.11356492340564728,0.8510319911752854,116279
HSC (bone marrow),thyroid epithelium,0.11358533054590225,0.8601614285653377,58736
HSC (bone marrow),aorta endothelium,0.11358537524938583,0.8864427784490445,58736
cortical neurons,thyroid epithelium,0.11358639597892761,0.8381509748510065,116279
kidney tubular endothelium,pancreatic delta,0.11360688507556915,0.8336529338461653,116279
eosinophils,t central memory cd4,0.1136428639292717,0.8542604601009254,111634
hepatocyte,lung alveolar epithelium,0.11365795135498047,0.8398356158420778,116279
gastric fundus epithelium,kidney tubular epithelium,0.11366849392652512,0.8510522600609056,116279
MPP (bone marrow),astrocytes,0.11367234587669373,0.862218259199421,56864
endometrium epithelium,tonsil pharyngeal epithelium,0.11368164420127869,0.8513230530215006,116279
endometrium epithelium,lung alveolar epithelium,0.11370111256837845,0.8525521642986228,116279
gastric antrum epithelium,kidney glomerular epithelium,0.11374995112419128,0.8442541912392927,116276
aorta endothelium,t central memory cd4,0.11375044286251068,0.8428145360918118,116279
MPP (bone marrow),colon fibroblasts,0.11379006505012512,0.9056623725664237,58709
cd4 t cells,kidney tubular endothelium,0.11379612982273102,0.8470353404612484,116279
MEP (bone marrow),vascular saphenous endothelium,0.11386227607727051,0.8876893726182676,58733
HSC (bone marrow),cortical neurons,0.11387547105550766,0.8686314881178682,58736
CMP (bone marrow),cortical neurons,0.11389462649822235,0.867931720874188,58881
prostate epithelium,thyroid epithelium,0.11390668153762817,0.8417135279927831,116279
bladder epithelium,kidney tubular epithelium,0.11391056329011917,0.8480918652219166,116279
lung alveolar epithelium,striated muscle,0.11393482238054276,0.8596157605233525,116279
gastric body epithelium,kidney glomerular epithelium,0.11399039626121521,0.8454106344337018,116276
memory b cells,neutrophils,0.1140303909778595,0.8487366583783931,112207
lung alveolar macrophages,pancreas endothelium,0.11412767320871353,0.852298617144386,116279
bladder epithelium,colon enteroendocrine,0.11417854577302933,0.8398367230584678,116279
CMP (bone marrow),thyroid epithelium,0.11420493572950363,0.8586348585595484,58881
GMP (bone marrow),aorta endothelium,0.11421353369951248,0.8850686085405679,57971
breast basal epithelium,kidney tubular epithelium,0.11421792954206467,0.8390291028247392,116279
cortical neurons,pancreatic beta,0.11424872279167175,0.8607341757091354,116279
colon fibroblasts,memory b cells,0.11430124938488007,0.8691174680611893,116276
L-MPP (bone marrow),aorta endothelium,0.1143762469291687,0.885516015904792,58075
pancreatic beta,striated muscle,0.11439446359872818,0.8577230210445571,116279
adipocytes,pancreatic duct,0.11439734697341919,0.8531905888288158,116279
gastric fundus epithelium,kidney glomerular epithelium,0.1144079938530922,0.8456723465622338,116276
cardiomyocyte,oligodendrocyte precursors,0.11442132294178009,0.8237155821618501,113240
lung interstitial macrophages,pancreas endothelium,0.1144283264875412,0.8526424239936177,116279
fallopien tubes epithelium,tonsil pharyngeal epithelium,0.11444828659296036,0.8506683447831581,116279
breast luminal epithelium,vascular leptomeningeal cells,0.11445420980453491,0.8431922854610281,112932
kidney glomerular endothelium,oligodendrocytes,0.11450127512216568,0.8384578177258571,116279
colon epithelium,prostate epithelium,0.11455594003200531,0.8494227785042711,116279
pancreatic delta,striated muscle,0.11460204422473907,0.8518950557717653,116279
oligodendrocyte precursors,pancreatic duct,0.11460511386394501,0.8276318007158511,113240
b cells,embryonic stem cells,0.11464031040668488,0.8344774593358795,116097
kidney glomerular epithelium,oligodendrocyte precursors,0.11467720568180084,0.8318619586014989,113237
L-MPP (bone marrow),astrocytes,0.11469240486621857,0.860172882588806,56248
cortical neurons,kidney tubular epithelium,0.11471299082040787,0.8468792900551446,116279
breast luminal epithelium,pancreatic delta,0.11472135782241821,0.8379983004813845,116279
lung alveolar macrophages,striated muscle,0.11473050713539124,0.8657183229334358,116279
HSC (bone marrow),astrocytes,0.11473303288221359,0.8607793981720963,56896
breast luminal epithelium,striated muscle,0.11476518213748932,0.8580630646091061,116279
gastric fundus epithelium,lung alveolar endothelium,0.11478123813867569,0.838838924975702,116279
breast luminal epithelium,pancreas endothelium,0.11479955166578293,0.8472901381422574,116279
pancreatic alpha,vascular leptomeningeal cells,0.11480188369750977,0.8353848934039325,112932
eosinophils,memory b cells,0.11482764780521393,0.8440679650412388,111633
kidney glomerular endothelium,pancreatic beta,0.11484163999557495,0.8470548393818548,116279
cardiomyocyte,kidney glomerular epithelium,0.11484851688146591,0.8276330090532852,116276
lung alveolar macrophages,regulatory t cells,0.11488272249698639,0.8559331081513489,110772
CMP (bone marrow),lung alveolar endothelium,0.11495812237262726,0.8838349496779319,58881
GMP (bone marrow),colon fibroblasts,0.11502016335725784,0.9045718866545247,57971
oligodendrocyte precursors,pancreatic beta,0.11506109684705734,0.8430895011956232,113240
astrocytes,pancreatic delta,0.11510119587182999,0.8362172959713405,113244
pancreas endothelium,pancreatic alpha,0.11512313783168793,0.8386310631998064,116279
lung interstitial macrophages,striated muscle,0.11512332409620285,0.8662508874736905,116279
CMP (bone marrow),astrocytes,0.11512654274702072,0.8593429387277588,57036
adipocytes,lung alveolar macrophages,0.11512791365385056,0.8689505827983443,116279
MPP (bone marrow),lung alveolar endothelium,0.11514425277709961,0.8850399931270317,58709
astrocytes,microglia,0.11515147238969803,0.8242277313114426,113153
embryonic stem cells,oligodendrocyte precursors,0.11515411734580994,0.8297673180734678,113223
lung alveolar endothelium,pancreatic beta,0.11516891419887543,0.8501125927544393,116279
breast basal epithelium,tongue epithelium,0.11520490795373917,0.8491382066281725,116279
MPP (bone marrow),vascular leptomeningeal cells,0.11521219462156296,0.8711616744636015,56712
GMP (bone marrow),cortical neurons,0.11522731930017471,0.866300447366944,57971
kidney tubular endothelium,prostate epithelium,0.11523637175559998,0.8357807783418824,116279
aorta endothelium,thyroid epithelium,0.11528202146291733,0.8473818924831509,116279
GMP (bone marrow),thyroid epithelium,0.1153109222650528,0.8569330227594529,57971
kidney tubular epithelium,oligodendrocytes,0.1153121218085289,0.828955050883154,116279
lung alveolar endothelium,lung interstitial macrophages,0.11533351987600327,0.8533566486958061,116279
gastric body epithelium,lung alveolar endothelium,0.11534660309553146,0.8384421325885634,116279
pancreatic beta,vascular saphenous endothelium,0.11540768295526505,0.8435477126220766,116279
colon macrophages,vascular leptomeningeal cells,0.11542859673500061,0.8324555372922073,112925
kidney glomerular endothelium,pancreatic alpha,0.11547640711069107,0.8336985708436361,116279
cortical neurons,pancreatic delta,0.11548521369695663,0.8463983840006833,116279
cardiomyocyte,vascular endothelium,0.11549349874258041,0.8490100073409256,108992
lung alveolar endothelium,lung alveolar macrophages,0.11550009250640869,0.8523762126236629,116279
effector memory cd8 t cells,lung alveolar macrophages,0.11550616472959518,0.8563229237004836,116276
embryonic stem cells,kidney tubular endothelium,0.11550716310739517,0.8378020572524522,116098
endometrium epithelium,lung alveolar endothelium,0.11554510146379471,0.8443328665817972,116279
gastric body epithelium,pancreatic alpha,0.11555661261081696,0.8359715709451183,116279
HSC (bone marrow),colon fibroblasts,0.11555679142475128,0.9030432547479134,58736
lung alveolar endothelium,pancreatic alpha,0.11557962745428085,0.8390173409162182,116279
MPP (bone marrow),pancreas endothelium,0.11561349779367447,0.883305962265958,58709
CMP (bone marrow),vascular leptomeningeal cells,0.11561645567417145,0.8690642988910153,56884
colon fibroblasts,regulatory t cells,0.11561649292707443,0.865827325131833,110770
b cells,kidney tubular endothelium,0.11562886089086533,0.8434435695444046,116278
pancreatic duct,small intestine epithelium,0.11563101410865784,0.8396429234012143,116279
aorta endothelium,cardiomyocyte,0.11563292890787125,0.840635207408905,116279
CMP (bone marrow),pancreas endothelium,0.115641750395298,0.8818754049732769,58881
MEP (bone marrow),aorta endothelium,0.11565250158309937,0.8882796355103318,58733
memory b cells,microglia,0.11565650254487991,0.8621938007016593,113231
lung alveolar endothelium,thyroid epithelium,0.11570696532726288,0.8472336105599557,116279
kidney tubular endothelium,nk cells,0.11575280129909515,0.8447039047359463,116279
aorta endothelium,pancreatic beta,0.11579422652721405,0.8444041557322618,116279
aorta endothelium,endometrium epithelium,0.11580673605203629,0.8440424538268604,116279
gastric antrum epithelium,lung alveolar endothelium,0.11580947786569595,0.8369077219170831,116279
breast basal epithelium,kidney glomerular epithelium,0.11583775281906128,0.8358415159422281,116276
breast luminal epithelium,kidney glomerular endothelium,0.11583895236253738,0.840958713613687,116279
cardiomyocyte,cortical neurons,0.11584185063838959,0.8392824328435725,116279
L-MPP (bone marrow),colon fibroblasts,0.11584979295730591,0.9035397347677487,58075
gastric fundus epithelium,tonsil palatine epithelium,0.11586686223745346,0.8304823763881287,116279
embryonic stem cells,kidney glomerular endothelium,0.11591552197933197,0.8454526653022684,116098
lung alveolar endothelium,t central memory cd4,0.11591556668281555,0.8401582595979662,116279
embryonic stem cells,kidney tubular epithelium,0.11592809110879898,0.8428594337128704,116098
colon fibroblasts,pancreatic delta,0.11595205217599869,0.8583498188151154,116277
breast basal epithelium,oligodendrocyte precursors,0.1159716323018074,0.8245891057814563,113240
lung interstitial macrophages,memory b cells,0.11598973721265793,0.8688956026219358,116278
aorta endothelium,lung interstitial macrophages,0.1160108745098114,0.851994656012092,116279
breast luminal epithelium,colon enteroendocrine,0.11602413654327393,0.8341010853647174,116279
lung alveolar epithelium,tongue epithelium,0.11602748930454254,0.8450603648878783,116279
colon enteroendocrine,lung alveolar epithelium,0.11606650054454803,0.8419154727593892,116279
gastric fundus epithelium,pancreatic alpha,0.11606944352388382,0.8349407257648033,116279
gastric antrum epithelium,pancreatic alpha,0.11607770621776581,0.8331385809293751,116279
colon fibroblasts,pancreatic beta,0.11608655750751495,0.8603048416910497,116277
aorta endothelium,lung alveolar macrophages,0.11609122902154922,0.8505654381806914,116279
pancreatic alpha,vascular saphenous endothelium,0.11609803885221481,0.8302552550422231,116279
lung bronchus epithelium,pancreatic duct,0.11612243950366974,0.8394641075824526,116279
lung alveolar epithelium,tonsil palatine epithelium,0.11612406373023987,0.8523592739557528,116279
MPP (bone marrow),kidney tubular epithelium,0.11613675951957703,0.8663573541343146,58709
kidney tubular endothelium,lung alveolar epithelium,0.11613842844963074,0.8390992423126261,116279
MEP (bone marrow),thyroid epithelium,0.11619292199611664,0.8590979558471971,58733
adipocytes,lung interstitial macrophages,0.11619620770215988,0.8678421111857438,116279
bladder epithelium,fallopien tubes epithelium,0.11620013415813446,0.8359911668128094,116279
oligodendrocyte precursors,pancreatic alpha,0.11620526015758514,0.8241227105044139,113240
astrocytes,pancreatic beta,0.11621078103780746,0.8479447336596313,113244
cardiomyocyte,pancreatic delta,0.11621338874101639,0.8209211690719433,116279
embryonic stem cells,lung alveolar macrophages,0.11624344438314438,0.8231422964833521,116098
embryonic stem cells,lung interstitial macrophages,0.11632823944091797,0.8246887070057045,116098
CMP (bone marrow),striated muscle,0.11633409559726715,0.8907611145380072,58881
MPP (bone marrow),hepatocyte,0.11641506850719452,0.8487686669718751,58709
cortical neurons,kidney glomerular endothelium,0.11641653627157211,0.8511107739502037,116279
endometrium epithelium,small intestine epithelium,0.11642509698867798,0.8323303818032078,116279
kidney glomerular endothelium,t central memory cd4,0.1164274588227272,0.836924336332233,116279
colon fibroblasts,tonsil palatine epithelium,0.11643164604902267,0.8478629047736698,116277
gastric body epithelium,vascular saphenous endothelium,0.11643864959478378,0.833955030300656,116279
lung bronchus epithelium,striated muscle,0.1164402887225151,0.8442519901339859,116279
gastric antrum epithelium,vascular saphenous endothelium,0.11647643148899078,0.8326849101942106,116279
gastric fundus epithelium,vascular saphenous endothelium,0.11647994071245193,0.8339038332443364,116279
MEP (bone marrow),cortical neurons,0.11648713797330856,0.8681750436923684,58733
hepatocyte,thyroid epithelium,0.11652753502130508,0.8216989284190351,116279
kidney tubular epithelium,microglia,0.11653414368629456,0.8282773205991903,113231
aorta endothelium,bladder epithelium,0.11656492948532104,0.8401654425020482,116279
HSC (bone marrow),vascular leptomeningeal cells,0.11659249663352966,0.8692455741723595,56745
fallopien tubes epithelium,striated muscle,0.11663086712360382,0.8523016937871716,116279
lung alveolar endothelium,tonsil pharyngeal epithelium,0.1166718453168869,0.8411764180460516,116279
HSC (bone marrow),lung alveolar endothelium,0.11668863147497177,0.8830459617526484,58736
L-MPP (bone marrow),vascular leptomeningeal cells,0.11671247333288193,0.8688805262562334,56094
oligodendrocytes,striated muscle,0.1167609766125679,0.8600133638377295,116279
colon fibroblasts,lung bronchus epithelium,0.1167876273393631,0.8506681916543108,116277
lung bronchus epithelium,vascular saphenous endothelium,0.1168411374092102,0.8330662402252332,116279
MEP (bone marrow),pancreatic beta,0.11685776710510254,0.8694335093241168,58733
gastric body epithelium,tonsil palatine epithelium,0.11690344661474228,0.8287225752144822,116279
GMP (bone marrow),astrocytes,0.11694248020648956,0.8567646161544635,56145
aorta endothelium,lung bronchus epithelium,0.11695066094398499,0.8386251989510647,116279
CMP (bone marrow),hepatocyte,0.11695613712072372,0.8470860403856244,58881
pancreatic beta,prostate epithelium,0.11699546128511429,0.8454940307533202,116279
lung alveolar endothelium,oligodendrocyte precursors,0.11700190603733063,0.8461380371396714,113240
oligodendrocytes,vascular saphenous endothelium,0.11701647937297821,0.8350081042468411,116279
oligodendrocytes,pancreas endothelium,0.11701799184083939,0.8433775077094943,116279
L-MPP (bone marrow),hepatocyte,0.1170375645160675,0.8479029502695608,58075
aorta endothelium,pancreatic alpha,0.11704862862825394,0.8323210567647782,116279
fallopien tubes epithelium,tongue epithelium,0.11707647889852524,0.8323783899962917,116279
breast luminal epithelium,pancreatic beta,0.11707726120948792,0.8442185713586315,116279
GMP (bone marrow),lung alveolar endothelium,0.11708004027605057,0.8817505812025505,57971
gastric antrum epithelium,tonsil palatine epithelium,0.11710241436958313,0.8289318206635339,116279
HSC (bone marrow),pancreas endothelium,0.11710762977600098,0.8814654414521721,58736
cardiomyocyte,oligodendrocytes,0.11712568253278732,0.8150015842102273,116279
kidney tubular endothelium,pancreatic alpha,0.11714307218790054,0.8223830741658334,116279
pancreatic acinar,pancreatic delta,0.11715587228536606,0.8489119655940103,116279
L-MPP (bone marrow),lung alveolar endothelium,0.11719681322574615,0.8823840539053838,58075
pancreatic duct,striated muscle,0.11721206456422806,0.8551399389753166,116279
HSC (bone marrow),hepatocyte,0.11722041666507721,0.8473970443282902,58736
astrocytes,pancreatic alpha,0.11722352355718613,0.8256060144096828,113244
oligodendrocytes,pancreatic delta,0.11722481995820999,0.825470472756239,116279
kidney glomerular epithelium,tongue epithelium,0.11724154651165009,0.8373754415033728,116276
breast basal epithelium,fallopien tubes epithelium,0.11725826561450958,0.8273664607505493,116279
adipocytes,fallopien tubes epithelium,0.11728309839963913,0.8516511954579965,116279
cortical neurons,pancreatic alpha,0.11728429794311523,0.8398610785857769,116279
MPP (bone marrow),striated muscle,0.11729356646537781,0.8910836082088578,58709
striated muscle,tonsil pharyngeal epithelium,0.11730140447616577,0.8451360093293554,116279
cd8 t cells,embryonic stem cells,0.11732122302055359,0.8334091375772538,116098
breast luminal epithelium,pancreatic alpha,0.11735720932483673,0.8289833574398792,116279
HSC (bone marrow),kidney tubular epithelium,0.11735780537128448,0.8649403423316621,58736
striated muscle,thyroid epithelium,0.11737550795078278,0.8581508920558066,116279
t central memory cd4,vascular saphenous endothelium,0.11740458011627197,0.8311575356474824,116279
pancreatic delta,vascular endothelium,0.11742730438709259,0.8422157111073075,108992
pancreatic alpha,prostate epithelium,0.11746158450841904,0.8325118803918437,116279
astrocytes,lung alveolar endothelium,0.11748627573251724,0.8534862307010386,113244
GMP (bone marrow),pancreas endothelium,0.11750607192516327,0.8802686488197475,57971
adipocytes,oligodendrocyte precursors,0.11754561215639114,0.8581615803382926,113240
kidney tubular endothelium,oligodendrocytes,0.11762421578168869,0.8236065074323052,116279
fallopien tubes epithelium,tonsil palatine epithelium,0.11763913184404373,0.8406608918547822,116279
embryonic stem cells,pancreatic beta,0.11767173558473587,0.8329403143090103,116098
fallopien tubes epithelium,pancreatic alpha,0.11767584085464478,0.8203319287463852,116279
L-MPP (bone marrow),pancreas endothelium,0.1176769807934761,0.8808724819702879,58075
colon enteroendocrine,fallopien tubes epithelium,0.11768273264169693,0.8246523197406436,116279
CMP (bone marrow),kidney tubular epithelium,0.11768799275159836,0.863476049858873,58881
GMP (bone marrow),vascular leptomeningeal cells,0.11773162335157394,0.8670629572152745,55993
endometrium epithelium,tonsil palatine epithelium,0.11773328483104706,0.8392977782595106,116279
colon enteroendocrine,kidney tubular epithelium,0.11775956302881241,0.8326434204887266,116279
heart fibroblasts,kidney glomerular endothelium,0.11777408421039581,0.8752090807227703,116279
bladder epithelium,colon fibroblasts,0.11781240254640579,0.8505353928757559,116277
kidney tubular endothelium,pancreatic beta,0.1178135946393013,0.8348120092894317,116279
pancreatic acinar,pancreatic alpha,0.1178184449672699,0.846112415057795,116279
breast basal epithelium,pancreatic duct,0.11781909316778183,0.823731937373245,116279
adipocytes,prostate epithelium,0.11782941222190857,0.851108949470479,116279
breast basal epithelium,vascular leptomeningeal cells,0.11783260852098465,0.83258309114109,112932
gastric body epithelium,pancreatic beta,0.11785201728343964,0.8425815305482146,116279
aorta endothelium,t effector memory cd4,0.1178789958357811,0.8326688855014441,116279
MEP (bone marrow),colon fibroblasts,0.11788616329431534,0.9056233586678505,58733
lung bronchus epithelium,thyroid epithelium,0.11792095005512238,0.8358070329448445,116279
fallopien tubes epithelium,pancreatic beta,0.11793912947177887,0.8383329328081576,116279
MEP (bone marrow),astrocytes,0.11793999373912811,0.8593674117697474,56889
naive b cells,t effector cell cd8,0.11794324964284897,0.8550753568412212,110857
embryonic stem cells,pancreatic duct,0.11795749515295029,0.8262664844504678,116098
cortical neurons,striated muscle,0.1179703027009964,0.8709780787970579,116279
gastric antrum epithelium,pancreatic beta,0.11798877269029617,0.8410828526715703,116279
kidney tubular epithelium,small intestine epithelium,0.11801095306873322,0.836838419510646,116279
endometrium epithelium,vascular saphenous endothelium,0.11801519989967346,0.8356496097929739,116279
breast basal epithelium,thyroid epithelium,0.1180226057767868,0.8179540195292061,116279
cd8 t cells,kidney tubular endothelium,0.11807461827993393,0.8390807613135788,116279
endometrium epithelium,tongue epithelium,0.11807606369256973,0.8311489957432454,116279
gastric fundus epithelium,hepatocyte,0.11809860169887543,0.8310328420032415,116279
GMP (bone marrow),striated muscle,0.11810305714607239,0.89018738134994,57971
breast basal epithelium,lung bronchus epithelium,0.11817947030067444,0.8394649925061185,116279
lung alveolar macrophages,vascular leptomeningeal cells,0.11826309561729431,0.8234447719442567,112932
cd4 t cells,kidney glomerular endothelium,0.11826973408460617,0.8445550208337859,116279
L-MPP (bone marrow),kidney tubular epithelium,0.1183057576417923,0.8637243083419993,58075
GMP (bone marrow),hepatocyte,0.11840995401144028,0.8454541428165111,57971
MEP (bone marrow),lung alveolar endothelium,0.11845561116933823,0.8847757100054416,58733
microglia,thyroid epithelium,0.11847938597202301,0.815555839766598,113231
microglia,oligodendrocyte precursors,0.11848168820142746,0.8136957659094611,113147
adipocytes,breast luminal epithelium,0.1185014471411705,0.8518619913992659,116279
gastric fundus epithelium,pancreatic beta,0.11851438879966736,0.8410139559845646,116279
cortical neurons,pancreas endothelium,0.11852651089429855,0.8550325379959095,116279
adipocytes,astrocytes,0.11854908615350723,0.8672237580194633,113244
smooth muscle,vascular leptomeningeal cells,0.11855432391166687,0.885882834289674,112932
aorta endothelium,tonsil palatine epithelium,0.11868613958358765,0.8360110192987991,116279
lung alveolar epithelium,pancreatic acinar,0.11871209740638733,0.8397903833056252,116279
lung alveolar endothelium,lung bronchus epithelium,0.11872834712266922,0.8335275022013094,116279
lung alveolar epithelium,small intestine epithelium,0.11873042583465576,0.8369552034665465,116279
cortical neurons,vascular saphenous endothelium,0.11874132603406906,0.8478908130585323,116279
aorta endothelium,astrocytes,0.11874271929264069,0.8501065203130359,113244
embryonic stem cells,vascular saphenous endothelium,0.11877375096082687,0.8390295087716975,116098
oligodendrocytes,vascular endothelium,0.1188245341181755,0.8443648002484946,108992
bladder epithelium,pancreatic duct,0.11886024475097656,0.8364522425280089,116279
breast luminal epithelium,kidney tubular endothelium,0.11886586248874664,0.8277085287625449,116279
kidney glomerular endothelium,lung bronchus epithelium,0.1188909113407135,0.8274685138035224,116279
tonsil pharyngeal epithelium,vascular saphenous endothelium,0.1189039796590805,0.837073524968397,116279
gastric antrum epithelium,tongue epithelium,0.118911974132061,0.8198520735869085,116279
colon fibroblasts,oligodendrocyte precursors,0.11892810463905334,0.8648039753558927,113238
MPP (bone marrow),pancreatic delta,0.11895018070936203,0.858597232290269,58709
pancreas endothelium,t central memory cd4,0.11895231157541275,0.8335648948409455,116279
lung bronchus epithelium,pancreas endothelium,0.1189788207411766,0.8307065595468104,116279
gastric fundus epithelium,tongue epithelium,0.11898669600486755,0.8209456400232444,116279
gastric body epithelium,hepatocyte,0.11901141703128815,0.8292198006121752,116279
cardiomyocyte,pancreatic alpha,0.11902721226215363,0.8133778605201424,116279
breast luminal epithelium,colon fibroblasts,0.11903298646211624,0.8568421652569996,116277
bladder epithelium,lung alveolar endothelium,0.11903896927833557,0.8344954123200953,116279
oligodendrocytes,pancreatic duct,0.11906500905752182,0.8164612818728755,116279
kidney glomerular epithelium,tonsil pharyngeal epithelium,0.11911692470312119,0.8456306524459188,116276
CMP (bone marrow),pancreatic delta,0.11912564933300018,0.8575050682932946,58881
lung alveolar macrophages,memory b cells,0.11912865936756134,0.8588289597259597,116278
L-MPP (bone marrow),striated muscle,0.11915890872478485,0.889200672727761,58075
t central memory cd4,vascular endothelium,0.11917243897914886,0.8417122128629905,108992
adipocytes,pancreatic delta,0.11918853968381882,0.8412995394817634,116279
HSC (bone marrow),striated muscle,0.11919290572404861,0.8884469891049204,58736
MEP (bone marrow),pancreas endothelium,0.11919596046209335,0.882228717215583,58733
adipocytes,cardiomyocyte,0.11920030415058136,0.8454854747926696,116279
lung interstitial macrophages,vascular leptomeningeal cells,0.11924711614847183,0.8224678803679535,112932
MPP (bone marrow),kidney glomerular epithelium,0.11925328522920609,0.8588248600937237,58707
bladder epithelium,vascular saphenous endothelium,0.11929035931825638,0.8306478965245189,116279
gastric body epithelium,tongue epithelium,0.11936455219984055,0.8195306863784827,116279
MEP (bone marrow),vascular leptomeningeal cells,0.11937979608774185,0.8696259282690881,56735
hepatocyte,kidney glomerular epithelium,0.11939359456300735,0.8281369685427514,116276
breast basal epithelium,cortical neurons,0.11939603835344315,0.8290346473621134,116279
embryonic stem cells,pancreatic delta,0.11959241330623627,0.825080779598752,116098
striated muscle,tongue epithelium,0.1196652501821518,0.837606199904193,116279
kidney tubular epithelium,tongue epithelium,0.11967696994543076,0.8338704378240872,116279
cortical neurons,kidney tubular endothelium,0.11967871338129044,0.8355403861654608,116279
MPP (bone marrow),pancreatic alpha,0.11968051642179489,0.854301382158126,58709
bladder epithelium,kidney glomerular endothelium,0.11969013512134552,0.8286161368832037,116279
L-MPP (bone marrow),pancreatic delta,0.1197083443403244,0.8580208186846907,58075
aorta endothelium,oligodendrocyte precursors,0.11972896009683609,0.8389336040702342,113240
striated muscle,tonsil palatine epithelium,0.11974155902862549,0.8385771586031393,116279
colon enteroendocrine,lung bronchus epithelium,0.11977639049291611,0.826221307552655,116279
GMP (bone marrow),kidney tubular epithelium,0.11980478465557098,0.8608940265801919,57971
MEP (bone marrow),kidney tubular epithelium,0.1198660358786583,0.8644096435389335,58733
colon macrophages,kidney tubular epithelium,0.11987854540348053,0.82244920659677,116271
pancreatic alpha,striated muscle,0.11988546699285507,0.840757902010362,116279
HSC (bone marrow),pancreatic delta,0.11991658806800842,0.8571877057455158,58736
fallopien tubes epithelium,vascular leptomeningeal cells,0.11993125081062317,0.8279584089004693,112932
colon enteroendocrine,kidney glomerular epithelium,0.11993676424026489,0.82507340695753,116276
cardiomyocyte,lung alveolar epithelium,0.1199524849653244,0.8252636947643474,116279
cortical neurons,pancreatic duct,0.11997747421264648,0.8261491301124445,116279
CMP (bone marrow),pancreatic alpha,0.11997959762811661,0.8532475705304347,58881
cortical neurons,kidney glomerular epithelium,0.12000689655542374,0.8358448164874631,116276
endometrium epithelium,pancreatic delta,0.12003808468580246,0.8303399200175094,116279
oligodendrocytes,pancreatic alpha,0.12015373259782791,0.8146906959413198,116279
colon fibroblasts,gastric fundus epithelium,0.12019949406385422,0.8396941172568396,116277
b cells,kidney glomerular endothelium,0.12020896375179291,0.8408988423862654,116278
aorta endothelium,hepatocyte,0.12022397667169571,0.8234336142399717,116279
kidney glomerular endothelium,nk cells,0.12022750079631805,0.8425886931333894,116279
kidney glomerular epithelium,oligodendrocytes,0.12022785097360611,0.8185263328516404,116276
endometrium epithelium,kidney glomerular endothelium,0.12026579678058624,0.8315055594040438,116279
L-MPP (bone marrow),pancreatic alpha,0.12034939974546432,0.8538041480878253,58075
kidney glomerular epithelium,microglia,0.12036541849374771,0.8196045083867912,113228
breast basal epithelium,vascular saphenous endothelium,0.12037314474582672,0.8305215565256893,116279
endometrium epithelium,pancreas endothelium,0.12038231641054153,0.8335106290752453,116279
aorta endothelium,tongue epithelium,0.1203906238079071,0.8299979303411185,116279
astrocytes,breast luminal epithelium,0.12041464447975159,0.8265496619779396,113244
colon fibroblasts,fallopien tubes epithelium,0.12046021968126297,0.8525335831655678,116277
gastric antrum epithelium,hepatocyte,0.12047705799341202,0.8250532030443543,116279
HSC (bone marrow),kidney glomerular epithelium,0.12049949914216995,0.8572401793183783,58734
adipocytes,tonsil pharyngeal epithelium,0.12051134556531906,0.8391894196717964,116279
gastric body epithelium,pancreas endothelium,0.12054068595170975,0.8271192627675268,116279
striated muscle,t central memory cd4,0.12056807428598404,0.8410640486419093,116279
colon fibroblasts,tongue epithelium,0.12057487666606903,0.8398819058028305,116277
HSC (bone marrow),pancreatic alpha,0.12059294432401657,0.8529081767290969,58736
colon fibroblasts,pancreatic alpha,0.12059798836708069,0.8483990632075534,116277
adipocytes,cd4 t cells,0.12061240524053574,0.8486004796348756,116279
hepatocyte,lung alveolar endothelium,0.12062861025333405,0.8280978257688235,116279
CMP (bone marrow),kidney glomerular epithelium,0.12065473943948746,0.8559861790214371,58879
gastric antrum epithelium,pancreas endothelium,0.12067104876041412,0.8252872673382264,116279
bladder epithelium,colon epithelium,0.12067239731550217,0.8334697710852105,116279
MPP (bone marrow),cardiomyocyte,0.12067251652479172,0.8448846035152912,58709
hepatocyte,vascular endothelium,0.12067285925149918,0.8292591436111504,108992
kidney glomerular epithelium,tonsil palatine epithelium,0.12067607790231705,0.8395961732661814,116276
cardiomyocyte,pancreatic beta,0.12068787962198257,0.8254952672445359,116279
gastric fundus epithelium,pancreas endothelium,0.12069153040647507,0.8267469254104103,116279
MEP (bone marrow),striated muscle,0.12071342021226883,0.8907201777298303,58733
pancreas endothelium,tonsil pharyngeal epithelium,0.12074373662471771,0.8332430297584301,116279
colon enteroendocrine,pancreatic delta,0.12076519429683685,0.820771442080105,116279
hepatocyte,vascular leptomeningeal cells,0.12085627764463425,0.822862216861713,112932
MEP (bone marrow),hepatocyte,0.12086910754442215,0.8468329694399044,58733
astrocytes,lung alveolar macrophages,0.12087498605251312,0.8002262545736881,113244
basophils,embryonic stem cells,0.12087760120630264,0.8157412435263062,111557
embryonic stem cells,t central memory cd4,0.1208929494023323,0.8178143999862655,116098
embryonic stem cells,oligodendrocytes,0.12090318650007248,0.8212497562586406,116098
GMP (bone marrow),pancreatic delta,0.12091772258281708,0.8548132974746192,57971
endometrium epithelium,thyroid epithelium,0.12091846019029617,0.8297244288123665,116279
breast luminal epithelium,vascular endothelium,0.12091922014951706,0.8423170358943485,108992
kidney glomerular epithelium,small intestine epithelium,0.12094079703092575,0.8271394046847163,116276
colon fibroblasts,endometrium epithelium,0.12096528708934784,0.8483888562388558,116277
kidney tubular epithelium,lung alveolar macrophages,0.12105391919612885,0.8125771873486156,116279
lung bronchus epithelium,small intestine epithelium,0.12110161036252975,0.81939081842041,116279
pancreatic alpha,vascular endothelium,0.12111037224531174,0.833289527001039,108992
kidney tubular endothelium,monocytes,0.12118864059448242,0.834624584987647,116279
embryonic stem cells,pancreas endothelium,0.12122073024511337,0.8389305750500099,116098
lung alveolar endothelium,oligodendrocytes,0.12122490257024765,0.8358112744738162,116279
MPP (bone marrow),oligodendrocyte precursors,0.12125042825937271,0.8464409466909857,56866
adipocytes,thyroid epithelium,0.12128394097089767,0.8497400347301931,116279
prostate epithelium,vascular endothelium,0.12136341631412506,0.8401380192982836,108992
colon fibroblasts,gastric body epithelium,0.12136499583721161,0.8385497630022836,116277
gastric body epithelium,kidney glomerular endothelium,0.12138628214597702,0.823402093764773,116279
lung bronchus epithelium,vascular leptomeningeal cells,0.12139251828193665,0.8278689326683977,112932
gastric antrum epithelium,kidney glomerular endothelium,0.12141156196594238,0.8218240210318232,116279
cardiomyocyte,embryonic stem cells,0.12141472846269608,0.815513163326552,116098
astrocytes,lung interstitial macrophages,0.1214253231883049,0.7991154118499755,113244
kidney tubular endothelium,naive cd4 t cells,0.12156098335981369,0.8365412782146806,116278
oligodendrocytes,pancreatic beta,0.1215941309928894,0.8313994496616578,116279
lung alveolar endothelium,t effector memory cd4,0.12161991000175476,0.8274770577576509,116279
L-MPP (bone marrow),kidney glomerular epithelium,0.12162154912948608,0.855883999225556,58073
gastric fundus epithelium,kidney glomerular endothelium,0.12162978947162628,0.8231437723645835,116279
fallopien tubes epithelium,small intestine epithelium,0.12163340300321579,0.8183158338126437,116279
cortical neurons,microglia,0.12163525074720383,0.8270065730049507,113231
embryonic stem cells,kidney glomerular epithelium,0.12167108058929443,0.8289515250601142,116095
astrocytes,fallopien tubes epithelium,0.12167283147573471,0.823413914079961,113244
GMP (bone marrow),pancreatic alpha,0.12177849560976028,0.8504569426438793,57971
fallopien tubes epithelium,vascular endothelium,0.1218046247959137,0.839320186190219,108992
basophils,kidney tubular endothelium,0.12181103229522705,0.8311829432257603,111731
adipocytes,b cells,0.12185735255479813,0.8483862278647304,116278
cd4 t cells,vascular saphenous endothelium,0.12189202755689621,0.8350092177732058,116279
breast basal epithelium,pancreas endothelium,0.12189508229494095,0.832400715577863,116279
lung alveolar endothelium,tonsil palatine epithelium,0.12192030251026154,0.8282434567673548,116279
CMP (bone marrow),cardiomyocyte,0.1219232827425003,0.8433317313232453,58881
HSC (bone marrow),cardiomyocyte,0.12194711714982986,0.8427924625839045,58736
colon epithelium,endometrium epithelium,0.12195015698671341,0.8269633136079294,116279
colon fibroblasts,nk cells,0.12195328623056412,0.8727831784274693,116277
adipocytes,lung bronchus epithelium,0.1219872236251831,0.8338246220516218,116279
MEP (bone marrow),pancreatic delta,0.12213913351297379,0.8582379385831882,58733
colon macrophages,thyroid epithelium,0.12214922159910202,0.8063334140328192,116271
lung interstitial macrophages,thyroid epithelium,0.12215135246515274,0.7937689154767557,116279
endometrium epithelium,striated muscle,0.1221514567732811,0.8378859500904721,116279
tongue epithelium,vascular saphenous endothelium,0.12220046669244766,0.8212868319918895,116279
lung alveolar epithelium,microglia,0.12221026420593262,0.8239528445808636,113231
aorta endothelium,t effector cell cd8,0.12221474200487137,0.8241715418230697,116279
lung alveolar macrophages,thyroid epithelium,0.12222012132406235,0.7941324185118233,116279
memory b cells,vascular endothelium,0.12222440540790558,0.8182112641629669,108991
aorta endothelium,cd4 t cells,0.1222594678401947,0.8398793882901645,116279
cortical neurons,naive cd4 t cells,0.1222691461443901,0.8204998445844153,116278
breast basal epithelium,striated muscle,0.12232565879821777,0.8468980414235365,116279
colon fibroblasts,gastric antrum epithelium,0.12235960364341736,0.8360259722229465,116277
CMP (bone marrow),oligodendrocyte precursors,0.12238293141126633,0.8439423761142,57037
hepatocyte,vascular saphenous endothelium,0.12239925563335419,0.8180527099994337,116279
lung bronchus epithelium,pancreatic delta,0.12245076894760132,0.8180898032624493,116279
hepatocyte,kidney tubular endothelium,0.12245824187994003,0.8094048273094074,116279
kidney tubular endothelium,naive b cells,0.12247137725353241,0.8328455070832891,110857
L-MPP (bone marrow),oligodendrocyte precursors,0.12247717380523682,0.8443598191728111,56247
HSC (bone marrow),oligodendrocyte precursors,0.12249450385570526,0.8444931456672174,56898
astrocytes,prostate epithelium,0.12250348925590515,0.8235585677581679,113244
kidney tubular endothelium,naive cd8 t cells,0.1225147545337677,0.8351413017631658,116279
breast basal epithelium,kidney glomerular endothelium,0.12252266705036163,0.8244715783089356,116279
colon epithelium,pancreatic beta,0.12261230498552322,0.8189055308258701,116279
GMP (bone marrow),kidney glomerular epithelium,0.12264557182788849,0.8537608839576497,57969
MEP (bone marrow),cardiomyocyte,0.12265957146883011,0.8473771492397425,58733
colon fibroblasts,pancreatic duct,0.12267188727855682,0.8539304171138196,116277
kidney tubular endothelium,t effector memory cd4,0.12267784029245377,0.8232783812664586,116279
colon macrophages,kidney glomerular epithelium,0.12274187058210373,0.8161597010788472,116268
MEP (bone marrow),pancreatic alpha,0.12274541705846786,0.8543618019750666,58733
kidney tubular epithelium,lung interstitial macrophages,0.12275638431310654,0.8098241837218056,116279
naive b cells,t effector memory cd4,0.12277770042419434,0.8528008380115406,110857
cd8 t cells,kidney glomerular endothelium,0.12279197573661804,0.8357666136652854,116279
basophils,t effector cell cd8,0.12284128367900848,0.8380490755964174,111731
adipocytes,t central memory cd4,0.12285256385803223,0.8388921319001982,116279
cd4 t cells,lung alveolar epithelium,0.1228732094168663,0.8124432630154163,116279
astrocytes,colon fibroblasts,0.12288966029882431,0.866456778107011,113242
embryonic stem cells,pancreatic alpha,0.12289309501647949,0.816526674495936,116098
MEP (bone marrow),kidney glomerular epithelium,0.12293073534965515,0.8566506479188777,58731
hepatocyte,kidney glomerular endothelium,0.12294996529817581,0.8186549378304795,116279
astrocytes,naive cd4 t cells,0.12303267419338226,0.8027192548688145,113243
cortical neurons,naive cd8 t cells,0.12303493916988373,0.8199964807665034,116279
cardiomyocyte,colon fibroblasts,0.12303908169269562,0.8450478227578625,116277
kidney tubular epithelium,tonsil pharyngeal epithelium,0.12306714802980423,0.8411901808086562,116279
breast luminal epithelium,small intestine epithelium,0.12309687584638596,0.821142725447478,116279
embryonic stem cells,memory cd4 t cells,0.12314821779727936,0.8171984350319403,111122
adipocytes,cortical neurons,0.12319280952215195,0.8585035650106028,116279
astrocytes,lung alveolar epithelium,0.12320880591869354,0.8298100966256876,113244
smooth muscle,vascular endothelium,0.12325703352689743,0.8814558909149296,108992
tonsil palatine epithelium,vascular saphenous endothelium,0.1232784315943718,0.8251713476340313,116279
L-MPP (bone marrow),cardiomyocyte,0.12332979589700699,0.8412827955067148,58075
bladder epithelium,pancreas endothelium,0.12333264201879501,0.8245644631375483,116279
breast basal epithelium,vascular endothelium,0.12333640456199646,0.8366728091092137,108992
colon fibroblasts,embryonic stem cells,0.1233426183462143,0.8534332269197189,116096
breast luminal epithelium,oligodendrocyte precursors,0.12334415316581726,0.8147834128993606,113240
colon epithelium,kidney tubular epithelium,0.12335160374641418,0.8262343882184843,116279
endometrium epithelium,kidney tubular endothelium,0.12335951626300812,0.8190953294382165,116279
colon fibroblasts,thyroid epithelium,0.12335972487926483,0.8585379033238547,116277
colon enteroendocrine,pancreatic alpha,0.12343376129865646,0.811817746549606,116279
adipocytes,nk cells,0.12348132580518723,0.8462343055660276,116279
bladder epithelium,kidney tubular endothelium,0.1234881654381752,0.8161501843323979,116279
aorta endothelium,embryonic stem cells,0.12350859493017197,0.8328703572373405,116098
colon epithelium,hepatocyte,0.12358483672142029,0.8083232359036131,116279
breast luminal epithelium,hepatocyte,0.12359214574098587,0.8182004188336307,116279
endometrium epithelium,pancreatic beta,0.12359485775232315,0.8320823095228842,116279
kidney glomerular endothelium,tonsil pharyngeal epithelium,0.1236322894692421,0.8282763739088136,116279
monocytes,t effector cell cd8,0.12370006740093231,0.8400574992187926,116279
microglia,pancreatic delta,0.12371329963207245,0.8082154808667639,113231
lung alveolar endothelium,tongue epithelium,0.12373290210962296,0.8209632459906608,116279
colon macrophages,lung alveolar epithelium,0.12374301254749298,0.8227562280651703,116271
gastric body epithelium,thyroid epithelium,0.12375170737504959,0.8204294777488281,116279
hepatocyte,pancreas endothelium,0.12379788607358932,0.8219681294000911,116279
cardiomyocyte,microglia,0.12382151186466217,0.8005699016583531,113231
astrocytes,naive cd8 t cells,0.12383313477039337,0.8025626991028308,113244
cd4 t cells,pancreas endothelium,0.12384163588285446,0.8369944384711487,116279
cd4 t cells,lung alveolar endothelium,0.12386661022901535,0.8390311798259451,116279
adipocytes,cd8 t cells,0.12388838082551956,0.8416505699545357,116279
gastric antrum epithelium,thyroid epithelium,0.12388986349105835,0.817248955884781,116279
breast basal epithelium,oligodendrocytes,0.12389568239450455,0.8050775260641739,116279
kidney tubular endothelium,t effector cell cd8,0.1239437386393547,0.8170373941866682,116279
adipocytes,pancreatic alpha,0.12401232123374939,0.8307808480881589,116279
aorta endothelium,cd8 t cells,0.12406022846698761,0.8347265953453803,116279
oligodendrocyte precursors,prostate epithelium,0.12406660616397858,0.8127715713083344,113240
cortical neurons,lung alveolar macrophages,0.12412743270397186,0.8078620286430791,116279
MPP (bone marrow),oligodendrocytes,0.12414104491472244,0.8392973237663539,58709
kidney glomerular epithelium,lung alveolar macrophages,0.12416034191846848,0.8061458489755293,116276
aorta endothelium,oligodendrocytes,0.12418749183416367,0.8285228518484884,116279
GMP (bone marrow),oligodendrocyte precursors,0.12419328838586807,0.8417109867815943,56143
adipocytes,endometrium epithelium,0.1242455318570137,0.8353162152916005,116279
adipocytes,tonsil palatine epithelium,0.12424588203430176,0.8302469749144451,116279
microglia,pancreatic duct,0.1242857575416565,0.8042891690004708,113231
kidney tubular epithelium,tonsil palatine epithelium,0.12435442954301834,0.8351680120502137,116279
astrocytes,colon macrophages,0.1243598684668541,0.8061789614469588,113237
b cells,vascular saphenous endothelium,0.12444507330656052,0.8290348064637958,116278
gastric antrum epithelium,kidney tubular endothelium,0.12444718182086945,0.8099357053186246,116279
gastric body epithelium,kidney tubular endothelium,0.12445113807916641,0.8114726746365613,116279
adipocytes,oligodendrocytes,0.12447232753038406,0.8436557827915813,116279
cd4 t cells,striated muscle,0.12453717738389969,0.8468221944790585,116279
gastric fundus epithelium,kidney tubular endothelium,0.12457166612148285,0.811736798142853,116279
cortical neurons,lung interstitial macrophages,0.12458740174770355,0.807688051487794,116279
embryonic stem cells,lung alveolar endothelium,0.1246296837925911,0.8337347913514398,116098
colon fibroblasts,oligodendrocytes,0.12463223934173584,0.8537137191012926,116277
colon enteroendocrine,pancreatic beta,0.1246701031923294,0.8220988025332224,116279
nk cells,vascular saphenous endothelium,0.12468606978654861,0.8314626071454893,116279
gastric fundus epithelium,thyroid epithelium,0.1246885359287262,0.8199126795426862,116279
pancreas endothelium,tongue epithelium,0.12469170242547989,0.8179035640237098,116279
heart fibroblasts,vascular leptomeningeal cells,0.12477059662342072,0.8654638947084816,112932
kidney tubular endothelium,lung bronchus epithelium,0.12477169185876846,0.8106716640880439,116279
endometrium epithelium,pancreatic alpha,0.1247931569814682,0.8163277416142601,116279
pancreas endothelium,tonsil palatine epithelium,0.12481921166181564,0.8225082048010561,116279
GMP (bone marrow),cardiomyocyte,0.12483838200569153,0.8384025080015909,57971
adipocytes,tongue epithelium,0.1248384639620781,0.8277730875118505,116279
pancreatic delta,small intestine epithelium,0.12484701722860336,0.8150312230100356,116279
embryonic stem cells,monocytes,0.12487857788801193,0.8127013854329437,116098
kidney tubular endothelium,smooth muscle,0.12489821761846542,0.870691887634429,116279
breast basal epithelium,lung alveolar epithelium,0.12490837275981903,0.8258022827962798,116279
basophils,t effector memory cd4,0.12498151510953903,0.8380908355054111,111731
embryonic stem cells,hepatocyte,0.12498626112937927,0.8101614546534803,116098
colon macrophages,pancreatic delta,0.12502779066562653,0.8044312508265131,116271
microglia,oligodendrocytes,0.12502889335155487,0.8017696800261906,113231
lung alveolar epithelium,nk cells,0.12504063546657562,0.8081451565480067,116279
breast luminal epithelium,colon epithelium,0.12516362965106964,0.8204630676747435,116279
kidney tubular endothelium,memory cd4 t cells,0.12519201636314392,0.8234881882855503,111295
MEP (bone marrow),oligodendrocyte precursors,0.12528926134109497,0.844538386454112,56891
lung alveolar endothelium,t effector cell cd8,0.12529100477695465,0.8197888260481627,116279
HSC (bone marrow),oligodendrocytes,0.12529614567756653,0.8375166068268781,58736
cortical neurons,lung alveolar endothelium,0.1253010779619217,0.8418011612499459,116279
microglia,pancreatic alpha,0.12530244886875153,0.801291654599361,113231
cd4 t cells,pancreatic beta,0.12530817091464996,0.8073603088331056,116279
embryonic stem cells,lung alveolar epithelium,0.12532782554626465,0.8235307673105773,116098
gastric body epithelium,striated muscle,0.12533041834831238,0.8233408997685707,116279
basophils,kidney glomerular endothelium,0.12536410987377167,0.8297530818725434,111731
embryonic stem cells,striated muscle,0.12538474798202515,0.8397260750233118,116098
kidney tubular endothelium,neutrophils,0.12538862228393555,0.82442546500596,112208
fallopien tubes epithelium,oligodendrocyte precursors,0.1253962516784668,0.8066814183551729,113240
L-MPP (bone marrow),oligodendrocytes,0.12556572258472443,0.8374836858062853,58075
aorta endothelium,breast basal epithelium,0.12557008862495422,0.8282561366589388,116279
kidney glomerular endothelium,tongue epithelium,0.12559090554714203,0.8119627693291459,116279
bladder epithelium,striated muscle,0.12559187412261963,0.826148198064336,116279
gastric fundus epithelium,striated muscle,0.1256076693534851,0.8222183830623185,116279
colon macrophages,pancreatic duct,0.12563015520572662,0.8015282814774686,116271
adipocytes,embryonic stem cells,0.12566520273685455,0.8419655838437798,116098
cd4 t cells,vascular leptomeningeal cells,0.12567925453186035,0.8186360371407394,112932
gastric antrum epithelium,striated muscle,0.12568099796772003,0.8217457622437095,116279
b cells,striated muscle,0.12571612000465393,0.8464689252956207,116278
astrocytes,hepatocyte,0.12572412192821503,0.8058286187279959,113244
CMP (bone marrow),oligodendrocytes,0.12573492527008057,0.836962371826963,58881
kidney glomerular endothelium,monocytes,0.1257544606924057,0.8328516738926899,116279
breast basal epithelium,tonsil palatine epithelium,0.12575915455818176,0.8364516631641662,116279
adipocytes,breast basal epithelium,0.1257651001214981,0.8399864289478711,116279
cd8 t cells,vascular saphenous endothelium,0.12581995129585266,0.8267191137348687,116279
hepatocyte,small intestine epithelium,0.12583321332931519,0.8123273241591491,116279
adipocytes,hepatocyte,0.1258557289838791,0.8263417977782194,116279
naive cd4 t cells,pancreatic duct,0.12588870525360107,0.7893454560101585,116278
colon fibroblasts,cortical neurons,0.1258978396654129,0.8620102809000231,116277
MPP (bone marrow),colon epithelium,0.12591950595378876,0.8193661004221676,58709
naive cd4 t cells,thyroid epithelium,0.12591958045959473,0.7982608445568514,116278
adipocytes,memory cd4 t cells,0.12594038248062134,0.828896370710421,111295
adipocytes,basophils,0.12595805525779724,0.8372783191568437,111731
aorta endothelium,cortical neurons,0.12598766386508942,0.8403512859618181,116279
CMP (bone marrow),colon epithelium,0.12600009143352509,0.8190420782488228,58881
colon macrophages,cortical neurons,0.12600095570087433,0.8146106995773327,116271
breast basal epithelium,kidney tubular endothelium,0.12603430449962616,0.8078868951017789,116279
kidney glomerular epithelium,lung interstitial macrophages,0.1260443776845932,0.8033828676211938,116276
adipocytes,gastric fundus epithelium,0.12605004012584686,0.822394113964891,116279
t effector memory cd4,vascular saphenous endothelium,0.12606024742126465,0.815048652686647,116279
b cells,pancreas endothelium,0.12608274817466736,0.8330345182551945,116278
lung alveolar epithelium,lung alveolar macrophages,0.12610280513763428,0.8164130404297861,116279
adipocytes,gastric body epithelium,0.12611258029937744,0.8226253187687067,116279
colon epithelium,kidney glomerular epithelium,0.12616240978240967,0.8170994360395628,116276
b cells,lung alveolar epithelium,0.12620039284229279,0.8043793617636346,116278
kidney glomerular endothelium,t effector memory cd4,0.12620551884174347,0.8194912363251442,116279
small intestine epithelium,tongue epithelium,0.12626434862613678,0.8038913504161642,116279
aorta endothelium,pancreatic acinar,0.1262662261724472,0.8207327359509516,116279
adipocytes,bladder epithelium,0.12628592550754547,0.8282779296138943,116279
hepatocyte,microglia,0.12628817558288574,0.796212174644751,113231
adipocytes,monocytes,0.12629032135009766,0.8466832670920563,116279
naive cd8 t cells,thyroid epithelium,0.12634041905403137,0.7978822750936656,116279
kidney glomerular endothelium,naive cd4 t cells,0.12639597058296204,0.8348507931728028,116278
cd8 t cells,lung alveolar endothelium,0.12640029191970825,0.8326721277599802,116279
microglia,pancreatic beta,0.12643681466579437,0.8113241141756176,113231
adipocytes,gastric antrum epithelium,0.1264512538909912,0.8210191123831921,116279
embryonic stem cells,regulatory t cells,0.1264636516571045,0.8109436328359073,110598
cardiomyocyte,fallopien tubes epithelium,0.12648503482341766,0.797268703179686,116279
monocytes,t effector memory cd4,0.12651872634887695,0.8400788238402764,116279
striated muscle,t effector memory cd4,0.12654908001422882,0.8253722801127569,116279
pancreas endothelium,t effector memory cd4,0.1265857070684433,0.8176714492494902,116279
aorta endothelium,b cells,0.12659712135791779,0.8310362382944947,116278
colon macrophages,pancreatic alpha,0.12661391496658325,0.7976571173725305,116271
colon enteroendocrine,hepatocyte,0.12661732733249664,0.8053429168287343,116279
naive cd8 t cells,pancreatic duct,0.126638263463974,0.7887055698722754,116279
colon macrophages,pancreatic beta,0.12664298713207245,0.8079761771073205,116271
embryonic stem cells,neutrophils,0.12674814462661743,0.8068246822609074,112034
breast basal epithelium,lung alveolar endothelium,0.12678003311157227,0.8231810173936698,116279
kidney glomerular endothelium,tonsil palatine epithelium,0.12679649889469147,0.8170512429521255,116279
L-MPP (bone marrow),colon epithelium,0.12681400775909424,0.8182160640515213,58075
gastric body epithelium,vascular leptomeningeal cells,0.12687364220619202,0.8154732088382839,112932
bladder epithelium,pancreatic delta,0.12687446177005768,0.8122156395580208,116279
hepatocyte,striated muscle,0.12696689367294312,0.8271652887156228,116279
colon enteroendocrine,lung alveolar endothelium,0.12698008120059967,0.8142976531942951,116279
nk cells,pancreas endothelium,0.1269804686307907,0.832982525297079,116279
colon enteroendocrine,tongue epithelium,0.12698392570018768,0.8058565852253088,116279
lung alveolar epithelium,oligodendrocyte precursors,0.12699541449546814,0.8123534569351665,113240
t central memory cd4,vascular leptomeningeal cells,0.1270420104265213,0.8069610775512808,112932
lung alveolar macrophages,pancreatic duct,0.12707071006298065,0.789455082353685,116279
cd8 t cells,striated muscle,0.12708906829357147,0.8407049389143055,116279
HSC (bone marrow),colon epithelium,0.1271321177482605,0.817133770142242,58736
embryonic stem cells,eosinophils,0.12716536223888397,0.8044000841764899,111460
colon epithelium,fallopien tubes epithelium,0.12723660469055176,0.8090760088588438,116279
cd8 t cells,pancreas endothelium,0.12728849053382874,0.8294774633133507,116279
nk cells,pancreatic beta,0.12729160487651825,0.8024881099044394,116279
MPP (bone marrow),fallopien tubes epithelium,0.12729375064373016,0.8377340896965249,58709
lung bronchus epithelium,pancreatic beta,0.12732553482055664,0.8172783141465678,116279
GMP (bone marrow),oligodendrocytes,0.12734133005142212,0.8346863634836065,57971
nk cells,pancreatic duct,0.12734799087047577,0.7876170824615095,116279
smooth muscle,tonsil pharyngeal epithelium,0.12735562026500702,0.8300884738327444,116279
astrocytes,naive b cells,0.12737247347831726,0.7931697825322713,107958
gastric antrum epithelium,vascular leptomeningeal cells,0.12737709283828735,0.8124116967719976,112932
basophils,lung alveolar epithelium,0.12737813591957092,0.7969760163082271,111731
nk cells,vascular leptomeningeal cells,0.12738776206970215,0.8151575228850425,112932
colon enteroendocrine,vascular saphenous endothelium,0.1273958832025528,0.8074154743789569,116279
gastric fundus epithelium,vascular leptomeningeal cells,0.12743248045444489,0.8148729163467217,112932
cardiomyocyte,prostate epithelium,0.12744870781898499,0.8006847799723925,116279
colon epithelium,pancreatic delta,0.12751400470733643,0.8104396266307275,116279
eosinophils,kidney tubular endothelium,0.12752611935138702,0.8178716513054055,111634
lung bronchus epithelium,pancreatic alpha,0.12759020924568176,0.8052493333554609,116279
colon fibroblasts,hepatocyte,0.1276310682296753,0.8317437545837708,116277
pancreatic alpha,small intestine epithelium,0.1276586800813675,0.8060280486116694,116279
cortical neurons,naive b cells,0.1276734173297882,0.8067224121762638,110857
MPP (bone marrow),prostate epithelium,0.12767809629440308,0.8421743682220336,58709
kidney glomerular endothelium,naive cd8 t cells,0.12771831452846527,0.8332493126714234,116279
cd4 t cells,pancreatic duct,0.12771914899349213,0.7906069058931814,116279
kidney glomerular endothelium,naive b cells,0.12775440514087677,0.830488041967427,110857
MEP (bone marrow),oligodendrocytes,0.12781238555908203,0.8374840079270784,58733
b cells,lung alveolar endothelium,0.1278586983680725,0.8309387299508322,116278
lung interstitial macrophages,pancreatic duct,0.1278970092535019,0.7873906331651858,116279
endometrium epithelium,vascular leptomeningeal cells,0.12791754305362701,0.8143468581917167,112932
cardiomyocyte,gastric antrum epithelium,0.12791870534420013,0.7981770447063424,116279
lung alveolar macrophages,oligodendrocyte precursors,0.12793497741222382,0.7842248364237117,113240
nk cells,striated muscle,0.12794528901576996,0.8446815732449505,116279
GMP (bone marrow),colon epithelium,0.12795165181159973,0.8162660582689921,57971
CMP (bone marrow),fallopien tubes epithelium,0.12797093391418457,0.8364558949495248,58881
cd8 t cells,lung alveolar epithelium,0.12798768281936646,0.8049151128244432,116279
aorta endothelium,nk cells,0.1279880404472351,0.8313851779778275,116279
aorta endothelium,memory cd4 t cells,0.12799608707427979,0.8209422860865205,111295
breast basal epithelium,tonsil pharyngeal epithelium,0.12803123891353607,0.8322190088336353,116279
breast luminal epithelium,cortical neurons,0.12803827226161957,0.8162165952624013,116279
CMP (bone marrow),breast luminal epithelium,0.12805403769016266,0.841058247466414,58881
cd4 t cells,cortical neurons,0.12806802988052368,0.8146352088008485,116279
nk cells,thyroid epithelium,0.12808163464069366,0.7961310183787541,116279
b cells,vascular leptomeningeal cells,0.1280837506055832,0.8120078798111172,112932
lung alveolar endothelium,small intestine epithelium,0.128149151802063,0.8117496554985686,116279
MPP (bone marrow),breast luminal epithelium,0.12815257906913757,0.8412093179369988,58709
pancreatic duct,tonsil pharyngeal epithelium,0.12820282578468323,0.8272304386204036,116279
MEP (bone marrow),colon epithelium,0.12822280824184418,0.8205669373608208,58733
astrocytes,nk cells,0.12823480367660522,0.7987039188520847,113244
lung alveolar epithelium,naive cd4 t cells,0.12826775014400482,0.8042927040129816,116278
kidney glomerular endothelium,t effector cell cd8,0.12827208638191223,0.8128372598624254,116279
CMP (bone marrow),prostate epithelium,0.12829254567623138,0.8405848645374298,58881
neutrophils,t effector cell cd8,0.12830813229084015,0.8280782175550715,112208
colon epithelium,lung bronchus epithelium,0.12836617231369019,0.8119701170679466,116279
lung interstitial macrophages,oligodendrocyte precursors,0.12837965786457062,0.7840911313919698,113240
effector memory cd8 t cells,kidney tubular endothelium,0.12838312983512878,0.8167010289153946,116276
colon macrophages,oligodendrocyte precursors,0.12838377058506012,0.7938186298703789,113233
colon fibroblasts,small intestine epithelium,0.12840937077999115,0.8269585342606915,116277
breast luminal epithelium,colon macrophages,0.12840956449508667,0.8009601068215824,116271
colon enteroendocrine,kidney glomerular endothelium,0.12841017544269562,0.8053573979125408,116279
tonsil pharyngeal epithelium,vascular leptomeningeal cells,0.12843094766139984,0.8236152057338568,112932
lung alveolar endothelium,pancreatic acinar,0.12843400239944458,0.8199251153194846,116279
naive b cells,pancreatic duct,0.12845057249069214,0.7788117063101144,110857
naive cd4 t cells,pancreatic beta,0.12846986949443817,0.8050839423236,116278
cortical neurons,nk cells,0.12847763299942017,0.8103744809969962,116279
adipocytes,t effector memory cd4,0.12847982347011566,0.8231799125997463,116279
lung alveolar endothelium,nk cells,0.1284838765859604,0.8329707271480533,116279
cardiomyocyte,hepatocyte,0.128524512052536,0.7919701500021354,116279
tongue epithelium,vascular leptomeningeal cells,0.1285526305437088,0.8097487765536238,112932
HSC (bone marrow),fallopien tubes epithelium,0.12855264544487,0.8358530193989107,58736
colon epithelium,vascular endothelium,0.12856650352478027,0.8017033680418191,108992
cardiomyocyte,gastric body epithelium,0.12861357629299164,0.7985921280499266,116279
naive b cells,thyroid epithelium,0.12867526710033417,0.7908584094983351,110857
kidney tubular endothelium,regulatory t cells,0.12868086993694305,0.8154651036834037,110772
adipocytes,effector memory cd8 t cells,0.12869815528392792,0.8219988095785967,116276
hepatocyte,prostate epithelium,0.1287025660276413,0.808823922871277,116279
cd4 t cells,thyroid epithelium,0.1287076324224472,0.798944013897989,116279
naive cd4 t cells,vascular leptomeningeal cells,0.12872575223445892,0.8137694732322066,112931
aorta endothelium,colon enteroendocrine,0.12873448431491852,0.8090825099016354,116279
L-MPP (bone marrow),fallopien tubes epithelium,0.12875613570213318,0.8356356331849719,58075
colon enteroendocrine,kidney tubular endothelium,0.12878097593784332,0.7976401353424819,116279
adipocytes,regulatory t cells,0.12879504263401031,0.8213450769201505,110772
kidney tubular endothelium,tonsil pharyngeal epithelium,0.12880754470825195,0.8146251584129652,116279
lung alveolar epithelium,lung interstitial macrophages,0.12882336974143982,0.8115304320709058,116279
kidney glomerular endothelium,memory cd4 t cells,0.12887194752693176,0.8200376208436571,111295
breast luminal epithelium,oligodendrocytes,0.1288813352584839,0.8014633470240726,116279
b cells,pancreatic beta,0.12888477742671967,0.7992479718691268,116278
t effector cell cd8,vascular saphenous endothelium,0.1289532333612442,0.8073341586150002,116279
b cells,thyroid epithelium,0.12895919382572174,0.7956205904461221,116278
kidney glomerular endothelium,small intestine epithelium,0.1289616972208023,0.8044010903013421,116279
aorta endothelium,effector memory cd8 t cells,0.12896610796451569,0.8171260421957556,116276
L-MPP (bone marrow),breast luminal epithelium,0.1289808601140976,0.8400303953656949,58075
pancreatic duct,tongue epithelium,0.12902000546455383,0.8086189086901554,116279
heart fibroblasts,kidney tubular endothelium,0.12902198731899261,0.8499655319652069,116279
thyroid epithelium,tongue epithelium,0.12906984984874725,0.8108985533709637,116279
small intestine epithelium,tonsil palatine epithelium,0.12908464670181274,0.8060434841044016,116279
aorta endothelium,regulatory t cells,0.12909312546253204,0.8164288259725014,110772
colon enteroendocrine,tonsil pharyngeal epithelium,0.12911449372768402,0.8140626634123107,116279
small intestine epithelium,vascular saphenous endothelium,0.1291644126176834,0.8039217788340568,116279
adipocytes,neutrophils,0.1291770190000534,0.8368231330589767,112208
fallopien tubes epithelium,oligodendrocytes,0.12919503450393677,0.7964169823909542,116279
HSC (bone marrow),prostate epithelium,0.12923744320869446,0.83963034058714,58736
colon macrophages,hepatocyte,0.12924891710281372,0.7899793924732861,116271
colon fibroblasts,pancreatic acinar,0.1292598843574524,0.823428109828396,116277
striated muscle,t effector cell cd8,0.12928904592990875,0.8209625183484698,116279
colon macrophages,fallopien tubes epithelium,0.12929168343544006,0.7967634687692271,116271
GMP (bone marrow),fallopien tubes epithelium,0.12932135164737701,0.8343876707083188,57971
eosinophils,t effector cell cd8,0.1293424367904663,0.8254439705110865,111634
kidney glomerular endothelium,neutrophils,0.12934330105781555,0.822757557056927,112208
naive cd8 t cells,pancreatic beta,0.12934958934783936,0.8053260757385096,116279
pancreatic acinar,small intestine epithelium,0.1293850988149643,0.8186388638720927,116279
pancreatic beta,small intestine epithelium,0.1294088512659073,0.8151924783183554,116279
pancreas endothelium,t effector cell cd8,0.12941543757915497,0.8108318838104064,116279
basophils,vascular saphenous endothelium,0.12941688299179077,0.8199512892082664,111731
effector memory cd8 t cells,embryonic stem cells,0.12944747507572174,0.8062534970558979,116095
cd8 t cells,pancreatic beta,0.1294991374015808,0.7998838709775803,116279
colon epithelium,pancreatic alpha,0.1295040398836136,0.8029011448687269,116279
MEP (bone marrow),fallopien tubes epithelium,0.12950798869132996,0.8381858169086825,58733
GMP (bone marrow),breast luminal epithelium,0.1295280009508133,0.8390153739458536,57971
lung alveolar epithelium,naive cd8 t cells,0.12961751222610474,0.8035301129842952,116279
small intestine epithelium,tonsil pharyngeal epithelium,0.1296415477991104,0.8102153510891758,116279
HSC (bone marrow),breast luminal epithelium,0.12965957820415497,0.838538157081014,58736
colon enteroendocrine,colon macrophages,0.1296711266040802,0.791978334160377,116271
lung alveolar epithelium,memory cd4 t cells,0.12967145442962646,0.7957292055631546,111295
kidney tubular epithelium,pancreatic acinar,0.12967590987682343,0.8291990612248797,116279
L-MPP (bone marrow),prostate epithelium,0.12972287833690643,0.8391160999809176,58075
colon macrophages,prostate epithelium,0.12978500127792358,0.7997393844116029,116271
naive cd8 t cells,vascular leptomeningeal cells,0.12984110414981842,0.8129916633813927,112932
heart fibroblasts,vascular endothelium,0.12986430525779724,0.8646019988685592,108992
kidney tubular endothelium,tongue epithelium,0.12995189428329468,0.7981299122510033,116279
b cells,pancreatic duct,0.1299850344657898,0.7824955402982048,116278
astrocytes,cd4 t cells,0.13000185787677765,0.7981575875884549,113244
monocytes,vascular saphenous endothelium,0.13001129031181335,0.8223747303518454,116279
smooth muscle,tonsil palatine epithelium,0.13004067540168762,0.822848207376942,116279
lung alveolar epithelium,naive b cells,0.13005007803440094,0.7962149828562112,110857
colon epithelium,pancreatic acinar,0.1300695836544037,0.8130149708768022,116279
colon enteroendocrine,pancreas endothelium,0.13008420169353485,0.8054960430186534,116279
colon enteroendocrine,colon fibroblasts,0.13009332120418549,0.8269149540986095,116277
bladder epithelium,pancreatic alpha,0.13009800016880035,0.8028256580851627,116279
pancreatic delta,tonsil pharyngeal epithelium,0.13010048866271973,0.8098604488350176,116279
fallopien tubes epithelium,hepatocyte,0.1301981806755066,0.7937333879167091,116279
cd8 t cells,vascular leptomeningeal cells,0.13021951913833618,0.8107998666404262,112932
breast basal epithelium,cardiomyocyte,0.13023929297924042,0.7886806911168305,116279
aorta endothelium,small intestine epithelium,0.13029411435127258,0.8060255936980333,116279
kidney tubular endothelium,small intestine epithelium,0.13030904531478882,0.7952322912907144,116279
cardiomyocyte,gastric fundus epithelium,0.13032127916812897,0.7951548964456091,116279
breast basal epithelium,pancreatic delta,0.13033142685890198,0.791959726564953,116279
cortical neurons,prostate epithelium,0.1303442120552063,0.8117880851133366,116279
lung alveolar epithelium,monocytes,0.13038229942321777,0.7976524937065413,116279
oligodendrocytes,prostate epithelium,0.13046576082706451,0.7968243309429324,116279
basophils,colon fibroblasts,0.13048140704631805,0.8485300961442477,111729
t effector cell cd8,vascular endothelium,0.13051310181617737,0.8159370862950732,108992
breast luminal epithelium,cardiomyocyte,0.13051612675189972,0.7950220805517161,116279
colon enteroendocrine,thyroid epithelium,0.13052669167518616,0.7905198058634484,116279
lung bronchus epithelium,vascular endothelium,0.13054493069648743,0.8183576787815738,108992
bladder epithelium,thyroid epithelium,0.1305471807718277,0.805631559230633,116279
naive b cells,pancreatic beta,0.1305551528930664,0.7960598489524324,110857
GMP (bone marrow),prostate epithelium,0.13056325912475586,0.8375442722402665,57971
fallopien tubes epithelium,microglia,0.1305830478668213,0.7936394879533533,113231
t effector memory cd4,vascular endothelium,0.1306135356426239,0.8186463505736552,108992
MEP (bone marrow),breast luminal epithelium,0.1306581050157547,0.8417187743688274,58733
MEP (bone marrow),prostate epithelium,0.1307101994752884,0.8422031762940785,58733
bladder epithelium,vascular leptomeningeal cells,0.1307622790336609,0.8061487721036404,112932
MPP (bone marrow),bladder epithelium,0.13077296316623688,0.8345350293332484,58709
adipocytes,eosinophils,0.13080556690692902,0.829491057527351,111634
colon enteroendocrine,tonsil palatine epithelium,0.1308155059814453,0.8070538691052357,116279
b cells,cortical neurons,0.13084052503108978,0.8051619892267132,116278
cd4 t cells,kidney tubular epithelium,0.13086442649364471,0.8071500566014395,116279
astrocytes,b cells,0.13089784979820251,0.792983821612692,113244
memory cd4 t cells,pancreatic beta,0.13093914091587067,0.7881550376670049,111295
basophils,pancreatic duct,0.13095805048942566,0.7762880906033538,111731
lung alveolar endothelium,memory cd4 t cells,0.13101927936077118,0.8172811440750003,111295
microglia,prostate epithelium,0.13106240332126617,0.7946692212196721,113231
breast luminal epithelium,pancreatic acinar,0.13110379874706268,0.8234360013251922,116279
CMP (bone marrow),bladder epithelium,0.13110937178134918,0.8338709745585845,58881
eosinophils,kidney glomerular endothelium,0.1311243176460266,0.8171318003043324,111634
kidney tubular epithelium,t central memory cd4,0.13116072118282318,0.7974275974549555,116279
neutrophils,t effector memory cd4,0.13116976618766785,0.8274689303346914,112208
memory cd4 t cells,striated muscle,0.13118235766887665,0.8240867723716839,111295
pancreatic acinar,striated muscle,0.1312795728445053,0.8176796605071832,116279
adipocytes,naive b cells,0.13133135437965393,0.8370228598645449,110857
breast luminal epithelium,microglia,0.13134469091892242,0.7943884598880652,113231
adipocytes,pancreatic acinar,0.13138991594314575,0.8105378983469173,116279
lung alveolar epithelium,neutrophils,0.13140636682510376,0.7937584914911645,112208
t central memory cd4,thyroid epithelium,0.13142059743404388,0.7850733171393574,116279
naive cd4 t cells,vascular saphenous endothelium,0.13143138587474823,0.8236189859711365,116278
b cells,kidney tubular epithelium,0.1314692199230194,0.8046411087463398,116278
memory cd4 t cells,vascular saphenous endothelium,0.1315186768770218,0.8116107581767088,111295
breast basal epithelium,endometrium epithelium,0.13159027695655823,0.8004421034370067,116279
eosinophils,lung alveolar epithelium,0.13162411749362946,0.7906088930739082,111634
pancreas endothelium,small intestine epithelium,0.13169075548648834,0.8025819108122743,116279
pancreatic acinar,prostate epithelium,0.1317281574010849,0.8186523249909812,116279
adipocytes,t effector cell cd8,0.13172848522663116,0.8174090255804854,116279
bladder epithelium,pancreatic beta,0.13180486857891083,0.8105461305782149,116279
lung interstitial macrophages,pancreatic delta,0.1318172961473465,0.7871254381526012,116279
cortical neurons,lung alveolar epithelium,0.1318194717168808,0.816556281773656,116279
eosinophils,t effector memory cd4,0.13185223937034607,0.824945572936957,111634
cardiomyocyte,colon macrophages,0.1318572759628296,0.7833454716740709,116271
kidney tubular epithelium,nk cells,0.13188676536083221,0.803081955295492,116279
tonsil palatine epithelium,vascular leptomeningeal cells,0.13188810646533966,0.8114623643664121,112932
monocytes,striated muscle,0.13190729916095734,0.842804414899868,116279
gastric body epithelium,vascular endothelium,0.13192996382713318,0.8162089057685539,108992
cardiomyocyte,lung alveolar macrophages,0.1319522261619568,0.7743699881230116,116279
lung alveolar macrophages,pancreatic delta,0.1319633275270462,0.7868921825570916,116279
colon fibroblasts,monocytes,0.13201849162578583,0.8566089658651483,116277
basophils,striated muscle,0.1320718228816986,0.833408550946265,111731
gastric antrum epithelium,vascular endothelium,0.13211846351623535,0.8142730702714759,108992
naive b cells,vascular leptomeningeal cells,0.1321214884519577,0.8049299611171117,107669
basophils,pancreatic beta,0.13212589919567108,0.7850975666642074,111731
cd4 t cells,hepatocyte,0.13213030993938446,0.7823023753962863,116279
thyroid epithelium,tonsil pharyngeal epithelium,0.1321326643228531,0.8219861091909189,116279
breast basal epithelium,pancreatic beta,0.1321440041065216,0.8026304445976334,116279
heart fibroblasts,tonsil pharyngeal epithelium,0.1321808099746704,0.8088726484585483,116279
memory cd4 t cells,pancreas endothelium,0.132195845246315,0.8140264475214609,111295
naive cd4 t cells,oligodendrocyte precursors,0.13220332562923431,0.7851228043275784,113239
effector memory cd8 t cells,lung alveolar endothelium,0.1322399228811264,0.8131939746252962,116276
kidney tubular endothelium,tonsil palatine epithelium,0.13226811587810516,0.8026767079560108,116279
HSC (bone marrow),bladder epithelium,0.13229797780513763,0.8321054360266029,58736
effector memory cd8 t cells,kidney glomerular endothelium,0.13230952620506287,0.8126681102592498,116276
colon enteroendocrine,pancreatic acinar,0.13231398165225983,0.8125970414661962,116279
basophils,pancreas endothelium,0.13232730329036713,0.8193092704532264,111731
endometrium epithelium,hepatocyte,0.13241450488567352,0.7984998169949558,116279
gastric fundus epithelium,vascular endothelium,0.1325114667415619,0.8151598594807572,108992
naive cd8 t cells,vascular saphenous endothelium,0.1325313001871109,0.8223390154750909,116279
hepatocyte,oligodendrocyte precursors,0.13255257904529572,0.7851125253156501,113240
aorta endothelium,basophils,0.13256673514842987,0.8194082485369651,111731
pancreas endothelium,pancreatic acinar,0.13257382810115814,0.8120733967413876,116279
naive b cells,vascular saphenous endothelium,0.132585808634758,0.8182127652350188,110857
cardiomyocyte,lung interstitial macrophages,0.1326521933078766,0.7734991236194211,116279
lung alveolar macrophages,oligodendrocytes,0.13266408443450928,0.7723010166407099,116279
lung interstitial macrophages,pancreatic alpha,0.13272830843925476,0.7801113138736745,116279
kidney glomerular endothelium,regulatory t cells,0.1327415257692337,0.8112400704026734,110772
monocytes,pancreas endothelium,0.13277550041675568,0.824075963252347,116279
bladder epithelium,colon macrophages,0.13281096518039703,0.7955818782145577,116271
cortical neurons,fallopien tubes epithelium,0.13282251358032227,0.8062252739149753,116279
pancreatic duct,tonsil palatine epithelium,0.13282619416713715,0.8125848323530064,116279
lung alveolar endothelium,regulatory t cells,0.13283421099185944,0.811221007782106,110772
basophils,lung alveolar endothelium,0.13286814093589783,0.8210646379625969,111731
pancreatic beta,regulatory t cells,0.1329161822795868,0.7836014391639736,110772
pancreatic delta,t central memory cd4,0.13293308019638062,0.7857582680669465,116279
lung alveolar macrophages,pancreatic alpha,0.1329788714647293,0.7798203657238945,116279
MEP (bone marrow),bladder epithelium,0.13298317790031433,0.8360543989839897,58733
adipocytes,naive cd4 t cells,0.13298529386520386,0.8363570830596198,116278
effector memory cd8 t cells,striated muscle,0.13300706446170807,0.8188315842884777,116276
embryonic stem cells,t effector cell cd8,0.13303227722644806,0.7913979375237342,116098
CMP (bone marrow),colon enteroendocrine,0.13303911685943604,0.8202703844069819,58881
pancreatic beta,tonsil pharyngeal epithelium,0.13304956257343292,0.8095635283219685,116279
naive cd8 t cells,oligodendrocyte precursors,0.13307152688503265,0.7847891894727599,113240
endometrium epithelium,vascular endothelium,0.1330854445695877,0.8144472021136767,108992
cd8 t cells,pancreatic duct,0.13313211500644684,0.7825406356086215,116279
hepatocyte,lung alveolar macrophages,0.13314227759838104,0.7782072282669685,116279
MPP (bone marrow),colon enteroendocrine,0.13319645822048187,0.8198688512794844,58709
L-MPP (bone marrow),bladder epithelium,0.13322865962982178,0.8311898899841056,58075
colon enteroendocrine,striated muscle,0.133230522274971,0.8084404750269482,116279
lung alveolar epithelium,regulatory t cells,0.1332339346408844,0.7886595208444338,110772
adipocytes,colon enteroendocrine,0.13324476778507233,0.8101014168174779,116279
colon fibroblasts,naive b cells,0.13335584104061127,0.8588769761442345,110855
lung interstitial macrophages,oligodendrocytes,0.13337528705596924,0.7709609050739628,116279
colon enteroendocrine,vascular leptomeningeal cells,0.13338753581047058,0.7906003508346371,112932
cardiomyocyte,lung bronchus epithelium,0.1333974152803421,0.7827624412825283,116279
kidney glomerular epithelium,pancreatic acinar,0.13347890973091125,0.814594849461286,116276
GMP (bone marrow),bladder epithelium,0.13350211083889008,0.8307663301564455,57971
fallopien tubes epithelium,lung alveolar macrophages,0.13355019688606262,0.7829510835874754,116279
kidney tubular epithelium,naive cd4 t cells,0.13365687429904938,0.8006896996909909,116278
colon fibroblasts,naive cd4 t cells,0.13374346494674683,0.8599120660809844,116276
breast basal epithelium,pancreatic alpha,0.13378623127937317,0.7801854168029172,116279
pancreatic alpha,t central memory cd4,0.13384586572647095,0.7806900557426798,116279
L-MPP (bone marrow),colon enteroendocrine,0.13389281928539276,0.8192477722349819,58075
effector memory cd8 t cells,vascular saphenous endothelium,0.13389375805854797,0.8052654041154602,116276
monocytes,pancreatic duct,0.13390584290027618,0.7694041826292657,116279
breast luminal epithelium,lung alveolar macrophages,0.13393132388591766,0.7855876161677611,116279
hepatocyte,t central memory cd4,0.13397759199142456,0.7748888684464312,116279
regulatory t cells,vascular saphenous endothelium,0.13397878408432007,0.8048710245115964,110772
MPP (bone marrow),breast basal epithelium,0.1339941769838333,0.8197289383809298,58709
aorta endothelium,monocytes,0.13402046263217926,0.822149227285394,116279
fallopien tubes epithelium,lung interstitial macrophages,0.1340295672416687,0.78095528673942,116279
neutrophils,vascular saphenous endothelium,0.13407079875469208,0.8115237305908359,112208
hepatocyte,lung interstitial macrophages,0.13408632576465607,0.7750539795666744,116279
bladder epithelium,breast basal epithelium,0.13409803807735443,0.8007577403222377,116279
small intestine epithelium,striated muscle,0.13410387933254242,0.805407910634459,116279
regulatory t cells,striated muscle,0.134158194065094,0.8160317249152235,110772
lung alveolar epithelium,oligodendrocytes,0.1341644525527954,0.7966525528156112,116279
naive cd4 t cells,pancreas endothelium,0.13418284058570862,0.8252622321375833,116278
basophils,vascular leptomeningeal cells,0.13418328762054443,0.7969270524009188,108521
astrocytes,monocytes,0.13418592512607574,0.7815195358355771,113244
adipocytes,naive cd8 t cells,0.1341862678527832,0.8357434350713457,116279
cd8 t cells,thyroid epithelium,0.13421760499477386,0.79049106833692,116279
CMP (bone marrow),gastric antrum epithelium,0.13422024250030518,0.8248950206007022,58881
effector memory cd8 t cells,pancreas endothelium,0.13423387706279755,0.8083653540152814,116276
breast luminal epithelium,lung interstitial macrophages,0.13431338965892792,0.7836705519099159,116279
adipocytes,small intestine epithelium,0.1343209147453308,0.8075701862079636,116279
kidney glomerular epithelium,t central memory cd4,0.1343541443347931,0.7904047867522374,116276
lung alveolar macrophages,prostate epithelium,0.1343613564968109,0.7859602647606159,116279
CMP (bone marrow),breast basal epithelium,0.13437792658805847,0.8191867175613522,58881
breast basal epithelium,colon fibroblasts,0.1344301998615265,0.8297796020546178,116277
tonsil pharyngeal epithelium,vascular endothelium,0.1344490498304367,0.8186806490899459,108992
endometrium epithelium,pancreatic acinar,0.13445517420768738,0.8061837009050873,116279
lung alveolar endothelium,monocytes,0.1344606876373291,0.823167202452623,116279
neutrophils,striated muscle,0.13448117673397064,0.8348834121922326,112208
MPP (bone marrow),gastric antrum epithelium,0.13449236750602722,0.8249834439334957,58709
pancreatic acinar,vascular endothelium,0.13450004160404205,0.8069141154761951,108992
pancreatic acinar,vascular saphenous endothelium,0.1345067024230957,0.8052267212531002,116279
cd8 t cells,cortical neurons,0.134514719247818,0.8031758173914266,116279
HSC (bone marrow),colon enteroendocrine,0.1345449835062027,0.8174881579040295,58736
effector memory cd8 t cells,lung alveolar epithelium,0.134584441781044,0.7865292970045678,116276
cd4 t cells,kidney glomerular epithelium,0.1345914751291275,0.7982353349085926,116276
GMP (bone marrow),colon enteroendocrine,0.13459192216396332,0.8180314056404716,57971
kidney tubular epithelium,naive cd8 t cells,0.13460400700569153,0.7999932840902563,116279
bladder epithelium,hepatocyte,0.13461218774318695,0.790131356650229,116279
pancreatic delta,tongue epithelium,0.13462698459625244,0.7885483055548842,116279
L-MPP (bone marrow),breast basal epithelium,0.13465465605258942,0.819008187987024,58075
pancreatic alpha,tonsil pharyngeal epithelium,0.1346580535173416,0.7990480769349951,116279
pancreas endothelium,regulatory t cells,0.13465842604637146,0.807119967505073,110772
monocytes,vascular leptomeningeal cells,0.13468770682811737,0.7996790704895971,112932
MEP (bone marrow),colon enteroendocrine,0.13474011421203613,0.8225242161692123,58733
colon macrophages,oligodendrocytes,0.13476693630218506,0.779886131541597,116271
cd4 t cells,pancreatic delta,0.13479873538017273,0.7915183499150273,116279
cd8 t cells,hepatocyte,0.13483773171901703,0.778403429419182,116279
colon fibroblasts,naive cd8 t cells,0.13483870029449463,0.8601717184335178,116277
naive b cells,pancreas endothelium,0.1348871886730194,0.8214634395156801,110857
thyroid epithelium,tonsil palatine epithelium,0.13495920598506927,0.8128939644634736,116279
b cells,kidney glomerular epithelium,0.13496430218219757,0.7965457167349801,116275
pancreatic beta,t central memory cd4,0.13497194647789001,0.7896821374053071,116279
lung alveolar epithelium,t central memory cd4,0.1349906027317047,0.7944668066219541,116279
cortical neurons,t central memory cd4,0.13502541184425354,0.7933426842675668,116279
astrocytes,endometrium epithelium,0.13504765927791595,0.8014593307145291,113244
bladder epithelium,vascular endothelium,0.13507325947284698,0.8105775129710695,108992
naive cd8 t cells,pancreas endothelium,0.1351015567779541,0.8244423235524875,116279
cortical neurons,hepatocyte,0.13510288298130035,0.7911278962159293,116279
nk cells,oligodendrocyte precursors,0.13510602712631226,0.7826429801053896,113240
colon enteroendocrine,vascular endothelium,0.1351359784603119,0.800414976137312,108992
cd4 t cells,oligodendrocyte precursors,0.13516947627067566,0.7850835332465719,113240
colon epithelium,kidney glomerular endothelium,0.13520175218582153,0.7934400354452935,116279
colon epithelium,tongue epithelium,0.13521705567836761,0.7917350667158379,116279
colon epithelium,kidney tubular endothelium,0.1352289319038391,0.7854897890302426,116279
effector memory cd8 t cells,pancreatic beta,0.1353444755077362,0.7797652919627758,116276
eosinophils,vascular saphenous endothelium,0.13537000119686127,0.8071233705042579,111634
CMP (bone marrow),gastric body epithelium,0.1353801190853119,0.8243201687005574,58881
GMP (bone marrow),breast basal epithelium,0.13540561497211456,0.8178492861322547,57971
HSC (bone marrow),breast basal epithelium,0.13541583716869354,0.8171835682455334,58736
lung alveolar macrophages,pancreatic beta,0.1354573518037796,0.7912552360178695,116279
MEP (bone marrow),gastric antrum epithelium,0.13546814024448395,0.82979170193739,58733
tongue epithelium,vascular endothelium,0.135484978556633,0.8081472957823778,108992
colon epithelium,vascular saphenous endothelium,0.13549306988716125,0.7931397410809861,116279
astrocytes,basophils,0.13550037145614624,0.7793736263399552,108818
pancreatic acinar,smooth muscle,0.1355207860469818,0.806769303498621,116279
heart fibroblasts,tonsil palatine epithelium,0.13553807139396667,0.8005449551321138,116279
cortical neurons,monocytes,0.13558976352214813,0.7906479775374335,116279
bladder epithelium,microglia,0.13560615479946136,0.7851692626683171,113231
colon macrophages,gastric antrum epithelium,0.1356172412633896,0.782487001566551,116271
MPP (bone marrow),gastric body epithelium,0.1356491893529892,0.8244138555666168,58709
eosinophils,pancreatic duct,0.13566525280475616,0.7644141400196653,111634
embryonic stem cells,t effector memory cd4,0.13567596673965454,0.7926094948578242,116098
colon macrophages,gastric fundus epithelium,0.13568523526191711,0.7846315655939176,116271
basophils,cortical neurons,0.13569290935993195,0.7907159268392909,111731
kidney tubular epithelium,naive b cells,0.13570347428321838,0.7951540775896164,110857
adipocytes,memory b cells,0.1357036530971527,0.8043354334356839,116278
kidney glomerular epithelium,nk cells,0.1357259452342987,0.7936564386049952,116276
colon epithelium,thyroid epithelium,0.13573560118675232,0.7823263947853054,116279
colon epithelium,lung alveolar endothelium,0.13574627041816711,0.7992021174819833,116279
small intestine epithelium,thyroid epithelium,0.13575467467308044,0.7836698087923707,116279
HSC (bone marrow),gastric antrum epithelium,0.1358114331960678,0.8226549902152864,58736
colon macrophages,small intestine epithelium,0.13581432402133942,0.7815052526660544,116271
lung interstitial macrophages,prostate epithelium,0.13581708073616028,0.7829020204204619,116279
lung bronchus epithelium,oligodendrocyte precursors,0.1358197033405304,0.7877801426144685,113240
lung interstitial macrophages,pancreatic beta,0.13586245477199554,0.791131928339068,116279
hepatocyte,nk cells,0.1358765810728073,0.773715132524276,116279
cd4 t cells,pancreatic alpha,0.13588081300258636,0.7864603482108262,116279
fallopien tubes epithelium,pancreatic acinar,0.1358928233385086,0.8016382918018904,116279
colon macrophages,gastric body epithelium,0.1359281688928604,0.7835232645197698,116271
colon fibroblasts,neutrophils,0.13597138226032257,0.8427624891099884,112206
astrocytes,lung bronchus epithelium,0.13597501814365387,0.7991920221459283,113244
naive b cells,oligodendrocyte precursors,0.13598252832889557,0.7758645713692244,107951
bladder epithelium,pancreatic acinar,0.1359923928976059,0.7995420755938544,116279
astrocytes,cd8 t cells,0.13600321114063263,0.7889764720700179,113244
monocytes,thyroid epithelium,0.13600824773311615,0.773565706678411,116279
pancreatic duct,t central memory cd4,0.1360301673412323,0.7757594457377388,116279
kidney glomerular endothelium,pancreatic acinar,0.13604360818862915,0.8035525136780101,116279
cd8 t cells,kidney tubular epithelium,0.13604910671710968,0.7981941541917675,116279
CMP (bone marrow),gastric fundus epithelium,0.1361212581396103,0.8236220020998732,58881
MEP (bone marrow),breast basal epithelium,0.13616520166397095,0.8195630336974435,58733
eosinophils,striated muscle,0.13619020581245422,0.8281778759226995,111634
astrocytes,t central memory cd4,0.13622735440731049,0.7784890047332699,113244
gastric fundus epithelium,microglia,0.1362331062555313,0.7823919728204738,113231
CMP (bone marrow),small intestine epithelium,0.13625603914260864,0.8167767777487867,58881
pancreatic delta,tonsil palatine epithelium,0.13629308342933655,0.7930418077325443,116279
hepatocyte,oligodendrocytes,0.13632678985595703,0.7760249487641283,116279
gastric body epithelium,microglia,0.13633139431476593,0.7815413607675387,113231
memory cd4 t cells,vascular leptomeningeal cells,0.13635262846946716,0.7950993754677887,108100
hepatocyte,naive cd4 t cells,0.13636793196201324,0.772349636115846,116278
L-MPP (bone marrow),gastric antrum epithelium,0.1363956183195114,0.8219843428470553,58075
MPP (bone marrow),gastric fundus epithelium,0.13643014430999756,0.8237612791369171,58709
gastric antrum epithelium,microglia,0.13643939793109894,0.7795216275400392,113231
b cells,oligodendrocyte precursors,0.13644739985466003,0.7797779969960005,113240
pancreatic beta,tongue epithelium,0.13645672798156738,0.7947796215240058,116279
MPP (bone marrow),small intestine epithelium,0.13646668195724487,0.8169296325156246,58709
neutrophils,pancreas endothelium,0.13651113212108612,0.8130635435852128,112208
embryonic stem cells,prostate epithelium,0.13661542534828186,0.7923094654138263,116098
aorta endothelium,naive cd4 t cells,0.13661794364452362,0.8214657872777192,116278
CMP (bone marrow),lung bronchus epithelium,0.13665291666984558,0.8234542098991839,58881
GMP (bone marrow),gastric antrum epithelium,0.13666211068630219,0.8206102434487509,57971
colon macrophages,endometrium epithelium,0.13666962087154388,0.7832467078869219,116271
lung alveolar endothelium,naive cd4 t cells,0.13672074675559998,0.8232997493562068,116278
MEP (bone marrow),gastric body epithelium,0.1367327868938446,0.82902824124776,58733
MPP (bone marrow),lung bronchus epithelium,0.1367512345314026,0.8246890882238078,58709
colon fibroblasts,eosinophils,0.13679008185863495,0.8389078145910247,111632
lung bronchus epithelium,microglia,0.13679900765419006,0.7826055248458647,113231
CMP (bone marrow),pancreatic acinar,0.1368045061826706,0.8178622126491633,58881
neutrophils,pancreatic duct,0.1368046998977661,0.7630100819203107,112208
colon epithelium,colon fibroblasts,0.13693980872631073,0.8142450017045803,116277
adipocytes,colon epithelium,0.13694030046463013,0.7976180948305917,116279
endometrium epithelium,oligodendrocyte precursors,0.13699324429035187,0.7876475790738146,113240
HSC (bone marrow),gastric body epithelium,0.13701744377613068,0.8220372578529046,58736
colon macrophages,lung bronchus epithelium,0.1370219737291336,0.7860954072633805,116271
hepatocyte,naive cd8 t cells,0.1370365470647812,0.7722280628997799,116279
aorta endothelium,colon epithelium,0.13708119094371796,0.7938529339839357,116279
nk cells,pancreatic delta,0.13708481192588806,0.7857693086572065,116279
naive b cells,striated muscle,0.13711127638816833,0.8332760877794383,110857
embryonic stem cells,fallopien tubes epithelium,0.13712623715400696,0.7933426904116152,116098
breast luminal epithelium,t central memory cd4,0.137154221534729,0.7801305986247551,116279
MPP (bone marrow),pancreatic acinar,0.13715922832489014,0.8190919767211223,58709
small intestine epithelium,vascular leptomeningeal cells,0.13716574013233185,0.7845742519044719,112932
colon enteroendocrine,microglia,0.13717131316661835,0.7741323059010021,113231
breast luminal epithelium,embryonic stem cells,0.13719365000724792,0.7913197248857329,116098
basophils,thyroid epithelium,0.13728894293308258,0.7733986074670658,111731
naive cd4 t cells,striated muscle,0.13737528026103973,0.8346002710385126,116278
CMP (bone marrow),endometrium epithelium,0.13739971816539764,0.8191562343328843,58881
MPP (bone marrow),endometrium epithelium,0.13749514520168304,0.8195291049095185,58709
erythrocyte progenitors,smooth muscle,0.1375422328710556,0.8105411772882846,116279
L-MPP (bone marrow),gastric body epithelium,0.1375560760498047,0.8215118083912145,58075
b cells,hepatocyte,0.1375594288110733,0.7678707375759812,116278
aorta endothelium,naive cd8 t cells,0.1375971883535385,0.8205769542789656,116279
L-MPP (bone marrow),small intestine epithelium,0.13760638236999512,0.8148477793732891,58075
prostate epithelium,smooth muscle,0.1376718133687973,0.8321119999715327,116279
kidney glomerular epithelium,smooth muscle,0.13769632577896118,0.836112358641038,116276
MEP (bone marrow),small intestine epithelium,0.13773517310619354,0.8198600879664586,58733
kidney tubular epithelium,smooth muscle,0.1377507448196411,0.84036174955184,116279
lung alveolar endothelium,naive cd8 t cells,0.13775645196437836,0.8221324327983763,116279
HSC (bone marrow),gastric fundus epithelium,0.13775718212127686,0.8214548278188779,58736
b cells,pancreatic delta,0.13778796792030334,0.7835147580174205,116278
GMP (bone marrow),gastric body epithelium,0.13780473172664642,0.8201703809085127,57971
astrocytes,neutrophils,0.1378050446510315,0.7740701491590669,109287
MEP (bone marrow),gastric fundus epithelium,0.13781867921352386,0.8281452472804267,58733
aorta endothelium,naive b cells,0.13783015310764313,0.8151970419899375,110857
HSC (bone marrow),small intestine epithelium,0.1379179060459137,0.8143948774242449,58736
eosinophils,pancreas endothelium,0.13798968493938446,0.8076544100960483,111634
eosinophils,pancreatic beta,0.13799388706684113,0.7749178956318554,111634
pancreatic alpha,tongue epithelium,0.13799619674682617,0.7800756683831951,116279
naive cd4 t cells,oligodendrocytes,0.13802091777324677,0.7712504275229505,116278
smooth muscle,tongue epithelium,0.13802172243595123,0.8139790354451997,116279
breast basal epithelium,embryonic stem cells,0.13806961476802826,0.7832747305897935,116098
GMP (bone marrow),small intestine epithelium,0.13807247579097748,0.8138421975113798,57971
lung alveolar endothelium,neutrophils,0.13808149099349976,0.8125480727045812,112208
aorta endothelium,neutrophils,0.1381121277809143,0.8101168473024893,112208
pancreatic beta,tonsil palatine epithelium,0.13814768195152283,0.7963827999470567,116279
nk cells,pancreatic alpha,0.13815724849700928,0.7803690938386234,116279
t effector cell cd8,vascular leptomeningeal cells,0.13819155097007751,0.7831197563454938,112932
lung alveolar endothelium,naive b cells,0.13819895684719086,0.8165263951820435,110857
naive cd4 t cells,pancreatic delta,0.13821576535701752,0.7867760056078037,116278
colon enteroendocrine,lung alveolar macrophages,0.13821764290332794,0.7673103656630003,116279
neutrophils,vascular leptomeningeal cells,0.13823740184307098,0.7905882077393789,108990
t effector memory cd4,vascular leptomeningeal cells,0.1382465362548828,0.7874684328716841,112932
HSC (bone marrow),lung bronchus epithelium,0.13834893703460693,0.8220772447983555,58736
naive cd8 t cells,striated muscle,0.13836103677749634,0.8341820872064397,116279
colon epithelium,colon macrophages,0.13837280869483948,0.7739497742218064,116271
gastric fundus epithelium,smooth muscle,0.13838429749011993,0.808009978515329,116279
breast basal epithelium,colon macrophages,0.13840699195861816,0.7735838086610392,116271
L-MPP (bone marrow),gastric fundus epithelium,0.1384129822254181,0.8209433511563544,58075
gastric fundus epithelium,heart fibroblasts,0.13842380046844482,0.7969749037637301,116279
kidney glomerular epithelium,naive cd4 t cells,0.13845191895961761,0.7898575696981992,116275
L-MPP (bone marrow),endometrium epithelium,0.13849382102489471,0.8182851641688819,58075
cd4 t cells,colon epithelium,0.1385115087032318,0.7619415539632096,116279
breast basal epithelium,microglia,0.13852190971374512,0.7743279237097639,113231
naive cd4 t cells,pancreatic alpha,0.13853473961353302,0.7814115529656995,116278
monocytes,pancreatic beta,0.13853862881660461,0.7775309420570846,116279
GMP (bone marrow),gastric fundus epithelium,0.138550266623497,0.819679448857017,57971
GMP (bone marrow),lung bronchus epithelium,0.13856478035449982,0.8215728395207358,57971
colon epithelium,pancreas endothelium,0.13858242332935333,0.7902413788458191,116279
breast basal epithelium,colon enteroendocrine,0.13859006762504578,0.7701604309516447,116279
breast basal epithelium,lung alveolar macrophages,0.138597309589386,0.7634776918958815,116279
lung bronchus epithelium,smooth muscle,0.1386040449142456,0.8117097267929038,116279
colon epithelium,tonsil pharyngeal epithelium,0.13861343264579773,0.7988438897336201,116279
colon enteroendocrine,lung interstitial macrophages,0.13863547146320343,0.7657227296331627,116279
HSC (bone marrow),pancreatic acinar,0.13864955306053162,0.816441939105119,58736
b cells,pancreatic alpha,0.1386702060699463,0.7785257371644754,116278
pancreatic acinar,vascular leptomeningeal cells,0.13867168128490448,0.8002085952684637,112932
GMP (bone marrow),endometrium epithelium,0.1387142837047577,0.8176942560005164,57971
L-MPP (bone marrow),lung bronchus epithelium,0.13871680200099945,0.8218112770080188,58075
astrocytes,eosinophils,0.13873158395290375,0.7719153767795824,108721
naive cd8 t cells,pancreatic delta,0.13877587020397186,0.786292426998856,116279
basophils,kidney tubular epithelium,0.13878369331359863,0.7840436261928831,111731
naive cd8 t cells,oligodendrocytes,0.1387999951839447,0.7706486099967976,116279
hepatocyte,lung bronchus epithelium,0.13884061574935913,0.7826437406240052,116279
tonsil palatine epithelium,vascular endothelium,0.13884839415550232,0.807439931485128,108992
lung bronchus epithelium,pancreatic acinar,0.13886144757270813,0.7900728688708596,116279
bladder epithelium,lung alveolar macrophages,0.13887710869312286,0.7811090522582279,116279
HSC (bone marrow),endometrium epithelium,0.13891057670116425,0.8171870763671413,58736
fallopien tubes epithelium,t central memory cd4,0.13892200589179993,0.7720359814645733,116279
oligodendrocyte precursors,t central memory cd4,0.13892658054828644,0.7695587361173237,113240
breast basal epithelium,lung interstitial macrophages,0.1389506459236145,0.761582285725796,116279
MEP (bone marrow),lung bronchus epithelium,0.13895070552825928,0.8257770564094354,58733
cd8 t cells,pancreatic delta,0.13895249366760254,0.7836854324288762,116279
cortical neurons,neutrophils,0.13896770775318146,0.78264749133502,112208
cortical neurons,eosinophils,0.1389794647693634,0.7826762453719405,111634
kidney tubular endothelium,pancreatic acinar,0.13901913166046143,0.7932348609132882,116279
L-MPP (bone marrow),pancreatic acinar,0.13908590376377106,0.8162104786030905,58075
kidney tubular epithelium,monocytes,0.1391003429889679,0.7845501515754618,116279
naive cd8 t cells,pancreatic alpha,0.13910774886608124,0.7810460170055321,116279
smooth muscle,t effector memory cd4,0.13914406299591064,0.8055584725758455,116279
eosinophils,vascular leptomeningeal cells,0.13915961980819702,0.7874067040966626,108427
endometrium epithelium,oligodendrocytes,0.13918152451515198,0.784251508387051,116279
colon epithelium,vascular leptomeningeal cells,0.1391894817352295,0.7803945164488727,112932
cardiomyocyte,nk cells,0.13932211697101593,0.7724908368509388,116279
pancreatic acinar,tonsil pharyngeal epithelium,0.13933414220809937,0.786225359622596,116279
eosinophils,lung alveolar endothelium,0.13937610387802124,0.8076920111495975,111634
kidney glomerular epithelium,naive cd8 t cells,0.1393929272890091,0.7892444173307367,116276
neutrophils,pancreatic beta,0.1394074410200119,0.7723417101258219,112208
aorta endothelium,eosinophils,0.13941603899002075,0.8053532944564994,111634
microglia,small intestine epithelium,0.13942518830299377,0.7709165183737162,113231
breast basal epithelium,gastric antrum epithelium,0.1394258588552475,0.7795452995784522,116279
colon macrophages,tonsil pharyngeal epithelium,0.13944849371910095,0.7918626821955944,116271
colon epithelium,tonsil palatine epithelium,0.13951459527015686,0.792637487703528,116279
aorta endothelium,memory b cells,0.13952550292015076,0.792296127529996,116278
prostate epithelium,t central memory cd4,0.13956446945667267,0.7764667382168018,116279
colon enteroendocrine,t central memory cd4,0.13963527977466583,0.7668471324629689,116279
cd8 t cells,kidney glomerular epithelium,0.1397068351507187,0.7895892147806719,116276
memory cd4 t cells,pancreatic duct,0.1397802233695984,0.7681323001069718,111295
neutrophils,thyroid epithelium,0.139785498380661,0.7662776791230307,112208
kidney glomerular epithelium,naive b cells,0.13983602821826935,0.7853539023178411,110854
MEP (bone marrow),endometrium epithelium,0.13986288011074066,0.8204175945022653,58733
GMP (bone marrow),pancreatic acinar,0.13986343145370483,0.8136444558506456,57971
gastric body epithelium,heart fibroblasts,0.1399165540933609,0.7961358343255258,116279
cd8 t cells,pancreatic alpha,0.1399218589067459,0.7788140638432951,116279
pancreatic alpha,tonsil palatine epithelium,0.13993112742900848,0.7845374045380946,116279
breast basal epithelium,gastric body epithelium,0.1400342881679535,0.779690201195617,116279
bladder epithelium,t central memory cd4,0.14008589088916779,0.7778973580458589,116279
cardiomyocyte,tongue epithelium,0.14009062945842743,0.770122624084797,116279
small intestine epithelium,vascular endothelium,0.14012031257152557,0.7927634539182569,108992
pancreatic acinar,thyroid epithelium,0.1401539295911789,0.8029086798271208,116279
astrocytes,tongue epithelium,0.1402020901441574,0.7903886311104217,113244
regulatory t cells,vascular leptomeningeal cells,0.14021678268909454,0.7869346622872967,107577
heart fibroblasts,pancreatic acinar,0.14030560851097107,0.7880587148793824,116279
bladder epithelium,smooth muscle,0.14036579430103302,0.8140552970770589,116279
fallopien tubes epithelium,smooth muscle,0.14039847254753113,0.8249168623035713,116279
cardiomyocyte,cd4 t cells,0.14042672514915466,0.7706600610073846,116279
effector memory cd8 t cells,vascular leptomeningeal cells,0.14042872190475464,0.7873442861342362,112929
memory b cells,striated muscle,0.14044922590255737,0.8012052929787914,116278
oligodendrocyte precursors,tongue epithelium,0.1404724419116974,0.7774138968383364,113240
bladder epithelium,lung interstitial macrophages,0.14048480987548828,0.7777450602852879,116279
cd8 t cells,oligodendrocyte precursors,0.14050106704235077,0.7768231620533513,113240
gastric body epithelium,smooth muscle,0.14051738381385803,0.8056206500948122,116279
hepatocyte,memory cd4 t cells,0.14057588577270508,0.7653121021181833,111295
bladder epithelium,cardiomyocyte,0.14059355854988098,0.7684094912251692,116279
endometrium epithelium,microglia,0.1406242400407791,0.775012963352526,113231
kidney tubular endothelium,memory b cells,0.14062687754631042,0.7922179799604527,116278
lung alveolar epithelium,smooth muscle,0.14066685736179352,0.8216024311406297,116279
gastric fundus epithelium,t central memory cd4,0.1406823694705963,0.7685544044645138,116279
CMP (bone marrow),tongue epithelium,0.1407436579465866,0.8125239887588699,58881
eosinophils,thyroid epithelium,0.14079774916172028,0.7641924220288157,111634
colon enteroendocrine,oligodendrocyte precursors,0.14080137014389038,0.762870049872748,113240
MPP (bone marrow),tongue epithelium,0.14084210991859436,0.8138336373479826,58709
colon enteroendocrine,embryonic stem cells,0.1408984661102295,0.771462832050599,116098
MEP (bone marrow),pancreatic acinar,0.14089900255203247,0.8197808553613979,58733
small intestine epithelium,t central memory cd4,0.14098651707172394,0.7655475256575028,116279
cd4 t cells,oligodendrocytes,0.14104008674621582,0.770874477757201,116279
nk cells,oligodendrocytes,0.1411062777042389,0.768121092594665,116279
b cells,colon epithelium,0.14113233983516693,0.7528252962279512,116278
gastric antrum epithelium,oligodendrocyte precursors,0.1411546915769577,0.7750449324053007,113240
gastric body epithelium,oligodendrocyte precursors,0.14128369092941284,0.7768827952809781,113240
astrocytes,gastric antrum epithelium,0.14132295548915863,0.7847808595724597,113244
colon epithelium,striated muscle,0.1413453221321106,0.7933932850870328,116279
hepatocyte,naive b cells,0.14136675000190735,0.7573006025049046,110857
breast basal epithelium,gastric fundus epithelium,0.14137612283229828,0.7778041832932536,116279
gastric antrum epithelium,heart fibroblasts,0.14138956367969513,0.7937201835838604,116279
cd8 t cells,colon epithelium,0.14148569107055664,0.7579240481467429,116279
colon fibroblasts,erythrocyte progenitors,0.14154428243637085,0.8614110230840527,116277
astrocytes,colon enteroendocrine,0.14155174791812897,0.7663843179863459,113244
astrocytes,gastric body epithelium,0.14160417020320892,0.7865870743279407,113244
basophils,oligodendrocyte precursors,0.14166317880153656,0.7645042676637771,108812
lung bronchus epithelium,oligodendrocytes,0.1416996866464615,0.7732782883392014,116279
microglia,tonsil pharyngeal epithelium,0.14175763726234436,0.7840902644439809,113231
cardiomyocyte,naive cd4 t cells,0.14176204800605774,0.7674861226565545,116278
gastric body epithelium,t central memory cd4,0.14177697896957397,0.7661588738043965,116279
naive b cells,pancreatic delta,0.14178191125392914,0.7755227035926376,110857
breast luminal epithelium,cd4 t cells,0.14181677997112274,0.78068157791489,116279
CMP (bone marrow),tonsil pharyngeal epithelium,0.14184026420116425,0.822631690978107,58881
colon epithelium,embryonic stem cells,0.14184404909610748,0.7684068517540241,116098
cardiomyocyte,small intestine epithelium,0.14186328649520874,0.7618162282510775,116279
breast basal epithelium,hepatocyte,0.1419835388660431,0.7665324645884006,116279
kidney glomerular epithelium,monocytes,0.1420033574104309,0.777656313421535,116276
monocytes,oligodendrocyte precursors,0.14203204214572906,0.7644838325779995,113240
lung alveolar macrophages,lung bronchus epithelium,0.14206311106681824,0.7745701198460846,116279
endometrium epithelium,smooth muscle,0.1420639008283615,0.81496785737078,116279
pancreatic duct,regulatory t cells,0.14207129180431366,0.7631707698580313,110772
naive b cells,pancreatic alpha,0.14213328063488007,0.7703222219500431,110857
hepatocyte,regulatory t cells,0.14213620126247406,0.7612127645558815,110772
cardiomyocyte,pancreatic acinar,0.14216245710849762,0.787358812433618,116279
pancreatic acinar,tonsil palatine epithelium,0.14220301806926727,0.7770033453888137,116279
pancreatic beta,smooth muscle,0.14220887422561646,0.8146422486193153,116279
cortical neurons,memory cd4 t cells,0.1422707885503769,0.7871089013001955,111295
cardiomyocyte,heart fibroblasts,0.1422891616821289,0.8149929342670165,116279
cardiomyocyte,t central memory cd4,0.1423618048429489,0.758011273411722,116279
HSC (bone marrow),tongue epithelium,0.14242343604564667,0.8111010449226297,58736
b cells,cardiomyocyte,0.14245544373989105,0.7645811643122782,116278
L-MPP (bone marrow),tongue epithelium,0.14247724413871765,0.8113318015932008,58075
MPP (bone marrow),tonsil pharyngeal epithelium,0.14247989654541016,0.8229441326695769,58709
gastric antrum epithelium,smooth muscle,0.14250873029232025,0.8015536206699241,116279
hepatocyte,t effector memory cd4,0.1425173431634903,0.7613864415734383,116279
kidney tubular epithelium,neutrophils,0.14252223074436188,0.7760395032854094,112208
basophils,hepatocyte,0.1425265073776245,0.7561035390410755,111731
GMP (bone marrow),tongue epithelium,0.1425391435623169,0.8108373511999074,57971
gastric fundus epithelium,oligodendrocyte precursors,0.1425396353006363,0.7747322281310738,113240
colon macrophages,tongue epithelium,0.1425529569387436,0.7689662382378499,116271
basophils,kidney glomerular epithelium,0.14259853959083557,0.773884279904462,111728
cardiomyocyte,colon enteroendocrine,0.14264726638793945,0.7560797307070813,116279
naive b cells,oligodendrocytes,0.14264896512031555,0.7598547383307295,110857
heart fibroblasts,lung bronchus epithelium,0.14266303181648254,0.7914188783292,116279
basophils,cardiomyocyte,0.14269958436489105,0.76351064336113,111731
kidney tubular epithelium,t effector memory cd4,0.1427544802427292,0.7777693570964782,116279
cardiomyocyte,naive cd8 t cells,0.14275696873664856,0.7665443963502514,116279
kidney tubular epithelium,memory cd4 t cells,0.14275901019573212,0.7832358765885192,111295
effector memory cd8 t cells,hepatocyte,0.14277046918869019,0.7616192024651895,116276
breast luminal epithelium,smooth muscle,0.14281338453292847,0.8255324506125122,116279
pancreatic delta,smooth muscle,0.14284537732601166,0.8127906373945393,116279
gastric antrum epithelium,t central memory cd4,0.14287437498569489,0.7632534245475997,116279
astrocytes,gastric fundus epithelium,0.14292454719543457,0.7848224493073424,113244
eosinophils,kidney tubular epithelium,0.14295053482055664,0.774671862987504,111634
lung alveolar endothelium,memory b cells,0.14295414090156555,0.7878419292201024,116278
b cells,oligodendrocytes,0.1430143415927887,0.7637972005294166,116278
fallopien tubes epithelium,heart fibroblasts,0.14303208887577057,0.8058485323806254,116279
cardiomyocyte,endometrium epithelium,0.14313897490501404,0.7649732232666964,116279
hepatocyte,tonsil pharyngeal epithelium,0.14315655827522278,0.7793184389388466,116279
hepatocyte,t effector cell cd8,0.14317908883094788,0.7565126771831262,116279
heart fibroblasts,tongue epithelium,0.14323562383651733,0.7909563733039918,116279
colon epithelium,nk cells,0.14328470826148987,0.749574920476838,116279
microglia,tongue epithelium,0.1433415412902832,0.7651887592751678,113231
GMP (bone marrow),tonsil pharyngeal epithelium,0.14337749779224396,0.8219160446602938,57971
pancreatic delta,t effector memory cd4,0.1433926522731781,0.7668108655697289,116279
MEP (bone marrow),tongue epithelium,0.14340895414352417,0.8143691051537373,58733
kidney glomerular endothelium,memory b cells,0.1434122771024704,0.7888500404670633,116278
lung bronchus epithelium,lung interstitial macrophages,0.1434309482574463,0.7708330684897428,116279
endometrium epithelium,t central memory cd4,0.14343897998332977,0.7651149945369949,116279
cd4 t cells,prostate epithelium,0.14345002174377441,0.7772885748464177,116279
colon epithelium,microglia,0.14346061646938324,0.7611138010134518,113231
hepatocyte,monocytes,0.1434704214334488,0.7555012121154132,116279
kidney tubular epithelium,t effector cell cd8,0.1436387002468109,0.7718399250559796,116279
lung alveolar epithelium,t effector memory cd4,0.14370976388454437,0.7773587105137072,116279
basophils,pancreatic delta,0.14374077320098877,0.7680019784738805,111731
lung alveolar macrophages,small intestine epithelium,0.14375892281532288,0.7598070128286875,116279
memory cd4 t cells,thyroid epithelium,0.1438411921262741,0.7734521760514825,111295
oligodendrocytes,t central memory cd4,0.14386853575706482,0.7573160609474052,116279
colon epithelium,naive cd4 t cells,0.1438763290643692,0.7470388528758304,116278
t central memory cd4,tonsil pharyngeal epithelium,0.1438828557729721,0.7781571972280994,116279
HSC (bone marrow),tonsil pharyngeal epithelium,0.1440516859292984,0.8201703338494083,58736
lung interstitial macrophages,small intestine epithelium,0.1441226303577423,0.7576634625103619,116279
gastric antrum epithelium,lung alveolar macrophages,0.1442422866821289,0.7647222345007368,116279
effector memory cd8 t cells,pancreatic duct,0.14425787329673767,0.7599256156676484,116276
L-MPP (bone marrow),tonsil pharyngeal epithelium,0.14425939321517944,0.8212083722633119,58075
pancreatic beta,t effector memory cd4,0.1442783921957016,0.7693783707284202,116279
memory b cells,pancreas endothelium,0.14428676664829254,0.7857975198840027,116278
cd4 t cells,colon enteroendocrine,0.14429226517677307,0.7657020858521764,116279
heart fibroblasts,kidney glomerular epithelium,0.14434580504894257,0.8094048959427812,116276
cd4 t cells,fallopien tubes epithelium,0.14437313377857208,0.7717267160121183,116279
pancreatic alpha,t effector memory cd4,0.14441043138504028,0.7625054957486272,116279
endometrium epithelium,lung alveolar macrophages,0.1444316804409027,0.7657875039077396,116279
colon epithelium,naive cd8 t cells,0.14448842406272888,0.74647470944322,116279
embryonic stem cells,gastric body epithelium,0.14453591406345367,0.7797495452955264,116098
cardiomyocyte,tonsil pharyngeal epithelium,0.14457041025161743,0.7729256349953586,116279
embryonic stem cells,gastric antrum epithelium,0.14458957314491272,0.7774230735423219,116098
embryonic stem cells,gastric fundus epithelium,0.14471255242824554,0.7801866292281913,116098
pancreatic delta,t effector cell cd8,0.1447845697402954,0.7604969249335928,116279
gastric fundus epithelium,t effector memory cd4,0.14480827748775482,0.7591586155823397,116279
gastric antrum epithelium,lung interstitial macrophages,0.14485274255275726,0.7623979500823743,116279
lung alveolar epithelium,memory b cells,0.14486220479011536,0.7626460200066474,116278
basophils,pancreatic alpha,0.14489875733852386,0.7625889367478087,111731
colon epithelium,lung alveolar macrophages,0.14491145312786102,0.7527515420618037,116279
bladder epithelium,t effector memory cd4,0.1449127048254013,0.770220953771664,116279
t effector memory cd4,tonsil pharyngeal epithelium,0.14496101438999176,0.7709879821739507,116279
memory b cells,vascular saphenous endothelium,0.1449895203113556,0.7804101304294402,116278
hepatocyte,tongue epithelium,0.14502614736557007,0.7639005264430426,116279
cardiomyocyte,naive b cells,0.145064577460289,0.7581501958812304,110857
pancreatic acinar,tongue epithelium,0.14507070183753967,0.7712331694844392,116279
MEP (bone marrow),tonsil pharyngeal epithelium,0.14508332312107086,0.8245477076268053,58733
astrocytes,memory cd4 t cells,0.14509783685207367,0.7715164649427745,108394
CMP (bone marrow),tonsil palatine epithelium,0.14511732757091522,0.8118883635825254,58881
breast luminal epithelium,cd8 t cells,0.14512771368026733,0.7744104121071205,116279
kidney glomerular epithelium,t effector memory cd4,0.14513155817985535,0.77194308087867,116276
gastric body epithelium,lung alveolar macrophages,0.14514237642288208,0.7649869685204072,116279
endometrium epithelium,lung interstitial macrophages,0.14523406326770782,0.7632691393016213,116279
lung alveolar epithelium,t effector cell cd8,0.145263209939003,0.7720732643801475,116279
colon macrophages,tonsil palatine epithelium,0.1452678143978119,0.7743849333949678,116271
cortical neurons,lung bronchus epithelium,0.14529509842395782,0.7843916836482108,116279
eosinophils,oligodendrocyte precursors,0.14530450105667114,0.7563884182805326,108716
neutrophils,oligodendrocyte precursors,0.14533767104148865,0.7565287110613854,109282
heart fibroblasts,kidney tubular epithelium,0.14536352455615997,0.8124855911184593,116279
t effector cell cd8,thyroid epithelium,0.14537641406059265,0.7590156728075823,116279
colon epithelium,memory cd4 t cells,0.14543090760707855,0.7488332253483133,111295
breast basal epithelium,small intestine epithelium,0.14544445276260376,0.7586791133883892,116279
cardiomyocyte,tonsil palatine epithelium,0.1454751044511795,0.7676882355074034,116279
pancreatic alpha,t effector cell cd8,0.14553940296173096,0.7559278059865704,116279
colon epithelium,t central memory cd4,0.1455407291650772,0.7537687802076227,116279
pancreatic beta,t effector cell cd8,0.14555101096630096,0.7641877263999787,116279
memory cd4 t cells,pancreatic delta,0.14556777477264404,0.7667455259196481,111295
cardiomyocyte,cd8 t cells,0.1456180363893509,0.7626758910057777,116279
microglia,smooth muscle,0.14562831819057465,0.8151509148351123,113231
kidney glomerular epithelium,neutrophils,0.14564165472984314,0.7682182975672796,112205
MPP (bone marrow),tonsil palatine epithelium,0.14568106830120087,0.8129385695231698,58709
gastric body epithelium,lung interstitial macrophages,0.14569181203842163,0.7628846832917179,116279
colon epithelium,lung interstitial macrophages,0.145707368850708,0.7500060210194434,116279
embryonic stem cells,small intestine epithelium,0.14573879539966583,0.7679064484790367,116098
gastric fundus epithelium,lung alveolar macrophages,0.1457528918981552,0.7653012512389962,116279
kidney glomerular epithelium,memory cd4 t cells,0.14579227566719055,0.7751526236191756,111292
b cells,fallopien tubes epithelium,0.14582118391990662,0.7666873682712806,116278
colon enteroendocrine,cortical neurons,0.1458461433649063,0.7658121631835983,116279
bladder epithelium,heart fibroblasts,0.1458473652601242,0.7893867311311055,116279
gastric antrum epithelium,oligodendrocytes,0.14586305618286133,0.7623712403058274,116279
kidney tubular epithelium,regulatory t cells,0.146014004945755,0.7766877441846225,110772
breast luminal epithelium,nk cells,0.14608712494373322,0.7708207673925352,116279
hepatocyte,neutrophils,0.14610838890075684,0.749967617425656,112208
gastric body epithelium,oligodendrocytes,0.1461315006017685,0.7640331821660818,116279
oligodendrocyte precursors,small intestine epithelium,0.1461431086063385,0.7548713136595275,113240
cortical neurons,tongue epithelium,0.14624948799610138,0.7856401396361892,116279
b cells,breast luminal epithelium,0.14624953269958496,0.7671465592474774,116278
eosinophils,kidney glomerular epithelium,0.14627890288829803,0.7656346856307638,111631
regulatory t cells,thyroid epithelium,0.1462974101305008,0.7676366348365561,110772
gastric fundus epithelium,lung interstitial macrophages,0.14629949629306793,0.7632584683745737,116279
heart fibroblasts,lung alveolar epithelium,0.1463010609149933,0.798798801830796,116279
cardiomyocyte,smooth muscle,0.14634108543395996,0.8145956161261999,116279
microglia,tonsil palatine epithelium,0.1463521420955658,0.7687682005874491,113231
colon epithelium,naive b cells,0.14637145400047302,0.7366475806714715,110857
breast luminal epithelium,t effector memory cd4,0.14638297259807587,0.7658057321389876,116279
heart fibroblasts,prostate epithelium,0.1463940590620041,0.8027508182597445,116279
cd8 t cells,oligodendrocytes,0.14640434086322784,0.762364884908131,116279
kidney glomerular epithelium,t effector cell cd8,0.1464737057685852,0.7655558324259455,116276
embryonic stem cells,lung bronchus epithelium,0.1465708166360855,0.7765240200470958,116098
cortical neurons,regulatory t cells,0.14657177031040192,0.7782701481643312,110772
monocytes,pancreatic delta,0.14657749235630035,0.7624929534435897,116279
effector memory cd8 t cells,kidney tubular epithelium,0.1466393619775772,0.775361082457234,116276
pancreatic alpha,smooth muscle,0.14669227600097656,0.8047599830803631,116279
embryonic stem cells,memory b cells,0.14671839773654938,0.7736646302221627,116097
lung bronchus epithelium,t central memory cd4,0.1467633694410324,0.7624623496712208,116279
t effector memory cd4,thyroid epithelium,0.14682359993457794,0.7631344813130985,116279
eosinophils,hepatocyte,0.14683012664318085,0.7477049923158465,111634
GMP (bone marrow),tonsil palatine epithelium,0.14689694344997406,0.8106389643302285,57971
oligodendrocytes,tongue epithelium,0.14692631363868713,0.7627693097890594,116279
erythrocyte progenitors,heart fibroblasts,0.14693550765514374,0.7944631932353405,116279
b cells,colon enteroendocrine,0.1469648778438568,0.7574980952065538,116278
astrocytes,colon epithelium,0.14697948098182678,0.7557216804507461,113244
memory cd4 t cells,pancreatic alpha,0.14698193967342377,0.7621016847603218,111295
breast basal epithelium,colon epithelium,0.14699943363666534,0.7549418770014963,116279
gastric body epithelium,t effector memory cd4,0.14707094430923462,0.755510898158327,116279
smooth muscle,t effector cell cd8,0.14707328379154205,0.7971030192841637,116279
colon enteroendocrine,oligodendrocytes,0.1470872312784195,0.7494861330768472,116279
cardiomyocyte,monocytes,0.1471475213766098,0.7518379219777204,116279
colon epithelium,oligodendrocyte precursors,0.1471548080444336,0.7506441803937538,113240
hepatocyte,tonsil palatine epithelium,0.14716577529907227,0.767276480937031,116279
cardiomyocyte,eosinophils,0.14718180894851685,0.7529382752839179,111634
b cells,prostate epithelium,0.1471991389989853,0.7659960893583608,116278
cd8 t cells,colon enteroendocrine,0.1472102850675583,0.7608402638454022,116279
HSC (bone marrow),tonsil palatine epithelium,0.14721769094467163,0.8100701134128547,58736
basophils,colon epithelium,0.14727409183979034,0.7353654527110609,111731
cd8 t cells,prostate epithelium,0.14727497100830078,0.7697711340950301,116279
gastric fundus epithelium,oligodendrocytes,0.1473444104194641,0.7623608255064611,116279
effector memory cd8 t cells,thyroid epithelium,0.14736875891685486,0.76634719107218,116276
t central memory cd4,tongue epithelium,0.14737674593925476,0.7565224198580434,116279
small intestine epithelium,t effector memory cd4,0.14739786088466644,0.7564981841487532,116279
fallopien tubes epithelium,nk cells,0.1474190354347229,0.7632329724511441,116279
breast luminal epithelium,t effector cell cd8,0.14745108783245087,0.7588019122099288,116279
monocytes,oligodendrocytes,0.14749033749103546,0.7497837082618279,116279
L-MPP (bone marrow),tonsil palatine epithelium,0.14749550819396973,0.8103545107733433,58075
endometrium epithelium,heart fibroblasts,0.14757362008094788,0.7900886511302184,116279
breast basal epithelium,t central memory cd4,0.14762760698795319,0.7510764863589802,116279
cardiomyocyte,colon epithelium,0.14769721031188965,0.7484047392114858,116279
cortical neurons,endometrium epithelium,0.147707000374794,0.7764917353707039,116279
pancreatic delta,regulatory t cells,0.14771363139152527,0.7612971929039203,110772
colon epithelium,regulatory t cells,0.1477622240781784,0.7433922789091246,110772
monocytes,pancreatic alpha,0.14776916801929474,0.7554371380193389,116279
oligodendrocyte precursors,smooth muscle,0.14777910709381104,0.8218615261027635,113240
prostate epithelium,t effector memory cd4,0.14786775410175323,0.7617748066816865,116279
nk cells,prostate epithelium,0.1479008048772812,0.7672953559463378,116279
breast basal epithelium,naive cd4 t cells,0.1479051560163498,0.7537439149232479,116278
oligodendrocyte precursors,tonsil pharyngeal epithelium,0.1479220688343048,0.7767341854986756,113240
fallopien tubes epithelium,t effector memory cd4,0.14792722463607788,0.7570825549920083,116279
basophils,oligodendrocytes,0.14792805910110474,0.7499694977409492,111731
effector memory cd8 t cells,pancreatic delta,0.1479700803756714,0.7613789803246057,116276
breast luminal epithelium,naive cd4 t cells,0.14798973500728607,0.7674516474830322,116278
breast basal epithelium,naive cd8 t cells,0.14804242551326752,0.7542077271103609,116279
memory b cells,pancreatic beta,0.14804819226264954,0.7516458764891399,116278
astrocytes,small intestine epithelium,0.1481076180934906,0.7573079942167693,113244
cd4 t cells,small intestine epithelium,0.14811407029628754,0.7603738877534041,116279
breast basal epithelium,cd4 t cells,0.14815279841423035,0.7594618506924254,116279
bladder epithelium,cd4 t cells,0.14817315340042114,0.7705185994994235,116279
colon epithelium,effector memory cd8 t cells,0.14819417893886566,0.7434992866144431,116276
memory cd4 t cells,oligodendrocyte precursors,0.14820042252540588,0.7597427717071263,108389
embryonic stem cells,endometrium epithelium,0.14824846386909485,0.76953930668586,116098
eosinophils,pancreatic delta,0.14825932681560516,0.7582611848137383,111634
MEP (bone marrow),tonsil palatine epithelium,0.1483428031206131,0.8139082272735182,58733
astrocytes,bladder epithelium,0.1484241634607315,0.765989927279582,113244
small intestine epithelium,t effector cell cd8,0.1484302431344986,0.7511427799706759,116279
cd8 t cells,fallopien tubes epithelium,0.14843568205833435,0.7641020984815988,116279
cortical neurons,effector memory cd8 t cells,0.1484636664390564,0.7743570152622962,116276
microglia,pancreatic acinar,0.14850078523159027,0.7679073865416601,113231
oligodendrocyte precursors,tonsil palatine epithelium,0.1485028713941574,0.7714823462036887,113240
colon enteroendocrine,t effector memory cd4,0.14858710765838623,0.7540989000923317,116279
breast luminal epithelium,naive cd8 t cells,0.14859654009342194,0.7668839176810918,116279
t central memory cd4,tonsil palatine epithelium,0.14863206446170807,0.7632184064400503,116279
colon enteroendocrine,t effector cell cd8,0.1486389935016632,0.7492465357958102,116279
kidney glomerular epithelium,regulatory t cells,0.14883355796337128,0.7689530701491248,110769
pancreatic duct,t effector cell cd8,0.14884015917778015,0.7508000575287186,116279
endometrium epithelium,t effector memory cd4,0.14884251356124878,0.7556860564938508,116279
pancreatic alpha,regulatory t cells,0.14887642860412598,0.756953181802814,110772
breast luminal epithelium,heart fibroblasts,0.14890523254871368,0.8011734912804086,116279
gastric fundus epithelium,t effector cell cd8,0.14893324673175812,0.7510906618090982,116279
bladder epithelium,t effector cell cd8,0.14895229041576385,0.7603460534682792,116279
gastric antrum epithelium,t effector memory cd4,0.1489700973033905,0.751752388220385,116279
pancreatic duct,t effector memory cd4,0.14901305735111237,0.7556935499990745,116279
bladder epithelium,embryonic stem cells,0.14903880655765533,0.7684650334058067,116098
astrocytes,regulatory t cells,0.14907126128673553,0.763474538035079,107871
bladder epithelium,oligodendrocyte precursors,0.14908458292484283,0.7560837216690522,113240
colon enteroendocrine,nk cells,0.14918255805969238,0.7535632819792537,116279
pancreatic acinar,t effector memory cd4,0.14919276535511017,0.7560763170072256,116279
pancreatic duct,smooth muscle,0.14919842779636383,0.8162940588016425,116279
heart fibroblasts,pancreatic delta,0.14926669001579285,0.7860580298773338,116279
colon macrophages,smooth muscle,0.14928074181079865,0.8077092151747373,116271
effector memory cd8 t cells,pancreatic alpha,0.14930926263332367,0.7568185682010206,116276
lung alveolar macrophages,tongue epithelium,0.14935824275016785,0.7550025823687886,116279
hepatocyte,smooth muscle,0.1493919938802719,0.7998262935083386,116279
effector memory cd8 t cells,kidney glomerular epithelium,0.14944502711296082,0.7679559999120421,116273
smooth muscle,t central memory cd4,0.14952045679092407,0.8025197129630469,116279
astrocytes,tonsil pharyngeal epithelium,0.14958053827285767,0.786693254817927,113244
heart fibroblasts,t effector memory cd4,0.14959366619586945,0.7728148242260005,116279
neutrophils,pancreatic delta,0.14961576461791992,0.7546167353280391,112208
breast basal epithelium,nk cells,0.1496666818857193,0.7520700252959119,116279
eosinophils,pancreatic alpha,0.1496780812740326,0.7520125771294683,111634
prostate epithelium,t effector cell cd8,0.1497599482536316,0.7541431409790014,116279
embryonic stem cells,tongue epithelium,0.1498601734638214,0.7673819268542016,116098
t effector memory cd4,tonsil palatine epithelium,0.14994679391384125,0.7566145973771504,116279
cd8 t cells,small intestine epithelium,0.14997276663780212,0.7566784906037344,116279
astrocytes,t effector cell cd8,0.1500573307275772,0.7508304854925874,113244
cortical neurons,t effector cell cd8,0.15005798637866974,0.7600645377952578,116279
basophils,breast luminal epithelium,0.15009188652038574,0.7602314599893887,111731
naive cd4 t cells,prostate epithelium,0.15010680258274078,0.7653445637731181,116278
colon epithelium,monocytes,0.15011556446552277,0.7313654923516726,116279
astrocytes,tonsil palatine epithelium,0.150140643119812,0.7819972116014923,113244
pancreatic acinar,t central memory cd4,0.1502266824245453,0.7608569242153583,116279
colon epithelium,cortical neurons,0.1502339243888855,0.7553910970712626,116279
cardiomyocyte,neutrophils,0.15025734901428223,0.743963972472934,112208
lung alveolar macrophages,tonsil pharyngeal epithelium,0.15027274191379547,0.775337941367642,116279
heart fibroblasts,pancreatic beta,0.15028637647628784,0.7868922414025968,116279
fallopien tubes epithelium,t effector cell cd8,0.15033452212810516,0.7491558242401133,116279
lung interstitial macrophages,tongue epithelium,0.15044625103473663,0.7520051726597734,116279
fallopien tubes epithelium,naive cd4 t cells,0.15055117011070251,0.75884038841025,116278
oligodendrocyte precursors,pancreatic acinar,0.1505519300699234,0.7713680936058316,113240
colon macrophages,pancreatic acinar,0.1506175398826599,0.7632822795066804,116271
astrocytes,effector memory cd8 t cells,0.15072861313819885,0.7612728411861294,113241
gastric body epithelium,t effector cell cd8,0.15079152584075928,0.7476425582727736,116279
cd4 t cells,gastric fundus epithelium,0.1507963389158249,0.7615752898803915,116279
cortical neurons,gastric antrum epithelium,0.15079699456691742,0.7686108073352973,116279
cd4 t cells,gastric body epithelium,0.15084168314933777,0.7605434756267715,116279
endometrium epithelium,t effector cell cd8,0.15097437798976898,0.7486747954003454,116279
t effector cell cd8,tonsil pharyngeal epithelium,0.15105965733528137,0.7603687245041353,116279
basophils,prostate epithelium,0.15108899772167206,0.758034951166762,111731
neutrophils,pancreatic alpha,0.1510995775461197,0.7474090217231371,112208
cd4 t cells,gastric antrum epithelium,0.15111267566680908,0.7580985381692437,116279
heart fibroblasts,microglia,0.151175856590271,0.7918289135234758,113231
fallopien tubes epithelium,naive cd8 t cells,0.15117834508419037,0.757987174837878,116279
breast luminal epithelium,memory cd4 t cells,0.15121351182460785,0.7611621382059227,111295
neutrophils,oligodendrocytes,0.15121623873710632,0.740929756294088,112208
eosinophils,oligodendrocytes,0.15125253796577454,0.7416882469253873,111634
cortical neurons,gastric body epithelium,0.15126639604568481,0.7699814393491374,116279
bladder epithelium,cd8 t cells,0.15128158032894135,0.7647933649592332,116279
fallopien tubes epithelium,monocytes,0.15129120647907257,0.7526455920260876,116279
naive cd8 t cells,prostate epithelium,0.1513313204050064,0.7637311393071371,116279
b cells,breast basal epithelium,0.151350736618042,0.7473090012309178,116278
lung interstitial macrophages,tonsil pharyngeal epithelium,0.15135638415813446,0.7729354736670124,116279
colon epithelium,eosinophils,0.1514546126127243,0.7261336444975299,111634
oligodendrocyte precursors,t effector cell cd8,0.15149487555027008,0.7438461946471069,113240
erythrocyte progenitors,t effector memory cd4,0.151508629322052,0.8652259747236397,116279
colon enteroendocrine,naive cd4 t cells,0.1515464186668396,0.7496323764120559,116278
fallopien tubes epithelium,naive b cells,0.15169860422611237,0.7534395291224892,110857
basophils,fallopien tubes epithelium,0.15177831053733826,0.7510916424217592,111731
b cells,small intestine epithelium,0.15178342163562775,0.7497988755325707,116278
heart fibroblasts,oligodendrocyte precursors,0.1517849564552307,0.8022790989798849,113240
CMP (bone marrow),smooth muscle,0.1517850011587143,0.8316764108574974,58881
cortical neurons,t effector memory cd4,0.15186932682991028,0.7638243305585998,116279
CMP (bone marrow),erythrocyte progenitors,0.15192373096942902,0.9151860740636972,58881
breast luminal epithelium,monocytes,0.15193283557891846,0.7559567855714535,116279
breast basal epithelium,naive b cells,0.1519811600446701,0.7407593029047034,110857
oligodendrocytes,small intestine epithelium,0.15221276879310608,0.7408618295144503,116279
heart fibroblasts,pancreatic alpha,0.1522277146577835,0.7794124698150353,116279
t effector memory cd4,tongue epithelium,0.15223737061023712,0.7475942769534261,116279
memory cd4 t cells,pancreatic acinar,0.15228284895420074,0.7494947218794841,111295
colon enteroendocrine,naive cd8 t cells,0.15233971178531647,0.7487862411029864,116279
effector memory cd8 t cells,pancreatic acinar,0.1523955762386322,0.7484290389835093,116276
oligodendrocyte precursors,regulatory t cells,0.15244615077972412,0.7510158415111622,107866
breast luminal epithelium,naive b cells,0.1524731069803238,0.7541185603612236,110857
cd4 t cells,lung bronchus epithelium,0.15249520540237427,0.7602587861854516,116279
cd4 t cells,pancreatic acinar,0.15253353118896484,0.7597244217680331,116279
gastric antrum epithelium,t effector cell cd8,0.15255019068717957,0.7437379227762448,116279
cortical neurons,gastric fundus epithelium,0.1525673121213913,0.7679695339974162,116279
heart fibroblasts,pancreatic duct,0.15277451276779175,0.7959051857617555,116279
cd8 t cells,gastric fundus epithelium,0.1527927666902542,0.7565017564464127,116279
colon epithelium,neutrophils,0.15279902517795563,0.7246550012279418,112208
cortical neurons,small intestine epithelium,0.15283703804016113,0.7541427943543163,116279
pancreatic acinar,regulatory t cells,0.1528441607952118,0.7464925322437831,110772
memory cd4 t cells,prostate epithelium,0.15285328030586243,0.7557580580959011,111295
breast basal epithelium,cd8 t cells,0.15289247035980225,0.7512996950126979,116279
lung bronchus epithelium,t effector memory cd4,0.15291039645671844,0.7498071457166996,116279
bladder epithelium,oligodendrocytes,0.15291348099708557,0.7453735595474393,116279
smooth muscle,thyroid epithelium,0.15294425189495087,0.815667036968911,116279
cd8 t cells,pancreatic acinar,0.15294991433620453,0.7585434806300377,116279
cd4 t cells,endometrium epithelium,0.15296529233455658,0.7560357458302346,116279
astrocytes,t effector memory cd4,0.15297295153141022,0.7530193470873576,113244
memory b cells,vascular leptomeningeal cells,0.15297755599021912,0.7609377028860052,112932
effector memory cd8 t cells,oligodendrocyte precursors,0.15299417078495026,0.7512568107599377,113237
embryonic stem cells,pancreatic acinar,0.1530340015888214,0.7667741389469647,116098
MPP (bone marrow),smooth muscle,0.1530839204788208,0.832635115867816,58709
colon enteroendocrine,memory cd4 t cells,0.15311606228351593,0.7478497999279367,111295
breast luminal epithelium,regulatory t cells,0.15314339101314545,0.7560790443722487,110772
bladder epithelium,cortical neurons,0.15319006145000458,0.7627154635105038,116279
cd8 t cells,gastric body epithelium,0.15325027704238892,0.7548972947084449,116279
cardiomyocyte,memory cd4 t cells,0.15325182676315308,0.7455605124192191,111295
oligodendrocyte precursors,t effector memory cd4,0.153289332985878,0.7466782647422768,113240
astrocytes,smooth muscle,0.15329807996749878,0.8240804214198645,113244
breast luminal epithelium,effector memory cd8 t cells,0.15337112545967102,0.7558263845166114,116276
oligodendrocytes,tonsil pharyngeal epithelium,0.15338200330734253,0.764534665178299,116279
b cells,bladder epithelium,0.15348398685455322,0.7561752126303893,116278
monocytes,prostate epithelium,0.15355610847473145,0.7542447828607816,116279
colon epithelium,t effector cell cd8,0.15363287925720215,0.7378701740767831,116279
colon epithelium,oligodendrocytes,0.15375174582004547,0.7360868314632395,116279
pancreatic acinar,t effector cell cd8,0.15375900268554688,0.7488607216905397,116279
astrocytes,pancreatic acinar,0.1537938117980957,0.7736238497093041,113244
basophils,colon enteroendocrine,0.15383969247341156,0.7405168431973144,111731
breast basal epithelium,monocytes,0.1538827121257782,0.7386706815041545,116279
bladder epithelium,nk cells,0.1539929360151291,0.7585194716226027,116279
cd8 t cells,gastric antrum epithelium,0.1540600210428238,0.7517668375039052,116279
embryonic stem cells,tonsil pharyngeal epithelium,0.1540917456150055,0.771488639417768,116098
colon epithelium,t effector memory cd4,0.15434767305850983,0.7413201139180767,116279
GMP (bone marrow),smooth muscle,0.15435686707496643,0.8296443030012712,57971
oligodendrocytes,smooth muscle,0.1544034630060196,0.8084109327409261,116279
cortical neurons,tonsil pharyngeal epithelium,0.15440526604652405,0.780990327083119,116279
cardiomyocyte,t effector cell cd8,0.15442872047424316,0.7355832425182625,116279
HSC (bone marrow),smooth muscle,0.15445497632026672,0.8300474162456285,58736
colon enteroendocrine,naive b cells,0.1544787734746933,0.7398424209354353,110857
memory cd4 t cells,small intestine epithelium,0.1545054167509079,0.745773944635885,111295
lung alveolar macrophages,tonsil palatine epithelium,0.1546286940574646,0.7594749816736905,116279
naive b cells,prostate epithelium,0.15465717017650604,0.7521349225544571,110857
cardiomyocyte,t effector memory cd4,0.15466612577438354,0.7384475434219625,116279
oligodendrocytes,tonsil palatine epithelium,0.1547483205795288,0.757336203762659,116279
fallopien tubes epithelium,memory cd4 t cells,0.15477627515792847,0.7503307273477515,111295
colon enteroendocrine,effector memory cd8 t cells,0.15487441420555115,0.7437383998777504,116276
nk cells,small intestine epithelium,0.15507282316684723,0.7448286992039613,116279
bladder epithelium,memory cd4 t cells,0.1550804078578949,0.7537475368893635,111295
cd8 t cells,endometrium epithelium,0.15508288145065308,0.75176944994634,116279
memory cd4 t cells,oligodendrocytes,0.15514500439167023,0.7446955710163395,111295
breast luminal epithelium,eosinophils,0.15518002212047577,0.7485593321325057,111634
L-MPP (bone marrow),smooth muscle,0.1551927924156189,0.8295628648175941,58075
heart fibroblasts,hepatocyte,0.15521995723247528,0.7736091256333423,116279
cortical neurons,tonsil palatine epithelium,0.1552542746067047,0.777446939058565,116279
cd4 t cells,tongue epithelium,0.15526387095451355,0.7503508594824142,116279
colon enteroendocrine,regulatory t cells,0.1552814394235611,0.7420030250843037,110772
basophils,breast basal epithelium,0.15529395639896393,0.736064163217191,111731
b cells,gastric body epithelium,0.1553163379430771,0.7491665228681553,116278
b cells,gastric antrum epithelium,0.15532338619232178,0.7468987067180689,116278
colon enteroendocrine,monocytes,0.1553405225276947,0.738356942350011,116279
effector memory cd8 t cells,small intestine epithelium,0.15535327792167664,0.7432190988861473,116276
MPP (bone marrow),erythrocyte progenitors,0.1553603857755661,0.9103766150296345,58709
GMP (bone marrow),erythrocyte progenitors,0.15539339184761047,0.9093574455985899,57971
fallopien tubes epithelium,neutrophils,0.1554131805896759,0.7431878379265485,112208
b cells,endometrium epithelium,0.15543951094150543,0.7485220279327517,116278
basophils,bladder epithelium,0.15544091165065765,0.753336268687606,111731
CMP (bone marrow),heart fibroblasts,0.15546010434627533,0.8129445088396867,58881
effector memory cd8 t cells,smooth muscle,0.15547151863574982,0.7803828553711809,116276
colon macrophages,heart fibroblasts,0.15549947321414948,0.7819758201398019,116271
b cells,gastric fundus epithelium,0.1555490642786026,0.7497737506614259,116278
breast luminal epithelium,neutrophils,0.15555381774902344,0.747606626652936,112208
t effector cell cd8,tonsil palatine epithelium,0.1555842161178589,0.7466852379293124,116279
small intestine epithelium,smooth muscle,0.15564091503620148,0.7771406282462445,116279
eosinophils,fallopien tubes epithelium,0.15570227801799774,0.7417364325952475,111634
effector memory cd8 t cells,prostate epithelium,0.15571220219135284,0.7492955125918919,116276
lung interstitial macrophages,tonsil palatine epithelium,0.1558007448911667,0.7562890392183379,116279
b cells,lung bronchus epithelium,0.1558109074831009,0.7506175946271662,116278
breast basal epithelium,smooth muscle,0.15584032237529755,0.8025035013007117,116279
colon epithelium,memory b cells,0.15591219067573547,0.7270820269522964,116278
kidney tubular epithelium,memory b cells,0.15592481195926666,0.757792085536128,116278
gastric antrum epithelium,nk cells,0.1559390127658844,0.7484849293830468,116279
cd4 t cells,tonsil pharyngeal epithelium,0.15594826638698578,0.7665686215922058,116279
MEP (bone marrow),erythrocyte progenitors,0.15595611929893494,0.9230062558549479,58733
breast basal epithelium,pancreatic acinar,0.15600629150867462,0.7578434992816631,116279
t effector cell cd8,tongue epithelium,0.15606285631656647,0.7388951152373763,116279
prostate epithelium,regulatory t cells,0.15608306229114532,0.7486073174202544,110772
gastric body epithelium,nk cells,0.1561141014099121,0.7505197510399597,116279
cd8 t cells,lung bronchus epithelium,0.15622837841510773,0.7531320098946847,116279
eosinophils,prostate epithelium,0.15624819695949554,0.7472546001200802,111634
effector memory cd8 t cells,gastric fundus epithelium,0.15628960728645325,0.7425480901905217,116276
gastric fundus epithelium,memory cd4 t cells,0.15632189810276031,0.7442933447437924,111295
bladder epithelium,effector memory cd8 t cells,0.15640902519226074,0.7510158480030283,116276
fallopien tubes epithelium,regulatory t cells,0.1565241515636444,0.7449774964768139,110772
effector memory cd8 t cells,fallopien tubes epithelium,0.15653853118419647,0.7453497086633968,116276
gastric fundus epithelium,nk cells,0.1565985381603241,0.7506780808401711,116279
lung bronchus epithelium,nk cells,0.15661291778087616,0.7505767206086498,116279
lung bronchus epithelium,t effector cell cd8,0.15665945410728455,0.7416545373598963,116279
cardiomyocyte,effector memory cd8 t cells,0.15668289363384247,0.7397019943550338,116276
regulatory t cells,small intestine epithelium,0.15668979287147522,0.7401619437362634,110772
MPP (bone marrow),heart fibroblasts,0.15670447051525116,0.8129684988521907,58709
neutrophils,prostate epithelium,0.15673552453517914,0.7458070521629214,112208
cardiomyocyte,regulatory t cells,0.1567975878715515,0.7379811503181725,110772
oligodendrocytes,pancreatic acinar,0.15679769217967987,0.757831584624927,116279
oligodendrocytes,t effector cell cd8,0.1568513959646225,0.7316982732708268,116279
MEP (bone marrow),smooth muscle,0.1568617969751358,0.8327438490336181,58733
bladder epithelium,regulatory t cells,0.1571001261472702,0.749224053788036,110772
cortical neurons,pancreatic acinar,0.15712903439998627,0.7686656751130598,116279
breast basal epithelium,neutrophils,0.15715481340885162,0.7320718947893434,112208
kidney glomerular epithelium,memory b cells,0.1571570783853531,0.7530564486700912,116275
gastric body epithelium,memory cd4 t cells,0.15719255805015564,0.7424697816801307,111295
heart fibroblasts,oligodendrocytes,0.15731281042099,0.7915020451840125,116279
embryonic stem cells,tonsil palatine epithelium,0.1573132872581482,0.7602551853806259,116098
heart fibroblasts,thyroid epithelium,0.15735653042793274,0.7911718607818659,116279
heart fibroblasts,t effector cell cd8,0.15740564465522766,0.7638254340048176,116279
gastric fundus epithelium,regulatory t cells,0.15742595493793488,0.7399671107537968,110772
HSC (bone marrow),erythrocyte progenitors,0.15745536983013153,0.9065087225554601,58736
regulatory t cells,smooth muscle,0.1574755311012268,0.7757712267737761,110772
effector memory cd8 t cells,gastric body epithelium,0.1575031280517578,0.74010144139292,116276
cd8 t cells,tonsil pharyngeal epithelium,0.15753880143165588,0.7617348293385648,116279
effector memory cd8 t cells,tonsil pharyngeal epithelium,0.15757426619529724,0.7511993616834882,116276
basophils,gastric antrum epithelium,0.1576429307460785,0.7429276197940831,111731
heart fibroblasts,t central memory cd4,0.15765032172203064,0.7711294404075262,116279
aorta endothelium,erythrocyte progenitors,0.15775832533836365,0.8382363311880536,116279
cd8 t cells,tongue epithelium,0.15776342153549194,0.7453258003700929,116279
colon enteroendocrine,eosinophils,0.15778014063835144,0.7321651525469619,111634
hepatocyte,memory b cells,0.15791113674640656,0.7292020730162699,116278
memory b cells,pancreatic duct,0.157911479473114,0.7308998690611361,116278
erythrocyte progenitors,striated muscle,0.15799032151699066,0.8273059390735292,116279
memory cd4 t cells,smooth muscle,0.15803955495357513,0.7772778543663327,111295
GMP (bone marrow),heart fibroblasts,0.15810362994670868,0.8103554778373149,57971
breast basal epithelium,eosinophils,0.1581401228904724,0.7283998564688949,111634
memory cd4 t cells,tonsil pharyngeal epithelium,0.1581985205411911,0.7520693406925559,111295
L-MPP (bone marrow),erythrocyte progenitors,0.15825852751731873,0.9074037411223215,58075
HSC (bone marrow),heart fibroblasts,0.15829363465309143,0.810084703033512,58736
gastric antrum epithelium,memory cd4 t cells,0.15831999480724335,0.7391891514513927,111295
astrocytes,heart fibroblasts,0.158331498503685,0.8017464115408132,113244
basophils,gastric body epithelium,0.15842948853969574,0.7430846411697143,111731
oligodendrocytes,t effector memory cd4,0.15847839415073395,0.7342784570168271,116279
gastric body epithelium,regulatory t cells,0.15854264795780182,0.7377327042470258,110772
endometrium epithelium,nk cells,0.15864066779613495,0.7437448001711646,116279
colon enteroendocrine,neutrophils,0.15871523320674896,0.7299500165894098,112208
cortical neurons,smooth muscle,0.1588268280029297,0.8122779512161961,116279
memory b cells,smooth muscle,0.15885426104068756,0.7605549308976217,116278
oligodendrocytes,regulatory t cells,0.15891647338867188,0.7366898906233539,110772
effector memory cd8 t cells,gastric antrum epithelium,0.15899033844470978,0.7364162445773834,116276
embryonic stem cells,smooth muscle,0.15909016132354736,0.793971335175877,116098
bladder epithelium,monocytes,0.15910127758979797,0.746551444043744,116279
regulatory t cells,tonsil pharyngeal epithelium,0.15916024148464203,0.7479341084340116,110772
basophils,small intestine epithelium,0.15919376909732819,0.7333133676031859,111731
L-MPP (bone marrow),heart fibroblasts,0.15923461318016052,0.8095909919448754,58075
MEP (bone marrow),heart fibroblasts,0.15925666689872742,0.8156950668152713,58733
b cells,pancreatic acinar,0.15928369760513306,0.7433840863235506,116278
erythrocyte progenitors,lung alveolar endothelium,0.15933512151241302,0.8346450115012137,116279
basophils,gastric fundus epithelium,0.15936554968357086,0.7417456698784108,111731
effector memory cd8 t cells,oligodendrocytes,0.15954510867595673,0.7367987110727067,116276
naive cd4 t cells,small intestine epithelium,0.15965202450752258,0.7382124481667119,116278
endometrium epithelium,memory cd4 t cells,0.15988022089004517,0.7382449925650562,111295
breast basal epithelium,memory cd4 t cells,0.15989898145198822,0.7378365811525209,111295
gastric antrum epithelium,regulatory t cells,0.15991978347301483,0.73423169427503,110772
nk cells,pancreatic acinar,0.15993428230285645,0.7439663028726954,116279
breast basal epithelium,heart fibroblasts,0.15997758507728577,0.7801982272482698,116279
lung bronchus epithelium,memory cd4 t cells,0.16002151370048523,0.7406928536088114,111295
effector memory cd8 t cells,endometrium epithelium,0.16003726422786713,0.7371652327511351,116276
cd4 t cells,tonsil palatine epithelium,0.16004087030887604,0.7522299285983343,116279
colon enteroendocrine,smooth muscle,0.1601642221212387,0.7715975636727128,116279
b cells,tongue epithelium,0.16018834710121155,0.7365492525072203,116278
colon macrophages,erythrocyte progenitors,0.16024653613567352,0.8960068287530921,116271
memory b cells,pancreatic delta,0.1603846400976181,0.7361374077330572,116278
adipocytes,erythrocyte progenitors,0.16042205691337585,0.8254427408378808,116279
heart fibroblasts,small intestine epithelium,0.16047553718090057,0.7537032074037224,116279
naive cd8 t cells,small intestine epithelium,0.1604813188314438,0.7371536993159529,116279
memory cd4 t cells,tongue epithelium,0.1605391502380371,0.7356918816959933,111295
breast basal epithelium,t effector cell cd8,0.16060806810855865,0.7244675085553419,116279
lung bronchus epithelium,monocytes,0.1607140749692917,0.7417332942003123,116279
bladder epithelium,naive cd4 t cells,0.1609082669019699,0.7487606250485783,116278
breast basal epithelium,t effector memory cd4,0.16091951727867126,0.7300447163734264,116279
basophils,lung bronchus epithelium,0.16101394593715668,0.7362700229322454,111731
endometrium epithelium,regulatory t cells,0.16107605397701263,0.7345279102490516,110772
b cells,tonsil pharyngeal epithelium,0.16114221513271332,0.7539996724840295,116278
memory b cells,thyroid epithelium,0.16115805506706238,0.7418192716402366,116278
memory b cells,pancreatic acinar,0.16116787493228912,0.7232498109793783,116278
memory b cells,small intestine epithelium,0.16123990714550018,0.7303695902774413,116278
bladder epithelium,eosinophils,0.1614120602607727,0.7397270058596307,111634
cd8 t cells,smooth muscle,0.1614125370979309,0.7885745316431932,116279
effector memory cd8 t cells,tongue epithelium,0.16144686937332153,0.733309562564189,116276
effector memory cd8 t cells,lung bronchus epithelium,0.16158892214298248,0.7368249725439856,116276
cd8 t cells,tonsil palatine epithelium,0.16168540716171265,0.7476197637260726,116279
monocytes,small intestine epithelium,0.16177454590797424,0.7280961568778659,116279
lung alveolar macrophages,pancreatic acinar,0.16191355884075165,0.7418841976263131,116279
effector memory cd8 t cells,tonsil palatine epithelium,0.16195616126060486,0.7377576524854443,116276
memory cd4 t cells,tonsil palatine epithelium,0.16201724112033844,0.7390732277039453,111295
memory b cells,pancreatic alpha,0.16203032433986664,0.7314790144275052,116278
colon enteroendocrine,memory b cells,0.1620587259531021,0.7291001892061725,116278
bladder epithelium,naive cd8 t cells,0.16231784224510193,0.7469263490643178,116279
memory b cells,tonsil pharyngeal epithelium,0.16237027943134308,0.7355430314762363,116278
gastric antrum epithelium,naive cd4 t cells,0.1623736470937729,0.7411284947223423,116278
naive b cells,small intestine epithelium,0.16267557442188263,0.7273301791674466,110857
breast basal epithelium,regulatory t cells,0.16271698474884033,0.7302561431014544,110772
regulatory t cells,tongue epithelium,0.1628217101097107,0.7302782856180724,110772
lung interstitial macrophages,pancreatic acinar,0.16287344694137573,0.7404979715094088,116279
gastric antrum epithelium,monocytes,0.16293174028396606,0.7312834759582542,116279
gastric body epithelium,naive cd4 t cells,0.16298578679561615,0.7425916343532474,116278
nk cells,tongue epithelium,0.1630333662033081,0.7322083782011255,116279
bladder epithelium,neutrophils,0.16304275393486023,0.7355904714804142,112208
lung bronchus epithelium,regulatory t cells,0.16305437684059143,0.7335251337699192,110772
eosinophils,gastric antrum epithelium,0.16307120025157928,0.7310800880197703,111634
lung bronchus epithelium,naive cd4 t cells,0.16309793293476105,0.7436084588970716,116278
gastric fundus epithelium,memory b cells,0.1631585955619812,0.7245470944352694,116278
erythrocyte progenitors,t effector cell cd8,0.16332252323627472,0.8586577090758863,116279
cd4 t cells,smooth muscle,0.16334766149520874,0.7868837306336826,116279
gastric antrum epithelium,naive cd8 t cells,0.1634649783372879,0.7396624540650347,116279
basophils,pancreatic acinar,0.1634741723537445,0.7289585064738953,111731
endometrium epithelium,naive cd4 t cells,0.16353240609169006,0.7365176588840764,116278
breast basal epithelium,effector memory cd8 t cells,0.1635648012161255,0.7292345839528389,116276
basophils,endometrium epithelium,0.16367071866989136,0.7284698542305478,111731
regulatory t cells,tonsil palatine epithelium,0.16370123624801636,0.7343247559972013,110772
erythrocyte progenitors,memory b cells,0.16371074318885803,0.8287937826821694,116278
gastric body epithelium,monocytes,0.16373297572135925,0.7316699496984728,116279
eosinophils,gastric body epithelium,0.16383244097232819,0.7313610115146774,111634
endometrium epithelium,monocytes,0.16387008130550385,0.7312396694853863,116279
eosinophils,small intestine epithelium,0.163919135928154,0.7229727601195653,111634
gastric fundus epithelium,naive cd4 t cells,0.16396695375442505,0.7419717109020637,116278
nk cells,tonsil pharyngeal epithelium,0.16399139165878296,0.7493056559701057,116279
gastric body epithelium,naive cd8 t cells,0.16399380564689636,0.7413113495459381,116279
lung bronchus epithelium,neutrophils,0.1640307456254959,0.7323950073378459,112208
lung bronchus epithelium,naive cd8 t cells,0.1640377938747406,0.7424926349406978,116279
cortical neurons,memory b cells,0.16405914723873138,0.7431454084519814,116278
eosinophils,lung bronchus epithelium,0.16425704956054688,0.7302857674347589,111634
endometrium epithelium,naive cd8 t cells,0.16432437300682068,0.7356426819951848,116279
gastric fundus epithelium,monocytes,0.16441822052001953,0.7315207386054325,116279
lung alveolar macrophages,smooth muscle,0.16444768011569977,0.7866050950969743,116279
fallopien tubes epithelium,memory b cells,0.1646295189857483,0.7282223005709689,116278
bladder epithelium,memory b cells,0.1646609753370285,0.7294358303523679,116278
gastric body epithelium,memory b cells,0.16471439599990845,0.7216383241830697,116278
bladder epithelium,naive b cells,0.16479237377643585,0.7355274135435808,110857
eosinophils,gastric fundus epithelium,0.164866641163826,0.7300911834223631,111634
gastric fundus epithelium,naive cd8 t cells,0.16497117280960083,0.7407559605492442,116279
lung interstitial macrophages,smooth muscle,0.16505762934684753,0.7871091455137746,116279
b cells,tonsil palatine epithelium,0.16511797904968262,0.7393941348671401,116278
breast luminal epithelium,memory b cells,0.16516971588134766,0.729189494559055,116278
colon enteroendocrine,heart fibroblasts,0.16529886424541473,0.7461799881050756,116279
endometrium epithelium,naive b cells,0.1653226912021637,0.7287734879244292,110857
gastric antrum epithelium,naive b cells,0.1654658019542694,0.7292468443885836,110857
lung bronchus epithelium,naive b cells,0.16553612053394318,0.7333890934364267,110857
neutrophils,small intestine epithelium,0.1656230390071869,0.7185623532148485,112208
gastric body epithelium,naive b cells,0.1658935397863388,0.7308318220025496,110857
cortical neurons,heart fibroblasts,0.1659194529056549,0.78828780082054,116279
naive cd4 t cells,pancreatic acinar,0.16594868898391724,0.7378193043435143,116278
effector memory cd8 t cells,heart fibroblasts,0.16595815122127533,0.7469478792934452,116276
memory b cells,prostate epithelium,0.1659875363111496,0.7257932980843004,116278
endometrium epithelium,memory b cells,0.16599735617637634,0.722500539455758,116278
memory b cells,tonsil palatine epithelium,0.1661439687013626,0.7233692268331918,116278
memory b cells,oligodendrocyte precursors,0.16628409922122955,0.7254605765635184,113240
gastric antrum epithelium,memory b cells,0.1663825958967209,0.7177174746015842,116278
astrocytes,memory b cells,0.16638468205928802,0.7313728338685158,113244
colon epithelium,smooth muscle,0.16657419502735138,0.7592129535214156,116279
erythrocyte progenitors,pancreas endothelium,0.16662175953388214,0.820413898225064,116279
gastric antrum epithelium,neutrophils,0.16666561365127563,0.7213746746875392,112208
naive cd8 t cells,pancreatic acinar,0.16685061156749725,0.7377909658077114,116279
gastric fundus epithelium,naive b cells,0.16686592996120453,0.7301485668847881,110857
gastric body epithelium,neutrophils,0.1672915518283844,0.7219833319825828,112208
embryonic stem cells,heart fibroblasts,0.16743528842926025,0.7660527276635614,116098
endometrium epithelium,eosinophils,0.16778846085071564,0.7198821601061589,111634
lung bronchus epithelium,memory b cells,0.1679573953151703,0.7193520827497097,116278
heart fibroblasts,regulatory t cells,0.16796265542507172,0.7425471306767255,110772
endometrium epithelium,neutrophils,0.16800490021705627,0.7202400844982748,112208
gastric fundus epithelium,neutrophils,0.1680530607700348,0.7214056544977614,112208
monocytes,tongue epithelium,0.1681053638458252,0.7214658631670979,116279
memory b cells,tongue epithelium,0.16832736134529114,0.7147279861496086,116278
erythrocyte progenitors,t central memory cd4,0.16836856305599213,0.8655844038319204,116279
heart fibroblasts,lung alveolar macrophages,0.1685054749250412,0.76358045312432,116279
heart fibroblasts,memory cd4 t cells,0.16855312883853912,0.7442637339225779,111295
naive cd4 t cells,tongue epithelium,0.16859152913093567,0.7279505267645628,116278
erythrocyte progenitors,microglia,0.16862885653972626,0.8607395923913684,113231
nk cells,tonsil palatine epithelium,0.16872252523899078,0.7328534162965598,116279
erythrocyte progenitors,vascular saphenous endothelium,0.16872766613960266,0.8226567715081482,116279
basophils,tonsil pharyngeal epithelium,0.1687646210193634,0.7321304087118428,111731
monocytes,tonsil pharyngeal epithelium,0.16881699860095978,0.7408741243740166,116279
basophils,tongue epithelium,0.1690746396780014,0.7135868170086063,111731
heart fibroblasts,memory b cells,0.16913050413131714,0.7275855161830929,116278
heart fibroblasts,lung interstitial macrophages,0.16924944519996643,0.763315296583108,116279
naive b cells,pancreatic acinar,0.1692507416009903,0.7239820103707273,110857
cardiomyocyte,memory b cells,0.16925431787967682,0.7127378381609755,116278
b cells,smooth muscle,0.16930201649665833,0.7734200740979653,116278
effector memory cd8 t cells,erythrocyte progenitors,0.1693854033946991,0.8395351253328673,116276
naive cd8 t cells,tongue epithelium,0.16942767798900604,0.7271507565408549,116279
eosinophils,pancreatic acinar,0.16989707946777344,0.716369726354482,111634
cd8 t cells,heart fibroblasts,0.17047715187072754,0.7559226807334061,116279
monocytes,pancreatic acinar,0.17078712582588196,0.717149773246983,116279
erythrocyte progenitors,kidney glomerular endothelium,0.1709088534116745,0.8226478426015247,116279
erythrocyte progenitors,pancreatic acinar,0.1712636947631836,0.7670395044815879,116279
cd4 t cells,heart fibroblasts,0.17142502963542938,0.7558823927440778,116279
naive b cells,tongue epithelium,0.17176127433776855,0.7158502402624289,110857
neutrophils,tongue epithelium,0.171973317861557,0.710660233409615,112208
neutrophils,tonsil pharyngeal epithelium,0.1720132827758789,0.7301581348065019,112208
erythrocyte progenitors,regulatory t cells,0.17226609587669373,0.8348467456254939,110772
neutrophils,pancreatic acinar,0.1722823828458786,0.7107382495560869,112208
naive cd4 t cells,tonsil pharyngeal epithelium,0.17255575954914093,0.7414397664638384,116278
eosinophils,tonsil pharyngeal epithelium,0.17274069786071777,0.7262688109493378,111634
erythrocyte progenitors,tonsil pharyngeal epithelium,0.17276813089847565,0.7598134608006096,116279
erythrocyte progenitors,memory cd4 t cells,0.1728302538394928,0.8411922102764494,111295
colon epithelium,heart fibroblasts,0.17298394441604614,0.7314827895996782,116279
eosinophils,tongue epithelium,0.17303436994552612,0.7064036891030508,111634
nk cells,smooth muscle,0.17321328818798065,0.7667225354642964,116279
naive cd8 t cells,tonsil pharyngeal epithelium,0.17352762818336487,0.7408291459901452,116279
memory b cells,oligodendrocytes,0.1735735684633255,0.7087978459668521,116278
basophils,tonsil palatine epithelium,0.17368362843990326,0.715234159157182,111731
monocytes,tonsil palatine epithelium,0.17370298504829407,0.72377767645434,116279
naive b cells,tonsil pharyngeal epithelium,0.17447412014007568,0.7314219090511018,110857
erythrocyte progenitors,kidney tubular endothelium,0.17550671100616455,0.8246586052306893,116279
breast basal epithelium,memory b cells,0.17598891258239746,0.7014515472946817,116278
basophils,erythrocyte progenitors,0.1760348230600357,0.8784152243144483,111731
erythrocyte progenitors,gastric fundus epithelium,0.1761828511953354,0.7757423421241483,116279
b cells,heart fibroblasts,0.17665375769138336,0.7437034877877658,116278
naive cd4 t cells,tonsil palatine epithelium,0.17676089704036713,0.7259894602901232,116278
neutrophils,tonsil palatine epithelium,0.17694276571273804,0.7130572511516089,112208
basophils,smooth muscle,0.17717570066452026,0.7478568091920019,111731
erythrocyte progenitors,lung interstitial macrophages,0.1772550791501999,0.8782095506207036,116279
eosinophils,tonsil palatine epithelium,0.1778295636177063,0.708665162920129,111634
naive cd8 t cells,tonsil palatine epithelium,0.17783312499523163,0.7251440988175246,116279
erythrocyte progenitors,tonsil palatine epithelium,0.1778860241174698,0.7450115561883943,116279
erythrocyte progenitors,gastric body epithelium,0.17847897112369537,0.7735577789751892,116279
naive b cells,tonsil palatine epithelium,0.1788201928138733,0.7157739529187855,110857
erythrocyte progenitors,lung alveolar macrophages,0.17924284934997559,0.8673391985877528,116279
heart fibroblasts,nk cells,0.17978979647159576,0.7392614212106129,116279
cd8 t cells,erythrocyte progenitors,0.18004316091537476,0.8601288736267068,116279
erythrocyte progenitors,gastric antrum epithelium,0.18017123639583588,0.7719920983351206,116279
erythrocyte progenitors,vascular endothelium,0.1802918016910553,0.8135679392803828,108992
basophils,heart fibroblasts,0.18102169036865234,0.7294450512690547,111731
monocytes,smooth muscle,0.18102841079235077,0.752908708699549,116279
bladder epithelium,erythrocyte progenitors,0.1810554713010788,0.7726209333790665,116279
cd4 t cells,erythrocyte progenitors,0.18257957696914673,0.8612824917505457,116279
b cells,erythrocyte progenitors,0.18284454941749573,0.863647608635424,116278
neutrophils,smooth muscle,0.18428602814674377,0.7381077245338948,112208
eosinophils,smooth muscle,0.1845371276140213,0.7343219336435339,111634
naive cd4 t cells,smooth muscle,0.18491065502166748,0.7547059457415062,116278
erythrocyte progenitors,lung alveolar epithelium,0.18520599603652954,0.77613833217063,116279
erythrocyte progenitors,lung bronchus epithelium,0.18581070005893707,0.7481057190444903,116279
heart fibroblasts,monocytes,0.18583162128925323,0.7285878221620614,116279
naive b cells,smooth muscle,0.1859912872314453,0.7464924167310076,110857
naive cd8 t cells,smooth muscle,0.1860019415616989,0.7549693337049374,116279
eosinophils,erythrocyte progenitors,0.18627819418907166,0.8565888733378592,111634
erythrocyte progenitors,nk cells,0.18685275316238403,0.8622651215661757,116279
erythrocyte progenitors,vascular leptomeningeal cells,0.18802574276924133,0.7849879522139777,112932
eosinophils,heart fibroblasts,0.1883249431848526,0.7148878676425879,111634
erythrocyte progenitors,pancreatic beta,0.18857350945472717,0.7626832574037785,116279
erythrocyte progenitors,tongue epithelium,0.18911567330360413,0.7356274541686915,116279
erythrocyte progenitors,monocytes,0.18914712965488434,0.856288487952645,116279
heart fibroblasts,neutrophils,0.18932849168777466,0.7141749700914435,112208
endometrium epithelium,erythrocyte progenitors,0.18946629762649536,0.7514236970647447,116279
erythrocyte progenitors,prostate epithelium,0.18975776433944702,0.7648988429062825,116279
erythrocyte progenitors,neutrophils,0.19036735594272614,0.8455468753304383,112208
erythrocyte progenitors,small intestine epithelium,0.19154022634029388,0.7580948303398977,116279
heart fibroblasts,naive cd4 t cells,0.19158492982387543,0.7262510052875458,116278
erythrocyte progenitors,pancreatic delta,0.19189611077308655,0.764838508204195,116279
erythrocyte progenitors,kidney tubular epithelium,0.19212263822555542,0.7740011863586318,116279
heart fibroblasts,naive b cells,0.1922147423028946,0.7187621660460076,110857
erythrocyte progenitors,fallopien tubes epithelium,0.19224697351455688,0.7635469803143973,116279
erythrocyte progenitors,kidney glomerular epithelium,0.1925055831670761,0.7660887402874567,116276
heart fibroblasts,naive cd8 t cells,0.19262635707855225,0.7260646981520087,116279
breast luminal epithelium,erythrocyte progenitors,0.1940804421901703,0.7614512669251127,116279
erythrocyte progenitors,pancreatic alpha,0.19460242986679077,0.7620103143449807,116279
erythrocyte progenitors,hepatocyte,0.1971377730369568,0.7557158477707833,116279
colon enteroendocrine,erythrocyte progenitors,0.19766299426555634,0.7542452622685526,116279
cardiomyocyte,erythrocyte progenitors,0.19807752966880798,0.7599793578087379,116279
embryonic stem cells,erythrocyte progenitors,0.20209211111068726,0.7778160006850626,116098
erythrocyte progenitors,pancreatic duct,0.2021685689687729,0.7617325069163721,116279
erythrocyte progenitors,naive b cells,0.20242047309875488,0.8417545863078155,110857
colon epithelium,erythrocyte progenitors,0.204545795917511,0.7394139078186852,116279
erythrocyte progenitors,naive cd4 t cells,0.20768840610980988,0.8374809341823408,116278
erythrocyte progenitors,thyroid epithelium,0.2091250717639923,0.7572994058111817,116279
erythrocyte progenitors,naive cd8 t cells,0.20950716733932495,0.8363796506606891,116279
erythrocyte progenitors,oligodendrocyte precursors,0.21031343936920166,0.7430147154859092,113240
cortical neurons,erythrocyte progenitors,0.21410363912582397,0.7467411441531296,116279
erythrocyte progenitors,oligodendrocytes,0.21486911177635193,0.729408052930888,116279
breast basal epithelium,erythrocyte progenitors,0.2157639116048813,0.7171510717402888,116279
astrocytes,erythrocyte progenitors,0.21630878746509552,0.7476654255519918,113244
