gsm,call_rate,f_neu,A_neu,n_loci,fractions,gender,age,age at menarche,cancer type (icd-10),time to diagnosis,in_gse51057,ttd,grp,bin
GSM1235534,0.9632706702237257,0.4479714584258078,1.0186311787410973,3390,"{'basophils': 0.032, 'effector memory cd8 t cells': 0.0118, 'embryonic stem cells': 0.028, 'memory cd4 t cells': 0.0464, 'monocytes': 0.0583, 'naive b cells': 0.0964, 'naive cd4 t cells': 0.1029, 'naive cd8 t cells': 0.0637, 'neutrophils': 0.448, 'nk cells': 0.026, 'regulatory t cells': 0.0316, 't effector cell cd8': 0.0341}",F,54.322,14.0,,,True,,control,
GSM1235535,0.9674951961046472,0.45610183613601424,1.0217710358070244,3389,"{'basophils': 0.0286, 'embryonic stem cells': 0.019, 'memory cd4 t cells': 0.0618, 'monocytes': 0.0715, 'naive b cells': 0.0871, 'naive cd4 t cells': 0.0976, 'naive cd8 t cells': 0.0518, 'neutrophils': 0.4561, 'nk cells': 0.039, 'pancreatic beta': 0.0117, 'regulatory t cells': 0.0181, 't effector cell cd8': 0.0407}",F,44.561,13.0,,,True,,control,
GSM1235536,0.9609697753621836,0.3404508150244434,0.9719917731020535,3386,"{'basophils': 0.0232, 'effector memory cd8 t cells': 0.0756, 'embryonic stem cells': 0.0269, 'memory cd4 t cells': 0.0325, 'monocytes': 0.0395, 'naive b cells': 0.1228, 'naive cd4 t cells': 0.1374, 'naive cd8 t cells': 0.0803, 'neutrophils': 0.3405, 'nk cells': 0.0235, 'pancreatic beta': 0.0102, 'regulatory t cells': 0.0428, 't effector cell cd8': 0.0318}",F,50.869,13.0,C50,0.821,True,0.821,breast,<2
GSM1235537,0.9642428501246836,0.4257491009755984,0.9857759028725931,3393,"{'basophils': 0.0492, 'effector memory cd8 t cells': 0.0448, 'embryonic stem cells': 0.0247, 'monocytes': 0.081, 'naive b cells': 0.116, 'naive cd4 t cells': 0.0696, 'naive cd8 t cells': 0.0681, 'neutrophils': 0.4257, 'nk cells': 0.0305, 'pancreatic beta': 0.0102, 'regulatory t cells': 0.0187, 't effector cell cd8': 0.0395}",F,46.858,11.0,,,True,,control,
GSM1235538,0.9754281011813333,0.4229186896959015,0.9939443752386381,3396,"{'basophils': 0.023, 'cd8 t cells': 0.0121, 'effector memory cd8 t cells': 0.05, 'embryonic stem cells': 0.0187, 'memory cd4 t cells': 0.0581, 'monocytes': 0.0368, 'naive b cells': 0.1306, 'naive cd4 t cells': 0.0847, 'naive cd8 t cells': 0.0584, 'neutrophils': 0.4229, 'nk cells': 0.0187, 'pancreatic beta': 0.0105, 'regulatory t cells': 0.0141, 't effector cell cd8': 0.0517}",F,56.192,12.0,C50,6.198,True,6.198,breast,5-8
GSM1235539,0.9711807736396219,0.534341869456756,1.0066755496703885,3396,"{'basophils': 0.0174, 'cd8 t cells': 0.0297, 'effector memory cd8 t cells': 0.0913, 'embryonic stem cells': 0.0178, 'memory cd4 t cells': 0.0325, 'monocytes': 0.0549, 'naive b cells': 0.082, 'naive cd4 t cells': 0.0348, 'neutrophils': 0.5343, 'nk cells': 0.0232, 'pancreatic beta': 0.0114, 't effector cell cd8': 0.0636}",F,52.055,11.0,,,True,,control,
GSM1235540,0.9727395780863602,0.3409737147641645,0.9591321903417115,3394,"{'basophils': 0.0575, 'cd8 t cells': 0.0165, 'effector memory cd8 t cells': 0.0333, 'embryonic stem cells': 0.0212, 'memory cd4 t cells': 0.071, 'monocytes': 0.1067, 'naive b cells': 0.1091, 'naive cd4 t cells': 0.0859, 'naive cd8 t cells': 0.0388, 'neutrophils': 0.341, 'nk cells': 0.0434, 'regulatory t cells': 0.012, 't effector cell cd8': 0.0426}",F,56.372,12.0,,,True,,control,
GSM1235541,0.9431409495026128,0.6265887501724414,0.9657401766757373,3222,"{'basophils': 0.0162, 'embryonic stem cells': 0.0178, 'lung interstitial macrophages': 0.0139, 'monocytes': 0.0397, 'naive b cells': 0.0844, 'naive cd4 t cells': 0.0988, 'naive cd8 t cells': 0.0289, 'neutrophils': 0.6266, 't effector cell cd8': 0.043}",F,44.257,11.0,,,True,,control,
GSM1235542,0.9692343409594524,0.5806157467030718,1.0118664088682296,3392,"{'basophils': 0.0163, 'effector memory cd8 t cells': 0.0168, 'embryonic stem cells': 0.0251, 'monocytes': 0.0567, 'naive b cells': 0.0907, 'naive cd4 t cells': 0.0743, 'naive cd8 t cells': 0.0345, 'neutrophils': 0.5806, 'regulatory t cells': 0.0211, 't effector cell cd8': 0.0519}",F,55.737,10.0,,,True,,control,
GSM1235543,0.9597426314360279,0.37116956160661624,0.9439909333399926,3390,"{'basophils': 0.0303, 'effector memory cd8 t cells': 0.0716, 'embryonic stem cells': 0.0308, 'monocytes': 0.0361, 'naive b cells': 0.1177, 'naive cd4 t cells': 0.1082, 'naive cd8 t cells': 0.0844, 'neutrophils': 0.3712, 'nk cells': 0.0563, 'pancreatic beta': 0.0109, 'regulatory t cells': 0.0422, 't effector cell cd8': 0.0315}",F,51.329,11.0,C50,3.091,True,3.091,breast,2-5
GSM1235544,0.9656482615806525,0.5089252165284054,0.9858736211611777,3387,"{'basophils': 0.0287, 'embryonic stem cells': 0.0184, 'memory cd4 t cells': 0.0145, 'monocytes': 0.0395, 'naive b cells': 0.0969, 'naive cd4 t cells': 0.1272, 'naive cd8 t cells': 0.0623, 'neutrophils': 0.5089, 'nk cells': 0.0125, 'regulatory t cells': 0.016, 't effector cell cd8': 0.0478}",F,47.283,12.0,C50,5.396,True,5.396,breast,5-8
GSM1235545,0.9531177125373895,0.42880225215108647,0.9608796520316042,3372,"{'basophils': 0.0236, 'effector memory cd8 t cells': 0.0133, 'embryonic stem cells': 0.0186, 'eosinophils': 0.0133, 'memory cd4 t cells': 0.0146, 'monocytes': 0.0647, 'naive b cells': 0.1074, 'naive cd4 t cells': 0.1142, 'naive cd8 t cells': 0.091, 'neutrophils': 0.4288, 'nk cells': 0.0209, 'regulatory t cells': 0.0299, 't effector cell cd8': 0.0415}",F,38.686,14.0,,,True,,control,
GSM1235546,0.9767360873593811,0.5546197626688655,1.0382826445078737,3400,"{'basophils': 0.0169, 'cd8 t cells': 0.07, 'effector memory cd8 t cells': 0.0178, 'embryonic stem cells': 0.0206, 'memory cd4 t cells': 0.0904, 'monocytes': 0.0544, 'naive b cells': 0.08, 'naive cd4 t cells': 0.018, 'neutrophils': 0.5546, 'nk cells': 0.0179, 't effector cell cd8': 0.0411}",F,59.978,12.0,,,True,,control,
GSM1235547,0.9703868612684771,0.5573425263028255,0.9993017669124099,3398,"{'basophils': 0.0157, 'effector memory cd8 t cells': 0.0352, 'embryonic stem cells': 0.0216, 'memory cd4 t cells': 0.0176, 'monocytes': 0.0438, 'naive b cells': 0.0892, 'naive cd4 t cells': 0.0441, 'naive cd8 t cells': 0.0462, 'neutrophils': 0.5573, 'nk cells': 0.0489, 'regulatory t cells': 0.0186, 't effector cell cd8': 0.0423}",F,50.409,14.0,,,True,,control,
GSM1235548,0.9684528658578295,0.5274809289711888,0.9735634040355453,3393,"{'basophils': 0.0221, 'embryonic stem cells': 0.0241, 'monocytes': 0.0458, 'naive b cells': 0.104, 'naive cd4 t cells': 0.106, 'naive cd8 t cells': 0.0664, 'neutrophils': 0.5275, 'nk cells': 0.0147, 'regulatory t cells': 0.0122, 't effector cell cd8': 0.0412}",F,49.533,14.0,C50,0.98,True,0.98,breast,<2
GSM1235549,0.9731811011543859,0.40563967168715936,1.0388186708691434,3399,"{'basophils': 0.0335, 'effector memory cd8 t cells': 0.0214, 'embryonic stem cells': 0.0231, 'memory cd4 t cells': 0.0323, 'monocytes': 0.054, 'naive b cells': 0.1244, 'naive cd4 t cells': 0.1187, 'naive cd8 t cells': 0.0687, 'neutrophils': 0.4056, 'nk cells': 0.0505, 'regulatory t cells': 0.0271, 't effector cell cd8': 0.0133}",F,58.746,14.0,C50,1.802,True,1.802,breast,<2
GSM1235550,0.9686850282222375,0.42313040042988354,0.973792757731483,3395,"{'basophils': 0.0221, 'effector memory cd8 t cells': 0.0698, 'embryonic stem cells': 0.0287, 'eosinophils': 0.0228, 'memory cd4 t cells': 0.0293, 'monocytes': 0.0401, 'naive b cells': 0.1034, 'naive cd4 t cells': 0.0904, 'naive cd8 t cells': 0.041, 'neutrophils': 0.4231, 'nk cells': 0.0267, 'pancreatic beta': 0.0109, 'regulatory t cells': 0.0361, 't effector cell cd8': 0.0501}",F,52.107,13.0,C50,1.629,True,1.629,breast,<2
GSM1235551,0.9665002145428992,0.4990154398184724,1.0523138541672872,3249,"{'adipocytes': 0.0139, 'basophils': 0.0195, 'effector memory cd8 t cells': 0.0548, 'embryonic stem cells': 0.0156, 'memory cd4 t cells': 0.0456, 'monocytes': 0.0478, 'naive b cells': 0.0972, 'naive cd4 t cells': 0.0437, 'naive cd8 t cells': 0.0537, 'neutrophils': 0.499, 'nk cells': 0.0311, 'regulatory t cells': 0.0211, 't effector cell cd8': 0.0399}",F,53.09,13.0,C50,2.261,True,2.261,breast,2-5
GSM1235552,0.9697587791576238,0.34632580872290364,1.0019761299169212,3398,"{'basophils': 0.0276, 'effector memory cd8 t cells': 0.0614, 'embryonic stem cells': 0.0204, 'memory cd4 t cells': 0.0843, 'monocytes': 0.0599, 'naive b cells': 0.1183, 'naive cd4 t cells': 0.0947, 'naive cd8 t cells': 0.0756, 'neutrophils': 0.3463, 'nk cells': 0.0366, 'pancreatic beta': 0.0104, 'regulatory t cells': 0.0317, 't effector cell cd8': 0.0216}",F,51.444,12.0,,,True,,control,
GSM1235553,0.962373113939899,0.3771854788929009,0.9767814102880241,3387,"{'basophils': 0.0278, 'effector memory cd8 t cells': 0.0772, 'embryonic stem cells': 0.0239, 'memory cd4 t cells': 0.0811, 'monocytes': 0.0594, 'naive b cells': 0.1164, 'naive cd4 t cells': 0.0462, 'naive cd8 t cells': 0.0405, 'neutrophils': 0.3772, 'nk cells': 0.0599, 'pancreatic beta': 0.0112, 'regulatory t cells': 0.0197, 't effector cell cd8': 0.0454}",F,44.772,12.0,C50,3.762,True,3.762,breast,2-5
GSM1235554,0.9692799442810326,0.4416425303931162,0.9676104775754645,3393,"{'basophils': 0.0334, 'embryonic stem cells': 0.0208, 'monocytes': 0.0376, 'naive b cells': 0.1217, 'naive cd4 t cells': 0.1269, 'naive cd8 t cells': 0.0736, 'neutrophils': 0.4416, 'nk cells': 0.0514, 'regulatory t cells': 0.0354, 't effector cell cd8': 0.0282}",F,53.487,11.0,,,True,,control,
GSM1235555,0.9731707367631177,0.5779717553477345,1.0115481031206808,3391,"{'basophils': 0.0251, 'embryonic stem cells': 0.0197, 'memory cd4 t cells': 0.016, 'monocytes': 0.0376, 'naive b cells': 0.0941, 'naive cd4 t cells': 0.0949, 'naive cd8 t cells': 0.0339, 'neutrophils': 0.578, 'regulatory t cells': 0.0126, 't effector cell cd8': 0.0601}",F,58.576,12.0,,,True,,control,
GSM1235556,0.9802620532688253,0.41746924906171967,0.9963680511500045,3400,"{'basophils': 0.0327, 'embryonic stem cells': 0.0147, 'memory cd4 t cells': 0.0268, 'monocytes': 0.0798, 'naive b cells': 0.1063, 'naive cd4 t cells': 0.1602, 'naive cd8 t cells': 0.044, 'neutrophils': 0.4175, 'nk cells': 0.0449, 't effector cell cd8': 0.0299}",F,61.002,12.0,,,True,,control,
GSM1235557,0.9726359341736782,0.37008406833178903,1.0133532072181444,3398,"{'basophils': 0.0258, 'effector memory cd8 t cells': 0.1033, 'embryonic stem cells': 0.0183, 'memory cd4 t cells': 0.0841, 'monocytes': 0.0494, 'naive b cells': 0.1138, 'naive cd4 t cells': 0.0836, 'naive cd8 t cells': 0.0345, 'neutrophils': 0.3701, 'nk cells': 0.0373, 'regulatory t cells': 0.0198, 't effector cell cd8': 0.0329}",F,58.344,12.0,,,True,,control,
GSM1235558,0.970913372344902,0.3363495157840318,0.9977772935577673,3394,"{'basophils': 0.0208, 'cd8 t cells': 0.0562, 'effector memory cd8 t cells': 0.1347, 'embryonic stem cells': 0.0227, 'eosinophils': 0.0276, 'memory cd4 t cells': 0.0675, 'monocytes': 0.0322, 'naive b cells': 0.1134, 'naive cd4 t cells': 0.0406, 'neutrophils': 0.3363, 'nk cells': 0.0638, 'pancreatic beta': 0.0104, 'regulatory t cells': 0.02, 't effector cell cd8': 0.0447}",F,54.412,12.0,,,True,,control,
GSM1235559,0.968554436892258,0.5122295980832162,0.9749731216558473,3397,"{'basophils': 0.0232, 'effector memory cd8 t cells': 0.023, 'embryonic stem cells': 0.0257, 'memory cd4 t cells': 0.0389, 'monocytes': 0.0338, 'naive b cells': 0.1092, 'naive cd4 t cells': 0.0875, 'naive cd8 t cells': 0.0587, 'neutrophils': 0.5122, 'pancreatic beta': 0.0102, 'regulatory t cells': 0.0161, 't effector cell cd8': 0.0524}",F,51.633,13.0,,,True,,control,
GSM1235560,0.9620829109843891,0.5673637174392386,1.0712372827798562,3380,"{'basophils': 0.0155, 'cd8 t cells': 0.0338, 'effector memory cd8 t cells': 0.0293, 'embryonic stem cells': 0.0124, 'memory cd4 t cells': 0.0588, 'monocytes': 0.0665, 'naive b cells': 0.0869, 'naive cd4 t cells': 0.0337, 'neutrophils': 0.5674, 'nk cells': 0.01, 't effector cell cd8': 0.062}",F,56.726,15.0,,,True,,control,
GSM1235561,0.9677563787646061,0.35520771945665086,1.0517464149485654,3389,"{'basophils': 0.0343, 'effector memory cd8 t cells': 0.112, 'embryonic stem cells': 0.0178, 'memory b cells': 0.0135, 'memory cd4 t cells': 0.0732, 'monocytes': 0.0468, 'naive b cells': 0.1431, 'naive cd4 t cells': 0.0215, 'naive cd8 t cells': 0.028, 'neutrophils': 0.3552, 'nk cells': 0.0581, 'pancreatic beta': 0.0147, 'regulatory t cells': 0.0287, 't effector cell cd8': 0.0266}",F,58.505,10.0,C50,4.408,True,4.408,breast,2-5
GSM1235562,0.9653787874076792,0.4865003428834613,0.9925629738730086,3392,"{'basophils': 0.0219, 'effector memory cd8 t cells': 0.0622, 'embryonic stem cells': 0.0289, 'memory cd4 t cells': 0.0565, 'monocytes': 0.0772, 'naive b cells': 0.0961, 'naive cd4 t cells': 0.0508, 'naive cd8 t cells': 0.0228, 'neutrophils': 0.4865, 'regulatory t cells': 0.0186, 't effector cell cd8': 0.0655}",F,43.866,13.0,C50,3.573,True,3.573,breast,2-5
GSM1235563,0.9657539783715883,0.3698015436956232,0.9964723791306499,3393,"{'basophils': 0.0328, 'effector memory cd8 t cells': 0.0507, 'embryonic stem cells': 0.0238, 'memory cd4 t cells': 0.0571, 'monocytes': 0.0616, 'naive b cells': 0.1154, 'naive cd4 t cells': 0.0839, 'naive cd8 t cells': 0.0944, 'neutrophils': 0.3698, 'nk cells': 0.0247, 'pancreatic beta': 0.0125, 'regulatory t cells': 0.0312, 't effector cell cd8': 0.0332}",F,54.494,12.0,C50,3.641,True,3.641,breast,2-5
GSM1235564,0.9659156628753723,0.44153945313328824,0.9671866617027628,3396,"{'basophils': 0.0333, 'effector memory cd8 t cells': 0.0179, 'embryonic stem cells': 0.0291, 'memory cd4 t cells': 0.0244, 'monocytes': 0.0416, 'naive b cells': 0.108, 'naive cd4 t cells': 0.1138, 'naive cd8 t cells': 0.0717, 'neutrophils': 0.4415, 'nk cells': 0.0159, 'regulatory t cells': 0.0404, 't effector cell cd8': 0.0392}",F,55.792,11.0,C50,0.873,True,0.873,breast,<2
GSM1235565,0.9681647357805734,0.3537327303151843,0.9880567063275073,3391,"{'basophils': 0.022, 'cd8 t cells': 0.0186, 'effector memory cd8 t cells': 0.0914, 'embryonic stem cells': 0.0299, 'memory cd4 t cells': 0.0859, 'monocytes': 0.0464, 'naive b cells': 0.1233, 'naive cd4 t cells': 0.0877, 'naive cd8 t cells': 0.0418, 'neutrophils': 0.3537, 'pancreatic beta': 0.0113, 'regulatory t cells': 0.03, 't effector cell cd8': 0.0425}",F,55.696,14.0,C50,1.344,True,1.344,breast,<2
GSM1235566,0.9562519044568956,0.4789816606318166,0.9762249387481561,3383,"{'basophils': 0.0329, 'effector memory cd8 t cells': 0.0209, 'embryonic stem cells': 0.0319, 'monocytes': 0.0581, 'naive b cells': 0.1214, 'naive cd4 t cells': 0.0863, 'naive cd8 t cells': 0.0572, 'neutrophils': 0.479, 'regulatory t cells': 0.0398, 't effector cell cd8': 0.0528}",F,42.576,9.0,C50,11.4,True,11.4,breast,>8
GSM1235567,0.9819245016282458,0.6158342855611099,1.032503621557595,3401,"{'basophils': 0.0223, 'cd8 t cells': 0.0457, 'embryonic stem cells': 0.01, 'memory cd4 t cells': 0.0239, 'monocytes': 0.0903, 'naive b cells': 0.0494, 'naive cd4 t cells': 0.043, 'neutrophils': 0.6158, 'nk cells': 0.0188, 't effector cell cd8': 0.0528}",F,64.178,12.0,C73,7.723,True,7.723,other,5-8
GSM1235568,0.9659446831709233,0.5071533232001645,0.9936564560841925,3394,"{'basophils': 0.0246, 'effector memory cd8 t cells': 0.0748, 'embryonic stem cells': 0.0232, 'memory cd4 t cells': 0.0238, 'monocytes': 0.0797, 'naive b cells': 0.0883, 'naive cd4 t cells': 0.0366, 'naive cd8 t cells': 0.0308, 'neutrophils': 0.5072, 'regulatory t cells': 0.033, 't effector cell cd8': 0.0532}",F,53.621,12.0,C50,2.16,True,2.16,breast,2-5
GSM1235569,0.9631255687459709,0.7643434411044456,1.0017216006809828,3391,"{'basophils': 0.0113, 'colon macrophages': 0.0151, 'embryonic stem cells': 0.0194, 'lung interstitial macrophages': 0.0258, 'naive b cells': 0.0583, 'naive cd4 t cells': 0.0301, 'naive cd8 t cells': 0.0294, 'neutrophils': 0.7643, 't effector cell cd8': 0.0341}",F,54.401,12.0,C50,3.261,True,3.261,breast,2-5
GSM1235570,0.9719042081501427,0.4986812211898437,1.0249597953080505,3398,"{'basophils': 0.0283, 'cd8 t cells': 0.0138, 'effector memory cd8 t cells': 0.0522, 'embryonic stem cells': 0.0166, 'memory cd4 t cells': 0.0568, 'monocytes': 0.0358, 'naive b cells': 0.0832, 'naive cd4 t cells': 0.0711, 'naive cd8 t cells': 0.0476, 'neutrophils': 0.4987, 'nk cells': 0.0118, 'pancreatic beta': 0.0109, 'regulatory t cells': 0.0131, 't effector cell cd8': 0.0452}",F,58.787,11.0,,,True,,control,
GSM1235571,0.9578604579817214,0.538253061131224,0.9613429746214802,3384,"{'basophils': 0.0184, 'embryonic stem cells': 0.0339, 'monocytes': 0.0453, 'naive b cells': 0.1153, 'naive cd4 t cells': 0.0772, 'naive cd8 t cells': 0.0436, 'neutrophils': 0.5383, 'nk cells': 0.0309, 'regulatory t cells': 0.0254, 't effector cell cd8': 0.053}",F,42.949,11.0,,,True,,control,
GSM1235572,0.9689275549779135,0.39916009691326004,0.9743068341885479,3395,"{'basophils': 0.0385, 'effector memory cd8 t cells': 0.0176, 'embryonic stem cells': 0.0214, 'memory cd4 t cells': 0.0156, 'monocytes': 0.0557, 'naive b cells': 0.1509, 'naive cd4 t cells': 0.1059, 'naive cd8 t cells': 0.0548, 'neutrophils': 0.3992, 'nk cells': 0.0617, 'regulatory t cells': 0.0334, 't effector cell cd8': 0.0215}",F,51.866,13.0,C50,1.018,True,1.018,breast,<2
GSM1235573,0.9574769755047977,0.44769841512208947,0.9188215663094966,3389,"{'basophils': 0.0212, 'effector memory cd8 t cells': 0.0422, 'embryonic stem cells': 0.0298, 'monocytes': 0.0642, 'naive b cells': 0.1045, 'naive cd4 t cells': 0.0675, 'naive cd8 t cells': 0.0665, 'neutrophils': 0.4477, 'nk cells': 0.023, 'regulatory t cells': 0.0427, 't effector cell cd8': 0.0716}",F,41.344,14.0,C50,5.476,True,5.476,breast,5-8
GSM1235574,0.9638490032564917,0.5091274861160154,0.9779826913104773,3394,"{'basophils': 0.0363, 'embryonic stem cells': 0.0339, 'monocytes': 0.0444, 'naive b cells': 0.0942, 'naive cd4 t cells': 0.0848, 'naive cd8 t cells': 0.0656, 'neutrophils': 0.5091, 'nk cells': 0.0384, 'regulatory t cells': 0.0307, 't effector cell cd8': 0.0404}",F,58.453,15.0,C50,4.145,True,4.145,breast,2-5
GSM1235575,0.965691792023979,0.5707031379871497,1.0186838900902848,3395,"{'basophils': 0.0203, 'effector memory cd8 t cells': 0.0237, 'embryonic stem cells': 0.0192, 'monocytes': 0.0621, 'naive b cells': 0.0872, 'naive cd4 t cells': 0.0736, 'naive cd8 t cells': 0.0354, 'neutrophils': 0.5707, 'nk cells': 0.0205, 'regulatory t cells': 0.0259, 't effector cell cd8': 0.0384}",F,43.387,13.0,C50,3.606,True,3.606,breast,2-5
GSM1235576,0.9756955024760531,0.41849394938447326,0.9908438249041454,3401,"{'basophils': 0.0275, 'effector memory cd8 t cells': 0.046, 'embryonic stem cells': 0.0201, 'memory cd4 t cells': 0.0325, 'monocytes': 0.0836, 'naive b cells': 0.0899, 'naive cd4 t cells': 0.0905, 'naive cd8 t cells': 0.0566, 'neutrophils': 0.4185, 'nk cells': 0.0516, 'regulatory t cells': 0.017, 't effector cell cd8': 0.0499}",F,41.218,11.0,,,True,,control,
GSM1235577,0.9668546767242719,0.4499876912036333,1.0061030372393704,3397,"{'basophils': 0.0298, 'effector memory cd8 t cells': 0.0721, 'embryonic stem cells': 0.0243, 'memory cd4 t cells': 0.0572, 'monocytes': 0.0462, 'naive b cells': 0.1171, 'naive cd4 t cells': 0.0518, 'naive cd8 t cells': 0.0414, 'neutrophils': 0.45, 'nk cells': 0.0114, 'regulatory t cells': 0.0357, 't effector cell cd8': 0.0437}",F,39.439,14.0,,,True,,control,
GSM1235578,0.9765039249949733,0.5157153744505398,1.0103253983295863,3400,"{'basophils': 0.0226, 'cd8 t cells': 0.0662, 'effector memory cd8 t cells': 0.0159, 'embryonic stem cells': 0.0171, 'memory cd4 t cells': 0.0511, 'monocytes': 0.0526, 'naive b cells': 0.0906, 'naive cd4 t cells': 0.0744, 'neutrophils': 0.5157, 'nk cells': 0.0212, 't effector cell cd8': 0.0533}",F,61.413,13.0,C50,0.791,True,0.791,breast,<2
GSM1235579,0.9725405817740107,0.4025776724184165,0.9883457609932077,3399,"{'basophils': 0.0292, 'embryonic stem cells': 0.0171, 'memory cd4 t cells': 0.0946, 'monocytes': 0.0415, 'naive b cells': 0.0953, 'naive cd4 t cells': 0.1154, 'naive cd8 t cells': 0.0444, 'neutrophils': 0.4026, 'nk cells': 0.0944, 'pancreatic beta': 0.0103, 't effector cell cd8': 0.0267}",F,59.912,11.0,C50,3.307,True,3.307,breast,2-5
GSM1235580,0.9629680299986941,0.5514213524252647,1.014269441641564,3384,"{'basophils': 0.0252, 'effector memory cd8 t cells': 0.0223, 'embryonic stem cells': 0.0154, 'memory cd4 t cells': 0.017, 'monocytes': 0.0557, 'naive b cells': 0.0945, 'naive cd4 t cells': 0.0734, 'naive cd8 t cells': 0.0221, 'neutrophils': 0.5514, 'nk cells': 0.0168, 'regulatory t cells': 0.0232, 't effector cell cd8': 0.0695}",F,54.226,12.0,,,True,,control,
GSM1235581,0.9701484802693083,0.5750603973955092,0.9781990170532664,3393,"{'basophils': 0.025, 'embryonic stem cells': 0.0238, 'memory cd4 t cells': 0.0318, 'monocytes': 0.0351, 'naive b cells': 0.0814, 'naive cd4 t cells': 0.1169, 'naive cd8 t cells': 0.0247, 'neutrophils': 0.5751, 't effector cell cd8': 0.0582}",F,50.196,12.0,,,True,,control,
GSM1235582,0.9556777171806369,0.421863940122033,0.9903735973106821,3384,"{'basophils': 0.0204, 'effector memory cd8 t cells': 0.0472, 'embryonic stem cells': 0.0266, 'monocytes': 0.0259, 'naive b cells': 0.1456, 'naive cd4 t cells': 0.0814, 'naive cd8 t cells': 0.0814, 'neutrophils': 0.4219, 'nk cells': 0.0371, 'pancreatic beta': 0.0119, 'regulatory t cells': 0.0474, 't effector cell cd8': 0.0414}",F,42.658,10.0,C50,1.829,True,1.829,breast,<2
GSM1235583,0.9610526904923293,0.6435558487629349,1.0097027033781465,3394,"{'embryonic stem cells': 0.0243, 'lung interstitial macrophages': 0.0141, 'monocytes': 0.0638, 'naive b cells': 0.0689, 'naive cd4 t cells': 0.0369, 'naive cd8 t cells': 0.0545, 'neutrophils': 0.6436, 'nk cells': 0.0229, 'regulatory t cells': 0.0132, 't effector cell cd8': 0.0349}",F,50.251,13.0,C50,2.108,True,2.108,breast,2-5
GSM1235584,0.9706273151458995,0.5410745942776399,1.0216765724659735,3395,"{'basophils': 0.0181, 'effector memory cd8 t cells': 0.0814, 'embryonic stem cells': 0.0161, 'memory cd4 t cells': 0.0193, 'monocytes': 0.0666, 'naive b cells': 0.0711, 'naive cd4 t cells': 0.0397, 'naive cd8 t cells': 0.0303, 'neutrophils': 0.5411, 'nk cells': 0.0161, 'pancreatic beta': 0.0101, 'regulatory t cells': 0.0178, 't effector cell cd8': 0.0607}",F,52.408,12.0,C18,4.142,True,4.142,colorectal,2-5
GSM1235585,0.9668836970198229,0.36099125441038976,0.9552527621934739,3394,"{'basophils': 0.037, 'effector memory cd8 t cells': 0.049, 'embryonic stem cells': 0.0212, 'memory cd4 t cells': 0.0321, 'monocytes': 0.099, 'naive b cells': 0.1207, 'naive cd4 t cells': 0.1031, 'naive cd8 t cells': 0.063, 'neutrophils': 0.361, 'nk cells': 0.0291, 'regulatory t cells': 0.031, 't effector cell cd8': 0.0332}",F,52.35,13.0,C50,1.958,True,1.958,breast,<2
GSM1235586,0.9696344064624053,0.5885562439908256,1.0165458004043892,3387,"{'basophils': 0.022, 'effector memory cd8 t cells': 0.0358, 'embryonic stem cells': 0.0194, 'monocytes': 0.0556, 'naive b cells': 0.0799, 'naive cd4 t cells': 0.0622, 'naive cd8 t cells': 0.0538, 'neutrophils': 0.5886, 't effector cell cd8': 0.0534}",F,38.927,12.0,C50,0.643,True,0.643,breast,<2
GSM1235587,0.9722400144272326,0.3514085931268598,0.9905822624115016,3397,"{'basophils': 0.0281, 'cd8 t cells': 0.0409, 'effector memory cd8 t cells': 0.1272, 'embryonic stem cells': 0.0172, 'memory cd4 t cells': 0.0762, 'monocytes': 0.0479, 'naive b cells': 0.1111, 'naive cd4 t cells': 0.0579, 'neutrophils': 0.3514, 'nk cells': 0.0473, 'pancreatic beta': 0.0133, 'regulatory t cells': 0.021, 't effector cell cd8': 0.0479}",F,50.853,13.0,,,True,,control,
GSM1235588,0.9766262248119382,0.48250178426903395,1.0139899398881473,3399,"{'basophils': 0.0267, 'cd8 t cells': 0.0186, 'effector memory cd8 t cells': 0.0584, 'embryonic stem cells': 0.0193, 'memory cd4 t cells': 0.0607, 'monocytes': 0.0428, 'naive b cells': 0.0877, 'naive cd4 t cells': 0.0591, 'naive cd8 t cells': 0.0164, 'neutrophils': 0.4825, 'nk cells': 0.0508, 'regulatory t cells': 0.0135, 't effector cell cd8': 0.0426}",F,64.394,15.0,C50,0.767,True,0.767,breast,<2
GSM1235589,0.9727893271644477,0.45033444561295183,1.0683493071156052,3389,"{'adipocytes': 0.0156, 'basophils': 0.0281, 'cd8 t cells': 0.0636, 'effector memory cd8 t cells': 0.0771, 'embryonic stem cells': 0.0123, 'memory cd4 t cells': 0.0912, 'monocytes': 0.0481, 'naive b cells': 0.1183, 'neutrophils': 0.4503, 'nk cells': 0.0204, 'regulatory t cells': 0.0127, 't effector cell cd8': 0.0436}",F,56.575,13.0,C50,1.101,True,1.101,breast,<2
GSM1235590,0.9681232782155006,0.31151850236068657,0.9381566406295462,3397,"{'basophils': 0.0229, 'effector memory cd8 t cells': 0.1011, 'embryonic stem cells': 0.0268, 'memory cd4 t cells': 0.0205, 'monocytes': 0.0537, 'naive b cells': 0.1451, 'naive cd4 t cells': 0.1159, 'naive cd8 t cells': 0.0611, 'neutrophils': 0.3115, 'nk cells': 0.0427, 'pancreatic beta': 0.0118, 'regulatory t cells': 0.0329, 't effector cell cd8': 0.0427}",F,55.981,14.0,,,True,,control,
GSM1235591,0.9497575768882366,0.6410379302523643,0.986908429277256,3382,"{'basophils': 0.0134, 'embryonic stem cells': 0.0236, 'lung interstitial macrophages': 0.0197, 'monocytes': 0.0597, 'naive b cells': 0.0757, 'naive cd4 t cells': 0.0409, 'naive cd8 t cells': 0.0548, 'neutrophils': 0.641, 'regulatory t cells': 0.0146, 't effector cell cd8': 0.0367}",F,39.439,14.0,C50,1.451,True,1.451,breast,<2
GSM1235592,0.9642656517854736,0.5204320275408406,0.957369813728506,3383,"{'basophils': 0.023, 'effector memory cd8 t cells': 0.0508, 'embryonic stem cells': 0.0192, 'monocytes': 0.0546, 'naive b cells': 0.0885, 'naive cd4 t cells': 0.0608, 'naive cd8 t cells': 0.0467, 'neutrophils': 0.5204, 'nk cells': 0.0209, 'regulatory t cells': 0.0225, 't effector cell cd8': 0.0613}",F,60.246,13.0,C20,4.183,False,4.183,colorectal,2-5
GSM1235593,0.967698338173504,0.573163615833337,0.9773977202650668,3385,"{'basophils': 0.0237, 'embryonic stem cells': 0.0231, 'monocytes': 0.0482, 'naive b cells': 0.0784, 'naive cd4 t cells': 0.0671, 'naive cd8 t cells': 0.0319, 'neutrophils': 0.5732, 'nk cells': 0.0377, 'regulatory t cells': 0.023, 't central memory cd4': 0.0289, 't effector cell cd8': 0.0339}",F,62.962,14.0,,,False,,control,
GSM1235594,0.9686062588485991,0.5122128577107972,1.0295659173224194,3398,"{'basophils': 0.029, 'embryonic stem cells': 0.0156, 'memory cd4 t cells': 0.051, 'monocytes': 0.0524, 'naive b cells': 0.085, 'naive cd4 t cells': 0.0805, 'naive cd8 t cells': 0.0454, 'neutrophils': 0.5122, 'nk cells': 0.0319, 'regulatory t cells': 0.0278, 't effector cell cd8': 0.0356}",F,49.429,12.0,C50,2.549,True,2.549,breast,2-5
GSM1235595,0.9771859019404213,0.4890465519284252,0.9636342043229389,3393,"{'basophils': 0.0177, 'cd8 t cells': 0.0269, 'effector memory cd8 t cells': 0.0485, 'embryonic stem cells': 0.0141, 'memory cd4 t cells': 0.0557, 'monocytes': 0.0707, 'naive b cells': 0.0856, 'naive cd4 t cells': 0.0465, 'neutrophils': 0.489, 'nk cells': 0.0166, 'regulatory t cells': 0.0186, 't effector cell cd8': 0.0726}",F,60.487,12.0,,,False,,control,
GSM1235596,0.9733821703449891,0.39937758326511047,0.9808164796037205,3401,"{'basophils': 0.0272, 'cd8 t cells': 0.011, 'effector memory cd8 t cells': 0.0412, 'embryonic stem cells': 0.0261, 'memory cd4 t cells': 0.0488, 'monocytes': 0.0682, 'naive b cells': 0.1095, 'naive cd4 t cells': 0.1017, 'naive cd8 t cells': 0.0287, 'neutrophils': 0.3994, 'nk cells': 0.0605, 'regulatory t cells': 0.0141, 't effector cell cd8': 0.0502}",F,61.177,14.0,,,True,,control,
GSM1235597,0.9803760615727757,0.5013353208758546,0.9527553615006962,3398,"{'basophils': 0.0234, 'cd8 t cells': 0.0359, 'effector memory cd8 t cells': 0.0629, 'embryonic stem cells': 0.0177, 'memory cd4 t cells': 0.0796, 'monocytes': 0.0529, 'naive b cells': 0.0989, 'neutrophils': 0.5013, 't effector cell cd8': 0.0954}",F,64.372,16.0,,,False,,control,
GSM1235598,0.9658907883363287,0.5606011553391397,0.950854227106233,3387,"{'basophils': 0.011, 'effector memory cd8 t cells': 0.0266, 'embryonic stem cells': 0.0197, 'lung interstitial macrophages': 0.0103, 'memory cd4 t cells': 0.0116, 'monocytes': 0.0256, 'naive b cells': 0.0914, 'naive cd4 t cells': 0.0906, 'naive cd8 t cells': 0.036, 'neutrophils': 0.5606, 'regulatory t cells': 0.0222, 't effector cell cd8': 0.0558}",F,44.454,12.0,C18,9.703,False,9.703,colorectal,>8
GSM1235599,0.9598607854964855,0.6524281991548644,0.963976412518639,3377,"{'basophils': 0.0233, 'embryonic stem cells': 0.021, 'lung interstitial macrophages': 0.0101, 'monocytes': 0.0481, 'naive b cells': 0.0594, 'naive cd4 t cells': 0.04, 'naive cd8 t cells': 0.034, 'neutrophils': 0.6524, 't central memory cd4': 0.0224, 't effector cell cd8': 0.0618}",F,43.992,16.0,,,False,,control,
GSM1235600,0.9758053650234961,0.5055722676945623,1.0146050537127582,3400,"{'basophils': 0.0326, 'effector memory cd8 t cells': 0.0579, 'embryonic stem cells': 0.0204, 'memory b cells': 0.0139, 'memory cd4 t cells': 0.0577, 'monocytes': 0.0813, 'naive b cells': 0.092, 'naive cd4 t cells': 0.0234, 'naive cd8 t cells': 0.0122, 'neutrophils': 0.5056, 'nk cells': 0.0123, 'regulatory t cells': 0.0235, 't effector cell cd8': 0.045}",F,56.197,15.0,C50,1.796,True,1.796,breast,<2
GSM1235601,0.9726297155389173,0.5674131776312039,1.0120951787936017,3394,"{'basophils': 0.0164, 'effector memory cd8 t cells': 0.0261, 'embryonic stem cells': 0.0162, 'monocytes': 0.079, 'naive b cells': 0.0768, 'naive cd4 t cells': 0.0544, 'naive cd8 t cells': 0.0435, 'neutrophils': 0.5674, 'nk cells': 0.0329, 'regulatory t cells': 0.0208, 't central memory cd4': 0.0129, 't effector cell cd8': 0.0387}",F,47.68,11.0,C50,8.975,True,8.975,breast,>8
GSM1235602,0.9690104701080592,0.467621367260024,0.9603760355075223,3254,"{'basophils': 0.029, 'effector memory cd8 t cells': 0.0217, 'embryonic stem cells': 0.0176, 'memory cd4 t cells': 0.0417, 'monocytes': 0.0526, 'naive b cells': 0.1104, 'naive cd4 t cells': 0.0596, 'naive cd8 t cells': 0.0647, 'neutrophils': 0.4676, 'nk cells': 0.0247, 'regulatory t cells': 0.0205, 't effector cell cd8': 0.0513}",F,58.448,14.0,C19,4.827,False,4.827,colorectal,2-5
GSM1235603,0.9700323990871044,0.568392675179547,1.0107186664874879,3387,"{'basophils': 0.0165, 'effector memory cd8 t cells': 0.0712, 'embryonic stem cells': 0.0185, 'lung interstitial macrophages': 0.0116, 'memory cd4 t cells': 0.0301, 'monocytes': 0.0427, 'naive b cells': 0.0674, 'naive cd4 t cells': 0.024, 'naive cd8 t cells': 0.0192, 'neutrophils': 0.5684, 'nk cells': 0.0386, 't effector cell cd8': 0.0689}",F,63.107,12.0,C18,5.788,False,5.788,colorectal,5-8
GSM1235604,0.9689793769342545,0.3655258099576549,0.9829232029805298,3394,"{'basophils': 0.0351, 'cd8 t cells': 0.0213, 'effector memory cd8 t cells': 0.0492, 'embryonic stem cells': 0.0253, 'memory cd4 t cells': 0.0448, 'monocytes': 0.0499, 'naive b cells': 0.1238, 'naive cd4 t cells': 0.0799, 'naive cd8 t cells': 0.0625, 'neutrophils': 0.3655, 'nk cells': 0.0652, 'regulatory t cells': 0.013, 't effector cell cd8': 0.0468}",F,63.896,12.0,,,True,,control,
GSM1235605,0.9632209211456384,0.3478180035864118,0.9846336681520744,3388,"{'basophils': 0.0348, 'cd8 t cells': 0.0552, 'effector memory cd8 t cells': 0.0342, 'embryonic stem cells': 0.0253, 'memory cd4 t cells': 0.0554, 'monocytes': 0.0419, 'naive b cells': 0.1326, 'naive cd4 t cells': 0.1436, 'naive cd8 t cells': 0.0197, 'neutrophils': 0.3478, 'nk cells': 0.0271, 'pancreatic beta': 0.0103, 'regulatory t cells': 0.0141, 't effector cell cd8': 0.0556}",F,63.91,12.0,,,True,,control,
GSM1235606,0.9670744018191579,0.3564608628842028,1.0761732530655912,3391,"{'basophils': 0.025, 'effector memory cd8 t cells': 0.2222, 'embryonic stem cells': 0.0235, 'memory cd4 t cells': 0.0641, 'monocytes': 0.0527, 'naive b cells': 0.069, 'neutrophils': 0.3565, 'nk cells': 0.0451, 'regulatory t cells': 0.0287, 't effector cell cd8': 0.0911}",F,56.843,12.0,C50,1.352,True,1.352,breast,<2
GSM1235607,0.971220158326441,0.48416426305017374,1.008445673317721,3396,"{'basophils': 0.0268, 'cd8 t cells': 0.0502, 'effector memory cd8 t cells': 0.098, 'embryonic stem cells': 0.0258, 'memory cd4 t cells': 0.0761, 'monocytes': 0.0461, 'naive b cells': 0.0926, 'naive cd4 t cells': 0.0148, 'neutrophils': 0.4842, 't effector cell cd8': 0.0694}",F,63.713,13.0,C50,0.794,True,0.794,breast,<2
GSM1235608,0.9808756252319033,0.5072906369021306,0.9526724450302673,3395,"{'basophils': 0.0223, 'effector memory cd8 t cells': 0.0294, 'embryonic stem cells': 0.0195, 'eosinophils': 0.0149, 'memory cd4 t cells': 0.0658, 'monocytes': 0.0654, 'naive b cells': 0.0698, 'naive cd4 t cells': 0.0756, 'naive cd8 t cells': 0.0129, 'neutrophils': 0.5073, 'nk cells': 0.0145, 't effector cell cd8': 0.0728}",F,50.103,12.0,C18,5.287,False,5.287,colorectal,5-8
GSM1235609,0.969433337271802,0.4487023945458438,0.9345059618910772,3388,"{'basophils': 0.0263, 'embryonic stem cells': 0.0244, 'eosinophils': 0.0114, 'monocytes': 0.07, 'naive b cells': 0.0999, 'naive cd4 t cells': 0.1354, 'naive cd8 t cells': 0.0681, 'neutrophils': 0.4487, 'nk cells': 0.0224, 'regulatory t cells': 0.0141, 't central memory cd4': 0.0166, 't effector cell cd8': 0.0383}",F,45.394,11.0,,,False,,control,
GSM1235610,0.9602131747996044,0.4567495164505298,1.0086580164456003,3381,"{'adipocytes': 0.0108, 'basophils': 0.0343, 'cd8 t cells': 0.043, 'effector memory cd8 t cells': 0.0844, 'embryonic stem cells': 0.0214, 'memory cd4 t cells': 0.0395, 'monocytes': 0.0607, 'naive b cells': 0.0868, 'naive cd4 t cells': 0.0131, 'neutrophils': 0.4567, 'nk cells': 0.042, 'pancreatic beta': 0.0114, 'regulatory t cells': 0.0205, 't effector cell cd8': 0.0731}",F,61.812,12.0,C18,3.326,False,3.326,colorectal,2-5
GSM1235611,0.9724783954264015,0.3450256209834124,0.9641188663068201,3397,"{'basophils': 0.0261, 'cd8 t cells': 0.012, 'effector memory cd8 t cells': 0.0263, 'embryonic stem cells': 0.0197, 'memory cd4 t cells': 0.0839, 'monocytes': 0.0555, 'naive b cells': 0.1328, 'naive cd4 t cells': 0.1529, 'naive cd8 t cells': 0.0353, 'neutrophils': 0.345, 'nk cells': 0.0426, 'pancreatic beta': 0.0107, 't effector cell cd8': 0.0424}",F,58.502,13.0,C50,0.824,True,0.824,breast,<2
GSM1235612,0.9765122165079878,0.4817024116389551,1.0432008411948168,3397,"{'adipocytes': 0.0127, 'basophils': 0.0232, 'cd8 t cells': 0.067, 'embryonic stem cells': 0.0138, 'lung interstitial macrophages': 0.0164, 'memory cd4 t cells': 0.0889, 'monocytes': 0.0481, 'naive b cells': 0.1147, 'naive cd4 t cells': 0.0544, 'neutrophils': 0.4817, 't effector cell cd8': 0.0444}",F,58.834,14.0,,,True,,control,
GSM1235613,0.9777517977036655,0.5273729668522332,0.9467671338482969,3391,"{'basophils': 0.0223, 'cd8 t cells': 0.0301, 'colon macrophages': 0.0117, 'effector memory cd8 t cells': 0.0334, 'embryonic stem cells': 0.0248, 'memory cd4 t cells': 0.0449, 'monocytes': 0.0432, 'naive b cells': 0.0774, 'naive cd4 t cells': 0.0514, 'neutrophils': 0.5274, 'nk cells': 0.0337, 't effector cell cd8': 0.0817}",F,55.915,14.0,,,False,,control,
GSM1235614,0.971029453527106,0.44491494727044567,0.9934816588548551,3389,"{'basophils': 0.0258, 'effector memory cd8 t cells': 0.0336, 'embryonic stem cells': 0.0232, 'memory cd4 t cells': 0.046, 'monocytes': 0.0562, 'naive b cells': 0.0923, 'naive cd4 t cells': 0.0684, 'naive cd8 t cells': 0.0386, 'neutrophils': 0.4449, 'nk cells': 0.0591, 'regulatory t cells': 0.0324, 't effector cell cd8': 0.054}",F,60.348,16.0,,,False,,control,
GSM1235615,0.9749969425045759,0.4692702238239373,0.9350794628430323,3387,"{'basophils': 0.0177, 'effector memory cd8 t cells': 0.0596, 'embryonic stem cells': 0.0175, 'memory cd4 t cells': 0.0646, 'monocytes': 0.0471, 'naive b cells': 0.0957, 'naive cd4 t cells': 0.0377, 'neutrophils': 0.4693, 'nk cells': 0.0594, 'regulatory t cells': 0.0155, 't effector cell cd8': 0.0899}",F,49.035,12.0,,,False,,control,
GSM1235616,0.9731209876850303,0.4703788649139606,0.9753254844139045,3391,"{'basophils': 0.0253, 'effector memory cd8 t cells': 0.0179, 'embryonic stem cells': 0.0216, 'memory cd4 t cells': 0.0499, 'monocytes': 0.0414, 'naive b cells': 0.0845, 'naive cd4 t cells': 0.1139, 'naive cd8 t cells': 0.0383, 'neutrophils': 0.4704, 'nk cells': 0.0435, 'regulatory t cells': 0.0141, 't effector cell cd8': 0.0482}",F,44.186,12.0,C18,6.371,False,6.371,colorectal,5-8
GSM1235617,0.9713714784389569,0.423407941766723,0.9912269479510434,3396,"{'basophils': 0.0219, 'effector memory cd8 t cells': 0.0595, 'embryonic stem cells': 0.0159, 'memory cd4 t cells': 0.0467, 'monocytes': 0.0573, 'naive b cells': 0.1132, 'naive cd4 t cells': 0.04, 'naive cd8 t cells': 0.0533, 'neutrophils': 0.4234, 'nk cells': 0.0653, 'pancreatic beta': 0.0116, 'regulatory t cells': 0.0322, 't effector cell cd8': 0.0477}",F,59.31,14.0,C50,1.936,True,1.936,breast,<2
GSM1235618,0.9626633168954087,0.37831065921414964,0.9592450857388843,3379,"{'basophils': 0.0212, 'effector memory cd8 t cells': 0.0331, 'embryonic stem cells': 0.0244, 'memory cd4 t cells': 0.0709, 'monocytes': 0.0641, 'naive b cells': 0.11, 'naive cd4 t cells': 0.1252, 'naive cd8 t cells': 0.0571, 'neutrophils': 0.3783, 'nk cells': 0.0112, 'regulatory t cells': 0.0169, 't effector cell cd8': 0.0721}",F,53.372,12.0,C18,2.256,False,2.256,colorectal,2-5
GSM1235619,0.9769185006457016,0.7080172953051939,1.0403231734190062,3402,"{'basophils': 0.013, 'cd8 t cells': 0.0287, 'effector memory cd8 t cells': 0.0237, 'embryonic stem cells': 0.0182, 'memory cd4 t cells': 0.0145, 'monocytes': 0.0406, 'naive b cells': 0.0519, 'naive cd4 t cells': 0.0223, 'neutrophils': 0.708, 't effector cell cd8': 0.0616}",F,45.153,10.0,C50,2.653,True,2.653,breast,2-5
GSM1235620,0.973666154665738,0.33533263543274927,0.9780690497100263,3397,"{'basophils': 0.0293, 'cd8 t cells': 0.0415, 'effector memory cd8 t cells': 0.1035, 'embryonic stem cells': 0.0181, 'memory cd4 t cells': 0.0607, 'monocytes': 0.0656, 'naive b cells': 0.0942, 'naive cd4 t cells': 0.0673, 'naive cd8 t cells': 0.0508, 'neutrophils': 0.3353, 'nk cells': 0.0424, 'regulatory t cells': 0.0248, 't effector cell cd8': 0.0473}",F,54.333,13.0,C50,1.533,True,1.533,breast,<2
GSM1235621,0.970722667545567,0.25381252082430916,,3394,"{'basophils': 0.0366, 'cd8 t cells': 0.1001, 'effector memory cd8 t cells': 0.1276, 'embryonic stem cells': 0.0137, 'eosinophils': 0.0576, 'memory cd4 t cells': 0.0833, 'monocytes': 0.0314, 'naive b cells': 0.0673, 'naive cd4 t cells': 0.0489, 'neutrophils': 0.2538, 'nk cells': 0.1007, 'pancreatic beta': 0.0104, 'regulatory t cells': 0.013, 't effector cell cd8': 0.046}",F,59.201,16.0,,,True,,control,
GSM1235622,0.9715414544557555,0.4699272663175592,0.9609528552930514,3390,"{'basophils': 0.028, 'effector memory cd8 t cells': 0.0442, 'embryonic stem cells': 0.0231, 'memory cd4 t cells': 0.0228, 'monocytes': 0.0621, 'naive b cells': 0.0933, 'naive cd4 t cells': 0.0599, 'naive cd8 t cells': 0.0489, 'neutrophils': 0.4699, 'nk cells': 0.0481, 'regulatory t cells': 0.029, 't central memory cd4': 0.022, 't effector cell cd8': 0.0255}",F,52.682,12.0,C18,8.632,False,8.632,colorectal,>8
GSM1235623,0.9706853557370015,0.31397653084206756,0.862336277232558,3395,"{'basophils': 0.0286, 'effector memory cd8 t cells': 0.077, 'embryonic stem cells': 0.0207, 'monocytes': 0.1056, 'naive b cells': 0.1239, 'naive cd4 t cells': 0.1202, 'naive cd8 t cells': 0.0536, 'neutrophils': 0.314, 'nk cells': 0.0318, 'regulatory t cells': 0.0322, 't effector cell cd8': 0.0535}",F,59.89,13.0,C20,7.989,False,7.989,colorectal,5-8
GSM1235624,0.976176410230898,0.3461335433456709,1.0121384396222872,3397,"{'basophils': 0.0256, 'cd8 t cells': 0.0172, 'embryonic stem cells': 0.0208, 'memory cd4 t cells': 0.1185, 'monocytes': 0.0383, 'naive b cells': 0.1615, 'naive cd4 t cells': 0.114, 'naive cd8 t cells': 0.0528, 'neutrophils': 0.3461, 'nk cells': 0.0361, 't effector cell cd8': 0.0324}",F,57.399,11.0,C50,1.949,True,1.949,breast,<2
GSM1235625,0.9646491342623974,0.6667642477350397,0.9948354300572869,3393,"{'basophils': 0.0236, 'embryonic stem cells': 0.0251, 'lung interstitial macrophages': 0.0139, 'monocytes': 0.0268, 'naive b cells': 0.0694, 'naive cd4 t cells': 0.0703, 'naive cd8 t cells': 0.0269, 'neutrophils': 0.6668, 't effector cell cd8': 0.055}",F,51.674,13.0,,,True,,control,
GSM1235626,0.9635608731792356,0.6081537545515106,0.9785709379422342,3374,"{'basophils': 0.0165, 'colon macrophages': 0.0183, 'embryonic stem cells': 0.0189, 'lung interstitial macrophages': 0.0112, 'monocytes': 0.0294, 'naive b cells': 0.0985, 'naive cd4 t cells': 0.0436, 'naive cd8 t cells': 0.0428, 'neutrophils': 0.6082, 'regulatory t cells': 0.0173, 't effector cell cd8': 0.0639}",F,47.012,13.0,,,False,,control,
GSM1235627,0.9625762560087558,0.4958451904286779,0.9712582419163251,3382,"{'basophils': 0.0218, 'cd8 t cells': 0.0198, 'effector memory cd8 t cells': 0.1013, 'embryonic stem cells': 0.0234, 'memory cd4 t cells': 0.0534, 'monocytes': 0.0302, 'naive b cells': 0.0841, 'naive cd4 t cells': 0.0229, 'naive cd8 t cells': 0.0155, 'neutrophils': 0.4958, 'regulatory t cells': 0.0267, 't effector cell cd8': 0.0856}",F,48.37,13.0,C18,6.114,False,6.114,colorectal,5-8
GSM1235628,0.9760624019269476,0.4241079064865984,1.0070187433612017,3396,"{'basophils': 0.0318, 'cd8 t cells': 0.0501, 'effector memory cd8 t cells': 0.0693, 'embryonic stem cells': 0.0203, 'memory cd4 t cells': 0.0557, 'monocytes': 0.0718, 'naive b cells': 0.101, 'naive cd4 t cells': 0.0602, 'naive cd8 t cells': 0.0103, 'neutrophils': 0.4241, 'nk cells': 0.0292, 'regulatory t cells': 0.017, 't effector cell cd8': 0.0385}",F,56.131,16.0,,,True,,control,
GSM1235629,0.95874764987428,0.5628389156411947,0.9621709326060199,3239,"{'basophils': 0.0181, 'embryonic stem cells': 0.0238, 'lung interstitial macrophages': 0.0175, 'monocytes': 0.0254, 'naive b cells': 0.0904, 'naive cd4 t cells': 0.0788, 'naive cd8 t cells': 0.0652, 'neutrophils': 0.5628, 'nk cells': 0.0222, 'regulatory t cells': 0.0239, 't central memory cd4': 0.0195, 't effector cell cd8': 0.0334}",F,42.119,12.0,C18,7.937,False,7.937,colorectal,5-8
GSM1235630,0.9661457523615266,0.6344733010127609,0.981206479540775,3384,"{'basophils': 0.0152, 'embryonic stem cells': 0.0198, 'eosinophils': 0.0231, 'lung interstitial macrophages': 0.0156, 'monocytes': 0.0304, 'naive b cells': 0.0713, 'naive cd4 t cells': 0.0521, 'naive cd8 t cells': 0.0239, 'neutrophils': 0.6345, 'regulatory t cells': 0.019, 't effector cell cd8': 0.063}",F,57.169,12.0,C20,7.318,False,7.318,colorectal,5-8
GSM1235631,0.9705070882071883,0.5189195704650897,1.021374596285914,3389,"{'basophils': 0.0315, 'embryonic stem cells': 0.0254, 'memory cd4 t cells': 0.014, 'monocytes': 0.0628, 'naive b cells': 0.0837, 'naive cd4 t cells': 0.0851, 'naive cd8 t cells': 0.0341, 'neutrophils': 0.5189, 'nk cells': 0.0485, 'pancreatic beta': 0.0103, 'regulatory t cells': 0.0222, 't effector cell cd8': 0.0371}",F,56.627,11.0,C50,6.927,True,6.927,breast,5-8
GSM1235632,0.9682745983280164,0.6805117330992063,1.0442760856355857,3391,"{'basophils': 0.0164, 'effector memory cd8 t cells': 0.018, 'embryonic stem cells': 0.0131, 'memory cd4 t cells': 0.016, 'monocytes': 0.035, 'naive b cells': 0.0638, 'naive cd4 t cells': 0.046, 'neutrophils': 0.6805, 'regulatory t cells': 0.0105, 't effector cell cd8': 0.0638}",F,64.676,12.0,,,True,,control,
GSM1235633,0.9725882579738444,0.2914922846643682,,3388,"{'basophils': 0.0311, 'effector memory cd8 t cells': 0.0968, 'embryonic stem cells': 0.0284, 'eosinophils': 0.0374, 'memory cd4 t cells': 0.0504, 'monocytes': 0.0763, 'naive b cells': 0.115, 'naive cd4 t cells': 0.0688, 'naive cd8 t cells': 0.0399, 'neutrophils': 0.2915, 'nk cells': 0.0614, 'regulatory t cells': 0.0339, 't effector cell cd8': 0.0541}",F,44.865,13.0,,,False,,control,
GSM1235634,0.9651632080693004,0.5619990460215862,0.9513229315398806,3381,"{'basophils': 0.0269, 'effector memory cd8 t cells': 0.0242, 'embryonic stem cells': 0.0228, 'memory cd4 t cells': 0.0132, 'monocytes': 0.0573, 'naive b cells': 0.0891, 'naive cd4 t cells': 0.0491, 'naive cd8 t cells': 0.0343, 'neutrophils': 0.562, 'regulatory t cells': 0.0216, 't central memory cd4': 0.0161, 't effector cell cd8': 0.0613}",F,44.268,17.0,C18,2.231,False,2.231,colorectal,2-5
GSM1235635,0.9674081352179943,0.4414432616303906,0.9243001619173692,3388,"{'basophils': 0.023, 'effector memory cd8 t cells': 0.0639, 'embryonic stem cells': 0.0279, 'memory cd4 t cells': 0.0397, 'monocytes': 0.0461, 'naive b cells': 0.1113, 'naive cd4 t cells': 0.0615, 'naive cd8 t cells': 0.0486, 'neutrophils': 0.4414, 'nk cells': 0.021, 'regulatory t cells': 0.0351, 't effector cell cd8': 0.0635}",F,52.022,13.0,,,False,,control,
GSM1235636,0.9638676591607745,0.32660899442435487,0.9032214187018314,3388,"{'basophils': 0.0362, 'effector memory cd8 t cells': 0.0542, 'embryonic stem cells': 0.0179, 'eosinophils': 0.0232, 'monocytes': 0.0664, 'naive b cells': 0.1326, 'naive cd4 t cells': 0.0859, 'naive cd8 t cells': 0.0892, 'neutrophils': 0.3266, 'nk cells': 0.0437, 'pancreatic beta': 0.0111, 'regulatory t cells': 0.0576, 't effector cell cd8': 0.0337}",F,54.513,11.0,C20,4.249,False,4.249,colorectal,2-5
GSM1235637,0.9679885411290139,0.5319969326099255,1.0037820272335687,3388,"{'basophils': 0.0183, 'cd8 t cells': 0.0285, 'effector memory cd8 t cells': 0.0409, 'embryonic stem cells': 0.0247, 'memory cd4 t cells': 0.0973, 'monocytes': 0.016, 'naive b cells': 0.0871, 'naive cd4 t cells': 0.0528, 'neutrophils': 0.532, 'regulatory t cells': 0.0152, 't effector cell cd8': 0.0609}",F,65.046,14.0,C50,0.575,True,0.575,breast,<2
GSM1235638,0.9736889563265281,0.40046302411547713,1.0521110055968603,3250,"{'adipocytes': 0.0136, 'basophils': 0.0292, 'embryonic stem cells': 0.0162, 'memory cd4 t cells': 0.0245, 'monocytes': 0.0532, 'naive b cells': 0.1293, 'naive cd4 t cells': 0.1071, 'naive cd8 t cells': 0.0791, 'neutrophils': 0.4005, 'nk cells': 0.057, 't effector cell cd8': 0.0138, 't effector memory cd4': 0.0121}",F,57.169,12.0,C19,10.144,True,10.144,colorectal,>8
GSM1235639,0.9625265069306684,0.5550299336335879,0.9383781590579547,3376,"{'basophils': 0.0313, 'embryonic stem cells': 0.0216, 'lung interstitial macrophages': 0.0153, 'monocytes': 0.0467, 'naive b cells': 0.0844, 'naive cd4 t cells': 0.0515, 'naive cd8 t cells': 0.0546, 'neutrophils': 0.555, 'nk cells': 0.0197, 'regulatory t cells': 0.0177, 't effector cell cd8': 0.0726}",F,51.622,12.0,,,False,,control,
GSM1235640,0.9704138086857744,0.39520931291411865,0.9434993670355541,3395,"{'basophils': 0.038, 'effector memory cd8 t cells': 0.0226, 'embryonic stem cells': 0.025, 'memory cd4 t cells': 0.0378, 'monocytes': 0.0401, 'naive b cells': 0.1149, 'naive cd4 t cells': 0.1253, 'naive cd8 t cells': 0.0715, 'neutrophils': 0.3952, 'nk cells': 0.0468, 'regulatory t cells': 0.0234, 't effector cell cd8': 0.0468}",F,48.6,13.0,,,True,,control,
GSM1235641,0.9724369378613286,0.518287334342437,0.9851720320424289,3397,"{'basophils': 0.0285, 'effector memory cd8 t cells': 0.0414, 'embryonic stem cells': 0.0189, 'eosinophils': 0.0152, 'memory cd4 t cells': 0.021, 'monocytes': 0.0418, 'naive b cells': 0.0824, 'naive cd4 t cells': 0.0752, 'naive cd8 t cells': 0.0432, 'neutrophils': 0.5183, 'nk cells': 0.0381, 't effector cell cd8': 0.0532}",F,38.809,15.0,,,True,,control,
GSM1235642,0.9763380947346819,0.42499051583927955,0.9196182757871937,3397,"{'basophils': 0.0296, 'effector memory cd8 t cells': 0.0452, 'embryonic stem cells': 0.0161, 'memory cd4 t cells': 0.0234, 'monocytes': 0.0755, 'naive b cells': 0.1029, 'naive cd4 t cells': 0.1063, 'naive cd8 t cells': 0.0483, 'neutrophils': 0.425, 'nk cells': 0.0149, 'regulatory t cells': 0.0327, 't effector cell cd8': 0.0575}",F,51.978,13.0,,,False,,control,
GSM1235643,0.9711165144137589,0.5844164171038111,1.006175811097304,3398,"{'basophils': 0.0208, 'colon macrophages': 0.0125, 'effector memory cd8 t cells': 0.0125, 'embryonic stem cells': 0.0255, 'memory cd4 t cells': 0.0111, 'monocytes': 0.0447, 'naive b cells': 0.082, 'naive cd4 t cells': 0.0797, 'naive cd8 t cells': 0.0386, 'neutrophils': 0.5844, 'nk cells': 0.0222, 'regulatory t cells': 0.0164, 't effector cell cd8': 0.041}",F,49.459,17.0,,,True,,control,
GSM1235644,0.9748207478530163,0.45358432014108413,0.982167108231889,3400,"{'basophils': 0.0252, 'effector memory cd8 t cells': 0.0353, 'embryonic stem cells': 0.0248, 'memory cd4 t cells': 0.0548, 'monocytes': 0.058, 'naive b cells': 0.1013, 'naive cd4 t cells': 0.0588, 'naive cd8 t cells': 0.0406, 'neutrophils': 0.4536, 'nk cells': 0.0827, 'regulatory t cells': 0.0119, 't effector cell cd8': 0.038}",F,43.365,13.0,,,True,,control,
GSM1235645,0.9702935817470633,0.3504879168586984,0.899179735640521,3387,"{'basophils': 0.0384, 'effector memory cd8 t cells': 0.025, 'embryonic stem cells': 0.0259, 'eosinophils': 0.0269, 'memory cd4 t cells': 0.0359, 'monocytes': 0.0486, 'naive b cells': 0.1179, 'naive cd4 t cells': 0.1129, 'naive cd8 t cells': 0.0703, 'neutrophils': 0.3505, 'nk cells': 0.0363, 'regulatory t cells': 0.0477, 't effector cell cd8': 0.0416}",F,53.38,12.0,,,False,,control,
GSM1235646,0.9689254820996599,0.510835728583457,1.0152548006919695,3391,"{'basophils': 0.0183, 'effector memory cd8 t cells': 0.0918, 'embryonic stem cells': 0.0162, 'memory cd4 t cells': 0.0312, 'monocytes': 0.058, 'naive b cells': 0.0889, 'naive cd4 t cells': 0.024, 'naive cd8 t cells': 0.0236, 'neutrophils': 0.5108, 'nk cells': 0.0521, 'regulatory t cells': 0.0211, 't effector cell cd8': 0.0461}",F,51.058,12.0,C50,6.094,True,6.094,breast,5-8
GSM1235647,0.9722068483751743,0.6364438612988819,0.9947773326661726,3391,"{'basophils': 0.0113, 'effector memory cd8 t cells': 0.0367, 'embryonic stem cells': 0.0252, 'memory cd4 t cells': 0.0315, 'monocytes': 0.0513, 'naive b cells': 0.0594, 'naive cd4 t cells': 0.0226, 'naive cd8 t cells': 0.0209, 'neutrophils': 0.6364, 'regulatory t cells': 0.0141, 't effector cell cd8': 0.0747}",F,58.85,17.0,,,False,,control,
GSM1235648,0.9627752523211054,0.33288573998194737,0.9167838444772739,3376,"{'basophils': 0.0248, 'cd8 t cells': 0.068, 'effector memory cd8 t cells': 0.1695, 'embryonic stem cells': 0.0314, 'memory cd4 t cells': 0.091, 'monocytes': 0.0426, 'naive b cells': 0.1005, 'neutrophils': 0.3329, 't effector cell cd8': 0.1029}",F,57.413,13.0,,,False,,control,
GSM1235649,0.9647486324185721,0.4114448832895994,1.0421201540293554,3241,"{'basophils': 0.0363, 'effector memory cd8 t cells': 0.017, 'embryonic stem cells': 0.0148, 'eosinophils': 0.0412, 'lung interstitial macrophages': 0.0144, 'memory cd4 t cells': 0.0594, 'monocytes': 0.0611, 'naive b cells': 0.1042, 'naive cd4 t cells': 0.0917, 'naive cd8 t cells': 0.0376, 'neutrophils': 0.4114, 'nk cells': 0.0132, 'regulatory t cells': 0.0282, 't effector cell cd8': 0.0446}",F,54.237,11.0,,,True,,control,
GSM1235650,0.9944923624800744,0.3512686989748735,0.8812895707274604,3403,"{'b cells': 0.0209, 'basophils': 0.0111, 'cd8 t cells': 0.1493, 'effector memory cd8 t cells': 0.0185, 'embryonic stem cells': 0.0154, 'memory cd4 t cells': 0.0913, 'monocytes': 0.057, 'naive b cells': 0.0602, 'naive cd4 t cells': 0.1111, 'neutrophils': 0.3513, 'nk cells': 0.0141, 'regulatory t cells': 0.011, 't effector cell cd8': 0.0616}",F,57.533,15.0,,,False,,control,
GSM1235651,0.9765370910470316,0.4634684199300817,0.9602429260704365,3392,"{'basophils': 0.0247, 'cd8 t cells': 0.013, 'effector memory cd8 t cells': 0.0491, 'embryonic stem cells': 0.0151, 'memory cd4 t cells': 0.0128, 'monocytes': 0.0745, 'naive b cells': 0.0837, 'naive cd4 t cells': 0.0785, 'naive cd8 t cells': 0.0268, 'neutrophils': 0.4635, 'nk cells': 0.0377, 'regulatory t cells': 0.0206, 't effector cell cd8': 0.0669}",F,45.618,14.0,,,False,,control,
GSM1235652,0.9706749913457333,0.4768226645812963,0.9564477897871098,3392,"{'basophils': 0.0392, 'effector memory cd8 t cells': 0.0147, 'embryonic stem cells': 0.0277, 'monocytes': 0.066, 'naive b cells': 0.1064, 'naive cd4 t cells': 0.0789, 'naive cd8 t cells': 0.0641, 'neutrophils': 0.4768, 'nk cells': 0.0112, 'regulatory t cells': 0.0344, 't effector cell cd8': 0.0498}",F,52.044,14.0,C19,7.718,False,7.718,colorectal,5-8
GSM1235653,0.9714191546387906,0.46354331568390256,0.982465894087524,3388,"{'basophils': 0.0328, 'effector memory cd8 t cells': 0.053, 'embryonic stem cells': 0.025, 'eosinophils': 0.0313, 'memory cd4 t cells': 0.0301, 'monocytes': 0.0575, 'naive b cells': 0.0895, 'naive cd4 t cells': 0.0545, 'naive cd8 t cells': 0.0456, 'neutrophils': 0.4635, 'nk cells': 0.0133, 'regulatory t cells': 0.031, 't effector cell cd8': 0.0555}",F,49.895,12.0,,,False,,control,
GSM1235654,0.970480140789891,0.5027412396714179,0.9952325538120781,3396,"{'basophils': 0.0211, 'embryonic stem cells': 0.0232, 'memory cd4 t cells': 0.0308, 'monocytes': 0.0645, 'naive b cells': 0.1101, 'naive cd4 t cells': 0.0908, 'naive cd8 t cells': 0.0381, 'neutrophils': 0.5027, 'nk cells': 0.0266, 'regulatory t cells': 0.0285, 't effector cell cd8': 0.0401}",F,54.122,11.0,,,True,,control,
GSM1235655,0.9736723733004989,0.6329866150878309,1.0142360126302061,3397,"{'basophils': 0.0126, 'effector memory cd8 t cells': 0.0206, 'embryonic stem cells': 0.0235, 'eosinophils': 0.011, 'memory cd4 t cells': 0.015, 'monocytes': 0.0735, 'naive b cells': 0.0466, 'naive cd4 t cells': 0.062, 'naive cd8 t cells': 0.0142, 'neutrophils': 0.633, 'regulatory t cells': 0.0103, 't effector cell cd8': 0.0653}",F,57.719,12.0,C80,8.394,True,8.394,other,>8
GSM1235656,0.9725447275305179,0.42679823555232527,0.9307492387963865,3396,"{'basophils': 0.0289, 'effector memory cd8 t cells': 0.0271, 'embryonic stem cells': 0.0189, 'monocytes': 0.0653, 'naive b cells': 0.1045, 'naive cd4 t cells': 0.1063, 'naive cd8 t cells': 0.0611, 'neutrophils': 0.4268, 'nk cells': 0.035, 'regulatory t cells': 0.0436, 't effector cell cd8': 0.0515}",F,46.453,12.0,,,False,,control,
GSM1235657,0.9688964618041088,0.43016558355996837,0.9724608156386024,3393,"{'basophils': 0.0311, 'effector memory cd8 t cells': 0.0411, 'embryonic stem cells': 0.0245, 'memory cd4 t cells': 0.0884, 'monocytes': 0.0538, 'naive b cells': 0.1085, 'naive cd4 t cells': 0.0503, 'naive cd8 t cells': 0.0644, 'neutrophils': 0.4302, 'nk cells': 0.0145, 'regulatory t cells': 0.0268, 't effector cell cd8': 0.051}",F,48.559,12.0,C50,1.473,True,1.473,breast,<2
GSM1235658,0.9691680088553359,0.39894265281919006,0.9083012685775124,3386,"{'basophils': 0.0319, 'effector memory cd8 t cells': 0.0242, 'embryonic stem cells': 0.019, 'memory cd4 t cells': 0.0472, 'monocytes': 0.0646, 'naive b cells': 0.1129, 'naive cd4 t cells': 0.1085, 'naive cd8 t cells': 0.0593, 'neutrophils': 0.3989, 'nk cells': 0.0143, 'regulatory t cells': 0.0297, 't effector cell cd8': 0.0554}",F,52.575,12.0,,,False,,control,
GSM1235659,0.9797852912704879,0.573436003425613,1.0054382159187434,3402,"{'basophils': 0.0213, 'effector memory cd8 t cells': 0.011, 'embryonic stem cells': 0.0183, 'memory cd4 t cells': 0.0202, 'monocytes': 0.067, 'naive b cells': 0.0756, 'naive cd4 t cells': 0.0814, 'naive cd8 t cells': 0.0352, 'neutrophils': 0.5734, 'nk cells': 0.015, 't effector cell cd8': 0.0495}",F,38.541,13.0,C50,1.503,True,1.503,breast,<2
GSM1235660,0.9710667653356715,0.43265399579050984,1.0202137820190016,3392,"{'basophils': 0.0259, 'cd8 t cells': 0.0756, 'effector memory cd8 t cells': 0.0961, 'embryonic stem cells': 0.0128, 'memory cd4 t cells': 0.0589, 'monocytes': 0.0553, 'naive b cells': 0.0973, 'neutrophils': 0.4327, 'nk cells': 0.018, 'pancreatic beta': 0.0102, 'regulatory t cells': 0.0299, 't effector cell cd8': 0.0742}",F,52.271,14.0,C50,0.605,True,0.605,breast,<2
GSM1235661,0.9749389019134739,0.4254548537851689,0.9922006505410943,3394,"{'basophils': 0.028, 'cd8 t cells': 0.0407, 'effector memory cd8 t cells': 0.0442, 'embryonic stem cells': 0.0164, 'memory cd4 t cells': 0.0724, 'monocytes': 0.0671, 'naive b cells': 0.1056, 'naive cd4 t cells': 0.0335, 'neutrophils': 0.4255, 'nk cells': 0.0669, 't effector cell cd8': 0.0699}",F,57.369,14.0,,,True,,control,
GSM1235662,0.9711268788050271,0.4167590965415878,0.9441895158498689,3386,"{'basophils': 0.0272, 'effector memory cd8 t cells': 0.0451, 'embryonic stem cells': 0.027, 'eosinophils': 0.0282, 'memory cd4 t cells': 0.0387, 'monocytes': 0.0559, 'naive b cells': 0.1079, 'naive cd4 t cells': 0.0714, 'naive cd8 t cells': 0.0449, 'neutrophils': 0.4168, 'nk cells': 0.0342, 'regulatory t cells': 0.0236, 't effector cell cd8': 0.0502}",F,52.783,12.0,C18,9.437,False,9.437,colorectal,>8
GSM1235663,0.973885879760624,0.4879419685314739,0.9357363034703654,3399,"{'basophils': 0.0196, 'effector memory cd8 t cells': 0.0291, 'embryonic stem cells': 0.0357, 'memory cd4 t cells': 0.023, 'monocytes': 0.0604, 'naive b cells': 0.0989, 'naive cd4 t cells': 0.0719, 'naive cd8 t cells': 0.0557, 'neutrophils': 0.4879, 'nk cells': 0.026, 'regulatory t cells': 0.0339, 't effector cell cd8': 0.0466}",F,52.501,12.0,C18,2.114,False,2.114,colorectal,2-5
GSM1235664,0.9712761260392894,0.43795589315565564,0.9914508555942397,3396,"{'basophils': 0.029, 'effector memory cd8 t cells': 0.0497, 'embryonic stem cells': 0.0297, 'memory cd4 t cells': 0.0542, 'monocytes': 0.0526, 'naive b cells': 0.0874, 'naive cd4 t cells': 0.11, 'naive cd8 t cells': 0.0519, 'neutrophils': 0.438, 'nk cells': 0.0154, 'regulatory t cells': 0.0295, 't effector cell cd8': 0.037}",F,54.971,12.0,,,True,,control,
GSM1235665,0.970063492260909,0.5862147722651257,0.9921194713519036,3390,"{'effector memory cd8 t cells': 0.0649, 'embryonic stem cells': 0.0171, 'monocytes': 0.0923, 'naive b cells': 0.0751, 'naive cd8 t cells': 0.0282, 'neutrophils': 0.5862, 'regulatory t cells': 0.0351, 't effector cell cd8': 0.0635}",F,57.662,12.0,C18,7.691,False,7.691,colorectal,5-8
GSM1235666,0.97080972843222,0.4951815151394448,0.9196078514748223,3386,"{'basophils': 0.0136, 'cortical neurons': 0.0102, 'effector memory cd8 t cells': 0.0219, 'embryonic stem cells': 0.0256, 'memory cd4 t cells': 0.0188, 'monocytes': 0.0372, 'naive b cells': 0.1096, 'naive cd4 t cells': 0.1062, 'naive cd8 t cells': 0.0662, 'neutrophils': 0.4952, 'regulatory t cells': 0.0267, 't effector cell cd8': 0.0591}",F,50.001,14.0,C19,0.906,False,0.906,colorectal,<2
GSM1235667,0.9768563142980923,0.32936520188278995,1.0104552083824494,3398,"{'basophils': 0.0291, 'cd8 t cells': 0.0636, 'effector memory cd8 t cells': 0.1474, 'memory cd4 t cells': 0.0643, 'monocytes': 0.1247, 'naive b cells': 0.078, 'neutrophils': 0.3294, 'nk cells': 0.0385, 't effector cell cd8': 0.0847}",F,40.731,14.0,C50,1.15,True,1.15,breast,<2
GSM1235668,0.9671034221147089,0.39022670512907864,0.8898317503174386,3390,"{'basophils': 0.0232, 'effector memory cd8 t cells': 0.0433, 'embryonic stem cells': 0.0269, 'monocytes': 0.0513, 'naive b cells': 0.1307, 'naive cd4 t cells': 0.11, 'naive cd8 t cells': 0.0728, 'neutrophils': 0.3902, 'nk cells': 0.0264, 'regulatory t cells': 0.0501, 't effector cell cd8': 0.0519}",F,46.081,13.0,C19,4.857,False,4.857,colorectal,2-5
GSM1235669,0.9748850070788793,0.4409915607170844,0.9264749446073184,3396,"{'basophils': 0.0271, 'cortical neurons': 0.0122, 'effector memory cd8 t cells': 0.0791, 'embryonic stem cells': 0.0196, 'monocytes': 0.0607, 'naive b cells': 0.085, 'naive cd4 t cells': 0.0666, 'naive cd8 t cells': 0.0689, 'neutrophils': 0.441, 'nk cells': 0.031, 'regulatory t cells': 0.0327, 't effector cell cd8': 0.0572}",M,47.619,,C18,7.209,False,7.209,colorectal,5-8
GSM1235670,0.9738299120477757,0.35564515329127955,0.9344880614225237,3396,"{'basophils': 0.0265, 'effector memory cd8 t cells': 0.0543, 'embryonic stem cells': 0.0272, 'memory cd4 t cells': 0.0155, 'monocytes': 0.0878, 'naive b cells': 0.1276, 'naive cd4 t cells': 0.1054, 'naive cd8 t cells': 0.0771, 'neutrophils': 0.3556, 'nk cells': 0.0364, 'regulatory t cells': 0.0274, 't effector cell cd8': 0.0447}",F,48.559,14.0,,,True,,control,
GSM1235671,0.9633370023278423,0.46185392399810665,0.9127448688784959,3380,"{'basophils': 0.0195, 'effector memory cd8 t cells': 0.0602, 'embryonic stem cells': 0.0204, 'monocytes': 0.0575, 'naive b cells': 0.0982, 'naive cd4 t cells': 0.0392, 'naive cd8 t cells': 0.0383, 'neutrophils': 0.4619, 'nk cells': 0.0663, 'regulatory t cells': 0.0372, 't effector cell cd8': 0.077}",F,61.938,13.0,C20,6.204,False,6.204,colorectal,5-8
GSM1235672,0.976794127950483,0.5290885260635035,0.9907862679028923,3394,"{'basophils': 0.0264, 'cd8 t cells': 0.0199, 'effector memory cd8 t cells': 0.0275, 'embryonic stem cells': 0.0176, 'memory cd4 t cells': 0.0223, 'monocytes': 0.077, 'naive b cells': 0.0666, 'naive cd4 t cells': 0.0874, 'naive cd8 t cells': 0.0245, 'neutrophils': 0.5291, 'nk cells': 0.0258, 't effector cell cd8': 0.0583}",F,43.354,13.0,,,True,,control,
GSM1235673,0.9675698197217782,0.32702193103922134,0.9056567067714664,3381,"{'basophils': 0.0299, 'effector memory cd8 t cells': 0.1082, 'embryonic stem cells': 0.015, 'eosinophils': 0.0313, 'memory cd4 t cells': 0.0549, 'monocytes': 0.0661, 'naive b cells': 0.1309, 'naive cd4 t cells': 0.0336, 'naive cd8 t cells': 0.0228, 'neutrophils': 0.327, 'nk cells': 0.0563, 'regulatory t cells': 0.0336, 't effector cell cd8': 0.0667}",F,59.493,17.0,,,False,,control,
GSM1235674,0.9802661990253326,0.44004019018086465,1.0419383042246768,3396,"{'basophils': 0.029, 'cd8 t cells': 0.0757, 'effector memory cd8 t cells': 0.0654, 'embryonic stem cells': 0.0123, 'memory cd4 t cells': 0.0723, 'monocytes': 0.1057, 'naive b cells': 0.0703, 'naive cd4 t cells': 0.0297, 'neutrophils': 0.44, 'nk cells': 0.044, 'pancreatic beta': 0.0103, 't effector cell cd8': 0.0263}",M,50.294,,,,False,,control,
GSM1235675,0.9660814931356637,0.6694816892095553,0.937352510400451,3388,"{'basophils': 0.015, 'embryonic stem cells': 0.0197, 'lung interstitial macrophages': 0.0235, 'monocytes': 0.0201, 'naive b cells': 0.0848, 'naive cd4 t cells': 0.0434, 'naive cd8 t cells': 0.0398, 'neutrophils': 0.6695, 't effector cell cd8': 0.0585}",F,60.567,14.0,C18,8.734,False,8.734,colorectal,>8
GSM1235676,0.968114986702486,0.45187885242925196,0.9859673320879746,3241,"{'basophils': 0.0302, 'effector memory cd8 t cells': 0.0203, 'embryonic stem cells': 0.0299, 'lung interstitial macrophages': 0.0133, 'monocytes': 0.0569, 'naive b cells': 0.0902, 'naive cd4 t cells': 0.0756, 'naive cd8 t cells': 0.0873, 'neutrophils': 0.4519, 'nk cells': 0.0403, 'regulatory t cells': 0.0286, 't effector cell cd8': 0.0536}",F,56.413,15.0,C18,3.932,False,3.932,colorectal,2-5
GSM1235677,0.9761867746221661,0.44174102657961994,1.0244567917940135,3400,"{'basophils': 0.0218, 'cd8 t cells': 0.0719, 'effector memory cd8 t cells': 0.0451, 'embryonic stem cells': 0.016, 'memory cd4 t cells': 0.0939, 'monocytes': 0.052, 'naive b cells': 0.0953, 'naive cd4 t cells': 0.051, 'neutrophils': 0.4417, 'nk cells': 0.0444, 't effector cell cd8': 0.0454}",F,47.899,12.0,,,True,,control,
GSM1235678,0.9664546112213191,0.36008751843997916,0.8972311917926175,3381,"{'basophils': 0.0353, 'effector memory cd8 t cells': 0.1053, 'embryonic stem cells': 0.0215, 'memory cd4 t cells': 0.0298, 'monocytes': 0.0598, 'naive b cells': 0.1146, 'naive cd4 t cells': 0.0665, 'naive cd8 t cells': 0.0535, 'neutrophils': 0.3601, 'nk cells': 0.0295, 'regulatory t cells': 0.0341, 't effector cell cd8': 0.0681}",F,48.411,13.0,C20,0.096,False,0.096,colorectal,<2
GSM1235679,0.9698893704876032,0.40832626362060304,0.9872569042953415,3394,"{'basophils': 0.0482, 'effector memory cd8 t cells': 0.0171, 'embryonic stem cells': 0.0197, 'memory cd4 t cells': 0.0458, 'monocytes': 0.0457, 'naive b cells': 0.1218, 'naive cd4 t cells': 0.1065, 'naive cd8 t cells': 0.0458, 'neutrophils': 0.4083, 'nk cells': 0.0447, 'regulatory t cells': 0.0307, 't effector cell cd8': 0.0442}",F,54.108,13.0,C50,1.916,True,1.916,breast,<2
GSM1235680,0.9724618124003723,0.41643326326240593,1.0108609041378787,3396,"{'basophils': 0.0245, 'cd8 t cells': 0.0199, 'effector memory cd8 t cells': 0.0617, 'embryonic stem cells': 0.0267, 'memory cd4 t cells': 0.0642, 'monocytes': 0.0701, 'naive b cells': 0.1208, 'naive cd4 t cells': 0.0705, 'naive cd8 t cells': 0.0157, 'neutrophils': 0.4164, 'nk cells': 0.0267, 'regulatory t cells': 0.0203, 't effector cell cd8': 0.0444}",F,57.544,12.0,C50,0.991,True,0.991,breast,<2
GSM1235681,0.9538660215869541,0.5181489713801869,0.9350579043199079,3366,"{'basophils': 0.0268, 'effector memory cd8 t cells': 0.041, 'embryonic stem cells': 0.0112, 'memory cd4 t cells': 0.0396, 'monocytes': 0.0482, 'naive b cells': 0.0786, 'naive cd4 t cells': 0.0756, 'naive cd8 t cells': 0.0284, 'neutrophils': 0.5181, 't effector cell cd8': 0.0741}",F,49.339,9.0,,,False,,control,
GSM1235682,0.9804154462595949,0.5333825464109785,1.0536960935019863,3401,"{'basophils': 0.0259, 'cd8 t cells': 0.04, 'effector memory cd8 t cells': 0.065, 'embryonic stem cells': 0.0159, 'memory cd4 t cells': 0.0768, 'monocytes': 0.0631, 'naive b cells': 0.0802, 'neutrophils': 0.5334, 'nk cells': 0.0174, 't effector cell cd8': 0.0598}",F,53.864,11.0,C18,3.912,False,3.912,colorectal,2-5
GSM1235683,0.9744414111326,0.469812124229774,1.01173285142531,3395,"{'basophils': 0.0216, 'cd8 t cells': 0.0668, 'effector memory cd8 t cells': 0.0826, 'embryonic stem cells': 0.0191, 'memory cd4 t cells': 0.0327, 'monocytes': 0.0653, 'naive b cells': 0.0811, 'naive cd4 t cells': 0.0641, 'neutrophils': 0.4698, 'nk cells': 0.0162, 't effector cell cd8': 0.0624}",F,48.75,13.0,C50,1.287,True,1.287,breast,<2
GSM1235684,0.9828718069901601,0.6154384119346741,1.0513861593768554,3261,"{'basophils': 0.0176, 'cd8 t cells': 0.0479, 'embryonic stem cells': 0.0157, 'memory cd4 t cells': 0.0313, 'monocytes': 0.0417, 'naive b cells': 0.0595, 'naive cd4 t cells': 0.0713, 'neutrophils': 0.6154, 'nk cells': 0.0316, 't effector cell cd8': 0.0384}",F,42.001,12.0,C20,8.148,False,8.148,colorectal,>8
GSM1235685,0.9675615282087637,0.43278177764558573,0.9449074072509405,3383,"{'basophils': 0.0232, 'cd8 t cells': 0.0584, 'effector memory cd8 t cells': 0.1106, 'embryonic stem cells': 0.024, 'memory cd4 t cells': 0.0217, 'monocytes': 0.0504, 'naive b cells': 0.1156, 'naive cd4 t cells': 0.033, 'neutrophils': 0.4328, 'regulatory t cells': 0.0278, 't effector cell cd8': 0.0847}",F,55.45,9.0,,,False,,control,
GSM1235686,0.9861096428223481,0.5475288767395673,1.030056129140509,3403,"{'basophils': 0.0265, 'cd8 t cells': 0.0827, 'embryonic stem cells': 0.0129, 'memory cd4 t cells': 0.0484, 'monocytes': 0.0809, 'naive b cells': 0.0714, 'naive cd4 t cells': 0.0421, 'neutrophils': 0.5475, 'nk cells': 0.0105, 't effector cell cd8': 0.0463}",F,40.991,12.0,,,False,,control,
GSM1235687,0.9831143337458361,0.34247678375499446,1.0181094901215855,3399,"{'basophils': 0.0323, 'cd8 t cells': 0.0756, 'effector memory cd8 t cells': 0.0301, 'embryonic stem cells': 0.0121, 'eosinophils': 0.0319, 'memory cd4 t cells': 0.1291, 'monocytes': 0.0875, 'naive b cells': 0.0874, 'naive cd4 t cells': 0.055, 'neutrophils': 0.3425, 'nk cells': 0.0518, 'pancreatic beta': 0.0103, 't effector cell cd8': 0.0424}",F,56.167,16.0,,,False,,control,
GSM1235688,0.9811679010656668,0.5312027358713568,1.0099466199055172,3401,"{'basophils': 0.0104, 'cd8 t cells': 0.0141, 'embryonic stem cells': 0.0223, 'memory b cells': 0.0116, 'memory cd4 t cells': 0.0784, 'monocytes': 0.0687, 'naive b cells': 0.075, 'naive cd4 t cells': 0.0562, 'naive cd8 t cells': 0.0161, 'neutrophils': 0.5312, 'nk cells': 0.0391, 't central memory cd4': 0.011, 't effector cell cd8': 0.0369}",F,50.979,12.0,C20,6.338,False,6.338,colorectal,5-8
GSM1235689,0.9833257673277075,0.5744640545958544,1.039503967406343,3397,"{'basophils': 0.023, 'cd8 t cells': 0.0312, 'embryonic stem cells': 0.0128, 'eosinophils': 0.0148, 'lung interstitial macrophages': 0.0149, 'memory cd4 t cells': 0.0188, 'monocytes': 0.0731, 'naive b cells': 0.0774, 'naive cd4 t cells': 0.0468, 'neutrophils': 0.5745, 'nk cells': 0.0283, 't central memory cd4': 0.0341, 't effector cell cd8': 0.0305}",F,50.497,14.0,,,False,,control,
GSM1235690,0.9700655651391626,0.4991291979545474,0.9484994669424882,3386,"{'basophils': 0.0303, 'embryonic stem cells': 0.0141, 'lung interstitial macrophages': 0.0281, 'monocytes': 0.0656, 'naive b cells': 0.1214, 'naive cd4 t cells': 0.0806, 'naive cd8 t cells': 0.052, 'neutrophils': 0.4991, 'nk cells': 0.0265, 't central memory cd4': 0.0289, 't effector cell cd8': 0.0311}",F,62.368,13.0,,,False,,control,
GSM1235691,0.9839351935342782,0.6292153937950531,1.0824761369254867,3261,"{'adipocytes': 0.0104, 'basophils': 0.015, 'cd8 t cells': 0.0375, 'eosinophils': 0.0194, 'lung interstitial macrophages': 0.0154, 'memory cd4 t cells': 0.0172, 'microglia': 0.0121, 'monocytes': 0.0349, 'naive b cells': 0.0519, 'naive cd4 t cells': 0.0706, 'neutrophils': 0.6292, 'nk cells': 0.043, 't central memory cd4': 0.0202}",M,57.478,,,,False,,control,
GSM1235692,0.980264126147079,0.5074511727478183,1.074027341109749,3399,"{'adipocytes': 0.0119, 'basophils': 0.0187, 'cd8 t cells': 0.057, 'effector memory cd8 t cells': 0.0196, 'embryonic stem cells': 0.0196, 'eosinophils': 0.0113, 'memory cd4 t cells': 0.1294, 'monocytes': 0.0456, 'naive b cells': 0.0534, 'naive cd4 t cells': 0.0569, 'neutrophils': 0.5075, 'nk cells': 0.0367, 't effector cell cd8': 0.0214}",M,51.713,,C18,3.066,False,3.066,colorectal,2-5
GSM1235693,0.9783840255710261,0.5533407569787759,0.9852228275386197,3397,"{'basophils': 0.0247, 'embryonic stem cells': 0.0204, 'lung interstitial macrophages': 0.0133, 'monocytes': 0.077, 'naive b cells': 0.0677, 'naive cd4 t cells': 0.0487, 'naive cd8 t cells': 0.0324, 'neutrophils': 0.5533, 'nk cells': 0.0712, 'regulatory t cells': 0.0151, 't central memory cd4': 0.0167, 't effector cell cd8': 0.0277}",M,46.954,,,,False,,control,
GSM1235694,0.9710232348923451,0.4992992923205086,1.0230126755890778,3392,"{'basophils': 0.0254, 'effector memory cd8 t cells': 0.0105, 'embryonic stem cells': 0.0207, 'eosinophils': 0.0124, 'memory cd4 t cells': 0.038, 'monocytes': 0.0539, 'naive b cells': 0.1217, 'naive cd4 t cells': 0.0736, 'naive cd8 t cells': 0.026, 'neutrophils': 0.4993, 'nk cells': 0.0308, 'regulatory t cells': 0.0183, 't effector cell cd8': 0.049}",F,56.137,14.0,,,True,,control,
GSM1235695,0.9796401897927329,0.4841736997987516,1.0801557866640583,3397,"{'adipocytes': 0.016, 'basophils': 0.0141, 'cd8 t cells': 0.0277, 'effector memory cd8 t cells': 0.0846, 'memory cd4 t cells': 0.147, 'monocytes': 0.072, 'naive b cells': 0.0475, 'neutrophils': 0.4842, 'nk cells': 0.0262, 't effector cell cd8': 0.0532}",M,55.943,,C18,0.857,False,0.857,colorectal,<2
GSM1235696,0.9756457533979657,0.406094092152529,1.0061276419418026,3392,"{'basophils': 0.0306, 'cd8 t cells': 0.0726, 'effector memory cd8 t cells': 0.024, 'embryonic stem cells': 0.0118, 'memory cd4 t cells': 0.1252, 'monocytes': 0.0808, 'naive b cells': 0.0808, 'naive cd4 t cells': 0.0685, 'neutrophils': 0.4061, 'nk cells': 0.0321, 't effector cell cd8': 0.044}",F,49.027,13.0,,,False,,control,
GSM1235697,0.9839828697341119,0.5364605623628012,1.031316554885362,3400,"{'basophils': 0.0265, 'cd8 t cells': 0.0738, 'effector memory cd8 t cells': 0.0202, 'embryonic stem cells': 0.0153, 'memory cd4 t cells': 0.0718, 'monocytes': 0.0568, 'naive b cells': 0.0621, 'naive cd4 t cells': 0.0122, 'neutrophils': 0.5365, 'nk cells': 0.0486, 't effector cell cd8': 0.0487}",F,48.958,13.0,C18,1.744,False,1.744,colorectal,<2
GSM1235698,0.9846275348709944,0.510836813028309,0.9976983181324015,3403,"{'basophils': 0.0303, 'cd8 t cells': 0.06, 'effector memory cd8 t cells': 0.026, 'embryonic stem cells': 0.017, 'memory cd4 t cells': 0.0481, 'monocytes': 0.1273, 'naive b cells': 0.0639, 'naive cd4 t cells': 0.0295, 'neutrophils': 0.5108, 'nk cells': 0.0265, 't effector cell cd8': 0.0467}",M,48.424,,,,False,,control,
GSM1235699,0.983172374336938,0.4039409749441983,0.9871525475142822,3401,"{'basophils': 0.0262, 'cd8 t cells': 0.0769, 'effector memory cd8 t cells': 0.0356, 'embryonic stem cells': 0.0172, 'memory cd4 t cells': 0.077, 'monocytes': 0.0767, 'naive b cells': 0.0957, 'naive cd4 t cells': 0.061, 'neutrophils': 0.4039, 'nk cells': 0.0531, 't effector cell cd8': 0.0492}",M,43.201,,,,False,,control,
GSM1235700,0.9731251334415376,0.4206532836075523,1.0423520308298446,3393,"{'basophils': 0.0259, 'cd8 t cells': 0.096, 'effector memory cd8 t cells': 0.054, 'embryonic stem cells': 0.0113, 'memory cd4 t cells': 0.0896, 'monocytes': 0.0477, 'naive b cells': 0.0708, 'naive cd4 t cells': 0.0389, 'neutrophils': 0.4207, 'nk cells': 0.0528, 'pancreatic beta': 0.0105, 'regulatory t cells': 0.0131, 't effector cell cd8': 0.0489}",M,52.75,,C67,5.125,False,5.125,other,5-8
GSM1235701,0.967213284662152,0.41824822975533876,1.019398996120137,3382,"{'basophils': 0.0292, 'cd8 t cells': 0.0347, 'effector memory cd8 t cells': 0.0418, 'embryonic stem cells': 0.0138, 'eosinophils': 0.0255, 'memory cd4 t cells': 0.0772, 'monocytes': 0.088, 'naive b cells': 0.0828, 'naive cd4 t cells': 0.0358, 'neutrophils': 0.4182, 'nk cells': 0.0615, 't effector cell cd8': 0.07}",F,53.391,12.0,,,False,,control,
GSM1235702,0.9821939758012193,0.543015684348234,1.0113088026814558,3400,"{'basophils': 0.0343, 'cd8 t cells': 0.0473, 'effector memory cd8 t cells': 0.046, 'embryonic stem cells': 0.0146, 'eosinophils': 0.0148, 'memory cd4 t cells': 0.0488, 'monocytes': 0.0621, 'naive b cells': 0.086, 'naive cd4 t cells': 0.0339, 'neutrophils': 0.543, 'nk cells': 0.0131, 't effector cell cd8': 0.046}",M,39.863,,C20,0.682,False,0.682,colorectal,<2
GSM1235703,0.9711476075875636,0.5438817520485383,1.0363916585100936,3397,"{'basophils': 0.0232, 'cd8 t cells': 0.0408, 'effector memory cd8 t cells': 0.0476, 'embryonic stem cells': 0.0171, 'memory cd4 t cells': 0.0477, 'monocytes': 0.0667, 'naive b cells': 0.0689, 'naive cd4 t cells': 0.039, 'neutrophils': 0.5439, 'nk cells': 0.0251, 't effector cell cd8': 0.0543}",F,47.105,13.0,,,True,,control,
GSM1235704,0.9702023751039031,0.4781447383900092,1.0289950691328416,3393,"{'basophils': 0.0325, 'effector memory cd8 t cells': 0.0415, 'embryonic stem cells': 0.0206, 'eosinophils': 0.0172, 'memory cd4 t cells': 0.056, 'monocytes': 0.0694, 'naive b cells': 0.108, 'naive cd4 t cells': 0.0318, 'naive cd8 t cells': 0.0228, 'neutrophils': 0.4781, 'nk cells': 0.0268, 'pancreatic beta': 0.0101, 'regulatory t cells': 0.0309, 't effector cell cd8': 0.0441}",F,63.786,13.0,C50,3.778,True,3.778,breast,2-5
GSM1235705,0.9811533909178912,0.5602755291528525,1.0221831396457195,3400,"{'basophils': 0.0198, 'cd8 t cells': 0.0105, 'effector memory cd8 t cells': 0.04, 'embryonic stem cells': 0.0134, 'memory cd4 t cells': 0.0444, 'monocytes': 0.0983, 'naive b cells': 0.0499, 'naive cd4 t cells': 0.0254, 'naive cd8 t cells': 0.0116, 'neutrophils': 0.5603, 'nk cells': 0.038, 't effector cell cd8': 0.0496}",F,54.366,15.0,C19,4.101,False,4.101,colorectal,2-5
GSM1235706,0.9740371998731399,0.35705742099009885,1.0214054596446358,3398,"{'basophils': 0.0289, 'cd8 t cells': 0.0879, 'effector memory cd8 t cells': 0.0697, 'embryonic stem cells': 0.0205, 'memory cd4 t cells': 0.0647, 'monocytes': 0.0466, 'naive b cells': 0.0895, 'naive cd4 t cells': 0.087, 'neutrophils': 0.3571, 'nk cells': 0.0615, 'regulatory t cells': 0.0102, 't effector cell cd8': 0.05}",F,57.394,13.0,C50,1.309,True,1.309,breast,<2
GSM1235707,0.968363732092923,0.5591598786297822,1.02823353853207,3393,"{'basophils': 0.0165, 'effector memory cd8 t cells': 0.0521, 'embryonic stem cells': 0.0215, 'memory cd4 t cells': 0.015, 'monocytes': 0.039, 'naive b cells': 0.1034, 'naive cd4 t cells': 0.0396, 'naive cd8 t cells': 0.0272, 'neutrophils': 0.5592, 'nk cells': 0.0203, 'regulatory t cells': 0.0282, 't effector cell cd8': 0.0629}",F,43.228,12.0,C50,1.41,True,1.41,breast,<2
GSM1235708,0.9723892616614949,0.49793626443257666,1.0002001306677033,3399,"{'basophils': 0.0224, 'cd8 t cells': 0.0139, 'effector memory cd8 t cells': 0.0263, 'embryonic stem cells': 0.0227, 'memory cd4 t cells': 0.0481, 'monocytes': 0.08, 'naive b cells': 0.0992, 'naive cd4 t cells': 0.0649, 'naive cd8 t cells': 0.0436, 'neutrophils': 0.4979, 'nk cells': 0.014, 't effector cell cd8': 0.0498}",F,47.639,11.0,C50,1.355,True,1.355,breast,<2
GSM1235709,0.9773144203921471,0.4362564144932985,1.0296498610052265,3402,"{'basophils': 0.0277, 'cd8 t cells': 0.0435, 'effector memory cd8 t cells': 0.0886, 'embryonic stem cells': 0.0193, 'memory cd4 t cells': 0.0513, 'monocytes': 0.0515, 'naive b cells': 0.0754, 'naive cd4 t cells': 0.0705, 'naive cd8 t cells': 0.0221, 'neutrophils': 0.4363, 'nk cells': 0.0241, 'regulatory t cells': 0.019, 't effector cell cd8': 0.045}",F,64.728,13.0,,,False,,control,
GSM1235710,0.9716347339771694,0.4139866240841289,1.0366702417154308,3394,"{'basophils': 0.0298, 'cd8 t cells': 0.0421, 'effector memory cd8 t cells': 0.0372, 'embryonic stem cells': 0.0223, 'memory cd4 t cells': 0.1015, 'monocytes': 0.0564, 'naive b cells': 0.1102, 'naive cd4 t cells': 0.0761, 'naive cd8 t cells': 0.0172, 'neutrophils': 0.414, 'nk cells': 0.0161, 'regulatory t cells': 0.0128, 't effector cell cd8': 0.0499}",F,55.389,14.0,,,False,,control,
GSM1235711,0.9757970735104815,0.5942181836656938,1.0090104686177874,3402,"{'basophils': 0.0158, 'cd8 t cells': 0.0418, 'effector memory cd8 t cells': 0.0181, 'embryonic stem cells': 0.0179, 'memory cd4 t cells': 0.0169, 'monocytes': 0.0566, 'naive b cells': 0.0765, 'naive cd4 t cells': 0.0718, 'neutrophils': 0.5942, 'nk cells': 0.0106, 't effector cell cd8': 0.0627}",F,58.815,13.0,C50,1.476,True,1.476,breast,<2
GSM1235712,0.9761971390134343,0.5859544799589164,0.9911113402600509,3398,"{'basophils': 0.0208, 'cd8 t cells': 0.0171, 'colon macrophages': 0.0123, 'effector memory cd8 t cells': 0.0367, 'embryonic stem cells': 0.0107, 'eosinophils': 0.0149, 'memory cd4 t cells': 0.0295, 'monocytes': 0.0485, 'naive b cells': 0.0875, 'naive cd4 t cells': 0.0393, 'neutrophils': 0.586, 't effector cell cd8': 0.0761}",F,57.478,14.0,,,False,,control,
GSM1235713,0.9735604378748023,0.5287988430185729,1.0144141712249182,3393,"{'basophils': 0.0271, 'effector memory cd8 t cells': 0.0234, 'embryonic stem cells': 0.012, 'memory cd4 t cells': 0.0662, 'monocytes': 0.0677, 'naive b cells': 0.0716, 'naive cd4 t cells': 0.0574, 'naive cd8 t cells': 0.0188, 'neutrophils': 0.5288, 'nk cells': 0.0204, 'regulatory t cells': 0.0124, 't effector cell cd8': 0.0577}",F,59.22,12.0,,,False,,control,
GSM1235714,0.9706936472500161,0.5667918597012541,1.0195407529903138,3394,"{'basophils': 0.0175, 'effector memory cd8 t cells': 0.0103, 'embryonic stem cells': 0.0168, 'memory cd4 t cells': 0.0178, 'monocytes': 0.0706, 'naive b cells': 0.0754, 'naive cd4 t cells': 0.0786, 'naive cd8 t cells': 0.0456, 'neutrophils': 0.5668, 'nk cells': 0.0125, 'regulatory t cells': 0.0144, 't effector cell cd8': 0.0535}",F,61.298,14.0,C50,1.254,True,1.254,breast,<2
GSM1235715,0.9530658905810485,0.427907512195272,1.032303379587013,3373,"{'basophils': 0.0197, 'effector memory cd8 t cells': 0.0572, 'embryonic stem cells': 0.0144, 'memory cd4 t cells': 0.0765, 'monocytes': 0.0455, 'naive b cells': 0.1155, 'naive cd4 t cells': 0.0457, 'naive cd8 t cells': 0.0528, 'neutrophils': 0.4279, 'nk cells': 0.0147, 'pancreatic beta': 0.013, 'regulatory t cells': 0.0306, 't effector cell cd8': 0.0685}",F,58.407,14.0,C18,3.685,False,3.685,colorectal,2-5
GSM1235716,0.9801584093561433,0.3963733147439818,1.0479188335934901,3399,"{'adipocytes': 0.0106, 'basophils': 0.0266, 'cd8 t cells': 0.0756, 'effector memory cd8 t cells': 0.0341, 'embryonic stem cells': 0.0173, 'eosinophils': 0.0154, 'memory cd4 t cells': 0.1448, 'monocytes': 0.0939, 'naive b cells': 0.0618, 'naive cd4 t cells': 0.0125, 'neutrophils': 0.3964, 'nk cells': 0.065, 't effector cell cd8': 0.0387}",F,61.758,13.0,C18,4.572,False,4.572,colorectal,2-5
GSM1235717,0.9756623364239948,0.5043367373222146,0.9888088455734169,3397,"{'basophils': 0.0303, 'cd8 t cells': 0.0209, 'embryonic stem cells': 0.0215, 'memory cd4 t cells': 0.0578, 'monocytes': 0.0545, 'naive b cells': 0.1062, 'naive cd4 t cells': 0.0799, 'naive cd8 t cells': 0.013, 'neutrophils': 0.5043, 'nk cells': 0.018, 'regulatory t cells': 0.0131, 't effector cell cd8': 0.0562}",F,57.12,12.0,C18,5.125,False,5.125,colorectal,5-8
GSM1235718,0.9731085504155085,0.38300840176806833,1.0669429353991338,3251,"{'adipocytes': 0.0102, 'basophils': 0.0314, 'effector memory cd8 t cells': 0.0551, 'embryonic stem cells': 0.0154, 'memory cd4 t cells': 0.0586, 'monocytes': 0.0367, 'naive b cells': 0.0985, 'naive cd4 t cells': 0.0906, 'naive cd8 t cells': 0.0598, 'neutrophils': 0.383, 'nk cells': 0.0378, 'pancreatic beta': 0.0103, 'regulatory t cells': 0.0677, 't effector cell cd8': 0.0306}",F,65.834,14.0,C20,5.421,False,5.421,colorectal,5-8
GSM1235719,0.9769433751847453,0.4938264440422207,1.0377409519874152,3397,"{'basophils': 0.0479, 'cd8 t cells': 0.0305, 'effector memory cd8 t cells': 0.0523, 'embryonic stem cells': 0.0188, 'eosinophils': 0.0241, 'memory cd4 t cells': 0.0903, 'monocytes': 0.0762, 'naive b cells': 0.0502, 'naive cd4 t cells': 0.0205, 'neutrophils': 0.4938, 'nk cells': 0.0169, 't effector cell cd8': 0.0567}",M,47.491,,C18,8.06,False,8.06,colorectal,>8
GSM1235720,0.9807761270757285,0.6449270095071287,1.0419434874283242,3398,"{'basophils': 0.0207, 'cd8 t cells': 0.0419, 'effector memory cd8 t cells': 0.0251, 'embryonic stem cells': 0.0133, 'memory cd4 t cells': 0.0492, 'monocytes': 0.0393, 'naive b cells': 0.0612, 'naive cd4 t cells': 0.0344, 'neutrophils': 0.6449, 't effector cell cd8': 0.0537}",M,46.59,,,,False,,control,
GSM1235721,0.9712989277000794,0.34817284032674395,0.9787985240491868,3395,"{'basophils': 0.0217, 'cd8 t cells': 0.0141, 'effector memory cd8 t cells': 0.1007, 'embryonic stem cells': 0.0189, 'memory cd4 t cells': 0.0243, 'monocytes': 0.0597, 'naive b cells': 0.1206, 'naive cd4 t cells': 0.0846, 'naive cd8 t cells': 0.0826, 'neutrophils': 0.3482, 'nk cells': 0.0178, 'pancreatic beta': 0.012, 'regulatory t cells': 0.0294, 't effector cell cd8': 0.0551}",F,52.791,13.0,,,True,,control,
GSM1235722,0.9691058225077267,0.4404257439803859,0.9671476901013188,3387,"{'basophils': 0.0329, 'cd8 t cells': 0.0465, 'embryonic stem cells': 0.0144, 'eosinophils': 0.0352, 'memory cd4 t cells': 0.0236, 'monocytes': 0.0589, 'naive b cells': 0.0995, 'naive cd4 t cells': 0.0923, 'naive cd8 t cells': 0.0222, 'neutrophils': 0.4404, 'nk cells': 0.0455, 'regulatory t cells': 0.0172, 't central memory cd4': 0.0154, 't effector cell cd8': 0.0334}",F,48.556,13.0,,,False,,control,
GSM1235723,0.9719187182979182,0.5121764386174146,1.0160606623563129,3396,"{'basophils': 0.0327, 'effector memory cd8 t cells': 0.0374, 'embryonic stem cells': 0.0201, 'eosinophils': 0.0131, 'memory cd4 t cells': 0.0466, 'monocytes': 0.0448, 'naive b cells': 0.1052, 'naive cd4 t cells': 0.0416, 'naive cd8 t cells': 0.0394, 'neutrophils': 0.5122, 'nk cells': 0.0237, 'regulatory t cells': 0.017, 't effector cell cd8': 0.0506}",F,56.033,13.0,C50,1.9,True,1.9,breast,<2
GSM1235724,0.9640770198643923,0.5796155991962886,0.9996598342621925,3382,"{'basophils': 0.0248, 'cd8 t cells': 0.0481, 'embryonic stem cells': 0.0146, 'memory cd4 t cells': 0.0411, 'monocytes': 0.0305, 'naive b cells': 0.1162, 'naive cd4 t cells': 0.0538, 'neutrophils': 0.5796, 't effector cell cd8': 0.0504, 't effector memory cd4': 0.0182}",F,56.638,14.0,,,False,,control,
GSM1235725,0.9746673548622469,0.42267287472966397,1.0580455868607217,3398,"{'adipocytes': 0.0122, 'basophils': 0.037, 'effector memory cd8 t cells': 0.1153, 'eosinophils': 0.0839, 'memory cd4 t cells': 0.0715, 'monocytes': 0.0594, 'naive b cells': 0.0677, 'neutrophils': 0.4227, 'nk cells': 0.019, 'regulatory t cells': 0.0162, 't effector cell cd8': 0.0741}",F,60.52,12.0,,,False,,control,
GSM1235726,0.9739459932299797,0.5720876789194421,1.004452006019917,3397,"{'basophils': 0.0164, 'effector memory cd8 t cells': 0.0361, 'embryonic stem cells': 0.0144, 'monocytes': 0.07, 'naive b cells': 0.0752, 'naive cd4 t cells': 0.0823, 'naive cd8 t cells': 0.0278, 'neutrophils': 0.5721, 'nk cells': 0.0186, 'regulatory t cells': 0.0114, 't effector cell cd8': 0.0513}",F,49.24,12.0,C18,6.39,False,6.39,colorectal,5-8
GSM1235727,0.9703101647730924,0.5180485818530809,0.9898924318809202,3397,"{'basophils': 0.0237, 'effector memory cd8 t cells': 0.0125, 'embryonic stem cells': 0.0167, 'memory cd4 t cells': 0.0161, 'monocytes': 0.0333, 'naive b cells': 0.0827, 'naive cd4 t cells': 0.1224, 'naive cd8 t cells': 0.059, 'neutrophils': 0.518, 'nk cells': 0.0172, 'pancreatic beta': 0.0112, 'regulatory t cells': 0.0257, 't effector cell cd8': 0.0521}",F,70.393,12.0,C50,8.641,True,8.641,breast,>8
GSM1235728,0.9760561832921867,0.44778804703479447,0.9978569743055934,3400,"{'basophils': 0.0211, 'effector memory cd8 t cells': 0.0411, 'embryonic stem cells': 0.0167, 'memory cd4 t cells': 0.0329, 'monocytes': 0.057, 'naive b cells': 0.0863, 'naive cd4 t cells': 0.1242, 'naive cd8 t cells': 0.05, 'neutrophils': 0.4478, 'nk cells': 0.0351, 'regulatory t cells': 0.0342, 't effector cell cd8': 0.0385}",F,45.777,12.0,C18,4.329,False,4.329,colorectal,2-5
GSM1235729,0.976031308753143,0.565634077634974,1.0197748555240922,3400,"{'basophils': 0.021, 'effector memory cd8 t cells': 0.01, 'embryonic stem cells': 0.0145, 'monocytes': 0.0684, 'naive b cells': 0.0819, 'naive cd4 t cells': 0.0569, 'naive cd8 t cells': 0.0279, 'neutrophils': 0.5656, 'nk cells': 0.0609, 'regulatory t cells': 0.0208, 't effector cell cd8': 0.0424}",F,68.151,12.0,C18,1.487,False,1.487,colorectal,<2
GSM1235730,0.9705091610854419,0.525706010835431,1.0093849323203061,3393,"{'basophils': 0.0224, 'cd8 t cells': 0.0348, 'effector memory cd8 t cells': 0.059, 'embryonic stem cells': 0.021, 'memory cd4 t cells': 0.0367, 'monocytes': 0.049, 'naive b cells': 0.0928, 'naive cd4 t cells': 0.0677, 'naive cd8 t cells': 0.0118, 'neutrophils': 0.5257, 't effector cell cd8': 0.0619}",F,58.601,12.0,,,True,,control,
GSM1235731,0.9745326177757602,0.585473557306751,1.0493282702760822,3399,"{'basophils': 0.0178, 'cd8 t cells': 0.0112, 'effector memory cd8 t cells': 0.0438, 'embryonic stem cells': 0.014, 'memory cd4 t cells': 0.0274, 'monocytes': 0.0605, 'naive b cells': 0.0532, 'naive cd4 t cells': 0.059, 'naive cd8 t cells': 0.0229, 'neutrophils': 0.5855, 'nk cells': 0.0268, 'regulatory t cells': 0.0123, 't effector cell cd8': 0.0469}",F,43.37,12.0,,,False,,control,
GSM1235732,0.9754073723987969,0.4040760672152355,0.9884587741753847,3397,"{'basophils': 0.0332, 'cd8 t cells': 0.0385, 'effector memory cd8 t cells': 0.0599, 'embryonic stem cells': 0.0129, 'memory cd4 t cells': 0.0467, 'monocytes': 0.081, 'naive b cells': 0.1013, 'naive cd4 t cells': 0.0445, 'naive cd8 t cells': 0.0249, 'neutrophils': 0.4041, 'nk cells': 0.0667, 'regulatory t cells': 0.0148, 't effector cell cd8': 0.0514}",F,56.72,13.0,C18,2.642,False,2.642,colorectal,2-5
GSM1235733,0.9723498769746757,0.3988165336896611,1.0158740608032617,3396,"{'basophils': 0.0261, 'effector memory cd8 t cells': 0.0722, 'embryonic stem cells': 0.0222, 'memory cd4 t cells': 0.052, 'monocytes': 0.0745, 'naive b cells': 0.1097, 'naive cd4 t cells': 0.0553, 'naive cd8 t cells': 0.0513, 'neutrophils': 0.3988, 'nk cells': 0.0385, 'pancreatic beta': 0.0108, 'regulatory t cells': 0.0382, 't effector cell cd8': 0.0386}",F,64.841,16.0,C44,4.315,False,4.315,other,2-5
GSM1235734,0.9710045789880623,0.37392126638804163,0.9998789891072382,3394,"{'basophils': 0.0301, 'effector memory cd8 t cells': 0.0542, 'embryonic stem cells': 0.0157, 'memory cd4 t cells': 0.0399, 'monocytes': 0.0826, 'naive b cells': 0.1063, 'naive cd4 t cells': 0.0922, 'naive cd8 t cells': 0.0598, 'neutrophils': 0.3739, 'nk cells': 0.0604, 'regulatory t cells': 0.0286, 't effector cell cd8': 0.0387}",F,42.68,11.0,C18,2.637,False,2.637,colorectal,2-5
GSM1235735,0.9688094009174559,0.40505766523362563,0.9987213364117818,3389,"{'basophils': 0.031, 'cd8 t cells': 0.0107, 'effector memory cd8 t cells': 0.0946, 'embryonic stem cells': 0.0183, 'memory cd4 t cells': 0.078, 'monocytes': 0.0523, 'naive b cells': 0.1063, 'naive cd4 t cells': 0.0311, 'naive cd8 t cells': 0.0373, 'neutrophils': 0.4051, 'nk cells': 0.043, 'pancreatic beta': 0.0107, 'regulatory t cells': 0.0157, 't effector cell cd8': 0.0578}",F,72.047,13.0,C18,7.428,False,7.428,colorectal,5-8
GSM1235736,0.9724949784524306,0.4961727127668433,1.0229873410466779,3393,"{'basophils': 0.0166, 'cd8 t cells': 0.0282, 'effector memory cd8 t cells': 0.067, 'embryonic stem cells': 0.0137, 'memory cd4 t cells': 0.0721, 'monocytes': 0.0973, 'naive b cells': 0.0715, 'naive cd4 t cells': 0.0253, 'neutrophils': 0.4962, 'nk cells': 0.0381, 't effector cell cd8': 0.0519}",F,71.94,10.0,,,False,,control,
GSM1235737,0.9722980550183347,0.4899815771502045,1.0363939181911122,3391,"{'adipocytes': 0.0105, 'basophils': 0.026, 'cd8 t cells': 0.0132, 'effector memory cd8 t cells': 0.1101, 'embryonic stem cells': 0.0141, 'memory cd4 t cells': 0.0857, 'monocytes': 0.0532, 'naive b cells': 0.0689, 'neutrophils': 0.49, 'nk cells': 0.0213, 'pancreatic beta': 0.0101, 'regulatory t cells': 0.0264, 't effector cell cd8': 0.0549}",F,68.712,12.0,C18,7.042,False,7.042,colorectal,5-8
GSM1235738,0.9686850282222375,0.46104728107254234,0.9864711534992892,3391,"{'basophils': 0.0351, 'cd8 t cells': 0.0395, 'effector memory cd8 t cells': 0.0273, 'embryonic stem cells': 0.0131, 'eosinophils': 0.0144, 'memory cd4 t cells': 0.0459, 'monocytes': 0.0501, 'naive b cells': 0.0879, 'naive cd4 t cells': 0.074, 'naive cd8 t cells': 0.014, 'neutrophils': 0.461, 'nk cells': 0.0392, 'regulatory t cells': 0.0271, 't effector cell cd8': 0.0564}",F,71.329,14.0,,,False,,control,
GSM1235739,0.9756270974936829,0.3854303272773954,1.0393334655983144,3396,"{'basophils': 0.0163, 'cd8 t cells': 0.0721, 'effector memory cd8 t cells': 0.1757, 'embryonic stem cells': 0.0154, 'memory cd4 t cells': 0.0859, 'monocytes': 0.0395, 'naive b cells': 0.0976, 'neutrophils': 0.3854, 'nk cells': 0.0281, 'pancreatic beta': 0.01, 't effector cell cd8': 0.0517}",F,60.222,13.0,C18,6.179,False,6.179,colorectal,5-8
GSM1235740,0.9688363483347533,0.566649135740072,1.0075454627218539,3394,"{'basophils': 0.0246, 'embryonic stem cells': 0.0182, 'memory cd4 t cells': 0.0156, 'monocytes': 0.0425, 'naive b cells': 0.0841, 'naive cd4 t cells': 0.0979, 'naive cd8 t cells': 0.0208, 'neutrophils': 0.5666, 'nk cells': 0.0197, 'regulatory t cells': 0.0108, 't effector cell cd8': 0.0528}",F,45.44,13.0,,,True,,control,
GSM1235741,0.9859168651447594,0.631790938699978,1.038839744869419,3404,"{'basophils': 0.0112, 'cd8 t cells': 0.0404, 'effector memory cd8 t cells': 0.0562, 'memory cd4 t cells': 0.0604, 'monocytes': 0.0392, 'naive b cells': 0.0437, 'neutrophils': 0.6318, 'nk cells': 0.0207, 't effector cell cd8': 0.061}",F,63.176,12.0,,,False,,control,
GSM1235742,0.965756051249842,0.4477881366670985,0.9910876793355534,3389,"{'basophils': 0.0276, 'effector memory cd8 t cells': 0.0353, 'embryonic stem cells': 0.021, 'memory cd4 t cells': 0.0273, 'monocytes': 0.0557, 'naive b cells': 0.1076, 'naive cd4 t cells': 0.0656, 'naive cd8 t cells': 0.0421, 'neutrophils': 0.4478, 'nk cells': 0.0761, 'regulatory t cells': 0.0322, 't effector cell cd8': 0.0395}",F,64.709,15.0,C50,1.821,True,1.821,breast,<2
GSM1235743,0.9710854212399543,0.520541258785476,1.0572664450582145,3241,"{'basophils': 0.0283, 'effector memory cd8 t cells': 0.0328, 'embryonic stem cells': 0.0149, 'eosinophils': 0.0375, 'monocytes': 0.0958, 'naive b cells': 0.0943, 'naive cd4 t cells': 0.0383, 'naive cd8 t cells': 0.0174, 'neutrophils': 0.5205, 'nk cells': 0.0373, 'regulatory t cells': 0.0211, 't effector cell cd8': 0.0196, 't effector memory cd4': 0.013}",F,44.92,13.0,,,False,,control,
GSM1235744,0.9774139185483219,0.3843867408797246,1.0617299553744368,3393,"{'adipocytes': 0.0102, 'basophils': 0.0325, 'cd8 t cells': 0.0663, 'effector memory cd8 t cells': 0.1375, 'embryonic stem cells': 0.0133, 'eosinophils': 0.0192, 'memory b cells': 0.0134, 'memory cd4 t cells': 0.0944, 'monocytes': 0.0585, 'naive b cells': 0.0421, 'neutrophils': 0.3844, 'nk cells': 0.0354, 't effector cell cd8': 0.088}",M,52.107,,C44,1.802,False,1.802,other,<2
GSM1235745,0.9765184351427487,0.7438998975504733,1.0291561037265642,3395,"{'basophils': 0.0137, 'colon macrophages': 0.0121, 'lung interstitial macrophages': 0.0301, 'monocytes': 0.045, 'naive b cells': 0.0387, 'naive cd4 t cells': 0.0404, 'neutrophils': 0.7439, 't central memory cd4': 0.0208, 't effector cell cd8': 0.0284}",M,65.303,,,,False,,control,
GSM1235746,0.9790390550991769,0.5687305255423001,1.040923601322602,3397,"{'basophils': 0.0338, 'cd8 t cells': 0.0158, 'embryonic stem cells': 0.0104, 'lung interstitial macrophages': 0.0201, 'memory cd4 t cells': 0.0307, 'monocytes': 0.0817, 'naive b cells': 0.0621, 'naive cd4 t cells': 0.054, 'naive cd8 t cells': 0.0205, 'neutrophils': 0.5687, 'nk cells': 0.0177, 't central memory cd4': 0.0142, 't effector cell cd8': 0.0281, 't effector memory cd4': 0.02}",F,53.845,14.0,,,False,,control,
GSM1235747,0.9692384867159597,0.5066430622933689,0.9843534697886149,3389,"{'basophils': 0.0208, 'cd8 t cells': 0.0114, 'effector memory cd8 t cells': 0.1262, 'embryonic stem cells': 0.0161, 'memory cd4 t cells': 0.0667, 'monocytes': 0.0693, 'naive b cells': 0.0736, 'naive cd8 t cells': 0.011, 'neutrophils': 0.5066, 'nk cells': 0.0108, 't effector cell cd8': 0.0641}",M,64.293,,C61,1.024,False,1.024,other,<2
GSM1235748,0.9793292580546866,0.4834064097980987,0.9873838901625264,3398,"{'basophils': 0.0169, 'cd8 t cells': 0.0598, 'effector memory cd8 t cells': 0.0382, 'embryonic stem cells': 0.018, 'memory cd4 t cells': 0.0555, 'monocytes': 0.0616, 'naive b cells': 0.0691, 'naive cd4 t cells': 0.0872, 'neutrophils': 0.4834, 'nk cells': 0.0388, 't effector cell cd8': 0.0562}",M,63.863,,,,False,,control,
GSM1235749,0.9714834138646535,0.3339950074808665,1.0386789983900118,3389,"{'adipocytes': 0.01, 'basophils': 0.0368, 'cd8 t cells': 0.0798, 'effector memory cd8 t cells': 0.0307, 'embryonic stem cells': 0.0149, 'eosinophils': 0.0422, 'memory cd4 t cells': 0.1428, 'monocytes': 0.0901, 'naive b cells': 0.0931, 'neutrophils': 0.334, 'nk cells': 0.0516, 't effector cell cd8': 0.0505}",M,52.542,,C18,2.316,False,2.316,colorectal,2-5
GSM1235750,0.974545055045282,0.47305364572612035,1.0026676911816217,3395,"{'basophils': 0.0272, 'cd8 t cells': 0.0588, 'effector memory cd8 t cells': 0.038, 'embryonic stem cells': 0.0141, 'memory cd4 t cells': 0.0776, 'monocytes': 0.0571, 'naive b cells': 0.0945, 'naive cd4 t cells': 0.0578, 'neutrophils': 0.4731, 'nk cells': 0.0196, 't effector cell cd8': 0.0563}",F,54.251,14.0,C18,2.166,False,2.166,colorectal,2-5
GSM1235751,0.9761370255440788,0.4338493720646271,1.0225635930331891,3402,"{'basophils': 0.04, 'cd8 t cells': 0.0198, 'effector memory cd8 t cells': 0.0903, 'embryonic stem cells': 0.0177, 'eosinophils': 0.0231, 'memory cd4 t cells': 0.0517, 'monocytes': 0.0769, 'naive b cells': 0.0986, 'neutrophils': 0.4338, 'nk cells': 0.0487, 'pancreatic beta': 0.0107, 'regulatory t cells': 0.0197, 't effector cell cd8': 0.061}",F,67.576,15.0,,,False,,control,
GSM1235752,0.9678890429728391,0.4437934266592215,0.995511998337184,3387,"{'basophils': 0.0368, 'cd8 t cells': 0.0265, 'effector memory cd8 t cells': 0.0383, 'embryonic stem cells': 0.017, 'memory cd4 t cells': 0.0396, 'monocytes': 0.0509, 'naive b cells': 0.1213, 'naive cd4 t cells': 0.0858, 'naive cd8 t cells': 0.0252, 'neutrophils': 0.4438, 'nk cells': 0.0159, 'regulatory t cells': 0.0158, 't effector cell cd8': 0.0601}",F,65.018,13.0,,,True,,control,
GSM1235753,0.9785954591528976,0.4678969696268719,0.9939164786693532,3391,"{'basophils': 0.0208, 'cd8 t cells': 0.0559, 'effector memory cd8 t cells': 0.0427, 'memory cd4 t cells': 0.0291, 'monocytes': 0.0615, 'naive b cells': 0.081, 'naive cd4 t cells': 0.08, 'neutrophils': 0.4679, 'nk cells': 0.0463, 't central memory cd4': 0.0111, 't effector cell cd8': 0.0502, 't effector memory cd4': 0.0204}",F,45.503,12.0,,,False,,control,
GSM1235754,0.9820654573494935,0.4434675221358258,1.031877982211698,3258,"{'basophils': 0.0369, 'cd8 t cells': 0.0822, 'embryonic stem cells': 0.0109, 'eosinophils': 0.0267, 'lung interstitial macrophages': 0.0151, 'memory cd4 t cells': 0.0637, 'monocytes': 0.0708, 'naive b cells': 0.0704, 'naive cd4 t cells': 0.0575, 'neutrophils': 0.4435, 'nk cells': 0.048, 't central memory cd4': 0.024, 't effector cell cd8': 0.0252}",M,59.822,,,,False,,control,
GSM1235755,0.9772087036012114,0.5234031128171521,0.9911242820864222,3390,"{'basophils': 0.0282, 'cd8 t cells': 0.0532, 'embryonic stem cells': 0.0193, 'eosinophils': 0.0115, 'lung interstitial macrophages': 0.0154, 'memory cd4 t cells': 0.0474, 'monocytes': 0.0751, 'naive b cells': 0.0704, 'naive cd4 t cells': 0.0653, 'neutrophils': 0.5234, 'nk cells': 0.0154, 't effector cell cd8': 0.0497}",M,46.73,,C18,5.202,False,5.202,colorectal,5-8
GSM1235756,0.9656358243111307,0.4519142415374136,1.001654378805489,3390,"{'basophils': 0.0251, 'effector memory cd8 t cells': 0.0615, 'embryonic stem cells': 0.0244, 'monocytes': 0.071, 'naive b cells': 0.1039, 'naive cd4 t cells': 0.0598, 'naive cd8 t cells': 0.0636, 'neutrophils': 0.4519, 'nk cells': 0.0356, 'regulatory t cells': 0.0265, 't effector cell cd8': 0.0609}",F,52.882,13.0,C50,1.402,True,1.402,breast,<2
GSM1235757,0.9697463418881019,0.6267910948547263,0.9962628307791043,3399,"{'basophils': 0.0218, 'embryonic stem cells': 0.0256, 'monocytes': 0.0453, 'naive b cells': 0.0725, 'naive cd4 t cells': 0.0802, 'naive cd8 t cells': 0.0401, 'neutrophils': 0.6268, 'regulatory t cells': 0.018, 't effector cell cd8': 0.0514}",F,47.239,12.0,C50,1.993,True,1.993,breast,<2
GSM1235758,0.9789126095257047,0.47592022127803507,0.997170252723141,3397,"{'basophils': 0.0254, 'cd8 t cells': 0.1064, 'effector memory cd8 t cells': 0.0217, 'embryonic stem cells': 0.0183, 'memory cd4 t cells': 0.0563, 'monocytes': 0.0691, 'naive b cells': 0.0761, 'naive cd4 t cells': 0.057, 'neutrophils': 0.4759, 't effector cell cd8': 0.075}",F,53.314,14.0,,,False,,control,
GSM1235759,0.968415554049264,0.563258677803741,1.0002920374749575,3391,"{'basophils': 0.0268, 'embryonic stem cells': 0.0159, 'monocytes': 0.0654, 'naive b cells': 0.1034, 'naive cd4 t cells': 0.1052, 'naive cd8 t cells': 0.0162, 'neutrophils': 0.5633, 't central memory cd4': 0.0107, 't effector cell cd8': 0.0522}",F,62.193,14.0,,,False,,control,
GSM1235760,0.9618155096896694,0.49424005995500886,0.9687445971625281,3393,"{'basophils': 0.023, 'embryonic stem cells': 0.0229, 'monocytes': 0.0569, 'naive b cells': 0.1166, 'naive cd4 t cells': 0.0874, 'naive cd8 t cells': 0.0919, 'neutrophils': 0.4942, 'nk cells': 0.0151, 'regulatory t cells': 0.036, 't effector cell cd8': 0.0328}",F,54.815,14.0,C50,0.999,True,0.999,breast,<2
GSM1235761,0.9780751667112335,0.6797999704877005,1.0052799415090512,3397,"{'basophils': 0.0169, 'colon macrophages': 0.0107, 'embryonic stem cells': 0.0104, 'lung interstitial macrophages': 0.0224, 'monocytes': 0.0398, 'naive b cells': 0.0675, 'naive cd4 t cells': 0.0453, 'naive cd8 t cells': 0.018, 'neutrophils': 0.6798, 't effector cell cd8': 0.0692}",F,53.068,11.0,C18,2.237,False,2.237,colorectal,2-5
GSM1235762,0.9732971823365898,0.5257962943682244,1.004700882583091,3391,"{'basophils': 0.0262, 'cd8 t cells': 0.0571, 'effector memory cd8 t cells': 0.0463, 'embryonic stem cells': 0.0164, 'memory cd4 t cells': 0.092, 'monocytes': 0.0427, 'naive b cells': 0.0684, 'naive cd4 t cells': 0.0342, 'neutrophils': 0.5258, 't effector cell cd8': 0.0691}",F,64.731,14.0,C18,6.752,False,6.752,colorectal,5-8
GSM1235763,0.9762012847699416,0.339157442404254,0.9917754237046923,3390,"{'basophils': 0.0313, 'cd8 t cells': 0.0757, 'effector memory cd8 t cells': 0.0387, 'embryonic stem cells': 0.0117, 'eosinophils': 0.0133, 'memory cd4 t cells': 0.0601, 'monocytes': 0.0583, 'naive b cells': 0.0897, 'naive cd4 t cells': 0.1183, 'neutrophils': 0.3392, 'nk cells': 0.0877, 't effector cell cd8': 0.0318, 't effector memory cd4': 0.0186}",F,44.624,12.0,C18,7.025,False,7.025,colorectal,5-8
GSM1235764,0.9672153575404056,0.3810911807772138,0.9940768718495335,3398,"{'basophils': 0.0235, 'effector memory cd8 t cells': 0.1021, 'embryonic stem cells': 0.0252, 'memory cd4 t cells': 0.0328, 'monocytes': 0.0618, 'naive b cells': 0.1294, 'naive cd4 t cells': 0.0433, 'naive cd8 t cells': 0.0458, 'neutrophils': 0.3811, 'nk cells': 0.0343, 'pancreatic beta': 0.0107, 'regulatory t cells': 0.0397, 't effector cell cd8': 0.0585}",F,70.064,16.0,C50,0.917,True,0.917,breast,<2
GSM1235765,0.9701982293473957,0.5313881936644095,1.0106564978876982,3393,"{'basophils': 0.0314, 'effector memory cd8 t cells': 0.0265, 'embryonic stem cells': 0.017, 'memory cd4 t cells': 0.055, 'monocytes': 0.0393, 'naive b cells': 0.0851, 'naive cd4 t cells': 0.033, 'naive cd8 t cells': 0.0463, 'neutrophils': 0.5314, 'nk cells': 0.0286, 'regulatory t cells': 0.019, 't effector cell cd8': 0.0428}",F,46.248,14.0,,,False,,control,
GSM1235766,0.9673418031138777,0.40546510001089936,0.9715437825944248,3393,"{'basophils': 0.034, 'effector memory cd8 t cells': 0.0329, 'embryonic stem cells': 0.0151, 'memory cd4 t cells': 0.0401, 'monocytes': 0.0823, 'naive b cells': 0.1178, 'naive cd4 t cells': 0.0934, 'naive cd8 t cells': 0.0411, 'neutrophils': 0.4055, 'nk cells': 0.0395, 'regulatory t cells': 0.0271, 't effector cell cd8': 0.0536}",F,46.927,12.0,C18,4.646,False,4.646,colorectal,2-5
GSM1235767,0.9706356066589141,0.3609048209796691,0.982186599545699,3387,"{'basophils': 0.0348, 'effector memory cd8 t cells': 0.0208, 'embryonic stem cells': 0.0209, 'memory cd4 t cells': 0.0835, 'monocytes': 0.1026, 'naive b cells': 0.0768, 'naive cd4 t cells': 0.0803, 'naive cd8 t cells': 0.0368, 'neutrophils': 0.3609, 'nk cells': 0.0896, 'regulatory t cells': 0.0241, 't effector cell cd8': 0.0485}",M,65.963,,C18,5.451,False,5.451,colorectal,5-8
GSM1235768,0.9822623807835894,0.5486599703787317,1.0314539303616361,3258,"{'basophils': 0.0284, 'cd8 t cells': 0.0179, 'effector memory cd8 t cells': 0.0165, 'embryonic stem cells': 0.0147, 'eosinophils': 0.0155, 'lung interstitial macrophages': 0.0106, 'memory cd4 t cells': 0.0708, 'monocytes': 0.0553, 'naive b cells': 0.0544, 'naive cd4 t cells': 0.0319, 'naive cd8 t cells': 0.0145, 'neutrophils': 0.5487, 'nk cells': 0.0617, 't effector cell cd8': 0.0295}",M,57.306,,C19,1.988,False,1.988,colorectal,<2
GSM1235769,0.9679346462944192,0.45483267565639096,0.9536858093361696,3387,"{'basophils': 0.0326, 'cd8 t cells': 0.0184, 'eosinophils': 0.0283, 'monocytes': 0.0528, 'naive b cells': 0.1055, 'naive cd4 t cells': 0.1103, 'naive cd8 t cells': 0.0299, 'neutrophils': 0.4548, 'nk cells': 0.0539, 't central memory cd4': 0.0364, 't effector cell cd8': 0.0518}",M,49.572,,,,False,,control,
GSM1235770,0.964922754191878,0.5340879207468322,1.0079357881041073,3385,"{'basophils': 0.0241, 'effector memory cd8 t cells': 0.0766, 'embryonic stem cells': 0.0188, 'monocytes': 0.0593, 'naive b cells': 0.0843, 'naive cd4 t cells': 0.0382, 'naive cd8 t cells': 0.0266, 'neutrophils': 0.5341, 'nk cells': 0.0183, 'regulatory t cells': 0.0164, 't effector cell cd8': 0.0713}",F,46.229,13.0,,,False,,control,
GSM1235771,0.9742548520897722,0.39309779135154277,1.080868212615461,3395,"{'adipocytes': 0.0118, 'basophils': 0.0385, 'effector memory cd8 t cells': 0.1822, 'memory b cells': 0.0226, 'memory cd4 t cells': 0.0929, 'monocytes': 0.0796, 'naive b cells': 0.0512, 'neutrophils': 0.3931, 't effector cell cd8': 0.0874}",M,63.622,,C18,1.44,False,1.44,colorectal,<2
GSM1235772,0.9726193511476491,0.31841371718337796,0.987559548307216,3394,"{'basophils': 0.0212, 'cd8 t cells': 0.0887, 'effector memory cd8 t cells': 0.0792, 'embryonic stem cells': 0.0249, 'memory cd4 t cells': 0.0854, 'monocytes': 0.0427, 'naive b cells': 0.1266, 'naive cd4 t cells': 0.09, 'naive cd8 t cells': 0.0177, 'neutrophils': 0.3184, 'nk cells': 0.0335, 'regulatory t cells': 0.0169, 't effector cell cd8': 0.0433}",F,44.148,13.0,C18,6.22,False,6.22,colorectal,5-8
GSM1235773,0.986920138219522,0.4350988141420496,1.0192537328250435,3402,"{'basophils': 0.0241, 'cd8 t cells': 0.1092, 'effector memory cd8 t cells': 0.035, 'embryonic stem cells': 0.0104, 'memory cd4 t cells': 0.0982, 'monocytes': 0.0846, 'naive b cells': 0.0568, 'naive cd4 t cells': 0.0114, 'neutrophils': 0.4351, 'nk cells': 0.0542, 't effector cell cd8': 0.0549}",M,63.562,,,,False,,control,
GSM1235774,0.9743792247849907,0.4828066967290323,1.0592791454323758,3395,"{'adipocytes': 0.0108, 'basophils': 0.0261, 'cd8 t cells': 0.0709, 'effector memory cd8 t cells': 0.0855, 'embryonic stem cells': 0.0191, 'memory b cells': 0.0167, 'memory cd4 t cells': 0.0838, 'monocytes': 0.0393, 'naive b cells': 0.0762, 'naive cd4 t cells': 0.0131, 'neutrophils': 0.4828, 'nk cells': 0.0125, 't effector cell cd8': 0.0435}",M,59.099,,,,False,,control,
GSM1235775,0.9765205080210024,0.38843248916173523,0.989088625429737,3397,"{'basophils': 0.0223, 'cd8 t cells': 0.0697, 'effector memory cd8 t cells': 0.0692, 'embryonic stem cells': 0.0158, 'memory cd4 t cells': 0.0654, 'monocytes': 0.0594, 'naive b cells': 0.0904, 'naive cd4 t cells': 0.0287, 'neutrophils': 0.3884, 'nk cells': 0.1005, 't effector cell cd8': 0.0723}",M,56.397,,,,False,,control,
GSM1235776,0.9704158815640281,0.44886285036122525,0.9899407743691544,3392,"{'basophils': 0.038, 'effector memory cd8 t cells': 0.0225, 'memory cd4 t cells': 0.0212, 'monocytes': 0.0719, 'naive b cells': 0.0945, 'naive cd4 t cells': 0.0634, 'naive cd8 t cells': 0.0587, 'neutrophils': 0.4489, 'nk cells': 0.0853, 'regulatory t cells': 0.0145, 't effector cell cd8': 0.0346, 't effector memory cd4': 0.0143}",M,57.112,,C19,4.438,False,4.438,colorectal,2-5
GSM1235777,0.9664421739517973,0.579740330956883,1.062478459885768,3389,"{'adipocytes': 0.0105, 'basophils': 0.0169, 'effector memory cd8 t cells': 0.0267, 'embryonic stem cells': 0.0148, 'memory cd4 t cells': 0.0372, 'monocytes': 0.0858, 'naive b cells': 0.0784, 'naive cd4 t cells': 0.0414, 'naive cd8 t cells': 0.0132, 'neutrophils': 0.5797, 'nk cells': 0.0183, 'regulatory t cells': 0.0208, 't effector cell cd8': 0.0404}",M,60.205,,C18,6.409,False,6.409,colorectal,5-8
GSM1235778,0.9633743141364078,0.493744673683505,1.005428397162546,3387,"{'basophils': 0.0281, 'effector memory cd8 t cells': 0.037, 'embryonic stem cells': 0.0179, 'monocytes': 0.0689, 'naive b cells': 0.0917, 'naive cd4 t cells': 0.088, 'naive cd8 t cells': 0.0488, 'neutrophils': 0.4937, 'nk cells': 0.0324, 'regulatory t cells': 0.0321, 't effector cell cd8': 0.0439}",M,51.233,,C20,0.838,False,0.838,colorectal,<2
GSM1235779,0.9724742496698942,0.452997891406114,0.992712593206155,3392,"{'basophils': 0.0239, 'effector memory cd8 t cells': 0.0472, 'embryonic stem cells': 0.019, 'memory cd4 t cells': 0.0263, 'monocytes': 0.066, 'naive b cells': 0.0882, 'naive cd4 t cells': 0.0625, 'naive cd8 t cells': 0.0354, 'neutrophils': 0.453, 'nk cells': 0.1135, 'regulatory t cells': 0.0193, 't effector cell cd8': 0.0259}",M,53.903,,,,False,,control,
GSM1235780,0.9665561822557476,0.5955674865966228,1.0388375837301167,3386,"{'basophils': 0.0392, 'embryonic stem cells': 0.0122, 'lung interstitial macrophages': 0.0134, 'monocytes': 0.0657, 'naive b cells': 0.0626, 'naive cd4 t cells': 0.0412, 'naive cd8 t cells': 0.0267, 'neutrophils': 0.5956, 'nk cells': 0.0515, 'regulatory t cells': 0.0186, 't central memory cd4': 0.0102, 't effector cell cd8': 0.023, 't effector memory cd4': 0.0111}",M,59.039,,C18,9.53,False,9.53,colorectal,>8
GSM1235781,0.9706874286152551,0.6044606393427988,1.0020815602440205,3400,"{'basophils': 0.0116, 'effector memory cd8 t cells': 0.0135, 'embryonic stem cells': 0.0201, 'monocytes': 0.0336, 'naive b cells': 0.0873, 'naive cd4 t cells': 0.0623, 'naive cd8 t cells': 0.0609, 'neutrophils': 0.6045, 'regulatory t cells': 0.0338, 't effector cell cd8': 0.0446}",F,53.183,13.0,C50,1.9,True,1.9,breast,<2
GSM1235782,0.9680465817201158,0.388400638652696,1.0239075812549185,3387,"{'basophils': 0.0352, 'cd8 t cells': 0.0792, 'effector memory cd8 t cells': 0.0449, 'embryonic stem cells': 0.0194, 'memory cd4 t cells': 0.1132, 'monocytes': 0.0657, 'naive b cells': 0.1088, 'naive cd4 t cells': 0.0446, 'neutrophils': 0.3884, 'nk cells': 0.0283, 'regulatory t cells': 0.0154, 't effector cell cd8': 0.0369}",F,57.908,12.0,,,True,,control,
GSM1235783,0.9555201784333601,0.3780143975891431,0.963384877261714,3383,"{'basophils': 0.0384, 'effector memory cd8 t cells': 0.048, 'embryonic stem cells': 0.0117, 'memory cd4 t cells': 0.0494, 'monocytes': 0.0897, 'naive b cells': 0.1269, 'naive cd4 t cells': 0.037, 'naive cd8 t cells': 0.067, 'neutrophils': 0.378, 'nk cells': 0.0284, 'pancreatic beta': 0.0105, 'regulatory t cells': 0.0377, 't effector cell cd8': 0.0595}",M,67.94,,C18,4.799,False,4.799,colorectal,2-5
GSM1235784,0.9734485024491056,0.5249911482782513,1.0024125662872565,3396,"{'basophils': 0.0211, 'effector memory cd8 t cells': 0.0641, 'embryonic stem cells': 0.0164, 'memory cd4 t cells': 0.0574, 'monocytes': 0.0946, 'naive b cells': 0.0811, 'naive cd4 t cells': 0.0227, 'naive cd8 t cells': 0.021, 'neutrophils': 0.525, 'regulatory t cells': 0.02, 't effector cell cd8': 0.0589}",F,53.35,11.0,,,True,,control,
GSM1235785,0.9665644737687621,0.5105646431854691,1.0202458193994146,3391,"{'basophils': 0.0338, 'cd8 t cells': 0.0402, 'effector memory cd8 t cells': 0.0816, 'embryonic stem cells': 0.0106, 'memory cd4 t cells': 0.0543, 'monocytes': 0.0557, 'naive b cells': 0.0842, 'neutrophils': 0.5106, 'nk cells': 0.0364, 't effector cell cd8': 0.0574}",M,61.799,,C18,10.538,False,10.538,colorectal,>8
GSM1235786,0.9643941702371994,0.6567935985560742,1.0252632344297277,3397,"{'basophils': 0.0117, 'effector memory cd8 t cells': 0.0369, 'embryonic stem cells': 0.023, 'monocytes': 0.0449, 'naive b cells': 0.0897, 'naive cd4 t cells': 0.0376, 'neutrophils': 0.6568, 'regulatory t cells': 0.0177, 't effector cell cd8': 0.0578}",F,43.395,13.0,,,True,,control,
GSM1235787,0.9620518178105846,0.8434513254218735,1.0138350264094658,3388,"{'colon macrophages': 0.0226, 'embryonic stem cells': 0.0119, 'eosinophils': 0.078, 'lung interstitial macrophages': 0.0175, 'naive b cells': 0.0119, 'neutrophils': 0.8435}",F,63.206,15.0,C50,0.731,True,0.731,breast,<2
GSM1235788,0.9672816896445221,0.5445053176760215,1.0043899575299808,3384,"{'basophils': 0.0202, 'effector memory cd8 t cells': 0.025, 'memory cd4 t cells': 0.032, 'monocytes': 0.0344, 'naive b cells': 0.1033, 'naive cd4 t cells': 0.0719, 'naive cd8 t cells': 0.0549, 'neutrophils': 0.5445, 't central memory cd4': 0.0219, 't effector cell cd8': 0.043}",F,48.361,13.0,,,False,,control,
GSM1235789,0.9718420218025334,0.6213871855270929,1.0028438956854315,3400,"{'basophils': 0.0207, 'effector memory cd8 t cells': 0.0251, 'embryonic stem cells': 0.0202, 'monocytes': 0.0691, 'naive b cells': 0.0719, 'naive cd4 t cells': 0.0481, 'naive cd8 t cells': 0.0321, 'neutrophils': 0.6214, 'regulatory t cells': 0.0221, 't effector cell cd8': 0.0512}",F,43.211,13.0,C50,1.873,True,1.873,breast,<2
GSM1235790,0.9712906361870648,0.47063800708624937,0.9760592201363518,3395,"{'basophils': 0.0308, 'effector memory cd8 t cells': 0.049, 'embryonic stem cells': 0.0224, 'memory cd4 t cells': 0.0392, 'monocytes': 0.0884, 'naive b cells': 0.1028, 'naive cd4 t cells': 0.0837, 'naive cd8 t cells': 0.0139, 'neutrophils': 0.4706, 'pancreatic beta': 0.0103, 'regulatory t cells': 0.0303, 't effector cell cd8': 0.0491}",F,63.176,15.0,,,True,,control,
GSM1235791,0.9653497671121282,0.42537184079824614,1.0488111083478762,3382,"{'basophils': 0.039, 'cd8 t cells': 0.0303, 'effector memory cd8 t cells': 0.0914, 'embryonic stem cells': 0.021, 'memory cd4 t cells': 0.0948, 'monocytes': 0.0714, 'naive b cells': 0.0912, 'naive cd4 t cells': 0.0196, 'neutrophils': 0.4254, 'nk cells': 0.0211, 'regulatory t cells': 0.01, 't effector cell cd8': 0.0581}",M,62.292,,,,False,,control,
GSM1235792,0.9675097062524227,0.4680067924053122,0.9994609967445469,3393,"{'basophils': 0.032, 'embryonic stem cells': 0.017, 'monocytes': 0.0714, 'naive b cells': 0.123, 'naive cd4 t cells': 0.1177, 'naive cd8 t cells': 0.0489, 'neutrophils': 0.468, 'nk cells': 0.0165, 'regulatory t cells': 0.0238, 't central memory cd4': 0.0116, 't effector cell cd8': 0.0295}",F,50.965,13.0,C18,1.484,False,1.484,colorectal,<2
GSM1235793,0.9759193733274464,0.3712812395616853,0.9750357573899842,3399,"{'basophils': 0.0301, 'cd8 t cells': 0.0551, 'effector memory cd8 t cells': 0.0613, 'embryonic stem cells': 0.0209, 'memory cd4 t cells': 0.0303, 'monocytes': 0.0447, 'naive b cells': 0.1254, 'naive cd4 t cells': 0.0797, 'naive cd8 t cells': 0.0768, 'neutrophils': 0.3713, 'nk cells': 0.025, 'regulatory t cells': 0.0178, 't effector cell cd8': 0.0433}",F,43.34,12.0,C50,1.76,True,1.76,breast,<2
GSM1235794,0.9790286907079087,0.566830019506588,0.992408374636998,3397,"{'basophils': 0.0185, 'effector memory cd8 t cells': 0.022, 'embryonic stem cells': 0.0195, 'monocytes': 0.0703, 'naive b cells': 0.0802, 'naive cd4 t cells': 0.0978, 'naive cd8 t cells': 0.0338, 'neutrophils': 0.5668, 'nk cells': 0.0106, 'regulatory t cells': 0.016, 't effector cell cd8': 0.0468}",M,44.512,,,,False,,control,
GSM1235795,0.9643838058459312,0.608791072132294,1.0165597489184028,3386,"{'basophils': 0.0165, 'memory cd4 t cells': 0.0263, 'monocytes': 0.0394, 'naive b cells': 0.0806, 'naive cd4 t cells': 0.0662, 'naive cd8 t cells': 0.0227, 'neutrophils': 0.6088, 'regulatory t cells': 0.013, 't effector cell cd8': 0.0621, 't effector memory cd4': 0.0108}",F,58.992,10.0,,,False,,control,
GSM1235796,0.9599001701833046,0.4923049625318776,1.020839422134686,3389,"{'basophils': 0.0255, 'effector memory cd8 t cells': 0.1019, 'embryonic stem cells': 0.0176, 'memory cd4 t cells': 0.0161, 'monocytes': 0.076, 'naive b cells': 0.0927, 'naive cd4 t cells': 0.0359, 'naive cd8 t cells': 0.0185, 'neutrophils': 0.4923, 'nk cells': 0.0213, 'regulatory t cells': 0.0246, 't effector cell cd8': 0.0615}",M,45.355,,C18,7.365,False,7.365,colorectal,5-8
GSM1235797,0.9733220568756336,0.648662888809597,1.0292599116138443,3396,"{'basophils': 0.0157, 'effector memory cd8 t cells': 0.0196, 'embryonic stem cells': 0.0124, 'memory cd4 t cells': 0.0237, 'monocytes': 0.0766, 'naive b cells': 0.059, 'naive cd4 t cells': 0.0436, 'naive cd8 t cells': 0.0194, 'neutrophils': 0.6487, 'regulatory t cells': 0.0126, 't effector cell cd8': 0.0452}",M,54.193,,C34,0.832,False,0.832,other,<2
GSM1235798,0.9800526925652076,0.5460154759141823,0.9641467397643559,3401,"{'basophils': 0.0292, 'effector memory cd8 t cells': 0.0316, 'embryonic stem cells': 0.0175, 'eosinophils': 0.0155, 'memory cd4 t cells': 0.0179, 'monocytes': 0.0557, 'naive b cells': 0.0742, 'naive cd4 t cells': 0.0666, 'naive cd8 t cells': 0.0365, 'neutrophils': 0.546, 'nk cells': 0.0276, 't effector cell cd8': 0.0532}",M,58.752,,,,False,,control,
GSM1235799,0.9697795079401601,0.6946078239687079,1.001710771616253,3391,"{'basophils': 0.0247, 'embryonic stem cells': 0.0172, 'monocytes': 0.0431, 'naive b cells': 0.0584, 'naive cd4 t cells': 0.0451, 'naive cd8 t cells': 0.0352, 'neutrophils': 0.6946, 't effector cell cd8': 0.0579}",M,59.617,,C18,3.929,False,3.929,colorectal,2-5
GSM1235800,0.9775569471478232,0.6018434834566978,1.0215671429744297,3399,"{'basophils': 0.0163, 'effector memory cd8 t cells': 0.0396, 'embryonic stem cells': 0.0106, 'memory cd4 t cells': 0.0448, 'monocytes': 0.0475, 'naive b cells': 0.0754, 'naive cd4 t cells': 0.0377, 'naive cd8 t cells': 0.0332, 'neutrophils': 0.6018, 'regulatory t cells': 0.0136, 't effector cell cd8': 0.054}",F,53.38,11.0,C18,7.444,False,7.444,colorectal,5-8
GSM1235801,0.9698023096009502,0.4628354423789621,1.055714187598664,3254,"{'adipocytes': 0.0124, 'basophils': 0.0294, 'cd8 t cells': 0.0408, 'effector memory cd8 t cells': 0.0801, 'embryonic stem cells': 0.0159, 'memory cd4 t cells': 0.0653, 'monocytes': 0.0721, 'naive b cells': 0.0757, 'naive cd4 t cells': 0.0456, 'neutrophils': 0.4628, 'nk cells': 0.0128, 'regulatory t cells': 0.0248, 't effector cell cd8': 0.0424}",M,50.174,,C20,7.012,False,7.012,colorectal,5-8
GSM1235802,0.9733697330754673,0.6380064134780522,1.019693750919182,3394,"{'basophils': 0.0211, 'effector memory cd8 t cells': 0.0104, 'embryonic stem cells': 0.014, 'monocytes': 0.0575, 'naive b cells': 0.0722, 'naive cd4 t cells': 0.065, 'naive cd8 t cells': 0.0301, 'neutrophils': 0.638, 'regulatory t cells': 0.0194, 't effector cell cd8': 0.0451}",M,60.29,,,,False,,control,
GSM1235803,0.9658845697015677,0.7080240285001372,1.0289553481844997,3388,"{'basophils': 0.0189, 'colon macrophages': 0.0129, 'embryonic stem cells': 0.0107, 'lung interstitial macrophages': 0.0157, 'monocytes': 0.0663, 'naive b cells': 0.0549, 'naive cd4 t cells': 0.0271, 'naive cd8 t cells': 0.0187, 'neutrophils': 0.708, 'nk cells': 0.0211, 't effector cell cd8': 0.0315}",M,60.72,,,,False,,control,
GSM1235804,0.9740143982123498,0.7901296671576659,1.003228153143324,3397,"{'basophils': 0.0107, 'colon macrophages': 0.0154, 'embryonic stem cells': 0.0108, 'eosinophils': 0.0165, 'lung interstitial macrophages': 0.028, 'naive b cells': 0.0432, 'naive cd4 t cells': 0.0297, 'neutrophils': 0.7901, 't effector cell cd8': 0.0363}",F,43.463,14.0,,,True,,control,
GSM1235805,0.9804050818683266,0.6079395268033773,1.0379599306200868,3398,"{'basophils': 0.0151, 'cd8 t cells': 0.0552, 'effector memory cd8 t cells': 0.0414, 'memory cd4 t cells': 0.0456, 'monocytes': 0.0607, 'naive b cells': 0.0613, 'naive cd4 t cells': 0.0279, 'neutrophils': 0.6079, 't effector cell cd8': 0.046}",M,57.944,,C18,1.081,False,1.081,colorectal,<2
GSM1235806,0.9722420873054863,0.40938651183319164,0.9726083516390923,3399,"{'basophils': 0.0286, 'effector memory cd8 t cells': 0.0373, 'embryonic stem cells': 0.0203, 'memory cd4 t cells': 0.0549, 'monocytes': 0.0257, 'naive b cells': 0.1062, 'naive cd4 t cells': 0.1188, 'naive cd8 t cells': 0.0662, 'neutrophils': 0.4094, 'nk cells': 0.0543, 'pancreatic beta': 0.0103, 'regulatory t cells': 0.025, 't effector cell cd8': 0.0337}",F,57.284,11.0,C50,1.547,True,1.547,breast,<2
GSM1235807,0.967969885224731,0.5016542373617138,0.9727703048464852,3397,"{'basophils': 0.0376, 'effector memory cd8 t cells': 0.0311, 'embryonic stem cells': 0.0174, 'eosinophils': 0.05, 'monocytes': 0.0827, 'naive b cells': 0.0866, 'naive cd4 t cells': 0.0398, 'naive cd8 t cells': 0.0323, 'neutrophils': 0.5017, 'nk cells': 0.0235, 'regulatory t cells': 0.0185, 't effector cell cd8': 0.0605}",M,62.07,,,,False,,control,
GSM1235808,0.9709071537101411,0.4889703682713176,1.0323274496733825,3395,"{'basophils': 0.026, 'cd8 t cells': 0.0439, 'effector memory cd8 t cells': 0.0716, 'embryonic stem cells': 0.0114, 'eosinophils': 0.0331, 'memory cd4 t cells': 0.0351, 'monocytes': 0.0831, 'naive b cells': 0.071, 'naive cd4 t cells': 0.0163, 'neutrophils': 0.489, 'nk cells': 0.0283, 'regulatory t cells': 0.0181, 't effector cell cd8': 0.0569}",M,57.169,,C18,6.22,False,6.22,colorectal,5-8
GSM1235809,0.9722628160880227,0.4415776433152138,1.0041698602814402,3395,"{'basophils': 0.0265, 'effector memory cd8 t cells': 0.0764, 'embryonic stem cells': 0.0151, 'eosinophils': 0.0137, 'memory cd4 t cells': 0.075, 'monocytes': 0.0269, 'naive b cells': 0.105, 'naive cd4 t cells': 0.0439, 'naive cd8 t cells': 0.0386, 'neutrophils': 0.4416, 'nk cells': 0.0349, 'regulatory t cells': 0.02, 't effector cell cd8': 0.0543}",F,57.563,12.0,C50,1.248,True,1.248,breast,<2
GSM1235810,0.974787581800958,0.4752803925734173,1.049352650540487,3391,"{'adipocytes': 0.0101, 'basophils': 0.0162, 'cd8 t cells': 0.06, 'effector memory cd8 t cells': 0.1569, 'memory cd4 t cells': 0.0335, 'monocytes': 0.056, 'naive b cells': 0.0662, 'neutrophils': 0.4753, 'nk cells': 0.0137, 't effector cell cd8': 0.0842}",M,58.448,,,,False,,control,
GSM1235811,0.9726877561300192,0.2679760462810181,,3399,"{'basophils': 0.0185, 'effector memory cd8 t cells': 0.0609, 'embryonic stem cells': 0.0351, 'memory cd4 t cells': 0.0212, 'monocytes': 0.0304, 'naive b cells': 0.137, 'naive cd4 t cells': 0.2414, 'naive cd8 t cells': 0.0677, 'neutrophils': 0.268, 'nk cells': 0.0206, 'pancreatic beta': 0.0114, 'regulatory t cells': 0.0401, 't effector cell cd8': 0.0363}",F,57.279,15.0,,,True,,control,
GSM1235812,0.9588989699867958,0.5729356438819861,0.9886255449367569,3380,"{'basophils': 0.0207, 'embryonic stem cells': 0.0196, 'monocytes': 0.0585, 'naive b cells': 0.0914, 'naive cd4 t cells': 0.0768, 'naive cd8 t cells': 0.0412, 'neutrophils': 0.5729, 'nk cells': 0.0342, 'regulatory t cells': 0.014, 't effector cell cd8': 0.0385}",F,43.904,13.0,,,True,,control,
GSM1235813,0.9794743595324416,0.6230228188200218,0.9791730696608967,3397,"{'effector memory cd8 t cells': 0.0261, 'embryonic stem cells': 0.0244, 'memory cd4 t cells': 0.0212, 'monocytes': 0.0385, 'naive b cells': 0.0799, 'naive cd4 t cells': 0.0401, 'naive cd8 t cells': 0.0356, 'neutrophils': 0.623, 't effector cell cd8': 0.0682}",F,47.773,11.0,,,True,,control,
GSM1235814,0.9474048600703535,0.39753754348499454,0.9022427073525109,3367,"{'basophils': 0.0215, 'colon macrophages': 0.016, 'embryonic stem cells': 0.0354, 'erythrocyte progenitors': 0.0223, 'lung interstitial macrophages': 0.0299, 'monocytes': 0.0103, 'naive b cells': 0.0956, 'naive cd4 t cells': 0.0858, 'naive cd8 t cells': 0.0992, 'neutrophils': 0.3975, 'regulatory t cells': 0.0309, 't effector cell cd8': 0.1072, 't effector memory cd4': 0.018}",F,47.14,14.0,,,False,,control,
GSM1235815,0.9765184351427487,0.5616532250557981,0.9457623960175137,3393,"{'basophils': 0.0295, 'embryonic stem cells': 0.0183, 'eosinophils': 0.0292, 'lung interstitial macrophages': 0.0109, 'monocytes': 0.0571, 'naive b cells': 0.0676, 'naive cd4 t cells': 0.07, 'naive cd8 t cells': 0.0295, 'neutrophils': 0.5617, 't central memory cd4': 0.0318, 't effector cell cd8': 0.0568}",F,58.355,16.0,,,True,,control,
GSM1235816,0.9827930376165217,0.5761725324104565,0.9826983530153514,3401,"{'basophils': 0.0178, 'cd8 t cells': 0.0159, 'colon macrophages': 0.017, 'embryonic stem cells': 0.0126, 'memory cd4 t cells': 0.0446, 'monocytes': 0.0392, 'naive b cells': 0.0658, 'naive cd4 t cells': 0.0702, 'naive cd8 t cells': 0.0316, 'neutrophils': 0.5762, 'nk cells': 0.024, 't effector cell cd8': 0.0609}",F,53.013,11.0,,,True,,control,
GSM1235817,0.9729012625901443,0.29897530840975467,,3385,"{'basophils': 0.032, 'cd8 t cells': 0.0753, 'effector memory cd8 t cells': 0.035, 'embryonic stem cells': 0.0226, 'memory cd4 t cells': 0.0753, 'monocytes': 0.0861, 'naive b cells': 0.1044, 'naive cd4 t cells': 0.0564, 'neutrophils': 0.299, 'nk cells': 0.1343, 't effector cell cd8': 0.0488, 't effector memory cd4': 0.0182}",F,41.284,12.0,,,True,,control,
GSM1235818,0.9846586280447991,0.5907050965082132,0.9924398080691736,3402,"{'basophils': 0.0168, 'cd8 t cells': 0.0148, 'effector memory cd8 t cells': 0.0284, 'embryonic stem cells': 0.0195, 'memory cd4 t cells': 0.0504, 'monocytes': 0.0264, 'naive b cells': 0.0714, 'naive cd4 t cells': 0.0371, 'naive cd8 t cells': 0.0425, 'neutrophils': 0.5907, 't effector cell cd8': 0.0604}",F,42.059,12.0,,,True,,control,
GSM1235819,0.9818436593763539,0.45095228237242946,0.9563758846121049,3399,"{'basophils': 0.0271, 'cd8 t cells': 0.0592, 'effector memory cd8 t cells': 0.0163, 'embryonic stem cells': 0.0211, 'memory cd4 t cells': 0.0439, 'monocytes': 0.0438, 'naive b cells': 0.1011, 'naive cd4 t cells': 0.0922, 'naive cd8 t cells': 0.0456, 'neutrophils': 0.451, 'regulatory t cells': 0.0128, 't effector cell cd8': 0.0592}",F,45.292,12.0,,,True,,control,
GSM1235820,0.9673335116008631,0.5137454916906519,0.9149161431081066,3385,"{'colon macrophages': 0.0442, 'embryonic stem cells': 0.0445, 'erythrocyte progenitors': 0.0294, 'lung interstitial macrophages': 0.0498, 'naive b cells': 0.0745, 'naive cd4 t cells': 0.0775, 'naive cd8 t cells': 0.0596, 'neutrophils': 0.5137, 't effector cell cd8': 0.0639, 't effector memory cd4': 0.0208}",F,45.864,12.0,C50,12.172,False,12.172,breast,>8
GSM1235821,0.9518802042199656,0.5621265827641952,1.1314601227258503,3381,"{'basophils': 0.0118, 'cd8 t cells': 0.0289, 'erythrocyte progenitors': 0.0202, 'memory cd4 t cells': 0.0568, 'monocytes': 0.0677, 'naive b cells': 0.0667, 'naive cd4 t cells': 0.0925, 'neutrophils': 0.5621, 'nk cells': 0.0385, 't effector memory cd4': 0.0425}",F,54.7,13.0,C50,5.9,True,5.9,breast,5-8
GSM1235822,0.9721653908101016,0.36904682777942727,1.035807699991579,3388,"{'colon macrophages': 0.0421, 'embryonic stem cells': 0.0527, 'erythrocyte progenitors': 0.053, 'lung interstitial macrophages': 0.0484, 'naive b cells': 0.0716, 'naive cd8 t cells': 0.137, 'neutrophils': 0.369, 'regulatory t cells': 0.1077, 't effector cell cd8': 0.0921}",F,56.821,13.0,C50,9.503,False,9.503,breast,>8
GSM1235823,0.9799138097222135,0.6374824897356866,1.0172495706294238,3399,"{'basophils': 0.022, 'effector memory cd8 t cells': 0.0143, 'embryonic stem cells': 0.0222, 'lung interstitial macrophages': 0.013, 'monocytes': 0.0727, 'naive b cells': 0.0624, 'naive cd4 t cells': 0.0255, 'naive cd8 t cells': 0.0245, 'neutrophils': 0.6375, 'nk cells': 0.0346, 'regulatory t cells': 0.0128, 't effector cell cd8': 0.0441}",M,59.305,,C18,13.725,False,13.725,colorectal,>8
GSM1235824,0.9552341212343576,0.5673822632602666,1.0267404158178295,3382,"{'basophils': 0.0377, 'effector memory cd8 t cells': 0.0138, 'embryonic stem cells': 0.0191, 'eosinophils': 0.0149, 'memory cd4 t cells': 0.0174, 'monocytes': 0.0417, 'naive b cells': 0.0785, 'naive cd4 t cells': 0.0559, 'naive cd8 t cells': 0.0357, 'neutrophils': 0.5674, 'nk cells': 0.0151, 'regulatory t cells': 0.0192, 't effector cell cd8': 0.0502}",F,41.739,13.0,C50,4.715,True,4.715,breast,2-5
GSM1235825,0.9697131758360437,0.5171260751320426,0.9673212975029503,3387,"{'colon macrophages': 0.0394, 'embryonic stem cells': 0.0482, 'erythrocyte progenitors': 0.0408, 'lung interstitial macrophages': 0.0427, 'naive b cells': 0.0582, 'naive cd8 t cells': 0.0982, 'neutrophils': 0.5171, 'regulatory t cells': 0.0728, 't effector cell cd8': 0.0625}",F,41.739,11.0,C50,2.439,False,2.439,breast,2-5
GSM1235826,0.9679222090248973,0.5933359527465945,1.0302725633183607,3394,"{'basophils': 0.017, 'embryonic stem cells': 0.0215, 'memory cd4 t cells': 0.0261, 'monocytes': 0.0309, 'naive b cells': 0.0786, 'naive cd4 t cells': 0.0811, 'naive cd8 t cells': 0.0388, 'neutrophils': 0.5933, 'nk cells': 0.0185, 'regulatory t cells': 0.0156, 't effector cell cd8': 0.0362}",F,42.779,12.0,C50,7.077,True,7.077,breast,5-8
GSM1235827,0.9730401454331383,0.45371659873565817,0.9199036642586542,3391,"{'basophils': 0.0115, 'colon macrophages': 0.0245, 'effector memory cd8 t cells': 0.0345, 'embryonic stem cells': 0.0333, 'erythrocyte progenitors': 0.01, 'monocytes': 0.0588, 'naive b cells': 0.089, 'naive cd8 t cells': 0.1067, 'neutrophils': 0.4537, 'regulatory t cells': 0.0584, 't effector cell cd8': 0.088}",F,39.116,11.0,,,False,,control,
GSM1235828,0.9811368078918621,0.4759491876449024,0.9298489142718758,3257,"{'basophils': 0.0299, 'effector memory cd8 t cells': 0.0417, 'embryonic stem cells': 0.0117, 'memory cd4 t cells': 0.0644, 'monocytes': 0.0549, 'naive b cells': 0.0942, 'naive cd4 t cells': 0.0647, 'naive cd8 t cells': 0.0424, 'neutrophils': 0.4759, 'regulatory t cells': 0.025, 't effector cell cd8': 0.0622}",M,51.203,,C19,4.613,False,4.613,colorectal,2-5
GSM1235829,0.9659944322490107,0.50401613244578,0.9967079639693749,3392,"{'basophils': 0.0246, 'effector memory cd8 t cells': 0.0274, 'embryonic stem cells': 0.0298, 'memory cd4 t cells': 0.044, 'monocytes': 0.0486, 'naive b cells': 0.0943, 'naive cd4 t cells': 0.0714, 'naive cd8 t cells': 0.0252, 'neutrophils': 0.504, 'nk cells': 0.0425, 'pancreatic beta': 0.01, 'regulatory t cells': 0.0236, 't effector cell cd8': 0.0468}",F,57.169,12.0,,,True,,control,
GSM1235830,0.9801107331563095,0.4326485292631992,0.9160662316341552,3395,"{'basophils': 0.0199, 'cd8 t cells': 0.0667, 'embryonic stem cells': 0.0163, 'eosinophils': 0.0177, 'memory cd4 t cells': 0.1081, 'monocytes': 0.0666, 'naive b cells': 0.0757, 'naive cd4 t cells': 0.0428, 'neutrophils': 0.4326, 'nk cells': 0.0598, 't effector cell cd8': 0.0554}",F,58.048,14.0,,,True,,control,
GSM1235831,0.9828241307903263,0.5474833353213889,0.9910193918813085,3398,"{'basophils': 0.0284, 'effector memory cd8 t cells': 0.0386, 'embryonic stem cells': 0.0172, 'memory cd4 t cells': 0.0508, 'monocytes': 0.0346, 'naive b cells': 0.0816, 'naive cd4 t cells': 0.0492, 'naive cd8 t cells': 0.0418, 'neutrophils': 0.5475, 'regulatory t cells': 0.0112, 't effector cell cd8': 0.0505}",F,43.211,13.0,,,True,,control,
GSM1235832,0.9788524960563492,0.507976974613035,0.9718755075598526,3395,"{'basophils': 0.024, 'cd8 t cells': 0.0633, 'effector memory cd8 t cells': 0.0891, 'embryonic stem cells': 0.0136, 'monocytes': 0.0412, 'naive b cells': 0.0951, 'naive cd4 t cells': 0.0595, 'neutrophils': 0.508, 'regulatory t cells': 0.0153, 't effector cell cd8': 0.0681}",F,58.565,11.0,C19,13.235,False,13.235,colorectal,>8
GSM1235833,0.9697131758360437,0.657210447538301,1.0751542733438244,3387,"{'adipocytes': 0.0162, 'effector memory cd8 t cells': 0.0663, 'embryonic stem cells': 0.0215, 'memory cd4 t cells': 0.0141, 'monocytes': 0.0406, 'naive b cells': 0.0514, 'naive cd8 t cells': 0.0297, 'neutrophils': 0.6572, 'pancreatic beta': 0.0107, 'regulatory t cells': 0.0416, 't effector cell cd8': 0.0335}",F,64.684,11.0,C18,7.061,False,7.061,colorectal,5-8
GSM1235834,0.9759463207447437,0.5363748123860085,1.0081397561079277,3256,"{'adipocytes': 0.011, 'basophils': 0.0265, 'cd8 t cells': 0.0201, 'effector memory cd8 t cells': 0.0442, 'embryonic stem cells': 0.02, 'memory cd4 t cells': 0.0549, 'monocytes': 0.0599, 'naive b cells': 0.1052, 'naive cd4 t cells': 0.0334, 'neutrophils': 0.5364, 'nk cells': 0.0139, 'regulatory t cells': 0.0141, 't effector cell cd8': 0.0427}",M,52.914,,,,False,,control,
GSM1235835,0.8686603609710191,0.5303438329478929,1.1054777121015509,3138,"{'basophils': 0.0232, 'effector memory cd8 t cells': 0.0533, 'embryonic stem cells': 0.0482, 'memory cd4 t cells': 0.079, 'monocytes': 0.0381, 'naive b cells': 0.0694, 'naive cd8 t cells': 0.0287, 'neutrophils': 0.5303, 'nk cells': 0.0132, 'pancreatic beta': 0.0191, 't effector cell cd8': 0.0721}",F,59.852,12.0,C50,9.484,False,9.484,breast,>8
GSM1235836,0.9685523640140044,0.4351259826036342,0.9831435306846636,3393,"{'basophils': 0.0297, 'embryonic stem cells': 0.0234, 'memory cd4 t cells': 0.0286, 'monocytes': 0.0498, 'naive b cells': 0.1346, 'naive cd4 t cells': 0.1386, 'naive cd8 t cells': 0.0575, 'neutrophils': 0.4351, 'nk cells': 0.0256, 'regulatory t cells': 0.0244, 't effector cell cd8': 0.0307}",F,57.328,13.0,C50,8.684,True,8.684,breast,>8
GSM1235837,0.9872683817661337,0.5018321274724201,1.0064806816316825,3402,"{'basophils': 0.0189, 'effector memory cd8 t cells': 0.0624, 'embryonic stem cells': 0.0146, 'memory cd4 t cells': 0.0394, 'monocytes': 0.0614, 'naive b cells': 0.0751, 'naive cd8 t cells': 0.0661, 'neutrophils': 0.5018, 'nk cells': 0.0426, 'regulatory t cells': 0.0579, 't effector cell cd8': 0.0352}",M,55.335,,C18,10.313,False,10.313,colorectal,>8
GSM1235838,0.9647755798358695,0.40688455857907574,1.0401959357865822,3386,"{'adipocytes': 0.0116, 'basophils': 0.0271, 'cd8 t cells': 0.0584, 'effector memory cd8 t cells': 0.0958, 'embryonic stem cells': 0.0172, 'memory cd4 t cells': 0.0826, 'monocytes': 0.0618, 'naive b cells': 0.1169, 'naive cd4 t cells': 0.0203, 'neutrophils': 0.4069, 'nk cells': 0.021, 'pancreatic beta': 0.0137, 'regulatory t cells': 0.0211, 't effector cell cd8': 0.0375}",F,59.253,13.0,C50,6.708,True,6.708,breast,5-8
GSM1235839,0.9777517977036655,0.5309071096427567,0.9886028499990216,3399,"{'basophils': 0.0327, 'effector memory cd8 t cells': 0.0657, 'embryonic stem cells': 0.0161, 'monocytes': 0.0788, 'naive b cells': 0.0597, 'naive cd4 t cells': 0.0196, 'naive cd8 t cells': 0.0742, 'neutrophils': 0.5309, 'nk cells': 0.029, 'regulatory t cells': 0.0452, 't effector cell cd8': 0.027}",M,54.721,,C18,11.652,False,11.652,colorectal,>8
GSM1235840,0.9712243040829482,0.4450229918767356,1.0062543742790289,3394,"{'basophils': 0.0137, 'effector memory cd8 t cells': 0.1219, 'embryonic stem cells': 0.0204, 'memory cd4 t cells': 0.0233, 'monocytes': 0.1013, 'naive b cells': 0.0858, 'naive cd4 t cells': 0.015, 'naive cd8 t cells': 0.0308, 'neutrophils': 0.445, 'nk cells': 0.0243, 'regulatory t cells': 0.0567, 't effector cell cd8': 0.0392}",M,54.157,,C18,7.236,False,7.236,colorectal,5-8
GSM1235841,0.9916773938116292,0.5530022546157031,1.0265981810155602,3404,"{'adipocytes': 0.01, 'basophils': 0.0182, 'cd8 t cells': 0.1039, 'colon macrophages': 0.0141, 'lung interstitial macrophages': 0.0219, 'memory b cells': 0.0204, 'memory cd4 t cells': 0.102, 'monocytes': 0.0307, 'naive b cells': 0.0394, 'neutrophils': 0.553, 'nk cells': 0.0302, 't effector cell cd8': 0.0338}",M,56.704,,C61,9.517,False,9.517,other,>8
GSM1235842,0.9698707145833204,0.5567953339936419,1.0436772953388738,3383,"{'basophils': 0.0223, 'effector memory cd8 t cells': 0.0727, 'embryonic stem cells': 0.0275, 'memory cd4 t cells': 0.0235, 'monocytes': 0.0314, 'naive b cells': 0.118, 'naive cd4 t cells': 0.0251, 'naive cd8 t cells': 0.0408, 'neutrophils': 0.5568, 'regulatory t cells': 0.0378, 't effector cell cd8': 0.0221}",M,59.838,,C18,4.572,False,4.572,colorectal,2-5
GSM1235843,0.9668173649157064,0.541086732519242,0.9445709306990024,3377,"{'colon macrophages': 0.0179, 'embryonic stem cells': 0.0369, 'erythrocyte progenitors': 0.0172, 'lung interstitial macrophages': 0.0355, 'naive b cells': 0.079, 'naive cd4 t cells': 0.0457, 'naive cd8 t cells': 0.0843, 'neutrophils': 0.5411, 'regulatory t cells': 0.0627, 't effector cell cd8': 0.0607}",F,56.257,11.0,,,False,,control,
GSM1235844,0.9720638197756731,0.5181328247173437,0.9000607329919149,3395,"{'basophils': 0.0224, 'colon macrophages': 0.0124, 'embryonic stem cells': 0.0249, 'lung interstitial macrophages': 0.0215, 'monocytes': 0.0376, 'naive b cells': 0.1053, 'naive cd4 t cells': 0.0524, 'naive cd8 t cells': 0.087, 'neutrophils': 0.5181, 'regulatory t cells': 0.0301, 't central memory cd4': 0.0121, 't effector cell cd8': 0.0499}",F,48.416,,C50,8.318,False,8.318,breast,>8
GSM1235845,0.9726711731039901,0.5478668637438517,1.009442145475582,3394,"{'basophils': 0.0289, 'effector memory cd8 t cells': 0.0151, 'embryonic stem cells': 0.0162, 'memory cd4 t cells': 0.0501, 'monocytes': 0.0743, 'naive b cells': 0.0644, 'naive cd4 t cells': 0.0611, 'naive cd8 t cells': 0.0207, 'neutrophils': 0.5479, 'nk cells': 0.0269, 'regulatory t cells': 0.0152, 't effector cell cd8': 0.054}",M,58.33,,C67,5.53,False,5.53,other,5-8
GSM1235846,0.9727250679385847,0.5104479954525805,1.0432735033091523,3246,"{'adipocytes': 0.0124, 'basophils': 0.0284, 'effector memory cd8 t cells': 0.104, 'embryonic stem cells': 0.0187, 'memory cd4 t cells': 0.0765, 'monocytes': 0.0572, 'naive b cells': 0.0751, 'naive cd8 t cells': 0.0238, 'neutrophils': 0.5104, 'nk cells': 0.0119, 'regulatory t cells': 0.0371, 't effector cell cd8': 0.0267}",M,60.342,,,,False,,control,
GSM1235847,0.9732163400846978,0.6573340603296649,1.004885168744731,3256,"{'basophils': 0.0201, 'effector memory cd8 t cells': 0.0137, 'embryonic stem cells': 0.0185, 'lung interstitial macrophages': 0.0102, 'monocytes': 0.0299, 'naive b cells': 0.0591, 'naive cd4 t cells': 0.0366, 'naive cd8 t cells': 0.0533, 'neutrophils': 0.6573, 'regulatory t cells': 0.0311, 't effector cell cd8': 0.0443}",M,59.587,,C18,14.396,False,14.396,colorectal,>8
GSM1235848,0.9698624230703058,0.5400968866150524,1.0221618661084717,3389,"{'colon macrophages': 0.0195, 'embryonic stem cells': 0.0369, 'erythrocyte progenitors': 0.0278, 'lung interstitial macrophages': 0.0213, 'monocytes': 0.0174, 'naive b cells': 0.0567, 'naive cd8 t cells': 0.0902, 'neutrophils': 0.5401, 'regulatory t cells': 0.0666, 't effector cell cd8': 0.1009}",M,62.464,,C50,3.452,False,3.452,breast,2-5
GSM1235849,0.9780793124677408,0.4497880636616735,0.9839678566515448,3392,"{'basophils': 0.0437, 'cd8 t cells': 0.0633, 'effector memory cd8 t cells': 0.0714, 'embryonic stem cells': 0.0133, 'eosinophils': 0.0119, 'memory cd4 t cells': 0.0787, 'monocytes': 0.1, 'naive b cells': 0.0718, 'neutrophils': 0.4498, 'nk cells': 0.0295, 't effector cell cd8': 0.043}",M,57.435,,C18,2.366,False,2.366,colorectal,2-5
GSM1235850,0.9812093586307395,0.4963447282225337,0.9701776282785269,3398,"{'basophils': 0.0158, 'cd8 t cells': 0.078, 'effector memory cd8 t cells': 0.0335, 'embryonic stem cells': 0.0298, 'memory cd4 t cells': 0.0841, 'monocytes': 0.0367, 'naive b cells': 0.0901, 'naive cd4 t cells': 0.0368, 'neutrophils': 0.4963, 'nk cells': 0.018, 't effector cell cd8': 0.0686}",F,58.984,12.0,,,True,,control,
GSM1235851,0.9711517533440709,0.6464105947953362,1.0196663743842171,3257,"{'basophils': 0.0174, 'effector memory cd8 t cells': 0.0225, 'embryonic stem cells': 0.0176, 'lung interstitial macrophages': 0.0116, 'monocytes': 0.042, 'naive b cells': 0.0659, 'naive cd4 t cells': 0.0482, 'naive cd8 t cells': 0.0282, 'neutrophils': 0.6464, 'regulatory t cells': 0.0297, 't effector cell cd8': 0.0416}",M,58.954,,,,False,,control,
GSM1235852,0.9721757552013698,0.6310771655686189,0.9434413800679053,3258,"{'basophils': 0.0132, 'colon macrophages': 0.0169, 'lung interstitial macrophages': 0.0199, 'monocytes': 0.0414, 'naive b cells': 0.0786, 'naive cd4 t cells': 0.0775, 'naive cd8 t cells': 0.0255, 'neutrophils': 0.6311, 't central memory cd4': 0.0227, 't effector cell cd8': 0.0454}",F,61.815,12.0,,,True,,control,
GSM1235853,0.9747523428706462,0.5664871773362151,0.9818327289167631,3393,"{'basophils': 0.018, 'cd8 t cells': 0.0724, 'embryonic stem cells': 0.0148, 'memory cd4 t cells': 0.0529, 'monocytes': 0.0568, 'naive b cells': 0.0676, 'naive cd4 t cells': 0.0509, 'neutrophils': 0.5665, 't effector cell cd8': 0.0555}",M,35.48,,C18,13.766,False,13.766,colorectal,>8
GSM1235854,0.986804057037318,0.5465055038371661,1.0407497424316874,3261,"{'adipocytes': 0.0112, 'basophils': 0.0194, 'cd8 t cells': 0.0991, 'embryonic stem cells': 0.0125, 'lung interstitial macrophages': 0.0124, 'memory cd4 t cells': 0.057, 'monocytes': 0.0483, 'naive b cells': 0.0542, 'naive cd4 t cells': 0.0573, 'neutrophils': 0.5465, 'nk cells': 0.0488, 't effector cell cd8': 0.0225}",M,35.461,,,,False,,control,
GSM1235855,0.9750591288521852,0.617082820203783,1.022243495323753,3250,"{'basophils': 0.0249, 'cd8 t cells': 0.0524, 'embryonic stem cells': 0.0165, 'eosinophils': 0.017, 'lung interstitial macrophages': 0.0217, 'memory cd4 t cells': 0.0102, 'monocytes': 0.0264, 'naive b cells': 0.0584, 'naive cd4 t cells': 0.0562, 'neutrophils': 0.6171, 'nk cells': 0.0163, 't central memory cd4': 0.0287, 't effector cell cd8': 0.035}",M,52.389,,C18,14.075,False,14.075,colorectal,>8
GSM1235856,0.9776751012082807,0.5309619836824506,1.0213223917848648,3390,"{'adipocytes': 0.0124, 'basophils': 0.037, 'cd8 t cells': 0.0806, 'eosinophils': 0.0166, 'lung interstitial macrophages': 0.0192, 'memory cd4 t cells': 0.0788, 'monocytes': 0.0349, 'naive b cells': 0.0801, 'neutrophils': 0.531, 'nk cells': 0.0213, 't effector cell cd8': 0.0643}",M,63.51,,C18,10.595,False,10.595,colorectal,>8
GSM1235857,0.9802786362948545,0.48433345626633967,0.9804093638430127,3393,"{'colon macrophages': 0.0309, 'embryonic stem cells': 0.0449, 'erythrocyte progenitors': 0.0267, 'lung interstitial macrophages': 0.0317, 'monocytes': 0.023, 'naive b cells': 0.0728, 'naive cd8 t cells': 0.1017, 'neutrophils': 0.4843, 'regulatory t cells': 0.0728, 't effector cell cd8': 0.0908}",F,45.566,14.0,C50,8.063,False,8.063,breast,>8
GSM1235858,0.9237906310048692,0.4935028779054342,1.1737885221965088,3335,"{'basophils': 0.0119, 'cd8 t cells': 0.0482, 'effector memory cd8 t cells': 0.1386, 'eosinophils': 0.0151, 'erythrocyte progenitors': 0.0195, 'memory b cells': 0.023, 'memory cd4 t cells': 0.0732, 'monocytes': 0.0282, 'naive b cells': 0.035, 'neutrophils': 0.4935, 'nk cells': 0.0327, 't effector cell cd8': 0.081}",F,56.422,15.0,C50,7.239,True,7.239,breast,5-8
GSM1235859,0.9769185006457016,0.3301748996771395,0.9321209171594589,3395,"{'colon macrophages': 0.0219, 'effector memory cd8 t cells': 0.0322, 'embryonic stem cells': 0.0431, 'eosinophils': 0.0126, 'erythrocyte progenitors': 0.0179, 'monocytes': 0.0104, 'naive b cells': 0.0985, 'naive cd4 t cells': 0.0409, 'naive cd8 t cells': 0.1109, 'neutrophils': 0.3302, 'pancreatic beta': 0.0115, 'regulatory t cells': 0.1302, 't effector cell cd8': 0.1156}",F,56.567,15.0,C50,10.412,False,10.412,breast,>8
GSM1235860,0.9719394470804547,0.5373252403006696,0.9567501056669938,3252,"{'basophils': 0.0239, 'embryonic stem cells': 0.014, 'lung interstitial macrophages': 0.0367, 'monocytes': 0.0317, 'naive b cells': 0.0906, 'naive cd4 t cells': 0.1329, 'naive cd8 t cells': 0.0287, 'neutrophils': 0.5373, 'nk cells': 0.0371, 't central memory cd4': 0.0344, 't effector cell cd8': 0.0174}",M,54.59,,C64,5.829,False,5.829,other,5-8
GSM1235861,0.9787239776046234,0.6049044570910005,1.041022600754705,3397,"{'basophils': 0.0234, 'effector memory cd8 t cells': 0.0134, 'embryonic stem cells': 0.0131, 'eosinophils': 0.024, 'memory cd4 t cells': 0.0567, 'monocytes': 0.0651, 'naive b cells': 0.047, 'naive cd4 t cells': 0.0292, 'naive cd8 t cells': 0.0297, 'neutrophils': 0.6049, 'nk cells': 0.0112, 't effector cell cd8': 0.0469}",M,63.989,,C19,8.966,False,8.966,colorectal,>8
GSM1235862,0.9742051030116848,0.6979282968270689,0.9527003701475386,3394,"{'colon macrophages': 0.0239, 'embryonic stem cells': 0.0281, 'erythrocyte progenitors': 0.0108, 'lung interstitial macrophages': 0.0412, 'naive b cells': 0.0485, 'naive cd4 t cells': 0.0587, 'naive cd8 t cells': 0.0453, 'neutrophils': 0.6979, 't effector cell cd8': 0.0289}",F,46.697,15.0,,,False,,control,
GSM1235863,0.9669914866890122,0.5148611951549767,0.9574007105373186,3383,"{'colon macrophages': 0.0269, 'embryonic stem cells': 0.0471, 'erythrocyte progenitors': 0.0395, 'lung interstitial macrophages': 0.0423, 'naive b cells': 0.0686, 'naive cd4 t cells': 0.0597, 'naive cd8 t cells': 0.0936, 'neutrophils': 0.5149, 'regulatory t cells': 0.0126, 't central memory cd4': 0.01, 't effector cell cd8': 0.05, 't effector memory cd4': 0.0182}",F,51.745,14.0,C50,9.161,False,9.161,breast,>8
GSM1235864,0.9799138097222135,0.6106926299237277,1.0166917032419072,3395,"{'basophils': 0.017, 'effector memory cd8 t cells': 0.0106, 'embryonic stem cells': 0.0109, 'lung interstitial macrophages': 0.0101, 'memory cd4 t cells': 0.0467, 'monocytes': 0.0617, 'naive b cells': 0.0632, 'naive cd4 t cells': 0.0547, 'naive cd8 t cells': 0.0107, 'neutrophils': 0.6107, 'nk cells': 0.0194, 't effector cell cd8': 0.0506}",M,63.619,,C18,3.121,False,3.121,colorectal,2-5
GSM1235865,0.9853530422597689,0.5121792237022118,0.9857541160566304,3402,"{'basophils': 0.0269, 'cd8 t cells': 0.0454, 'embryonic stem cells': 0.0196, 'eosinophils': 0.0473, 'memory cd4 t cells': 0.0642, 'monocytes': 0.0464, 'naive b cells': 0.0752, 'naive cd4 t cells': 0.0745, 'naive cd8 t cells': 0.0101, 'neutrophils': 0.5122, 'nk cells': 0.0148, 't effector cell cd8': 0.0423}",M,55.463,,C18,13.651,False,13.651,colorectal,>8
GSM1235866,0.9744849415759265,0.4626564700164438,0.9525196438753486,3390,"{'basophils': 0.023, 'cd8 t cells': 0.0311, 'effector memory cd8 t cells': 0.0515, 'embryonic stem cells': 0.0204, 'eosinophils': 0.027, 'memory cd4 t cells': 0.08, 'monocytes': 0.0502, 'naive b cells': 0.0963, 'naive cd4 t cells': 0.0359, 'neutrophils': 0.4627, 'nk cells': 0.0177, 't effector cell cd8': 0.0638}",F,57.388,12.0,,,True,,control,
GSM1235867,0.9823017654704086,0.49799122367650883,1.028201797952498,3400,"{'basophils': 0.0268, 'cd8 t cells': 0.0437, 'eosinophils': 0.0686, 'memory cd4 t cells': 0.1128, 'monocytes': 0.0554, 'naive b cells': 0.0738, 'neutrophils': 0.498, 'nk cells': 0.0158, 'regulatory t cells': 0.0126, 't effector cell cd8': 0.033, 't effector memory cd4': 0.011}",F,51.061,11.0,C18,6.24,False,6.24,colorectal,5-8
GSM1235868,0.9758343853190471,0.4631647662262822,0.9139558579000285,3391,"{'basophils': 0.0204, 'embryonic stem cells': 0.0246, 'eosinophils': 0.0269, 'lung interstitial macrophages': 0.0169, 'monocytes': 0.0528, 'naive b cells': 0.1101, 'naive cd4 t cells': 0.0769, 'naive cd8 t cells': 0.0693, 'neutrophils': 0.4632, 'regulatory t cells': 0.0279, 't central memory cd4': 0.0369, 't effector cell cd8': 0.0494}",F,48.682,12.0,,,False,,control,
GSM1235869,0.9614942135603549,0.572511200499881,0.9931605372604774,3381,"{'basophils': 0.0208, 'cd8 t cells': 0.0229, 'effector memory cd8 t cells': 0.0296, 'embryonic stem cells': 0.0171, 'memory cd4 t cells': 0.0609, 'monocytes': 0.0546, 'naive b cells': 0.0708, 'naive cd4 t cells': 0.0489, 'naive cd8 t cells': 0.0173, 'neutrophils': 0.5725, 'nk cells': 0.0166, 't effector cell cd8': 0.0509}",M,52.079,,,,False,,control,
GSM1235870,0.9663592588216516,0.575526830878919,1.0097689399264322,3393,"{'basophils': 0.016, 'effector memory cd8 t cells': 0.0305, 'embryonic stem cells': 0.0199, 'memory cd4 t cells': 0.0124, 'monocytes': 0.0506, 'naive b cells': 0.0911, 'naive cd4 t cells': 0.0614, 'naive cd8 t cells': 0.0518, 'neutrophils': 0.5755, 'pancreatic beta': 0.0102, 'regulatory t cells': 0.021, 't effector cell cd8': 0.0413}",F,53.84,12.0,C50,2.557,True,2.557,breast,2-5
GSM1235871,0.982681102190825,0.430143809352964,0.9394642611288796,3397,"{'basophils': 0.0253, 'cd8 t cells': 0.0766, 'effector memory cd8 t cells': 0.0427, 'embryonic stem cells': 0.0203, 'memory cd4 t cells': 0.0781, 'monocytes': 0.0652, 'naive b cells': 0.1032, 'naive cd4 t cells': 0.06, 'neutrophils': 0.4301, 'nk cells': 0.0167, 't effector cell cd8': 0.057}",F,49.336,12.0,,,True,,control,
GSM1235872,0.9623130004705434,0.3240733336669177,0.9917331070600809,3374,"{'colon macrophages': 0.0626, 'embryonic stem cells': 0.0693, 'endometrium epithelium': 0.0155, 'erythrocyte progenitors': 0.0658, 'lung interstitial macrophages': 0.0415, 'naive b cells': 0.0786, 'naive cd4 t cells': 0.0652, 'naive cd8 t cells': 0.1037, 'neutrophils': 0.3241, 'pancreatic delta': 0.0128, 'regulatory t cells': 0.037, 't effector cell cd8': 0.0863, 't effector memory cd4': 0.0161}",F,53.758,14.0,,,False,,control,
GSM1235873,0.9684342099535468,0.45818654444462026,1.026447346910523,3393,"{'basophils': 0.0286, 'effector memory cd8 t cells': 0.035, 'embryonic stem cells': 0.0158, 'eosinophils': 0.0143, 'memory cd4 t cells': 0.0591, 'monocytes': 0.0398, 'naive b cells': 0.104, 'naive cd4 t cells': 0.0562, 'naive cd8 t cells': 0.0882, 'neutrophils': 0.4582, 'nk cells': 0.0297, 'regulatory t cells': 0.0145, 't effector cell cd8': 0.0296}",F,56.512,13.0,C50,5.919,True,5.919,breast,5-8
GSM1235874,0.9884312664664267,0.6044041393729223,1.0430982326527816,3405,"{'adipocytes': 0.0105, 'basophils': 0.0125, 'cd8 t cells': 0.0825, 'memory cd4 t cells': 0.0746, 'monocytes': 0.0447, 'naive b cells': 0.07, 'naive cd4 t cells': 0.013, 'neutrophils': 0.6044, 't effector cell cd8': 0.0379, 't effector memory cd4': 0.0148}",F,53.27,12.0,,,True,,control,
GSM1235875,0.9845694942798925,0.5641497382524652,0.9461285526336676,3402,"{'basophils': 0.0198, 'effector memory cd8 t cells': 0.0145, 'embryonic stem cells': 0.0233, 'monocytes': 0.0326, 'naive b cells': 0.0853, 'naive cd4 t cells': 0.0471, 'naive cd8 t cells': 0.0744, 'neutrophils': 0.5641, 'nk cells': 0.0154, 'regulatory t cells': 0.0298, 't central memory cd4': 0.0272, 't effector cell cd8': 0.0337}",F,46.1,14.0,,,True,,control,
GSM1235876,0.9844015911413475,0.5882849346487856,1.0101003489588045,3404,"{'basophils': 0.0217, 'cd8 t cells': 0.0301, 'embryonic stem cells': 0.0269, 'memory cd4 t cells': 0.0509, 'monocytes': 0.0359, 'naive b cells': 0.0865, 'naive cd4 t cells': 0.0549, 'naive cd8 t cells': 0.035, 'neutrophils': 0.5883, 'nk cells': 0.0131, 't effector cell cd8': 0.0392}",F,37.142,11.0,,,True,,control,
GSM1235877,0.9743916620545126,0.5443662736079284,1.086629527704061,3252,"{'adipocytes': 0.0143, 'basophils': 0.0247, 'cd8 t cells': 0.0602, 'effector memory cd8 t cells': 0.0345, 'lung interstitial macrophages': 0.0193, 'memory cd4 t cells': 0.1118, 'microglia': 0.0132, 'monocytes': 0.0637, 'naive b cells': 0.0425, 'neutrophils': 0.5444, 'nk cells': 0.0209, 't effector cell cd8': 0.0258}",M,52.912,,,,False,,control,
GSM1235878,0.973359368684199,0.4736343844827256,0.974768773560519,3395,"{'basophils': 0.0219, 'effector memory cd8 t cells': 0.0613, 'embryonic stem cells': 0.021, 'eosinophils': 0.0113, 'erythrocyte progenitors': 0.0167, 'monocytes': 0.0341, 'naive b cells': 0.0886, 'naive cd4 t cells': 0.0386, 'naive cd8 t cells': 0.056, 'neutrophils': 0.4736, 'nk cells': 0.0104, 'regulatory t cells': 0.0567, 't effector cell cd8': 0.0825}",F,57.235,15.0,,,False,,control,
GSM1235879,0.9870652396972769,0.612710733535882,1.0267824335793143,3402,"{'basophils': 0.0155, 'lung interstitial macrophages': 0.014, 'memory cd4 t cells': 0.0338, 'monocytes': 0.0566, 'naive b cells': 0.0458, 'naive cd4 t cells': 0.0694, 'naive cd8 t cells': 0.0366, 'neutrophils': 0.6127, 'nk cells': 0.0282, 'regulatory t cells': 0.0142, 't central memory cd4': 0.0284, 't effector cell cd8': 0.0133}",M,56.12,,,,False,,control,
GSM1235880,0.9730961131459867,0.45240264354489856,0.9339587497891924,3385,"{'colon macrophages': 0.0303, 'embryonic stem cells': 0.0422, 'eosinophils': 0.0537, 'erythrocyte progenitors': 0.0398, 'lung interstitial macrophages': 0.0444, 'naive b cells': 0.0666, 'naive cd4 t cells': 0.0213, 'naive cd8 t cells': 0.0976, 'neutrophils': 0.4524, 'regulatory t cells': 0.062, 't effector cell cd8': 0.0601}",F,48.701,12.0,C50,4.871,False,4.871,breast,2-5
GSM1235881,0.9786306980832095,0.37843838358827037,0.9836109502957827,3396,"{'basophils': 0.0364, 'cd8 t cells': 0.0282, 'embryonic stem cells': 0.019, 'eosinophils': 0.0886, 'lung interstitial macrophages': 0.0139, 'memory cd4 t cells': 0.0655, 'monocytes': 0.0323, 'naive b cells': 0.093, 'naive cd4 t cells': 0.1237, 'naive cd8 t cells': 0.0244, 'neutrophils': 0.3784, 'nk cells': 0.0422, 't effector cell cd8': 0.0307}",M,61.919,,,,False,,control,
GSM1235882,0.9799884333393447,0.7260727754331364,0.9957727892489495,3400,"{'basophils': 0.0177, 'lung interstitial macrophages': 0.0199, 'monocytes': 0.0345, 'naive b cells': 0.0522, 'naive cd4 t cells': 0.0451, 'neutrophils': 0.7261, 't central memory cd4': 0.0119, 't effector cell cd8': 0.0539}",M,55.244,,C18,7.02,False,7.02,colorectal,5-8
GSM1235883,0.9919821069149146,0.422626960368026,0.9640146087631114,3403,"{'adipocytes': 0.0142, 'basophils': 0.0268, 'cd8 t cells': 0.0667, 'effector memory cd8 t cells': 0.0498, 'embryonic stem cells': 0.0137, 'lung interstitial macrophages': 0.0128, 'memory cd4 t cells': 0.0748, 'monocytes': 0.0814, 'naive b cells': 0.0587, 'naive cd4 t cells': 0.0693, 'neutrophils': 0.4226, 'nk cells': 0.0267, 'regulatory t cells': 0.0145, 't effector cell cd8': 0.0508}",F,62.864,14.0,,,True,,control,
GSM1235884,0.9861262258483773,0.5198607595135991,1.026723091154546,3263,"{'basophils': 0.0163, 'cd8 t cells': 0.0614, 'colon macrophages': 0.0178, 'embryonic stem cells': 0.0123, 'memory cd4 t cells': 0.0873, 'monocytes': 0.0489, 'naive b cells': 0.0746, 'naive cd4 t cells': 0.0569, 'neutrophils': 0.5199, 'nk cells': 0.0346, 't effector cell cd8': 0.0328}",M,57.988,,C18,2.168,False,2.168,colorectal,2-5
GSM1235885,0.9884623596402312,0.5058301705714522,0.953161595396284,3402,"{'colon macrophages': 0.0132, 'effector memory cd8 t cells': 0.0313, 'embryonic stem cells': 0.0214, 'lung interstitial macrophages': 0.0283, 'naive b cells': 0.0693, 'naive cd4 t cells': 0.05, 'naive cd8 t cells': 0.1098, 'neutrophils': 0.5058, 'regulatory t cells': 0.0425, 't effector cell cd8': 0.0795}",F,40.356,15.0,,,False,,control,
GSM1235886,0.9567286664552331,0.6766723924278538,0.9735969355853421,3390,"{'basophils': 0.0117, 'colon macrophages': 0.0189, 'embryonic stem cells': 0.0226, 'lung interstitial macrophages': 0.0224, 'naive b cells': 0.072, 'naive cd4 t cells': 0.0656, 'naive cd8 t cells': 0.0318, 'neutrophils': 0.6767, 't central memory cd4': 0.016, 't effector cell cd8': 0.0403}",F,36.172,10.0,,,True,,control,
GSM1235887,0.9676071315303438,0.5591463328503287,1.0069839424284133,3390,"{'basophils': 0.021, 'effector memory cd8 t cells': 0.0114, 'embryonic stem cells': 0.0252, 'memory cd4 t cells': 0.0386, 'monocytes': 0.0415, 'naive b cells': 0.0936, 'naive cd4 t cells': 0.0717, 'naive cd8 t cells': 0.0341, 'neutrophils': 0.5591, 'nk cells': 0.0185, 'regulatory t cells': 0.0253, 't effector cell cd8': 0.0398}",F,52.914,15.0,,,True,,control,
GSM1235888,0.975343113172934,0.6687490571117609,1.0177618484471074,3253,"{'colon macrophages': 0.0115, 'effector memory cd8 t cells': 0.0145, 'embryonic stem cells': 0.0217, 'lung interstitial macrophages': 0.029, 'naive b cells': 0.0496, 'naive cd8 t cells': 0.0629, 'neutrophils': 0.6687, 'regulatory t cells': 0.0288, 't effector cell cd8': 0.0751}",M,62.333,,,,False,,control,
GSM1235889,0.9759069360579246,0.45916637132453697,0.9937188258133165,3394,"{'basophils': 0.0297, 'cd8 t cells': 0.0525, 'effector memory cd8 t cells': 0.0494, 'embryonic stem cells': 0.0197, 'memory cd4 t cells': 0.0537, 'monocytes': 0.0384, 'naive b cells': 0.0874, 'naive cd4 t cells': 0.0702, 'naive cd8 t cells': 0.0175, 'neutrophils': 0.4592, 'nk cells': 0.0417, 'regulatory t cells': 0.0152, 't effector cell cd8': 0.0496}",M,56.569,,C18,4.241,False,4.241,colorectal,2-5
GSM1235890,0.9787716538044571,0.5040090699157761,0.9631076051001259,3396,"{'colon macrophages': 0.0276, 'embryonic stem cells': 0.0362, 'erythrocyte progenitors': 0.0223, 'lung interstitial macrophages': 0.0272, 'naive b cells': 0.0841, 'naive cd4 t cells': 0.0237, 'naive cd8 t cells': 0.1336, 'neutrophils': 0.504, 'regulatory t cells': 0.0406, 't effector cell cd8': 0.0843}",F,42.779,13.0,C50,14.136,False,14.136,breast,>8
GSM1235891,0.969791945209682,0.47098798949097814,0.9741921101840662,3395,"{'basophils': 0.022, 'effector memory cd8 t cells': 0.0275, 'embryonic stem cells': 0.0332, 'monocytes': 0.0424, 'naive b cells': 0.108, 'naive cd4 t cells': 0.1295, 'naive cd8 t cells': 0.0662, 'neutrophils': 0.471, 'nk cells': 0.0135, 'regulatory t cells': 0.0342, 't effector cell cd8': 0.0456}",F,36.06,11.0,,,True,,control,
GSM1235892,0.9827681630774779,0.5542516301363388,0.9230318387985486,3395,"{'basophils': 0.021, 'colon macrophages': 0.0134, 'embryonic stem cells': 0.023, 'eosinophils': 0.021, 'erythrocyte progenitors': 0.0121, 'lung interstitial macrophages': 0.0505, 'monocytes': 0.0126, 'naive b cells': 0.0913, 'naive cd4 t cells': 0.0827, 'naive cd8 t cells': 0.0421, 'neutrophils': 0.5543, 't central memory cd4': 0.0357, 't effector cell cd8': 0.0283}",F,57.426,15.0,C50,12.613,False,12.613,breast,>8
GSM1235893,0.9693255476026127,0.5372841724923179,0.9765552087240501,3391,"{'basophils': 0.024, 'effector memory cd8 t cells': 0.0306, 'embryonic stem cells': 0.0127, 'memory cd4 t cells': 0.0397, 'monocytes': 0.0744, 'naive b cells': 0.0806, 'naive cd4 t cells': 0.0431, 'naive cd8 t cells': 0.0523, 'neutrophils': 0.5373, 'regulatory t cells': 0.0284, 't effector cell cd8': 0.0464}",M,61.435,,,,False,,control,
GSM1235894,0.9829795966593494,0.4469677394116019,1.005572290837653,3259,"{'basophils': 0.0271, 'cd8 t cells': 0.0172, 'effector memory cd8 t cells': 0.0288, 'embryonic stem cells': 0.0152, 'memory cd4 t cells': 0.084, 'monocytes': 0.0569, 'naive b cells': 0.071, 'naive cd4 t cells': 0.0859, 'naive cd8 t cells': 0.0595, 'neutrophils': 0.447, 'nk cells': 0.0182, 'regulatory t cells': 0.041, 't effector cell cd8': 0.0211}",M,55.102,,,,False,,control,
GSM1235895,0.9721674636883552,0.516789434036333,0.9328847446449917,3387,"{'colon macrophages': 0.0423, 'embryonic stem cells': 0.0541, 'erythrocyte progenitors': 0.0397, 'lung interstitial macrophages': 0.0408, 'naive b cells': 0.0559, 'naive cd4 t cells': 0.0274, 'naive cd8 t cells': 0.1008, 'neutrophils': 0.5168, 'pancreatic delta': 0.0101, 'regulatory t cells': 0.0389, 't effector cell cd8': 0.0612}",F,34.379,13.0,,,False,,control,
GSM1235896,0.9752083760864473,0.45731669558561877,0.9545463009656315,3389,"{'basophils': 0.0233, 'embryonic stem cells': 0.0252, 'lung interstitial macrophages': 0.0162, 'monocytes': 0.0321, 'naive b cells': 0.1141, 'naive cd4 t cells': 0.1059, 'naive cd8 t cells': 0.0445, 'neutrophils': 0.4573, 'regulatory t cells': 0.0211, 't central memory cd4': 0.0254, 't effector cell cd8': 0.0682, 't effector memory cd4': 0.0128}",F,53.101,13.0,C50,1.769,False,1.769,breast,<2
GSM1235897,0.9770449462191737,0.4846676820363989,1.0149922256153656,3400,"{'basophils': 0.0258, 'effector memory cd8 t cells': 0.0304, 'embryonic stem cells': 0.019, 'memory cd4 t cells': 0.0464, 'monocytes': 0.0584, 'naive b cells': 0.0998, 'naive cd4 t cells': 0.0618, 'naive cd8 t cells': 0.0461, 'neutrophils': 0.4847, 'nk cells': 0.0534, 'regulatory t cells': 0.0239, 't effector cell cd8': 0.0261}",F,46.475,12.0,,,True,,control,
GSM1235898,0.972128079001536,0.6140449607482437,0.9399471228563789,3387,"{'basophils': 0.0197, 'colon macrophages': 0.0178, 'embryonic stem cells': 0.0243, 'eosinophils': 0.0188, 'lung interstitial macrophages': 0.0445, 'naive b cells': 0.0683, 'naive cd4 t cells': 0.0725, 'naive cd8 t cells': 0.0321, 'neutrophils': 0.614, 't central memory cd4': 0.0236, 't effector cell cd8': 0.0419}",F,54.431,14.0,,,False,,control,
GSM1235899,0.946071999353262,0.4688569842081534,0.8665390627964424,3363,"{'basophils': 0.0156, 'colon macrophages': 0.0172, 'embryonic stem cells': 0.0325, 'erythrocyte progenitors': 0.0103, 'lung interstitial macrophages': 0.0209, 'monocytes': 0.0611, 'naive b cells': 0.0946, 'naive cd4 t cells': 0.0756, 'naive cd8 t cells': 0.0562, 'neutrophils': 0.4689, 'regulatory t cells': 0.0455, 't effector cell cd8': 0.0848}",M,56.753,,,,False,,control,
GSM1235900,0.9853323134772325,0.6018763245750054,1.0189005012395682,3402,"{'basophils': 0.0189, 'embryonic stem cells': 0.0127, 'memory cd4 t cells': 0.012, 'monocytes': 0.0327, 'naive b cells': 0.0561, 'naive cd4 t cells': 0.1081, 'naive cd8 t cells': 0.0504, 'neutrophils': 0.6019, 'nk cells': 0.02, 'regulatory t cells': 0.0116, 't central memory cd4': 0.0355, 't effector cell cd8': 0.0164}",F,58.231,15.0,C18,6.982,False,6.982,colorectal,5-8
GSM1235901,0.9709216638579167,0.3901982590110876,0.998188276945483,3388,"{'basophils': 0.0213, 'cd8 t cells': 0.098, 'effector memory cd8 t cells': 0.0602, 'embryonic stem cells': 0.0289, 'memory cd4 t cells': 0.1339, 'monocytes': 0.0657, 'naive b cells': 0.1065, 'neutrophils': 0.3902, 't effector cell cd8': 0.0832}",F,54.157,12.0,,,True,,control,
GSM1235902,0.9724970513306842,0.46084279965019154,0.937826520340381,3250,"{'basophils': 0.035, 'cd8 t cells': 0.0528, 'memory cd4 t cells': 0.062, 'monocytes': 0.0629, 'naive b cells': 0.1004, 'naive cd4 t cells': 0.0647, 'naive cd8 t cells': 0.0245, 'neutrophils': 0.4608, 'nk cells': 0.0687, 't central memory cd4': 0.0232, 't effector memory cd4': 0.0193}",M,52.632,,C18,12.285,False,12.285,colorectal,>8
GSM1235903,0.9698043824792039,0.4237935738964116,0.9959940519565043,3394,"{'basophils': 0.0383, 'cd8 t cells': 0.0553, 'effector memory cd8 t cells': 0.0833, 'embryonic stem cells': 0.0192, 'memory cd4 t cells': 0.0843, 'monocytes': 0.046, 'naive b cells': 0.0944, 'naive cd4 t cells': 0.0499, 'naive cd8 t cells': 0.0118, 'neutrophils': 0.4238, 'pancreatic beta': 0.0112, 'regulatory t cells': 0.0206, 't effector cell cd8': 0.0445}",F,62.968,13.0,,,False,,control,
GSM1235904,0.9712222312046946,0.4665007081454004,1.0038640166321926,3397,"{'basophils': 0.0225, 'embryonic stem cells': 0.0277, 'monocytes': 0.0517, 'naive b cells': 0.09, 'naive cd4 t cells': 0.106, 'naive cd8 t cells': 0.1071, 'neutrophils': 0.4665, 'nk cells': 0.0307, 'regulatory t cells': 0.0411, 't effector cell cd8': 0.0346}",F,35.039,14.0,C50,5.561,True,5.561,breast,5-8
GSM1235905,0.9755400366070299,0.4778941577103647,0.9926581068906455,3399,"{'basophils': 0.0266, 'effector memory cd8 t cells': 0.1004, 'embryonic stem cells': 0.0152, 'memory cd4 t cells': 0.0375, 'monocytes': 0.0496, 'naive b cells': 0.0739, 'naive cd4 t cells': 0.0307, 'naive cd8 t cells': 0.0593, 'neutrophils': 0.4779, 'nk cells': 0.0218, 'pancreatic beta': 0.0121, 'regulatory t cells': 0.0387, 't effector cell cd8': 0.0431}",M,56.277,,,,False,,control,
GSM1235906,0.9797500523401759,0.45093494345704294,0.955031673825675,3395,"{'basophils': 0.0224, 'cd8 t cells': 0.0444, 'effector memory cd8 t cells': 0.0314, 'embryonic stem cells': 0.0182, 'memory cd4 t cells': 0.0847, 'monocytes': 0.0511, 'naive b cells': 0.1018, 'naive cd4 t cells': 0.0939, 'naive cd8 t cells': 0.0102, 'neutrophils': 0.4509, 't effector cell cd8': 0.0447}",M,59.707,,,,False,,control,
GSM1235907,0.9754778502594207,0.6040988723454408,0.9937460374270731,3257,"{'basophils': 0.0246, 'effector memory cd8 t cells': 0.099, 'embryonic stem cells': 0.0135, 'monocytes': 0.0422, 'naive b cells': 0.0606, 'naive cd4 t cells': 0.0347, 'naive cd8 t cells': 0.0314, 'neutrophils': 0.6041, 'regulatory t cells': 0.0334, 't effector cell cd8': 0.0373}",M,59.655,,,,False,,control,
GSM1235908,0.9576034210782698,0.5251102113980602,1.0217075656546604,3376,"{'basophils': 0.0385, 'embryonic stem cells': 0.0221, 'memory cd4 t cells': 0.0268, 'monocytes': 0.0755, 'naive b cells': 0.1099, 'naive cd4 t cells': 0.0672, 'naive cd8 t cells': 0.0336, 'neutrophils': 0.5251, 'regulatory t cells': 0.0128, 't effector cell cd8': 0.0617}",F,58.845,14.0,C50,3.896,True,3.896,breast,2-5
GSM1235909,0.9818042746895347,0.479605212742458,1.0006938002385453,3401,"{'basophils': 0.0266, 'effector memory cd8 t cells': 0.0692, 'memory cd4 t cells': 0.0414, 'monocytes': 0.0796, 'naive b cells': 0.0769, 'naive cd4 t cells': 0.035, 'naive cd8 t cells': 0.0292, 'neutrophils': 0.4796, 'nk cells': 0.066, 'regulatory t cells': 0.0199, 't effector cell cd8': 0.0431}",M,54.79,,C18,8.129,False,8.129,colorectal,>8
GSM1235910,0.9797106676533567,0.641982564299182,0.9576249959433716,3395,"{'colon macrophages': 0.0165, 'effector memory cd8 t cells': 0.0191, 'embryonic stem cells': 0.0249, 'lung interstitial macrophages': 0.0112, 'monocytes': 0.0439, 'naive b cells': 0.0701, 'naive cd4 t cells': 0.0119, 'naive cd8 t cells': 0.0506, 'neutrophils': 0.642, 'regulatory t cells': 0.0217, 't effector cell cd8': 0.0755}",F,45.331,12.0,,,False,,control,
GSM1235911,0.9908606797796945,0.3805316461770386,0.948946406412405,3400,"{'adipocytes': 0.0148, 'basophils': 0.0162, 'cd8 t cells': 0.0947, 'effector memory cd8 t cells': 0.067, 'embryonic stem cells': 0.0133, 'eosinophils': 0.0174, 'memory cd4 t cells': 0.1386, 'monocytes': 0.044, 'naive b cells': 0.0591, 'neutrophils': 0.3805, 'nk cells': 0.0492, 't effector cell cd8': 0.0926}",F,58.513,12.0,,,True,,control,
GSM1235912,0.9747544157488999,0.39570607813154374,0.9670434579597587,3389,"{'colon macrophages': 0.0484, 'cortical neurons': 0.0106, 'embryonic stem cells': 0.0653, 'erythrocyte progenitors': 0.0508, 'lung interstitial macrophages': 0.025, 'naive b cells': 0.0844, 'naive cd4 t cells': 0.0301, 'naive cd8 t cells': 0.0874, 'neutrophils': 0.3957, 'regulatory t cells': 0.0634, 't effector cell cd8': 0.1147}",F,64.274,13.0,C54,14.031,False,14.031,other,>8
GSM1235913,0.9744953059671946,0.38694857102543856,0.9196689123368619,3389,"{'basophils': 0.0153, 'colon macrophages': 0.0208, 'embryonic stem cells': 0.0342, 'eosinophils': 0.0143, 'erythrocyte progenitors': 0.0204, 'lung interstitial macrophages': 0.031, 'monocytes': 0.0186, 'naive b cells': 0.1052, 'naive cd4 t cells': 0.0926, 'naive cd8 t cells': 0.0906, 'neutrophils': 0.3869, 'nk cells': 0.0156, 'regulatory t cells': 0.0523, 't effector cell cd8': 0.0705, 't effector memory cd4': 0.0131}",F,53.109,12.0,,,False,,control,
GSM1235914,0.9883545699710419,0.4588972784098902,0.9537595432286979,3401,"{'colon macrophages': 0.0231, 'embryonic stem cells': 0.0303, 'eosinophils': 0.0104, 'erythrocyte progenitors': 0.0132, 'lung interstitial macrophages': 0.0149, 'monocytes': 0.0199, 'naive b cells': 0.0865, 'naive cd4 t cells': 0.0582, 'naive cd8 t cells': 0.1316, 'neutrophils': 0.4589, 'regulatory t cells': 0.0685, 't effector cell cd8': 0.0629}",F,35.852,11.0,,,False,,control,
GSM1235915,0.9778968991814204,0.5203509121370435,1.0070990163922282,3402,"{'basophils': 0.0274, 'effector memory cd8 t cells': 0.0448, 'embryonic stem cells': 0.0209, 'memory cd4 t cells': 0.0468, 'monocytes': 0.0481, 'naive b cells': 0.0732, 'naive cd4 t cells': 0.1057, 'naive cd8 t cells': 0.0285, 'neutrophils': 0.5204, 'regulatory t cells': 0.0188, 't effector cell cd8': 0.0407}",F,43.578,16.0,C50,10.231,True,10.231,breast,>8
GSM1235916,0.977824348442543,0.4329436150608239,0.949476386497339,3394,"{'colon macrophages': 0.0296, 'embryonic stem cells': 0.0547, 'erythrocyte progenitors': 0.0382, 'lung interstitial macrophages': 0.0512, 'naive b cells': 0.0891, 'naive cd4 t cells': 0.0829, 'naive cd8 t cells': 0.1189, 'neutrophils': 0.4329, 'regulatory t cells': 0.0286, 't effector cell cd8': 0.0544}",F,39.622,11.0,C50,8.794,False,8.794,breast,>8
GSM1235917,0.9752871454600857,0.6174616647035931,1.0169749597348763,3252,"{'basophils': 0.0215, 'effector memory cd8 t cells': 0.0257, 'embryonic stem cells': 0.0176, 'lung interstitial macrophages': 0.014, 'memory cd4 t cells': 0.0166, 'monocytes': 0.0511, 'naive b cells': 0.0704, 'naive cd4 t cells': 0.0434, 'naive cd8 t cells': 0.0308, 'neutrophils': 0.6175, 'nk cells': 0.0195, 'regulatory t cells': 0.0163, 't effector cell cd8': 0.0345}",M,60.271,,,,False,,control,
GSM1235918,0.9696095319233615,0.6140707658115393,0.9284325561876993,3384,"{'colon macrophages': 0.0249, 'embryonic stem cells': 0.0322, 'erythrocyte progenitors': 0.0165, 'lung interstitial macrophages': 0.0308, 'naive b cells': 0.0649, 'naive cd4 t cells': 0.0289, 'naive cd8 t cells': 0.0621, 'neutrophils': 0.6141, 'regulatory t cells': 0.0234, 't effector cell cd8': 0.0626, 't effector memory cd4': 0.0134}",F,52.296,,C50,10.445,False,10.445,breast,>8
GSM1235919,0.988833404847633,0.5095505625955704,1.0044836669020816,3404,"{'colon macrophages': 0.0304, 'embryonic stem cells': 0.0324, 'erythrocyte progenitors': 0.023, 'lung interstitial macrophages': 0.0217, 'naive b cells': 0.0793, 'naive cd4 t cells': 0.0493, 'naive cd8 t cells': 0.1201, 'neutrophils': 0.5096, 'regulatory t cells': 0.0612, 't effector cell cd8': 0.0609}",F,50.637,12.0,,,False,,control,
GSM1235920,0.9855872775024305,0.5400980117116173,0.944663130727225,3397,"{'embryonic stem cells': 0.0215, 'lung interstitial macrophages': 0.0222, 'monocytes': 0.0323, 'naive b cells': 0.0788, 'naive cd4 t cells': 0.0466, 'naive cd8 t cells': 0.0859, 'neutrophils': 0.5401, 'nk cells': 0.0115, 'regulatory t cells': 0.0114, 't central memory cd4': 0.0233, 't effector cell cd8': 0.0622, 't effector memory cd4': 0.0186}",F,41.008,12.0,C50,10.16,False,10.16,breast,>8
GSM1235921,0.9779031178161813,0.5597471857663602,0.9644810530934295,3395,"{'basophils': 0.0259, 'effector memory cd8 t cells': 0.0313, 'embryonic stem cells': 0.0165, 'lung interstitial macrophages': 0.0141, 'memory cd4 t cells': 0.0524, 'monocytes': 0.0441, 'naive b cells': 0.0667, 'naive cd4 t cells': 0.0493, 'naive cd8 t cells': 0.0409, 'neutrophils': 0.5597, 'regulatory t cells': 0.0177, 't effector cell cd8': 0.0541}",M,59.77,,C18,10.834,False,10.834,colorectal,>8
GSM1235922,0.9382406653110043,0.3857751604363015,1.0401448301363379,3346,"{'basophils': 0.0364, 'embryonic stem cells': 0.0134, 'memory cd4 t cells': 0.0393, 'monocytes': 0.0503, 'naive b cells': 0.1223, 'naive cd4 t cells': 0.1553, 'naive cd8 t cells': 0.0407, 'neutrophils': 0.3858, 'nk cells': 0.0288, 'regulatory t cells': 0.0223, 't effector cell cd8': 0.0601, 't effector memory cd4': 0.0226}",F,62.76,10.0,,,True,,control,
GSM1235923,0.9745699295843258,0.5679557180901903,0.9722038261905952,3398,"{'basophils': 0.0192, 'embryonic stem cells': 0.0202, 'memory cd4 t cells': 0.01, 'monocytes': 0.054, 'naive b cells': 0.0826, 'naive cd4 t cells': 0.0503, 'naive cd8 t cells': 0.0961, 'neutrophils': 0.568, 'nk cells': 0.0102, 'regulatory t cells': 0.0165, 't effector cell cd8': 0.0457}",M,52.057,,C18,0.337,False,0.337,colorectal,<2
GSM1235924,0.9790349093426696,0.5490518105501596,1.0108324483825977,3396,"{'basophils': 0.027, 'cd8 t cells': 0.0187, 'effector memory cd8 t cells': 0.0606, 'embryonic stem cells': 0.016, 'eosinophils': 0.0505, 'memory cd4 t cells': 0.0543, 'monocytes': 0.0526, 'naive b cells': 0.0678, 'naive cd4 t cells': 0.0186, 'naive cd8 t cells': 0.0103, 'neutrophils': 0.5491, 't effector cell cd8': 0.0377}",M,61.785,,,,False,,control,
GSM1235925,0.961626877768588,0.6044390992795657,1.0207524585450085,3390,"{'basophils': 0.0183, 'embryonic stem cells': 0.0301, 'memory cd4 t cells': 0.0137, 'monocytes': 0.0373, 'naive b cells': 0.0924, 'naive cd4 t cells': 0.0644, 'naive cd8 t cells': 0.0452, 'neutrophils': 0.6044, 'regulatory t cells': 0.0194, 't effector cell cd8': 0.0549}",F,56.282,12.0,C50,3.926,True,3.926,breast,2-5
GSM1235926,0.9599478463831383,0.48817964417680704,1.013097091981812,3385,"{'basophils': 0.0247, 'effector memory cd8 t cells': 0.0326, 'embryonic stem cells': 0.0241, 'eosinophils': 0.0272, 'memory cd4 t cells': 0.0521, 'monocytes': 0.0489, 'naive b cells': 0.0982, 'naive cd4 t cells': 0.0647, 'naive cd8 t cells': 0.028, 'neutrophils': 0.4882, 'nk cells': 0.0186, 'regulatory t cells': 0.0206, 't effector cell cd8': 0.0523}",F,55.428,12.0,C50,13.908,True,13.908,breast,>8
GSM1235927,0.958440863892741,0.48861255332942766,0.930933201628454,3236,"{'basophils': 0.0293, 'cd8 t cells': 0.0432, 'lung interstitial macrophages': 0.0134, 'memory cd4 t cells': 0.0193, 'monocytes': 0.0606, 'naive b cells': 0.1151, 'naive cd4 t cells': 0.0477, 'naive cd8 t cells': 0.0189, 'neutrophils': 0.4886, 'nk cells': 0.0306, 'regulatory t cells': 0.0143, 't central memory cd4': 0.0434, 't effector cell cd8': 0.0259, 't effector memory cd4': 0.0241}",F,58.601,13.0,C18,7.524,False,7.524,colorectal,5-8
GSM1235928,0.9657042292935009,0.36147816418088846,0.9297289164073923,3386,"{'basophils': 0.0102, 'colon macrophages': 0.0144, 'embryonic stem cells': 0.0374, 'eosinophils': 0.0129, 'erythrocyte progenitors': 0.0281, 'lung interstitial macrophages': 0.0369, 'monocytes': 0.0159, 'naive b cells': 0.1037, 'naive cd4 t cells': 0.0707, 'naive cd8 t cells': 0.1564, 'neutrophils': 0.3615, 'nk cells': 0.0222, 'regulatory t cells': 0.0579, 't effector cell cd8': 0.0519}",F,34.587,13.0,,,False,,control,
GSM1235929,0.974377151906737,0.4995211642511043,1.0366994684712638,3398,"{'adipocytes': 0.0113, 'basophils': 0.0237, 'cd8 t cells': 0.0285, 'effector memory cd8 t cells': 0.0222, 'embryonic stem cells': 0.0265, 'memory cd4 t cells': 0.0624, 'monocytes': 0.0429, 'naive b cells': 0.1059, 'naive cd4 t cells': 0.0744, 'naive cd8 t cells': 0.037, 'neutrophils': 0.4995, 'nk cells': 0.0211, 't effector cell cd8': 0.0293}",F,55.379,12.0,,,True,,control,
GSM1235930,0.9667987090114236,0.5707951987293227,0.9902764664059186,3392,"{'basophils': 0.0207, 'effector memory cd8 t cells': 0.0367, 'embryonic stem cells': 0.0281, 'memory cd4 t cells': 0.0151, 'monocytes': 0.0468, 'naive b cells': 0.0834, 'naive cd4 t cells': 0.0803, 'naive cd8 t cells': 0.0361, 'neutrophils': 0.5708, 't effector cell cd8': 0.064}",F,47.702,14.0,C50,6.623,True,6.623,breast,5-8
GSM1235931,0.98062895271972,0.562815300214425,0.9919403771624533,3400,"{'basophils': 0.0284, 'cd8 t cells': 0.0433, 'effector memory cd8 t cells': 0.0304, 'embryonic stem cells': 0.015, 'memory cd4 t cells': 0.0437, 'monocytes': 0.0651, 'naive b cells': 0.0768, 'naive cd4 t cells': 0.0431, 'neutrophils': 0.5628, 't effector cell cd8': 0.0499}",M,54.486,,C61,8.03,False,8.03,other,>8
GSM1235932,0.9766863382812937,0.518483147805038,1.0330066208247488,3396,"{'basophils': 0.0193, 'cd8 t cells': 0.0303, 'effector memory cd8 t cells': 0.0612, 'embryonic stem cells': 0.024, 'memory cd4 t cells': 0.0255, 'monocytes': 0.0442, 'naive b cells': 0.085, 'naive cd4 t cells': 0.0479, 'naive cd8 t cells': 0.0354, 'neutrophils': 0.5185, 'nk cells': 0.0313, 'regulatory t cells': 0.0244, 't effector cell cd8': 0.0359}",F,38.754,12.0,C18,8.997,False,8.997,colorectal,>8
GSM1235933,0.9806766289195537,0.6421694815150272,1.0504401868634323,3396,"{'adipocytes': 0.0108, 'basophils': 0.0248, 'colon macrophages': 0.0116, 'effector memory cd8 t cells': 0.029, 'embryonic stem cells': 0.0115, 'memory cd4 t cells': 0.0301, 'monocytes': 0.0419, 'naive b cells': 0.0577, 'naive cd4 t cells': 0.0417, 'naive cd8 t cells': 0.0191, 'neutrophils': 0.6422, 'nk cells': 0.017, 't effector cell cd8': 0.0361}",M,61.142,,C18,13.457,False,13.457,colorectal,>8
GSM1235934,0.9132583365981166,0.6585009720000472,1.0894486077941312,3313,"{'cd8 t cells': 0.0408, 'erythrocyte progenitors': 0.0197, 'memory cd4 t cells': 0.0467, 'monocytes': 0.0449, 'naive b cells': 0.0627, 'naive cd4 t cells': 0.0191, 'neutrophils': 0.6585, 't effector cell cd8': 0.0498, 't effector memory cd4': 0.0377}",F,57.572,11.0,C50,5.555,True,5.555,breast,5-8
GSM1235935,0.9637598694915851,0.4095286777254822,1.0087841175085315,3384,"{'basophils': 0.0197, 'cd8 t cells': 0.0649, 'effector memory cd8 t cells': 0.0483, 'embryonic stem cells': 0.0238, 'memory cd4 t cells': 0.0455, 'monocytes': 0.0693, 'naive b cells': 0.1024, 'naive cd4 t cells': 0.0971, 'naive cd8 t cells': 0.0177, 'neutrophils': 0.4095, 'pancreatic beta': 0.0134, 'regulatory t cells': 0.0167, 't effector cell cd8': 0.0565}",F,59.291,13.0,C50,4.277,True,4.277,breast,2-5
GSM1235936,0.9551242586869145,0.458930115893553,1.016566508676047,3377,"{'basophils': 0.0228, 'cd8 t cells': 0.0547, 'effector memory cd8 t cells': 0.0877, 'embryonic stem cells': 0.0206, 'memory cd4 t cells': 0.0496, 'monocytes': 0.0494, 'naive b cells': 0.0985, 'naive cd4 t cells': 0.0162, 'neutrophils': 0.4589, 'nk cells': 0.0213, 'pancreatic beta': 0.0115, 't effector cell cd8': 0.0903}",F,61.281,14.0,C50,10.502,True,10.502,breast,>8
GSM1235937,0.9604391185292515,0.6020981233883074,0.9782885784074564,3377,"{'colon macrophages': 0.0313, 'embryonic stem cells': 0.0428, 'erythrocyte progenitors': 0.0329, 'lung interstitial macrophages': 0.0349, 'naive b cells': 0.0454, 'naive cd4 t cells': 0.0248, 'naive cd8 t cells': 0.0998, 'neutrophils': 0.6021, 'regulatory t cells': 0.0286, 't effector cell cd8': 0.0376}",F,39.332,13.0,,,False,,control,
GSM1235938,0.9769309379152235,0.724191856570715,1.0146531557107223,3399,"{'basophils': 0.0206, 'embryonic stem cells': 0.018, 'lung interstitial macrophages': 0.0174, 'monocytes': 0.0553, 'naive b cells': 0.0442, 'naive cd4 t cells': 0.022, 'naive cd8 t cells': 0.0255, 'neutrophils': 0.7242, 't effector cell cd8': 0.0449}",M,57.799,,C19,1.133,False,1.133,colorectal,<2
GSM1235939,0.8587250555013153,0.5231208476157837,1.1425514980980598,3215,"{'basophils': 0.0279, 'cd8 t cells': 0.0629, 'erythrocyte progenitors': 0.0228, 'memory cd4 t cells': 0.0462, 'monocytes': 0.0508, 'naive b cells': 0.0732, 'naive cd4 t cells': 0.1254, 'neutrophils': 0.5231, 'nk cells': 0.019, 't effector memory cd4': 0.0438}",F,58.47,11.0,C50,10.407,True,10.407,breast,>8
GSM1235940,0.973937701716965,0.5956574600003404,0.9463258241628788,3394,"{'basophils': 0.0177, 'embryonic stem cells': 0.0152, 'monocytes': 0.046, 'naive b cells': 0.0774, 'naive cd4 t cells': 0.0869, 'naive cd8 t cells': 0.0384, 'neutrophils': 0.5957, 'regulatory t cells': 0.0125, 't central memory cd4': 0.0168, 't effector cell cd8': 0.0437}",F,54.571,15.0,,,True,,control,
GSM1235941,0.974984505235054,0.4672370331852775,0.9739076223937873,3398,"{'basophils': 0.0349, 'cd8 t cells': 0.0896, 'effector memory cd8 t cells': 0.0579, 'embryonic stem cells': 0.0222, 'memory cd4 t cells': 0.069, 'monocytes': 0.0382, 'naive b cells': 0.0875, 'naive cd4 t cells': 0.0524, 'neutrophils': 0.4672, 't effector cell cd8': 0.0537}",F,57.752,14.0,,,True,,control,
GSM1235942,0.9822851824443795,0.5585261452191577,1.0036024457205739,3401,"{'basophils': 0.029, 'memory cd4 t cells': 0.0215, 'monocytes': 0.0452, 'naive b cells': 0.0819, 'naive cd4 t cells': 0.0563, 'naive cd8 t cells': 0.0764, 'neutrophils': 0.5585, 'nk cells': 0.0204, 't central memory cd4': 0.0203, 't effector cell cd8': 0.0241}",M,57.941,,,,False,,control,
GSM1235943,0.9616082218643053,0.4642265983664755,0.95922670835893,3379,"{'colon macrophages': 0.0336, 'embryonic stem cells': 0.0518, 'erythrocyte progenitors': 0.0452, 'lung interstitial macrophages': 0.0422, 'naive b cells': 0.0704, 'naive cd8 t cells': 0.1558, 'neutrophils': 0.4642, 'pancreatic delta': 0.0107, 'regulatory t cells': 0.0333, 't effector cell cd8': 0.0815}",F,34.913,14.0,C50,8.819,False,8.819,breast,>8
GSM1235944,0.9797065218968495,0.5728232713408088,1.0223805253251506,3392,"{'adipocytes': 0.0109, 'basophils': 0.0267, 'cd8 t cells': 0.0511, 'colon macrophages': 0.02, 'embryonic stem cells': 0.0123, 'memory cd4 t cells': 0.1108, 'monocytes': 0.0541, 'naive b cells': 0.0563, 'neutrophils': 0.5728, 'nk cells': 0.0173, 't effector cell cd8': 0.0543}",M,64.534,,,,False,,control,
GSM1235945,0.9772833272183424,0.616794244809617,1.014669628695538,3392,"{'basophils': 0.0231, 'cd8 t cells': 0.0399, 'embryonic stem cells': 0.0131, 'eosinophils': 0.0167, 'lung interstitial macrophages': 0.0237, 'memory cd4 t cells': 0.0292, 'monocytes': 0.0417, 'naive b cells': 0.0662, 'naive cd4 t cells': 0.0477, 'neutrophils': 0.6168, 't effector cell cd8': 0.0504}",M,58.267,,,,False,,control,
GSM1235946,0.9660524728401126,0.681918475407558,1.0481608197883014,3379,"{'adipocytes': 0.0142, 'basophils': 0.0231, 'cd8 t cells': 0.0407, 'embryonic stem cells': 0.0146, 'lung interstitial macrophages': 0.0291, 'memory cd4 t cells': 0.0328, 'naive b cells': 0.0531, 'naive cd4 t cells': 0.0435, 'neutrophils': 0.6819, 't effector cell cd8': 0.0521}",M,54.223,,,,False,,control,
GSM1235947,0.9834584315359406,0.5010760358080336,0.9841993255012251,3401,"{'basophils': 0.0187, 'cd8 t cells': 0.0738, 'effector memory cd8 t cells': 0.04, 'embryonic stem cells': 0.0138, 'memory cd4 t cells': 0.0591, 'monocytes': 0.0623, 'naive b cells': 0.0684, 'naive cd4 t cells': 0.0501, 'neutrophils': 0.5011, 'nk cells': 0.0234, 't effector cell cd8': 0.0679}",F,58.223,14.0,,,True,,control,
GSM1235948,0.976112151005035,0.520963971953407,1.0168564593889116,3394,"{'colon macrophages': 0.0332, 'embryonic stem cells': 0.0433, 'erythrocyte progenitors': 0.0312, 'lung interstitial macrophages': 0.0183, 'naive b cells': 0.0545, 'naive cd8 t cells': 0.0972, 'neutrophils': 0.521, 'regulatory t cells': 0.0901, 't effector cell cd8': 0.0886}",F,53.788,9.0,C50,6.552,False,6.552,breast,5-8
GSM1235949,0.9885950238484643,0.651948854398377,1.0456634781036793,3404,"{'basophils': 0.014, 'cd8 t cells': 0.0299, 'embryonic stem cells': 0.0167, 'lung interstitial macrophages': 0.0185, 'memory cd4 t cells': 0.0582, 'naive b cells': 0.0607, 'naive cd4 t cells': 0.0779, 'neutrophils': 0.6519, 'nk cells': 0.013, 't effector cell cd8': 0.0223}",F,54.757,13.0,,,True,,control,
GSM1235950,0.9932714371886796,0.47215187085108634,0.9442119840820006,3402,"{'basophils': 0.0308, 'cd8 t cells': 0.0316, 'embryonic stem cells': 0.0173, 'eosinophils': 0.0121, 'memory cd4 t cells': 0.0413, 'monocytes': 0.0525, 'naive b cells': 0.069, 'naive cd4 t cells': 0.1202, 'naive cd8 t cells': 0.0355, 'neutrophils': 0.4722, 'nk cells': 0.0159, 'regulatory t cells': 0.0147, 't central memory cd4': 0.0309, 't effector cell cd8': 0.0311}",F,50.949,13.0,,,True,,control,
GSM1235951,0.9786908115525651,0.5095508856722226,0.9525874076000946,3401,"{'basophils': 0.0207, 'effector memory cd8 t cells': 0.0287, 'embryonic stem cells': 0.0224, 'eosinophils': 0.0114, 'memory cd4 t cells': 0.0286, 'monocytes': 0.0447, 'naive b cells': 0.0812, 'naive cd4 t cells': 0.0816, 'naive cd8 t cells': 0.0691, 'neutrophils': 0.5096, 'regulatory t cells': 0.0278, 't effector cell cd8': 0.0464}",F,37.739,12.0,C18,1.514,False,1.514,colorectal,<2
GSM1235952,0.9760914222224986,0.4121029397455216,0.8788786884657824,3394,"{'basophils': 0.0209, 'colon macrophages': 0.014, 'embryonic stem cells': 0.0236, 'erythrocyte progenitors': 0.0113, 'lung interstitial macrophages': 0.0105, 'monocytes': 0.0418, 'naive b cells': 0.1011, 'naive cd4 t cells': 0.0828, 'naive cd8 t cells': 0.1041, 'neutrophils': 0.4121, 'pancreatic beta': 0.0103, 'regulatory t cells': 0.0606, 't effector cell cd8': 0.0827}",F,52.392,16.0,,,False,,control,
GSM1235953,0.9780606565634581,0.4979879309039327,0.897134021715512,3397,"{'basophils': 0.0166, 'effector memory cd8 t cells': 0.0275, 'embryonic stem cells': 0.0268, 'monocytes': 0.0488, 'naive b cells': 0.0845, 'naive cd4 t cells': 0.0953, 'naive cd8 t cells': 0.0674, 'neutrophils': 0.498, 'nk cells': 0.0465, 'regulatory t cells': 0.0129, 't effector cell cd8': 0.0528}",F,46.48,12.0,,,True,,control,
GSM1235954,0.9753576233207095,0.4415197465267821,1.0199184234254182,3395,"{'basophils': 0.0401, 'cd8 t cells': 0.0409, 'effector memory cd8 t cells': 0.0492, 'embryonic stem cells': 0.0126, 'eosinophils': 0.0152, 'memory cd4 t cells': 0.075, 'monocytes': 0.0745, 'naive b cells': 0.0966, 'naive cd4 t cells': 0.0338, 'neutrophils': 0.4415, 'nk cells': 0.0342, 'regulatory t cells': 0.0117, 't effector cell cd8': 0.0544}",M,63.825,,C18,6.946,False,6.946,colorectal,5-8
GSM1235955,0.9767319416028738,0.3988040326073355,0.9340595347632076,3394,"{'basophils': 0.0258, 'effector memory cd8 t cells': 0.0597, 'embryonic stem cells': 0.0218, 'memory cd4 t cells': 0.0931, 'monocytes': 0.0399, 'naive b cells': 0.1001, 'naive cd4 t cells': 0.0884, 'naive cd8 t cells': 0.0559, 'neutrophils': 0.3988, 'nk cells': 0.0206, 'regulatory t cells': 0.0126, 't effector cell cd8': 0.0572}",F,44.925,17.0,,,True,,control,
GSM1235956,0.9780088346071171,0.5417351010915639,1.007022681509136,3396,"{'basophils': 0.0226, 'cd8 t cells': 0.0963, 'embryonic stem cells': 0.0183, 'memory cd4 t cells': 0.0922, 'monocytes': 0.0451, 'naive b cells': 0.0835, 'neutrophils': 0.5417, 'nk cells': 0.0126, 't effector cell cd8': 0.0618}",M,55.852,,,,False,,control,
GSM1235957,0.9768376583938095,0.5730432507287797,1.035828371670502,3393,"{'basophils': 0.0131, 'cd8 t cells': 0.0444, 'effector memory cd8 t cells': 0.0184, 'embryonic stem cells': 0.02, 'memory cd4 t cells': 0.0716, 'monocytes': 0.0512, 'naive b cells': 0.053, 'naive cd4 t cells': 0.0717, 'neutrophils': 0.573, 'nk cells': 0.016, 't effector cell cd8': 0.0493}",F,57.922,12.0,,,False,,control,
GSM1235958,0.9753555504424558,0.6557786553342415,0.9561611769091127,3395,"{'colon macrophages': 0.0307, 'embryonic stem cells': 0.0308, 'erythrocyte progenitors': 0.016, 'lung interstitial macrophages': 0.0433, 'naive b cells': 0.046, 'naive cd8 t cells': 0.0775, 'neutrophils': 0.6558, 'regulatory t cells': 0.0257, 't effector cell cd8': 0.0644}",F,43.502,13.0,C50,8.2,False,8.2,breast,>8
GSM1235959,0.9867874740112889,0.6290034509079121,0.9816642110669882,3401,"{'colon macrophages': 0.017, 'effector memory cd8 t cells': 0.0223, 'embryonic stem cells': 0.0225, 'erythrocyte progenitors': 0.0126, 'lung interstitial macrophages': 0.0199, 'monocytes': 0.0158, 'naive b cells': 0.0418, 'naive cd4 t cells': 0.015, 'naive cd8 t cells': 0.0543, 'neutrophils': 0.629, 'regulatory t cells': 0.0401, 't effector cell cd8': 0.0715, 't effector memory cd4': 0.0167}",F,40.734,14.0,C50,11.124,False,11.124,breast,>8
GSM1235960,0.9720804028017023,0.6614795550686104,0.994455744389033,3390,"{'basophils': 0.0143, 'colon macrophages': 0.0255, 'effector memory cd8 t cells': 0.0167, 'embryonic stem cells': 0.0154, 'memory cd4 t cells': 0.0149, 'monocytes': 0.0383, 'naive b cells': 0.053, 'naive cd4 t cells': 0.0457, 'neutrophils': 0.6615, 'nk cells': 0.0126, 't effector cell cd8': 0.074}",F,44.0,13.0,C18,8.301,False,8.301,colorectal,>8
GSM1235961,0.9655238888854341,0.49228841168486515,0.8650873569816409,3387,"{'basophils': 0.0207, 'embryonic stem cells': 0.0304, 'lung interstitial macrophages': 0.0169, 'monocytes': 0.0414, 'naive b cells': 0.1127, 'naive cd4 t cells': 0.066, 'naive cd8 t cells': 0.1109, 'neutrophils': 0.4923, 'nk cells': 0.0208, 't effector cell cd8': 0.0455}",F,36.2,12.0,,,False,,control,
GSM1235962,0.9815410191513222,0.5423002827667953,0.9581223586992814,3395,"{'basophils': 0.0295, 'embryonic stem cells': 0.0179, 'lung interstitial macrophages': 0.0115, 'monocytes': 0.058, 'naive b cells': 0.0837, 'naive cd4 t cells': 0.0859, 'naive cd8 t cells': 0.0444, 'neutrophils': 0.5423, 'nk cells': 0.0285, 't central memory cd4': 0.0274, 't effector cell cd8': 0.0369}",F,52.931,12.0,,,True,,control,
GSM1235963,0.9680382902071013,0.5544751437199742,1.004595952624898,3387,"{'basophils': 0.0182, 'effector memory cd8 t cells': 0.0231, 'embryonic stem cells': 0.022, 'memory cd4 t cells': 0.0408, 'monocytes': 0.0516, 'naive b cells': 0.0942, 'naive cd4 t cells': 0.0708, 'naive cd8 t cells': 0.025, 'neutrophils': 0.5545, 't effector cell cd8': 0.0744}",F,57.906,13.0,,,True,,control,
GSM1235964,0.9798785707919017,0.46425007092972387,0.9890938914732864,3395,"{'basophils': 0.0331, 'cd8 t cells': 0.0374, 'effector memory cd8 t cells': 0.0122, 'eosinophils': 0.0169, 'memory cd4 t cells': 0.0928, 'monocytes': 0.0581, 'naive b cells': 0.099, 'naive cd4 t cells': 0.0664, 'neutrophils': 0.4643, 'nk cells': 0.0373, 't effector cell cd8': 0.0357}",F,54.319,11.0,,,False,,control,
GSM1235965,0.9849550496350697,0.5832962565682623,1.0179200038384097,3399,"{'basophils': 0.0275, 'cd8 t cells': 0.0235, 'embryonic stem cells': 0.013, 'lung interstitial macrophages': 0.0139, 'monocytes': 0.051, 'naive b cells': 0.0592, 'naive cd4 t cells': 0.0978, 'neutrophils': 0.5833, 'nk cells': 0.0494, 't central memory cd4': 0.0198, 't effector cell cd8': 0.0262}",M,59.236,,,,False,,control,
GSM1235966,0.969022907377581,0.5007376378218806,1.0112962444951619,3396,"{'basophils': 0.0231, 'effector memory cd8 t cells': 0.0556, 'embryonic stem cells': 0.0227, 'memory cd4 t cells': 0.0709, 'monocytes': 0.0446, 'naive b cells': 0.1067, 'naive cd4 t cells': 0.0669, 'naive cd8 t cells': 0.0242, 'neutrophils': 0.5007, 'nk cells': 0.0166, 'pancreatic beta': 0.0106, 't effector cell cd8': 0.0457}",F,55.792,10.0,C50,9.777,True,9.777,breast,>8
GSM1235967,0.985514726763553,0.7627595345382895,1.0295813959880789,3404,"{'colon macrophages': 0.0194, 'eosinophils': 0.0132, 'lung interstitial macrophages': 0.0121, 'monocytes': 0.0299, 'naive b cells': 0.035, 'naive cd4 t cells': 0.0446, 'neutrophils': 0.7628, 't central memory cd4': 0.0153, 't effector cell cd8': 0.0404}",M,60.044,,C61,10.943,False,10.943,other,>8
GSM1235968,0.9898884998787366,0.35440174308879724,0.8862034668302774,3405,"{'basophils': 0.0194, 'colon macrophages': 0.0196, 'effector memory cd8 t cells': 0.059, 'embryonic stem cells': 0.0237, 'monocytes': 0.1082, 'naive b cells': 0.1163, 'naive cd8 t cells': 0.0891, 'neutrophils': 0.3544, 'regulatory t cells': 0.074, 't effector cell cd8': 0.1103}",F,38.527,,C50,5.133,False,5.133,breast,5-8
GSM1235969,0.9750114526523513,0.4945094066828499,0.8982978433714156,3393,"{'basophils': 0.0217, 'embryonic stem cells': 0.0236, 'lung interstitial macrophages': 0.0176, 'monocytes': 0.0471, 'naive b cells': 0.102, 'naive cd4 t cells': 0.0835, 'naive cd8 t cells': 0.0723, 'neutrophils': 0.4945, 'nk cells': 0.0144, 'regulatory t cells': 0.0116, 't central memory cd4': 0.014, 't effector cell cd8': 0.0583, 't effector memory cd4': 0.0134}",F,41.459,11.0,,,False,,control,
GSM1235970,0.9828655883553992,0.4870190063599756,0.9588504367109012,3398,"{'basophils': 0.0291, 'embryonic stem cells': 0.0235, 'memory cd4 t cells': 0.0435, 'monocytes': 0.053, 'naive b cells': 0.0815, 'naive cd4 t cells': 0.1091, 'naive cd8 t cells': 0.0559, 'neutrophils': 0.487, 'nk cells': 0.0589, 't effector cell cd8': 0.0341}",M,58.853,,C18,7.381,False,7.381,colorectal,5-8
GSM1235971,0.9808735523536496,0.4437012227588472,0.9786059375384102,3400,"{'adipocytes': 0.0109, 'basophils': 0.0245, 'cd8 t cells': 0.072, 'effector memory cd8 t cells': 0.0441, 'embryonic stem cells': 0.0122, 'memory cd4 t cells': 0.1158, 'monocytes': 0.0735, 'naive b cells': 0.0585, 'naive cd4 t cells': 0.0476, 'neutrophils': 0.4437, 'pancreatic beta': 0.011, 't effector cell cd8': 0.0693}",M,57.413,,C18,2.434,False,2.434,colorectal,2-5
GSM1235972,0.9864682507602281,0.4641985489127381,1.0045882366048684,3402,"{'adipocytes': 0.0107, 'basophils': 0.0224, 'cd8 t cells': 0.1101, 'memory cd4 t cells': 0.1187, 'monocytes': 0.0586, 'naive b cells': 0.0743, 'naive cd4 t cells': 0.0382, 'neutrophils': 0.4642, 'nk cells': 0.0135, 't effector cell cd8': 0.0594}",M,63.455,,C18,9.676,False,9.676,colorectal,>8
GSM1235973,0.9710833483617006,0.6090046468544116,0.9573656264255263,3392,"{'basophils': 0.0141, 'effector memory cd8 t cells': 0.0573, 'embryonic stem cells': 0.0204, 'memory cd4 t cells': 0.03, 'monocytes': 0.0395, 'naive b cells': 0.0704, 'naive cd4 t cells': 0.0277, 'naive cd8 t cells': 0.0233, 'neutrophils': 0.609, 't effector cell cd8': 0.0801}",F,47.406,12.0,C50,2.344,True,2.344,breast,2-5
GSM1235974,0.9780793124677408,0.5255022219130167,1.028576823796042,3397,"{'adipocytes': 0.0111, 'basophils': 0.0179, 'cd8 t cells': 0.061, 'effector memory cd8 t cells': 0.0457, 'embryonic stem cells': 0.0125, 'eosinophils': 0.0293, 'memory cd4 t cells': 0.0891, 'monocytes': 0.0482, 'naive b cells': 0.0578, 'neutrophils': 0.5255, 'nk cells': 0.037, 't effector cell cd8': 0.0583}",M,58.962,,C18,12.537,False,12.537,colorectal,>8
GSM1235975,0.9703951527814917,0.5687727032152359,0.9207792713767529,3386,"{'embryonic stem cells': 0.0242, 'lung interstitial macrophages': 0.0239, 'monocytes': 0.0423, 'naive b cells': 0.0744, 'naive cd4 t cells': 0.036, 'naive cd8 t cells': 0.0713, 'neutrophils': 0.5688, 'regulatory t cells': 0.0421, 't effector cell cd8': 0.0679, 't effector memory cd4': 0.0149}",F,48.531,14.0,,,False,,control,
GSM1235976,0.9673210743313413,0.5595928654402512,1.0862061174765736,3245,"{'adipocytes': 0.0137, 'basophils': 0.022, 'cd8 t cells': 0.0359, 'effector memory cd8 t cells': 0.0213, 'embryonic stem cells': 0.0221, 'memory cd4 t cells': 0.0786, 'monocytes': 0.0391, 'naive b cells': 0.0623, 'naive cd4 t cells': 0.0566, 'neutrophils': 0.5596, 'nk cells': 0.0259, 't effector cell cd8': 0.0284}",M,57.016,,C18,1.807,False,1.807,colorectal,<2
GSM1235977,0.9811409536483694,0.5201677979270639,1.0248007106524817,3262,"{'adipocytes': 0.0102, 'basophils': 0.0209, 'cd8 t cells': 0.0401, 'effector memory cd8 t cells': 0.0901, 'embryonic stem cells': 0.0149, 'eosinophils': 0.0208, 'memory cd4 t cells': 0.0481, 'monocytes': 0.0536, 'naive b cells': 0.0572, 'naive cd4 t cells': 0.0352, 'neutrophils': 0.5202, 'nk cells': 0.0289, 'regulatory t cells': 0.0121, 't effector cell cd8': 0.0323}",F,56.674,12.0,,,False,,control,
GSM1235978,0.9707910725279372,0.6206056316371473,1.0187505922584714,3393,"{'basophils': 0.0153, 'colon macrophages': 0.0152, 'embryonic stem cells': 0.0243, 'memory cd4 t cells': 0.0148, 'monocytes': 0.0374, 'naive b cells': 0.082, 'naive cd4 t cells': 0.0829, 'naive cd8 t cells': 0.0186, 'neutrophils': 0.6206, 'regulatory t cells': 0.0136, 't effector cell cd8': 0.0508}",F,58.346,16.0,,,True,,control,
GSM1235979,0.9439680279258158,0.7209763352833624,1.0040221697816545,3370,"{'basophils': 0.0237, 'embryonic stem cells': 0.0125, 'lung interstitial macrophages': 0.0174, 'monocytes': 0.0202, 'naive b cells': 0.0623, 'naive cd4 t cells': 0.05, 'naive cd8 t cells': 0.0116, 'neutrophils': 0.721, 't central memory cd4': 0.0117, 't effector cell cd8': 0.0531}",F,44.591,12.0,,,True,,control,
GSM1235980,0.9806434628674954,0.5328762479004419,1.0070460674267165,3396,"{'basophils': 0.0261, 'cd8 t cells': 0.0333, 'effector memory cd8 t cells': 0.014, 'embryonic stem cells': 0.0141, 'lung interstitial macrophages': 0.0124, 'memory cd4 t cells': 0.1039, 'monocytes': 0.0371, 'naive b cells': 0.0721, 'naive cd4 t cells': 0.0599, 'neutrophils': 0.5329, 'nk cells': 0.0102, 't effector cell cd8': 0.0442}",M,60.657,,,,False,,control,
GSM1235981,0.9767651076549321,0.4688625451162936,1.0842514481595529,3395,"{'adipocytes': 0.0117, 'basophils': 0.0278, 'cd8 t cells': 0.0754, 'effector memory cd8 t cells': 0.1393, 'embryonic stem cells': 0.0215, 'memory cd4 t cells': 0.0799, 'monocytes': 0.0415, 'naive b cells': 0.0478, 'neutrophils': 0.4689, 'nk cells': 0.0228, 't effector cell cd8': 0.0459}",F,37.103,12.0,,,False,,control,
GSM1235982,0.9752145947212082,0.6095613005649053,0.9219474676618816,3395,"{'basophils': 0.0104, 'colon macrophages': 0.0223, 'embryonic stem cells': 0.0273, 'lung interstitial macrophages': 0.0253, 'monocytes': 0.0103, 'naive b cells': 0.0764, 'naive cd4 t cells': 0.0609, 'naive cd8 t cells': 0.0616, 'neutrophils': 0.6096, 'regulatory t cells': 0.0215, 't effector cell cd8': 0.0461}",F,59.028,15.0,,,False,,control,
GSM1235983,0.9756664821805021,0.4907110914780568,1.0467971929208164,3395,"{'adipocytes': 0.0101, 'basophils': 0.0313, 'cd8 t cells': 0.0436, 'effector memory cd8 t cells': 0.0708, 'eosinophils': 0.0471, 'memory cd4 t cells': 0.0756, 'monocytes': 0.0677, 'naive b cells': 0.0611, 'naive cd4 t cells': 0.0234, 'neutrophils': 0.4907, 'regulatory t cells': 0.0119, 't effector cell cd8': 0.0488}",M,64.679,,C18,5.919,False,5.919,colorectal,5-8
GSM1235984,0.9749078087396693,0.7054066497802097,1.053838482360132,3399,"{'basophils': 0.0141, 'colon macrophages': 0.0102, 'effector memory cd8 t cells': 0.0132, 'monocytes': 0.0449, 'naive b cells': 0.0725, 'naive cd4 t cells': 0.0258, 'neutrophils': 0.7054, 'nk cells': 0.0127, 't effector cell cd8': 0.0594}",F,58.442,13.0,,,True,,control,
GSM1235985,0.8519736910292047,0.48212861892426107,1.1017147430536947,3121,"{'adipocytes': 0.0127, 'basophils': 0.0221, 'effector memory cd8 t cells': 0.1143, 'eosinophils': 0.0521, 'erythrocyte progenitors': 0.0166, 'memory b cells': 0.0282, 'monocytes': 0.0356, 'naive b cells': 0.0305, 'naive cd4 t cells': 0.0378, 'naive cd8 t cells': 0.0219, 'neutrophils': 0.4821, 'nk cells': 0.0243, 'pancreatic beta': 0.0237, 'regulatory t cells': 0.0963}",F,47.745,14.0,C50,12.446,False,12.446,breast,>8
GSM1235986,0.9779590855290297,0.5864133442252057,1.0393012486878352,3395,"{'basophils': 0.0195, 'cd8 t cells': 0.0284, 'effector memory cd8 t cells': 0.039, 'embryonic stem cells': 0.0232, 'memory cd4 t cells': 0.0842, 'monocytes': 0.0558, 'naive b cells': 0.0619, 'naive cd4 t cells': 0.0238, 'neutrophils': 0.5864, 't effector cell cd8': 0.0515}",M,57.952,,C18,3.165,False,3.165,colorectal,2-5
GSM1235987,0.9612226665091279,0.38121278420511245,1.024586617786909,3388,"{'basophils': 0.0259, 'cd8 t cells': 0.0749, 'effector memory cd8 t cells': 0.1472, 'embryonic stem cells': 0.0228, 'memory cd4 t cells': 0.0744, 'monocytes': 0.0311, 'naive b cells': 0.1068, 'naive cd4 t cells': 0.0259, 'neutrophils': 0.3812, 'nk cells': 0.0309, 'pancreatic beta': 0.0143, 't effector cell cd8': 0.0529}",F,58.543,14.0,C50,2.166,True,2.166,breast,2-5
GSM1235988,0.9609635567274227,0.5745909401223099,1.000476254605468,3388,"{'basophils': 0.0239, 'embryonic stem cells': 0.0153, 'eosinophils': 0.0109, 'memory cd4 t cells': 0.0417, 'monocytes': 0.0429, 'naive b cells': 0.0929, 'naive cd4 t cells': 0.05, 'naive cd8 t cells': 0.0285, 'neutrophils': 0.5746, 'nk cells': 0.0131, 't effector cell cd8': 0.0625}",F,62.732,17.0,,,True,,control,
GSM1235989,0.9742403419419967,0.5903435235030668,0.9418200788426778,3387,"{'basophils': 0.0151, 'colon macrophages': 0.0148, 'embryonic stem cells': 0.0204, 'lung interstitial macrophages': 0.0203, 'monocytes': 0.0259, 'naive b cells': 0.0945, 'naive cd4 t cells': 0.04, 'naive cd8 t cells': 0.05, 'neutrophils': 0.5903, 'regulatory t cells': 0.0125, 't central memory cd4': 0.0205, 't effector cell cd8': 0.0459, 't effector memory cd4': 0.0216}",F,54.248,12.0,C50,9.281,False,9.281,breast,>8
GSM1235990,0.9726753188604974,0.4765236974392021,1.0006051838845378,3392,"{'basophils': 0.0228, 'cd8 t cells': 0.0692, 'effector memory cd8 t cells': 0.0665, 'embryonic stem cells': 0.0228, 'memory cd4 t cells': 0.0647, 'monocytes': 0.0442, 'naive b cells': 0.0835, 'naive cd4 t cells': 0.0378, 'neutrophils': 0.4765, 'nk cells': 0.023, 't effector cell cd8': 0.07}",M,59.97,,,,False,,control,
GSM1235991,0.9789271196734802,0.48748900544500406,1.0114998629528449,3400,"{'basophils': 0.0235, 'cd8 t cells': 0.0385, 'effector memory cd8 t cells': 0.0847, 'embryonic stem cells': 0.0215, 'memory b cells': 0.011, 'memory cd4 t cells': 0.0889, 'monocytes': 0.0635, 'naive b cells': 0.0739, 'naive cd4 t cells': 0.0108, 'neutrophils': 0.4875, 'nk cells': 0.0211, 'regulatory t cells': 0.0175, 't effector cell cd8': 0.0344}",M,62.563,,C44,7.589,False,7.589,other,5-8
GSM1235992,0.9624124986267182,0.5230612673499899,0.9261152207973652,3380,"{'colon macrophages': 0.0345, 'embryonic stem cells': 0.0447, 'erythrocyte progenitors': 0.0313, 'lung interstitial macrophages': 0.0343, 'naive b cells': 0.0743, 'naive cd4 t cells': 0.0743, 'naive cd8 t cells': 0.066, 'neutrophils': 0.5231, 't effector cell cd8': 0.0768, 't effector memory cd4': 0.0139}",F,36.252,12.0,C50,9.024,False,9.024,breast,>8
GSM1235993,0.9750612017304388,0.532200014097781,1.0001940045264703,3395,"{'basophils': 0.0305, 'cd8 t cells': 0.049, 'effector memory cd8 t cells': 0.039, 'embryonic stem cells': 0.0218, 'memory cd4 t cells': 0.0146, 'monocytes': 0.0422, 'naive b cells': 0.1, 'naive cd4 t cells': 0.0634, 'naive cd8 t cells': 0.0185, 'neutrophils': 0.5322, 'regulatory t cells': 0.0141, 't effector cell cd8': 0.0525}",F,48.654,,C18,3.348,False,3.348,colorectal,2-5
GSM1235994,0.967339730235624,0.7676365449334597,1.1807085775162387,3394,"{'cd8 t cells': 0.0641, 'eosinophils': 0.0114, 'erythrocyte progenitors': 0.0282, 'memory b cells': 0.0125, 'memory cd4 t cells': 0.0184, 'monocytes': 0.0152, 'neutrophils': 0.7676, 'nk cells': 0.0243, 't effector memory cd4': 0.0583}",F,47.915,13.0,C50,2.524,True,2.524,breast,2-5
GSM1235995,0.9875150542783171,0.6152298373491237,1.0069979495179995,3261,"{'embryonic stem cells': 0.0182, 'lung interstitial macrophages': 0.0506, 'monocytes': 0.0305, 'naive b cells': 0.0629, 'naive cd4 t cells': 0.037, 'naive cd8 t cells': 0.0674, 'neutrophils': 0.6152, 'regulatory t cells': 0.0265, 't central memory cd4': 0.021, 't effector cell cd8': 0.0351}",F,59.587,10.0,,,False,,control,
GSM1235996,0.9744476297673609,0.47465324666895936,0.9717525366113098,3390,"{'colon macrophages': 0.0261, 'embryonic stem cells': 0.041, 'erythrocyte progenitors': 0.0286, 'lung interstitial macrophages': 0.032, 'naive b cells': 0.0811, 'naive cd4 t cells': 0.0738, 'naive cd8 t cells': 0.1136, 'neutrophils': 0.4747, 'regulatory t cells': 0.0442, 't effector cell cd8': 0.0634}",F,56.142,14.0,C50,1.938,False,1.938,breast,<2
GSM1235997,0.9830314186156904,0.6341542811757961,1.002143126620474,3400,"{'basophils': 0.0249, 'colon macrophages': 0.0132, 'embryonic stem cells': 0.0177, 'eosinophils': 0.0174, 'memory cd4 t cells': 0.0141, 'monocytes': 0.0339, 'naive b cells': 0.0469, 'naive cd4 t cells': 0.0746, 'naive cd8 t cells': 0.0285, 'neutrophils': 0.6342, 'nk cells': 0.0262, 't effector cell cd8': 0.0509}",M,45.804,,,,False,,control,
GSM1235998,0.9851229527736147,0.5381908137882876,0.976751142368489,3398,"{'colon macrophages': 0.0261, 'embryonic stem cells': 0.0336, 'erythrocyte progenitors': 0.0141, 'lung interstitial macrophages': 0.0285, 'monocytes': 0.0248, 'naive b cells': 0.0497, 'naive cd4 t cells': 0.025, 'naive cd8 t cells': 0.1055, 'neutrophils': 0.5382, 'regulatory t cells': 0.053, 't effector cell cd8': 0.0798}",F,42.998,11.0,C50,7.379,False,7.379,breast,5-8
GSM1235999,0.9788980993779293,0.5418536207410626,1.0383174959212091,3255,"{'basophils': 0.0211, 'cd8 t cells': 0.0538, 'effector memory cd8 t cells': 0.0194, 'eosinophils': 0.0423, 'memory cd4 t cells': 0.0669, 'monocytes': 0.0302, 'naive b cells': 0.0648, 'naive cd4 t cells': 0.0394, 'neutrophils': 0.5419, 'nk cells': 0.0371, 't effector cell cd8': 0.0354}",F,53.284,13.0,,,False,,control,
GSM1236000,0.9741263336380465,0.5204160673385549,0.9263317328263724,3395,"{'colon macrophages': 0.0189, 'embryonic stem cells': 0.0287, 'erythrocyte progenitors': 0.0105, 'lung interstitial macrophages': 0.0132, 'monocytes': 0.0345, 'naive b cells': 0.08, 'naive cd4 t cells': 0.0276, 'naive cd8 t cells': 0.0908, 'neutrophils': 0.5204, 'regulatory t cells': 0.0634, 't effector cell cd8': 0.0793}",F,42.22,12.0,,,False,,control,
GSM1236001,0.9723042736530956,0.5626315482247193,1.0436042194978856,3394,"{'basophils': 0.0234, 'effector memory cd8 t cells': 0.0136, 'embryonic stem cells': 0.0158, 'memory cd4 t cells': 0.013, 'monocytes': 0.0448, 'naive b cells': 0.1067, 'naive cd4 t cells': 0.0702, 'naive cd8 t cells': 0.0455, 'neutrophils': 0.5626, 'nk cells': 0.0246, 'regulatory t cells': 0.0168, 't effector cell cd8': 0.0328}",F,54.264,12.0,C50,4.307,True,4.307,breast,2-5
GSM1236002,0.9790908770555179,0.7343511282729241,1.0437171783293138,3400,"{'embryonic stem cells': 0.0113, 'monocytes': 0.0531, 'naive b cells': 0.0459, 'naive cd4 t cells': 0.0249, 'naive cd8 t cells': 0.0292, 'neutrophils': 0.7344, 'nk cells': 0.0176, 't effector cell cd8': 0.0275, 't effector memory cd4': 0.0143}",F,44.304,12.0,,,False,,control,
GSM1236003,0.9549086793485358,0.5634689665572967,0.993936041055371,3381,"{'basophils': 0.0304, 'effector memory cd8 t cells': 0.0257, 'embryonic stem cells': 0.0192, 'memory cd4 t cells': 0.0164, 'monocytes': 0.04, 'naive b cells': 0.0899, 'naive cd4 t cells': 0.0547, 'naive cd8 t cells': 0.0462, 'neutrophils': 0.5635, 'nk cells': 0.0206, 'regulatory t cells': 0.0281, 't effector cell cd8': 0.0442}",F,46.79,10.0,C50,7.775,True,7.775,breast,5-8
GSM1236004,0.9797479794619223,0.4044325829422178,1.0167887744445137,3402,"{'basophils': 0.0313, 'cd8 t cells': 0.0611, 'effector memory cd8 t cells': 0.0632, 'embryonic stem cells': 0.0221, 'memory cd4 t cells': 0.1035, 'monocytes': 0.0981, 'naive b cells': 0.097, 'naive cd4 t cells': 0.0374, 'neutrophils': 0.4044, 'nk cells': 0.029, 't effector cell cd8': 0.0334}",F,56.225,12.0,,,True,,control,
GSM1236005,0.9683450761886402,0.5175157195285931,1.0079493587877801,3396,"{'basophils': 0.0192, 'embryonic stem cells': 0.0178, 'memory cd4 t cells': 0.0133, 'monocytes': 0.0893, 'naive b cells': 0.0775, 'naive cd4 t cells': 0.0577, 'naive cd8 t cells': 0.049, 'neutrophils': 0.5175, 'nk cells': 0.0685, 'regulatory t cells': 0.0234, 't effector cell cd8': 0.0413}",F,45.881,12.0,C50,8.643,True,8.643,breast,>8
GSM1236006,0.9762779812653264,0.5950665306609453,1.0066290889654066,3400,"{'basophils': 0.0188, 'effector memory cd8 t cells': 0.0336, 'embryonic stem cells': 0.0181, 'memory cd4 t cells': 0.0205, 'monocytes': 0.0809, 'naive b cells': 0.0756, 'naive cd4 t cells': 0.0441, 'naive cd8 t cells': 0.0305, 'neutrophils': 0.5951, 'regulatory t cells': 0.0158, 't effector cell cd8': 0.0452}",F,45.755,13.0,C50,2.992,True,2.992,breast,2-5
GSM1236007,0.9915405838468889,0.5933219294489204,0.985947957890233,3404,"{'basophils': 0.0206, 'cd8 t cells': 0.0764, 'colon macrophages': 0.0102, 'embryonic stem cells': 0.0126, 'lung interstitial macrophages': 0.0169, 'monocytes': 0.0192, 'naive b cells': 0.0616, 'naive cd4 t cells': 0.0587, 'naive cd8 t cells': 0.0212, 'neutrophils': 0.5933, 'nk cells': 0.0294, 'regulatory t cells': 0.0233, 't effector cell cd8': 0.0312}",F,38.092,14.0,,,False,,control,
GSM1236008,0.9792173226289901,0.34485743393512863,0.9907315725636805,3396,"{'colon macrophages': 0.0521, 'embryonic stem cells': 0.0577, 'erythrocyte progenitors': 0.0557, 'lung interstitial macrophages': 0.0408, 'naive b cells': 0.09, 'naive cd4 t cells': 0.0495, 'naive cd8 t cells': 0.1202, 'neutrophils': 0.3449, 'regulatory t cells': 0.044, 't effector cell cd8': 0.1164}",F,55.181,13.0,C50,13.325,False,13.325,breast,>8
GSM1236009,0.9856722655108298,0.5913386947593378,0.9863889250026467,3401,"{'basophils': 0.0202, 'cd8 t cells': 0.0105, 'colon macrophages': 0.0143, 'embryonic stem cells': 0.0161, 'eosinophils': 0.0163, 'memory cd4 t cells': 0.0305, 'monocytes': 0.0239, 'naive b cells': 0.0742, 'naive cd4 t cells': 0.047, 'naive cd8 t cells': 0.0361, 'neutrophils': 0.5913, 'nk cells': 0.0276, 't central memory cd4': 0.0157, 't effector cell cd8': 0.0396, 't effector memory cd4': 0.011}",F,51.127,11.0,,,True,,control,
GSM1236010,0.9716616813944666,0.46953925905669686,0.91409160602792,3387,"{'basophils': 0.0133, 'effector memory cd8 t cells': 0.0339, 'embryonic stem cells': 0.0304, 'erythrocyte progenitors': 0.0107, 'monocytes': 0.0394, 'naive b cells': 0.0813, 'naive cd4 t cells': 0.0245, 'naive cd8 t cells': 0.1042, 'neutrophils': 0.4695, 'nk cells': 0.0157, 'regulatory t cells': 0.0508, 't effector cell cd8': 0.093}",F,37.476,14.0,,,False,,control,
GSM1236011,0.9817897645417591,0.694898159253553,1.0261219710891238,3397,"{'effector memory cd8 t cells': 0.0502, 'lung interstitial macrophages': 0.0153, 'monocytes': 0.0204, 'naive b cells': 0.054, 'naive cd4 t cells': 0.0278, 'naive cd8 t cells': 0.0269, 'neutrophils': 0.6949, 'regulatory t cells': 0.0171, 't effector cell cd8': 0.0468}",M,53.719,,C18,7.737,False,7.737,colorectal,5-8
GSM1236012,0.9771174969580512,0.5870499395474232,0.9778717294108396,3395,"{'colon macrophages': 0.0427, 'embryonic stem cells': 0.0498, 'erythrocyte progenitors': 0.0399, 'lung interstitial macrophages': 0.0483, 'naive b cells': 0.0356, 'naive cd4 t cells': 0.0164, 'naive cd8 t cells': 0.0935, 'neutrophils': 0.587, 'regulatory t cells': 0.0195, 't effector cell cd8': 0.0428}",F,39.143,14.0,C50,12.591,False,12.591,breast,>8
GSM1236013,0.9695867302625715,0.5078682081574173,1.0342160818016013,3396,"{'basophils': 0.0322, 'cd8 t cells': 0.0401, 'effector memory cd8 t cells': 0.0145, 'embryonic stem cells': 0.0196, 'memory cd4 t cells': 0.0609, 'monocytes': 0.0492, 'naive b cells': 0.0977, 'naive cd4 t cells': 0.0826, 'naive cd8 t cells': 0.0111, 'neutrophils': 0.5079, 'nk cells': 0.0344, 'pancreatic beta': 0.0103, 't effector cell cd8': 0.0326}",F,53.383,14.0,,,True,,control,
GSM1236014,0.9737801629696883,0.5204326201917333,0.9517066439212751,3392,"{'basophils': 0.0297, 'cd8 t cells': 0.0256, 'effector memory cd8 t cells': 0.0413, 'embryonic stem cells': 0.0161, 'eosinophils': 0.0155, 'memory cd4 t cells': 0.0386, 'monocytes': 0.0567, 'naive b cells': 0.0834, 'naive cd4 t cells': 0.0355, 'neutrophils': 0.5204, 'nk cells': 0.0307, 'regulatory t cells': 0.0115, 't effector cell cd8': 0.0669}",M,62.387,,C18,2.842,False,2.842,colorectal,2-5
GSM1236015,0.9682642339367482,0.5319090341567924,0.952053524443246,3238,"{'basophils': 0.0155, 'colon macrophages': 0.0123, 'embryonic stem cells': 0.0305, 'lung interstitial macrophages': 0.0115, 'monocytes': 0.0188, 'naive b cells': 0.0715, 'naive cd4 t cells': 0.0585, 'naive cd8 t cells': 0.0715, 'neutrophils': 0.5319, 'regulatory t cells': 0.0582, 't effector cell cd8': 0.0867}",F,60.474,15.0,,,False,,control,
GSM1236016,0.9428797668426541,0.6210010395892235,1.0827836117685448,3360,"{'basophils': 0.022, 'cd8 t cells': 0.0291, 'effector memory cd8 t cells': 0.018, 'memory cd4 t cells': 0.0265, 'monocytes': 0.0447, 'naive b cells': 0.0888, 'naive cd4 t cells': 0.0396, 'naive cd8 t cells': 0.0171, 'neutrophils': 0.621, 't effector cell cd8': 0.0363, 't effector memory cd4': 0.017}",F,52.537,13.0,,,True,,control,
GSM1236017,0.968935846490928,0.529571044063163,0.9766472209128286,3391,"{'basophils': 0.0362, 'effector memory cd8 t cells': 0.0737, 'embryonic stem cells': 0.0192, 'monocytes': 0.088, 'naive b cells': 0.0666, 'naive cd8 t cells': 0.0249, 'neutrophils': 0.5296, 'nk cells': 0.0579, 'regulatory t cells': 0.02, 't effector cell cd8': 0.0615}",M,60.342,,C42,3.277,False,3.277,other,2-5
GSM1236018,0.9723001278965883,0.5761318476000916,1.0128499657956005,3397,"{'basophils': 0.0172, 'effector memory cd8 t cells': 0.0102, 'embryonic stem cells': 0.0199, 'memory cd4 t cells': 0.0306, 'monocytes': 0.0321, 'naive b cells': 0.0812, 'naive cd4 t cells': 0.0924, 'naive cd8 t cells': 0.0223, 'neutrophils': 0.5761, 'nk cells': 0.0271, 'regulatory t cells': 0.0127, 't effector cell cd8': 0.0537}",F,61.812,12.0,,,True,,control,
GSM1236019,0.9718834793676063,0.6061448621855857,0.9991186598946177,3396,"{'basophils': 0.0239, 'effector memory cd8 t cells': 0.0756, 'embryonic stem cells': 0.0163, 'monocytes': 0.0366, 'naive b cells': 0.07, 'naive cd4 t cells': 0.0292, 'naive cd8 t cells': 0.032, 'neutrophils': 0.6061, 'regulatory t cells': 0.0313, 't effector cell cd8': 0.0603}",F,61.092,14.0,C18,6.938,False,6.938,colorectal,5-8
GSM1236020,0.9727561611123894,0.495643913256199,0.9261189326244781,3387,"{'colon macrophages': 0.0333, 'embryonic stem cells': 0.0411, 'erythrocyte progenitors': 0.0295, 'lung interstitial macrophages': 0.0296, 'naive b cells': 0.0797, 'naive cd4 t cells': 0.0768, 'naive cd8 t cells': 0.0734, 'neutrophils': 0.4956, 't effector cell cd8': 0.091, 't effector memory cd4': 0.0125}",F,51.044,10.0,C50,5.585,False,5.585,breast,5-8
GSM1236021,0.9684383557100541,0.4528495403506212,0.9659034894275405,3371,"{'colon macrophages': 0.0316, 'embryonic stem cells': 0.047, 'eosinophils': 0.0181, 'erythrocyte progenitors': 0.0477, 'lung interstitial macrophages': 0.0424, 'naive b cells': 0.0541, 'naive cd4 t cells': 0.0457, 'naive cd8 t cells': 0.1026, 'neutrophils': 0.4528, 'regulatory t cells': 0.0798, 't effector cell cd8': 0.062}",F,61.645,10.0,C50,12.172,False,12.172,breast,>8
GSM1236022,0.96863527914415,0.5459026954742464,1.0899295594877276,3248,"{'adipocytes': 0.0147, 'basophils': 0.0161, 'effector memory cd8 t cells': 0.0685, 'embryonic stem cells': 0.0175, 'eosinophils': 0.0426, 'memory cd4 t cells': 0.0438, 'monocytes': 0.0528, 'naive b cells': 0.0638, 'naive cd8 t cells': 0.0525, 'neutrophils': 0.5459, 'pancreatic beta': 0.0111, 'regulatory t cells': 0.0407}",M,48.903,,C18,13.123,False,13.123,colorectal,>8
GSM1236023,0.975013525530605,0.5186738971919469,1.0162828543218048,3390,"{'adipocytes': 0.015, 'basophils': 0.0258, 'cd8 t cells': 0.0468, 'effector memory cd8 t cells': 0.1117, 'embryonic stem cells': 0.0127, 'memory cd4 t cells': 0.0687, 'monocytes': 0.0283, 'naive b cells': 0.0652, 'neutrophils': 0.5187, 'nk cells': 0.0172, 't effector cell cd8': 0.0708}",M,55.222,,C18,1.09,False,1.09,colorectal,<2
GSM1236024,0.9709921417185404,0.5897697940019534,0.9624822206404978,3392,"{'colon macrophages': 0.0145, 'effector memory cd8 t cells': 0.038, 'embryonic stem cells': 0.0245, 'erythrocyte progenitors': 0.0129, 'lung interstitial macrophages': 0.0213, 'monocytes': 0.024, 'naive b cells': 0.0582, 'naive cd8 t cells': 0.0437, 'neutrophils': 0.5898, 'pancreatic beta': 0.0102, 'regulatory t cells': 0.0868, 't effector cell cd8': 0.0735}",F,53.982,14.0,C50,11.17,False,11.17,breast,>8
GSM1236025,0.9813171482999289,0.6648465790512791,0.9867300856335031,3401,"{'basophils': 0.0112, 'colon macrophages': 0.0124, 'embryonic stem cells': 0.0157, 'lung interstitial macrophages': 0.015, 'monocytes': 0.0232, 'naive b cells': 0.0737, 'naive cd4 t cells': 0.0516, 'naive cd8 t cells': 0.0213, 'neutrophils': 0.6648, 'nk cells': 0.0125, 't central memory cd4': 0.0167, 't effector cell cd8': 0.0508}",F,55.08,11.0,,,True,,control,
GSM1236026,0.9793106021504039,0.632423124262032,0.9701530580301284,3393,"{'basophils': 0.0229, 'effector memory cd8 t cells': 0.0111, 'embryonic stem cells': 0.0194, 'lung interstitial macrophages': 0.0119, 'monocytes': 0.0171, 'naive b cells': 0.0749, 'naive cd4 t cells': 0.0661, 'naive cd8 t cells': 0.0446, 'neutrophils': 0.6324, 'regulatory t cells': 0.0206, 't central memory cd4': 0.0175, 't effector cell cd8': 0.0388}",F,58.146,,,,False,,control,
GSM1236027,0.9737366325263618,0.6152979660220187,1.016348614144636,3393,"{'basophils': 0.0202, 'effector memory cd8 t cells': 0.0405, 'embryonic stem cells': 0.0181, 'lung interstitial macrophages': 0.0136, 'monocytes': 0.0407, 'naive b cells': 0.053, 'naive cd4 t cells': 0.0371, 'naive cd8 t cells': 0.0381, 'neutrophils': 0.6153, 'nk cells': 0.0323, 'regulatory t cells': 0.0403, 't effector cell cd8': 0.0307}",M,61.177,,C19,1.024,False,1.024,colorectal,<2
GSM1236028,0.9781166242763064,0.5343768659672815,0.9739279665857231,3400,"{'basophils': 0.0331, 'effector memory cd8 t cells': 0.0769, 'embryonic stem cells': 0.0258, 'memory cd4 t cells': 0.0672, 'monocytes': 0.0532, 'naive b cells': 0.0677, 'naive cd4 t cells': 0.0164, 'naive cd8 t cells': 0.0327, 'neutrophils': 0.5344, 'nk cells': 0.0146, 'regulatory t cells': 0.019, 't effector cell cd8': 0.0475}",M,56.534,,C18,3.151,False,3.151,colorectal,2-5
GSM1236029,0.9598214008096663,0.3150490455250275,0.8429235127378147,3381,"{'basophils': 0.0284, 'effector memory cd8 t cells': 0.0425, 'embryonic stem cells': 0.021, 'monocytes': 0.1489, 'naive b cells': 0.1084, 'naive cd4 t cells': 0.0524, 'naive cd8 t cells': 0.049, 'neutrophils': 0.315, 'nk cells': 0.1284, 'pancreatic beta': 0.0104, 'regulatory t cells': 0.018, 't effector cell cd8': 0.0615}",F,48.063,13.0,,,True,,control,
GSM1236030,0.9743688603937225,0.5030365736411557,0.9920834708531381,3394,"{'basophils': 0.0303, 'cd8 t cells': 0.0296, 'effector memory cd8 t cells': 0.0523, 'embryonic stem cells': 0.0155, 'memory cd4 t cells': 0.0342, 'monocytes': 0.056, 'naive b cells': 0.0996, 'naive cd4 t cells': 0.0533, 'naive cd8 t cells': 0.0113, 'neutrophils': 0.503, 'nk cells': 0.0282, 'pancreatic beta': 0.0101, 'regulatory t cells': 0.0131, 't effector cell cd8': 0.0539}",M,55.518,,C18,2.511,False,2.511,colorectal,2-5
GSM1236031,0.9781912478934375,0.6432486500667326,1.0420019325549903,3258,"{'basophils': 0.0259, 'effector memory cd8 t cells': 0.0265, 'embryonic stem cells': 0.0124, 'memory cd4 t cells': 0.0357, 'monocytes': 0.0307, 'naive b cells': 0.0678, 'naive cd4 t cells': 0.0179, 'naive cd8 t cells': 0.0251, 'neutrophils': 0.6432, 'nk cells': 0.0186, 'regulatory t cells': 0.0165, 't effector cell cd8': 0.034, 't effector memory cd4': 0.0111}",M,57.911,,,,False,,control,
GSM1236032,0.9693006730635689,0.6500660481564344,1.0398527882207853,3394,"{'basophils': 0.0172, 'effector memory cd8 t cells': 0.0153, 'embryonic stem cells': 0.0227, 'memory cd4 t cells': 0.0197, 'monocytes': 0.0521, 'naive b cells': 0.0595, 'naive cd4 t cells': 0.0614, 'naive cd8 t cells': 0.02, 'neutrophils': 0.6501, 'nk cells': 0.0111, 't central memory cd4': 0.0107, 't effector cell cd8': 0.0295}",F,50.869,12.0,,,True,,control,
GSM1236033,0.9777663078514409,0.4633158646571613,1.027229831989241,3398,"{'adipocytes': 0.0106, 'basophils': 0.0267, 'effector memory cd8 t cells': 0.0644, 'embryonic stem cells': 0.0199, 'monocytes': 0.0472, 'naive b cells': 0.0794, 'naive cd4 t cells': 0.0576, 'naive cd8 t cells': 0.1085, 'neutrophils': 0.4633, 'nk cells': 0.0491, 'regulatory t cells': 0.0531}",M,49.361,,C18,8.402,False,8.402,colorectal,>8
GSM1236034,0.9599188260875874,0.4562797258810504,0.9876501118984947,3382,"{'colon macrophages': 0.044, 'embryonic stem cells': 0.0554, 'erythrocyte progenitors': 0.0424, 'lung interstitial macrophages': 0.0277, 'naive b cells': 0.0731, 'naive cd8 t cells': 0.1117, 'neutrophils': 0.4563, 'regulatory t cells': 0.0675, 't effector cell cd8': 0.0941}",F,35.403,14.0,C50,12.052,False,12.052,breast,>8
GSM1236035,0.9696489166101807,0.5720871380721646,0.9726446349829457,3379,"{'basophils': 0.0128, 'colon macrophages': 0.0201, 'effector memory cd8 t cells': 0.0497, 'embryonic stem cells': 0.0211, 'monocytes': 0.0256, 'naive b cells': 0.0765, 'naive cd4 t cells': 0.0218, 'naive cd8 t cells': 0.0518, 'neutrophils': 0.5721, 'regulatory t cells': 0.0176, 't effector cell cd8': 0.0992}",F,52.953,13.0,,,False,,control,
GSM1236036,0.9717487422811196,0.4583022237596422,1.054443587816333,3393,"{'adipocytes': 0.0129, 'basophils': 0.0287, 'effector memory cd8 t cells': 0.1248, 'embryonic stem cells': 0.0139, 'memory b cells': 0.01, 'memory cd4 t cells': 0.0584, 'monocytes': 0.0682, 'naive b cells': 0.062, 'naive cd4 t cells': 0.0108, 'naive cd8 t cells': 0.0226, 'neutrophils': 0.4583, 'nk cells': 0.0536, 'pancreatic beta': 0.0117, 'regulatory t cells': 0.0326, 't effector cell cd8': 0.023}",M,60.444,,C18,8.641,False,8.641,colorectal,>8
GSM1236037,0.9668090734026918,0.4799658412051026,0.9807356154265778,3381,"{'colon macrophages': 0.0583, 'embryonic stem cells': 0.0712, 'endometrium epithelium': 0.0137, 'erythrocyte progenitors': 0.0643, 'lung interstitial macrophages': 0.0459, 'naive b cells': 0.0497, 'naive cd8 t cells': 0.0751, 'neutrophils': 0.48, 'regulatory t cells': 0.0219, 't effector cell cd8': 0.0996}",F,61.621,14.0,,,False,,control,
GSM1236038,0.9704034442945062,0.4670467530570359,0.9808791770463805,3392,"{'adipocytes': 0.0109, 'basophils': 0.0316, 'cd8 t cells': 0.0298, 'embryonic stem cells': 0.0175, 'memory cd4 t cells': 0.0263, 'monocytes': 0.0549, 'naive b cells': 0.1191, 'naive cd4 t cells': 0.142, 'naive cd8 t cells': 0.0241, 'neutrophils': 0.467, 'nk cells': 0.0369, 'regulatory t cells': 0.018, 't effector cell cd8': 0.0128}",M,45.429,,,,False,,control,
GSM1236039,0.9667572514463508,0.4978264515671594,0.9989885898742109,3392,"{'basophils': 0.0252, 'embryonic stem cells': 0.0188, 'eosinophils': 0.0884, 'monocytes': 0.045, 'naive b cells': 0.0742, 'naive cd4 t cells': 0.0802, 'naive cd8 t cells': 0.059, 'neutrophils': 0.4978, 'nk cells': 0.0241, 'regulatory t cells': 0.0218, 't effector cell cd8': 0.0444}",F,36.572,10.0,C50,9.667,True,9.667,breast,>8
GSM1236040,0.9779383567464932,0.4368801488037673,0.9454992698881542,3391,"{'basophils': 0.0299, 'effector memory cd8 t cells': 0.051, 'embryonic stem cells': 0.0134, 'eosinophils': 0.0147, 'memory cd4 t cells': 0.0227, 'monocytes': 0.0688, 'naive b cells': 0.1002, 'naive cd4 t cells': 0.0683, 'naive cd8 t cells': 0.0493, 'neutrophils': 0.4369, 'nk cells': 0.0354, 'regulatory t cells': 0.0292, 't effector cell cd8': 0.0517}",M,53.426,,,,False,,control,
GSM1236041,0.9794494849933979,0.5934291014251323,1.0348258735735623,3393,"{'adipocytes': 0.0104, 'basophils': 0.0172, 'effector memory cd8 t cells': 0.0367, 'embryonic stem cells': 0.0234, 'eosinophils': 0.0269, 'monocytes': 0.0277, 'naive b cells': 0.0533, 'naive cd4 t cells': 0.0599, 'naive cd8 t cells': 0.076, 'neutrophils': 0.5934, 'regulatory t cells': 0.0316, 't effector cell cd8': 0.0123}",F,50.842,,C18,4.761,False,4.761,colorectal,2-5
GSM1236042,0.9725115614784597,0.6500874498411255,0.9357252291176953,3389,"{'colon macrophages': 0.0178, 'embryonic stem cells': 0.0267, 'erythrocyte progenitors': 0.0123, 'lung interstitial macrophages': 0.0412, 'naive b cells': 0.0661, 'naive cd4 t cells': 0.045, 'naive cd8 t cells': 0.059, 'neutrophils': 0.6501, 't central memory cd4': 0.0144, 't effector cell cd8': 0.0383, 't effector memory cd4': 0.0197}",F,43.622,,C50,2.133,False,2.133,breast,2-5
GSM1236043,0.9726214240259027,0.3873695245157717,1.0117892864638465,3394,"{'basophils': 0.0242, 'effector memory cd8 t cells': 0.0726, 'embryonic stem cells': 0.027, 'memory cd4 t cells': 0.0601, 'monocytes': 0.0521, 'naive b cells': 0.1369, 'naive cd4 t cells': 0.0642, 'naive cd8 t cells': 0.0375, 'neutrophils': 0.3874, 'nk cells': 0.0675, 'regulatory t cells': 0.0194, 't effector cell cd8': 0.038}",F,46.497,12.0,,,True,,control,
GSM1236044,0.9640583639601096,0.5133234091764214,1.0179183390961644,3384,"{'basophils': 0.0183, 'cd8 t cells': 0.0491, 'effector memory cd8 t cells': 0.0643, 'embryonic stem cells': 0.0166, 'memory cd4 t cells': 0.0561, 'monocytes': 0.0609, 'naive b cells': 0.0926, 'neutrophils': 0.5133, 'nk cells': 0.0192, 't effector cell cd8': 0.0754}",M,48.285,,,,False,,control,
GSM1236045,0.9730588013374211,0.5056756316216726,1.0210729111486836,3399,"{'basophils': 0.0285, 'cd8 t cells': 0.0269, 'embryonic stem cells': 0.0197, 'eosinophils': 0.0562, 'memory cd4 t cells': 0.0555, 'monocytes': 0.0543, 'naive b cells': 0.093, 'naive cd4 t cells': 0.0704, 'neutrophils': 0.5057, 'nk cells': 0.0241, 't effector cell cd8': 0.0445}",F,51.25,12.0,C50,8.72,True,8.72,breast,>8
GSM1236046,0.9907984934320853,0.5652436764440794,1.0341558644555016,3405,"{'adipocytes': 0.011, 'basophils': 0.0169, 'cd8 t cells': 0.0809, 'embryonic stem cells': 0.0145, 'memory cd4 t cells': 0.0614, 'monocytes': 0.0545, 'naive b cells': 0.0653, 'naive cd4 t cells': 0.055, 'neutrophils': 0.5652, 'nk cells': 0.0219, 't effector cell cd8': 0.043}",F,51.745,11.0,,,True,,control,
GSM1236047,0.9621202227929547,0.4589948707157987,1.0495158386470307,3388,"{'basophils': 0.0248, 'cd8 t cells': 0.0634, 'effector memory cd8 t cells': 0.0725, 'embryonic stem cells': 0.017, 'memory cd4 t cells': 0.0774, 'monocytes': 0.0354, 'naive b cells': 0.1051, 'naive cd4 t cells': 0.0344, 'neutrophils': 0.459, 'nk cells': 0.0364, 'pancreatic beta': 0.0127, 't effector cell cd8': 0.0421}",F,55.71,11.0,C50,0.531,True,0.531,breast,<2
GSM1236048,0.9813233669346898,0.5714498594433519,0.9822258154702009,3398,"{'colon macrophages': 0.0184, 'effector memory cd8 t cells': 0.0353, 'embryonic stem cells': 0.018, 'memory cd4 t cells': 0.0214, 'monocytes': 0.0324, 'naive b cells': 0.0704, 'naive cd4 t cells': 0.0822, 'naive cd8 t cells': 0.0439, 'neutrophils': 0.5714, 'nk cells': 0.0166, 't effector cell cd8': 0.051}",F,44.999,14.0,,,True,,control,
GSM1236049,0.9651383335302568,0.53008620653783,0.9826481422858533,3388,"{'basophils': 0.0298, 'embryonic stem cells': 0.0269, 'eosinophils': 0.0253, 'monocytes': 0.0362, 'naive b cells': 0.1034, 'naive cd4 t cells': 0.076, 'naive cd8 t cells': 0.0332, 'neutrophils': 0.5301, 'nk cells': 0.0341, 'regulatory t cells': 0.0307, 't effector cell cd8': 0.0443}",F,56.394,15.0,C50,4.422,True,4.422,breast,2-5
GSM1236050,0.9818270763503247,0.4255728194510679,0.9910356107875911,3396,"{'basophils': 0.0159, 'cd8 t cells': 0.0791, 'effector memory cd8 t cells': 0.0665, 'embryonic stem cells': 0.0106, 'memory cd4 t cells': 0.1011, 'monocytes': 0.0831, 'naive b cells': 0.0916, 'naive cd4 t cells': 0.0453, 'neutrophils': 0.4256, 'regulatory t cells': 0.0138, 't effector cell cd8': 0.0471}",F,55.299,,,,False,,control,
GSM1236051,0.979824675957307,0.3443888169353263,0.9180540606110869,3397,"{'basophils': 0.0222, 'cd8 t cells': 0.0341, 'effector memory cd8 t cells': 0.0927, 'embryonic stem cells': 0.0194, 'memory cd4 t cells': 0.0602, 'monocytes': 0.0553, 'naive b cells': 0.1305, 'naive cd4 t cells': 0.0915, 'naive cd8 t cells': 0.0351, 'neutrophils': 0.3444, 'nk cells': 0.0203, 'regulatory t cells': 0.0388, 't effector cell cd8': 0.0368}",M,53.979,,C19,5.927,False,5.927,colorectal,5-8
GSM1236052,0.9824344296786417,0.6425331777696228,0.9832457700610562,3399,"{'basophils': 0.0148, 'colon macrophages': 0.0114, 'effector memory cd8 t cells': 0.0159, 'embryonic stem cells': 0.0203, 'eosinophils': 0.0142, 'lung interstitial macrophages': 0.0111, 'monocytes': 0.0409, 'naive b cells': 0.0516, 'naive cd4 t cells': 0.0634, 'naive cd8 t cells': 0.03, 'neutrophils': 0.6425, 't effector cell cd8': 0.0509}",F,41.207,9.0,,,True,,control,
GSM1236053,0.9670557459148752,0.5827985761006976,0.9705777617230155,3391,"{'basophils': 0.0108, 'effector memory cd8 t cells': 0.0156, 'embryonic stem cells': 0.0201, 'monocytes': 0.0686, 'naive b cells': 0.08, 'naive cd4 t cells': 0.0537, 'naive cd8 t cells': 0.0417, 'neutrophils': 0.5828, 'nk cells': 0.0317, 'regulatory t cells': 0.0268, 't effector cell cd8': 0.0475}",F,59.691,15.0,,,True,,control,
GSM1236054,0.977818129807782,0.5144779626112371,0.9373064101642422,3396,"{'basophils': 0.0249, 'colon macrophages': 0.0114, 'effector memory cd8 t cells': 0.0239, 'embryonic stem cells': 0.0161, 'lung interstitial macrophages': 0.0126, 'memory cd4 t cells': 0.0361, 'monocytes': 0.0476, 'naive b cells': 0.0953, 'naive cd4 t cells': 0.0539, 'naive cd8 t cells': 0.0539, 'neutrophils': 0.5145, 'nk cells': 0.011, 'regulatory t cells': 0.0162, 't effector cell cd8': 0.0561}",F,43.551,13.0,,,True,,control,
GSM1236055,0.9855852046241768,0.41822167727991777,1.031003023869969,3399,"{'adipocytes': 0.0108, 'basophils': 0.0282, 'cd8 t cells': 0.0299, 'effector memory cd8 t cells': 0.1265, 'embryonic stem cells': 0.0166, 'eosinophils': 0.0325, 'memory cd4 t cells': 0.1285, 'monocytes': 0.0511, 'naive b cells': 0.053, 'neutrophils': 0.4182, 'nk cells': 0.037, 't effector cell cd8': 0.048}",M,56.687,,,,False,,control,
GSM1236056,0.9675988400173292,0.5656571360828901,0.9659382409790879,3382,"{'colon macrophages': 0.0522, 'embryonic stem cells': 0.0713, 'endometrium epithelium': 0.0109, 'erythrocyte progenitors': 0.065, 'lung interstitial macrophages': 0.0534, 'naive b cells': 0.0319, 'naive cd4 t cells': 0.0175, 'naive cd8 t cells': 0.0504, 'neutrophils': 0.5657, 'pancreatic delta': 0.0105, 't effector cell cd8': 0.0662}",F,49.366,12.0,,,False,,control,
GSM1236057,0.9665893483078059,0.35929666073489663,1.0093512580117874,3387,"{'basophils': 0.0277, 'cd8 t cells': 0.0534, 'effector memory cd8 t cells': 0.0657, 'embryonic stem cells': 0.0227, 'memory cd4 t cells': 0.0537, 'monocytes': 0.0407, 'naive b cells': 0.1239, 'naive cd4 t cells': 0.1176, 'naive cd8 t cells': 0.0169, 'neutrophils': 0.3593, 'nk cells': 0.0527, 'pancreatic beta': 0.0136, 't effector cell cd8': 0.0353}",F,54.185,9.0,C50,9.799,True,9.799,breast,>8
GSM1236058,0.9658161647191975,0.4574538253394176,0.9268375798596096,3378,"{'basophils': 0.0223, 'colon macrophages': 0.0152, 'effector memory cd8 t cells': 0.0624, 'embryonic stem cells': 0.0261, 'monocytes': 0.044, 'naive b cells': 0.092, 'naive cd4 t cells': 0.0447, 'naive cd8 t cells': 0.0432, 'neutrophils': 0.4575, 'nk cells': 0.028, 'regulatory t cells': 0.0464, 't effector cell cd8': 0.0978}",F,52.424,13.0,,,False,,control,
GSM1236059,0.9740703659251981,0.6238545088165849,0.9735370710793737,3396,"{'colon macrophages': 0.016, 'embryonic stem cells': 0.0229, 'erythrocyte progenitors': 0.015, 'lung interstitial macrophages': 0.0278, 'monocytes': 0.0254, 'naive b cells': 0.0597, 'naive cd8 t cells': 0.0759, 'neutrophils': 0.6239, 'regulatory t cells': 0.0389, 't effector cell cd8': 0.0803}",F,44.895,11.0,,,False,,control,
GSM1236060,0.9916338633683028,0.42988755992269123,1.0177178765487565,3403,"{'b cells': 0.0548, 'basophils': 0.0188, 'cd8 t cells': 0.1074, 'effector memory cd8 t cells': 0.0662, 'embryonic stem cells': 0.0133, 'memory cd4 t cells': 0.0802, 'monocytes': 0.0712, 'naive b cells': 0.0328, 'naive cd4 t cells': 0.0347, 'neutrophils': 0.4299, 'nk cells': 0.011, 'regulatory t cells': 0.0153, 't effector cell cd8': 0.0465}",F,63.584,11.0,,,False,,control,
GSM1236061,0.9792421971680337,0.4498262082847732,1.0183024365926172,3397,"{'adipocytes': 0.0103, 'basophils': 0.0244, 'cd8 t cells': 0.0697, 'effector memory cd8 t cells': 0.0128, 'embryonic stem cells': 0.01, 'memory cd4 t cells': 0.086, 'monocytes': 0.0866, 'naive b cells': 0.1089, 'naive cd4 t cells': 0.0424, 'neutrophils': 0.4498, 'nk cells': 0.0218, 'regulatory t cells': 0.0183, 't effector cell cd8': 0.0385}",F,63.012,15.0,,,False,,control,
GSM1236062,0.9531301498069114,0.6052124305439324,1.0954688444616363,3367,"{'basophils': 0.0147, 'cd8 t cells': 0.0742, 'erythrocyte progenitors': 0.013, 'memory cd4 t cells': 0.0814, 'monocytes': 0.0471, 'naive b cells': 0.056, 'naive cd4 t cells': 0.0146, 'neutrophils': 0.6052, 'nk cells': 0.0105, 't effector cell cd8': 0.0472, 't effector memory cd4': 0.0185}",F,57.465,14.0,C50,5.572,True,5.572,breast,5-8
GSM1236063,0.9773123475138935,0.6217866575174184,0.9635250699384741,3258,"{'basophils': 0.0272, 'embryonic stem cells': 0.0171, 'lung interstitial macrophages': 0.0169, 'monocytes': 0.0746, 'naive b cells': 0.0908, 'naive cd4 t cells': 0.0419, 'naive cd8 t cells': 0.0473, 'neutrophils': 0.6218, 'regulatory t cells': 0.0119, 't effector cell cd8': 0.0223}",M,59.285,,,,False,,control,
GSM1236064,0.9770449462191737,0.6952006548373045,1.033958214164344,3399,"{'basophils': 0.0109, 'embryonic stem cells': 0.021, 'lung interstitial macrophages': 0.0112, 'monocytes': 0.029, 'naive b cells': 0.0565, 'naive cd4 t cells': 0.0468, 'naive cd8 t cells': 0.0223, 'neutrophils': 0.6952, 'nk cells': 0.0158, 't effector cell cd8': 0.0554}",F,48.304,12.0,C50,3.201,True,3.201,breast,2-5
GSM1236065,0.9776149877389251,0.46467024147278213,0.9914223423192097,3399,"{'basophils': 0.0292, 'cd8 t cells': 0.0296, 'effector memory cd8 t cells': 0.0299, 'embryonic stem cells': 0.024, 'eosinophils': 0.0117, 'memory cd4 t cells': 0.0589, 'monocytes': 0.075, 'naive b cells': 0.1051, 'naive cd4 t cells': 0.0428, 'naive cd8 t cells': 0.0281, 'neutrophils': 0.4647, 'nk cells': 0.0335, 'regulatory t cells': 0.0106, 't effector cell cd8': 0.0404}",F,54.078,14.0,,,True,,control,
GSM1236066,0.9727167764255702,0.46393083289219644,0.9838462294661184,3395,"{'basophils': 0.0309, 'effector memory cd8 t cells': 0.0143, 'embryonic stem cells': 0.0254, 'memory cd4 t cells': 0.0158, 'monocytes': 0.0518, 'naive b cells': 0.0837, 'naive cd4 t cells': 0.117, 'naive cd8 t cells': 0.0726, 'neutrophils': 0.4639, 'nk cells': 0.0446, 'pancreatic beta': 0.0108, 'regulatory t cells': 0.0335, 't effector cell cd8': 0.0216}",M,58.218,,,,False,,control,
GSM1236067,0.9815741852033805,0.4510305061280685,0.9812555813642148,3400,"{'basophils': 0.024, 'cd8 t cells': 0.0204, 'embryonic stem cells': 0.021, 'memory cd4 t cells': 0.1007, 'monocytes': 0.0346, 'naive b cells': 0.0844, 'naive cd4 t cells': 0.1127, 'naive cd8 t cells': 0.0692, 'neutrophils': 0.451, 'nk cells': 0.0124, 't effector cell cd8': 0.0428}",F,55.028,12.0,,,True,,control,
GSM1236068,0.9710916398747153,0.3009614722129544,0.8553595654312035,3389,"{'basophils': 0.0204, 'effector memory cd8 t cells': 0.1459, 'embryonic stem cells': 0.0272, 'memory cd4 t cells': 0.0478, 'monocytes': 0.0594, 'naive b cells': 0.1243, 'naive cd4 t cells': 0.0476, 'naive cd8 t cells': 0.039, 'neutrophils': 0.301, 'regulatory t cells': 0.0567, 't effector cell cd8': 0.11}",F,53.7,13.0,C50,9.421,False,9.421,breast,>8
GSM1236069,0.9688342754564996,0.5209465128034029,0.9480435924240194,3387,"{'basophils': 0.0134, 'colon macrophages': 0.0266, 'embryonic stem cells': 0.0259, 'erythrocyte progenitors': 0.0187, 'lung interstitial macrophages': 0.0267, 'naive b cells': 0.0832, 'naive cd4 t cells': 0.0821, 'naive cd8 t cells': 0.0516, 'neutrophils': 0.5209, 'regulatory t cells': 0.0208, 't central memory cd4': 0.0114, 't effector cell cd8': 0.0688, 't effector memory cd4': 0.0292}",F,53.736,11.0,,,False,,control,
GSM1236070,0.982929847581262,0.443348094211322,0.9267765544875054,3402,"{'basophils': 0.0157, 'colon macrophages': 0.0142, 'embryonic stem cells': 0.0173, 'erythrocyte progenitors': 0.0114, 'lung interstitial macrophages': 0.0293, 'naive b cells': 0.0995, 'naive cd4 t cells': 0.115, 'naive cd8 t cells': 0.0728, 'neutrophils': 0.4433, 'nk cells': 0.0383, 'regulatory t cells': 0.0345, 't central memory cd4': 0.027, 't effector cell cd8': 0.0644}",F,61.32,14.0,C50,4.123,False,4.123,breast,2-5
GSM1236071,0.9729012625901443,0.5292551447724068,0.9371374178489628,3391,"{'basophils': 0.0162, 'colon macrophages': 0.0116, 'embryonic stem cells': 0.0237, 'erythrocyte progenitors': 0.0121, 'lung interstitial macrophages': 0.0223, 'monocytes': 0.0149, 'naive b cells': 0.0771, 'naive cd4 t cells': 0.0299, 'naive cd8 t cells': 0.1112, 'neutrophils': 0.5293, 'regulatory t cells': 0.0414, 't effector cell cd8': 0.0835}",F,43.825,14.0,,,False,,control,
GSM1236072,0.984063711986004,0.469285558153158,0.9309461492243766,3400,"{'basophils': 0.0232, 'embryonic stem cells': 0.0118, 'eosinophils': 0.0435, 'lung interstitial macrophages': 0.0221, 'monocytes': 0.0614, 'naive b cells': 0.07, 'naive cd4 t cells': 0.0882, 'naive cd8 t cells': 0.0504, 'neutrophils': 0.4693, 'nk cells': 0.0113, 'regulatory t cells': 0.0238, 't central memory cd4': 0.0484, 't effector cell cd8': 0.0443}",F,65.142,,C50,4.936,False,4.936,breast,2-5
GSM1236073,0.9896252443405241,0.6045908768865079,1.0190879479334958,3402,"{'basophils': 0.0269, 'cd8 t cells': 0.0707, 'effector memory cd8 t cells': 0.0153, 'embryonic stem cells': 0.0142, 'memory cd4 t cells': 0.05, 'monocytes': 0.0492, 'naive b cells': 0.0493, 'naive cd4 t cells': 0.0263, 'neutrophils': 0.6046, 'nk cells': 0.0162, 't effector cell cd8': 0.0445}",M,52.627,,C18,12.175,False,12.175,colorectal,>8
GSM1236074,0.9789229739169729,0.4115708533560117,1.009976572607576,3403,"{'basophils': 0.0251, 'cd8 t cells': 0.0723, 'effector memory cd8 t cells': 0.0234, 'embryonic stem cells': 0.0209, 'memory cd4 t cells': 0.0821, 'monocytes': 0.0302, 'naive b cells': 0.1221, 'naive cd4 t cells': 0.1378, 'naive cd8 t cells': 0.0154, 'neutrophils': 0.4116, 'nk cells': 0.0153, 'pancreatic beta': 0.0116, 't effector cell cd8': 0.0211}",F,56.624,11.0,,,True,,control,
GSM1236075,0.9695286896714695,0.5253585508722372,0.9930920650206944,3398,"{'basophils': 0.0245, 'effector memory cd8 t cells': 0.0309, 'embryonic stem cells': 0.0198, 'memory cd4 t cells': 0.0166, 'monocytes': 0.0531, 'naive b cells': 0.0882, 'naive cd4 t cells': 0.0741, 'naive cd8 t cells': 0.0587, 'neutrophils': 0.5254, 'nk cells': 0.0185, 'regulatory t cells': 0.0237, 't effector cell cd8': 0.0469}",F,52.997,11.0,C50,7.975,True,7.975,breast,5-8
GSM1236076,0.9777455790689046,0.5116993108708927,0.9550874762485455,3392,"{'basophils': 0.0124, 'effector memory cd8 t cells': 0.0681, 'embryonic stem cells': 0.023, 'lung interstitial macrophages': 0.0137, 'monocytes': 0.0246, 'naive b cells': 0.0663, 'naive cd4 t cells': 0.0546, 'naive cd8 t cells': 0.0588, 'neutrophils': 0.5117, 'regulatory t cells': 0.0489, 't effector cell cd8': 0.0721}",F,39.17,13.0,C50,9.736,False,9.736,breast,>8
GSM1236077,0.9637329220742878,0.440408646534073,0.9985196402445401,3376,"{'colon macrophages': 0.0431, 'embryonic stem cells': 0.0756, 'endometrium epithelium': 0.0107, 'erythrocyte progenitors': 0.0626, 'lung interstitial macrophages': 0.0296, 'naive b cells': 0.0594, 'naive cd4 t cells': 0.0292, 'naive cd8 t cells': 0.0649, 'neutrophils': 0.4404, 'regulatory t cells': 0.0386, 't effector cell cd8': 0.1218}",F,55.31,11.0,,,False,,control,
GSM1236078,0.9803822802075366,0.5488998386163099,1.0540808825019874,3400,"{'adipocytes': 0.0121, 'basophils': 0.0296, 'cd8 t cells': 0.0548, 'effector memory cd8 t cells': 0.0769, 'embryonic stem cells': 0.011, 'memory cd4 t cells': 0.063, 'monocytes': 0.0715, 'naive b cells': 0.0482, 'naive cd4 t cells': 0.0111, 'neutrophils': 0.5489, 'nk cells': 0.0113, 't effector cell cd8': 0.0485}",F,64.027,13.0,C18,9.029,False,9.029,colorectal,>8
GSM1236079,0.9949960718957094,0.5055071260085384,0.9913877512123965,3264,"{'basophils': 0.0171, 'cd8 t cells': 0.0724, 'effector memory cd8 t cells': 0.0347, 'eosinophils': 0.0368, 'lung interstitial macrophages': 0.0148, 'memory cd4 t cells': 0.1019, 'monocytes': 0.0721, 'naive b cells': 0.0459, 'neutrophils': 0.5055, 'nk cells': 0.0228, 't effector cell cd8': 0.0396}",M,61.172,,C67,10.42,False,10.42,other,>8
GSM1236080,0.9819016999674558,0.6483352364446534,0.9817072635314933,3258,"{'colon macrophages': 0.0155, 'effector memory cd8 t cells': 0.0124, 'embryonic stem cells': 0.0193, 'lung interstitial macrophages': 0.026, 'monocytes': 0.0103, 'naive b cells': 0.0613, 'naive cd4 t cells': 0.0238, 'naive cd8 t cells': 0.0637, 'neutrophils': 0.6483, 'nk cells': 0.0191, 't effector cell cd8': 0.043, 't effector memory cd4': 0.0285}",F,49.741,11.0,C50,11.447,False,11.447,breast,>8
GSM1236081,0.9749762137220395,0.7150492908935202,1.0423644250238941,3397,"{'colon macrophages': 0.0104, 'embryonic stem cells': 0.0111, 'monocytes': 0.0283, 'naive b cells': 0.0554, 'naive cd4 t cells': 0.0507, 'naive cd8 t cells': 0.022, 'neutrophils': 0.715, 'nk cells': 0.0123, 't central memory cd4': 0.0144, 't effector cell cd8': 0.0361}",F,62.431,14.0,C18,4.181,False,4.181,colorectal,2-5
GSM1236082,0.981478832803713,0.4767178217505831,0.9451824364069802,3394,"{'basophils': 0.0207, 'colon macrophages': 0.0118, 'effector memory cd8 t cells': 0.0498, 'embryonic stem cells': 0.0172, 'monocytes': 0.0592, 'naive b cells': 0.0699, 'naive cd4 t cells': 0.0274, 'naive cd8 t cells': 0.0505, 'neutrophils': 0.4767, 'nk cells': 0.0426, 'regulatory t cells': 0.0477, 't central memory cd4': 0.0101, 't effector cell cd8': 0.0857}",F,62.149,12.0,C50,6.138,False,6.138,breast,5-8
GSM1236083,0.9745968770016231,0.5120836928288935,0.9259743151136658,3395,"{'basophils': 0.0205, 'embryonic stem cells': 0.03, 'lung interstitial macrophages': 0.0123, 'monocytes': 0.0425, 'naive b cells': 0.083, 'naive cd4 t cells': 0.0501, 'naive cd8 t cells': 0.0676, 'neutrophils': 0.5121, 'nk cells': 0.0382, 'regulatory t cells': 0.0369, 't effector cell cd8': 0.0815}",F,49.547,12.0,,,False,,control,
GSM1236084,0.9766324434466991,0.6032328063406405,0.97744304625082,3398,"{'basophils': 0.0212, 'effector memory cd8 t cells': 0.0256, 'embryonic stem cells': 0.0128, 'eosinophils': 0.0309, 'lung interstitial macrophages': 0.0139, 'monocytes': 0.0361, 'naive b cells': 0.0718, 'naive cd4 t cells': 0.0437, 'naive cd8 t cells': 0.0257, 'neutrophils': 0.6032, 'nk cells': 0.0202, 't effector cell cd8': 0.061}",F,46.374,12.0,,,True,,control,
GSM1236085,0.9740662201686908,0.4532972049736767,0.8729299052752766,3392,"{'basophils': 0.031, 'cd4 t cells': 0.0482, 'cd8 t cells': 0.0854, 'embryonic stem cells': 0.0128, 'monocytes': 0.0509, 'naive b cells': 0.1091, 'naive cd4 t cells': 0.0865, 'neutrophils': 0.4533, 'nk cells': 0.0589, 't central memory cd4': 0.0391}",F,59.888,12.0,,,False,,control,
GSM1236086,0.9790577110034596,0.6416422327997952,1.0385026104083783,3399,"{'basophils': 0.0167, 'cd8 t cells': 0.0182, 'embryonic stem cells': 0.0186, 'memory cd4 t cells': 0.057, 'monocytes': 0.0627, 'naive b cells': 0.0569, 'naive cd4 t cells': 0.0347, 'naive cd8 t cells': 0.0102, 'neutrophils': 0.6416, 'nk cells': 0.0134, 't effector cell cd8': 0.036}",F,44.917,15.0,,,True,,control,
GSM1236087,0.9692592154984961,0.6051048959701442,0.9496950758480178,3393,"{'embryonic stem cells': 0.0186, 'lung interstitial macrophages': 0.0187, 'monocytes': 0.058, 'naive b cells': 0.0729, 'naive cd4 t cells': 0.0174, 'naive cd8 t cells': 0.1074, 'neutrophils': 0.6051, 'nk cells': 0.0279, 'regulatory t cells': 0.0238, 't effector cell cd8': 0.0167}",M,49.081,,,,False,,control,
GSM1236088,0.9701920107126348,0.5910513390971,0.9771528373410046,3389,"{'colon macrophages': 0.036, 'embryonic stem cells': 0.0521, 'erythrocyte progenitors': 0.0446, 'lung interstitial macrophages': 0.0472, 'naive b cells': 0.0434, 'naive cd8 t cells': 0.0673, 'neutrophils': 0.5911, 'pancreatic delta': 0.0112, 'regulatory t cells': 0.0348, 't effector cell cd8': 0.0587}",F,42.749,15.0,,,False,,control,
GSM1236089,0.9740351269948863,0.3469740833969254,0.8744354417397227,3391,"{'basophils': 0.0232, 'colon macrophages': 0.0177, 'effector memory cd8 t cells': 0.0503, 'embryonic stem cells': 0.0252, 'eosinophils': 0.0211, 'monocytes': 0.0616, 'naive b cells': 0.1304, 'naive cd4 t cells': 0.0698, 'naive cd8 t cells': 0.0441, 'neutrophils': 0.347, 'pancreatic beta': 0.0112, 'regulatory t cells': 0.0564, 't effector cell cd8': 0.1247}",F,58.146,13.0,,,False,,control,
GSM1236090,0.9792732903418383,0.6427651487958372,1.043499330348553,3397,"{'basophils': 0.0214, 'cd8 t cells': 0.0254, 'effector memory cd8 t cells': 0.0629, 'embryonic stem cells': 0.0155, 'memory cd4 t cells': 0.0185, 'monocytes': 0.0681, 'naive b cells': 0.0349, 'naive cd4 t cells': 0.0105, 'naive cd8 t cells': 0.0105, 'neutrophils': 0.6428, 'nk cells': 0.0128, 'regulatory t cells': 0.0135, 't effector cell cd8': 0.0486}",M,56.019,,C18,12.674,False,12.674,colorectal,>8
GSM1236091,0.9734132635187938,0.5844032137997909,1.049421825696383,3246,"{'adipocytes': 0.0105, 'basophils': 0.0371, 'cd8 t cells': 0.067, 'effector memory cd8 t cells': 0.014, 'embryonic stem cells': 0.0137, 'memory cd4 t cells': 0.0452, 'monocytes': 0.0433, 'naive b cells': 0.0456, 'naive cd4 t cells': 0.0502, 'neutrophils': 0.5844, 'nk cells': 0.0186, 't effector cell cd8': 0.0405}",M,50.201,,,,False,,control,
GSM1236092,0.9838274038650888,0.5428408424235255,1.018668019104462,3400,"{'basophils': 0.0195, 'effector memory cd8 t cells': 0.0503, 'embryonic stem cells': 0.0146, 'memory cd4 t cells': 0.0254, 'monocytes': 0.0556, 'naive b cells': 0.0542, 'naive cd4 t cells': 0.0488, 'naive cd8 t cells': 0.0602, 'neutrophils': 0.5428, 'nk cells': 0.0375, 'regulatory t cells': 0.0315, 't effector cell cd8': 0.029}",M,57.451,,,,False,,control,
GSM1236093,0.9701588446605766,0.5856203669575969,1.039527973259792,3395,"{'basophils': 0.0197, 'cd8 t cells': 0.0349, 'effector memory cd8 t cells': 0.0302, 'embryonic stem cells': 0.0153, 'memory cd4 t cells': 0.0693, 'monocytes': 0.0401, 'naive b cells': 0.075, 'naive cd4 t cells': 0.0414, 'neutrophils': 0.5856, 'nk cells': 0.0167, 'pancreatic beta': 0.0102, 't effector cell cd8': 0.0489}",F,56.717,14.0,C50,0.476,True,0.476,breast,<2
GSM1236094,0.9465073037865267,0.4860426192535608,0.9250629769198873,3367,"{'colon macrophages': 0.043, 'embryonic stem cells': 0.0638, 'endometrium epithelium': 0.0139, 'erythrocyte progenitors': 0.0574, 'lung interstitial macrophages': 0.0223, 'naive b cells': 0.0512, 'naive cd4 t cells': 0.0435, 'naive cd8 t cells': 0.0894, 'neutrophils': 0.486, 'regulatory t cells': 0.0253, 't effector cell cd8': 0.0843}",F,51.14,12.0,,,False,,control,
GSM1236095,0.9750404729479023,0.5947852963082243,0.9288200314673996,3398,"{'colon macrophages': 0.0364, 'embryonic stem cells': 0.0446, 'erythrocyte progenitors': 0.0287, 'lung interstitial macrophages': 0.0507, 'naive b cells': 0.0559, 'naive cd4 t cells': 0.051, 'naive cd8 t cells': 0.07, 'neutrophils': 0.5948, 't effector cell cd8': 0.0531}",F,41.988,14.0,C50,11.71,False,11.71,breast,>8
GSM1236096,0.9726462985649463,0.573137255069322,0.9779596358655582,3387,"{'colon macrophages': 0.0265, 'embryonic stem cells': 0.0399, 'eosinophils': 0.0134, 'erythrocyte progenitors': 0.0259, 'lung interstitial macrophages': 0.0333, 'naive b cells': 0.0521, 'naive cd4 t cells': 0.0178, 'naive cd8 t cells': 0.0635, 'neutrophils': 0.5731, 'regulatory t cells': 0.0349, 't effector cell cd8': 0.1053}",F,48.474,12.0,C50,9.333,False,9.333,breast,>8
GSM1236097,0.978315620588656,0.5007156486529514,0.9879929933059269,3397,"{'basophils': 0.0297, 'effector memory cd8 t cells': 0.0375, 'embryonic stem cells': 0.0157, 'memory cd4 t cells': 0.0828, 'monocytes': 0.0551, 'naive b cells': 0.0952, 'naive cd4 t cells': 0.0307, 'naive cd8 t cells': 0.0423, 'neutrophils': 0.5007, 'nk cells': 0.0337, 'regulatory t cells': 0.01, 't effector cell cd8': 0.0344}",M,53.607,,,,False,,control,
GSM1236098,0.9771631002796313,0.6276588189485226,1.0197936224610795,3394,"{'basophils': 0.0217, 'effector memory cd8 t cells': 0.0131, 'embryonic stem cells': 0.0114, 'lung interstitial macrophages': 0.0164, 'memory cd4 t cells': 0.0222, 'monocytes': 0.041, 'naive b cells': 0.0544, 'naive cd4 t cells': 0.0599, 'naive cd8 t cells': 0.0455, 'neutrophils': 0.6277, 'nk cells': 0.0148, 'regulatory t cells': 0.0145, 't effector cell cd8': 0.0401}",M,62.021,,,,False,,control,
GSM1236099,0.9861780478047183,0.40998222013996827,0.913965127797821,3401,"{'colon macrophages': 0.0286, 'effector memory cd8 t cells': 0.0465, 'embryonic stem cells': 0.0246, 'erythrocyte progenitors': 0.0138, 'lung interstitial macrophages': 0.0151, 'monocytes': 0.0418, 'naive b cells': 0.0736, 'naive cd4 t cells': 0.1013, 'naive cd8 t cells': 0.0643, 'neutrophils': 0.41, 'regulatory t cells': 0.0568, 't effector cell cd8': 0.1012}",F,56.674,10.0,C50,1.637,False,1.637,breast,<2
GSM1236100,0.9471872078537211,0.4433740932055144,1.0232598722797799,3362,"{'basophils': 0.0252, 'cd8 t cells': 0.0726, 'embryonic stem cells': 0.0205, 'eosinophils': 0.0444, 'memory cd4 t cells': 0.0995, 'monocytes': 0.0348, 'naive b cells': 0.0992, 'naive cd4 t cells': 0.0431, 'neutrophils': 0.4434, 'nk cells': 0.0385, 't effector cell cd8': 0.0586}",F,61.002,14.0,C50,11.603,True,11.603,breast,>8
GSM1236101,0.9770573834886955,0.456266817275271,0.9986178256899129,3396,"{'basophils': 0.0424, 'cd8 t cells': 0.0609, 'effector memory cd8 t cells': 0.0146, 'embryonic stem cells': 0.0121, 'eosinophils': 0.0215, 'memory cd4 t cells': 0.054, 'monocytes': 0.0678, 'naive b cells': 0.0792, 'naive cd4 t cells': 0.0888, 'naive cd8 t cells': 0.0102, 'neutrophils': 0.4563, 'nk cells': 0.0291, 't effector cell cd8': 0.039}",M,62.253,,C18,3.012,False,3.012,colorectal,2-5
GSM1236102,0.9715808391425746,0.6814839944464988,0.9817687773143232,3385,"{'colon macrophages': 0.015, 'embryonic stem cells': 0.0234, 'erythrocyte progenitors': 0.0133, 'lung interstitial macrophages': 0.0336, 'naive b cells': 0.0497, 'naive cd4 t cells': 0.0208, 'naive cd8 t cells': 0.072, 'neutrophils': 0.6815, 'regulatory t cells': 0.0105, 't central memory cd4': 0.0147, 't effector cell cd8': 0.0341, 't effector memory cd4': 0.0157}",F,47.518,14.0,,,False,,control,
GSM1236103,0.968473594640366,0.46861369705255035,0.9271678821150886,3387,"{'basophils': 0.0143, 'colon macrophages': 0.0133, 'embryonic stem cells': 0.0398, 'eosinophils': 0.0105, 'erythrocyte progenitors': 0.0143, 'lung interstitial macrophages': 0.0114, 'monocytes': 0.0122, 'naive b cells': 0.0767, 'naive cd4 t cells': 0.0435, 'naive cd8 t cells': 0.1029, 'neutrophils': 0.4686, 'regulatory t cells': 0.0553, 't effector cell cd8': 0.1178}",F,54.045,14.0,C50,7.288,False,7.288,breast,5-8
GSM1236104,0.9804589767029213,0.6120440668553965,0.9619721490593393,3394,"{'colon macrophages': 0.0325, 'embryonic stem cells': 0.0345, 'eosinophils': 0.024, 'erythrocyte progenitors': 0.0151, 'lung interstitial macrophages': 0.0445, 'naive b cells': 0.0625, 'naive cd4 t cells': 0.0175, 'naive cd8 t cells': 0.0678, 'neutrophils': 0.612, 'regulatory t cells': 0.0178, 't effector cell cd8': 0.0524}",F,49.624,12.0,C50,7.625,False,7.625,breast,5-8
GSM1236105,0.9787198318481161,0.5012159416211089,0.9132210410010918,3397,"{'basophils': 0.0163, 'embryonic stem cells': 0.0247, 'lung interstitial macrophages': 0.0133, 'monocytes': 0.0194, 'naive b cells': 0.0988, 'naive cd4 t cells': 0.1086, 'naive cd8 t cells': 0.0756, 'neutrophils': 0.5012, 'regulatory t cells': 0.0238, 't central memory cd4': 0.0211, 't effector cell cd8': 0.0513, 't effector memory cd4': 0.013}",F,49.262,11.0,C50,7.425,False,7.425,breast,5-8
GSM1236106,0.9864641050037208,0.6021213618570015,0.9419940819298499,3403,"{'basophils': 0.0154, 'colon macrophages': 0.0245, 'embryonic stem cells': 0.0169, 'eosinophils': 0.0131, 'lung interstitial macrophages': 0.0337, 'naive b cells': 0.0645, 'naive cd4 t cells': 0.0846, 'naive cd8 t cells': 0.0757, 'neutrophils': 0.6021, 't central memory cd4': 0.0283, 't effector cell cd8': 0.0244}",F,48.241,12.0,C50,11.493,False,11.493,breast,>8
GSM1236107,0.9707972911626982,0.41761806777054017,0.944234871381249,3393,"{'basophils': 0.0345, 'embryonic stem cells': 0.0237, 'eosinophils': 0.0112, 'memory cd4 t cells': 0.0761, 'monocytes': 0.0384, 'naive b cells': 0.0945, 'naive cd4 t cells': 0.1265, 'naive cd8 t cells': 0.054, 'neutrophils': 0.4176, 'nk cells': 0.026, 'regulatory t cells': 0.0182, 't effector cell cd8': 0.0518}",F,60.561,11.0,,,True,,control,
GSM1236108,0.9727437238428676,0.5246104187367219,1.0306228137491027,3390,"{'basophils': 0.0209, 'cd8 t cells': 0.0425, 'effector memory cd8 t cells': 0.061, 'embryonic stem cells': 0.017, 'memory cd4 t cells': 0.0951, 'monocytes': 0.0455, 'naive b cells': 0.0614, 'naive cd4 t cells': 0.0208, 'neutrophils': 0.5246, 'nk cells': 0.0207, 't effector cell cd8': 0.0647}",F,59.682,13.0,,,False,,control,
GSM1236109,0.9698665688268131,0.4656769860137118,0.956609050518335,3397,"{'basophils': 0.033, 'cd8 t cells': 0.0462, 'embryonic stem cells': 0.0227, 'memory cd4 t cells': 0.0606, 'monocytes': 0.0512, 'naive b cells': 0.0981, 'naive cd4 t cells': 0.0968, 'naive cd8 t cells': 0.0232, 'neutrophils': 0.4657, 'nk cells': 0.0297, 't effector cell cd8': 0.0452}",F,57.238,14.0,,,True,,control,
GSM1236110,0.9879109740247626,0.5861703871073941,1.0236797535338655,3404,"{'basophils': 0.022, 'cd8 t cells': 0.0643, 'embryonic stem cells': 0.012, 'eosinophils': 0.0303, 'memory cd4 t cells': 0.0138, 'monocytes': 0.0429, 'naive b cells': 0.059, 'naive cd4 t cells': 0.0722, 'neutrophils': 0.5862, 'nk cells': 0.0253, 't central memory cd4': 0.0155, 't effector cell cd8': 0.025}",F,40.805,11.0,,,True,,control,
GSM1236111,0.9778533687380939,0.5162449483169359,0.9335307792313662,3395,"{'basophils': 0.0196, 'colon macrophages': 0.0134, 'embryonic stem cells': 0.0196, 'eosinophils': 0.056, 'erythrocyte progenitors': 0.0113, 'lung interstitial macrophages': 0.0211, 'naive b cells': 0.0749, 'naive cd4 t cells': 0.1135, 'naive cd8 t cells': 0.0566, 'neutrophils': 0.5162, 'nk cells': 0.0122, 't central memory cd4': 0.0212, 't effector cell cd8': 0.0351, 't effector memory cd4': 0.0103}",F,46.554,13.0,,,False,,control,
GSM1236112,0.9861904850742401,0.6976361775703708,1.1268302844099038,3421,"{'cd4 t cells': 0.05, 'cd8 t cells': 0.061, 'erythrocyte progenitors': 0.0147, 'monocytes': 0.0675, 'naive b cells': 0.0554, 'neutrophils': 0.6976, 't central memory cd4': 0.0148, 't effector memory cd4': 0.0208}",F,47.614,12.0,,,True,,control,
GSM1236113,0.9875274915478389,0.526081542468464,0.9310819853902998,3400,"{'basophils': 0.0214, 'cd8 t cells': 0.0127, 'colon macrophages': 0.0104, 'effector memory cd8 t cells': 0.0133, 'embryonic stem cells': 0.0211, 'eosinophils': 0.0181, 'memory cd4 t cells': 0.0269, 'monocytes': 0.0388, 'naive b cells': 0.0715, 'naive cd4 t cells': 0.1042, 'naive cd8 t cells': 0.0286, 'neutrophils': 0.5261, 'nk cells': 0.0164, 't effector cell cd8': 0.0616}",F,49.106,12.0,,,True,,control,
GSM1236114,0.9808839167449178,0.5091942384143632,1.0179042921029895,3258,"{'basophils': 0.0366, 'effector memory cd8 t cells': 0.0251, 'embryonic stem cells': 0.0125, 'eosinophils': 0.0348, 'lung interstitial macrophages': 0.0137, 'monocytes': 0.0807, 'naive b cells': 0.0536, 'naive cd4 t cells': 0.056, 'naive cd8 t cells': 0.0389, 'neutrophils': 0.5092, 'nk cells': 0.0403, 'regulatory t cells': 0.0361, 't effector cell cd8': 0.0314}",M,58.45,,C18,10.949,False,10.949,colorectal,>8
GSM1236115,0.9868828264109564,0.3459392830695794,0.9675919661456233,3401,"{'basophils': 0.0223, 'cd8 t cells': 0.1001, 'effector memory cd8 t cells': 0.0654, 'embryonic stem cells': 0.0182, 'memory cd4 t cells': 0.1265, 'monocytes': 0.0547, 'naive b cells': 0.0937, 'naive cd4 t cells': 0.0224, 'neutrophils': 0.3459, 'nk cells': 0.0473, 'regulatory t cells': 0.0159, 't effector cell cd8': 0.0651}",F,61.081,13.0,,,True,,control,
GSM1236116,0.9666826278292197,0.357472931362019,0.9709855187667498,3387,"{'basophils': 0.0118, 'colon macrophages': 0.0149, 'effector memory cd8 t cells': 0.0228, 'embryonic stem cells': 0.0446, 'erythrocyte progenitors': 0.0267, 'lung interstitial macrophages': 0.0182, 'monocytes': 0.0119, 'naive b cells': 0.1139, 'naive cd4 t cells': 0.0304, 'naive cd8 t cells': 0.1265, 'neutrophils': 0.3575, 'pancreatic beta': 0.0121, 'regulatory t cells': 0.0879, 't effector cell cd8': 0.0953}",F,53.125,14.0,,,False,,control,
GSM1236117,0.9514718472039981,0.38866685175613364,0.95725233121571,3358,"{'colon macrophages': 0.0581, 'embryonic stem cells': 0.068, 'endometrium epithelium': 0.0128, 'erythrocyte progenitors': 0.067, 'lung interstitial macrophages': 0.0286, 'naive b cells': 0.0681, 'naive cd4 t cells': 0.0548, 'naive cd8 t cells': 0.0802, 'neutrophils': 0.3887, 'pancreatic delta': 0.0109, 'regulatory t cells': 0.0394, 't effector cell cd8': 0.1022, 't effector memory cd4': 0.0141}",F,46.782,13.0,C50,5.999,False,5.999,breast,5-8
GSM1236118,0.9783508595189678,0.6846093516935595,1.0225168629098464,3400,"{'basophils': 0.0118, 'cd8 t cells': 0.0121, 'colon macrophages': 0.0139, 'effector memory cd8 t cells': 0.0202, 'embryonic stem cells': 0.0119, 'memory cd4 t cells': 0.0319, 'monocytes': 0.0649, 'naive b cells': 0.0344, 'naive cd4 t cells': 0.0212, 'neutrophils': 0.6846, 't effector cell cd8': 0.0793}",M,60.159,,,,False,,control,
GSM1236119,0.9694789405933821,0.5137275901928016,1.0061748980806697,3392,"{'basophils': 0.0245, 'embryonic stem cells': 0.0149, 'memory cd4 t cells': 0.0407, 'monocytes': 0.0265, 'naive b cells': 0.1028, 'naive cd4 t cells': 0.1323, 'naive cd8 t cells': 0.0452, 'neutrophils': 0.5137, 'nk cells': 0.0143, 't effector cell cd8': 0.0521}",F,55.211,13.0,,,True,,control,
GSM1236120,0.9762365237002535,0.5139972016900798,0.9761838002257393,3391,"{'colon macrophages': 0.0296, 'embryonic stem cells': 0.0378, 'eosinophils': 0.0318, 'erythrocyte progenitors': 0.0218, 'lung interstitial macrophages': 0.034, 'naive b cells': 0.0598, 'naive cd8 t cells': 0.0979, 'neutrophils': 0.514, 'regulatory t cells': 0.0764, 't effector cell cd8': 0.083}",F,64.931,15.0,C50,10.648,False,10.648,breast,>8
GSM1236121,0.976141171300586,0.602826645665753,0.9994850900762834,3393,"{'basophils': 0.025, 'cd8 t cells': 0.0435, 'embryonic stem cells': 0.0109, 'eosinophils': 0.0188, 'lung interstitial macrophages': 0.0221, 'memory cd4 t cells': 0.0117, 'monocytes': 0.0312, 'naive b cells': 0.0476, 'naive cd4 t cells': 0.0654, 'neutrophils': 0.6028, 'nk cells': 0.0368, 't effector cell cd8': 0.0645}",M,55.581,,,,False,,control,
GSM1236122,0.9734277736665693,0.6179409544267245,0.9567383566430496,3392,"{'colon macrophages': 0.027, 'embryonic stem cells': 0.0319, 'eosinophils': 0.0132, 'erythrocyte progenitors': 0.0226, 'lung interstitial macrophages': 0.0498, 'naive b cells': 0.0614, 'naive cd4 t cells': 0.0131, 'naive cd8 t cells': 0.0667, 'neutrophils': 0.6179, 'regulatory t cells': 0.0176, 't central memory cd4': 0.0134, 't effector cell cd8': 0.0441, 't effector memory cd4': 0.0119}",F,44.016,13.0,,,False,,control,
GSM1236123,0.9686477164136719,0.3845569857074112,1.0091363491269474,3250,"{'basophils': 0.0296, 'cd8 t cells': 0.0497, 'effector memory cd8 t cells': 0.0382, 'embryonic stem cells': 0.0168, 'eosinophils': 0.0173, 'memory cd4 t cells': 0.0816, 'monocytes': 0.0933, 'naive b cells': 0.0952, 'naive cd4 t cells': 0.0336, 'neutrophils': 0.3846, 'nk cells': 0.0768, 'regulatory t cells': 0.019, 't effector cell cd8': 0.0372}",M,57.391,,,,False,,control,
GSM1236124,0.9721944111056525,0.418691061714942,0.8613906100480644,3381,"{'basophils': 0.0284, 'effector memory cd8 t cells': 0.0484, 'embryonic stem cells': 0.0241, 'lung interstitial macrophages': 0.0163, 'memory cd4 t cells': 0.0227, 'monocytes': 0.0414, 'naive b cells': 0.1064, 'naive cd4 t cells': 0.0748, 'naive cd8 t cells': 0.038, 'neutrophils': 0.4187, 'regulatory t cells': 0.0392, 't central memory cd4': 0.0106, 't effector cell cd8': 0.0855, 't effector memory cd4': 0.0115}",F,54.845,14.0,,,False,,control,
GSM1236125,0.969132769925024,0.4889344983254072,0.9409987876051988,3384,"{'basophils': 0.0142, 'colon macrophages': 0.0191, 'embryonic stem cells': 0.0226, 'erythrocyte progenitors': 0.0167, 'lung interstitial macrophages': 0.0412, 'monocytes': 0.0442, 'naive b cells': 0.0885, 'naive cd4 t cells': 0.069, 'naive cd8 t cells': 0.0532, 'neutrophils': 0.4889, 'nk cells': 0.0594, 't central memory cd4': 0.0132, 't effector cell cd8': 0.0563}",F,63.899,,C50,4.627,False,4.627,breast,2-5
GSM1236126,0.9705112339636957,0.6272943929878809,0.9805659162226008,3394,"{'basophils': 0.0315, 'lung interstitial macrophages': 0.0152, 'monocytes': 0.0288, 'naive b cells': 0.0643, 'naive cd4 t cells': 0.1002, 'naive cd8 t cells': 0.0199, 'neutrophils': 0.6273, 'nk cells': 0.0271, 't central memory cd4': 0.0214, 't effector cell cd8': 0.0311}",M,62.103,,,,False,,control,
GSM1236127,0.978893953621422,0.5693969619918453,0.9924566259632389,3395,"{'basophils': 0.0273, 'effector memory cd8 t cells': 0.0367, 'embryonic stem cells': 0.0184, 'memory cd4 t cells': 0.0324, 'monocytes': 0.056, 'naive b cells': 0.0559, 'naive cd4 t cells': 0.0374, 'naive cd8 t cells': 0.044, 'neutrophils': 0.5694, 'nk cells': 0.0183, 'regulatory t cells': 0.0298, 't effector cell cd8': 0.0457}",M,61.205,,C18,10.88,False,10.88,colorectal,>8
GSM1236128,0.9714108631257761,0.42622587294671993,0.9688669808362689,3392,"{'basophils': 0.0396, 'cd8 t cells': 0.0366, 'effector memory cd8 t cells': 0.0367, 'embryonic stem cells': 0.011, 'memory cd4 t cells': 0.0899, 'monocytes': 0.0728, 'naive b cells': 0.0945, 'naive cd4 t cells': 0.0154, 'naive cd8 t cells': 0.0427, 'neutrophils': 0.4262, 'nk cells': 0.0451, 'regulatory t cells': 0.0233, 't effector cell cd8': 0.0424}",M,59.86,,C18,12.277,False,12.277,colorectal,>8
GSM1236129,0.9739397745952187,0.46527787326726844,0.9175702926729647,3390,"{'basophils': 0.021, 'colon macrophages': 0.0187, 'effector memory cd8 t cells': 0.0306, 'embryonic stem cells': 0.025, 'monocytes': 0.032, 'naive b cells': 0.1194, 'naive cd4 t cells': 0.0642, 'naive cd8 t cells': 0.0521, 'neutrophils': 0.4653, 'nk cells': 0.0245, 'regulatory t cells': 0.0573, 't effector cell cd8': 0.0648}",F,58.99,10.0,C50,10.379,False,10.379,breast,>8
GSM1236130,0.9741408437858219,0.6502612645488564,1.0138338845006079,3390,"{'basophils': 0.0172, 'effector memory cd8 t cells': 0.0693, 'embryonic stem cells': 0.0146, 'memory cd4 t cells': 0.0242, 'monocytes': 0.0624, 'naive b cells': 0.0505, 'neutrophils': 0.6503, 'regulatory t cells': 0.0204, 't effector cell cd8': 0.0641}",M,51.828,,C18,11.551,False,11.551,colorectal,>8
GSM1236131,0.9792256141420046,0.49884716128111467,0.9982983049769668,3399,"{'basophils': 0.0211, 'cd8 t cells': 0.0883, 'effector memory cd8 t cells': 0.0101, 'memory cd4 t cells': 0.058, 'monocytes': 0.0582, 'naive b cells': 0.091, 'naive cd4 t cells': 0.048, 'neutrophils': 0.4988, 'nk cells': 0.0266, 't effector cell cd8': 0.064}",F,61.068,13.0,,,True,,control,
GSM1236132,0.9670744018191579,0.5643599008370541,0.9226252899240927,3384,"{'colon macrophages': 0.0386, 'embryonic stem cells': 0.0416, 'erythrocyte progenitors': 0.0253, 'lung interstitial macrophages': 0.0275, 'naive b cells': 0.0622, 'naive cd4 t cells': 0.0208, 'naive cd8 t cells': 0.1112, 'neutrophils': 0.5644, 'regulatory t cells': 0.0142, 't effector cell cd8': 0.0709}",F,43.699,11.0,C44,1.927,False,1.927,other,<2
GSM1236133,0.9696198963146297,0.6021214072165388,0.9645172038274926,3385,"{'basophils': 0.0206, 'colon macrophages': 0.0153, 'embryonic stem cells': 0.0182, 'eosinophils': 0.0102, 'erythrocyte progenitors': 0.0106, 'lung interstitial macrophages': 0.0299, 'monocytes': 0.0173, 'naive b cells': 0.0723, 'naive cd4 t cells': 0.0477, 'naive cd8 t cells': 0.0662, 'neutrophils': 0.6021, 'regulatory t cells': 0.0151, 't central memory cd4': 0.012, 't effector cell cd8': 0.0398, 't effector memory cd4': 0.0118}",F,44.271,11.0,C50,1.829,False,1.829,breast,<2
GSM1236134,0.9771112783232903,0.6471397963127951,1.02125103612153,3401,"{'basophils': 0.0214, 'effector memory cd8 t cells': 0.0632, 'embryonic stem cells': 0.0156, 'eosinophils': 0.0152, 'monocytes': 0.0497, 'naive b cells': 0.0527, 'naive cd4 t cells': 0.0141, 'naive cd8 t cells': 0.0209, 'neutrophils': 0.6471, 'nk cells': 0.0144, 'regulatory t cells': 0.0156, 't effector cell cd8': 0.0564}",M,55.748,,C18,7.984,False,7.984,colorectal,5-8
GSM1236135,0.9700013059132998,0.44440714055698505,0.9232463841174897,3391,"{'basophils': 0.0267, 'cd8 t cells': 0.0393, 'effector memory cd8 t cells': 0.0659, 'embryonic stem cells': 0.0263, 'memory cd4 t cells': 0.045, 'monocytes': 0.0411, 'naive b cells': 0.1336, 'naive cd4 t cells': 0.0345, 'naive cd8 t cells': 0.0163, 'neutrophils': 0.4444, 'nk cells': 0.0142, 'regulatory t cells': 0.0167, 't effector cell cd8': 0.0785}",F,59.606,12.0,,,True,,control,
GSM1236136,0.9123939463663481,0.5885582979103869,0.972879750306336,3315,"{'basophils': 0.0318, 'effector memory cd8 t cells': 0.0158, 'embryonic stem cells': 0.0295, 'lung interstitial macrophages': 0.0104, 'monocytes': 0.0364, 'naive b cells': 0.0849, 'naive cd4 t cells': 0.0735, 'naive cd8 t cells': 0.0195, 'neutrophils': 0.5886, 't effector cell cd8': 0.0828}",F,59.102,12.0,,,True,,control,
GSM1236137,0.9638863150650573,0.5120419559001481,1.0387216634347451,3385,"{'basophils': 0.0233, 'cd8 t cells': 0.0381, 'effector memory cd8 t cells': 0.0672, 'embryonic stem cells': 0.017, 'memory cd4 t cells': 0.0748, 'monocytes': 0.0708, 'naive b cells': 0.0962, 'neutrophils': 0.512, 't effector cell cd8': 0.0791}",F,55.877,12.0,C50,7.828,True,7.828,breast,5-8
GSM1236138,0.9695411269409914,0.6088465687596962,0.9937633889321859,3389,"{'basophils': 0.0247, 'embryonic stem cells': 0.0172, 'monocytes': 0.0599, 'naive b cells': 0.072, 'naive cd4 t cells': 0.08, 'naive cd8 t cells': 0.0191, 'neutrophils': 0.6088, 'nk cells': 0.0287, 'regulatory t cells': 0.0102, 't central memory cd4': 0.0153, 't effector cell cd8': 0.0406}",M,60.323,,,,False,,control,
GSM1236139,0.9538991876390124,0.35194306489998667,1.023653443448972,3365,"{'colon macrophages': 0.0261, 'embryonic stem cells': 0.073, 'erythrocyte progenitors': 0.0524, 'lung interstitial macrophages': 0.0129, 'naive b cells': 0.0659, 'naive cd8 t cells': 0.109, 'neutrophils': 0.3519, 'regulatory t cells': 0.1104, 't effector cell cd8': 0.1591}",M,60.81,,C50,10.861,False,10.861,breast,>8
GSM1236140,0.9543655852460817,0.3370878367165776,0.96794594195439,3377,"{'colon macrophages': 0.0451, 'embryonic stem cells': 0.0688, 'endometrium epithelium': 0.01, 'erythrocyte progenitors': 0.0508, 'lung interstitial macrophages': 0.0232, 'naive b cells': 0.0885, 'naive cd4 t cells': 0.014, 'naive cd8 t cells': 0.1343, 'neutrophils': 0.3371, 'regulatory t cells': 0.0852, 't effector cell cd8': 0.1132}",F,47.086,13.0,C50,0.865,False,0.865,breast,<2
GSM1236141,0.9695991675320933,0.4526741554506679,0.981389581110226,3255,"{'basophils': 0.0323, 'effector memory cd8 t cells': 0.0223, 'embryonic stem cells': 0.0183, 'eosinophils': 0.0167, 'monocytes': 0.0658, 'naive b cells': 0.0867, 'naive cd4 t cells': 0.0937, 'naive cd8 t cells': 0.0766, 'neutrophils': 0.4527, 'nk cells': 0.0424, 'regulatory t cells': 0.0424, 't effector cell cd8': 0.0282}",F,56.252,12.0,C18,4.392,False,4.392,colorectal,2-5
GSM1236142,0.9705962219720949,0.64854577121943,1.0181246027518216,3254,"{'basophils': 0.0161, 'effector memory cd8 t cells': 0.0123, 'embryonic stem cells': 0.0106, 'memory cd4 t cells': 0.0136, 'monocytes': 0.047, 'naive b cells': 0.0705, 'naive cd4 t cells': 0.0682, 'naive cd8 t cells': 0.0202, 'neutrophils': 0.6485, 't central memory cd4': 0.0129, 't effector cell cd8': 0.0513}",F,46.281,12.0,,,True,,control,
GSM1236143,0.9697380503750873,0.517615482380728,0.9210497015666581,3385,"{'colon macrophages': 0.0194, 'embryonic stem cells': 0.0308, 'erythrocyte progenitors': 0.0259, 'lung interstitial macrophages': 0.0431, 'naive b cells': 0.0833, 'naive cd4 t cells': 0.0957, 'naive cd8 t cells': 0.0784, 'neutrophils': 0.5176, 't effector cell cd8': 0.0639}",F,45.834,14.0,,,False,,control,
GSM1236144,0.9681896103196171,0.5568301832619661,0.9400498629392104,3387,"{'colon macrophages': 0.0202, 'embryonic stem cells': 0.0213, 'erythrocyte progenitors': 0.014, 'lung interstitial macrophages': 0.0301, 'monocytes': 0.0177, 'naive b cells': 0.0863, 'naive cd4 t cells': 0.0569, 'naive cd8 t cells': 0.0801, 'neutrophils': 0.5568, 'regulatory t cells': 0.025, 't effector cell cd8': 0.0533, 't effector memory cd4': 0.0108}",F,64.37,11.0,C50,4.214,False,4.214,breast,2-5
GSM1236145,0.9698914433658568,0.4101186998245528,1.007799310377462,3384,"{'basophils': 0.0178, 'effector memory cd8 t cells': 0.1016, 'embryonic stem cells': 0.0221, 'memory cd4 t cells': 0.0777, 'monocytes': 0.0695, 'naive b cells': 0.1029, 'naive cd8 t cells': 0.0517, 'neutrophils': 0.4101, 'nk cells': 0.0592, 'pancreatic beta': 0.0104, 'regulatory t cells': 0.0241, 't effector cell cd8': 0.037}",M,59.904,,C18,2.815,False,2.815,colorectal,2-5
GSM1236146,0.9634344276057635,0.6234638198962366,0.9484204515039163,3384,"{'colon macrophages': 0.0185, 'embryonic stem cells': 0.0337, 'erythrocyte progenitors': 0.0199, 'lung interstitial macrophages': 0.0375, 'naive b cells': 0.0506, 'naive cd4 t cells': 0.0295, 'naive cd8 t cells': 0.0636, 'neutrophils': 0.6235, 'regulatory t cells': 0.0233, 't effector cell cd8': 0.076}",F,39.203,11.0,,,False,,control,
GSM1236147,0.9755068705549717,0.6728218379231005,1.0323560107544205,3399,"{'basophils': 0.0155, 'cd8 t cells': 0.0138, 'colon macrophages': 0.0154, 'embryonic stem cells': 0.0149, 'eosinophils': 0.0111, 'memory cd4 t cells': 0.0455, 'monocytes': 0.0308, 'naive b cells': 0.0482, 'naive cd4 t cells': 0.021, 'neutrophils': 0.6728, 'nk cells': 0.0158, 't effector cell cd8': 0.0685}",F,63.348,13.0,,,True,,control,
GSM1236148,0.9673314387226095,0.503775176071622,0.9638250616496955,3383,"{'basophils': 0.023, 'effector memory cd8 t cells': 0.0468, 'embryonic stem cells': 0.0164, 'memory cd4 t cells': 0.0442, 'monocytes': 0.0224, 'naive b cells': 0.0709, 'naive cd4 t cells': 0.113, 'naive cd8 t cells': 0.0595, 'neutrophils': 0.5038, 'nk cells': 0.0114, 'regulatory t cells': 0.0151, 't effector cell cd8': 0.0549}",F,48.923,9.0,C18,4.498,False,4.498,colorectal,2-5
GSM1236149,0.9748870799571329,0.5256667691664318,0.9764444542775483,3396,"{'colon macrophages': 0.0225, 'embryonic stem cells': 0.0342, 'erythrocyte progenitors': 0.032, 'lung interstitial macrophages': 0.0386, 'monocytes': 0.0213, 'naive b cells': 0.081, 'naive cd8 t cells': 0.1011, 'neutrophils': 0.5257, 'regulatory t cells': 0.0681, 't effector cell cd8': 0.046}",F,54.902,13.0,C50,10.617,False,10.617,breast,>8
GSM1236150,0.9582978352932398,0.548362487790965,0.9860136072180672,3377,"{'basophils': 0.0251, 'effector memory cd8 t cells': 0.0164, 'embryonic stem cells': 0.0267, 'memory cd4 t cells': 0.0107, 'monocytes': 0.0655, 'naive b cells': 0.092, 'naive cd4 t cells': 0.0624, 'naive cd8 t cells': 0.0269, 'neutrophils': 0.5484, 'nk cells': 0.0318, 't effector cell cd8': 0.064}",F,54.888,12.0,C18,3.499,True,3.499,colorectal,2-5
GSM1236151,0.9728535863903105,0.5975662245678949,1.0288026735265443,3397,"{'basophils': 0.0183, 'effector memory cd8 t cells': 0.0481, 'embryonic stem cells': 0.0217, 'memory cd4 t cells': 0.0271, 'monocytes': 0.0347, 'naive b cells': 0.0881, 'naive cd4 t cells': 0.0496, 'naive cd8 t cells': 0.0308, 'neutrophils': 0.5976, 'nk cells': 0.0145, 't effector cell cd8': 0.0405}",F,35.157,14.0,C50,9.114,True,9.114,breast,>8
GSM1236152,0.8774991138445466,0.5195220104647404,1.0044966063930358,3261,"{'basophils': 0.0294, 'embryonic stem cells': 0.0286, 'lung interstitial macrophages': 0.0278, 'monocytes': 0.0276, 'naive b cells': 0.0894, 'naive cd4 t cells': 0.0981, 'naive cd8 t cells': 0.0655, 'neutrophils': 0.5195, 'regulatory t cells': 0.0216, 't effector cell cd8': 0.0648}",F,63.765,13.0,C50,7.11,True,7.11,breast,5-8
GSM1236153,0.9763878438127693,0.5981550727577628,1.0071892816415366,3398,"{'basophils': 0.0239, 'cd8 t cells': 0.0154, 'embryonic stem cells': 0.0137, 'memory cd4 t cells': 0.0349, 'monocytes': 0.0387, 'naive b cells': 0.0621, 'naive cd4 t cells': 0.0776, 'neutrophils': 0.5982, 'nk cells': 0.0254, 't effector cell cd8': 0.0531}",M,56.797,,C67,9.582,False,9.582,other,>8
GSM1236154,0.9766967026725619,0.7393375275170705,0.9966444910853813,3400,"{'embryonic stem cells': 0.0168, 'eosinophils': 0.0123, 'lung interstitial macrophages': 0.0217, 'naive b cells': 0.0444, 'naive cd4 t cells': 0.0442, 'naive cd8 t cells': 0.0368, 'neutrophils': 0.7393, 'nk cells': 0.0271, 't effector cell cd8': 0.0316}",M,51.537,,,,False,,control,
GSM1236155,0.9746590633492324,0.6392738434496734,1.0120942648259856,3395,"{'basophils': 0.0167, 'cd8 t cells': 0.0534, 'effector memory cd8 t cells': 0.0103, 'memory cd4 t cells': 0.0157, 'monocytes': 0.0225, 'naive b cells': 0.0787, 'naive cd4 t cells': 0.0531, 'neutrophils': 0.6393, 'nk cells': 0.0225, 't central memory cd4': 0.0159, 't effector cell cd8': 0.036}",F,52.298,15.0,,,False,,control,
GSM1236156,0.9747834360444508,0.6438090578808187,0.9763421221233143,3396,"{'basophils': 0.0196, 'effector memory cd8 t cells': 0.0212, 'embryonic stem cells': 0.0131, 'lung interstitial macrophages': 0.0189, 'monocytes': 0.0395, 'naive b cells': 0.0597, 'naive cd4 t cells': 0.0399, 'naive cd8 t cells': 0.0336, 'neutrophils': 0.6438, 'nk cells': 0.0252, 'regulatory t cells': 0.0133, 't effector cell cd8': 0.058}",M,47.337,,C18,3.91,False,3.91,colorectal,2-5
GSM1236157,0.9752270319907301,0.640423840765178,0.9882183068404273,3392,"{'colon macrophages': 0.0236, 'embryonic stem cells': 0.0206, 'erythrocyte progenitors': 0.0107, 'lung interstitial macrophages': 0.0164, 'monocytes': 0.0195, 'naive b cells': 0.0864, 'naive cd4 t cells': 0.0394, 'naive cd8 t cells': 0.0459, 'neutrophils': 0.6404, 'regulatory t cells': 0.015, 't effector cell cd8': 0.0478, 't effector memory cd4': 0.0191}",F,45.106,12.0,C50,8.594,False,8.594,breast,>8
GSM1236158,0.971133097439788,0.5708239053395319,0.9599782938463316,3390,"{'colon macrophages': 0.0412, 'embryonic stem cells': 0.0434, 'erythrocyte progenitors': 0.0356, 'lung interstitial macrophages': 0.022, 'naive b cells': 0.0535, 'naive cd8 t cells': 0.0543, 'neutrophils': 0.5708, 'regulatory t cells': 0.0326, 't effector cell cd8': 0.1175}",F,58.141,12.0,C50,6.571,False,6.571,breast,5-8
GSM1236159,0.9749430476699812,0.5014306830358132,0.9372668992800646,3393,"{'basophils': 0.0193, 'effector memory cd8 t cells': 0.0175, 'embryonic stem cells': 0.0258, 'eosinophils': 0.0251, 'monocytes': 0.0636, 'naive b cells': 0.0712, 'naive cd4 t cells': 0.0705, 'naive cd8 t cells': 0.0534, 'neutrophils': 0.5014, 'nk cells': 0.018, 'regulatory t cells': 0.0374, 't effector cell cd8': 0.071}",F,42.185,11.0,,,False,,control,
GSM1236160,0.9709589756664821,0.5920274201050504,0.9488432261401921,3393,"{'basophils': 0.0131, 'effector memory cd8 t cells': 0.0188, 'embryonic stem cells': 0.0234, 'lung interstitial macrophages': 0.0101, 'monocytes': 0.0568, 'naive b cells': 0.0785, 'naive cd4 t cells': 0.0551, 'naive cd8 t cells': 0.0404, 'neutrophils': 0.592, 'regulatory t cells': 0.0261, 't effector cell cd8': 0.0578}",F,49.276,12.0,,,True,,control,
GSM1236161,0.9825505108608457,0.700659319652982,1.0187408028992673,3401,"{'basophils': 0.0285, 'embryonic stem cells': 0.0148, 'lung interstitial macrophages': 0.0123, 'monocytes': 0.031, 'naive b cells': 0.0494, 'naive cd4 t cells': 0.0548, 'naive cd8 t cells': 0.0198, 'neutrophils': 0.7007, 't central memory cd4': 0.0265, 't effector cell cd8': 0.027}",M,47.086,,C18,9.125,False,9.125,colorectal,>8
GSM1236162,0.9814125006995964,0.5706113582565414,0.9745885397986742,3395,"{'basophils': 0.0158, 'cd8 t cells': 0.0269, 'effector memory cd8 t cells': 0.0463, 'embryonic stem cells': 0.0124, 'memory cd4 t cells': 0.0539, 'monocytes': 0.0265, 'naive b cells': 0.0857, 'naive cd4 t cells': 0.0173, 'naive cd8 t cells': 0.0127, 'neutrophils': 0.5706, 'regulatory t cells': 0.0164, 't effector cell cd8': 0.0712}",F,59.625,12.0,,,True,,control,
GSM1236163,0.9717508151593732,0.7105781626397808,0.9531819852438176,3388,"{'colon macrophages': 0.0266, 'embryonic stem cells': 0.0298, 'erythrocyte progenitors': 0.0129, 'lung interstitial macrophages': 0.0396, 'naive b cells': 0.0427, 'naive cd8 t cells': 0.0635, 'neutrophils': 0.7106, 't effector cell cd8': 0.0562}",F,55.118,14.0,,,False,,control,
GSM1236164,0.9789872331428359,0.48240017746761843,0.8878482364848387,3397,"{'basophils': 0.0304, 'colon macrophages': 0.0138, 'embryonic stem cells': 0.0282, 'monocytes': 0.0559, 'naive b cells': 0.0926, 'naive cd4 t cells': 0.0946, 'naive cd8 t cells': 0.0569, 'neutrophils': 0.4824, 'regulatory t cells': 0.0319, 't central memory cd4': 0.0103, 't effector cell cd8': 0.0673}",F,52.83,14.0,,,False,,control,
GSM1236165,0.975620878858922,0.6297700889799823,0.9466799863398844,3384,"{'basophils': 0.0134, 'colon macrophages': 0.026, 'embryonic stem cells': 0.0246, 'erythrocyte progenitors': 0.0141, 'lung interstitial macrophages': 0.0406, 'naive b cells': 0.0692, 'naive cd4 t cells': 0.0524, 'naive cd8 t cells': 0.0321, 'neutrophils': 0.6298, 'nk cells': 0.0339, 't central memory cd4': 0.0182, 't effector cell cd8': 0.0435}",F,55.628,14.0,C50,10.719,False,10.719,breast,>8
GSM1236166,0.9743875162980052,0.3984554272631255,0.908071857685894,3392,"{'basophils': 0.0211, 'colon macrophages': 0.01, 'embryonic stem cells': 0.023, 'erythrocyte progenitors': 0.0129, 'lung interstitial macrophages': 0.011, 'monocytes': 0.0523, 'naive b cells': 0.0944, 'naive cd4 t cells': 0.0869, 'naive cd8 t cells': 0.0798, 'neutrophils': 0.3985, 'nk cells': 0.0163, 'regulatory t cells': 0.0538, 't effector cell cd8': 0.0944}",F,51.795,11.0,,,False,,control,
GSM1236167,0.9778595873728548,0.5448435870158195,0.9588628688462654,3397,"{'basophils': 0.0175, 'effector memory cd8 t cells': 0.0274, 'embryonic stem cells': 0.0214, 'monocytes': 0.0337, 'naive b cells': 0.0839, 'naive cd4 t cells': 0.126, 'naive cd8 t cells': 0.028, 'neutrophils': 0.5448, 'nk cells': 0.0154, 'regulatory t cells': 0.0146, 't central memory cd4': 0.0106, 't effector cell cd8': 0.0502}",F,52.175,14.0,,,True,,control,
GSM1236168,0.981692339263838,0.6008516939424444,0.9780956607636816,3399,"{'basophils': 0.0264, 'cd8 t cells': 0.0396, 'effector memory cd8 t cells': 0.0288, 'embryonic stem cells': 0.0185, 'memory cd4 t cells': 0.0474, 'monocytes': 0.0205, 'naive b cells': 0.0626, 'naive cd4 t cells': 0.0366, 'naive cd8 t cells': 0.019, 'neutrophils': 0.6009, 'nk cells': 0.0162, 't effector cell cd8': 0.0524}",M,43.803,,C34,4.077,False,4.077,other,2-5
GSM1236169,0.9808466049363522,0.4862362402768581,1.005335042933377,3400,"{'basophils': 0.0351, 'cd8 t cells': 0.0418, 'effector memory cd8 t cells': 0.0147, 'embryonic stem cells': 0.0163, 'eosinophils': 0.0525, 'memory cd4 t cells': 0.0852, 'monocytes': 0.0546, 'naive b cells': 0.0851, 'naive cd4 t cells': 0.0271, 'neutrophils': 0.4862, 'nk cells': 0.0247, 't effector cell cd8': 0.057}",F,50.171,10.0,C18,9.93,False,9.93,colorectal,>8
GSM1236170,0.9654098805814838,0.405121194526043,0.916908107107791,3384,"{'colon macrophages': 0.0259, 'embryonic stem cells': 0.05, 'eosinophils': 0.015, 'erythrocyte progenitors': 0.032, 'lung interstitial macrophages': 0.0312, 'naive b cells': 0.0982, 'naive cd4 t cells': 0.0638, 'naive cd8 t cells': 0.1256, 'neutrophils': 0.4051, 'regulatory t cells': 0.0599, 't effector cell cd8': 0.0682}",F,44.238,11.0,C50,1.068,False,1.068,breast,<2
GSM1236171,0.9570250880455038,0.37914939002211234,0.9388305965737698,3386,"{'basophils': 0.0277, 'cd8 t cells': 0.0265, 'effector memory cd8 t cells': 0.0245, 'embryonic stem cells': 0.0205, 'memory cd4 t cells': 0.068, 'monocytes': 0.0557, 'naive b cells': 0.1705, 'naive cd4 t cells': 0.0829, 'naive cd8 t cells': 0.0409, 'neutrophils': 0.3791, 'nk cells': 0.0221, 't effector cell cd8': 0.0621}",F,60.186,16.0,,,True,,control,
GSM1236172,0.9682808169627773,0.458740896380293,0.8843922299587854,3382,"{'colon macrophages': 0.036, 'embryonic stem cells': 0.0432, 'erythrocyte progenitors': 0.025, 'lung interstitial macrophages': 0.0253, 'naive b cells': 0.0718, 'naive cd4 t cells': 0.0989, 'naive cd8 t cells': 0.1091, 'neutrophils': 0.4587, 'regulatory t cells': 0.065, 't effector cell cd8': 0.0469}",F,58.242,11.0,C50,4.89,False,4.89,breast,2-5
GSM1236173,0.9736993207177963,0.526830646080169,1.018371722639481,3397,"{'basophils': 0.0238, 'cd8 t cells': 0.0223, 'embryonic stem cells': 0.0231, 'memory cd4 t cells': 0.0717, 'monocytes': 0.0607, 'naive b cells': 0.0926, 'naive cd4 t cells': 0.0668, 'naive cd8 t cells': 0.019, 'neutrophils': 0.5268, 'nk cells': 0.024, 't effector cell cd8': 0.0413}",F,50.125,14.0,,,True,,control,
GSM1236174,0.9549169708615504,0.533797099849285,0.9207412176455356,3367,"{'basophils': 0.0162, 'colon macrophages': 0.0183, 'embryonic stem cells': 0.021, 'lung interstitial macrophages': 0.0158, 'monocytes': 0.0233, 'naive b cells': 0.0886, 'naive cd4 t cells': 0.0421, 'naive cd8 t cells': 0.0709, 'neutrophils': 0.5338, 'regulatory t cells': 0.0306, 't effector cell cd8': 0.1094}",F,43.921,13.0,,,False,,control,
GSM1236175,0.9725281445044888,0.5744011643147383,0.9985448399241309,3393,"{'basophils': 0.0167, 'effector memory cd8 t cells': 0.0512, 'embryonic stem cells': 0.0129, 'memory cd4 t cells': 0.0362, 'monocytes': 0.0521, 'naive b cells': 0.0645, 'naive cd4 t cells': 0.0475, 'naive cd8 t cells': 0.0281, 'neutrophils': 0.5744, 'nk cells': 0.031, 'regulatory t cells': 0.0187, 't effector cell cd8': 0.0483}",M,54.36,,,,False,,control,
GSM1236176,0.9855603300851331,0.6198981224018568,1.048013379484611,3401,"{'basophils': 0.0127, 'cd8 t cells': 0.0802, 'embryonic stem cells': 0.0102, 'eosinophils': 0.0152, 'memory cd4 t cells': 0.0441, 'monocytes': 0.0232, 'naive b cells': 0.0396, 'naive cd4 t cells': 0.0743, 'neutrophils': 0.6199, 'nk cells': 0.0159, 't central memory cd4': 0.0225, 't effector cell cd8': 0.0191, 't effector memory cd4': 0.0114}",F,42.461,13.0,C50,7.792,False,7.792,breast,5-8
GSM1236177,0.9384085684495492,0.5515243709447847,1.1206404338837135,3358,"{'cd8 t cells': 0.0558, 'eosinophils': 0.0123, 'erythrocyte progenitors': 0.0245, 'memory b cells': 0.0108, 'memory cd4 t cells': 0.0311, 'monocytes': 0.0764, 'naive b cells': 0.0835, 'naive cd4 t cells': 0.0287, 'neutrophils': 0.5515, 'nk cells': 0.0222, 't effector cell cd8': 0.0401, 't effector memory cd4': 0.0492}",F,59.099,,C50,7.001,False,7.001,breast,5-8
GSM1236178,0.96715524407105,0.4960846682952859,0.956919258861876,3379,"{'basophils': 0.0241, 'embryonic stem cells': 0.021, 'lung interstitial macrophages': 0.0221, 'monocytes': 0.011, 'naive b cells': 0.0809, 'naive cd4 t cells': 0.122, 'naive cd8 t cells': 0.0612, 'neutrophils': 0.4961, 'regulatory t cells': 0.0291, 't central memory cd4': 0.0246, 't effector cell cd8': 0.0448, 't effector memory cd4': 0.0221}",F,50.059,14.0,C50,1.202,False,1.202,breast,<2
GSM1236179,0.9569732660891628,0.5733255860193703,1.0175856110570096,3377,"{'basophils': 0.0231, 'embryonic stem cells': 0.0219, 'lung interstitial macrophages': 0.0115, 'memory cd4 t cells': 0.0168, 'monocytes': 0.0204, 'naive b cells': 0.084, 'naive cd4 t cells': 0.0751, 'naive cd8 t cells': 0.0394, 'neutrophils': 0.5733, 'nk cells': 0.0257, 'regulatory t cells': 0.0168, 't central memory cd4': 0.0199, 't effector cell cd8': 0.0454}",F,54.612,12.0,C50,6.53,True,6.53,breast,5-8
GSM1236180,0.9743709332719761,0.6468792586232505,1.0236974838667867,3390,"{'basophils': 0.0191, 'cd8 t cells': 0.0226, 'effector memory cd8 t cells': 0.0175, 'embryonic stem cells': 0.0186, 'memory cd4 t cells': 0.0455, 'monocytes': 0.0409, 'naive b cells': 0.0773, 'naive cd4 t cells': 0.0263, 'neutrophils': 0.6469, 't effector cell cd8': 0.0671}",F,47.962,9.0,,,True,,control,
GSM1236181,0.9876788116603548,0.3769877736317403,0.9948226254144361,3402,"{'adipocytes': 0.01, 'basophils': 0.022, 'cd8 t cells': 0.1087, 'effector memory cd8 t cells': 0.0447, 'embryonic stem cells': 0.013, 'memory cd4 t cells': 0.1517, 'monocytes': 0.0585, 'naive b cells': 0.0715, 'naive cd4 t cells': 0.0472, 'neutrophils': 0.377, 'nk cells': 0.0368, 't effector cell cd8': 0.0408}",F,45.708,12.0,,,False,,control,
GSM1236182,0.9794266833326079,0.6409190836628537,1.0201565550973803,3400,"{'basophils': 0.0188, 'effector memory cd8 t cells': 0.0236, 'embryonic stem cells': 0.0149, 'monocytes': 0.0291, 'naive b cells': 0.0704, 'naive cd4 t cells': 0.0537, 'naive cd8 t cells': 0.0442, 'neutrophils': 0.6409, 'nk cells': 0.0198, 'regulatory t cells': 0.0134, 't central memory cd4': 0.0113, 't effector cell cd8': 0.0354}",F,39.71,12.0,C18,9.238,False,9.238,colorectal,>8
GSM1236183,0.9637101204134978,0.5381233575666768,0.9506560343180686,3381,"{'colon macrophages': 0.0276, 'embryonic stem cells': 0.0343, 'erythrocyte progenitors': 0.0217, 'lung interstitial macrophages': 0.0215, 'naive b cells': 0.0844, 'naive cd4 t cells': 0.0431, 'naive cd8 t cells': 0.1007, 'neutrophils': 0.5381, 'regulatory t cells': 0.0319, 't effector cell cd8': 0.0747}",F,51.789,12.0,C50,3.948,False,3.948,breast,2-5
GSM1236184,0.9762199406742244,0.5506798048421404,0.9589955140286167,3393,"{'basophils': 0.016, 'embryonic stem cells': 0.0294, 'lung interstitial macrophages': 0.0207, 'monocytes': 0.0358, 'naive b cells': 0.0785, 'naive cd4 t cells': 0.0658, 'naive cd8 t cells': 0.0493, 'neutrophils': 0.5507, 'nk cells': 0.0173, 'regulatory t cells': 0.0253, 't central memory cd4': 0.0412, 't effector cell cd8': 0.0376, 't effector memory cd4': 0.0105}",F,48.282,15.0,,,False,,control,
GSM1236185,0.9751109508085262,0.4569914881813301,0.9908025310556751,3396,"{'basophils': 0.0284, 'cd8 t cells': 0.0355, 'effector memory cd8 t cells': 0.0287, 'embryonic stem cells': 0.0223, 'memory cd4 t cells': 0.1072, 'monocytes': 0.0372, 'naive b cells': 0.0854, 'naive cd4 t cells': 0.072, 'naive cd8 t cells': 0.0308, 'neutrophils': 0.457, 'nk cells': 0.0188, 'regulatory t cells': 0.0131, 't effector cell cd8': 0.046}",F,61.522,13.0,C18,1.771,False,1.771,colorectal,<2
GSM1236186,0.9723996260527631,0.48311652881481004,1.0296777278868339,3400,"{'basophils': 0.0299, 'cd8 t cells': 0.0302, 'effector memory cd8 t cells': 0.041, 'embryonic stem cells': 0.0141, 'memory cd4 t cells': 0.039, 'monocytes': 0.0425, 'naive b cells': 0.1077, 'naive cd4 t cells': 0.1059, 'naive cd8 t cells': 0.0281, 'neutrophils': 0.4831, 'nk cells': 0.0291, 't effector cell cd8': 0.0301}",F,57.481,14.0,,,True,,control,
GSM1236187,0.9747191768185879,0.5564923993954185,0.9502191338673763,3393,"{'basophils': 0.0114, 'colon macrophages': 0.0216, 'embryonic stem cells': 0.0289, 'erythrocyte progenitors': 0.0163, 'lung interstitial macrophages': 0.0258, 'naive b cells': 0.0801, 'naive cd4 t cells': 0.0346, 'naive cd8 t cells': 0.0831, 'neutrophils': 0.5565, 'nk cells': 0.0247, 'regulatory t cells': 0.0297, 't effector cell cd8': 0.0681}",F,49.944,15.0,,,False,,control,
GSM1236188,0.9714295190300588,0.5236437756601918,1.0152305804959205,3392,"{'basophils': 0.0166, 'cd8 t cells': 0.0431, 'effector memory cd8 t cells': 0.0676, 'embryonic stem cells': 0.0241, 'memory cd4 t cells': 0.0775, 'monocytes': 0.0563, 'naive b cells': 0.0875, 'neutrophils': 0.5236, 'nk cells': 0.0241, 't effector cell cd8': 0.0571}",M,51.91,,C18,7.088,False,7.088,colorectal,5-8
GSM1236189,0.9724825411829087,0.30442112733607624,0.9449344912343861,3396,"{'basophils': 0.0295, 'effector memory cd8 t cells': 0.0391, 'embryonic stem cells': 0.0268, 'monocytes': 0.0608, 'naive b cells': 0.1501, 'naive cd4 t cells': 0.0801, 'naive cd8 t cells': 0.094, 'neutrophils': 0.3044, 'nk cells': 0.0661, 'pancreatic beta': 0.0102, 'regulatory t cells': 0.0771, 't effector cell cd8': 0.0325}",M,53.265,,,,False,,control,
GSM1236190,0.9544692291587639,0.3928180166446832,0.9777469189595549,3373,"{'basophils': 0.0266, 'cd8 t cells': 0.022, 'effector memory cd8 t cells': 0.025, 'embryonic stem cells': 0.0164, 'memory cd4 t cells': 0.074, 'monocytes': 0.0429, 'naive b cells': 0.1076, 'naive cd4 t cells': 0.1287, 'naive cd8 t cells': 0.0331, 'neutrophils': 0.3928, 'nk cells': 0.0354, 't effector cell cd8': 0.0652}",M,49.665,,,,False,,control,
GSM1236191,0.9735542192400414,0.4130749190841861,0.9381627560823401,3387,"{'basophils': 0.0242, 'embryonic stem cells': 0.0278, 'erythrocyte progenitors': 0.0191, 'lung interstitial macrophages': 0.0293, 'monocytes': 0.0331, 'naive b cells': 0.0914, 'naive cd4 t cells': 0.0215, 'naive cd8 t cells': 0.1465, 'neutrophils': 0.4131, 'nk cells': 0.0207, 'regulatory t cells': 0.0652, 't effector cell cd8': 0.0758}",F,42.204,13.0,C50,10.79,False,10.79,breast,>8
GSM1236192,0.9627793980776127,0.4807135271224466,0.9776322957412057,3387,"{'basophils': 0.0289, 'effector memory cd8 t cells': 0.0122, 'embryonic stem cells': 0.0265, 'memory cd4 t cells': 0.0466, 'monocytes': 0.0315, 'naive b cells': 0.1231, 'naive cd4 t cells': 0.1133, 'naive cd8 t cells': 0.039, 'neutrophils': 0.4807, 'nk cells': 0.0148, 't effector cell cd8': 0.062}",F,57.506,14.0,,,True,,control,
GSM1236193,0.973475449866403,0.446905774905904,0.9097638929686618,3398,"{'basophils': 0.0271, 'embryonic stem cells': 0.0197, 'erythrocyte progenitors': 0.012, 'lung interstitial macrophages': 0.0389, 'monocytes': 0.0227, 'naive b cells': 0.0927, 'naive cd4 t cells': 0.1157, 'naive cd8 t cells': 0.0732, 'neutrophils': 0.4469, 'nk cells': 0.0654, 't central memory cd4': 0.0345, 't effector cell cd8': 0.0286}",F,61.938,15.0,,,False,,control,
GSM1236194,0.9662597606654768,0.34690605334669905,1.027297457122342,3386,"{'colon macrophages': 0.0648, 'cortical neurons': 0.0102, 'embryonic stem cells': 0.0826, 'endometrium epithelium': 0.0119, 'erythrocyte progenitors': 0.0661, 'lung interstitial macrophages': 0.0327, 'naive b cells': 0.0777, 'naive cd4 t cells': 0.0881, 'naive cd8 t cells': 0.0517, 'neutrophils': 0.3469, 'regulatory t cells': 0.0365, 't effector cell cd8': 0.114}",F,52.802,,C50,5.377,False,5.377,breast,5-8
GSM1236195,0.9673044913053122,0.4399560075590913,0.9947321476558398,3395,"{'basophils': 0.0306, 'effector memory cd8 t cells': 0.0268, 'embryonic stem cells': 0.0206, 'memory cd4 t cells': 0.0503, 'monocytes': 0.0399, 'naive b cells': 0.1063, 'naive cd4 t cells': 0.1003, 'naive cd8 t cells': 0.0774, 'neutrophils': 0.44, 'nk cells': 0.0129, 'pancreatic beta': 0.0118, 'regulatory t cells': 0.0233, 't effector cell cd8': 0.05}",F,58.092,17.0,,,True,,control,
GSM1236196,0.9847291059054228,0.5365094729806015,1.0170017838162877,3403,"{'basophils': 0.0278, 'cd8 t cells': 0.0829, 'effector memory cd8 t cells': 0.0154, 'embryonic stem cells': 0.0172, 'memory cd4 t cells': 0.0507, 'monocytes': 0.0491, 'naive b cells': 0.0668, 'naive cd4 t cells': 0.0674, 'neutrophils': 0.5365, 'nk cells': 0.0285, 't effector cell cd8': 0.035}",F,43.964,13.0,,,True,,control,
GSM1236197,0.9790162534383868,0.5310567995346872,0.9792867585437053,3398,"{'basophils': 0.0212, 'cd8 t cells': 0.0481, 'effector memory cd8 t cells': 0.0635, 'embryonic stem cells': 0.022, 'eosinophils': 0.0182, 'memory cd4 t cells': 0.0576, 'monocytes': 0.0545, 'naive b cells': 0.0767, 'naive cd8 t cells': 0.0145, 'neutrophils': 0.5311, 'regulatory t cells': 0.0195, 't effector cell cd8': 0.05}",M,53.205,,,,False,,control,
GSM1236198,0.9679242819031509,0.557745225176565,0.9401129596200182,3386,"{'colon macrophages': 0.0314, 'embryonic stem cells': 0.0253, 'erythrocyte progenitors': 0.0197, 'lung interstitial macrophages': 0.0319, 'naive b cells': 0.0675, 'naive cd4 t cells': 0.0499, 'naive cd8 t cells': 0.0926, 'neutrophils': 0.5577, 'regulatory t cells': 0.0215, 't effector cell cd8': 0.086}",F,52.37,12.0,,,False,,control,
GSM1236199,0.9775735301738523,0.5244740031139187,1.027511667899205,3403,"{'basophils': 0.0175, 'effector memory cd8 t cells': 0.0156, 'embryonic stem cells': 0.023, 'memory b cells': 0.0132, 'memory cd4 t cells': 0.0877, 'monocytes': 0.0471, 'naive b cells': 0.1092, 'naive cd4 t cells': 0.048, 'naive cd8 t cells': 0.0198, 'neutrophils': 0.5245, 'nk cells': 0.0256, 't effector cell cd8': 0.0388}",F,56.079,14.0,,,True,,control,
GSM1236200,0.9561959367440472,0.45296709445160954,0.9863798098956684,3366,"{'colon macrophages': 0.0667, 'embryonic stem cells': 0.0733, 'endometrium epithelium': 0.0132, 'erythrocyte progenitors': 0.0729, 'lung interstitial macrophages': 0.0349, 'naive b cells': 0.04, 'naive cd4 t cells': 0.0348, 'naive cd8 t cells': 0.0857, 'neutrophils': 0.453, 'pancreatic delta': 0.0135, 'regulatory t cells': 0.0311, 't effector cell cd8': 0.0746}",F,51.203,16.0,C50,11.622,False,11.622,breast,>8
GSM1236201,0.9582335760673768,0.5984405446449664,1.0134801377899179,3380,"{'basophils': 0.0247, 'colon macrophages': 0.0111, 'effector memory cd8 t cells': 0.0206, 'embryonic stem cells': 0.0163, 'memory cd4 t cells': 0.0336, 'monocytes': 0.0315, 'naive b cells': 0.0891, 'naive cd4 t cells': 0.0532, 'naive cd8 t cells': 0.0133, 'neutrophils': 0.5984, 't effector cell cd8': 0.0721}",F,58.27,12.0,C50,2.535,True,2.535,breast,2-5
GSM1236202,0.9789354111864947,0.6449477977128554,1.010489480572449,3400,"{'basophils': 0.0245, 'effector memory cd8 t cells': 0.0303, 'embryonic stem cells': 0.0182, 'memory cd4 t cells': 0.0222, 'monocytes': 0.0326, 'naive b cells': 0.0651, 'naive cd4 t cells': 0.0398, 'naive cd8 t cells': 0.033, 'neutrophils': 0.6449, 'regulatory t cells': 0.0162, 't effector cell cd8': 0.0483}",F,60.241,,C18,4.331,False,4.331,colorectal,2-5
GSM1236203,0.9857468891279608,0.5377313861774717,1.020790015529181,3261,"{'basophils': 0.0297, 'cd8 t cells': 0.0271, 'effector memory cd8 t cells': 0.0314, 'lung interstitial macrophages': 0.0116, 'memory cd4 t cells': 0.1032, 'monocytes': 0.0537, 'naive b cells': 0.071, 'naive cd4 t cells': 0.0199, 'neutrophils': 0.5377, 'nk cells': 0.0397, 't effector cell cd8': 0.0308}",M,54.445,,,,False,,control,
GSM1236204,0.9338399447785233,0.5783930895839393,1.0669396911563989,3353,"{'basophils': 0.0149, 'cd8 t cells': 0.0624, 'memory cd4 t cells': 0.0152, 'monocytes': 0.0663, 'naive b cells': 0.0903, 'naive cd4 t cells': 0.0605, 'neutrophils': 0.5784, 'nk cells': 0.0213, 't effector cell cd8': 0.0463, 't effector memory cd4': 0.011}",F,59.68,13.0,C50,9.922,True,9.922,breast,>8
GSM1236205,0.9821525182361465,0.4665374418995539,1.0221196463570255,3402,"{'basophils': 0.0286, 'cd8 t cells': 0.0601, 'effector memory cd8 t cells': 0.0356, 'embryonic stem cells': 0.0183, 'memory cd4 t cells': 0.0591, 'monocytes': 0.0582, 'naive b cells': 0.0917, 'naive cd4 t cells': 0.0976, 'naive cd8 t cells': 0.0131, 'neutrophils': 0.4665, 'nk cells': 0.018, 'pancreatic beta': 0.011, 't effector cell cd8': 0.0252}",F,60.539,17.0,,,True,,control,
GSM1236206,0.9545189782368512,0.4638960273961544,1.0136925922997053,3378,"{'basophils': 0.0322, 'effector memory cd8 t cells': 0.0915, 'embryonic stem cells': 0.0255, 'memory cd4 t cells': 0.0249, 'monocytes': 0.0409, 'naive b cells': 0.1059, 'naive cd4 t cells': 0.0519, 'naive cd8 t cells': 0.0204, 'neutrophils': 0.4639, 'nk cells': 0.0446, 't effector cell cd8': 0.0648}",F,53.7,14.0,C50,7.674,True,7.674,breast,5-8
GSM1236207,0.8755609726773917,0.4941609101730839,0.9384341581208354,3255,"{'basophils': 0.0188, 'effector memory cd8 t cells': 0.0109, 'embryonic stem cells': 0.0333, 'eosinophils': 0.0138, 'monocytes': 0.0344, 'naive b cells': 0.1332, 'naive cd4 t cells': 0.01, 'naive cd8 t cells': 0.1196, 'neutrophils': 0.4942, 'nk cells': 0.0132, 'regulatory t cells': 0.0536, 't effector cell cd8': 0.0405}",M,50.639,,C18,11.036,False,11.036,colorectal,>8
GSM1236208,0.9458315454758396,0.5415781707306981,0.9833082300757647,3361,"{'basophils': 0.0234, 'effector memory cd8 t cells': 0.0112, 'embryonic stem cells': 0.023, 'memory cd4 t cells': 0.0378, 'monocytes': 0.0544, 'naive b cells': 0.0941, 'naive cd4 t cells': 0.0655, 'naive cd8 t cells': 0.0427, 'neutrophils': 0.5416, 'nk cells': 0.0104, 'regulatory t cells': 0.0123, 't effector cell cd8': 0.0612}",F,57.673,15.0,,,True,,control,
GSM1236209,0.9502384846430815,0.612164416397654,0.9752317496228202,3372,"{'basophils': 0.0269, 'embryonic stem cells': 0.0294, 'eosinophils': 0.0131, 'monocytes': 0.0411, 'naive b cells': 0.0867, 'naive cd4 t cells': 0.0597, 'naive cd8 t cells': 0.0529, 'neutrophils': 0.6122, 't effector cell cd8': 0.0569}",F,39.852,10.0,,,True,,control,
GSM1236210,0.959481448776069,0.5749343049796977,0.9747981292377308,3377,"{'colon macrophages': 0.0305, 'embryonic stem cells': 0.0441, 'erythrocyte progenitors': 0.0361, 'lung interstitial macrophages': 0.0342, 'naive b cells': 0.0446, 'naive cd8 t cells': 0.0913, 'neutrophils': 0.5749, 'regulatory t cells': 0.0439, 't effector cell cd8': 0.0658}",F,63.384,11.0,C50,5.227,False,5.227,breast,5-8
GSM1236211,0.9684798132751269,0.6030060546429037,0.9938683766251925,3394,"{'basophils': 0.0242, 'embryonic stem cells': 0.0262, 'monocytes': 0.0369, 'naive b cells': 0.0754, 'naive cd4 t cells': 0.0912, 'naive cd8 t cells': 0.0405, 'neutrophils': 0.603, 'nk cells': 0.0103, 'regulatory t cells': 0.0223, 't effector cell cd8': 0.0495}",F,48.268,13.0,C50,5.719,True,5.719,breast,5-8
GSM1236212,0.9765702570990898,0.47246555302834464,0.9068837945949594,3393,"{'basophils': 0.0169, 'cd8 t cells': 0.0233, 'effector memory cd8 t cells': 0.054, 'embryonic stem cells': 0.0267, 'memory cd4 t cells': 0.0653, 'monocytes': 0.0527, 'naive b cells': 0.1041, 'naive cd4 t cells': 0.055, 'naive cd8 t cells': 0.0276, 'neutrophils': 0.4725, 't effector cell cd8': 0.0788}",F,58.166,15.0,C50,2.738,True,2.738,breast,2-5
GSM1236213,0.9664318095605291,0.7120188078216136,1.0248667294982732,3395,"{'basophils': 0.0219, 'embryonic stem cells': 0.0198, 'lung interstitial macrophages': 0.013, 'monocytes': 0.0224, 'naive b cells': 0.0546, 'naive cd4 t cells': 0.0352, 'naive cd8 t cells': 0.0354, 'neutrophils': 0.712, 'nk cells': 0.0116, 'regulatory t cells': 0.0131, 't effector cell cd8': 0.0368}",F,48.983,12.0,C50,11.663,True,11.663,breast,>8
GSM1236214,0.9730505098244064,0.4988171201266464,1.0018740077464574,3399,"{'basophils': 0.0247, 'effector memory cd8 t cells': 0.0611, 'embryonic stem cells': 0.032, 'memory cd4 t cells': 0.046, 'monocytes': 0.0339, 'naive b cells': 0.0942, 'naive cd4 t cells': 0.1011, 'naive cd8 t cells': 0.037, 'neutrophils': 0.4988, 'nk cells': 0.0127, 'regulatory t cells': 0.0103, 't effector cell cd8': 0.0349}",F,43.74,11.0,,,True,,control,
GSM1236215,0.9535882559009662,0.6491751093251057,1.0136457022361516,3376,"{'basophils': 0.0185, 'effector memory cd8 t cells': 0.0332, 'embryonic stem cells': 0.0255, 'monocytes': 0.0194, 'naive b cells': 0.0711, 'naive cd4 t cells': 0.0621, 'naive cd8 t cells': 0.0228, 'neutrophils': 0.6492, 'nk cells': 0.0108, 'pancreatic beta': 0.0102, 't effector cell cd8': 0.0551}",F,54.434,14.0,C50,7.335,True,7.335,breast,5-8
GSM1236216,0.9764521030386323,0.619408452064772,1.0329609264847839,3401,"{'basophils': 0.0241, 'cd8 t cells': 0.0321, 'embryonic stem cells': 0.0125, 'eosinophils': 0.0318, 'memory cd4 t cells': 0.0117, 'monocytes': 0.0379, 'naive b cells': 0.0835, 'naive cd4 t cells': 0.0609, 'neutrophils': 0.6194, 'nk cells': 0.011, 't effector cell cd8': 0.0469}",F,55.926,11.0,,,True,,control,
GSM1236217,0.9859210109012667,0.4945040838542933,0.9396032191409672,3402,"{'basophils': 0.0169, 'colon macrophages': 0.0124, 'effector memory cd8 t cells': 0.0232, 'embryonic stem cells': 0.0181, 'lung interstitial macrophages': 0.0146, 'monocytes': 0.0446, 'naive b cells': 0.084, 'naive cd4 t cells': 0.0877, 'naive cd8 t cells': 0.0672, 'neutrophils': 0.4945, 'nk cells': 0.0174, 'regulatory t cells': 0.0172, 't central memory cd4': 0.0227, 't effector cell cd8': 0.0607}",F,57.185,11.0,C50,11.636,False,11.636,breast,>8
GSM1236218,0.942769904295211,0.4419298951626368,1.216918876231424,3359,"{'cd4 t cells': 0.1905, 'cd8 t cells': 0.0385, 'eosinophils': 0.0276, 'erythrocyte progenitors': 0.0326, 'memory b cells': 0.0213, 'monocytes': 0.0575, 'naive b cells': 0.0423, 'neutrophils': 0.4419, 'nk cells': 0.1171, 't effector memory cd4': 0.0307}",F,55.472,18.0,C50,11.294,True,11.294,breast,>8
GSM1236219,0.959452428480518,0.444627430665804,1.0102460174434238,3380,"{'basophils': 0.0298, 'effector memory cd8 t cells': 0.0155, 'embryonic stem cells': 0.0137, 'memory cd4 t cells': 0.0879, 'monocytes': 0.0503, 'naive b cells': 0.1215, 'naive cd4 t cells': 0.0594, 'naive cd8 t cells': 0.0685, 'neutrophils': 0.4446, 'nk cells': 0.018, 'regulatory t cells': 0.0126, 't effector cell cd8': 0.0453}",F,65.123,12.0,,,True,,control,
GSM1236220,0.9882716548408962,0.7263892845042665,0.9679328976281568,3405,"{'colon macrophages': 0.0263, 'embryonic stem cells': 0.0168, 'lung interstitial macrophages': 0.0297, 'naive b cells': 0.057, 'naive cd4 t cells': 0.0249, 'naive cd8 t cells': 0.0418, 'neutrophils': 0.7264, 't central memory cd4': 0.0254, 't effector cell cd8': 0.0334}",F,53.536,10.0,C50,5.999,False,5.999,breast,5-8
GSM1236221,0.9834356298751505,0.5618362301301661,0.976276129499958,3403,"{'basophils': 0.0248, 'cd8 t cells': 0.0145, 'colon macrophages': 0.0141, 'effector memory cd8 t cells': 0.0524, 'embryonic stem cells': 0.0201, 'memory cd4 t cells': 0.0358, 'monocytes': 0.0411, 'naive b cells': 0.0843, 'naive cd4 t cells': 0.0395, 'naive cd8 t cells': 0.0204, 'neutrophils': 0.5618, 'regulatory t cells': 0.0127, 't effector cell cd8': 0.06}",F,47.228,11.0,,,True,,control,
GSM1236222,0.9735334904575049,0.5004408266045963,0.9513740942920761,3388,"{'basophils': 0.0191, 'colon macrophages': 0.0164, 'embryonic stem cells': 0.0292, 'erythrocyte progenitors': 0.0103, 'lung interstitial macrophages': 0.0205, 'monocytes': 0.0271, 'naive b cells': 0.1035, 'naive cd4 t cells': 0.0355, 'naive cd8 t cells': 0.0898, 'neutrophils': 0.5004, 'regulatory t cells': 0.0545, 't effector cell cd8': 0.0714}",F,54.91,12.0,,,False,,control,
GSM1236223,0.9778492229815866,0.4968724315138334,1.0066631448287622,3252,"{'colon macrophages': 0.0283, 'effector memory cd8 t cells': 0.0705, 'embryonic stem cells': 0.0204, 'erythrocyte progenitors': 0.0129, 'monocytes': 0.0436, 'naive b cells': 0.0711, 'naive cd8 t cells': 0.0606, 'neutrophils': 0.4969, 'nk cells': 0.0204, 'pancreatic beta': 0.0119, 'regulatory t cells': 0.0902, 't effector cell cd8': 0.0571}",F,58.968,11.0,C50,5.446,False,5.446,breast,5-8
GSM1236224,0.9737843087261956,0.6296895119776483,1.0165346685678434,3400,"{'basophils': 0.0187, 'cd8 t cells': 0.0231, 'effector memory cd8 t cells': 0.0159, 'embryonic stem cells': 0.0136, 'eosinophils': 0.0132, 'memory cd4 t cells': 0.0293, 'monocytes': 0.0386, 'naive b cells': 0.0634, 'naive cd4 t cells': 0.06, 'naive cd8 t cells': 0.0109, 'neutrophils': 0.6297, 'regulatory t cells': 0.0186, 't effector cell cd8': 0.0474}",F,57.391,13.0,,,True,,control,
GSM1236225,0.9814891971949812,0.6787181889961508,1.027235939531528,3401,"{'basophils': 0.0198, 'effector memory cd8 t cells': 0.0322, 'embryonic stem cells': 0.0186, 'monocytes': 0.0662, 'naive b cells': 0.0406, 'naive cd4 t cells': 0.0211, 'neutrophils': 0.6787, 'nk cells': 0.0228, 'regulatory t cells': 0.012, 't effector cell cd8': 0.0527}",M,64.227,,C18,11.439,False,11.439,colorectal,>8
GSM1236226,0.978066875198219,0.6843827798591829,1.0307076792572765,3396,"{'adipocytes': 0.0102, 'basophils': 0.0102, 'cd8 t cells': 0.0734, 'memory cd4 t cells': 0.0199, 'monocytes': 0.0333, 'naive b cells': 0.046, 'neutrophils': 0.6844, 'nk cells': 0.0199, 't effector cell cd8': 0.0787}",M,49.558,,C18,6.743,False,6.743,colorectal,5-8
GSM1236227,0.960886860232038,0.7713346866952449,0.9981247238812468,3386,"{'basophils': 0.0202, 'colon macrophages': 0.0148, 'embryonic stem cells': 0.0174, 'lung interstitial macrophages': 0.0402, 'naive b cells': 0.0452, 'naive cd4 t cells': 0.0287, 'neutrophils': 0.7713, 't effector cell cd8': 0.0493}",F,54.932,14.0,,,True,,control,
GSM1236228,0.967455811417828,0.3785757606308777,1.008542428641028,3390,"{'colon macrophages': 0.035, 'embryonic stem cells': 0.0607, 'erythrocyte progenitors': 0.0418, 'lung interstitial macrophages': 0.0285, 'naive b cells': 0.0974, 'naive cd4 t cells': 0.0183, 'naive cd8 t cells': 0.1193, 'neutrophils': 0.3786, 'regulatory t cells': 0.0746, 't effector cell cd8': 0.12}",F,60.326,11.0,C50,3.034,False,3.034,breast,2-5
GSM1236229,0.9907674002582806,0.5689741473282488,1.0284868541160683,3264,"{'adipocytes': 0.0126, 'basophils': 0.0143, 'cd4 t cells': 0.0262, 'cd8 t cells': 0.0887, 'lung interstitial macrophages': 0.0267, 'memory cd4 t cells': 0.0762, 'monocytes': 0.0455, 'naive b cells': 0.0483, 'neutrophils': 0.569, 't effector cell cd8': 0.0407}",M,57.52,,C19,2.53,False,2.53,colorectal,2-5
GSM1236230,0.9806745560413,0.45141033255825447,0.9842658713706166,3401,"{'basophils': 0.0312, 'cd8 t cells': 0.0908, 'embryonic stem cells': 0.0138, 'memory cd4 t cells': 0.1064, 'monocytes': 0.0419, 'naive b cells': 0.0778, 'naive cd4 t cells': 0.0426, 'neutrophils': 0.4514, 'nk cells': 0.0552, 'pancreatic beta': 0.0105, 't effector cell cd8': 0.0625}",F,55.291,11.0,,,True,,control,
GSM1236231,0.9684901776663951,0.6410412354430005,0.9955792282973509,3392,"{'basophils': 0.017, 'embryonic stem cells': 0.0209, 'monocytes': 0.028, 'naive b cells': 0.0803, 'naive cd4 t cells': 0.064, 'naive cd8 t cells': 0.046, 'neutrophils': 0.641, 'nk cells': 0.0186, 't central memory cd4': 0.0165, 't effector cell cd8': 0.0378, 't effector memory cd4': 0.0112}",F,40.011,11.0,C50,6.858,True,6.858,breast,5-8
GSM1236232,0.9784337746491135,0.5808195574994068,1.006845989891587,3400,"{'basophils': 0.0225, 'effector memory cd8 t cells': 0.0268, 'embryonic stem cells': 0.0117, 'memory cd4 t cells': 0.0382, 'monocytes': 0.0477, 'naive b cells': 0.0612, 'naive cd4 t cells': 0.0712, 'naive cd8 t cells': 0.0266, 'neutrophils': 0.5808, 'nk cells': 0.0294, 'regulatory t cells': 0.0168, 't effector cell cd8': 0.0408}",M,61.065,,,,False,,control,
GSM1236233,0.9589238445258395,0.5347034544783631,0.8917080756079511,3378,"{'basophils': 0.0152, 'embryonic stem cells': 0.0217, 'lung interstitial macrophages': 0.025, 'monocytes': 0.0137, 'naive b cells': 0.1009, 'naive cd4 t cells': 0.0675, 'naive cd8 t cells': 0.0915, 'neutrophils': 0.5347, 'regulatory t cells': 0.0115, 't effector cell cd8': 0.0682}",F,47.009,12.0,,,False,,control,
GSM1236234,0.9647714340793622,0.5522356186064187,0.9957797880340251,3391,"{'basophils': 0.0219, 'effector memory cd8 t cells': 0.0609, 'embryonic stem cells': 0.026, 'memory cd4 t cells': 0.0177, 'monocytes': 0.0351, 'naive b cells': 0.088, 'naive cd4 t cells': 0.0461, 'naive cd8 t cells': 0.0324, 'neutrophils': 0.5522, 'nk cells': 0.0207, 'regulatory t cells': 0.0414, 't effector cell cd8': 0.0421}",M,54.127,,,,False,,control,
GSM1236235,0.9766821925247865,0.5119524150539481,0.9790138040842858,3396,"{'basophils': 0.0294, 'embryonic stem cells': 0.0143, 'memory cd4 t cells': 0.0472, 'monocytes': 0.0352, 'naive b cells': 0.0966, 'naive cd4 t cells': 0.074, 'naive cd8 t cells': 0.0439, 'neutrophils': 0.512, 'nk cells': 0.0487, 'regulatory t cells': 0.0175, 't effector cell cd8': 0.0583}",F,59.756,15.0,C18,6.103,False,6.103,colorectal,5-8
GSM1236236,0.9841486999944032,0.4825300361861197,0.9438387307548868,3398,"{'colon macrophages': 0.027, 'embryonic stem cells': 0.0338, 'eosinophils': 0.0182, 'erythrocyte progenitors': 0.0277, 'lung interstitial macrophages': 0.0313, 'naive b cells': 0.0678, 'naive cd4 t cells': 0.0589, 'naive cd8 t cells': 0.0988, 'neutrophils': 0.4825, 'regulatory t cells': 0.0605, 't effector cell cd8': 0.068}",F,63.556,12.0,C50,5.607,False,5.607,breast,5-8
GSM1236237,0.9886178255092544,0.5199705578189269,0.9259113099361764,3403,"{'basophils': 0.0185, 'effector memory cd8 t cells': 0.0166, 'embryonic stem cells': 0.0265, 'monocytes': 0.0383, 'naive b cells': 0.0922, 'naive cd4 t cells': 0.0892, 'naive cd8 t cells': 0.0478, 'neutrophils': 0.52, 'nk cells': 0.0416, 'regulatory t cells': 0.0196, 't central memory cd4': 0.0179, 't effector cell cd8': 0.0395}",F,45.697,12.0,,,True,,control,
GSM1236238,0.972163317931848,0.5434515363919177,0.9430969857244087,3385,"{'colon macrophages': 0.0221, 'embryonic stem cells': 0.0201, 'lung interstitial macrophages': 0.0196, 'monocytes': 0.0325, 'naive b cells': 0.1058, 'naive cd4 t cells': 0.0704, 'naive cd8 t cells': 0.0515, 'neutrophils': 0.5435, 'regulatory t cells': 0.017, 't central memory cd4': 0.0139, 't effector cell cd8': 0.0607, 't effector memory cd4': 0.0159}",F,49.035,12.0,,,False,,control,
GSM1236239,0.9810124351966436,0.5556735811760222,1.067538944709015,3259,"{'adipocytes': 0.0128, 'basophils': 0.0185, 'cd8 t cells': 0.0487, 'effector memory cd8 t cells': 0.0626, 'embryonic stem cells': 0.0102, 'eosinophils': 0.0112, 'memory cd4 t cells': 0.0413, 'microglia': 0.0138, 'monocytes': 0.0379, 'naive b cells': 0.0701, 'naive cd4 t cells': 0.0357, 'neutrophils': 0.5557, 'nk cells': 0.0331, 't central memory cd4': 0.0136}",F,57.492,13.0,,,False,,control,
GSM1236240,0.9490196322299402,0.4731165378473226,1.0019045594661515,3377,"{'basophils': 0.0218, 'cd8 t cells': 0.044, 'effector memory cd8 t cells': 0.0363, 'embryonic stem cells': 0.0272, 'memory cd4 t cells': 0.0421, 'monocytes': 0.0688, 'naive b cells': 0.1044, 'naive cd4 t cells': 0.0648, 'naive cd8 t cells': 0.0203, 'neutrophils': 0.4731, 'pancreatic beta': 0.0105, 't effector cell cd8': 0.0715}",F,58.574,13.0,C50,5.284,True,5.284,breast,5-8
GSM1236241,0.9865781133076711,0.3967536051620303,0.9357918440772584,3400,"{'basophils': 0.0101, 'colon macrophages': 0.0217, 'embryonic stem cells': 0.0265, 'erythrocyte progenitors': 0.0176, 'lung interstitial macrophages': 0.0348, 'naive b cells': 0.0916, 'naive cd4 t cells': 0.0954, 'naive cd8 t cells': 0.1326, 'neutrophils': 0.3968, 'nk cells': 0.0245, 'regulatory t cells': 0.0404, 't central memory cd4': 0.0125, 't effector cell cd8': 0.0773}",F,54.812,13.0,C50,3.611,False,3.611,breast,2-5
GSM1236242,0.9815182174905321,0.4713477474718435,0.9497063320296272,3398,"{'colon macrophages': 0.0132, 'effector memory cd8 t cells': 0.0117, 'embryonic stem cells': 0.0289, 'erythrocyte progenitors': 0.0145, 'lung interstitial macrophages': 0.0273, 'monocytes': 0.0204, 'naive b cells': 0.099, 'naive cd4 t cells': 0.04, 'naive cd8 t cells': 0.0731, 'neutrophils': 0.4713, 'nk cells': 0.0185, 'regulatory t cells': 0.0641, 't effector cell cd8': 0.0833}",F,48.542,12.0,C50,2.051,False,2.051,breast,2-5
GSM1236243,0.9557171018674561,0.38972021520350186,1.0054811996107889,3372,"{'basophils': 0.0266, 'effector memory cd8 t cells': 0.0342, 'embryonic stem cells': 0.0215, 'eosinophils': 0.0159, 'memory cd4 t cells': 0.0583, 'monocytes': 0.0745, 'naive b cells': 0.1215, 'naive cd4 t cells': 0.0619, 'naive cd8 t cells': 0.046, 'neutrophils': 0.3897, 'nk cells': 0.0467, 'pancreatic beta': 0.0117, 'regulatory t cells': 0.0263, 't effector cell cd8': 0.0533}",F,59.236,12.0,,,True,,control,
GSM1236244,0.973914900056175,0.5326564682863387,1.0448995092864388,3249,"{'adipocytes': 0.0119, 'basophils': 0.0277, 'cd8 t cells': 0.0268, 'effector memory cd8 t cells': 0.0451, 'memory cd4 t cells': 0.0541, 'monocytes': 0.0366, 'naive b cells': 0.0658, 'naive cd4 t cells': 0.0596, 'naive cd8 t cells': 0.0293, 'neutrophils': 0.5327, 'nk cells': 0.0444, 't central memory cd4': 0.0205, 't effector cell cd8': 0.0108}",M,57.591,,C18,9.503,False,9.503,colorectal,>8
GSM1236245,0.9787073945785942,0.35516388670488735,0.9846310871089741,3254,"{'colon macrophages': 0.025, 'effector memory cd8 t cells': 0.131, 'embryonic stem cells': 0.0348, 'erythrocyte progenitors': 0.03, 'lung interstitial macrophages': 0.0219, 'monocytes': 0.0434, 'naive b cells': 0.0918, 'naive cd8 t cells': 0.0948, 'neutrophils': 0.3552, 'pancreatic beta': 0.0101, 'regulatory t cells': 0.066, 't effector cell cd8': 0.078}",F,57.697,13.0,C50,6.957,False,6.957,breast,5-8
GSM1236246,0.9714585393256098,0.5437584469256266,0.9598779902526545,3389,"{'basophils': 0.0222, 'effector memory cd8 t cells': 0.0293, 'embryonic stem cells': 0.0222, 'eosinophils': 0.0316, 'lung interstitial macrophages': 0.0199, 'monocytes': 0.0286, 'naive b cells': 0.0712, 'naive cd4 t cells': 0.0513, 'naive cd8 t cells': 0.0532, 'neutrophils': 0.5438, 'regulatory t cells': 0.0275, 't effector cell cd8': 0.0668}",F,53.095,14.0,,,False,,control,
GSM1236247,0.9138719085611945,0.6118830450799306,1.065768422589948,3135,"{'effector memory cd8 t cells': 0.0484, 'embryonic stem cells': 0.0263, 'erythrocyte progenitors': 0.0104, 'monocytes': 0.0306, 'naive b cells': 0.0519, 'naive cd8 t cells': 0.0378, 'neutrophils': 0.6119, 'nk cells': 0.0309, 'pancreatic beta': 0.0157, 'regulatory t cells': 0.0708, 't effector cell cd8': 0.0347}",F,45.298,13.0,,,False,,control,
GSM1236248,0.8660215869541334,0.37972253121743166,1.1200996646429016,3020,"{'adipocytes': 0.011, 'basophils': 0.0165, 'effector memory cd8 t cells': 0.127, 'embryonic stem cells': 0.0289, 'eosinophils': 0.0252, 'erythrocyte progenitors': 0.0179, 'monocytes': 0.0419, 'naive b cells': 0.0583, 'naive cd4 t cells': 0.0488, 'naive cd8 t cells': 0.0701, 'neutrophils': 0.3797, 'nk cells': 0.0299, 'pancreatic beta': 0.0148, 'regulatory t cells': 0.0814, 't effector cell cd8': 0.0288}",M,61.881,,,,False,,control,
GSM1236249,0.983618043161471,0.4819628851754769,1.0942098381761438,3401,"{'adipocytes': 0.0152, 'basophils': 0.0182, 'cd8 t cells': 0.1163, 'effector memory cd8 t cells': 0.048, 'embryonic stem cells': 0.0202, 'memory cd4 t cells': 0.1445, 'monocytes': 0.039, 'naive b cells': 0.0424, 'neutrophils': 0.482, 'nk cells': 0.0146, 't effector cell cd8': 0.0372}",F,40.895,12.0,C18,6.639,False,6.639,colorectal,5-8
GSM1236250,0.9713901343432396,0.6217650992453152,0.9332163639824882,3390,"{'colon macrophages': 0.0155, 'embryonic stem cells': 0.024, 'lung interstitial macrophages': 0.041, 'monocytes': 0.0537, 'naive b cells': 0.0644, 'naive cd4 t cells': 0.0453, 'naive cd8 t cells': 0.0529, 'neutrophils': 0.6218, 't effector cell cd8': 0.0448, 't effector memory cd4': 0.0107}",F,45.755,12.0,,,False,,control,
GSM1236251,0.9725716749478153,0.6190348090854032,1.021795185434202,3393,"{'basophils': 0.0184, 'cd8 t cells': 0.0409, 'colon macrophages': 0.0172, 'embryonic stem cells': 0.0121, 'eosinophils': 0.023, 'memory cd4 t cells': 0.0759, 'monocytes': 0.0197, 'naive b cells': 0.0808, 'naive cd4 t cells': 0.0178, 'neutrophils': 0.619, 't effector cell cd8': 0.0547}",F,63.715,15.0,C18,0.46,True,0.46,colorectal,<2
GSM1236252,0.9712802717957966,0.4996068478200492,1.056388213155682,3395,"{'adipocytes': 0.0122, 'basophils': 0.0371, 'cd8 t cells': 0.0125, 'embryonic stem cells': 0.0138, 'memory cd4 t cells': 0.0286, 'monocytes': 0.0466, 'naive b cells': 0.1372, 'naive cd4 t cells': 0.0883, 'naive cd8 t cells': 0.0433, 'neutrophils': 0.4996, 'nk cells': 0.0369, 't effector cell cd8': 0.0103}",F,54.99,12.0,C50,0.044,True,0.044,breast,<2
GSM1236253,0.9510365427707335,0.42294318997994584,1.0921507039439071,3386,"{'basophils': 0.0249, 'cd4 t cells': 0.0905, 'cd8 t cells': 0.091, 'erythrocyte progenitors': 0.0103, 'memory cd4 t cells': 0.0241, 'monocytes': 0.0695, 'naive b cells': 0.0977, 'naive cd4 t cells': 0.0807, 'neutrophils': 0.4229, 'nk cells': 0.0691}",F,55.499,12.0,,,True,,control,
GSM1236254,0.9702728529645268,0.38338053082692414,0.9582297907361117,3386,"{'colon macrophages': 0.0191, 'embryonic stem cells': 0.0413, 'erythrocyte progenitors': 0.0263, 'lung interstitial macrophages': 0.0164, 'monocytes': 0.0138, 'naive b cells': 0.1159, 'naive cd4 t cells': 0.0377, 'naive cd8 t cells': 0.1418, 'neutrophils': 0.3834, 'pancreatic beta': 0.0108, 'regulatory t cells': 0.0936, 't effector cell cd8': 0.0859}",F,57.435,12.0,,,False,,control,
GSM1236255,0.970670845589226,0.48525290713497987,0.9068508436886255,3384,"{'basophils': 0.0174, 'effector memory cd8 t cells': 0.0212, 'embryonic stem cells': 0.027, 'lung interstitial macrophages': 0.016, 'monocytes': 0.074, 'naive b cells': 0.0933, 'naive cd4 t cells': 0.0469, 'naive cd8 t cells': 0.069, 'neutrophils': 0.4853, 'nk cells': 0.0157, 'regulatory t cells': 0.0326, 't effector cell cd8': 0.0762}",F,39.934,12.0,C50,3.211,False,3.211,breast,2-5
GSM1236256,0.9650927302086767,0.4401749717233654,0.9645603326374215,3385,"{'colon macrophages': 0.0372, 'embryonic stem cells': 0.0645, 'eosinophils': 0.013, 'erythrocyte progenitors': 0.039, 'lung alveolar macrophages': 0.0103, 'lung interstitial macrophages': 0.0192, 'naive b cells': 0.0643, 'naive cd8 t cells': 0.1277, 'neutrophils': 0.4402, 'regulatory t cells': 0.0454, 't effector cell cd8': 0.1126}",F,58.363,11.0,C50,4.126,False,4.126,breast,2-5
GSM1236257,0.9720119978193321,0.40539839083739815,0.898708078292361,3389,"{'basophils': 0.0254, 'colon macrophages': 0.0174, 'effector memory cd8 t cells': 0.0398, 'embryonic stem cells': 0.0248, 'memory cd4 t cells': 0.0126, 'monocytes': 0.035, 'naive b cells': 0.0955, 'naive cd4 t cells': 0.1001, 'naive cd8 t cells': 0.0578, 'neutrophils': 0.4054, 'regulatory t cells': 0.0423, 't effector cell cd8': 0.1122}",F,61.958,13.0,,,False,,control,
GSM1236258,0.9741988843769239,0.5816709365727043,1.0523785931085516,3391,"{'adipocytes': 0.0106, 'basophils': 0.0132, 'cd8 t cells': 0.0404, 'effector memory cd8 t cells': 0.0495, 'embryonic stem cells': 0.0127, 'memory cd4 t cells': 0.0595, 'monocytes': 0.0422, 'naive b cells': 0.0659, 'naive cd4 t cells': 0.0481, 'neutrophils': 0.5817, 't effector cell cd8': 0.0525}",F,59.023,12.0,C18,4.312,False,4.312,colorectal,2-5
GSM1236259,0.9704262459552964,0.3251040853683925,0.9346705256913508,3387,"{'colon macrophages': 0.0415, 'cortical neurons': 0.0117, 'embryonic stem cells': 0.0564, 'eosinophils': 0.0277, 'erythrocyte progenitors': 0.0444, 'lung interstitial macrophages': 0.0375, 'naive b cells': 0.0816, 'naive cd4 t cells': 0.1173, 'naive cd8 t cells': 0.1254, 'neutrophils': 0.3251, 'regulatory t cells': 0.0424, 't effector cell cd8': 0.0661}",F,58.149,13.0,C50,4.594,False,4.594,breast,2-5
GSM1236260,0.9857468891279608,0.49159318597471563,0.9495951689585762,3401,"{'colon macrophages': 0.0172, 'effector memory cd8 t cells': 0.0236, 'embryonic stem cells': 0.0245, 'lung interstitial macrophages': 0.0171, 'monocytes': 0.0317, 'naive b cells': 0.0783, 'naive cd4 t cells': 0.0453, 'naive cd8 t cells': 0.0887, 'neutrophils': 0.4916, 'regulatory t cells': 0.0637, 't effector cell cd8': 0.0883}",F,61.451,12.0,,,False,,control,
GSM1236261,0.9718295845330116,0.48057201702863134,0.9797045295070447,3383,"{'basophils': 0.0101, 'colon macrophages': 0.0243, 'embryonic stem cells': 0.0229, 'erythrocyte progenitors': 0.0234, 'lung interstitial macrophages': 0.0514, 'naive b cells': 0.1137, 'naive cd4 t cells': 0.0102, 'naive cd8 t cells': 0.0986, 'neutrophils': 0.4806, 'regulatory t cells': 0.0599, 't effector cell cd8': 0.0798}",F,63.483,14.0,,,False,,control,
GSM1236262,0.9821359352101173,0.5267937893859281,1.0251404227876315,3403,"{'basophils': 0.0278, 'cd8 t cells': 0.0705, 'effector memory cd8 t cells': 0.0569, 'embryonic stem cells': 0.0114, 'memory cd4 t cells': 0.0793, 'monocytes': 0.0441, 'naive b cells': 0.0722, 'naive cd4 t cells': 0.0284, 'neutrophils': 0.5268, 'nk cells': 0.0268, 'pancreatic beta': 0.0106, 't effector cell cd8': 0.0345}",F,46.409,12.0,,,True,,control,
GSM1236263,0.9759421749882364,0.6477025393634211,0.9464638076483746,3398,"{'embryonic stem cells': 0.0211, 'lung interstitial macrophages': 0.0336, 'naive b cells': 0.0633, 'naive cd4 t cells': 0.038, 'naive cd8 t cells': 0.0636, 'neutrophils': 0.6477, 'nk cells': 0.0107, 't effector cell cd8': 0.075}",F,47.42,11.0,C50,7.023,False,7.023,breast,5-8
GSM1236264,0.9801128060345632,0.6752459568918199,1.0048464132394042,3396,"{'colon macrophages': 0.0226, 'embryonic stem cells': 0.0221, 'erythrocyte progenitors': 0.0137, 'lung interstitial macrophages': 0.0332, 'naive b cells': 0.0412, 'naive cd8 t cells': 0.0785, 'neutrophils': 0.6752, 'regulatory t cells': 0.043, 't effector cell cd8': 0.0616}",F,49.624,12.0,,,False,,control,
GSM1236265,0.9763816251780084,0.6027948741733935,0.9272079023707788,3392,"{'basophils': 0.0104, 'colon macrophages': 0.0169, 'effector memory cd8 t cells': 0.0242, 'embryonic stem cells': 0.0203, 'memory cd4 t cells': 0.0225, 'monocytes': 0.0315, 'naive b cells': 0.0746, 'naive cd4 t cells': 0.0394, 'naive cd8 t cells': 0.038, 'neutrophils': 0.6028, 'regulatory t cells': 0.012, 't effector cell cd8': 0.0878}",F,63.392,13.0,,,True,,control,
GSM1236266,0.9921437914186986,0.6378443455222832,0.9862738283752102,3406,"{'colon macrophages': 0.0244, 'embryonic stem cells': 0.0224, 'erythrocyte progenitors': 0.0101, 'lung interstitial macrophages': 0.0172, 'monocytes': 0.0223, 'naive b cells': 0.0523, 'naive cd4 t cells': 0.0451, 'naive cd8 t cells': 0.0454, 'neutrophils': 0.6378, 't central memory cd4': 0.0242, 't effector cell cd8': 0.0646, 't effector memory cd4': 0.0253}",F,50.579,11.0,C50,3.127,False,3.127,breast,2-5
GSM1236267,0.9746797921317687,0.5476015780528385,1.0122218513097834,3403,"{'basophils': 0.0192, 'cd8 t cells': 0.0505, 'effector memory cd8 t cells': 0.0496, 'embryonic stem cells': 0.0165, 'memory cd4 t cells': 0.0542, 'monocytes': 0.047, 'naive b cells': 0.0647, 'naive cd4 t cells': 0.0525, 'neutrophils': 0.5476, 'nk cells': 0.0238, 't effector cell cd8': 0.0542}",F,55.874,15.0,,,True,,control,
GSM1236268,0.9876871031733693,0.4452610623964218,1.0163576285552822,3404,"{'basophils': 0.0206, 'cd8 t cells': 0.0724, 'embryonic stem cells': 0.0159, 'eosinophils': 0.0257, 'memory cd4 t cells': 0.1103, 'monocytes': 0.0561, 'naive b cells': 0.0684, 'naive cd4 t cells': 0.1002, 'neutrophils': 0.4453, 'nk cells': 0.032, 't effector cell cd8': 0.0303}",F,60.898,11.0,,,True,,control,
GSM1236269,0.9783943899622943,0.5489058375929371,1.0419576969395778,3391,"{'basophils': 0.0205, 'cd8 t cells': 0.1156, 'memory cd4 t cells': 0.0881, 'monocytes': 0.0507, 'naive b cells': 0.0695, 'neutrophils': 0.5489, 'nk cells': 0.0269, 't effector cell cd8': 0.0352, 't effector memory cd4': 0.0298}",F,59.515,15.0,,,False,,control,
GSM1236270,0.9645869479147882,0.46289757872071985,0.9467228882707613,3381,"{'colon macrophages': 0.059, 'embryonic stem cells': 0.0605, 'endometrium epithelium': 0.0116, 'erythrocyte progenitors': 0.0603, 'lung interstitial macrophages': 0.0407, 'naive b cells': 0.0639, 'naive cd4 t cells': 0.0657, 'naive cd8 t cells': 0.0696, 'neutrophils': 0.4629, 'pancreatic delta': 0.0138, 't effector cell cd8': 0.0801}",F,48.433,12.0,,,False,,control,
GSM1236271,0.9836843752655875,0.6087860066161226,1.007888435192141,3401,"{'basophils': 0.0225, 'effector memory cd8 t cells': 0.0556, 'embryonic stem cells': 0.0188, 'memory cd4 t cells': 0.0159, 'monocytes': 0.0384, 'naive b cells': 0.0608, 'naive cd4 t cells': 0.046, 'naive cd8 t cells': 0.0336, 'neutrophils': 0.6088, 'nk cells': 0.0257, 't effector cell cd8': 0.0393}",F,39.176,,,,False,,control,
GSM1236272,0.9606920096761957,0.5630324929625626,1.053745958790073,3382,"{'basophils': 0.0468, 'embryonic stem cells': 0.0149, 'memory cd4 t cells': 0.0234, 'monocytes': 0.0524, 'naive b cells': 0.0967, 'naive cd4 t cells': 0.0779, 'naive cd8 t cells': 0.0177, 'neutrophils': 0.563, 'nk cells': 0.0282, 't central memory cd4': 0.0162, 't effector cell cd8': 0.032}",F,57.708,12.0,C50,6.919,True,6.919,breast,5-8
GSM1236273,0.9854152286073782,0.5534755853820185,0.9555254178052079,3403,"{'basophils': 0.0112, 'colon macrophages': 0.0145, 'embryonic stem cells': 0.0273, 'erythrocyte progenitors': 0.0142, 'lung interstitial macrophages': 0.0396, 'monocytes': 0.0169, 'naive b cells': 0.0559, 'naive cd4 t cells': 0.055, 'naive cd8 t cells': 0.1077, 'neutrophils': 0.5535, 'nk cells': 0.0243, 'regulatory t cells': 0.0266, 't effector cell cd8': 0.0435}",F,54.505,12.0,,,False,,control,
GSM1236274,0.9740496371426617,0.5087862789027832,0.9707169652207761,3391,"{'colon macrophages': 0.0191, 'embryonic stem cells': 0.0317, 'eosinophils': 0.0135, 'erythrocyte progenitors': 0.0218, 'lung interstitial macrophages': 0.0305, 'monocytes': 0.0127, 'naive b cells': 0.0681, 'naive cd4 t cells': 0.01, 'naive cd8 t cells': 0.0929, 'neutrophils': 0.5088, 'pancreatic beta': 0.0105, 'regulatory t cells': 0.0794, 't effector cell cd8': 0.0904}",F,52.512,10.0,C50,4.862,False,4.862,breast,2-5
GSM1236275,0.9598877329137828,0.47537604460657473,1.0482555695651168,3380,"{'basophils': 0.0351, 'cd8 t cells': 0.0921, 'effector memory cd8 t cells': 0.0142, 'embryonic stem cells': 0.0292, 'eosinophils': 0.0113, 'memory cd4 t cells': 0.0902, 'monocytes': 0.0337, 'naive b cells': 0.0697, 'naive cd4 t cells': 0.0539, 'neutrophils': 0.4754, 'nk cells': 0.0206, 't effector cell cd8': 0.0568}",M,46.653,,,,False,,control,
GSM1236276,0.9739729406472769,0.4519141480614553,0.9426301456014383,3391,"{'basophils': 0.0144, 'colon macrophages': 0.0169, 'embryonic stem cells': 0.029, 'eosinophils': 0.0118, 'erythrocyte progenitors': 0.0162, 'lung interstitial macrophages': 0.0226, 'monocytes': 0.0236, 'naive b cells': 0.0934, 'naive cd4 t cells': 0.04, 'naive cd8 t cells': 0.1059, 'neutrophils': 0.4519, 'regulatory t cells': 0.0715, 't effector cell cd8': 0.0714}",F,61.415,14.0,,,False,,control,
GSM1236277,0.9820219269061671,0.7142872008838789,1.026198494977754,3402,"{'basophils': 0.0185, 'cd8 t cells': 0.0161, 'colon macrophages': 0.0316, 'embryonic stem cells': 0.0136, 'monocytes': 0.0253, 'naive b cells': 0.0461, 'naive cd4 t cells': 0.0587, 'neutrophils': 0.7143, 't effector cell cd8': 0.0477}",F,57.624,12.0,C18,2.179,False,2.179,colorectal,2-5
GSM1236278,0.9795883678363919,0.46363404849056294,1.0021428792719873,3402,"{'basophils': 0.0192, 'cd8 t cells': 0.1005, 'effector memory cd8 t cells': 0.0557, 'embryonic stem cells': 0.0182, 'memory cd4 t cells': 0.0762, 'monocytes': 0.0416, 'naive b cells': 0.0863, 'naive cd4 t cells': 0.0426, 'neutrophils': 0.4636, 'nk cells': 0.0197, 'pancreatic beta': 0.0113, 't effector cell cd8': 0.0566}",F,49.054,14.0,,,True,,control,
GSM1236279,0.9814912700732348,0.5913962705424108,1.0162769482098433,3403,"{'basophils': 0.0321, 'effector memory cd8 t cells': 0.016, 'eosinophils': 0.0212, 'monocytes': 0.0359, 'naive b cells': 0.0705, 'naive cd4 t cells': 0.0615, 'naive cd8 t cells': 0.0408, 'neutrophils': 0.5914, 'nk cells': 0.0519, 't central memory cd4': 0.0138, 't effector cell cd8': 0.0255}",F,40.487,12.0,,,False,,control,
GSM1236280,0.9742983825330986,0.662601885815634,1.035839604634144,3398,"{'basophils': 0.0147, 'effector memory cd8 t cells': 0.0263, 'embryonic stem cells': 0.0167, 'lung interstitial macrophages': 0.0148, 'memory cd4 t cells': 0.0346, 'monocytes': 0.0228, 'naive b cells': 0.0582, 'naive cd4 t cells': 0.0303, 'naive cd8 t cells': 0.016, 'neutrophils': 0.6626, 'nk cells': 0.0332, 't effector cell cd8': 0.048}",F,58.283,12.0,,,True,,control,
GSM1236281,0.9828883900161892,0.6057407406713348,1.016966423411022,3401,"{'cd8 t cells': 0.0572, 'effector memory cd8 t cells': 0.0135, 'embryonic stem cells': 0.0122, 'memory b cells': 0.0142, 'memory cd4 t cells': 0.0665, 'monocytes': 0.0433, 'naive b cells': 0.06, 'naive cd4 t cells': 0.0238, 'neutrophils': 0.6057, 'nk cells': 0.0214, 't effector cell cd8': 0.0484}",M,51.209,,C18,9.974,False,9.974,colorectal,>8
GSM1236282,0.9692467782289743,0.5796491596216016,1.0590310244174155,3387,"{'basophils': 0.0229, 'cd8 t cells': 0.0532, 'embryonic stem cells': 0.0126, 'memory cd4 t cells': 0.0714, 'monocytes': 0.0575, 'naive b cells': 0.0481, 'naive cd4 t cells': 0.0513, 'neutrophils': 0.5796, 'nk cells': 0.0425, 't effector cell cd8': 0.0313}",M,58.669,,,,False,,control,
GSM1236283,0.9864537406124526,0.5229536825962678,1.0389522610204116,3263,"{'basophils': 0.0189, 'cd8 t cells': 0.0798, 'effector memory cd8 t cells': 0.0465, 'embryonic stem cells': 0.0128, 'eosinophils': 0.0111, 'memory cd4 t cells': 0.0684, 'monocytes': 0.0488, 'naive b cells': 0.0724, 'naive cd4 t cells': 0.0243, 'neutrophils': 0.523, 'nk cells': 0.0442, 't effector cell cd8': 0.0321}",F,51.795,13.0,,,True,,control,
GSM1236284,0.9516190215600067,0.554455066674046,1.0068780030560673,3369,"{'basophils': 0.0334, 'embryonic stem cells': 0.0228, 'monocytes': 0.0428, 'naive b cells': 0.0764, 'naive cd4 t cells': 0.0565, 'naive cd8 t cells': 0.0921, 'neutrophils': 0.5545, 'nk cells': 0.0139, 'regulatory t cells': 0.0499, 't effector cell cd8': 0.0279}",F,48.394,13.0,C18,4.345,False,4.345,colorectal,2-5
GSM1236285,0.9726981205212875,0.41830595359368533,0.981487122931115,3394,"{'basophils': 0.0296, 'cd8 t cells': 0.0382, 'effector memory cd8 t cells': 0.1039, 'embryonic stem cells': 0.0208, 'memory cd4 t cells': 0.0673, 'monocytes': 0.0365, 'naive b cells': 0.0947, 'naive cd4 t cells': 0.0405, 'naive cd8 t cells': 0.0237, 'neutrophils': 0.4183, 'nk cells': 0.042, 'pancreatic beta': 0.0109, 't effector cell cd8': 0.0437}",F,45.974,11.0,C50,8.966,True,8.966,breast,>8
GSM1236286,0.9647838713488841,0.5648103211275911,1.003067523777585,3394,"{'basophils': 0.016, 'effector memory cd8 t cells': 0.0282, 'embryonic stem cells': 0.0273, 'memory cd4 t cells': 0.0413, 'monocytes': 0.0433, 'naive b cells': 0.0757, 'naive cd4 t cells': 0.0658, 'naive cd8 t cells': 0.0364, 'neutrophils': 0.5648, 'nk cells': 0.013, 'pancreatic beta': 0.0102, 'regulatory t cells': 0.0215, 't effector cell cd8': 0.0448}",F,52.706,13.0,C50,5.84,True,5.84,breast,5-8
GSM1236287,0.9545583629236704,0.5649976990131835,1.1331513025833622,3378,"{'cd8 t cells': 0.1037, 'eosinophils': 0.0411, 'erythrocyte progenitors': 0.0233, 'memory cd4 t cells': 0.057, 'monocytes': 0.051, 'naive b cells': 0.0447, 'neutrophils': 0.565, 'nk cells': 0.0512, 't effector memory cd4': 0.05}",F,58.976,13.0,C50,0.405,True,0.405,breast,<2
GSM1236288,0.9844907249062541,0.5648036020128621,1.0019712135068033,3401,"{'basophils': 0.0282, 'cd8 t cells': 0.0391, 'effector memory cd8 t cells': 0.0502, 'embryonic stem cells': 0.0128, 'eosinophils': 0.026, 'memory cd4 t cells': 0.0228, 'monocytes': 0.0506, 'naive b cells': 0.0575, 'naive cd4 t cells': 0.0473, 'neutrophils': 0.5648, 'nk cells': 0.0295, 't effector cell cd8': 0.048}",F,62.732,13.0,,,False,,control,
GSM1236289,0.9742030301334311,0.519766487531841,0.9508622962011892,3389,"{'colon macrophages': 0.025, 'embryonic stem cells': 0.0247, 'eosinophils': 0.0529, 'erythrocyte progenitors': 0.0235, 'lung interstitial macrophages': 0.0386, 'naive b cells': 0.0627, 'naive cd8 t cells': 0.0867, 'neutrophils': 0.5198, 'nk cells': 0.0154, 'regulatory t cells': 0.0445, 't effector cell cd8': 0.079}",F,61.771,,,,False,,control,
GSM1236290,0.9710107976228233,0.5384531179321714,0.9000988354103241,3390,"{'basophils': 0.0212, 'colon macrophages': 0.0187, 'embryonic stem cells': 0.0311, 'eosinophils': 0.018, 'lung interstitial macrophages': 0.0159, 'monocytes': 0.019, 'naive b cells': 0.0899, 'naive cd4 t cells': 0.0473, 'naive cd8 t cells': 0.0541, 'neutrophils': 0.5385, 'nk cells': 0.029, 'regulatory t cells': 0.0295, 't central memory cd4': 0.0111, 't effector cell cd8': 0.0635}",F,63.321,12.0,,,False,,control,
GSM1236291,0.9676651721214458,0.5437359312951948,0.9988234864585466,3392,"{'basophils': 0.031, 'effector memory cd8 t cells': 0.0189, 'embryonic stem cells': 0.02, 'eosinophils': 0.0193, 'memory cd4 t cells': 0.0351, 'monocytes': 0.0334, 'naive b cells': 0.0834, 'naive cd4 t cells': 0.0468, 'naive cd8 t cells': 0.0373, 'neutrophils': 0.5437, 'nk cells': 0.0331, 'regulatory t cells': 0.0189, 't effector cell cd8': 0.0557}",F,63.888,9.0,,,True,,control,
GSM1236292,0.9719643216194983,0.693041593180907,0.9716301815513921,3397,"{'basophils': 0.0107, 'colon macrophages': 0.0204, 'embryonic stem cells': 0.0214, 'lung interstitial macrophages': 0.0104, 'monocytes': 0.0192, 'naive b cells': 0.0672, 'naive cd4 t cells': 0.0384, 'naive cd8 t cells': 0.0413, 'neutrophils': 0.693, 'nk cells': 0.0107, 't effector cell cd8': 0.0527}",F,39.559,12.0,,,True,,control,
GSM1236293,0.9684943234229024,0.6288061907499416,1.004813560000242,3390,"{'basophils': 0.017, 'effector memory cd8 t cells': 0.0461, 'embryonic stem cells': 0.0261, 'monocytes': 0.0508, 'naive b cells': 0.0603, 'naive cd4 t cells': 0.025, 'naive cd8 t cells': 0.0453, 'neutrophils': 0.6288, 'nk cells': 0.0115, 'regulatory t cells': 0.0285, 't effector cell cd8': 0.0476}",F,52.548,11.0,,,False,,control,
GSM1236294,0.9717072847160467,0.6424924827246616,1.0057374852494436,3399,"{'basophils': 0.017, 'effector memory cd8 t cells': 0.0223, 'embryonic stem cells': 0.0242, 'monocytes': 0.0258, 'naive b cells': 0.0848, 'naive cd4 t cells': 0.0624, 'naive cd8 t cells': 0.0368, 'neutrophils': 0.6425, 'nk cells': 0.0113, 'regulatory t cells': 0.013, 't effector cell cd8': 0.046}",F,46.976,13.0,,,True,,control,
GSM1236295,0.9583745317886244,0.4470528458671938,0.9926495153661843,3378,"{'basophils': 0.0231, 'effector memory cd8 t cells': 0.0382, 'embryonic stem cells': 0.0177, 'memory cd4 t cells': 0.0765, 'monocytes': 0.048, 'naive b cells': 0.1158, 'naive cd4 t cells': 0.0733, 'naive cd8 t cells': 0.0218, 'neutrophils': 0.4471, 'nk cells': 0.0453, 'pancreatic beta': 0.0114, 'regulatory t cells': 0.0128, 't effector cell cd8': 0.0559}",F,58.932,14.0,C50,10.672,True,10.672,breast,>8
GSM1236296,0.9810414554921946,0.5149031277146255,1.0152124762041757,3405,"{'basophils': 0.0163, 'cd8 t cells': 0.0815, 'effector memory cd8 t cells': 0.0318, 'embryonic stem cells': 0.0173, 'memory cd4 t cells': 0.0687, 'monocytes': 0.0559, 'naive b cells': 0.0773, 'naive cd4 t cells': 0.0381, 'neutrophils': 0.5149, 'nk cells': 0.0176, 't effector cell cd8': 0.0632}",F,51.619,14.0,,,True,,control,
GSM1236297,0.9740475642644081,0.4482493266368474,0.9695547799247445,3393,"{'colon macrophages': 0.0368, 'embryonic stem cells': 0.0465, 'erythrocyte progenitors': 0.0299, 'lung interstitial macrophages': 0.0128, 'naive b cells': 0.0629, 'naive cd8 t cells': 0.1143, 'neutrophils': 0.4482, 'regulatory t cells': 0.0995, 't effector cell cd8': 0.1196}",F,54.856,14.0,C50,4.411,False,4.411,breast,2-5
GSM1236298,0.9829837424158567,0.5456060382902791,1.021870420630783,3402,"{'basophils': 0.0226, 'colon macrophages': 0.0184, 'effector memory cd8 t cells': 0.0254, 'embryonic stem cells': 0.0248, 'memory cd4 t cells': 0.0544, 'monocytes': 0.0448, 'naive b cells': 0.0672, 'naive cd4 t cells': 0.0477, 'naive cd8 t cells': 0.0351, 'neutrophils': 0.5456, 'nk cells': 0.0288, 'regulatory t cells': 0.0264, 't effector cell cd8': 0.0349}",F,52.394,14.0,,,False,,control,
GSM1236299,0.9748290393660309,0.5252019544364215,0.9524165707035804,3393,"{'basophils': 0.0294, 'colon macrophages': 0.0154, 'effector memory cd8 t cells': 0.0153, 'embryonic stem cells': 0.0223, 'monocytes': 0.0506, 'naive b cells': 0.0995, 'naive cd4 t cells': 0.0608, 'naive cd8 t cells': 0.0344, 'neutrophils': 0.5252, 'regulatory t cells': 0.0358, 't effector cell cd8': 0.0837}",F,62.53,14.0,,,False,,control,
GSM1236300,0.970619023632885,0.5938366822221027,0.937307728925106,3392,"{'basophils': 0.011, 'embryonic stem cells': 0.0209, 'erythrocyte progenitors': 0.0108, 'lung interstitial macrophages': 0.0399, 'naive b cells': 0.0857, 'naive cd4 t cells': 0.0739, 'naive cd8 t cells': 0.0613, 'neutrophils': 0.5938, 't central memory cd4': 0.0278, 't effector cell cd8': 0.0375, 't effector memory cd4': 0.0135}",F,41.128,9.0,,,False,,control,
GSM1236301,0.9770884766625002,0.3974908070338155,0.9071589984324886,3393,"{'basophils': 0.0179, 'effector memory cd8 t cells': 0.0217, 'embryonic stem cells': 0.0214, 'monocytes': 0.0504, 'naive b cells': 0.1013, 'naive cd4 t cells': 0.1168, 'naive cd8 t cells': 0.0827, 'neutrophils': 0.3975, 'nk cells': 0.0422, 'regulatory t cells': 0.034, 't effector cell cd8': 0.0612, 't effector memory cd4': 0.0128}",F,53.5,11.0,C50,6.987,False,6.987,breast,5-8
GSM1236302,0.9762966371696091,0.5356290924480234,1.0255026836561751,3396,"{'adipocytes': 0.0113, 'basophils': 0.0278, 'effector memory cd8 t cells': 0.0778, 'embryonic stem cells': 0.0153, 'memory cd4 t cells': 0.0212, 'monocytes': 0.0405, 'naive b cells': 0.0759, 'naive cd4 t cells': 0.0257, 'naive cd8 t cells': 0.0422, 'neutrophils': 0.5356, 'nk cells': 0.035, 'pancreatic beta': 0.0112, 'regulatory t cells': 0.0448, 't effector cell cd8': 0.0316}",M,59.373,,C18,10.119,False,10.119,colorectal,>8
GSM1236303,0.9638075456914189,0.5004743954562233,0.9547138623727693,3375,"{'basophils': 0.0217, 'colon macrophages': 0.0175, 'embryonic stem cells': 0.0226, 'eosinophils': 0.011, 'lung interstitial macrophages': 0.0266, 'monocytes': 0.0425, 'naive b cells': 0.088, 'naive cd4 t cells': 0.0609, 'naive cd8 t cells': 0.0521, 'neutrophils': 0.5005, 'nk cells': 0.0423, 'regulatory t cells': 0.0104, 't effector cell cd8': 0.0718}",F,53.889,15.0,,,False,,control,
GSM1236304,0.9773268576616689,0.6590131810900198,1.0015829354470054,3390,"{'basophils': 0.037, 'effector memory cd8 t cells': 0.033, 'embryonic stem cells': 0.0124, 'monocytes': 0.0748, 'naive b cells': 0.0388, 'naive cd8 t cells': 0.0577, 'neutrophils': 0.659, 'regulatory t cells': 0.0182, 't effector cell cd8': 0.0432}",M,52.961,,C18,3.425,False,3.425,colorectal,2-5
GSM1236305,0.9501493508781749,0.545376589325085,1.0258017241145905,3370,"{'basophils': 0.0237, 'effector memory cd8 t cells': 0.0376, 'embryonic stem cells': 0.0175, 'monocytes': 0.0425, 'naive b cells': 0.0886, 'naive cd4 t cells': 0.0495, 'naive cd8 t cells': 0.0464, 'neutrophils': 0.5454, 'nk cells': 0.0219, 'regulatory t cells': 0.0378, 't effector cell cd8': 0.0625}",M,50.029,,,,False,,control,
GSM1236306,0.9619834128282143,0.5457595507491969,0.9742694794152325,3382,"{'colon macrophages': 0.019, 'embryonic stem cells': 0.0436, 'erythrocyte progenitors': 0.0285, 'lung interstitial macrophages': 0.033, 'monocytes': 0.0129, 'naive b cells': 0.0749, 'naive cd8 t cells': 0.0999, 'neutrophils': 0.5458, 'regulatory t cells': 0.0523, 't effector cell cd8': 0.0746}",F,55.431,13.0,,,False,,control,
GSM1236307,0.9853530422597689,0.6664380628143884,1.0333558791129467,3403,"{'adipocytes': 0.01, 'basophils': 0.0159, 'cd8 t cells': 0.0486, 'colon macrophages': 0.0122, 'effector memory cd8 t cells': 0.0139, 'memory cd4 t cells': 0.0563, 'monocytes': 0.0402, 'naive b cells': 0.0517, 'neutrophils': 0.6664, 't effector cell cd8': 0.0427}",F,59.129,15.0,,,False,,control,
GSM1236308,0.9731126961720157,0.4998283280213553,1.0151936127282424,3252,"{'adipocytes': 0.0108, 'basophils': 0.0257, 'effector memory cd8 t cells': 0.0667, 'embryonic stem cells': 0.0115, 'memory cd4 t cells': 0.0221, 'monocytes': 0.0584, 'naive b cells': 0.0809, 'naive cd4 t cells': 0.0348, 'naive cd8 t cells': 0.0465, 'neutrophils': 0.4998, 'nk cells': 0.0523, 'regulatory t cells': 0.0446, 't effector cell cd8': 0.0276}",M,56.277,,C18,0.019,False,0.019,colorectal,<2
GSM1236309,0.9787322691176379,0.377903454380281,0.9624937363439816,3396,"{'basophils': 0.0351, 'cd8 t cells': 0.015, 'effector memory cd8 t cells': 0.0506, 'embryonic stem cells': 0.0253, 'memory cd4 t cells': 0.0571, 'monocytes': 0.0442, 'naive b cells': 0.1379, 'naive cd4 t cells': 0.0532, 'naive cd8 t cells': 0.0611, 'neutrophils': 0.3779, 'nk cells': 0.0506, 'pancreatic beta': 0.0102, 'regulatory t cells': 0.0256, 't effector cell cd8': 0.0378}",F,45.347,12.0,,,False,,control,
GSM1236310,0.972486686939416,0.5183140698927019,1.0134341012369377,3392,"{'basophils': 0.0145, 'cd8 t cells': 0.0201, 'effector memory cd8 t cells': 0.0759, 'embryonic stem cells': 0.0227, 'memory cd4 t cells': 0.06, 'monocytes': 0.0524, 'naive b cells': 0.0972, 'naive cd4 t cells': 0.0587, 'neutrophils': 0.5183, 'pancreatic beta': 0.0109, 't effector cell cd8': 0.0423}",F,51.68,14.0,C50,3.688,True,3.688,breast,2-5
GSM1236311,0.9652772163732507,0.550300308089884,0.9792123379461235,3385,"{'basophils': 0.0324, 'embryonic stem cells': 0.0265, 'memory cd4 t cells': 0.0476, 'monocytes': 0.0767, 'naive b cells': 0.0815, 'naive cd4 t cells': 0.0529, 'naive cd8 t cells': 0.0419, 'neutrophils': 0.5503, 'regulatory t cells': 0.0117, 't effector cell cd8': 0.0432}",M,56.145,,,,False,,control,
GSM1236312,0.9693566407764173,0.6062266639735511,1.0060238368261878,3390,"{'basophils': 0.0225, 'cd8 t cells': 0.0289, 'effector memory cd8 t cells': 0.0376, 'embryonic stem cells': 0.0223, 'memory cd4 t cells': 0.016, 'monocytes': 0.0359, 'naive b cells': 0.0754, 'naive cd4 t cells': 0.0482, 'naive cd8 t cells': 0.0102, 'neutrophils': 0.6062, 't effector cell cd8': 0.0665}",F,53.35,13.0,C50,9.73,True,9.73,breast,>8
GSM1236313,0.9706065863633632,0.5117716681847927,0.9654648117214222,3248,"{'colon macrophages': 0.014, 'effector memory cd8 t cells': 0.0401, 'embryonic stem cells': 0.0313, 'erythrocyte progenitors': 0.0126, 'monocytes': 0.0372, 'naive b cells': 0.1108, 'naive cd8 t cells': 0.0787, 'neutrophils': 0.5118, 'regulatory t cells': 0.0581, 't effector cell cd8': 0.0882}",F,58.549,14.0,,,False,,control,
GSM1236314,0.9657042292935009,0.5408267614985338,0.9582994049844588,3389,"{'colon macrophages': 0.0279, 'embryonic stem cells': 0.0434, 'eosinophils': 0.0146, 'erythrocyte progenitors': 0.0298, 'lung interstitial macrophages': 0.038, 'naive b cells': 0.0586, 'naive cd4 t cells': 0.063, 'naive cd8 t cells': 0.0802, 'neutrophils': 0.5408, 'regulatory t cells': 0.0316, 't effector cell cd8': 0.0525}",F,55.526,13.0,,,False,,control,
GSM1236315,0.9721819738361307,0.4682089345460383,0.8871828830972287,3389,"{'basophils': 0.0286, 'colon macrophages': 0.0124, 'embryonic stem cells': 0.0254, 'eosinophils': 0.0246, 'erythrocyte progenitors': 0.0134, 'lung interstitial macrophages': 0.0279, 'monocytes': 0.0129, 'naive b cells': 0.0995, 'naive cd4 t cells': 0.1156, 'naive cd8 t cells': 0.0561, 'neutrophils': 0.4682, 'nk cells': 0.0226, 't central memory cd4': 0.0326, 't effector cell cd8': 0.0289, 't effector memory cd4': 0.0131}",F,61.191,14.0,,,False,,control,
GSM1236316,0.9648771508702979,0.4086522060955528,0.9199252344188464,3380,"{'basophils': 0.0204, 'colon macrophages': 0.0198, 'effector memory cd8 t cells': 0.024, 'embryonic stem cells': 0.0264, 'memory b cells': 0.0185, 'monocytes': 0.0338, 'naive b cells': 0.1633, 'naive cd4 t cells': 0.0446, 'naive cd8 t cells': 0.0664, 'neutrophils': 0.4087, 'regulatory t cells': 0.0593, 't central memory cd4': 0.0114, 't effector cell cd8': 0.0735}",F,53.563,14.0,,,False,,control,
GSM1236317,0.9139817711086374,0.5426897888227088,1.1778401874754385,3307,"{'basophils': 0.0128, 'cd8 t cells': 0.1057, 'eosinophils': 0.0189, 'erythrocyte progenitors': 0.0411, 'memory cd4 t cells': 0.0218, 'monocytes': 0.0713, 'naive b cells': 0.0744, 'neutrophils': 0.5427, 'nk cells': 0.0441, 't effector memory cd4': 0.0644}",F,63.305,13.0,C50,0.619,True,0.619,breast,<2
GSM1236318,0.9653808602859328,0.41497997235928746,0.9930469203415618,3384,"{'colon macrophages': 0.0424, 'embryonic stem cells': 0.0638, 'endometrium epithelium': 0.0103, 'erythrocyte progenitors': 0.0473, 'lung interstitial macrophages': 0.0242, 'naive b cells': 0.0709, 'naive cd8 t cells': 0.132, 'neutrophils': 0.415, 'regulatory t cells': 0.0835, 't effector cell cd8': 0.0923}",F,50.248,11.0,C50,5.41,False,5.41,breast,5-8
GSM1236319,0.9793188936634185,0.49664071782191643,0.9956569249801795,3397,"{'basophils': 0.0346, 'eosinophils': 0.0179, 'monocytes': 0.089, 'naive b cells': 0.0699, 'naive cd4 t cells': 0.0548, 'naive cd8 t cells': 0.074, 'neutrophils': 0.4966, 'nk cells': 0.065, 'regulatory t cells': 0.0284, 't effector cell cd8': 0.0269}",M,60.293,,C67,9.665,False,9.665,other,>8
GSM1236320,0.9774989065567212,0.4985615422429392,1.0664941503111065,3251,"{'adipocytes': 0.0103, 'basophils': 0.0277, 'cd8 t cells': 0.0737, 'embryonic stem cells': 0.0122, 'eosinophils': 0.0106, 'memory cd4 t cells': 0.1303, 'monocytes': 0.0646, 'naive b cells': 0.056, 'naive cd4 t cells': 0.025, 'naive cd8 t cells': 0.0127, 'neutrophils': 0.4986, 'nk cells': 0.0283, 't effector cell cd8': 0.0189}",M,57.024,,,,False,,control,
GSM1236321,0.9671054949929626,0.6245269201362011,0.9695185044533468,3386,"{'basophils': 0.0158, 'embryonic stem cells': 0.0216, 'erythrocyte progenitors': 0.0134, 'lung interstitial macrophages': 0.0455, 'naive b cells': 0.0764, 'naive cd4 t cells': 0.0414, 'naive cd8 t cells': 0.0748, 'neutrophils': 0.6245, 'regulatory t cells': 0.0136, 't effector cell cd8': 0.0384}",F,61.55,11.0,C50,9.342,False,9.342,breast,>8
GSM1236322,0.9777538705819191,0.685770560632966,1.0208347254194592,3252,"{'basophils': 0.0175, 'embryonic stem cells': 0.0102, 'lung interstitial macrophages': 0.0182, 'memory cd4 t cells': 0.0252, 'monocytes': 0.0421, 'naive b cells': 0.0428, 'naive cd4 t cells': 0.0433, 'naive cd8 t cells': 0.0233, 'neutrophils': 0.6858, 't central memory cd4': 0.0127, 't effector cell cd8': 0.0389}",M,62.563,,,,False,,control,
GSM1236323,0.9754674858681525,0.5917669601552733,1.0040051942386514,3398,"{'basophils': 0.0267, 'embryonic stem cells': 0.0142, 'eosinophils': 0.0319, 'monocytes': 0.0285, 'naive b cells': 0.0759, 'naive cd4 t cells': 0.0648, 'naive cd8 t cells': 0.0562, 'neutrophils': 0.5918, 'nk cells': 0.0173, 'regulatory t cells': 0.0268, 't effector cell cd8': 0.0353}",F,62.166,13.0,,,False,,control,
GSM1236324,0.9737884544827029,0.4870718685680413,0.965275895214566,3389,"{'basophils': 0.0223, 'effector memory cd8 t cells': 0.0462, 'embryonic stem cells': 0.0127, 'memory cd4 t cells': 0.0184, 'monocytes': 0.0427, 'naive b cells': 0.1282, 'naive cd4 t cells': 0.0704, 'naive cd8 t cells': 0.0471, 'neutrophils': 0.4871, 'nk cells': 0.0452, 'regulatory t cells': 0.0232, 't effector cell cd8': 0.0325}",M,55.003,,,,False,,control,
GSM1236325,0.9812777636131097,0.6541973361006114,1.0067168684923824,3397,"{'basophils': 0.0182, 'effector memory cd8 t cells': 0.0123, 'embryonic stem cells': 0.0146, 'monocytes': 0.029, 'naive b cells': 0.0613, 'naive cd4 t cells': 0.0594, 'naive cd8 t cells': 0.0589, 'neutrophils': 0.6542, 'nk cells': 0.0203, 'regulatory t cells': 0.0178, 't effector cell cd8': 0.0275}",M,56.512,,,,False,,control,
GSM1236326,0.9730940402677329,0.5661162164964654,0.9985056673808042,3394,"{'basophils': 0.021, 'embryonic stem cells': 0.0172, 'eosinophils': 0.0208, 'lung interstitial macrophages': 0.0102, 'monocytes': 0.0212, 'naive b cells': 0.0845, 'naive cd4 t cells': 0.089, 'naive cd8 t cells': 0.0509, 'neutrophils': 0.5661, 'nk cells': 0.0292, 't central memory cd4': 0.0292, 't effector cell cd8': 0.0309, 't effector memory cd4': 0.0191}",F,44.241,13.0,,,False,,control,
GSM1236327,0.9752747081905638,0.541510337310912,0.9925126910166822,3397,"{'basophils': 0.0225, 'cd8 t cells': 0.0488, 'effector memory cd8 t cells': 0.0477, 'embryonic stem cells': 0.014, 'memory cd4 t cells': 0.0496, 'monocytes': 0.0654, 'naive b cells': 0.083, 'naive cd4 t cells': 0.0415, 'neutrophils': 0.5415, 'regulatory t cells': 0.0107, 't effector cell cd8': 0.0545}",M,53.662,,,,False,,control,
GSM1236328,0.9637329220742878,0.6216648424629581,1.0017817131683098,3379,"{'basophils': 0.0207, 'cd8 t cells': 0.0309, 'colon macrophages': 0.0106, 'effector memory cd8 t cells': 0.0111, 'embryonic stem cells': 0.015, 'memory cd4 t cells': 0.0457, 'monocytes': 0.0289, 'naive b cells': 0.0852, 'naive cd4 t cells': 0.048, 'neutrophils': 0.6217, 'nk cells': 0.0173, 't effector cell cd8': 0.0415}",F,44.865,14.0,,,False,,control,
GSM1236329,0.9709942145967941,0.5203937012211066,0.9905689953798527,3395,"{'basophils': 0.0225, 'effector memory cd8 t cells': 0.026, 'embryonic stem cells': 0.0185, 'monocytes': 0.0482, 'naive b cells': 0.1006, 'naive cd4 t cells': 0.0531, 'naive cd8 t cells': 0.0769, 'neutrophils': 0.5204, 'nk cells': 0.0276, 'regulatory t cells': 0.057, 't effector cell cd8': 0.0283}",M,53.889,,,,False,,control,
GSM1236330,0.9701194599737574,0.587577467394992,0.9715879014323175,3393,"{'basophils': 0.0214, 'colon macrophages': 0.0113, 'effector memory cd8 t cells': 0.0125, 'embryonic stem cells': 0.0247, 'memory cd4 t cells': 0.0134, 'monocytes': 0.0368, 'naive b cells': 0.077, 'naive cd4 t cells': 0.0662, 'naive cd8 t cells': 0.0321, 'neutrophils': 0.5876, 'nk cells': 0.0184, 'regulatory t cells': 0.0205, 't effector cell cd8': 0.0593}",F,64.712,14.0,,,True,,control,
GSM1236331,0.9677750346688888,0.45358548333608917,0.9494344264313056,3386,"{'basophils': 0.0224, 'colon macrophages': 0.0112, 'effector memory cd8 t cells': 0.0538, 'embryonic stem cells': 0.0266, 'eosinophils': 0.0111, 'monocytes': 0.0329, 'naive b cells': 0.089, 'naive cd4 t cells': 0.0367, 'naive cd8 t cells': 0.0792, 'neutrophils': 0.4536, 'regulatory t cells': 0.0731, 't effector cell cd8': 0.0877}",F,60.46,14.0,,,False,,control,
GSM1236332,0.9650118879567846,0.6428523496287754,1.017386688880039,3383,"{'basophils': 0.021, 'cd8 t cells': 0.0195, 'effector memory cd8 t cells': 0.0163, 'embryonic stem cells': 0.0249, 'eosinophils': 0.0128, 'lung interstitial macrophages': 0.0169, 'memory cd4 t cells': 0.0119, 'monocytes': 0.0302, 'naive b cells': 0.0712, 'naive cd4 t cells': 0.039, 'neutrophils': 0.6429, 'nk cells': 0.0152, 't effector cell cd8': 0.0543}",F,61.016,12.0,C50,10.637,True,10.637,breast,>8
GSM1236333,0.973168663884864,0.5840929585535989,0.9801262095898501,3387,"{'colon macrophages': 0.0361, 'embryonic stem cells': 0.0434, 'erythrocyte progenitors': 0.0347, 'lung interstitial macrophages': 0.0282, 'naive b cells': 0.0471, 'naive cd8 t cells': 0.0831, 'neutrophils': 0.5841, 'pancreatic beta': 0.0111, 'regulatory t cells': 0.0485, 't effector cell cd8': 0.0725}",F,51.778,12.0,C50,1.99,False,1.99,breast,<2
GSM1236334,0.9728411491207887,0.5493117286617584,1.0762476631720466,3387,"{'adipocytes': 0.0147, 'basophils': 0.0232, 'cd8 t cells': 0.0603, 'effector memory cd8 t cells': 0.0265, 'embryonic stem cells': 0.0158, 'memory cd4 t cells': 0.0686, 'monocytes': 0.0291, 'naive b cells': 0.0707, 'naive cd4 t cells': 0.0535, 'neutrophils': 0.5493, 'nk cells': 0.0297, 't effector cell cd8': 0.0356}",F,64.745,12.0,,,False,,control,
GSM1236335,0.9707392505715962,0.5122168252437037,0.9784387761338018,3395,"{'basophils': 0.0351, 'effector memory cd8 t cells': 0.0488, 'embryonic stem cells': 0.0211, 'eosinophils': 0.0274, 'monocytes': 0.0618, 'naive b cells': 0.0816, 'naive cd4 t cells': 0.0398, 'naive cd8 t cells': 0.0476, 'neutrophils': 0.5122, 'nk cells': 0.0354, 'regulatory t cells': 0.025, 't effector cell cd8': 0.0468}",M,55.869,,C18,6.467,False,6.467,colorectal,5-8
GSM1236336,0.951923734663292,0.5395792027084361,1.004629850514336,3377,"{'basophils': 0.0185, 'effector memory cd8 t cells': 0.024, 'embryonic stem cells': 0.0244, 'monocytes': 0.0304, 'naive b cells': 0.1131, 'naive cd4 t cells': 0.0867, 'naive cd8 t cells': 0.0513, 'neutrophils': 0.5396, 'pancreatic beta': 0.0114, 'regulatory t cells': 0.0273, 't effector cell cd8': 0.0545}",F,59.65,12.0,,,True,,control,
GSM1236337,0.9651673538258078,0.4133086796877687,0.9636668269010423,3390,"{'basophils': 0.0362, 'effector memory cd8 t cells': 0.0459, 'embryonic stem cells': 0.0281, 'memory cd4 t cells': 0.0157, 'monocytes': 0.0337, 'naive b cells': 0.1197, 'naive cd4 t cells': 0.0649, 'naive cd8 t cells': 0.0914, 'neutrophils': 0.4133, 'nk cells': 0.05, 'regulatory t cells': 0.0555, 't effector cell cd8': 0.027}",F,62.045,14.0,C18,10.059,False,10.059,colorectal,>8
GSM1236338,0.9735376362140122,0.5446905351896616,0.9654478411522062,3387,"{'colon macrophages': 0.0218, 'embryonic stem cells': 0.0339, 'erythrocyte progenitors': 0.0253, 'lung interstitial macrophages': 0.0408, 'monocytes': 0.0208, 'naive b cells': 0.0719, 'naive cd4 t cells': 0.0111, 'naive cd8 t cells': 0.0767, 'neutrophils': 0.5447, 'regulatory t cells': 0.0541, 't effector cell cd8': 0.082}",F,58.875,12.0,,,False,,control,
GSM1236339,0.9800817128607585,0.5263422517193345,0.9889317226236116,3402,"{'basophils': 0.0311, 'cd8 t cells': 0.0161, 'embryonic stem cells': 0.018, 'memory cd4 t cells': 0.0377, 'monocytes': 0.0472, 'naive b cells': 0.0774, 'naive cd4 t cells': 0.0989, 'naive cd8 t cells': 0.0507, 'neutrophils': 0.5263, 'nk cells': 0.0179, 't effector cell cd8': 0.0457}",F,41.248,,C50,10.702,False,10.702,breast,>8
GSM1236340,0.9733220568756336,0.4851883071405075,1.013664025250246,3398,"{'basophils': 0.0328, 'cd8 t cells': 0.0489, 'embryonic stem cells': 0.0133, 'eosinophils': 0.0176, 'memory cd4 t cells': 0.0692, 'monocytes': 0.0432, 'naive b cells': 0.0782, 'naive cd4 t cells': 0.1036, 'neutrophils': 0.4852, 'nk cells': 0.0316, 't effector cell cd8': 0.0464}",F,54.47,13.0,C50,5.284,True,5.284,breast,5-8
GSM1236341,0.9872808190356556,0.5019696546368126,0.9702602161257227,3400,"{'colon macrophages': 0.0218, 'effector memory cd8 t cells': 0.0126, 'embryonic stem cells': 0.0309, 'erythrocyte progenitors': 0.0207, 'lung interstitial macrophages': 0.0289, 'monocytes': 0.0396, 'naive b cells': 0.0704, 'naive cd4 t cells': 0.0218, 'naive cd8 t cells': 0.063, 'neutrophils': 0.502, 'regulatory t cells': 0.0611, 't effector cell cd8': 0.0717, 't effector memory cd4': 0.0394}",F,49.821,12.0,C50,2.587,False,2.587,breast,2-5
GSM1236342,0.9733821703449891,0.4207953026673158,0.9133974285233442,3391,"{'basophils': 0.0281, 'effector memory cd8 t cells': 0.0511, 'embryonic stem cells': 0.023, 'memory cd4 t cells': 0.0219, 'monocytes': 0.0685, 'naive b cells': 0.0995, 'naive cd4 t cells': 0.0531, 'naive cd8 t cells': 0.0605, 'neutrophils': 0.4208, 'nk cells': 0.0961, 'regulatory t cells': 0.0271, 't effector cell cd8': 0.0301}",M,51.559,,,,False,,control,
GSM1236343,0.9701899378343811,0.545502162971824,0.9510963259726486,3389,"{'basophils': 0.0276, 'embryonic stem cells': 0.0186, 'memory cd4 t cells': 0.0285, 'monocytes': 0.0491, 'naive b cells': 0.0746, 'naive cd4 t cells': 0.0774, 'naive cd8 t cells': 0.0555, 'neutrophils': 0.5455, 'regulatory t cells': 0.0136, 't effector cell cd8': 0.062}",F,51.444,12.0,,,True,,control,
GSM1236344,0.9735065430402077,0.5349542446185998,0.9692749111448116,3389,"{'basophils': 0.0265, 'effector memory cd8 t cells': 0.0702, 'embryonic stem cells': 0.0169, 'memory cd4 t cells': 0.0472, 'monocytes': 0.0549, 'naive b cells': 0.0631, 'naive cd4 t cells': 0.0175, 'naive cd8 t cells': 0.0391, 'neutrophils': 0.535, 'nk cells': 0.0519, 't effector cell cd8': 0.0615}",M,51.888,,C18,6.905,False,6.905,colorectal,5-8
GSM1236345,0.9604847218508316,0.33180605204780117,0.9955214716033955,3379,"{'basophils': 0.0414, 'cd8 t cells': 0.0441, 'effector memory cd8 t cells': 0.0629, 'embryonic stem cells': 0.0296, 'eosinophils': 0.1368, 'memory cd4 t cells': 0.0499, 'monocytes': 0.0381, 'naive b cells': 0.0821, 'naive cd4 t cells': 0.0697, 'neutrophils': 0.3318, 'nk cells': 0.0192, 'pancreatic beta': 0.0112, 'regulatory t cells': 0.0102, 't effector cell cd8': 0.0675}",F,61.856,13.0,C50,10.251,True,10.251,breast,>8
GSM1236346,0.9693027459418226,0.5862836710172243,0.9390830655855628,3388,"{'colon macrophages': 0.0277, 'embryonic stem cells': 0.0292, 'erythrocyte progenitors': 0.0207, 'lung interstitial macrophages': 0.0444, 'naive b cells': 0.0682, 'naive cd4 t cells': 0.0351, 'naive cd8 t cells': 0.0672, 'neutrophils': 0.5863, 'regulatory t cells': 0.0115, 't effector cell cd8': 0.0728}",F,45.862,10.0,,,False,,control,
GSM1236347,0.9791634277943954,0.6107753830612012,1.027454027145028,3401,"{'basophils': 0.0186, 'cd8 t cells': 0.0147, 'effector memory cd8 t cells': 0.0405, 'embryonic stem cells': 0.0221, 'memory cd4 t cells': 0.0304, 'monocytes': 0.0501, 'naive b cells': 0.0682, 'naive cd4 t cells': 0.0452, 'naive cd8 t cells': 0.0148, 'neutrophils': 0.6108, 't effector cell cd8': 0.0568}",F,46.39,12.0,C50,1.84,True,1.84,breast,<2
GSM1236348,0.9662120844656431,0.48932157474724336,0.9508021472934521,3389,"{'basophils': 0.018, 'effector memory cd8 t cells': 0.1494, 'embryonic stem cells': 0.0253, 'monocytes': 0.0386, 'naive b cells': 0.0871, 'naive cd4 t cells': 0.0109, 'naive cd8 t cells': 0.0356, 'neutrophils': 0.4893, 'nk cells': 0.0282, 'regulatory t cells': 0.0131, 't effector cell cd8': 0.0791}",F,45.09,12.0,,,True,,control,
GSM1236349,0.9625700373739949,0.5808314553800863,1.0549641973850539,3393,"{'basophils': 0.022, 'cd8 t cells': 0.0536, 'eosinophils': 0.0112, 'monocytes': 0.0487, 'naive b cells': 0.0739, 'naive cd4 t cells': 0.0571, 'neutrophils': 0.5808, 'nk cells': 0.0479, 't central memory cd4': 0.0186, 't effector cell cd8': 0.037, 't effector memory cd4': 0.0188}",F,55.266,13.0,C50,7.756,True,7.756,breast,5-8
GSM1236350,0.9699142450266468,0.5591333222833761,0.9695265126647415,3389,"{'basophils': 0.0228, 'effector memory cd8 t cells': 0.0131, 'embryonic stem cells': 0.0213, 'memory cd4 t cells': 0.0488, 'monocytes': 0.0423, 'naive b cells': 0.0797, 'naive cd4 t cells': 0.0438, 'naive cd8 t cells': 0.0363, 'neutrophils': 0.5591, 'nk cells': 0.0481, 't effector cell cd8': 0.0519}",M,53.218,,C18,4.72,False,4.72,colorectal,2-5
GSM1236351,0.9712222312046946,0.5854436699613235,0.942521028714149,3393,"{'colon macrophages': 0.0143, 'embryonic stem cells': 0.0273, 'erythrocyte progenitors': 0.0144, 'lung interstitial macrophages': 0.0318, 'monocytes': 0.0158, 'naive b cells': 0.0676, 'naive cd4 t cells': 0.0333, 'naive cd8 t cells': 0.0975, 'neutrophils': 0.5854, 'regulatory t cells': 0.0157, 't effector cell cd8': 0.0708}",F,50.782,12.0,,,False,,control,
GSM1236352,0.9753306759034122,0.45106080024312445,0.9963770386616224,3396,"{'basophils': 0.0384, 'cd8 t cells': 0.0719, 'colon macrophages': 0.0112, 'embryonic stem cells': 0.0182, 'memory cd4 t cells': 0.0619, 'monocytes': 0.0329, 'naive b cells': 0.0952, 'naive cd4 t cells': 0.1231, 'neutrophils': 0.4511, 'nk cells': 0.037, 't effector cell cd8': 0.0331}",F,55.411,10.0,C50,6.697,True,6.697,breast,5-8
GSM1236353,0.9819079186022167,0.6006459274048596,1.0196884313114918,3399,"{'basophils': 0.02, 'cd8 t cells': 0.0443, 'embryonic stem cells': 0.013, 'memory cd4 t cells': 0.0573, 'monocytes': 0.0663, 'naive b cells': 0.0556, 'naive cd4 t cells': 0.033, 'neutrophils': 0.6006, 'nk cells': 0.0253, 't effector cell cd8': 0.0483}",M,54.815,,C18,8.507,False,8.507,colorectal,>8
GSM1236354,0.9667717615941263,0.41619510997537834,0.958606830425467,3234,"{'basophils': 0.0279, 'effector memory cd8 t cells': 0.0675, 'embryonic stem cells': 0.026, 'memory b cells': 0.0315, 'monocytes': 0.0288, 'naive b cells': 0.1451, 'naive cd4 t cells': 0.0309, 'naive cd8 t cells': 0.0713, 'neutrophils': 0.4162, 'pancreatic beta': 0.0109, 'regulatory t cells': 0.0549, 't effector cell cd8': 0.0605}",F,56.216,12.0,,,False,,control,
GSM1236355,0.9086233808229741,0.4271077662288814,1.0809289650500464,3241,"{'embryonic stem cells': 0.0472, 'eosinophils': 0.0758, 'erythrocyte progenitors': 0.0263, 'lung interstitial macrophages': 0.0268, 'monocytes': 0.0424, 'naive b cells': 0.0623, 'naive cd4 t cells': 0.028, 'naive cd8 t cells': 0.1065, 'neutrophils': 0.4271, 'regulatory t cells': 0.0984, 't effector cell cd8': 0.0294}",F,50.601,12.0,,,False,,control,
GSM1236356,0.9744538484021218,0.29675778531097824,,3396,"{'basophils': 0.0246, 'cd8 t cells': 0.0826, 'embryonic stem cells': 0.0206, 'memory cd4 t cells': 0.1305, 'monocytes': 0.0115, 'naive b cells': 0.1103, 'naive cd4 t cells': 0.2041, 'naive cd8 t cells': 0.0417, 'neutrophils': 0.2968, 'nk cells': 0.0235, 'pancreatic beta': 0.0117, 't effector cell cd8': 0.034}",F,36.394,12.0,C50,8.545,True,8.545,breast,>8
GSM1236357,0.9668049276461845,0.5014438388051,1.0249693277796785,3392,"{'basophils': 0.0282, 'effector memory cd8 t cells': 0.0521, 'embryonic stem cells': 0.0203, 'memory cd4 t cells': 0.0438, 'monocytes': 0.0494, 'naive b cells': 0.0983, 'naive cd4 t cells': 0.0721, 'naive cd8 t cells': 0.0313, 'neutrophils': 0.5014, 'nk cells': 0.0223, 'regulatory t cells': 0.017, 't effector cell cd8': 0.0387}",F,53.596,12.0,C50,1.665,True,1.665,breast,<2
GSM1236358,0.9685026149359169,0.2864412833787499,,3396,"{'basophils': 0.0356, 'effector memory cd8 t cells': 0.1356, 'embryonic stem cells': 0.0222, 'memory cd4 t cells': 0.0548, 'monocytes': 0.1439, 'naive b cells': 0.1, 'naive cd4 t cells': 0.0193, 'naive cd8 t cells': 0.0162, 'neutrophils': 0.2864, 'nk cells': 0.0669, 'pancreatic beta': 0.0122, 'regulatory t cells': 0.0326, 't effector cell cd8': 0.0615}",F,48.654,13.0,,,True,,control,
GSM1236359,0.9626591711389015,0.700147546540792,1.0081358306650745,3389,"{'basophils': 0.0139, 'embryonic stem cells': 0.0222, 'lung interstitial macrophages': 0.0113, 'monocytes': 0.037, 'naive b cells': 0.0651, 'naive cd4 t cells': 0.0519, 'naive cd8 t cells': 0.0192, 'neutrophils': 0.7001, 'regulatory t cells': 0.0104, 't effector cell cd8': 0.054}",F,48.841,11.0,C50,0.356,True,0.356,breast,<2
GSM1236360,0.9691970291508869,0.5464081951664267,1.0001030399156667,3394,"{'basophils': 0.0178, 'embryonic stem cells': 0.0197, 'memory cd4 t cells': 0.0429, 'monocytes': 0.0363, 'naive b cells': 0.1122, 'naive cd4 t cells': 0.0985, 'naive cd8 t cells': 0.0426, 'neutrophils': 0.5464, 'pancreatic beta': 0.0105, 'regulatory t cells': 0.0104, 't effector cell cd8': 0.0432}",F,57.815,10.0,,,True,,control,
GSM1236361,0.9678164922339616,0.4031239545786682,0.9895086873972754,3394,"{'basophils': 0.0255, 'effector memory cd8 t cells': 0.0585, 'embryonic stem cells': 0.0205, 'memory cd4 t cells': 0.0972, 'monocytes': 0.0795, 'naive b cells': 0.116, 'naive cd4 t cells': 0.042, 'naive cd8 t cells': 0.0379, 'neutrophils': 0.4031, 'nk cells': 0.0397, 'regulatory t cells': 0.0112, 't effector cell cd8': 0.0494}",F,53.112,12.0,C50,4.137,True,4.137,breast,2-5
GSM1236362,0.9585673094662132,0.4199245808227653,1.0534673575166469,3373,"{'basophils': 0.0226, 'cd8 t cells': 0.0706, 'effector memory cd8 t cells': 0.0319, 'eosinophils': 0.0162, 'memory cd4 t cells': 0.0533, 'monocytes': 0.0617, 'naive b cells': 0.0987, 'naive cd4 t cells': 0.0393, 'neutrophils': 0.4199, 'nk cells': 0.093, 't effector cell cd8': 0.0682}",F,58.149,12.0,C50,0.088,True,0.088,breast,<2
GSM1236363,0.9647216850012749,0.36454249260169624,0.9677069012295945,3385,"{'basophils': 0.0289, 'cd8 t cells': 0.0449, 'effector memory cd8 t cells': 0.0782, 'embryonic stem cells': 0.028, 'memory cd4 t cells': 0.0464, 'monocytes': 0.0465, 'naive b cells': 0.1247, 'naive cd4 t cells': 0.0874, 'neutrophils': 0.3645, 'nk cells': 0.0484, 'pancreatic beta': 0.0105, 'regulatory t cells': 0.015, 't effector cell cd8': 0.058}",F,52.693,12.0,,,True,,control,
GSM1236364,0.9700966583129673,0.5142592253485407,1.0162392350505578,3393,"{'basophils': 0.0385, 'effector memory cd8 t cells': 0.0291, 'embryonic stem cells': 0.0203, 'monocytes': 0.0566, 'naive b cells': 0.0849, 'naive cd4 t cells': 0.0507, 'naive cd8 t cells': 0.0417, 'neutrophils': 0.5143, 'nk cells': 0.0532, 'regulatory t cells': 0.0287, 't effector cell cd8': 0.0456}",F,66.319,13.0,C50,1.979,True,1.979,breast,<2
GSM1236365,0.9689171905866453,0.3789667290477193,1.0220424029935182,3390,"{'basophils': 0.0223, 'cd8 t cells': 0.0413, 'effector memory cd8 t cells': 0.0588, 'embryonic stem cells': 0.0248, 'memory cd4 t cells': 0.1399, 'monocytes': 0.0492, 'naive b cells': 0.0933, 'naive cd4 t cells': 0.0764, 'naive cd8 t cells': 0.0195, 'neutrophils': 0.379, 'nk cells': 0.0439, 'pancreatic beta': 0.0128, 't effector cell cd8': 0.0264}",F,47.236,16.0,C50,0.745,True,0.745,breast,<2
GSM1236366,0.9717777625766706,0.525558469120349,1.0347517564397228,3395,"{'basophils': 0.023, 'cd8 t cells': 0.0599, 'effector memory cd8 t cells': 0.0458, 'embryonic stem cells': 0.0161, 'memory cd4 t cells': 0.0508, 'monocytes': 0.0484, 'naive b cells': 0.0798, 'naive cd4 t cells': 0.0569, 'neutrophils': 0.5256, 'nk cells': 0.0174, 'pancreatic beta': 0.0103, 't effector cell cd8': 0.0555}",F,47.009,11.0,,,True,,control,
GSM1236367,0.9551325501999292,0.43365459626387637,0.965432997733496,3379,"{'basophils': 0.0258, 'cd8 t cells': 0.025, 'effector memory cd8 t cells': 0.066, 'embryonic stem cells': 0.0171, 'memory cd4 t cells': 0.0309, 'monocytes': 0.0706, 'naive b cells': 0.1119, 'naive cd4 t cells': 0.0747, 'naive cd8 t cells': 0.0165, 'neutrophils': 0.4337, 'nk cells': 0.0169, 'pancreatic beta': 0.0121, 'regulatory t cells': 0.0178, 't effector cell cd8': 0.0729}",F,54.382,13.0,,,True,,control,
GSM1236368,0.9646988833404848,0.47496343266702684,0.9986267939023646,3392,"{'basophils': 0.0312, 'cd8 t cells': 0.0254, 'effector memory cd8 t cells': 0.0618, 'embryonic stem cells': 0.027, 'memory cd4 t cells': 0.0824, 'monocytes': 0.0287, 'naive b cells': 0.1086, 'naive cd4 t cells': 0.0373, 'neutrophils': 0.475, 'nk cells': 0.0217, 'pancreatic beta': 0.01, 'regulatory t cells': 0.0148, 't effector cell cd8': 0.0673}",F,65.854,17.0,,,True,,control,
GSM1236369,0.9697795079401601,0.280660579720377,,3396,"{'basophils': 0.0276, 'effector memory cd8 t cells': 0.025, 'embryonic stem cells': 0.019, 'memory cd4 t cells': 0.0711, 'monocytes': 0.0478, 'naive b cells': 0.1614, 'naive cd4 t cells': 0.1515, 'naive cd8 t cells': 0.115, 'neutrophils': 0.2807, 'nk cells': 0.0254, 'pancreatic beta': 0.0114, 'regulatory t cells': 0.0339, 't effector cell cd8': 0.0197}",F,53.109,14.0,C50,1.659,True,1.659,breast,<2
GSM1236370,0.9680217071810722,0.5132400098450244,1.0011048699737053,3397,"{'basophils': 0.0301, 'effector memory cd8 t cells': 0.0379, 'embryonic stem cells': 0.0253, 'memory cd4 t cells': 0.0197, 'monocytes': 0.055, 'naive b cells': 0.1219, 'naive cd4 t cells': 0.0714, 'naive cd8 t cells': 0.034, 'neutrophils': 0.5132, 'regulatory t cells': 0.0336, 't effector cell cd8': 0.028}",F,52.966,11.0,,,True,,control,
GSM1236371,0.980599932424169,0.45822159930229556,0.9723071542287152,3402,"{'basophils': 0.0223, 'cd8 t cells': 0.0575, 'effector memory cd8 t cells': 0.0241, 'embryonic stem cells': 0.0261, 'memory cd4 t cells': 0.0409, 'monocytes': 0.0709, 'naive b cells': 0.1211, 'naive cd4 t cells': 0.0804, 'neutrophils': 0.4582, 'nk cells': 0.0372, 't effector cell cd8': 0.045}",F,35.039,11.0,C50,6.086,True,6.086,breast,5-8
GSM1236372,0.9753203115121439,0.4653411250869818,0.993600530832525,3397,"{'basophils': 0.0295, 'cd8 t cells': 0.0397, 'embryonic stem cells': 0.0179, 'memory cd4 t cells': 0.0518, 'monocytes': 0.0539, 'naive b cells': 0.1053, 'naive cd4 t cells': 0.0868, 'naive cd8 t cells': 0.0362, 'neutrophils': 0.4653, 'nk cells': 0.0444, 't effector cell cd8': 0.0355}",F,34.686,11.0,,,True,,control,
GSM1236373,0.9743419129764251,0.4598535629726204,1.0320321671121762,3396,"{'basophils': 0.0269, 'cd8 t cells': 0.082, 'effector memory cd8 t cells': 0.0551, 'embryonic stem cells': 0.0148, 'memory cd4 t cells': 0.0919, 'monocytes': 0.034, 'naive b cells': 0.1016, 'naive cd4 t cells': 0.0271, 'neutrophils': 0.4599, 'nk cells': 0.0223, 'pancreatic beta': 0.0105, 't effector cell cd8': 0.0494}",F,53.854,12.0,,,True,,control,
GSM1236374,0.9726421528084391,0.3850051453700935,1.0352337092376065,3394,"{'basophils': 0.0264, 'cd8 t cells': 0.0802, 'effector memory cd8 t cells': 0.0795, 'embryonic stem cells': 0.0267, 'memory cd4 t cells': 0.132, 'monocytes': 0.0495, 'naive b cells': 0.0869, 'naive cd4 t cells': 0.0138, 'neutrophils': 0.385, 'nk cells': 0.0484, 'regulatory t cells': 0.0136, 't effector cell cd8': 0.04}",F,54.27,12.0,C50,2.582,True,2.582,breast,2-5
GSM1236375,0.9712864904305576,0.5550613830409706,1.0168842693456261,3396,"{'basophils': 0.019, 'cd8 t cells': 0.0293, 'effector memory cd8 t cells': 0.0406, 'embryonic stem cells': 0.0206, 'memory cd4 t cells': 0.0893, 'monocytes': 0.0434, 'naive b cells': 0.0788, 'naive cd4 t cells': 0.0363, 'neutrophils': 0.5551, 't effector cell cd8': 0.0583}",F,57.112,13.0,,,True,,control,
GSM1236376,0.973232923110727,0.48833049326072914,1.0367440230917304,3398,"{'basophils': 0.0231, 'cd8 t cells': 0.0427, 'effector memory cd8 t cells': 0.0633, 'embryonic stem cells': 0.0252, 'memory cd4 t cells': 0.0789, 'monocytes': 0.0463, 'naive b cells': 0.0767, 'neutrophils': 0.4883, 'nk cells': 0.0709, 't effector cell cd8': 0.0571}",F,56.72,14.0,C50,2.62,True,2.62,breast,2-5
GSM1236377,0.9622300853403977,0.5398438406473288,1.0083898381759437,3391,"{'basophils': 0.0203, 'embryonic stem cells': 0.0233, 'monocytes': 0.0727, 'naive b cells': 0.1025, 'naive cd4 t cells': 0.0886, 'naive cd8 t cells': 0.0435, 'neutrophils': 0.5398, 'regulatory t cells': 0.0325, 't effector cell cd8': 0.0556}",F,48.457,13.0,C50,2.261,True,2.261,breast,2-5
GSM1236378,0.9657228851977837,0.334913565073036,0.978818983942407,3392,"{'basophils': 0.0251, 'effector memory cd8 t cells': 0.1394, 'embryonic stem cells': 0.0198, 'memory cd4 t cells': 0.0406, 'monocytes': 0.0458, 'naive b cells': 0.1181, 'naive cd4 t cells': 0.0708, 'naive cd8 t cells': 0.0454, 'neutrophils': 0.3349, 'nk cells': 0.0706, 'pancreatic beta': 0.0104, 'regulatory t cells': 0.0249, 't effector cell cd8': 0.0459}",F,48.78,10.0,,,True,,control,
