CpG_ID,B,CD4T,CD8T,Mono,nRBC,Gran,NK,aCD4Tnv,aBaso,aCD4Tmem,aBmem,aBnv,aTreg,aCD8Tmem,aCD8Tnv,aEos,aNK,aNeu,aMono
cg13974894,0.23238439305983166,0.9374829076984743,0.9375877847293954,0.9307345255297181,0.8760241631653221,0.9367280129621292,0.9140131838351957,0.9240872727871616,0.9373668548508901,0.937268453889788,0.7803792758432886,0.7760805388654164,0.9073760706867422,0.9295310798873159,0.9227343957630658,0.9313527642505427,0.9203971766710961,0.9266957641566689,0.9426190810019626
cg22840234,0.28769476240844294,0.9511212085013373,0.9490852001023582,0.9128256697639214,0.7399088068096663,0.8952234392601951,0.9378461822754016,0.9163160768912444,0.888859818372497,0.9037328465007465,0.7136474783904514,0.8169287394297806,0.8919295972583374,0.8819616144516003,0.9133563882277654,0.8818465813492808,0.8923866029772645,0.8634173650526917,0.8908739422303702
cg11629955,0.4496779171393808,0.92844895967903,0.9298427724967968,0.881321445057131,0.8647833658626738,0.9027853450377368,0.8684579019050516,0.9503174313293158,0.9469198909119285,0.9490486812994502,0.9353155921467551,0.7610620375771775,0.9310366447403593,0.9242626437725525,0.9499164312459449,0.9640071279863005,0.9519924533910984,0.9458351872827929,0.9510655101433688
cg07425109,0.24245941887057304,0.7996611038929663,0.7902047376270473,0.7408480809117752,0.7313254264218132,0.6545608025443551,0.7274575939590038,0.9307163773844919,0.9202688331548929,0.9321499996579445,0.7040893096830931,0.7695632016887333,0.9093667846083725,0.9070510381239884,0.9384146841525878,0.8736188264244491,0.9409387042196431,0.8798120406539783,0.917117135618837
cg04555379,0.5906571423527354,0.9511493919387497,0.9508170689216556,0.952396888711567,0.9236583710678741,0.9557890618996383,0.9517258698962208,0.938616838166545,0.9597717432802759,0.9601646621109731,0.8584429308101769,0.8250104815898545,0.9560762332036176,0.9539804154057767,0.9551771987575515,0.9501959177573517,0.9584458739588428,0.9420928009403291,0.9537687011495436
cg21211645,0.31099896351593354,0.9257163709899654,0.9360947795783475,0.8747001391079756,0.9068028087261,0.8440652696059588,0.9347579908256061,0.9470061004322298,0.9660196823064097,0.9603684884100191,0.8902776504002181,0.5319306286244885,0.9468382137792,0.9523116605929745,0.9414989642589449,0.9580817613525208,0.9584315085874411,0.8073894932362586,0.8808144612600235
cg27575873,0.47184885284168665,0.9118144143423239,0.9176013447999689,0.93635857887556,0.792971690472085,0.938728047730952,0.897336280391742,0.9247833998296062,0.8918646910761554,0.9428907810546721,0.7902128547307083,0.8354651501387043,0.929502765096859,0.9342069723573592,0.9477844534048669,0.9270512561824085,0.9292139790802809,0.9318348750229625,0.9452213145734671
cg06942637,0.22442465321563682,0.9055226824457594,0.9071098907649768,0.8946949791641878,0.8341348842411364,0.8755589613181949,0.9064238015028252,0.9061546991960078,0.8713273480310113,0.849762066621346,0.7007252298996025,0.5539716150669534,0.8920260928828742,0.8960525807046451,0.920512898139753,0.8428634223684994,0.9122736701541612,0.8654342965252209,0.8899604352126608
cg07490283,0.5395847318342758,0.9596380989893709,0.965334072489772,0.9621936315979004,0.811858009425893,0.9570106464424168,0.9585335771657957,0.9683508156861431,0.9643984867962662,0.9381900996133195,0.8730946411522563,0.8544709591657077,0.9462967569181219,0.9002422818100886,0.9545149044956489,0.9621805103670165,0.9455735678976512,0.9524234882253129,0.9555122671908153
cg27168131,0.4475519251166668,0.9523499912770906,0.9489277518724466,0.9457722339550854,0.9025205780055627,0.9438885403350643,0.9507159345807829,0.9476709087204789,0.9472179762485086,0.9491171681008324,0.8009350019812875,0.7093114835054422,0.9303536192356919,0.9399344160735374,0.9323922236409794,0.9559382350160591,0.9492744292494867,0.9368272100974036,0.9506131341850966
cg24303332,0.46351254845501544,0.829246814017185,0.8616970743157648,0.8218429200128259,0.8453842489539171,0.8414955569770425,0.866180562220751,0.9065943115146893,0.9441265238309531,0.9389034665503191,0.9282464479036407,0.7536870127241079,0.919935949005708,0.9184971255492966,0.8721550718417149,0.9339657133335681,0.9087113037769492,0.9016338806178457,0.9158133741220401
cg02903589,0.24937040861525256,0.6339636840535668,0.6182051411263141,0.8464332478027251,0.8283754227395353,0.8183416586493923,0.5359836973241003,0.772766393962169,0.8821676641818317,0.8559438761989225,0.5884206176422775,0.4623165536054375,0.8162946983431663,0.6781759633303857,0.758073257228096,0.8169103810263456,0.7247438841048306,0.7909287462594127,0.8543651864020909
cg08162224,0.3427247368045164,0.7741722876285068,0.9231119469071648,0.9264571987693053,0.9403937250714263,0.9317499235606158,0.759184426290102,0.9347911073957447,0.9620423204763996,0.8963654986810351,0.8125518119730412,0.6925946883087428,0.8678034645488242,0.9384958239530321,0.9612771637362638,0.9707612175514786,0.9252053401825768,0.9462603997272593,0.949627064061223
cg06340516,0.118404302269283,0.5484212782597386,0.5299954430015061,0.6103480961506169,0.590996593857834,0.6044036354281654,0.5188764688637516,0.6174049726191205,0.6075365163844446,0.5527799417682276,0.30525593035226795,0.35286431455340395,0.4275290761683786,0.4860706467459978,0.5867567462735895,0.6131957709639555,0.602001623189098,0.5966454603759748,0.6217090062767693
cg01824412,0.5850427453444877,0.9582580731744715,0.9407248979416694,0.9418785838296242,0.879836076527696,0.9516937766574687,0.8899185084919087,0.9785862678283251,0.9624562288175886,0.9777814530276122,0.8609063217274409,0.8575725224508005,0.9848893333171642,0.9763332484810352,0.9719308418790453,0.9243246767070981,0.8925546869603509,0.9468402515420509,0.9544092726831799
cg01692110,0.2821013883543706,0.9484874950809078,0.949145899824259,0.8716961430617396,0.8731762924453221,0.8189920752504213,0.8511156183988915,0.952350962157295,0.9146188541430911,0.9247407382389925,0.6076238439714734,0.4466325757542649,0.9407653555743356,0.8795078533640828,0.9543142756230142,0.9089616386188355,0.9284412292469186,0.7873230081581726,0.8732548995240995
cg15939287,0.11769854968825771,0.8378143023602894,0.8447532635150237,0.928006784048603,0.7896690984267789,0.9448211743953444,0.7205317215525164,0.9576272248416635,0.9685428767529529,0.9562736208696886,0.28949058726507976,0.320566648433074,0.9474221126165193,0.9149908607121806,0.9486104769877108,0.9753142491097175,0.8662627969095733,0.9582621562038016,0.9609393042536527
cg14391240,0.40713903887948066,0.844894213747907,0.8334867620478137,0.8226123890402002,0.6101194962588419,0.824811424999959,0.7898665102573632,0.8388303530481465,0.807525550409438,0.7609978054685487,0.5916575141410074,0.6361073266588531,0.6554484696183168,0.7017816481938576,0.8001573438055108,0.798965069490166,0.8015417882869,0.8181164712409179,0.8367426719074704
cg08449164,0.16587129235157777,0.8797886550948063,0.8130828935811161,0.7431742755403324,0.5325034636950573,0.7613565213294559,0.8993615660404823,0.9732383211995307,0.8253164969833634,0.9679282438602788,0.6517822035650911,0.3024359813049267,0.9651128915186766,0.9613904901164652,0.942106184590056,0.6757645442986184,0.9403621572575783,0.8233644809686804,0.8721400766676242
cg13422817,0.1322913946766105,0.4836821943210682,0.45414646961823846,0.5901626044266501,0.4327440385148713,0.583848449894316,0.5793412286263895,0.6932564418472572,0.6531655711551221,0.6220684819632648,0.3414880884508045,0.2878262778530379,0.5967397197500354,0.5467562878703564,0.617558133826644,0.6733814439786754,0.718358922374774,0.6581697429185245,0.6740337979588412
cg03880987,0.3530749792628901,0.7730679190490828,0.69991322578363,0.8032269144766556,0.8816804714533467,0.7915839500708143,0.7318867401128886,0.8926252264761737,0.9223762172008418,0.8778658133898767,0.5724615689301483,0.6820924798446165,0.9199702047374663,0.9003683638783062,0.8934931591927531,0.9315991380075018,0.916524116718286,0.9101502041151495,0.9289879899889053
cg21855816,0.17089752492153445,0.876538546006242,0.867925776719518,0.9325229447695008,0.9081955200723689,0.9227184013344283,0.9229385271231421,0.9255872326775503,0.931326174993981,0.9297177978918215,0.7975253129571969,0.3763680239931726,0.9366392124615557,0.9373585314119421,0.9304691005929118,0.8967860266727083,0.9536726618825799,0.908626269436734,0.9393887322462087
cg25493948,0.19748582086428595,0.5891915633193341,0.6039311895782669,0.611435984144572,0.7072990780412935,0.7175899726643319,0.5521681448832061,0.6513245208161891,0.6866443261069044,0.60004552688733,0.550037520061673,0.4547600910430074,0.5814822675450073,0.719461622859189,0.6020537515936457,0.6701837287038339,0.6353285683926565,0.6630065234540936,0.612484369897008
cg04511619,0.5154416546304086,0.8963024041315178,0.8938755096663341,0.8827797819269906,0.8413328469662795,0.8924038342262084,0.9015647043434712,0.8686845792465365,0.8706178249830778,0.8222168146242891,0.7174567869543876,0.7503001582940335,0.7559031504534732,0.8323675475600987,0.8828947610736018,0.8654183999220179,0.8807384898278383,0.8889809351999431,0.8817048307607063
cg03914925,0.5567564549864821,0.9578008070895749,0.954903048004804,0.945077601001864,0.8576366921117038,0.9485343745071347,0.899249753128145,0.9790851472990996,0.792670933949562,0.9766119657386446,0.9196143746870293,0.8472733296113122,0.9634412941709751,0.9700427762534638,0.9790924195309759,0.828197918002781,0.8887601024498778,0.9343199371975959,0.9410932902092904
cg20572915,0.6907397342557953,0.959929442181462,0.9539578603668886,0.9628032264408345,0.9437436678537612,0.9541984293342471,0.9660823327673007,0.9722169419204529,0.980864010940588,0.9817911100059815,0.9728049443966281,0.8498700600463909,0.9813629306977075,0.9660823819245838,0.9692547749969859,0.9812484910546406,0.9750496621828253,0.9724272556585913,0.9750217140225806
cg10022248,0.1624140458164477,0.9081851756420166,0.8981777358727162,0.8963030489042672,0.7648738952360422,0.8979411367127497,0.7663504653362374,0.906068495894252,0.8684989582944789,0.8385588698612735,0.356899326250955,0.3392155539918558,0.8440788916791286,0.8494021051841654,0.8926185366801928,0.8914009905003215,0.8871177622710347,0.8735448653998387,0.8844466114090688
cg13753527,0.38004385602129503,0.6183110566959824,0.618576621943759,0.6935980989132804,0.5885535197182585,0.706537527874123,0.6008022325527571,0.8010991162941231,0.7888074160890646,0.7121716824006357,0.7401172563915595,0.5629820767293068,0.6304957547850333,0.5910988629155214,0.7280325503022915,0.7564384892784313,0.7362211726477496,0.7684480668288917,0.8040031536987067
cg19134130,0.23840148870052957,0.7100631783688642,0.7129585033616658,0.6589140456773279,0.64228222780909,0.7017538838728199,0.6129421112293401,0.8102419590672234,0.699045149548519,0.8449200063023451,0.5042175488254697,0.35428752112676754,0.7683580110799241,0.8103261481090736,0.7878738831479802,0.614888114346158,0.7958953800847763,0.7358001415835249,0.7675035612097934
cg03015498,0.12873331741922828,0.7233171735940773,0.8166439901716476,0.5334489512839385,0.6346132477636868,0.5771632701538805,0.7346919383802706,0.9443573597774828,0.6697642695859973,0.9827853826422501,0.7770309653431646,0.33251007549923284,0.9864209579823491,0.9825000795582037,0.9485785360422211,0.5969148999984561,0.8775226285379508,0.6272882818596555,0.6126437002605963
cg18121565,0.5753734619240812,0.8911903556478903,0.8756806547433724,0.9003822242991837,0.8915711830868583,0.9007096896011912,0.8715130178234621,0.8492329596332595,0.8958425319838963,0.8694547814185221,0.7577839765305795,0.7171199460674179,0.8783561584202537,0.8776422510703493,0.8484482599884132,0.9270301075358814,0.8389635723515343,0.8879717469015991,0.8857612310009638
cg23204276,0.6708666990599261,0.9247506513561272,0.9245594061689315,0.8913334912341794,0.9394967975580663,0.8859457165805709,0.9247974944099027,0.9101770063387938,0.9012087134119326,0.9384355456895881,0.91814275683153,0.8199779853800131,0.9266946140930685,0.9253260842837121,0.9186419738193451,0.9237269098178149,0.9389426677576029,0.9062149496344566,0.9180578755923285
cg02449762,0.14605882575239,0.7258632772829643,0.698940548638939,0.5169528372207415,0.6197252528935816,0.5353750129843621,0.7127204957829067,0.855654767266192,0.7825000606640601,0.7672231458858332,0.4989854968112367,0.31243631840576724,0.7213126951791932,0.6715700635491133,0.8058996472620241,0.7412616838521398,0.8218855081956521,0.6582667805881539,0.6390175818916731
cg18568570,0.2327117050208116,0.6792257280972044,0.6720072648747796,0.7281696270028215,0.5168497272029478,0.7258674369260256,0.7995294015192318,0.7715905671747506,0.689106259240239,0.6539062484290262,0.3564626504989121,0.3441632998686167,0.4413538824532327,0.46145219788976666,0.6880603368674987,0.7130248541534434,0.8064483171545118,0.7025632197564913,0.7383900279293512
cg07930510,0.6435635941538413,0.9621658169859364,0.9677092075740131,0.96490976311293,0.942148062331782,0.9612454010160839,0.9542720974984851,0.9749390229398125,0.9822036700197224,0.9712299743703086,0.9473433787420995,0.8865929639838386,0.9466692000368852,0.953376672509149,0.9628215367893758,0.9787860166792192,0.9668891326859665,0.9681825265562761,0.9708477990090211
cg26696655,0.3330426353500306,0.9074275875779547,0.9039129993246263,0.9333906388301925,0.8662266932997187,0.933870438999002,0.8352467270453694,0.9130600029536213,0.9148504077567856,0.9066375159537863,0.5508854654395288,0.4628545038012377,0.9112616565058145,0.9109577457211873,0.8896141222892189,0.9254750766400741,0.8793584089777803,0.9147182172342692,0.9261534822837533
cg24804106,0.5530400099655022,0.8301316415666298,0.8146576221244723,0.8392284338847624,0.7665988179956776,0.8514727170869012,0.8245965167268348,0.9417852985126534,0.927105865263561,0.945428199415113,0.7984382595347387,0.83578762117108,0.9330298008986089,0.9100558347249308,0.9401070519044561,0.9423509100574624,0.947850830193893,0.9375465625611537,0.9492409134992147
cg16625671,0.31486638896953667,0.9617087287364671,0.9524674186378259,0.931088277796229,0.7615742848111351,0.9357608148439995,0.8958597509336437,0.9547003827401004,0.936944962331953,0.719913618529528,0.936127186935452,0.49142210327225344,0.6247826717543019,0.6813193543638827,0.9442185987281292,0.9581489489209746,0.9116174869293794,0.9215658129536652,0.9438377249973751
cg08428188,0.21768024501634164,0.8875835527648369,0.8936604419145087,0.7954566001880841,0.5725139287523214,0.8093565875310853,0.8320763810095246,0.9230885692657078,0.7543522004235331,0.8895492818226844,0.45599875602379036,0.4395639490277483,0.8441999676427763,0.8401622420648133,0.8952049371173454,0.7948147251650839,0.8377298910015225,0.7402196898223,0.7837979322078262
cg22950598,0.11504846688084075,0.6464042287535865,0.6485404123186262,0.4582146878942791,0.29567197693911396,0.4564149352446105,0.5094133872842617,0.8090841496878066,0.5380618842694449,0.82362300275528,0.5352290871953498,0.46038655222650054,0.7881823812148946,0.8177894888713939,0.7953471861348241,0.5110680935677183,0.6390012668389383,0.6718259730179152,0.7236614690059885
cg19677259,0.3802568940218857,0.9640999163284115,0.9637572126206411,0.9541263763290195,0.7761934179583185,0.7894520950075208,0.9502016906805653,0.960694045541342,0.9702594622989456,0.9558175628738782,0.565890758926405,0.528356809979879,0.9597435861035816,0.9462327370005582,0.9629390787003156,0.8495239423081167,0.945776055432627,0.8262944512289474,0.9674200252589942
cg04715649,0.3619445936054392,0.8981200347007415,0.9143425442260349,0.9012952279283746,0.9018256166432187,0.9159420223997145,0.9299937434082658,0.9030545156622225,0.9068788730885631,0.9224708233979297,0.7771173829537836,0.5178589144501873,0.9214723992974362,0.9066439776875692,0.9132022441602459,0.9227943565034024,0.9225462499793691,0.8939212569677883,0.9191095859411544
cg22642498,0.5991208953361064,0.8186462172896135,0.8075504833490253,0.8372820506813317,0.8613747992245147,0.8171121236476055,0.7887053935005922,0.8693130283310297,0.9417452294197389,0.8730373947687192,0.7629802948501496,0.7791907414383413,0.8335838125450765,0.8482308827124603,0.8634667301164942,0.8710058477515783,0.8982700407910522,0.8758713485832714,0.93270446303394
cg24691891,0.3256496220981187,0.8659220353307329,0.9290242337579063,0.9476187559538295,0.8941178062499325,0.9646419028297961,0.9528283070667278,0.9463912399807566,0.9655776874260995,0.9683143962625024,0.7728025900358693,0.5000480225613666,0.9585562140757794,0.966132145748986,0.9585751585480796,0.9725697241767324,0.9712655627645743,0.971566625170037,0.977724293971606
cg06691250,0.12989378712845825,0.7018517905911841,0.7803332759068743,0.4584447252467137,0.6093608945207772,0.5655039881562343,0.6888715934453894,0.8794633426238891,0.6899084174169521,0.9598277914889215,0.7611319124704501,0.31214322050202514,0.8845634360266343,0.9329165793144467,0.8681888163021083,0.6478962291629107,0.8457680286355299,0.6731250531421442,0.5220432643168063
cg20847766,0.08145976243914138,0.6685581772190349,0.7356103173697337,0.846850898684706,0.853413422703051,0.7744361200957905,0.8002430825249918,0.8531623603083153,0.9011204785196203,0.8400345971195073,0.7210294183439271,0.1950973280781983,0.8669607956081773,0.890866595498103,0.8816575634156498,0.9034265167886395,0.8149370580225337,0.8092271869235168,0.8924255989474938
cg21531416,0.15416903742755494,0.9183166402640167,0.7169640723738379,0.8492547951943719,0.9182910379062179,0.8505779427313576,0.8953630105589303,0.9702803038347927,0.9496760493822916,0.9808348135032744,0.6465396666410136,0.24582092965680968,0.9707864982956284,0.967311352516161,0.8800563617135179,0.9694943641537055,0.9449597398242232,0.9327671595123102,0.9571646300866656
cg25193073,0.31471038916031324,0.6909055264925287,0.7915372226922286,0.8594681791199037,0.6784236558833053,0.8268124973077922,0.809399116286919,0.7784112820211708,0.8040259743663019,0.8952414144205059,0.5823092203630564,0.5455235565156992,0.8507518218758122,0.7346374635456637,0.7991301635925214,0.707883850207671,0.8133626237603474,0.7616315482665528,0.8427464276064729
cg08817507,0.19938749317072016,0.7869490300705908,0.7879195966517962,0.9077742406013688,0.8144607630138176,0.9101170566069666,0.7361311911811844,0.9316656497864552,0.9546358239326518,0.9493310110046711,0.47496608432122445,0.36586982667834794,0.9386052895528691,0.9311434493729405,0.8947630973967133,0.9159600937257619,0.9295543092651868,0.9154870153869629,0.9334944700798359
cg06928797,0.8318192451163047,0.4038012840982062,0.4739681992937167,0.14803424585586086,0.33460875239133925,0.13927356946358177,0.2029525341765858,0.48632859227124203,0.016610026558822776,0.2595495605897974,0.37045058509695095,0.4330396491826495,0.49803324066478794,0.044635666751518616,0.48143148381702616,0.013670871949078987,0.10500054468215253,0.04927011545749688,0.04877874971023155
cg16976870,0.8061740320886376,0.17208768551738116,0.23014673040392541,0.2981626088372055,0.1614037100226943,0.23411907279360433,0.31796354857264514,0.14782362391678716,0.03611261865303789,0.06361079956162197,0.10002059332018925,0.601780301824627,0.042378003892559746,0.037039300761374294,0.11569077887839097,0.023514378741556395,0.12259596613608115,0.09589697212535098,0.10449444544172448
cg15488194,0.3813631109310124,0.05222569569706822,0.05207041756633657,0.06580494903233147,0.07719706315185892,0.059506685963934984,0.04645585631915798,0.0061507994371459195,0.01100613292651069,0.006558471331032049,0.043184898110653014,0.13370611209866584,0.001913901438040503,0.010119551563610716,0.010974088868078893,0.01583928667348102,0.033482117375780024,0.030623325132392482,0.02947807499153846
cg17738521,0.9192147020722079,0.34751110758068826,0.333121344523546,0.21090175224786512,0.321603212770746,0.17351773931455788,0.6432317284155086,0.03500820661154125,0.08737083030021076,0.009879118035498832,0.4898259793563614,0.5125928399982616,0.009385550193560226,0.019606277793581883,0.03135140936867077,0.03896803398710719,0.277656572854458,0.0626000639110263,0.08705489994152393
cg02716826,0.8358734025986325,0.42165439344677214,0.38962433833997845,0.4767463919166197,0.3128834798999236,0.5639131537243971,0.6155417235576384,0.2663881844320345,0.43063110239669805,0.08118102178313868,0.2552097121729331,0.6333419933079065,0.04497638194656961,0.06403110250688732,0.22083855851860557,0.42937027297580527,0.3907453832298149,0.4221964645470989,0.3697874305964028
cg10728351,0.7307667539755809,0.37164851586139125,0.28134660636538045,0.2446623161709152,0.21389334631553852,0.3259527102351986,0.09162207243095394,0.10320754511904551,0.026161069905503813,0.047945363177659295,0.05490277775418856,0.158525690257284,0.019627772180483286,0.017973959526018417,0.03680883764103815,0.06924309595530287,0.05266231354485518,0.07255521875492427,0.0793469438595511
cg12498580,0.49860279506501004,0.05829795692902506,0.08550757507798867,0.052731020407512805,0.0831415699836312,0.19696154894148132,0.132829300974813,0.021434774323343682,0.021971520361149896,0.018722053870357514,0.020128219254519596,0.24866326846494258,0.012642329587041552,0.01630281911804281,0.019250903976279016,0.024509874920033113,0.05681811112930141,0.10995563054294322,0.03706780105345787
cg08677140,0.6515099251049336,0.30411549875362553,0.33989953467166534,0.3854222792012043,0.2680009780396845,0.345205944484545,0.4245522224227226,0.18910144300198528,0.1121083857685457,0.09151612028738598,0.13770757123134164,0.36558329299628123,0.048069334844629164,0.11678474145655043,0.1373657866454255,0.09653947258036483,0.25796989519933355,0.14431628292398763,0.17427722533253096
cg10908953,0.7127853649059485,0.40586176242169314,0.37392170106571565,0.3154393360020302,0.4553977813146065,0.13050265735627314,0.509836066479025,0.18295439102041544,0.3752004678359524,0.12970187607606865,0.2803074267908374,0.5307035939433704,0.06590777961404592,0.1736543584879512,0.10373745611609071,0.0333180667151568,0.3509228028288535,0.07933410174670141,0.2406501908898554
cg08438690,0.6949035293782864,0.4239782362338106,0.11833138595027948,0.41303608794090185,0.4338476265849718,0.46285323595155903,0.11271145132464405,0.3114337013356966,0.10887808062930457,0.21489362063417272,0.04230321661108377,0.3673936975194694,0.05312736165636145,0.05176781801724323,0.033399979755699805,0.15039162455003535,0.06186045047291289,0.18326806647265892,0.1770215862624718
cg26433582,0.9197621915217845,0.5611431046513546,0.4698460335176323,0.4824439158582209,0.5613214718122659,0.7131815537595545,0.5452170739340313,0.47632700099752057,0.0863642824772293,0.3746410024589875,0.6334453671714921,0.49287994312397254,0.21176042458725497,0.39246987371136144,0.2659072719350507,0.27165976766400146,0.24373512918808746,0.20473403040185195,0.10878376071897389
cg09219813,0.3303143669300998,0.11345668688479671,0.06999304533292677,0.053749261126460335,0.06084173087237077,0.04933270843927308,0.0542271806882938,0.017930660328731658,0.017319236467778023,0.015056103056188411,0.03404476133155809,0.09229439357179148,0.011544533999304435,0.02135472442601993,0.01338294426159603,0.02015319696570144,0.0332609363873373,0.030765056406385605,0.03154717901728729
cg08969925,0.8851900524905545,0.10739748248609948,0.15749750410595215,0.6203122893183683,0.6210214008761468,0.5795430255016569,0.16410744034396005,0.3007803593353879,0.28820090847463437,0.017012503746810473,0.31867194041741986,0.7164778486105166,0.020689082188293732,0.0187357112517215,0.23308538872121173,0.4077516262416063,0.1288016229746819,0.3407268142471528,0.372046823800192
cg08869273,0.622054181057077,0.062400996575151524,0.07550881012419319,0.3621707249215209,0.19871127460451954,0.3441868641016062,0.11462567402716745,0.03360783293022829,0.12139029956293351,0.055974038545945515,0.32467108580358606,0.3355597057257567,0.09057981595088194,0.030243978062258058,0.02627825783630503,0.16946876878836964,0.03248649096732503,0.08671100470509346,0.05876797655668664
cg14963724,0.7995965412760518,0.34924524243430477,0.3275780591937504,0.19210412679774347,0.5490398321227287,0.048461044466353326,0.47441894478557456,0.18506793804138189,0.24715742306911498,0.017502981680044122,0.04650211091318168,0.5077100262361631,0.01671613582715946,0.020886423701747675,0.11394282574018731,0.056666658241567136,0.28061800151142274,0.030160837421869736,0.0848963066458519
cg01787285,0.7086575048501447,0.08489363708262432,0.1015287630268149,0.2764507566206913,0.20971598792121124,0.3882220553746274,0.05921465419395279,0.00760240927271248,0.012368701807272817,0.004310221388039667,0.078422478122116,0.4299806631836495,0.005111327534235397,0.04870910332429346,0.011246426336813642,0.05664135939477366,0.047426239239247325,0.2006805424227584,0.1466441293761458
cg16817070,0.41247572198279836,0.08725149276144972,0.13425439504681408,0.08238863576346922,0.22796817898063507,0.1377920517526326,0.176721553848585,0.05748409874781457,0.03554084641844618,0.019622627604266838,0.1207762847384698,0.2433592224690554,0.02233029939680145,0.03708463077289109,0.039615570192692684,0.019612474339024084,0.07674427813183654,0.05450488119962077,0.0346976423932377
cg05254518,0.5838575925096549,0.06530358345338849,0.15643790172879646,0.04903100896593428,0.15463586405714297,0.04292369019825658,0.04241305460801863,0.01174781230865564,0.009010742028259255,0.008246262176834598,0.013516419415792307,0.3568442827974475,0.006037102878321642,0.009205038124214714,0.025350419678543772,0.012769018834907116,0.027156151257325612,0.027079259634567664,0.026601976521916374
cg15298486,0.6421336013593097,0.35492488922859394,0.25425239978987446,0.2385314986022482,0.3543830680497927,0.3439362142908776,0.08106135774477552,0.1822043766142258,0.008856722153134574,0.06786179166080686,0.04623236456542651,0.3598387610969093,0.05039159820884964,0.020313109833734667,0.04488866102692096,0.037598744483595514,0.0233436546810539,0.13068121921740947,0.07830904173064956
cg16042943,0.7067652055263227,0.5004340376546548,0.44112698905503056,0.47852553640330225,0.32674324944715716,0.3290419627705247,0.4727253949444771,0.32035870979966613,0.08229357455885505,0.31860010961259644,0.4693498180645511,0.43470248733573785,0.3355664204909785,0.2333933848153606,0.204658275597433,0.024943020101191767,0.2677607206729856,0.09746361215218774,0.19716968950516855
cg21828951,0.6819665167118292,0.04846534790791231,0.03781744600155068,0.3932717984605976,0.09506895793623293,0.03326039855779471,0.12899290135474045,0.017694503969867263,0.36758681484813166,0.10908922147202005,0.3481083402010334,0.526601334360193,0.06934720548030804,0.10243727752650272,0.02411145215809417,0.011166864264752805,0.09355352936100703,0.026015551590916647,0.3122743037391573
cg15431934,0.6438491495396275,0.16713832496771444,0.2759909522005523,0.18323317142510723,0.09049568705613464,0.09623912915013005,0.31194903213081204,0.08162672657931147,0.21721757455351648,0.10325297589966931,0.32365400417192536,0.49902914078828575,0.14562457629260128,0.141935843010756,0.12651960778350854,0.11719715383683954,0.18505463929042673,0.07645407173461516,0.15794861055361636
cg07110659,0.6614268999522297,0.20643855664440297,0.23232470524217122,0.306077301295958,0.26606666264829537,0.3858901312589767,0.47152089804428765,0.25349161741543885,0.2165779742783597,0.11022601064108473,0.4178769903408265,0.48556265243368535,0.16194631693880207,0.22888028613740724,0.14873345388669865,0.09657920722353065,0.36846439475654796,0.09789130274127966,0.08748897764139008
cg07859439,0.8385142983052811,0.07193146070233636,0.12553546575842006,0.15004007140819448,0.09792847564596185,0.08961048670147659,0.6260197594219881,0.045249653092140685,0.004905972763855546,0.030543975468810127,0.31401876397860506,0.624206764086212,0.045195019016411764,0.12650494568930543,0.05098642847291068,0.010092132495856608,0.3797672844092759,0.031021731018321255,0.051406347105476424
cg22446709,0.7172779525362986,0.04614930006844617,0.052406796307518044,0.05428370229668367,0.05353553280782475,0.03286983002661717,0.05104458422054664,0.006319430443276403,0.006398208015055645,0.024928027182236714,0.057750605701126334,0.5020462345880825,0.12346302006826282,0.008579507184113787,0.009501656776419806,0.007847053640512566,0.023833660406908295,0.022891993264557674,0.026543166156992624
cg21011133,0.5182560637349009,0.1028533510285335,0.08629628528038855,0.1726551407853129,0.29943170683911424,0.17796552113541403,0.10411037041400295,0.0226495030145022,0.08096591762898783,0.014347202295552367,0.10453016719213379,0.24527349826729428,0.014898821436513231,0.018958968143120522,0.020447701282749236,0.08584495186810819,0.04771174703891385,0.0626052597486721,0.06228373702422145
cg06139259,0.3412232190827162,0.05033216478741615,0.06616577661995221,0.08816682745394194,0.09642958306032656,0.12030034136734813,0.04663735757289471,0.009999542910772935,0.014925779987163842,0.011042692874691553,0.040831701817583166,0.17900197051993577,0.021478176387879574,0.007626886232944048,0.010868827146402237,0.014871396913721083,0.02632935504235382,0.047836209452465694,0.0394719807870075
cg24024661,0.8692554357160063,0.6058889303019008,0.22059353930704545,0.5708206776184743,0.461106590724166,0.6433374939849166,0.7038088596506831,0.11237565334682179,0.18887010984562733,0.09728932929326017,0.18643251449723858,0.4118921552172652,0.11004379852677683,0.07849476073759981,0.0681130228337796,0.19374250258264764,0.1652480419865171,0.20422995337027527,0.16391200951248514
cg26610808,0.558860799971924,0.327044325679262,0.2544991003278965,0.2584803258790941,0.35488233482885573,0.3441021082881368,0.08916678699017744,0.20110792080720769,0.012034302297965531,0.07636309576262168,0.04097329921878645,0.32014558320528674,0.05274542420340633,0.020847653458915455,0.055630738970945226,0.04590533065282448,0.023401114067558803,0.16934003833532874,0.08820614562111273
cg08446038,0.8777659709452643,0.1291934069051227,0.27798150468990857,0.1774102468893272,0.594759695888853,0.18981938321404007,0.6069036155912786,0.05237689609562912,0.01865576085035303,0.09846889448077523,0.7540774451109595,0.5791215922852823,0.3359684956785486,0.3626033494108203,0.08980871050194222,0.031660736468857364,0.26162768268296255,0.0913384604829311,0.07520804239004986
cg05922723,0.9085653932897384,0.7561907561172754,0.5544564153598911,0.8040865268719535,0.743456022465149,0.7475073740519975,0.7091736203098651,0.6660878911902104,0.6232886980503027,0.467565892950765,0.6106401877587202,0.8209715361012557,0.49467120463071074,0.4726324506349556,0.43271311581556327,0.5161431502891489,0.6643700708209361,0.6179327923476127,0.6989590726283416
cg18091264,0.8227198681956583,0.7047609769334078,0.6382228513532788,0.6266290356156091,0.5332738821785467,0.5798097540903799,0.6814969075127538,0.676382252114719,0.5839421367085593,0.0818612684455523,0.05211817245356298,0.7147385732882865,0.08907050157044583,0.06078109507018392,0.5234174651635767,0.47834428048821065,0.615118002242163,0.5026649996065682,0.5598668173205099
cg02268013,0.8559731531349913,0.6994057924783579,0.6447885558610906,0.6446526741934342,0.6789183207970171,0.43273101539118997,0.22664328617397883,0.5229840245371757,0.4136480908555361,0.1517677086207032,0.157540444637591,0.6640640523524746,0.20312407480602307,0.05033393389148927,0.39969493611574725,0.24357462738131755,0.07166706886763907,0.31052011009685476,0.4941580596108754
cg04813697,0.8779934840318175,0.5763513889662083,0.4769671796229731,0.7496230232470313,0.658793347487615,0.5697575878363533,0.10510816115681354,0.667668811256088,0.3748518739689295,0.06887399641695972,0.041025832511571506,0.6868222899466039,0.10070529417016338,0.028680866393637712,0.4824844480095519,0.06849377511612083,0.06428089846692096,0.5325062477175706,0.7058575134222115
cg20889322,0.8591020260215061,0.5685529813900494,0.735112250707042,0.5944285937171763,0.48152327221438646,0.4160025670395373,0.6447555592275086,0.34310850439882695,0.4094850424510138,0.12156624677492792,0.507965444370175,0.6594385013865163,0.08666373883765188,0.23276382034399135,0.44643100624017007,0.2600728061485658,0.4731435507857347,0.28579489644433775,0.4101259381758046
cg26727372,0.6628207307359824,0.2444595288628975,0.33040552192083594,0.2462222112472951,0.11084040381449417,0.07568367131267995,0.10744394641603427,0.08294302592893998,0.17383333911128776,0.028794774028490625,0.3069170499874056,0.41091637254450786,0.04370176704624673,0.021934657615140702,0.07765697826420731,0.043548599101118635,0.05609947873953891,0.0542551834238601,0.13466424816433642
cg11948159,0.2559374412317042,0.056616822650956404,0.05855234534520859,0.08045261681150673,0.14419676543192045,0.10656246349108683,0.07160215055147312,0.01822406951569209,0.043507485191905726,0.018935733547366336,0.1093381353175652,0.1202702998336494,0.02504315300817668,0.01983070468530077,0.019042570921803427,0.04928576050861194,0.029151044735488865,0.04168290498247647,0.03734391818745658
cg14114377,0.9094276400026333,0.6572348976333705,0.666247329781482,0.5826352526654304,0.6075685865642313,0.8101653552456015,0.34275485988238097,0.6366641642414497,0.4769857517626154,0.09760817711881753,0.2573558229242073,0.8081333403156858,0.053139296674441394,0.041709595947923006,0.565308716447223,0.6239875335535181,0.14474320690107378,0.6725287169481768,0.4919078918741687
cg19380361,0.31249225823769333,0.16590678824721378,0.19869446563856594,0.16907495099996334,0.07082833133253301,0.1186285362853155,0.12142497370080865,0.05786678468687763,0.05714411405660127,0.04570815450643777,0.060119315497990725,0.09684307109713494,0.03358943424979364,0.035851985638188665,0.03881779375501404,0.03273259337156611,0.04713547671944825,0.04757556247379552,0.05569007263922518
cg04006143,0.8793983865207173,0.7343678383768657,0.7286090217106416,0.7114979566791988,0.6346137717092668,0.6516748851713624,0.6701659094167829,0.48022009406937266,0.29754213012906794,0.03439302612199733,0.06863608933508525,0.6131069403439189,0.022860288421902113,0.02792431471817021,0.3918589688785088,0.3383234397277307,0.4059682718470013,0.42382143504656133,0.4389998443946833
cg11826008,0.7945247550491221,0.06500799839953969,0.06312506866458434,0.6370893508237654,0.6261779770641704,0.33311962369284387,0.08113786785528965,0.025219171050921262,0.5844154806316753,0.037452414692759284,0.15221472973916333,0.6874442820035196,0.015769253822482853,0.016564579941947766,0.024856394114829827,0.2457800514883895,0.04288506574888189,0.2425404287204957,0.5717579583120022
cg00244001,0.6396677456777171,0.35710903037086655,0.40175681141939396,0.13936821704752705,0.455242625961765,0.12483251663696748,0.45708329352478816,0.33907354567065706,0.16325108919953024,0.10494260383648968,0.49414635565271675,0.4422822379050242,0.179821800082714,0.0676372705570657,0.3210143290948527,0.17307766547632977,0.28913450023970033,0.06279821648505551,0.04370752031228182
cg14415629,0.5075155972315285,0.07232836830183309,0.08632583084094625,0.16507377403316795,0.3342168566848749,0.24873329297545796,0.28001811549351047,0.008310535254220557,0.0458975521261879,0.006788174136714382,0.01608395389145848,0.2028036220576508,0.008613609783107535,0.017973468807615578,0.0120776006603386,0.03564859486462422,0.12009760453239943,0.10406640571895082,0.05135838663474235
cg06207201,0.9176883743695006,0.5060762087502086,0.7222505412145138,0.6581997170141627,0.3823942745411075,0.6711759418968624,0.7959213092515488,0.36538999576104736,0.20175579000433397,0.30054043303367867,0.739457827042164,0.7131246801791868,0.4089013378110429,0.5663590273160957,0.6278376140719453,0.3129680182619387,0.6018980678665822,0.3992265385354098,0.4225361740516376
cg18263166,0.6156981722901418,0.08712419942490246,0.06674075108067284,0.0696245931356041,0.21188597213950397,0.2389063934035395,0.06717833246478594,0.035793984000765944,0.02323597342672079,0.012112422006811832,0.01895421150891568,0.44349553936501074,0.011911139094889249,0.016702588980509074,0.012557451960772119,0.15379005454825392,0.04284486534636878,0.13462250586704877,0.04627809614249849
cg19217955,0.3140200823464443,0.07862805504749715,0.09148579099244702,0.06055707542618549,0.054153346902830135,0.07308116875420184,0.18888247584653214,0.06827971182838921,0.028661043485946502,0.06031084768000827,0.07245219847455098,0.08762080024831531,0.06279519836802261,0.07243426369563483,0.041227668868689005,0.02526703185853764,0.052077545973587436,0.03629896213462103,0.028954593998562074
cg00366435,0.9769970645887414,0.05391485026040209,0.22031474348411761,0.9656255855797451,0.8959060934166637,0.9749079694692997,0.947036767036175,0.021396200853737637,0.9599822862136569,0.08235785524013106,0.9620661314235924,0.9782523722710021,0.03936535343936287,0.8460607345052651,0.28251995259956253,0.908099341262349,0.954855870047483,0.9648039715723997,0.9727450660326603
cg11848483,0.9563704519625001,0.05044015499720884,0.10977535126380633,0.9654417413311285,0.8814748831961824,0.9703070869800277,0.9741032794399096,0.01257642609429152,0.9859690598360036,0.060292616867872795,0.9502589226781051,0.9771264093956107,0.031766115044196366,0.4450378385657856,0.057893226337354,0.9831121704354695,0.9691156446641458,0.9726623188431051,0.977147178924992
cg01154505,0.7801792620324933,0.08632012466607301,0.3683605743904119,0.9412741437402032,0.8705645499538629,0.9562147884206673,0.9545846780842062,0.18266422454333944,0.978581528914737,0.33503785030330374,0.7377289800685547,0.8569247569880634,0.12991801811477463,0.8726926172539791,0.5819023464747037,0.9778227270331499,0.9688974608985313,0.9657743896008555,0.9662422426706613
cg05705140,0.8278945797197944,0.07122616292510042,0.326356497250494,0.9589983694737315,0.8573146740722886,0.9630613388456335,0.9327207076195294,0.018849361509972434,0.9750304750928594,0.10559788616043553,0.9100002002733476,0.8543713229919621,0.10615705250419416,0.23883685383072345,0.09811549141099557,0.9705325371667046,0.9220710386400335,0.9626016770992963,0.9686999307823237
cg01874152,0.9296923072986298,0.07600238042056084,0.46754888330509004,0.9449227489153671,0.7528636963654914,0.9506974057729746,0.870976824607784,0.04004156362383526,0.6337682380067475,0.06023281514604906,0.6194484448018038,0.9466948950407701,0.027086069889676375,0.2891937314120353,0.22342813952122736,0.9575885580240038,0.9009377144590347,0.9630338716163767,0.9683519407873393
cg24841244,0.9538563141365395,0.04579095631402403,0.0667281586088973,0.9394085220851427,0.8444186939201223,0.9479124898353543,0.8106460225607992,0.01058002594241444,0.9628039467390486,0.024427574317764992,0.9778723023179043,0.9764163159511977,0.005463447792549607,0.01089330235638998,0.037426643465905185,0.9702102019798302,0.9564462257876588,0.9430553156412933,0.9601933425422504
cg23896695,0.9348356317606061,0.06514201050589485,0.08030557952527301,0.9349551734144715,0.8220433387889352,0.9137234176296507,0.9022995236484903,0.01864672601805195,0.9437439143105988,0.3346985737842263,0.5675673106529568,0.9492288901208046,0.6293294406058336,0.6918159226173475,0.07740086917121547,0.9250105628828358,0.9016192922662976,0.8834093533138934,0.9508356177009071
cg01490728,0.9171535101188799,0.06451517046980304,0.2065586240663717,0.9027434573779476,0.7225905946920502,0.9043591108827531,0.9205263661663253,0.060494839000554745,0.919779217287929,0.22549838918802856,0.7087289429785204,0.9146061265408034,0.11122915852807458,0.6597838218540906,0.3611754840366507,0.8921376268698297,0.8976455575287432,0.8922859819049295,0.9254015163383077
cg02387618,0.9677539311539385,0.10381691549729788,0.09100751629928255,0.9559454928118973,0.8699298736811749,0.97040624214365,0.8266174038417597,0.05010840415975726,0.9761846150764623,0.4564685299669849,0.97597118695912,0.9784591637118532,0.708321164897808,0.7447423940846234,0.1334917129608975,0.968563144891561,0.8590980039968883,0.9699309981298847,0.9705654503573297
cg21254135,0.9096240854852782,0.08040996236667752,0.22449577991798558,0.9166524812532404,0.7386071755105,0.9159988517284217,0.9000058964066882,0.08433580486849201,0.9430936358610859,0.45023556534541387,0.9573268748257624,0.9502859326995403,0.33374858498646287,0.6630814205761442,0.26338829514695816,0.9508564787957328,0.9271922803881596,0.9280190691902992,0.9439137521857622
cg26166854,0.9533525166176211,0.11685657466770727,0.5581160418767325,0.9465937437195837,0.8921778178399494,0.9580423929033162,0.7093799860178163,0.02376920436948998,0.9654083694405251,0.07933000429166848,0.969914844406847,0.9711370458119204,0.2033158551999297,0.4588410439907179,0.27735119353189414,0.9776000285926892,0.7571119253591045,0.9610373302474176,0.9657927943033731
cg13750061,0.9438227394329407,0.05476770370557142,0.06607411818429232,0.9318218370377025,0.8595978776911084,0.9391321309790194,0.9218569913154698,0.04399930258257079,0.9491959507412768,0.03293981148239897,0.93419044612105,0.9654378012194911,0.031208279110247594,0.05366909671988507,0.05511176575091753,0.9580985520213712,0.9437196904808594,0.9473192195403702,0.9426326025782575
cg07133479,0.9411225629575948,0.1220015773989298,0.6205912483940557,0.9070140402611813,0.8896731079860629,0.9050964499632872,0.8820527946441448,0.17648004004018086,0.7808584562580034,0.4880369007255152,0.8891828638891152,0.9517972756333795,0.4618553302009766,0.6900277955090451,0.6495560545916153,0.4704281133132275,0.8572376735910305,0.8653707374163153,0.9153582852831362
cg14136214,0.8776849874251076,0.10889422089418788,0.2169248803161331,0.9290234435408563,0.8969121105898188,0.9431742470122997,0.9385225295682103,0.18097254633030974,0.9620896420372957,0.638697966822449,0.9376731107727456,0.948530915511701,0.5439261922714655,0.883420047978274,0.26407822669209646,0.9531780353920649,0.9519696947768745,0.9375801170057981,0.9436558183261349
cg09695307,0.8773975986762095,0.06766479537610659,0.1610925548231968,0.9431560387243205,0.7715049988973286,0.9402811425511741,0.8494881643656669,0.12721136628767515,0.8687639787868349,0.41715430245342566,0.921103590318118,0.956915421989707,0.214286745187068,0.6297981445707629,0.20066060877192865,0.8253467832202069,0.8549764501913667,0.940749675331182,0.9574749084419232
cg24662823,0.9618913075379236,0.08970770080131585,0.2815866940895117,0.9508618780101006,0.8657091143438868,0.9578353860363082,0.7547716686841124,0.061262333318064854,0.9360242841700225,0.21526943790008857,0.968869817325873,0.9757505993869959,0.10663112367747873,0.3677706697436498,0.23062388231697115,0.9102593943389456,0.7180601727889626,0.9546304090156699,0.9658826021113656
cg18735089,0.9712763130373874,0.0823100933108325,0.10019633627764896,0.9618635843549719,0.8954138908533074,0.9731031538452629,0.9082944324732887,0.0220511800717137,0.6210809475589865,0.21861007376112984,0.8656281046031087,0.9805562778331804,0.10633719844573974,0.4759600264001387,0.0744866982394134,0.941635188396948,0.8332340031129841,0.9699046452972928,0.9695919985210697
cg22668906,0.8651429094184535,0.09844960823983229,0.21216193295613478,0.9219421694003238,0.8463087967704624,0.9414383825630099,0.842714092499888,0.1907462732065227,0.9402079010034113,0.6957599869479213,0.8213348796386701,0.8927454983056764,0.8176455798474255,0.9426048736255588,0.2975863091929991,0.7692134471808107,0.8340032683303946,0.9218111892341476,0.9377024926764674
cg06915826,0.9293638276668459,0.0808932219918076,0.15465393421910878,0.9312521635432306,0.9175061390699262,0.9300602881058255,0.9093278679254776,0.02139843475627037,0.9623362179093753,0.04383524561883034,0.9470023686105373,0.9691341797641972,0.026691206276202018,0.2591738965040509,0.07180863529615722,0.9381408279454344,0.935805717214444,0.9334379063100597,0.9555748964196784
cg16775598,0.9502038141775074,0.09267288958833009,0.1775432252884239,0.9351835248215739,0.8540729137779635,0.9443314729566021,0.9336410015094432,0.0851064650067157,0.9187866046882995,0.20067887158025483,0.9364517721010303,0.9630605412829427,0.15155327135773777,0.35173043862128295,0.1534848447295164,0.9425785227354438,0.9399358434696679,0.9473259707763555,0.9456667073520009
cg26280976,0.9628294823699958,0.14603145786897687,0.1356788955444967,0.962047860680312,0.9117809449701361,0.9614374716343219,0.8751158716239156,0.10517261388149246,0.9767651571866054,0.8812858485379301,0.9762603725277477,0.9777103518194876,0.9547639047653749,0.9786680626812128,0.2659029822090685,0.9614648974950262,0.9183048241188139,0.9689838161541748,0.9757218806555344
cg11162888,0.9375425575256573,0.08819447807340741,0.11077083508672214,0.9173263415702542,0.8015323285000397,0.9366270378346857,0.9289309800939739,0.04131834494021325,0.9620182080587956,0.19483232736461112,0.9585341170607444,0.9724101089286659,0.039310901767873,0.6720678745668655,0.09336122584805231,0.9694066123084353,0.9406552803855183,0.9425777771242954,0.9620260217023702
cg23357533,0.9588729741795845,0.14289283178223225,0.3658536707754001,0.9446122850232491,0.9579283165615304,0.9443062280458846,0.9519384979551533,0.04005071056523157,0.9484320651883213,0.291052491318884,0.9663556253874623,0.9675027429714691,0.20224319076445973,0.7877083026824228,0.14934494048988362,0.8393240778901219,0.9485391903126282,0.9371514346584391,0.9474232716077936
cg05931551,0.9537333819563485,0.21830405561724725,0.8037145596757539,0.9465938749285203,0.9357115028529271,0.9510778387584298,0.9530075697736308,0.2986045450868171,0.9570406835965,0.6212285162851772,0.8587240221222083,0.9616363999220532,0.6784291042640231,0.8024359069290559,0.7727943960434165,0.9472264737216433,0.9496787067032115,0.9440888348031049,0.946386335520687
cg26400113,0.9415824611356873,0.07803789943000061,0.08920891237862527,0.9494521259363637,0.8528203493556468,0.9475599212488233,0.8904365053452512,0.02934245309108875,0.9630607930124864,0.1052640177764641,0.7999802145707757,0.9374769120974749,0.057707836335873286,0.4388195237708854,0.1333965393173434,0.9617082251614414,0.8260214582700376,0.939774592889792,0.956693785540866
cg16458838,0.9582647933955408,0.16279023369346074,0.26166895203866347,0.95020076645161,0.9358444391746951,0.9485666418034804,0.9411766205061024,0.28316087215655855,0.9651088494673234,0.8626661830168674,0.9672245782126612,0.9707741411729628,0.796259230532037,0.8514200307273077,0.36559318104545535,0.9543662122961565,0.956191500277886,0.9494332508661971,0.9642815508575666
cg08639389,0.9232941160063106,0.113944196069524,0.17069775716721006,0.9551991337024643,0.9061859515155167,0.9587975919677751,0.8757884905268875,0.09429477499071626,0.9476764934367348,0.6490295389971954,0.6693202946919439,0.8656322158543011,0.6379366030593218,0.8453683818895331,0.18477890423889912,0.9698334939844235,0.9290257309286432,0.960895918140241,0.9581400330305448
cg13484324,0.9526927574207491,0.13940840508540095,0.23327386357808316,0.9530974936840371,0.6189359595183923,0.9083740367402899,0.9628223099958206,0.14443502733162972,0.978211789804015,0.8296506661690369,0.9608564703337541,0.9719948962436273,0.7382854253743076,0.9697239774407779,0.35457461152316005,0.9832195542146643,0.9611895372925738,0.9117632817776762,0.9561250284733981
cg26921093,0.9629841001465795,0.10917071500848663,0.10336390926327227,0.9519926644157349,0.8828788094941926,0.959251902712522,0.7985364308196248,0.03854387083859523,0.9762117258551122,0.6396139135470033,0.937013177913291,0.9769661697159566,0.7212508050977079,0.7864205503478289,0.1858046665826822,0.9834781312103724,0.869705836009382,0.9667057368623035,0.9682720763505037
cg07679948,0.9591806950912272,0.14831971700496926,0.3149102655039918,0.9485343650755335,0.9441757355904877,0.957894334486289,0.9539401654169225,0.04906480505795574,0.9757852570569239,0.09090253748558247,0.9644211470641523,0.9726108089751488,0.08687531130665781,0.3994269844648267,0.14662400017623417,0.9734452097315967,0.9669279275425837,0.9621827590025469,0.9654178674351584
cg14522718,0.945776728902556,0.06422792475306498,0.06952869252588084,0.9216210894256742,0.9283504783828501,0.9207768061878336,0.707597338268234,0.042242584252213077,0.919069065961811,0.28129975394413087,0.8506046803163907,0.9311513521103048,0.45996445335642344,0.5518975789445827,0.07250413562438997,0.9273100988195865,0.7594994969416033,0.9054010788403856,0.9259177355152587
cg10558740,0.9600534499519001,0.09035865394087539,0.12256197675015235,0.9424550769593762,0.8789767675897423,0.9500905706969186,0.9256990100054732,0.09742577877691416,0.10750701231031035,0.39975206811065667,0.9738494158791435,0.9852252941363465,0.22376314482202558,0.7493804886028155,0.16285864437169367,0.6574134272963229,0.9314334254924534,0.9326754116525662,0.9602621978348826
cg20661080,0.9418153118910547,0.056802525793184566,0.059313149418625144,0.9163008706737803,0.8403647809834672,0.9353837530163442,0.7426720084591174,0.007607101181564204,0.9310994569373073,0.18611987981037403,0.8182180420010472,0.9661990768966509,0.20211494640344654,0.30512704532248036,0.04449478780071742,0.9494721660106564,0.7972591806808421,0.9455139584422041,0.9333295487911331
cg16193207,0.9194082506623139,0.0836472495331042,0.08635852974136554,0.9224043577464034,0.9133494551956034,0.9144846893894563,0.8698281697761294,0.02000312940293042,0.9347439070063224,0.2175830144662028,0.9616445344501989,0.9495781817437403,0.26245263248202444,0.3810816027662115,0.06965963632003325,0.9492396173134979,0.8933437455824456,0.920400431682068,0.9391531396259767
cg19694519,0.9441041886978734,0.14170081224417075,0.19368541766688951,0.9385160597274996,0.9309058814398024,0.9519061898619796,0.8745780853552088,0.15127067185914886,0.9596283109760766,0.36888101939596785,0.9647799691156248,0.9494566243177781,0.6128724429610067,0.7104690718849954,0.16668359308060715,0.9705797656290298,0.8960647678577346,0.953298762921001,0.9491417224370721
cg04180114,0.8839978717868343,0.07264144521492732,0.10513358228486253,0.890173195658204,0.89638024700454,0.931020412155152,0.9122642914285428,0.03846138685300693,0.9582187746174295,0.06486152416701352,0.9198724010293731,0.9657245422887684,0.025108883316362213,0.31637946997052147,0.05831126969144401,0.9715522388539355,0.9533368658709362,0.9318802657569983,0.9332400027227319
cg07545925,0.9081744858221288,0.039854997505878585,0.054222380693064925,0.9367541721277249,0.7616228318738979,0.9394514273762198,0.7112338378097447,0.007410207692315775,0.9504505340639485,0.011184989794953056,0.9034498131565197,0.9516601021085189,0.009239499179936562,0.0121067199789776,0.028876541526599554,0.9494572009681007,0.9141074569737908,0.942385718200468,0.9456213194949781
cg11840035,0.9344530274295426,0.19339451992436293,0.5247868896204648,0.9409028889114913,0.9492752821379868,0.9333060416472048,0.9160127073721163,0.4170723900596681,0.9535123529198439,0.8845320257805243,0.9511943304957103,0.9450910231501701,0.9024200253391479,0.8936430639744458,0.6743011910183379,0.9593526868777457,0.9245199164915718,0.9538202558163285,0.9562606979048007
cg16452866,0.9502716897313439,0.11772853185595568,0.1794470743901907,0.9386681823717797,0.9151693667157584,0.9472145027043286,0.9453161927464344,0.06835286859962986,0.9633743423464812,0.09394418114797262,0.95667355687275,0.9617347147269011,0.09066009312517119,0.09024091873636657,0.1009400469261046,0.974032567587706,0.9565935496865523,0.956604626754469,0.9574746008708273
cg25599673,0.9316401167712609,0.13473032554808684,0.3017154042575648,0.9314695714977594,0.8898707902432142,0.9379893211447211,0.9329974186176975,0.04479605140565024,0.9535533583280202,0.27794742028656316,0.8759166328766135,0.9510716459305775,0.08167029895649125,0.747597479330236,0.270721287632045,0.9670793047062605,0.9519974691998683,0.9439770494323605,0.954145436965533
cg11710595,0.9633019226607922,0.184613867628785,0.6839527202838849,0.9453752128392574,0.8202828197532257,0.9603800492121498,0.9302597313592509,0.118266905190622,0.9379238174236917,0.3023628633218901,0.873429322440527,0.9760255714379011,0.22002569692867455,0.4012299035139445,0.5148634344559088,0.8642490792066507,0.9303308987071319,0.9538013371000139,0.9475866547666849
cg10837404,0.975257308905199,0.2239930536712261,0.6762142535360005,0.9706038483810189,0.972619683303306,0.9786146251190078,0.9705977150463105,0.19452382019835637,0.985000593734345,0.24606663443767696,0.9851147158679872,0.9803237021234963,0.18618381316175897,0.8158285867899769,0.6083872137961288,0.9827281195411255,0.9751774959711228,0.9769940088102151,0.9739365210164178
cg10240150,0.9316069360144348,0.07000047086150318,0.21283608954592495,0.8992222280198077,0.7818456598572638,0.9052922498309797,0.8281348656614467,0.020724700087618293,0.9026541225751481,0.0670547592313514,0.9133704134519464,0.9535556700770746,0.07014148281618549,0.19407943180249926,0.12662317544787421,0.8948014122993095,0.8902870480949593,0.8872858686058209,0.9351581558859143
cg15039797,0.9475552992904304,0.08330847996818769,0.327553191931067,0.9396859943242589,0.8734581337977072,0.9438021854799598,0.24987786968518205,0.14521057526238873,0.970405092093888,0.5977231875374476,0.969738807736573,0.9701567908817839,0.8299648064353947,0.7707666719358164,0.5021194090194137,0.9738130454435401,0.3268854036486716,0.9616203379771526,0.966020842506972
cg07110949,0.9564826407505739,0.15576857240671002,0.22149662944398646,0.9471910307618342,0.9569201312910285,0.9530564243276414,0.9107929563715453,0.28013838374878025,0.9754094441053984,0.48459288483776614,0.7691945649713594,0.9738898821422879,0.6723504397010859,0.7148576027375619,0.3753347938384182,0.964795588246683,0.9598777890650498,0.955783336420722,0.966175036567528
cg07781401,0.9552825215029468,0.16386021331582923,0.14357037030063957,0.95436669058486,0.9307891990587507,0.9534589932079083,0.9303764918726396,0.15231228713867023,0.9712665339443749,0.918966218160955,0.9769962091935138,0.9723359010580915,0.879636637118036,0.9379735270403322,0.2127235873998064,0.9639706648754849,0.9432596500322141,0.9601216251110376,0.9682387796368055
cg06164961,0.9528973598996824,0.0593892404183789,0.060685685785189125,0.9414919607150625,0.7921911590989734,0.955539871836074,0.6054909210215511,0.01360559861436153,0.9534170861001809,0.0204545112618242,0.9626190713552516,0.9757095261454427,0.010726100010724974,0.013942475795922208,0.04276249746368299,0.9697187396685505,0.7441870074094519,0.9482652211136752,0.9634357700103696
cg27519392,0.9252457049108566,0.11219362069226191,0.22884394674812353,0.9128987689416781,0.8450438771335047,0.9280333374197052,0.9260752202334668,0.07809129717073215,0.9460377926384328,0.09851803819838989,0.926449980266913,0.9345756569255217,0.1642425785777194,0.26677069327633296,0.1954100005865225,0.9379683524639406,0.9235037573120578,0.9139367556905136,0.9414707479106141
cg25226014,0.9414955621396828,0.059858717048783615,0.05480597262259283,0.9562614679527142,0.9395637146524625,0.9658156746697134,0.5667185241555901,0.015064398065652391,0.9778918097605231,0.03278682401289272,0.9794251288343674,0.9678858262939494,0.012247499454340728,0.1053580696956346,0.03742723062091102,0.9802574083117273,0.574974322541818,0.9655674776904828,0.9665845545850419
cg08280368,0.8360636720028212,0.08579080038993814,0.1374859029901562,0.9485042335352731,0.8503535387409842,0.952334039792357,0.928580349977464,0.027842143194708083,0.9246235844743811,0.27954655350306223,0.7611614575202122,0.8488162974593324,0.3584120881231618,0.4525015598540443,0.07320065660285185,0.8862913071514272,0.9170346896435918,0.895435391177811,0.9471777448155148
cg05899984,0.9526992066188815,0.15712211867798195,0.24612620502489785,0.932463242097632,0.9027730043068961,0.924742058688272,0.8735719813010554,0.22926596827667817,0.9255603963259889,0.7765763313286254,0.9676785268843628,0.9607507483951602,0.7503334518598415,0.8533331335642542,0.2513667429508959,0.8799540674450823,0.9250747091454694,0.8991879199005928,0.9340071686640203
cg12353788,0.9309175963026587,0.10597206231040668,0.30213199941315344,0.9045299003884868,0.7378490825667897,0.908499189825261,0.9139236809959346,0.0896724553283621,0.8823251158974541,0.12139395922053997,0.9499431329778115,0.9474597196785097,0.05216745686189905,0.2921100656794524,0.14959328739519046,0.8367043226684808,0.9219641234655556,0.8821387117014474,0.9297909071050843
cg16230121,0.9079742252624208,0.07709065139192328,0.09014315249579652,0.8886834398321053,0.8473302914923946,0.8988253177343215,0.8298460131446902,0.02295839101007549,0.9407666159751356,0.21323234881117836,0.8047268702822716,0.9351404479928794,0.1495714153850164,0.508504787988463,0.06853823877003712,0.9407836029552147,0.8741450601449184,0.9113723737624795,0.9303113735934727
cg10414350,0.9507553322528637,0.1703584043423474,0.48351866658228027,0.9414834573578924,0.8925406481665525,0.950529377343021,0.7974592212664019,0.2417623993272453,0.9574403381869534,0.5390910120248615,0.9514163745994593,0.9691272104112596,0.616306513321345,0.4873755958799364,0.4189670347015534,0.9725005867471146,0.8385387594195988,0.953237280236888,0.9603440001990877
cg21407196,0.9137432782049608,0.09542588547488673,0.0933901737190923,0.8975996591405853,0.9053374212531191,0.8857663348280413,0.8298531100416437,0.10778475250520736,0.9197174478449668,0.330429365134975,0.9405850826969462,0.9421149688892558,0.3387926955837851,0.33085567041930364,0.10692990468284796,0.8678561435229065,0.8862189094143241,0.8956103950254779,0.936686383142318
cg10111816,0.9339111378875886,0.0649215069885184,0.08704006803173892,0.9121813245751886,0.8925861652848857,0.8898104823741639,0.8876600472560213,0.019891109058333,0.8763440209950765,0.02349995877707,0.7253831551721679,0.9581297808929754,0.014677847123034398,0.017718653619945426,0.0339322751085628,0.776018447996577,0.8723880203633878,0.8887963789624258,0.9241918584843676
cg22277485,0.9421142425841388,0.10662600607087447,0.1097530106745972,0.9417992311536711,0.9039293528260953,0.9335982138531583,0.7610329983251842,0.13454124384775612,0.9606942390090598,0.20888984841093447,0.9012618313833494,0.9629865395460397,0.2665219850504234,0.5927436907379957,0.1800519032018318,0.9617305821375995,0.7637078143960123,0.9225604217403254,0.9582140505407315
cg21027282,0.9144855329871227,0.2024373083507733,0.48193718796735996,0.9258832940327925,0.9435260835280126,0.9233551881080007,0.9440926782191871,0.389109069598838,0.9707621069724601,0.9073225673422076,0.9722186007809166,0.96575731129309,0.9180212336940476,0.9590528355251209,0.5049527947982121,0.9668049688124696,0.964461152631642,0.9652606662258245,0.967561244301298
cg05074138,0.9062268241020282,0.13115557626856356,0.3612101895833111,0.9064515018517036,0.8796651994048285,0.9053698379044215,0.9087520906219375,0.09526984732030319,0.9283600004881543,0.09873433742325655,0.9410242861071759,0.9442235428932345,0.02292165901466931,0.43130998475254556,0.21275179733164606,0.935595065315052,0.9265012680915987,0.916745809989862,0.9381677451788156
cg24008435,0.9535131145782907,0.17735240696204524,0.4335288571144764,0.943396138766482,0.9433661243424645,0.9518841856624674,0.9409749886710062,0.28670606943131777,0.43588916185057447,0.3717372556156924,0.8629740209573673,0.964605538111091,0.19913775601068012,0.827797607969968,0.43979415562800883,0.9533137525617792,0.9405982949739693,0.9651350494853751,0.9599461316322392
cg07930673,0.9375379334974483,0.09074787208544655,0.10417006467824391,0.9295191871411983,0.8551622108030239,0.9361456230085268,0.7730010555539552,0.04113650815606995,0.953374283013424,0.04985860168577061,0.9171223022465609,0.9588751369984505,0.034045662152141,0.07832880191326258,0.05660008703763819,0.9562367769793501,0.8724679109710819,0.9458007796615195,0.9480841487072796
cg16675872,0.9174760273591156,0.13298588498359076,0.17022897665582198,0.9579755849471017,0.883407092994926,0.9637121036035645,0.916690363252015,0.07046306445590589,0.9703047557206844,0.3067371213849113,0.9221506762753756,0.9730552133101845,0.30360890101105986,0.343763668297068,0.16545454200185888,0.9808052986396599,0.9461979101939342,0.9671451572686851,0.9655072584728285
cg11210357,0.8887811166627272,0.06712761353372398,0.08968852532514732,0.9171996931174298,0.919439448906726,0.9121984632470936,0.786561243006293,0.03317286774366909,0.9416357374372227,0.05224214331300914,0.7530617518186882,0.9434872896464417,0.02658536132406822,0.11651663081624059,0.05013549163965886,0.9316959951660049,0.8443100617217567,0.9208271009129968,0.935731881971281
cg02072492,0.9531888068923031,0.23062726448830212,0.6507524103732623,0.962497652334826,0.8767803809486825,0.9547658859674498,0.9474112418288196,0.2754690216615084,0.902101718768084,0.8127216072778269,0.7989168806075996,0.9652325406520845,0.698949694281833,0.8921912076431743,0.7724278553089623,0.8578078849151558,0.9522774705346098,0.9513393124265859,0.9741348028417982
cg19679865,0.9209440101343307,0.11130226570887991,0.1039573336544996,0.9274317079091141,0.9022648680384363,0.928786265634802,0.6824612573777871,0.054295107341415516,0.932736672889649,0.3180915943599205,0.950533300820012,0.9586695921473667,0.37172455935140625,0.8786383524423833,0.12655550782522834,0.8911787976451189,0.7265281108562411,0.9455030958718353,0.9494954379737122
cg07728874,0.9144358206474044,0.0525998681907844,0.06044723283195845,0.8892594607453339,0.724905779909987,0.9030975339251117,0.7328065844723449,0.04086672944018266,0.9253063224374289,0.041898131717842735,0.9213682739661293,0.9243487626194598,0.012359161877488593,0.019336918560552384,0.05916326590669441,0.9278647959381562,0.9020451185235834,0.905109919251658,0.9326110538853587
cg21845390,0.9135589774037568,0.11345527186883342,0.15108027723460066,0.9097976273380961,0.8799619546756661,0.9345960031482223,0.9034306807999672,0.05528492464640966,0.9463413373479397,0.16533119927046386,0.9648998316010973,0.9411169643090673,0.04996003211874567,0.5969550249113074,0.14682645721192458,0.9469288591697401,0.9338973199396439,0.9415574262473778,0.9509124784973254
cg01040649,0.9347657735726385,0.1595784743141682,0.30888186434140996,0.9487827855997348,0.8643820730179602,0.9484339440345366,0.9281993849818793,0.060492345083541954,0.9063116809821745,0.2066460974634109,0.679709465415788,0.9319424510254775,0.05685179857191447,0.4761266129051708,0.2533347013305959,0.9498326109734634,0.9343541831438251,0.9559883551034033,0.9592388609229312
cg08486432,0.897648702342775,0.2078220459194211,0.7238307107969779,0.8701133854043727,0.6762759934666013,0.8850050989527267,0.9020444235751159,0.3631633335058302,0.9048697088241476,0.7803743449663331,0.9418946198582268,0.9102823347105153,0.804946876639943,0.91204994176839,0.7254158738371062,0.9196747844716153,0.9241097918116755,0.913580870666613,0.9045014977937651
cg05262463,0.9064119850479817,0.08183402123890848,0.19256971658316824,0.6861036806250926,0.913247040208252,0.904562175177047,0.8270770917480772,0.04606929529976733,0.92514739124686,0.2915571198632778,0.8971380193673977,0.9198003167984935,0.3748470076129481,0.5665455478664368,0.11878430660687944,0.946234302276911,0.9222468997905958,0.9175721403391107,0.7549501512770701
cg03388043,0.9334410211335512,0.07253642487858374,0.08716988598606745,0.8976152636500997,0.8586557164469418,0.9236138608509895,0.6880530220965064,0.023636603723755447,0.952459746964432,0.047365470852017935,0.9411575463199697,0.9620164903243126,0.030251842751842752,0.03401708332932542,0.04231874050085825,0.9354272209389953,0.8025374516897162,0.9258099076221933,0.9368309610634044
cg04957307,0.9468823703358349,0.16927501749188642,0.2434317196606406,0.9357561319673386,0.8662450778677573,0.941887816715478,0.9393397740288788,0.09513131193031699,0.9662328552834818,0.6392978497650635,0.9646503750620545,0.9670034279701167,0.7204881306689754,0.9473282069105902,0.19974633559087257,0.9658343197162489,0.9373570555370971,0.9372003928081346,0.9387175352675328
cg05163268,0.9111965382069027,0.06600466737948252,0.07581126314527337,0.9153331332573647,0.8540003993099328,0.9321440887058986,0.5452740217692698,0.028785209238958113,0.957330338239033,0.24388627499429313,0.9656636608950183,0.970484643578913,0.2038589014331913,0.22963483291793113,0.05569186047900443,0.9605973765297295,0.4595873298497135,0.9428699791916278,0.9516542512893743
cg26720010,0.9433209342601145,0.12020347706459766,0.0874985766982736,0.9182778606462986,0.900544119911116,0.9177029539622783,0.8535600974065907,0.08617611455562879,0.9395572788224557,0.3291511084278663,0.8992356493983461,0.9673992824289888,0.4472368653601938,0.38164980466107623,0.08649392149850399,0.8696145287794601,0.8785644562020175,0.8897741906934803,0.9210945467318993
cg13651908,0.9096894676681415,0.09789416775796922,0.27463552948550884,0.883723246919153,0.7362734609780637,0.8815547727534201,0.8089952394227845,0.06061400608181411,0.8785017484377486,0.12423856927359345,0.8624803674742324,0.9174410909893727,0.11911656682863192,0.3259886911793908,0.2078491311196901,0.8593536301666755,0.8432277253553455,0.8847139112744011,0.9220598304060718
cg19296305,0.9409385054087989,0.12316701039926636,0.13123971318516633,0.9001139936260669,0.6873621815826968,0.9041521313180099,0.9248079080396402,0.10055446857579398,0.9312261254852836,0.23969604194868777,0.8747671877971395,0.9559631160056181,0.30863782319078636,0.5805994069222997,0.11121589139870236,0.9349948062698172,0.8916452887209678,0.8895393015784829,0.9105441596560043
cg16578883,0.9283109299218175,0.09571167828481975,0.17288552081165853,0.881091552586938,0.8583125423487371,0.8713674006927801,0.6108918855062799,0.22852377325045797,0.9300620997601171,0.40836404728081266,0.9318518805522282,0.9418498970703939,0.6443955233305825,0.3690314024492345,0.2469785154512782,0.9203417498337829,0.7245079302697409,0.9176630756170655,0.9324910122936743
cg01558645,0.9367753406421724,0.09556074528026826,0.14569474379745262,0.9111444939658276,0.692079612898919,0.8972834823609195,0.7877454664797978,0.12359364635523773,0.8624699893270678,0.3370532932348991,0.8760481276727428,0.9507218504896553,0.36859946238606517,0.44103428090241187,0.1741700905334661,0.9259686939199602,0.8004741576305379,0.893690070084809,0.9277311709808418
cg14671926,0.9283479799284117,0.11338243919212343,0.24187985768715792,0.9097383261534918,0.8760639784825637,0.9124181153470814,0.6190170084981024,0.299995172454597,0.9379622854918837,0.41173900710958367,0.9426813812845949,0.9493287535355937,0.12842777163246555,0.36878836423765593,0.3259549721154297,0.9191617651717294,0.6690254756915974,0.9026428946142504,0.9311458995040544
cg01368075,0.9245955560672046,0.14725720528607408,0.3601937458031249,0.9190796717252852,0.9470862148966841,0.9089941647704056,0.8727155152676661,0.165354630676205,0.7550890137642283,0.4291217753041671,0.951343100814094,0.900099692967834,0.40926940153456903,0.5121762363303889,0.23027552687469705,0.7298285056989398,0.7279563386506287,0.7728279089298107,0.846652383099514
cg17991206,0.8734784282517627,0.08433340895267616,0.2427871706027477,0.928045893597749,0.7429209251999606,0.925453227036255,0.8177902993646506,0.058795338398832886,0.8358603570489737,0.12818172777845005,0.574469483915748,0.8336427192446025,0.09412119296749089,0.42064835577506177,0.21236487688418165,0.7820564841519873,0.8153007477375085,0.805395839365916,0.900813923571109
cg03611307,0.9079058647255527,0.09263688242068668,0.11263709854154497,0.8855549730790159,0.5031634392171277,0.8578595731346759,0.8531504154615995,0.06512347723908585,0.8222698416237681,0.3698101748358067,0.913005593161134,0.9375239290742245,0.5588124101543085,0.8327489876185681,0.14856093045499458,0.8071792536780767,0.8393134439511708,0.8431446822204361,0.9273468212123116
cg17458693,0.917622817310207,0.054090511814465565,0.1152285802446637,0.9161383993100011,0.8477269982753982,0.9124949918850658,0.6662795061062103,0.012671879369578223,0.9184692728333043,0.1311517587077632,0.23842224079963165,0.9136294782437613,0.022615761603982414,0.23602316508452753,0.03770616049187459,0.9308221432917869,0.6540503769596708,0.9049540402735858,0.9311667677655702
cg26137915,0.918846009449032,0.05753993766866966,0.06335797440335494,0.9163994056120799,0.8707374532720378,0.9227616922270971,0.5308107949185923,0.03315116891622808,0.9522007220467184,0.07122971303626546,0.936904589651931,0.9471449618174843,0.02557941838991018,0.059882801546762565,0.05016084231170065,0.9510691634082669,0.5631851411323614,0.9253772094239348,0.9270058772222638
cg21747310,0.8918128397692534,0.13146561653043587,0.40484872931567895,0.8762175803432253,0.8026563865769313,0.8953166821085266,0.8374555037625111,0.043136567900203704,0.8133113884425269,0.2556811167216467,0.948162759466814,0.9108247261990764,0.28792577444604295,0.4136580895728313,0.28304334697206696,0.9027645162843745,0.7737157551117788,0.8453429159463998,0.8955252616714479
cg00620024,0.9564071187198229,0.20583242511725128,0.5421367795963831,0.9542651062406226,0.9590221661448435,0.9535694571388759,0.9449647020272929,0.08877270521969993,0.957292822832901,0.1652256868153197,0.9389039421372528,0.9646464122117409,0.11975150982776239,0.3176443011500093,0.2549913459639073,0.9780655907471527,0.9485122879620581,0.951358059706144,0.9694445344479576
cg15880738,0.8938508595352039,0.052854389488070606,0.061713225567612384,0.892821516067485,0.7768897346407924,0.9123239808765815,0.6377237439196564,0.038856405653357795,0.9086652565504554,0.041852305389425415,0.9210555788389829,0.9148588272195706,0.021636587838875312,0.02555666080946311,0.06651853579919709,0.9249947486367792,0.883368309158653,0.9085424369331632,0.9224649997804878
cg06817737,0.9663782365350152,0.22764680443019736,0.3106303672938306,0.9667885466159449,0.9655219072841247,0.963369494066078,0.9362235379173912,0.2907492409853719,0.9799244703006551,0.6114682910083655,0.9657953787611391,0.9714815404364654,0.7906887498007721,0.9148178690032898,0.2767495239940614,0.9670991911860953,0.9353518340917198,0.9626925142334359,0.974549615887853
cg08932533,0.9071879265912508,0.20649114711533734,0.6134525152444417,0.9245223713600139,0.8777992048539816,0.9158432899149069,0.9284893073336061,0.43383101006805497,0.4851025987870664,0.7593936800255962,0.9235569471478384,0.9421436977256545,0.6287803376861165,0.90619555308681,0.6836593167685472,0.8421915757404679,0.9221435107610514,0.922330063724921,0.9243901033864871
cg22765299,0.8818814873670764,0.07870089487192322,0.078963818785942,0.9305399715921103,0.8975698336321204,0.9389521278929964,0.8111104012869412,0.01995320029320881,0.9169476738761186,0.034473796275531675,0.346952168776033,0.732186742497785,0.013830370463922461,0.3426516016636694,0.05840224602527955,0.9602836872538358,0.740500500403453,0.9325874481591536,0.9527328675532754
cg00103299,0.7907987362996135,0.08833565864899251,0.2587545646589619,0.8928288991267427,0.9136935203813342,0.8956884747752303,0.7896943595761385,0.03262217711722457,0.728590332867828,0.14847273926698912,0.6591156995130631,0.8507022424068269,0.1127621740078113,0.6931230657768743,0.21383130747657142,0.7575474428951227,0.8517697480567139,0.8813867068467632,0.9002494811747486
cg07930752,0.8959407636962164,0.16600244684487198,0.3929864583874501,0.8887817410719991,0.8265815871970906,0.8915696667830246,0.8956099876412922,0.17816257669062863,0.8738428026752021,0.2949276472890011,0.9062030498075706,0.8934177293995564,0.2799135717686602,0.5979445070515848,0.3948234595897717,0.8639209472011515,0.9164523640076623,0.8905035221448285,0.9300483129485928
cg24402372,0.9034556540517856,0.10983114936989191,0.07960402608090283,0.8967058285675409,0.8481614698947391,0.9118063255815189,0.7451709937549065,0.03460817808758454,0.9255831070491111,0.39489736849525314,0.8728184002077279,0.9178819690586945,0.39637473578118176,0.5900634654422023,0.09629218768704323,0.9203341733289154,0.802183312207723,0.8887606759299158,0.9214592580350318
cg09016797,0.9527569207718903,0.18945085688008606,0.49628906529096417,0.9306221323845794,0.8548592899612475,0.9340422269949806,0.9515834440181625,0.1082929200575865,0.9328777685141808,0.05537372963373055,0.8823629877506821,0.9565940153622745,0.11482041549813504,0.13854350271143917,0.2587481661171412,0.9161458079322989,0.9279363913305149,0.9190873441951737,0.9459137983219139
cg24223075,0.8801845854425947,0.06992773811703001,0.07870684399421463,0.8427306353072551,0.6410073584536362,0.8657578316711821,0.8107704583245412,0.03960657955217184,0.8831844938852067,0.27810903561119826,0.8163743047464244,0.8879192634916628,0.2406230785647575,0.543129037981217,0.09131512350143378,0.7465354610585179,0.8490436615526138,0.8589558685823412,0.8807864746268349
cg03976645,0.8711291697540435,0.09842159429382813,0.09678672416157091,0.9483968346281046,0.9429496996983623,0.9551268860928531,0.826121708376391,0.07715892600826035,0.7443719331685824,0.3756747418944074,0.21461460885352165,0.712754273789604,0.5766825450319873,0.6438282354392226,0.15177451326837976,0.8217706966837797,0.7951813665047083,0.8898871348269264,0.8476193049084234
cg13606287,0.9407900771792647,0.05452094135582981,0.0491029111882014,0.9504339534076236,0.8951749533949278,0.9505250213328531,0.26898440587454947,0.019256338924380265,0.9743181928745166,0.06092222036421435,0.960014684561064,0.9606725442277373,0.11856384070978165,0.2555504963171482,0.034218356626247864,0.9631943107082316,0.31607525631274414,0.9658537147868972,0.9619314278121939
cg16971827,0.8450046686132735,0.05603947934578761,0.061497114947465015,0.9130032585929988,0.7383947812443293,0.9317931297273849,0.4517681900892537,0.028861562255795423,0.9369194245357593,0.3813575636874229,0.9240398363144471,0.89586139059144,0.3121084490191828,0.5388323027946729,0.09822761674919928,0.9289641106415605,0.4788342342887655,0.9184115219031067,0.9397463459991202
cg18813599,0.891321065715968,0.054012484795248575,0.08265125378627713,0.8792234531056868,0.7769795106644014,0.8859031033394298,0.7201402540505835,0.029023559550074112,0.5818843819874571,0.19540018273539353,0.9104647802906884,0.891655722108541,0.09463138577665464,0.2660120026569901,0.04878779002979006,0.7682962686256696,0.6074448878482019,0.8360351111734294,0.8820181415038876
cg07643762,0.9448650597162038,0.1767963154877966,0.591115541313922,0.9311755953962849,0.9151692107507636,0.9253012117165524,0.7445795689613387,0.06860092785682437,0.8333703599135626,0.27453633396526966,0.968809702819521,0.9475927124165353,0.3146066499131515,0.43391801325470936,0.39736551866122855,0.8475075613553822,0.6652407375244497,0.8835640842391295,0.910477920650448
cg09802018,0.9187618807977644,0.4195744119439727,0.832880988763064,0.6944975275887443,0.7485050342095694,0.8364988234733174,0.9168862569797531,0.6458517456174703,0.8718119691501068,0.9224025054337007,0.9031882709437276,0.9095880668654531,0.9078075608186278,0.9195459337969933,0.8637526077136167,0.8382961193974595,0.9265655569377913,0.8443513539923765,0.6869546415140125
cg21781422,0.9342145203963989,0.567917541488537,0.8645408986748967,0.9278599677030761,0.9412144622939322,0.9338988308776202,0.9241573853770763,0.7511645183283309,0.9499108996753507,0.8034735860711817,0.9637048603710519,0.9662408202928146,0.7864856126107098,0.8847249313086766,0.9204384958044933,0.9523062963610555,0.9375328990488083,0.9424996809297561,0.9426086986003207
cg01303236,0.9557299528242207,0.6206163937701137,0.8920044038198183,0.9452885402733933,0.9019860872064797,0.9572554953412532,0.8816304920274294,0.9498785685970812,0.9753033510183777,0.965047967498521,0.8646814057987395,0.9632007422837666,0.9694006886984756,0.9532029746420492,0.9424396585015062,0.9718851518587412,0.9346590282954623,0.9637243772757612,0.9616623999375398
cg14001893,0.9707076910311172,0.4803891709956101,0.9123639344851286,0.9618278391393642,0.7822427279495365,0.9621965337285971,0.9729232671051702,0.772092325998146,0.9205865164319322,0.9120804011189763,0.9596765918494895,0.977934615888599,0.8177506872039358,0.9544323102958829,0.9437068403702903,0.9509305279098627,0.9564059810593293,0.9543005426691014,0.9685384034364328
cg11647481,0.9569930745220445,0.5800552104899931,0.8081460686621345,0.9457707962117858,0.9048303967397818,0.9574052131123394,0.9190642117060485,0.7583133921940755,0.96457330974664,0.9410903003034425,0.9569386092552168,0.9661947293884412,0.7588271103896104,0.9568545616877231,0.9092697380289732,0.9585446615517212,0.9384876632332972,0.9516997346577276,0.9569667177048916
cg27433482,0.7977492240748058,0.2572764475826521,0.47086704655568606,0.8386024179752776,0.7640891114195736,0.8386122109633198,0.835524031870462,0.5950413714884017,0.8383637397053503,0.6482713658133372,0.864179981557555,0.7880400019037769,0.7969806669302241,0.8630434771104603,0.7156659282209239,0.8829413401578192,0.8758843491074071,0.8219914763694425,0.8406931489025261
cg25330387,0.929001428174753,0.5344584926741137,0.8469479994644927,0.923181462110751,0.8162056096386463,0.9232383827397219,0.9265871416045015,0.8088250801583797,0.9242535649255799,0.8755850824627712,0.9185879900540623,0.9512591457858806,0.7894398963285937,0.8099001344353809,0.8542051357763227,0.9451225778625594,0.9133056023098063,0.9219698308318252,0.9289833133371167
cg10513161,0.9179858268326222,0.4282405403413049,0.608065693377559,0.8948401982271157,0.6862443546427733,0.9045084017343838,0.6152869013200214,0.6010236748173163,0.6499554121268092,0.8658278129213014,0.9113113576386587,0.944943261300458,0.8231655050283411,0.8080152869223358,0.6777952269245702,0.8217163606627282,0.6479231407992699,0.8900088188863389,0.9151700762817496
cg07480373,0.9477933864348318,0.48528850576752547,0.7339537368660365,0.9048620815730635,0.7951007127000133,0.9355232512180784,0.9397480376274683,0.7633368352189007,0.9129714502503112,0.9451389367505807,0.8856537541956603,0.9674913813943611,0.9065311244977944,0.9433019947161471,0.9206384611139746,0.9298371876323712,0.9501115746352939,0.9424473924611169,0.943158183271799
cg11931953,0.9691334736357137,0.5825624130063223,0.8388242428304937,0.9664750012361755,0.9458471630800636,0.9691151776750992,0.9308802186134089,0.7311964746690189,0.9789568846575982,0.9461302660257326,0.9811098977491459,0.9792086672388675,0.7021087859762297,0.9593275261288619,0.9094933542850789,0.9750453775233064,0.9607674368615468,0.9718894182069735,0.9753921204793515
cg11080540,0.4234000354730623,0.06211923145868622,0.14847978392713918,0.23540499167818446,0.36329423764161767,0.40347582846487295,0.42783087618218996,0.14102728955777355,0.34197090505480826,0.6506265970904126,0.8275690622341376,0.46260068367449036,0.6177359021594813,0.7078227744346288,0.20210171493618573,0.3662152977179026,0.45602710673742153,0.3438451640100322,0.2533927104593948
cg05873568,0.6020259902309834,0.7745110002703661,0.6082751211445534,0.13084749625903985,0.18648037538118556,0.12092189875304848,0.49927322581911243,0.6166844959739829,0.13078190740993767,0.5300367101724157,0.4175019011340928,0.48186726873608776,0.5007454342400376,0.3136888561510822,0.3238790074650741,0.07903532703063754,0.36348052687324994,0.05800957089020037,0.055406215763959654
cg00219921,0.9480550376172961,0.8207631499801666,0.15083885762301974,0.9445923412749864,0.9169979953097053,0.9406639833189576,0.9029121011280474,0.8871676545645836,0.9737493216606085,0.8889172724877014,0.9739168509176375,0.9618439145108835,0.7521688566370437,0.14493620509865804,0.0650852585460166,0.9630095045088078,0.9470568501793062,0.9496085757920976,0.9531644546431175
cg25939861,0.9274452883824449,0.6650580473895764,0.06542043768599104,0.8978858915696692,0.7215599079478789,0.92838300558383,0.6177879504040686,0.7890395391702735,0.9334674715988274,0.8402187863048037,0.8659111724725406,0.9525085673918776,0.834850487387075,0.14359101259835705,0.05914406533479266,0.9502708456999394,0.7019932435832152,0.9234525657852496,0.9164132561505312
cg18483549,0.8748978057603345,0.5823838768225369,0.14972988382954533,0.9486511354204209,0.9240622960954052,0.9506686583875921,0.956193305917586,0.45348789173806386,0.9709291520036502,0.8856489957471243,0.46085554742461643,0.7824937281085964,0.9276053733646378,0.9686792090422771,0.213624245098456,0.9734849139041306,0.9347772231862652,0.9613321047082152,0.9624799766265064
cg12655059,0.8892662830457001,0.25708546833910745,0.08075345915653831,0.9250547873749173,0.8556454440168081,0.9239191589962572,0.90736204929014,0.3085600664216056,0.921957818077418,0.5730773598347572,0.9423949492257264,0.9543190762606555,0.431172074086369,0.3896118560760281,0.09157617866194157,0.9285253397431323,0.9095979253562678,0.9206316360266118,0.9364246708197271
cg11531557,0.9471981449355709,0.7922502870067837,0.18825081530420176,0.935382133098308,0.8772592428472176,0.9480517003611615,0.8962970596389035,0.656362241294596,0.9633355251034942,0.3369748385771498,0.9492925600623676,0.9782288207405468,0.6389260231364837,0.05086944885378081,0.06706771466875,0.9508867464487095,0.9255284920735651,0.9561240078449198,0.9665269344575012
cg25535316,0.9371035703754051,0.62065584442123,0.14480805931393315,0.9291681790758204,0.8750093430560372,0.9223832794596383,0.8297454663333794,0.7305026689908128,0.9320887279123089,0.5046181518866892,0.5245621739796903,0.9154838357121002,0.5318768409925543,0.3221686233833979,0.09284619249882248,0.8812848345752351,0.8693440487814393,0.9116527554794199,0.9215337196455827
cg02598071,0.9504702429321401,0.3957114305164015,0.13634486886749236,0.9226390088073748,0.9079580685441633,0.93064188883846,0.9196995130197096,0.3810510812724294,0.79386704667079,0.7789869849091233,0.9296870015448166,0.9147460657821037,0.7645818831738324,0.4866251861913783,0.06868217792571835,0.8597852932811942,0.8521886605349472,0.8527766814036055,0.862762033605844
cg01949403,0.9088333989285965,0.8560287489880631,0.22240148817730682,0.9114711638540727,0.888279029561897,0.9087335954692346,0.8880812113304452,0.8580995709262411,0.9148543499342672,0.9037732335398272,0.931305529804417,0.9295317861564332,0.8811639526900977,0.64251626844554,0.23177320503172144,0.91493775653101,0.8917875268358881,0.8992206752622425,0.9303189558499037
cg18174654,0.9431076762202468,0.8452111949042637,0.22547205331266434,0.908976841701993,0.7177099968379673,0.9333754622455657,0.9424904262152354,0.8808919177177499,0.9381583830654252,0.7884266481183323,0.8590513317056738,0.9550266535511385,0.68358348597145,0.49361840044712757,0.18295617162373767,0.9370669005153606,0.9475269006610174,0.9181463152387093,0.9337158871017979
cg04394724,0.9455737314006699,0.8263835008875793,0.21073873093671558,0.9475058419792295,0.9671021911391012,0.9561262455539142,0.6486080983898422,0.6554388549989372,0.9571460035336987,0.6337195098848847,0.9491996980611928,0.9606893833244574,0.7822687614066484,0.5470667408168498,0.17695065779640323,0.9529467612475757,0.6319375964653159,0.9503656345385666,0.9639720070816089
cg02324835,0.9290974774070145,0.5274531925332935,0.12875653898645684,0.9001154876740096,0.9334438231682116,0.9316352636652125,0.7754023304066592,0.28051379735080817,0.9388570988734279,0.1891414918645431,0.9134977036355862,0.9451848332247167,0.4530717659633361,0.025032824468976346,0.04829737619819646,0.9482108714138933,0.8013062293288393,0.925721421432492,0.9300265544838304
cg01002223,0.978901092992722,0.8741190502774578,0.2717349431134902,0.9730803644597256,0.9136257545961233,0.9768399426668719,0.9751753162455246,0.6896801142356883,0.9838938706622722,0.9289385129713303,0.9817098882275881,0.9836287738851995,0.9746775497792733,0.6259234076969127,0.14434120456873933,0.9881106178237986,0.9607153939319453,0.9688109869980532,0.9696842481240995
cg22512531,0.9431939666015959,0.28721296435195,0.07886022681312482,0.9422473857594508,0.8956905876416337,0.9474268692854535,0.3445026286971088,0.28859538200420276,0.955641633872776,0.6382880122144527,0.9606926813903742,0.9650002737147878,0.7053266121065451,0.06085788866104047,0.04093213014226055,0.9573578160617754,0.3853197524374439,0.9406874925323356,0.9632606530737089
cg11067179,0.8635387719649641,0.8447732937829014,0.23515975146811344,0.9258607977874702,0.9012197865993541,0.9206460833317691,0.9174403861071383,0.8368580248370676,0.8974809728668898,0.8359632407477474,0.8010222983693933,0.8747897348309059,0.8388463737530497,0.36008421217069864,0.1063466951156562,0.9275744246815003,0.920840079062978,0.8959600344296171,0.9369315873347623
cg24405716,0.9192614090395883,0.25226839647607086,0.08184508408867769,0.9178180962163913,0.8780625188318547,0.9079141747242663,0.5278940014586075,0.23920890041208404,0.8706669814841672,0.6975159192941389,0.9501827747685899,0.898644425261414,0.635019837733112,0.5467194245602418,0.1422412795734933,0.8580740151642443,0.5554161090999419,0.8569692371536641,0.877241426343572
cg03984502,0.9537279209893565,0.6563796804945097,0.22178610000625537,0.9420770353274162,0.8452431098276985,0.9549443454698179,0.9060066681770365,0.6846027264809993,0.9096392844643852,0.7669886584518797,0.9340701955222023,0.9547159906151087,0.6394059876804367,0.3735363353759964,0.20395322273735478,0.9481501450924892,0.9164572535178309,0.9279165333266337,0.9480140482084821
cg10555744,0.95671965557353,0.35771656543044356,0.199354135636366,0.9489033560185689,0.8769247781421174,0.9533159447441608,0.9582184239650218,0.16357320721928859,0.961671027922681,0.7461927128794037,0.8865288936627727,0.966349581151255,0.9064844629317225,0.9330187859167097,0.21906956663148805,0.9362429031887797,0.9617893949681351,0.9584712909775911,0.9597748934642616
cg01167323,0.9430699845287915,0.2679555928095051,0.15662811652431743,0.9475305595476323,0.8740222064138059,0.9279839933284711,0.8389524615635207,0.23491308034790984,0.9577824289814025,0.5221611140899001,0.9424741244159138,0.9455727309805562,0.6738066675296963,0.776762657433417,0.13385423403716257,0.9579592713756034,0.5872791555336143,0.886706144949703,0.9324009708054931
cg10977115,0.969427691094828,0.3200045302970381,0.08741052709211566,0.9558991398174886,0.8563033380346692,0.9626174998000594,0.3956930805414506,0.26197644902973183,0.9483228990641892,0.3578042540991503,0.9345268261490751,0.9704071581142337,0.389792248277371,0.02889640718446302,0.0326312601672894,0.9470335667473189,0.3870617420017791,0.9341088161688185,0.9445057690813682
cg25235205,0.8767582983278118,0.45568765481358153,0.1492657219802953,0.8792543628607785,0.8284987815445134,0.8645799003463817,0.8174607624616647,0.5471554081247415,0.8996264137441732,0.6815120063775794,0.8491928419100838,0.914208161166779,0.5814665565968733,0.40381198352625913,0.1273849332615952,0.8792545790096236,0.8911377937348647,0.8717573720824976,0.9007051928034747
cg24194201,0.9285775405418357,0.6988521721290004,0.2081958892132027,0.9411159823939569,0.8585904511349616,0.9388816840097711,0.5231252973897071,0.730719236313249,0.8211283464909626,0.966818429665518,0.9708009187178608,0.968326706387207,0.9766715410259564,0.9567016971364044,0.25600704440228134,0.8473771499613182,0.5505353594006126,0.9461565687438889,0.9532718909032961
cg20832875,0.9104534996949947,0.08699362209527228,0.06710759834955704,0.9103099333710991,0.8211841095036935,0.9110986347076816,0.6373647463418473,0.05802539444009247,0.9208669761279786,0.2954630032381241,0.8980689114794671,0.9339781156058107,0.35473313698202674,0.44244112871215074,0.084303334981434,0.8675183082152436,0.6784725569238759,0.9019472209928987,0.9288282570216796
cg21232015,0.9330314702263804,0.2221705738164751,0.12990810547648302,0.919462381855721,0.9248212623114509,0.9211846687926191,0.7961980709329656,0.3636996907121891,0.9342494950473974,0.6084203821466505,0.37167328624747653,0.8922929282896597,0.5565016782518193,0.7196247673513416,0.20640734563711702,0.9330155444853172,0.82943361702045,0.9187138368275968,0.9379351584630679
cg19556572,0.9471810365450534,0.5464136247042557,0.20559068547065823,0.9029055882228395,0.888168782761794,0.7833801882207481,0.9022310428285899,0.4537312231076137,0.9533196186077939,0.9863048844019828,0.9527974070322557,0.9687231752086403,0.9805128528126763,0.9621552923351078,0.24593518957261012,0.9512972412750114,0.938247771542971,0.8347941285930383,0.9242325006779478
cg05559643,0.8915662472737484,0.5005911981478861,0.15409010025077227,0.9124823830890212,0.7338908227637816,0.9127969086544132,0.5880212147841015,0.5839797027432709,0.9521081898821628,0.8386390145883197,0.8353134692506017,0.9300087377049726,0.8561005545172597,0.33924091965664144,0.4239265928618777,0.8703863644588443,0.506525118924734,0.8949948400837081,0.919006258380553
cg18149207,0.9492646104072737,0.4400513097904898,0.14920112022693702,0.9116480996381473,0.8290335477105335,0.9131765835011147,0.7646352394925022,0.49795142148246746,0.8043061037506989,0.5223981978631479,0.733847667958982,0.9115437604965908,0.3709147419212618,0.23957763846262609,0.1291564294798478,0.8683161405798288,0.7188719849601419,0.8082191253482582,0.8648129168641017
cg01096487,0.9422736491296713,0.10784924246795646,0.09319002992878184,0.915926309265075,0.8411072552485171,0.9251197059800577,0.4985806854111189,0.15518110419802822,0.910804429661505,0.43077233884139,0.9300936111603112,0.9538811722140179,0.5175314786156664,0.5158549876220961,0.15381707878311013,0.9087441339833415,0.5909360258569636,0.8980421541030534,0.939791896412088
cg09755397,0.8137607160558786,0.13377521169141526,0.1172463726078461,0.9051965452353437,0.8759267666753561,0.9148377921990684,0.9015626330907054,0.04163622832435521,0.9328233380614295,0.46008064080296607,0.8743351251404952,0.8734505493420411,0.44180993021461856,0.9519687032300326,0.16211916496204945,0.9387637205683383,0.9353583511162284,0.9244912064309896,0.9067968524335623
cg09837977,0.9563003141800466,0.24417145600866208,0.20315553923840957,0.9388979684226241,0.911042648118881,0.9370870738131722,0.9475305644911713,0.13979072903058032,0.9689278748139324,0.6324127188251735,0.9510939881499634,0.9613007392486241,0.886849699436,0.788346305567023,0.12651389435885135,0.9607559741609708,0.9510378146391916,0.9447673626339912,0.9586795255485768
cg12500949,0.8481163631839453,0.05960348803863893,0.05431150867080037,0.9190621065891265,0.8752526591961105,0.9355680878411974,0.4813682884022795,0.01712435461166778,0.9377736821654644,0.2167671055356673,0.8909442562858196,0.835263502497759,0.3046404477284729,0.4088381089938612,0.05779482746355563,0.9522187944819975,0.48147678859797394,0.92419627338508,0.9288029673878858
cg24885723,0.966870693014866,0.3731506503226687,0.229504564455059,0.9588188497355296,0.8538343127662169,0.9574653312752712,0.9626729040237523,0.17761660179450725,0.9654078441486569,0.8614053869338703,0.970652942521064,0.9781417831982028,0.9332916047096231,0.9376304815041393,0.1752517063073604,0.9571936600629583,0.9677846157218634,0.9540948265153262,0.9512263992098839
cg04348305,0.9664342143630976,0.25307488252668636,0.22806770276757057,0.9660402782606123,0.9249914411675582,0.9672387267284703,0.964155318981402,0.5487745441910692,0.9759835085604107,0.950100383189378,0.9749293535068361,0.9843720684125472,0.9338042446081708,0.9603212378871782,0.2347166234972723,0.9807091322715942,0.9600314670393387,0.9624305257435528,0.9708708684179804
cg20997320,0.9400101470114519,0.4850722464995909,0.13562197399588755,0.9205697798704677,0.9106657394491459,0.9223214167655214,0.26818036090910435,0.7060874044764383,0.9261184866471763,0.7028842564246025,0.953488429333931,0.9714934917484676,0.8655993620842701,0.19562221503633717,0.19937729810213983,0.926919833684263,0.3473463938738632,0.91636487700409,0.9441209990501187
cg02304751,0.8603475476631425,0.13753075409687965,0.13506734178903163,0.887918156499123,0.8490018029604038,0.8980418361729378,0.8698121674903287,0.1902420064140216,0.9286210872953388,0.4794606889370792,0.8989757064376835,0.9319760506848013,0.13297616835422532,0.665747612018492,0.17350285521233677,0.9581428161873573,0.9383795877103418,0.9312644484957642,0.9353197396267809
cg14537031,0.9424399972096784,0.4515146739106631,0.17881787734331372,0.9315897381181204,0.8697052408023502,0.9409429314947075,0.5949762022579432,0.4438392261929405,0.9269158919616131,0.7218194573514184,0.8510307286328057,0.9673830282800417,0.783320114307703,0.6830216088962753,0.19070275093648228,0.9485061894496316,0.5721506445887723,0.9340629464343301,0.9520415471885477
cg07702659,0.8996066574670185,0.7931394297756136,0.26081944630754517,0.9059500241622446,0.9326786017946045,0.8977718300679945,0.8911336093898184,0.8358343089157285,0.9124943629582362,0.7345674142079216,0.9252899067880773,0.8796198436762336,0.6849720940191248,0.5975312618337818,0.1707338118218958,0.9321456454612016,0.8960474557300394,0.9143122117474896,0.9073844279468122
cg07756788,0.9374066508566892,0.3557605018034221,0.16378217534664166,0.9012055761965618,0.7341277119881473,0.9241995783804544,0.8220859302212815,0.4279537028081052,0.9058677969436817,0.4744671465287843,0.7713952429802685,0.940037738061414,0.4018892855789292,0.45989499746485596,0.12477097771350701,0.9305438634786989,0.8124595929339051,0.9098240669634762,0.9080148400165221
cg07707056,0.9500965762852649,0.9472402033203468,0.3304889994145407,0.9532460597037362,0.9305604830984286,0.9565162028138435,0.9498408075586238,0.9356377518950485,0.9691004354096125,0.9572984897769486,0.9725752571151114,0.9643606966627689,0.952277340771032,0.8731133235942307,0.35720653018413995,0.9519632833938261,0.9542915742753036,0.9581345465961599,0.9693079128648103
cg04759756,0.9442703153662382,0.3799001888283149,0.16613834734887312,0.9434534355962967,0.8848725106101805,0.9445994465097678,0.7047067360000536,0.39304395672937054,0.9572549966078203,0.20146693944922178,0.9499617589746947,0.9525898736649024,0.17914328017111628,0.09359082242089983,0.07748867856277802,0.964347401800186,0.7318484582797131,0.9479042517898455,0.9501007862803408
cg03002526,0.9382744646101133,0.11229757012980346,0.10709267320564991,0.9047734700339669,0.9096861563452654,0.9117479292291935,0.872618497597416,0.08081717268331357,0.9078993434285783,0.07468534413327199,0.6592836734527625,0.9511910451024761,0.015010776190109543,0.10569113569507554,0.06481997048259475,0.9003204729486922,0.83508270056065,0.9184061069165558,0.9152081305933847
cg00376816,0.9239330805558268,0.150614901334865,0.1146985607755035,0.9378042649844567,0.9535542293057097,0.9430865813834733,0.7097767017931138,0.039715749398464006,0.954008295742277,0.16791065987779902,0.9200117127418876,0.9307783382664994,0.20341452408133506,0.23727893684256302,0.0544975249281463,0.9569784981163407,0.5740711816560817,0.9522213820013619,0.9504933941225129
cg25643644,0.9394425184971058,0.08337043542828226,0.08207709916866657,0.9291650053290252,0.8352914324608426,0.9443469059809572,0.5875195039190868,0.01890842884123398,0.9513106329870491,0.038901420036349,0.958279774226812,0.9750084228529037,0.016929236429928385,0.025993998688964168,0.03496185686076131,0.9605005414126637,0.6334298331972807,0.9397771844886298,0.9483144771490071
cg20319945,0.9541536484366769,0.2101915008810566,0.1613313890599908,0.9492737556761927,0.9325538595609179,0.9419913218510212,0.7470808653647667,0.19277446078050087,0.9702461942096421,0.4077035112222838,0.9177338098322567,0.9667330716347824,0.5693189203804351,0.47626285306548616,0.10924444234228106,0.9583810931750922,0.815947227976695,0.9537999148876681,0.9638959778739726
cg18857618,0.9611600565944711,0.8044705481431772,0.3004242966098024,0.9473075513491187,0.8867680415791148,0.9327940721774752,0.9594962297051447,0.8451409524336836,0.9644624615347653,0.8212515696934277,0.8453331161756931,0.9745718643039375,0.8940617542099689,0.3924396994807364,0.1327467144471676,0.9549197591134455,0.9409385391351166,0.941680722873199,0.9619070415594168
cg24317086,0.9306077640225696,0.23180936132220076,0.14907291186354443,0.9304408282363597,0.892194913861712,0.947643103688875,0.6685920852179215,0.19028341684679578,0.9592573855455035,0.5349341203621358,0.958307168027794,0.9471637841438307,0.5862101327995446,0.1967769802919774,0.1284786582302447,0.9684018576047448,0.697947252220122,0.9427779035705903,0.9563921930026149
cg17984638,0.963335103252142,0.044624112865479904,0.0407585546199834,0.9501338034648107,0.918787011421661,0.9653919589105406,0.06478076884021006,0.017654417106645608,0.9295329495642535,0.12098458996845052,0.9704823081295866,0.9753846544285748,0.08088171138727107,0.2162195231409858,0.028195261367659145,0.9665148543098194,0.02703069238256397,0.9591677767500619,0.9648660820070084
cg26033526,0.8306669011657555,0.19187041868510762,0.062203328023441806,0.9139235978281769,0.8097067541239933,0.9396099935953505,0.6502795818682856,0.07031813759945749,0.8369030244577338,0.06514664870855513,0.2956994612875421,0.7792313000170579,0.023629882861425165,0.04335484460509059,0.02894954190689007,0.8305828077212464,0.4010177742992248,0.9103133809443299,0.8938979979984448
cg07235774,0.9575316009540857,0.45951654169399736,0.24805428575241617,0.9382220864574958,0.864012253463878,0.9313136293842489,0.8955677632223547,0.5680582160984551,0.8950366809190275,0.7824419483524986,0.8814185088300974,0.9670682006688567,0.7777757770523568,0.5443580639309914,0.1785034357151617,0.911613555696343,0.9190672695409677,0.9212837746795538,0.9354028791014948
cg10864951,0.8856019036742493,0.0784046858175671,0.08373320429507936,0.9159733282153508,0.8345872798886618,0.9229922575496139,0.5776141518529287,0.015070676005951905,0.9293889007408523,0.1303188992491009,0.8984643620807817,0.9372805803214919,0.11802450953825794,0.2933041252804527,0.04401730951489791,0.9415706718503332,0.6004304956644665,0.9178348780471035,0.9283715641239707
cg02772266,0.9609878551399882,0.354910195904584,0.26245040159910554,0.9514564511317196,0.8859101894280305,0.9542031143166451,0.8361847307588544,0.6381728219606083,0.9676003287994936,0.9338780461305477,0.9629903349893865,0.9682918647960753,0.9556019042911489,0.7950742232903065,0.36621088093038734,0.9626747091471828,0.835230319537763,0.9523815448280528,0.967494841091942
cg11851792,0.8977646768899187,0.23762517538978317,0.12934297159836672,0.836978991999396,0.6559899072446155,0.8533394341756384,0.7672657676252512,0.6483543727485421,0.8381926842107927,0.47664092425302773,0.8641952687217614,0.9226834769129586,0.4798021229234719,0.4057474700421541,0.6073486339089541,0.8218665936224719,0.8250224629153786,0.8424307473865111,0.8534047026450636
cg08179431,0.9061206683747256,0.0875965504581725,0.08440669417446667,0.93563464392418,0.9119968023924987,0.9425448415846069,0.4255803478692096,0.03784458183588435,0.9423679569874115,0.09843548909566568,0.9502468003711002,0.9122142616463543,0.17305240123299473,0.18275778826891942,0.06783871150904569,0.9658946107184461,0.428038456166508,0.9388615881195759,0.9545254345102996
cg23463186,0.6290828527969399,0.4217632275663932,0.1567875630999545,0.9013601737129768,0.6127421232555808,0.891321241068552,0.7519749962743308,0.5492078169570981,0.9724619672712118,0.9376664384460713,0.9461433688931682,0.7042988264929761,0.9547461127350539,0.9202804777501881,0.24371580648178917,0.9354038083836995,0.6300026041426772,0.8247298737175068,0.9173110509581492
cg07114422,0.9135193938158624,0.14705388044664802,0.13252764852696985,0.9163275441898733,0.639583996475621,0.9151648129447078,0.8841633130050587,0.13506274439170485,0.8927036635430845,0.45260531563133977,0.8479821572343392,0.9218298654457968,0.27458680670737745,0.6788630274245864,0.1435479728794259,0.6081148318420846,0.9199957358902315,0.9128864191097243,0.9265714067610535
cg27470208,0.909704606825327,0.07330778852266184,0.06764562604321478,0.9160585229687117,0.8675630029193697,0.9286496591039329,0.4059950278090277,0.05162847136464044,0.956356537788495,0.05973452955134262,0.9296993576221364,0.9577155595885435,0.11044754244674693,0.026293816044516617,0.038207140796922834,0.9439142954822322,0.37176842067425286,0.927887343623258,0.9397702456120478
cg01804183,0.927244363845739,0.2302004833165136,0.20137788489525332,0.9429924331819187,0.8829750181529223,0.9460507270994947,0.9363816381322009,0.22282155680594226,0.9760191464641119,0.27181936019653535,0.9430058276124723,0.9414696382643124,0.6409261098726369,0.5580201574175161,0.2241234599384226,0.9661728486739309,0.9225470999390718,0.9462907152970343,0.9549467844128577
cg11909467,0.903679549286823,0.12992371742993303,0.138474495708807,0.9063255929925377,0.8011195958312958,0.9213536145344687,0.7116627473176866,0.0465603248518659,0.9330215259532566,0.591789784654922,0.8861866339660286,0.9221379665390576,0.7175831172866065,0.8047360588135675,0.13908907089745942,0.9422390460379937,0.7593794959784194,0.9212482056844338,0.9163473951816912
cg22400291,0.9392103059244403,0.8314042367329111,0.41074691775248984,0.930368206451188,0.8835922156757722,0.9416215355208666,0.9265849510828594,0.9280366692131398,0.9603204379065167,0.9051147922115664,0.9576366764626923,0.9628592142400538,0.8863184339997906,0.8210316590467115,0.7317603752825923,0.962933943625318,0.9389977282930174,0.955532657981662,0.9537104401600582
cg17100751,0.8548084225142953,0.5721685664347813,0.3134458511256465,0.9331211796435979,0.8718001735658338,0.9387697481408521,0.8152541532628157,0.6751788447713439,0.9362470321896077,0.9354185680848788,0.9578334007299532,0.9127887992216612,0.9332147484698132,0.9216428635392353,0.5532908150960022,0.9414141062723298,0.839536733108319,0.934984566260795,0.9501750891253569
cg27399753,0.9504532371979005,0.9174450774205499,0.7168389387278803,0.9307414506673719,0.8967173575941223,0.9392525093923711,0.9419269203188219,0.9366455864869985,0.9404447093602392,0.9504960099826996,0.9252722625847216,0.9545612447790393,0.9389734079608245,0.9129110044406032,0.8958913125878117,0.9488189353602143,0.953797597040833,0.945465599930474,0.9423237703292905
cg22955551,0.9263812064252936,0.8343267997656544,0.6184460635284592,0.9262337251427923,0.842812061086673,0.9227766352524649,0.884635462440716,0.9068326158100137,0.9138453625616774,0.8642128437908664,0.9460450945996765,0.9440707988251957,0.895925053133718,0.8282994540321531,0.7917945567589553,0.9376659491127477,0.8813251532894852,0.9216495803082192,0.9331365404497358
cg10040131,0.2914943402673385,0.26923941579169275,0.11956658646474283,0.32345683561114413,0.2689572895268792,0.3124250889498513,0.3143503690133544,0.5401549029176463,0.7245056509564856,0.5611402116422426,0.6444471485963821,0.7759762375222925,0.480969844997269,0.5484776636971624,0.48222749257934017,0.7339370575041104,0.4665518851088134,0.7728121918403416,0.8065682821864392
cg19700658,0.8182114422537672,0.6136521650570823,0.25410565018019865,0.8809736865628353,0.5683802446265755,0.8862414391719022,0.6086498828269151,0.6990106283077016,0.8580859417411303,0.7344875037513238,0.8513565451169871,0.8452413563047168,0.7648406152943492,0.59499851082619,0.3475101195789061,0.8128791135291857,0.5252261962909652,0.8832583661904233,0.8969630383781824
cg20915212,0.6771936398232656,0.5740726964317334,0.3512593947213577,0.646501834498104,0.5836732992949687,0.6334090074946837,0.4955817621924069,0.6288154245215262,0.6805598490266309,0.6484603182666594,0.7518883645680969,0.7608632655299257,0.5483468294943832,0.44672230900218546,0.43309665020805344,0.6887711478159779,0.5380754703735273,0.6552655289650671,0.6721356494064584
cg14523734,0.7927951172345431,0.2746521888096891,0.1601051447609551,0.8931284517523009,0.6788996548444294,0.8836011901749398,0.2876165988482903,0.3545211130788778,0.8955514263828597,0.43634882955717247,0.8291146141856651,0.817531272260833,0.4654662597808178,0.40355607218422707,0.24684711505258672,0.904359564103596,0.296331338204194,0.8843504475580315,0.9174848812120895
cg17642041,0.6478596468597053,0.26512099425474495,0.13198811556194667,0.771142783948916,0.5490567538312782,0.7542854641226437,0.42037850305080704,0.46160057592381076,0.5691511794548296,0.7421659888304998,0.7759106766903636,0.60159738304374,0.7080262632983859,0.6889622789424109,0.2964179048551727,0.7093642801785076,0.40778542921981775,0.8383936481183228,0.8629356830579641
cg16897005,0.8949836375906666,0.787648536242926,0.5318941530618705,0.9231728781023811,0.810056235177548,0.9140967683648793,0.8095026374099468,0.8714232063159588,0.9437839487033481,0.9384414173967888,0.828942245820657,0.9345120873235657,0.9162314390146968,0.894138690268762,0.6571049162227336,0.9466764510036751,0.8048976483459738,0.9048400858165899,0.9340791747300882
cg03030757,0.1784010563756342,0.18457384244520048,0.32880971166988543,0.09288965928103549,0.035464253179450456,0.07675878002992104,0.17460220285727124,0.0643514424372913,0.00925114317067598,0.054820934732163096,0.026836097550758536,0.053200847429607456,0.06125585301424141,0.14118656220514048,0.12762572309374615,0.010261720565470018,0.08341325586119042,0.03275313338685804,0.04030182779505669
cg16202624,0.07479854675993741,0.13253531030026866,0.29131225601123434,0.08709576722275919,0.08048478368171386,0.12142191401141905,0.13936791087653266,0.10453344913339158,0.11079086401648994,0.08961649150499584,0.07168213847275462,0.051296531809300105,0.0652267707785309,0.08911541229405218,0.14981694381515942,0.10645213782848256,0.14310455759028481,0.11541277157586412,0.1079527229219781
cg13618979,0.28217317271669184,0.2877749299636407,0.5028410591826998,0.10955366269165247,0.08695308173114961,0.13142562997332893,0.24867639202378178,0.26600420408943243,0.09827309515847918,0.1255658803907553,0.12921574000809533,0.33482375705576983,0.1307953106490748,0.14702690954155534,0.38797836702051325,0.08322199251365597,0.18249255366265682,0.10879195334814049,0.080717959483573
cg21039631,0.0863943497604091,0.14463597504011327,0.23890780200004044,0.039001316242442345,0.042339709725269944,0.03557838697591598,0.07204337743687594,0.14838437805847976,0.02152940387322185,0.029225458245069214,0.02351525973048206,0.02581342621097417,0.01602079258436688,0.015803973298162625,0.14920527784677245,0.015949640534624325,0.02846572011687256,0.026144826008784663,0.024279072228865547
cg15877196,0.06334249637689432,0.1095244582450754,0.23038427224022118,0.07268741826182429,0.06192139079930692,0.06903005185276223,0.06527283703978726,0.06562059931129183,0.04894547688616362,0.03987934519646463,0.04091955259493418,0.048431155197860676,0.027794839468577488,0.027871005350924606,0.06603492697183438,0.039337149018739026,0.05292683500847556,0.04683198776425457,0.04225384958483891
cg26872907,0.9279753831268996,0.933561079043468,0.9283372972520789,0.07962516787324025,0.8183830038359398,0.9145271755102399,0.9327435597710152,0.9381343644272595,0.931541319694045,0.96764771961357,0.9379638080703003,0.9434034493874919,0.9613943639029158,0.9485394650233506,0.9462281919764481,0.9562186506936154,0.9357540669952988,0.9337045677431248,0.05549160962016114
cg10480329,0.9672062697511246,0.9683057119204767,0.9726542747325598,0.11658797795430365,0.965394331703227,0.9125115499293577,0.9714758124089252,0.9696070267538577,0.9714558084256133,0.9807070127586468,0.9504703846043882,0.9694344696179023,0.9779661196093588,0.9795204900712606,0.9784759858596656,0.9199305502006929,0.9720535461399371,0.8702407180979806,0.06535869815912843
cg23244761,0.9621427498634123,0.9570580525788297,0.9633563131663485,0.12855977844504152,0.9025400022378874,0.9538152707477704,0.96203867834212,0.9747723132969035,0.9584600217635557,0.9698581560283688,0.9726097053580596,0.9741821784476817,0.9799843780511619,0.9729120085073895,0.9837168062803432,0.968172835075406,0.9605675834409289,0.9550698769322693,0.10380519325116669
cg01476222,0.9084279736133203,0.9619869558526175,0.9659180376107495,0.12296774486533257,0.9494368376024465,0.9245349762262483,0.9245588030005871,0.9772803592168277,0.9666339799521445,0.9314221323870717,0.47620054002185636,0.8868821488139167,0.9393684854739803,0.6290272262890485,0.9576024605863055,0.9731025931786018,0.899253615456592,0.93803201587579,0.07130783866413992
cg08908131,0.9221485364772326,0.9345993197037448,0.9320902929590988,0.10087681935016496,0.7656097931987395,0.8812485137673465,0.906096874932774,0.9357292595847415,0.9327314192412979,0.8248026235601557,0.7978542512331531,0.9383487883239197,0.784802786104136,0.729640412711737,0.9281319780305363,0.9143645627250259,0.8884759387307826,0.8706936189420744,0.06290041438465921
cg16429499,0.6210072192344465,0.9610786117835485,0.9708075300867851,0.08789616550062251,0.8441891507211446,0.9474923693851711,0.9461739548139108,0.9657121163263578,0.9644972633741773,0.9536354047809875,0.5419148697516967,0.3630525439996559,0.96915409161629,0.9574968870384357,0.9737086036210314,0.9536548363075392,0.9584305893285584,0.9444208617140746,0.04868759058224259
cg23146741,0.923755670625015,0.9304988391499385,0.9306094490253634,0.10607475436300029,0.8855547297497471,0.8349585333421319,0.9289942895603864,0.9638715288422084,0.967885299526511,0.8297935843483636,0.41639616521224015,0.9280302616023324,0.7621464129106024,0.7086011308402599,0.9149061855811811,0.9589487350376709,0.9097238862077273,0.7868788714352595,0.060340300810036274
cg16636767,0.9559818073539195,0.9536738602983583,0.9618241415008681,0.15712841579728115,0.9406806823607103,0.9380659838614216,0.9573410390082444,0.9668088137693936,0.9727719751341808,0.9847028746707732,0.8930649601793968,0.9664765312761503,0.9771916172766792,0.9860021642191106,0.9711273821582225,0.9662198454733123,0.9542879618145934,0.9405299320303542,0.08429978498532886
cg02244028,0.9443123898403931,0.9415434117870798,0.9426870890560894,0.14371823695715186,0.8131354701226239,0.862897129976085,0.9427440440965191,0.9346594844772167,0.9584748855973853,0.9588959051688685,0.9596485810688169,0.9672413908387489,0.9379993118358413,0.9341032375992826,0.9422736682866496,0.9525620280900005,0.9422732041196666,0.8982562161820076,0.10821782405326244
cg18066690,0.9605771152605672,0.9658562135614754,0.9616928143501955,0.18159939035551273,0.9177227799112488,0.9597288024785529,0.9699647748454674,0.9721079255313927,0.9827099545562239,0.9776376041534101,0.9698256244754841,0.9841490972425517,0.9819151888829379,0.9843955248895857,0.9777257001068166,0.9827485020917452,0.968718219368764,0.9582254085375437,0.14052394334182697
cg22675702,0.9151108359145258,0.9082386332003228,0.9017752295618686,0.12200498565523549,0.9425428421442834,0.8677113060153894,0.9081419757921421,0.9151218686267881,0.9174043111197188,0.9357753783574143,0.8491688955002052,0.9149459806311289,0.9177060340300698,0.9199748750202597,0.89101427033444,0.8524237187329434,0.9283463159723983,0.872346213876187,0.06596870086253048
cg20610950,0.9651041799302791,0.966690461579763,0.9682534911479684,0.10692791825580528,0.9621529944218405,0.6668111638394119,0.9660681676743266,0.9783974169114431,0.24631148052319246,0.9742008185900362,0.9635615869838605,0.9810027883028074,0.967663221429905,0.970152991723812,0.9746445654516971,0.018733599855603106,0.9749996823202103,0.6451261945171782,0.049652250753003946
cg20559385,0.9397323121442562,0.9366863798165781,0.9335153189366079,0.08245011705770122,0.8444439366927688,0.8800635358510435,0.9387801635248382,0.9283777620071979,0.9465810954331426,0.23750513696257028,0.15727158287123358,0.8962412653894141,0.0978239055739023,0.13533492177892878,0.8220143631846923,0.9591367838428074,0.8440806220883779,0.8568742801733633,0.03744052707142619
cg12422199,0.8295674753825367,0.9230041348614048,0.9092667160550318,0.10131114756158638,0.9050366527641343,0.9169464559074688,0.8516084385645902,0.9369166412872243,0.9173567642071672,0.9333564705659341,0.2262612233047646,0.8460648806670099,0.9206273068341109,0.8909176262903652,0.9278836227967485,0.9218502185526538,0.8729640059792481,0.9071237613316467,0.04653518204145968
cg10278149,0.8945574747600077,0.9457834545540652,0.9465200425203149,0.10238350868265894,0.8362119599426941,0.7593721577291894,0.9422719348984061,0.965515489631737,0.8924090761110688,0.9446243862728223,0.8860768475313572,0.906882764068475,0.8835007514256561,0.9026335462937631,0.9366527025619756,0.64159203740801,0.9346001936917087,0.6891170457900372,0.05169788287569066
cg27366072,0.9042767092938565,0.9480085935264381,0.9489630531098718,0.13243802385989029,0.876970457087733,0.7734191829384827,0.940099698447076,0.9551646384127407,0.9227786170557759,0.9650534439653962,0.7778499880088754,0.931042886786575,0.9619480586965968,0.9441392322489819,0.9565709599559863,0.7629843068303548,0.9367795151374236,0.7685027103022453,0.08188695164234094
cg04468741,0.9323802423153658,0.8854326174142831,0.9245588628745214,0.12402621643277811,0.9182914451161289,0.8452107348527939,0.932057287907212,0.8757800128381682,0.8934472516956269,0.9188988997165362,0.9515347818203872,0.9523674086594027,0.934053742043607,0.9308727306043889,0.9142826123317682,0.6110884208721467,0.93949205378529,0.8530060976793272,0.08255580097470283
cg18770149,0.9445937794493876,0.9431511226650493,0.9417124843659291,0.15841654708069844,0.7643806501782352,0.9003028950939169,0.9209809781544194,0.9206964854998508,0.8965702408951173,0.7622120957506068,0.8788342290141433,0.9546594606538332,0.6161656499430086,0.6981141096348096,0.9192470904246662,0.9474896006471509,0.8863034472691693,0.8841457445182057,0.09940488532053748
cg09220326,0.952383489696988,0.9533959950926169,0.9572035917601007,0.12668593979552156,0.8940189629437927,0.6632640459458785,0.947199246540092,0.9611672302628979,0.7872965215666279,0.9421056761434734,0.9621382369922309,0.9648962271459885,0.9423208140250172,0.9305286953481782,0.9471411251931261,0.8150050596043532,0.9545544168467979,0.32116574026446254,0.06506159885484764
cg18835472,0.8988706484541801,0.9177615118150043,0.9317153557886848,0.11362113407956576,0.8796554944894558,0.7571246201808957,0.9223152210596134,0.9419628486782924,0.7931137884037354,0.947132980895968,0.7724958845248672,0.9350844412188863,0.9324014887780808,0.9324197125683225,0.944775394724078,0.3192998557563891,0.9233069854717517,0.6352748760489467,0.06303551487691317
cg12655112,0.8877424288162028,0.9342614885376321,0.9473340566227619,0.12159185229200253,0.7346212506354856,0.749585655036337,0.9398718555188996,0.9530081879672482,0.9064738488218491,0.7971331655542182,0.82036486746231,0.9350283834729765,0.6446511627906977,0.9518874257109113,0.9464751062650418,0.7108241696520954,0.9417583007083733,0.6791046206020307,0.0625346315206206
cg09322573,0.9213330993726724,0.9411630258396129,0.9507166956070375,0.11509413193781098,0.8391829579837915,0.739312057308221,0.934219287746179,0.938667187512459,0.763051219226214,0.9620900094172318,0.8797398101911518,0.8341678350101418,0.9624099900358465,0.9568054208861186,0.9276819097956535,0.6656067450437901,0.8452729424541866,0.5054123792706137,0.04599284267880338
cg10499974,0.9336063906181691,0.9574108807265711,0.9655337095824299,0.07594430570032296,0.7346710968924192,0.4838992071783889,0.9554175708878448,0.9695342731953082,0.41117902362600267,0.9556402078980156,0.8148894458796809,0.9371515987540673,0.94218826323007,0.944135852960603,0.9542856700583922,0.28759135229314137,0.9542168415627799,0.36961693418942043,0.04224052741374641
cg07002540,0.9484646174480713,0.9042277027378134,0.9409138902138352,0.12504947984450077,0.7293492877404938,0.7644660083182444,0.8815464509812782,0.9011830453544158,0.9402070681142864,0.8227918339758709,0.9344266977763018,0.9659468324726462,0.8287287689012155,0.8767245980406677,0.9278630605466198,0.8859668058067998,0.8802224485847043,0.7185097147868486,0.06370593675006953
cg10624395,0.966747698789009,0.9673583380854764,0.9667223638964347,0.20707804157478632,0.9010223421222009,0.9608030727895187,0.9611622443883525,0.9607350807278373,0.9134156261608865,0.9168175538587928,0.8904511245810388,0.960369922147355,0.8978426801839248,0.9273010856622393,0.9656449122530761,0.9440367854711138,0.9640936313286146,0.9472446461135107,0.09214187197696144
cg03313271,0.9437500760800676,0.9589011085183078,0.9641259071001917,0.1231371795365413,0.9260635316927376,0.42484469552951054,0.9503855476711319,0.9731853746374659,0.9322582250583514,0.9824742467504237,0.9345517735983306,0.9649954683139681,0.982078333734388,0.9800836617834603,0.9729789067152408,0.823167592868643,0.9578959404437294,0.35625604564476215,0.07285322717339082
cg00091349,0.939574023733335,0.9530855787765666,0.9637379648121832,0.0866995092903422,0.7667876773377226,0.42879285083722607,0.9498644462694308,0.97200606460717,0.8835686708783765,0.7873687553871958,0.6235037320073743,0.9307962946811854,0.6253634275521739,0.8350794227569158,0.9661626128811169,0.6641524484935428,0.9302886434286163,0.3934405492169483,0.04526293230609868
cg24954967,0.8061135889581423,0.9563158121110296,0.9555302073647455,0.08257496705952111,0.7640904551506723,0.8048666730106695,0.9297922948937873,0.9658376212417079,0.9010118898692785,0.842468990718219,0.06434798469423497,0.7026608672000565,0.5811536679634159,0.6574040743235952,0.9351875534536385,0.6421424680815857,0.8269892348613157,0.7679628392194944,0.0491257722685996
cg02780988,0.8981767138520007,0.9084695746887574,0.8966806448405933,0.14159884019557456,0.7164908050923202,0.8922210057289506,0.8786554887039044,0.9186776315907591,0.9060484658063082,0.8657972817267162,0.5481110412036146,0.9134899288805471,0.8868009434297726,0.8341618345010133,0.9222656432197882,0.9096693997242031,0.9031960824563474,0.8819516291818092,0.06220316076909538
cg17660833,0.9407817326481853,0.9474875332637115,0.9404706179214339,0.11212439124897616,0.7789740426142715,0.43491508665489603,0.9210193856542838,0.9479246570168511,0.9638515197031947,0.942359095450061,0.9209509717296886,0.9610711720599556,0.8916867255921039,0.9130622263345909,0.9500902976599095,0.9546223049784486,0.9289734979560165,0.41044932685498753,0.07251970220773452
cg27059140,0.9422662311716179,0.9393311031835178,0.9348201865966967,0.1142253641196429,0.8843050254006424,0.46387656406601574,0.9202586156914796,0.9557533703710345,0.7723263613596596,0.9496587728979322,0.9100254656565148,0.9538660087321366,0.950410698205657,0.9125728012126189,0.948470268415648,0.6853160081228677,0.9394566034838695,0.36978017422141807,0.060449696912936224
cg13460556,0.942002902128614,0.9372344148869141,0.9441285815268379,0.08648427158234046,0.8978379063066885,0.3112929099607986,0.9069678072746619,0.9530703430633525,0.8230485461638444,0.9588584003330302,0.9671440302516582,0.9581775138010578,0.9606088594958402,0.9645324404596572,0.9340982967126444,0.27628841462293646,0.9269971504638291,0.22142344208082235,0.052289614970126075
cg00101629,0.9488769518126601,0.9529220570709931,0.9570153600532256,0.17565650486229922,0.8530369886199306,0.8616328346380127,0.9585649131854339,0.9593888067659198,0.9601991113235733,0.8484775135137578,0.35276643568997035,0.9153393837435706,0.7857156921620536,0.8436664501064473,0.9467210780958528,0.9398365208106227,0.9381294483507374,0.8358959961472112,0.09138167472492531
cg21683390,0.9114470244764485,0.959812411866926,0.9608178802003147,0.09929758591508253,0.8371429779170647,0.35046490070386427,0.9239919586888056,0.9623433434357345,0.8282083490469473,0.9669282054393044,0.7390780828637289,0.9076828945947113,0.9648210641513755,0.9502399755201538,0.9701774665198798,0.8513739886237213,0.9307948556564349,0.3392404469012883,0.06288387509023119
cg26690127,0.8581913580011203,0.9135446844848509,0.9566174405051187,0.1337352807418925,0.872332451268846,0.7710082374326568,0.9623809745387448,0.9572779168213329,0.943808444308162,0.9717254912039418,0.04968419130261387,0.8567827442912482,0.9696237016263072,0.969041686261442,0.9630085813156852,0.7067953946636631,0.9645902713296349,0.7219168384101298,0.10174109790250951
cg21519701,0.9487033864461429,0.9649880858618171,0.9658241533424858,0.04744794699063556,0.8404209293803213,0.029762365208217623,0.9465103398529136,0.9757943816535064,0.483970757615961,0.9690158136094627,0.9681564361707045,0.938109072527189,0.9740627764473907,0.9596196121338223,0.9564938044525421,0.003126216489484065,0.9401313605686871,0.020663860265124116,0.026820161792715604
cg19449565,0.9260428243345595,0.9357707317010743,0.9533698611459174,0.1716834832063629,0.8649060239507711,0.5589574411141478,0.9433694756124341,0.964293457383445,0.9568692144080444,0.9738746476735347,0.9777226190738448,0.9743246662515703,0.9776819284869712,0.9695285214668067,0.9664463997325883,0.7843038503133691,0.9679741895990821,0.7311580441643803,0.3938365581980209
cg12555086,0.8236244716811125,0.9404423928892148,0.9497847329931082,0.10933231843013075,0.7532347864135065,0.6658232018171335,0.8601461919171012,0.9592274171988462,0.8626610992945694,0.96115089666283,0.3705458004437591,0.7955743091387126,0.9648217070475786,0.9528679177726856,0.9583977758964874,0.667329245225635,0.9354152266082407,0.6352851457434183,0.04256710219700066
cg00259404,0.9493454419207134,0.9411316280906991,0.944962960855527,0.07050164472942949,0.8483459464100411,0.05987631371187113,0.9310234671718294,0.9349445342879348,0.8457262482805501,0.9419615628454784,0.9576767095048813,0.9589429418210873,0.9396896829246559,0.9376360529100534,0.9461538222026179,0.5323965271627342,0.9402624185383094,0.08567752852349136,0.07817011683199648
cg26538782,0.927847167919878,0.9376755606103002,0.9373717061591533,0.1766648772421639,0.904087178346164,0.9184512485473723,0.941013523706661,0.9620600867183998,0.9677941365901302,0.9659432654377117,0.28241969531951955,0.9137712268627638,0.9727047304453731,0.9667955700247384,0.9741653012831641,0.9272685827852798,0.9490515251361842,0.8788824136444406,0.08927897107563443
cg18599081,0.9461230615421503,0.9486391132987487,0.9549874817046935,0.16011958435385698,0.9322818954805809,0.5523613628240056,0.9479424992225408,0.9570398616716267,0.95653281637142,0.9493209325696996,0.7795367499005724,0.9463428018229347,0.9676084098413397,0.9516148423783316,0.9563069816097127,0.8790347132045359,0.9604357247182138,0.4754051591814198,0.09177433752005582
cg06489037,0.9574478617758486,0.9568260433884811,0.9606203226617744,0.14695288570102238,0.8568690734670673,0.47768708723357656,0.9379148529885923,0.9659113997306596,0.9007214843506022,0.945175956401019,0.9698441362727361,0.9728867146775542,0.9404706261973441,0.9509443417276238,0.9555593290492137,0.8787314138204569,0.9593720058741304,0.3471526246547356,0.08761200648643097
cg25517015,0.9433036693423128,0.9410865952550317,0.9453303254627423,0.1565827116609585,0.8892791451697771,0.6784288654246832,0.9368666579471026,0.943498479027745,0.6770191278068513,0.8920921502342986,0.9364398932629899,0.9685416431384168,0.8425656259425509,0.8854225969066509,0.932579889698437,0.8379139732042566,0.9178520703751533,0.7000341583701322,0.09408509842317281
cg04478930,0.9649740754046784,0.9759049090195527,0.9751247281811553,0.19161432967773834,0.8613191266047613,0.805964158856838,0.9529741410340551,0.986605439182242,0.9094902633748219,0.9581760938229011,0.5317046042079643,0.9663462444594304,0.9631152689381204,0.9379549026615642,0.9803631387128942,0.8689702260434389,0.9611893391464607,0.7675183036467159,0.1394583984347829
cg08442088,0.9016386564415757,0.893192024620455,0.803517951090196,0.08808782670954407,0.928610691157132,0.7350360653869261,0.881112307355076,0.8934754350205064,0.8767455982757704,0.7185842269345446,0.32618368666767017,0.8715028025760471,0.7263488427963682,0.5693555274413713,0.7907524162116154,0.4058983988864705,0.9156116242909343,0.6940478170644558,0.06612316952203523
cg05445326,0.980538829157803,0.9780183974566017,0.978336514011562,0.22359639391418068,0.9437270689092792,0.9501713403533549,0.9258973868044376,0.9742962908869648,0.9811109812713162,0.9628662710821836,0.861941925146942,0.9804670832817459,0.9846244204156068,0.8896084977179647,0.9712140079981397,0.9863257857079658,0.7769772724690197,0.9291989222478372,0.18973232230484505
cg05923857,0.8780919362016739,0.8195669607056937,0.8964562785268348,0.1365363960429956,0.8118689470430661,0.8098878005418403,0.8954544889871672,0.8060859188544153,0.8399208115849983,0.8398268398268398,0.9086882139570137,0.9306731025682369,0.8775022031977842,0.838667560559397,0.8750990200175424,0.8316693178972795,0.9218699016295461,0.7973645347338622,0.1026098901098901
cg24365417,0.9153255468719506,0.9096927657772749,0.9203094940343639,0.12019639177879449,0.5071605338598543,0.8262792394887407,0.8590998614204846,0.9389821757564993,0.4995147516879661,0.9047086897461912,0.8785184295861852,0.9432046416673975,0.8832716971940076,0.8855210287854338,0.9226358661480056,0.7630211721252864,0.8673131483707852,0.7702475067902702,0.06526582735696163
cg11597902,0.9412690520032925,0.9435699435699436,0.9513624315185043,0.08515223107114278,0.8699623858140785,0.31732952076417087,0.9243069476959445,0.9577246949647705,0.09308412935347873,0.9391124871001032,0.9272839894340306,0.9571256527872618,0.9413100238392553,0.9327491656590602,0.9490295217642821,0.03524018676661501,0.9409209111350083,0.2595228889099544,0.05592880202425617
cg17541002,0.9436642670218287,0.9480752657600051,0.9482530517828676,0.08387057278729354,0.9008301500105408,0.12089866638367086,0.948190149028497,0.9319675567778736,0.9505745282255027,0.9398332016467594,0.42450510331753855,0.9101604652661937,0.8972833303376051,0.9381730816916285,0.9404896689538316,0.9562370898257828,0.9556503462946642,0.09928239486761709,0.05140938505381909
cg25376491,0.9364468347986852,0.8934272824567393,0.9385631070954545,0.16305645269207336,0.8537599346041957,0.6799360647857204,0.9121867553616392,0.9279811605996553,0.8384998899805156,0.930993402606484,0.951886391985826,0.9502695400083431,0.9189335114839876,0.9184220076985279,0.9327861399518265,0.7520172974297508,0.9282903508167691,0.7002243083499777,0.1255269846876766
cg03533256,0.8873879366633892,0.8695307832019425,0.8686282294292292,0.08783818533366433,0.6253824537039628,0.6592524499256089,0.8595918069934371,0.8418246207903064,0.8713598731521286,0.6794364116489626,0.7309249402587266,0.8762740825056404,0.5076669406458792,0.598060451874062,0.8118827245994529,0.8862277938483898,0.849481342581965,0.6516712537591213,0.056384713146861776
cg07213487,0.8252885759572351,0.9614672865598869,0.9676809706004079,0.19966480231329153,0.9501867844512417,0.9605956593388556,0.8764801131622675,0.9615500160974607,0.9700743182612148,0.9590931490338143,0.18756049057846053,0.869711288106932,0.965278049965736,0.9536324412169738,0.9632095738091115,0.9726496782319346,0.960667340346522,0.9600927449174304,0.12773124892557713
cg21696012,0.9561903775951223,0.9529188110408531,0.954868956879356,0.08506989224506056,0.8222069659592436,0.12216202931568959,0.9164204177647481,0.9716869679308595,0.9059447630624671,0.9524785423016952,0.9478382077928286,0.9776482640474509,0.9643977629077053,0.9402347831170595,0.955756137861543,0.4205994451945305,0.938711440516772,0.10502912553226063,0.050884816937981636
cg04605532,0.935573153769049,0.9353546437134996,0.9413154706159673,0.10920259892364709,0.8953682043912757,0.2670926866808394,0.9429198800524096,0.9606409362643833,0.8714030225432565,0.9660766086129752,0.9523006140896069,0.9562242571828778,0.9515266763237862,0.9614310717454828,0.9483233699087652,0.6535166285852949,0.9512562473630135,0.15079987070139336,0.05106712660583701
cg24941342,0.958284689020602,0.962623594003241,0.9628773430537123,0.05261649376968447,0.6650179656898452,0.04513035626001982,0.9296720139282704,0.9489920756649184,0.8692803539352612,0.9272559080280857,0.9648284226242922,0.9721809723974024,0.8833618115662374,0.8123782593968474,0.9539026932159046,0.07138645245288049,0.9240135902538198,0.0289405368698315,0.04346018512395322
cg05669832,0.8551836071207801,0.9186640841761023,0.962601547679957,0.18640879244715675,0.9292048597007335,0.9262725675295349,0.9692259517894228,0.9633428570773561,0.9624072025367371,0.9798650657585359,0.05019569489269177,0.8248101780257513,0.982015490588986,0.9710685666897294,0.9637357293164102,0.9157755583354045,0.9670644860456022,0.9030772195035125,0.12946134363401696
cg04958236,0.949542697506422,0.9500717464740962,0.9487206733119653,0.1364889134110297,0.6877242796027264,0.48112906921833587,0.9366655629572919,0.9542358089460603,0.818948173932577,0.9243409242418037,0.9614539515860571,0.960610036720922,0.8979745955350255,0.8852073032643564,0.9398205247716185,0.7881099873354505,0.9167420031848907,0.43041895217957976,0.08356906715212353
cg08694574,0.9569351115884632,0.9548821635426754,0.9597649076851273,0.2014687435256382,0.8683761644098666,0.721823140792203,0.9509720960894621,0.9771737591080049,0.9522486362603134,0.9639099747783152,0.9715347504989414,0.9688460792353489,0.961815088196284,0.9622395062963987,0.9661780269713199,0.8488128559442378,0.9601291934103564,0.68512713801544,0.11817710411852134
cg04903759,0.9598139582491934,0.9625488623662777,0.9647949408841685,0.07951282310133917,0.7828892801934246,0.06937595514001887,0.9481437236214949,0.9445345917827292,0.6824349392634241,0.9345250829864316,0.9722433384650455,0.9690914142935052,0.9387546172152171,0.9399569631121216,0.9531967680142728,0.5653390648117291,0.9481147284311533,0.07825776397198508,0.06606609366430616
cg25856090,0.949391820263233,0.9555622235499285,0.9578080976664389,0.14240895906931839,0.7872783450824261,0.5281940756912044,0.9390410856205949,0.9476321254157505,0.6244462149235237,0.952539824080608,0.9696846452908727,0.9612527688818702,0.9487013663537112,0.9469104092003577,0.9550159748076649,0.5430817075751664,0.9398107116526333,0.40051480510444293,0.06899630033644744
cg02796279,0.957780841005136,0.9598022530403119,0.9573259657854298,0.1007228188570023,0.7211479758422898,0.14401660914988057,0.9506156890961102,0.956082331085887,0.9649413238415699,0.9646691048181069,0.9305886429954013,0.9730839927929171,0.9192938563932394,0.8467524787960208,0.959849189093001,0.4773337021586208,0.9472796953785207,0.08577123505044892,0.07251289408262607
cg17356733,0.966099289797806,0.9682620184520991,0.9720696586367596,0.10915205934251831,0.9385153582672581,0.22011836547466485,0.9715905716266433,0.9852558442070234,0.5602375816814165,0.9855030916091192,0.9818832078096702,0.980632582060109,0.9811348887349316,0.9820098084949911,0.979712451216139,0.08295793278708724,0.9802044332703861,0.06586732581306048,0.061352623150449426
cg08538581,0.7227528590578751,0.9485349352734431,0.9455034337654659,0.14489218491596,0.94018353663762,0.7939096652619304,0.9512575193352553,0.9665398569037641,0.9251641275687879,0.9781860704379562,0.24470981070252124,0.9057088744986987,0.979703639513006,0.9874571840688093,0.9872322783123653,0.9299533450954758,0.9640723436191794,0.6153381016689453,0.06286552420482239
cg13932501,0.9283711831962554,0.9309291482251921,0.9311645999274021,0.11519509670397615,0.8243582241315258,0.3755319334863958,0.920009361861831,0.9378976574713748,0.6297989370950867,0.9467000829775893,0.9564782733004704,0.9538872241212719,0.9602038870987465,0.9435313483548737,0.942037973063231,0.7170639412346922,0.9364843017499582,0.26148298334994724,0.06916148810106582
cg11036656,0.9234815226524121,0.9564810447509271,0.9692875705556738,0.13023283678198372,0.7247324026306144,0.6217827428668532,0.9025236593533073,0.953441438208294,0.6995620434366774,0.8421877844048838,0.8352684429875223,0.9352182268814185,0.7039742720297595,0.7996907398350965,0.9567466503133952,0.7305234389566714,0.8726868956439351,0.525175546830668,0.07817712102935714
cg03418002,0.9625761358085013,0.963382203734097,0.970221336186778,0.10413992043881914,0.8684715647253307,0.09009583818166184,0.9652802074535722,0.985536114619293,0.7592112018517907,0.9852708480852725,0.9468932109121482,0.9744933450182467,0.9811372044037904,0.9806642077980282,0.9840672793945928,0.43503592189815365,0.9614747588792596,0.08203164970426274,0.08810495430567866
cg09712234,0.9059454950761039,0.909438950160784,0.9158110589551562,0.07643302826575665,0.6981947074918112,0.4989315782057881,0.8620136514701418,0.87462707991344,0.7139691600945055,0.6428918832920966,0.7843412240827151,0.8761699077156473,0.6206689274902553,0.6752548244168273,0.8679565501811339,0.5708125302825947,0.8230975127415496,0.45407908331349944,0.03809427031822771
cg23361127,0.9597338726327813,0.9512514122302382,0.9569278620809843,0.10201936855407151,0.7613807204645744,0.2501083053198825,0.9417451580348501,0.9494290177478464,0.6222374733109635,0.9398404767048789,0.9431795317194487,0.9670136824582439,0.9013993450464362,0.917590589543045,0.9526216134701264,0.6733843806182596,0.9537658145807547,0.16993804688588945,0.07587999723240713
cg10864794,0.9468758330383704,0.9165472461418479,0.949404275439972,0.17089129285439825,0.8594613619844176,0.5162564149580059,0.9557269821688119,0.9546651923608654,0.9628389814694014,0.9637929794293343,0.9752886872137921,0.9729465586831854,0.9710814669939029,0.961289390175121,0.9607639050916978,0.9535350006650958,0.963188212478953,0.649624103069357,0.24397997507208383
cg24037651,0.8864393442551857,0.9041997760059471,0.9187704305572169,0.1276433618877043,0.8843142099834166,0.8871347699303918,0.8435389652264095,0.9727727486676807,0.9645699582816695,0.5169936840325531,0.019373766419525817,0.8463471307022554,0.3779690527523958,0.3747567397305853,0.9003485505209504,0.9669918575331836,0.9083379044471505,0.9278164769578363,0.0672563192863348
cg11058932,0.8952736616145947,0.9001598771136159,0.8863954633799118,0.09748081126325858,0.7595796404241422,0.4131830755847461,0.8846862457303915,0.897308758180636,0.9040424438137646,0.9039271000079995,0.9248008646596757,0.9274742457436238,0.8463344946048399,0.8447399240892363,0.892531233801229,0.8785497182453466,0.9272582990351687,0.37150336025118297,0.06270641461730031
cg09310966,0.9555906013843332,0.8817777070962183,0.9041407802179181,0.09294530110977012,0.7473858311768493,0.39662622691925825,0.8669200115733862,0.9090624264753339,0.8127130175811654,0.8827412220404531,0.9537947538771024,0.9603930600725998,0.8402332644018392,0.8094574559104601,0.8683257065262704,0.708153542610066,0.8937446020639896,0.44593153524390333,0.098634237435827
cg19358608,0.9152833756197853,0.912576945595568,0.8931047399653085,0.09884214403199693,0.7598910387116039,0.4781591688591076,0.9085674892529104,0.9015064203822203,0.8655796497775635,0.8985728785143913,0.8999072981929003,0.9281387627335688,0.8054464188481867,0.8320906633149718,0.8440842514489193,0.537840665217745,0.90071025690691,0.45366108583922227,0.06025498923015937
cg17943672,0.8964800274398501,0.9397557989740604,0.9414093782070442,0.1636175600580302,0.8452610187664708,0.6842519988764032,0.937847139023515,0.9355122419793606,0.7750492452754727,0.9795581172227407,0.9518975443173749,0.8770440172227965,0.9677702353072006,0.9745841810676424,0.9534151647102227,0.6996509802060362,0.933246444937099,0.5598186227141224,0.17782062183501773
cg23363263,0.9506256238322999,0.9532890463308668,0.9530912158560539,0.10061997695940944,0.9188972090732856,0.12305754145002168,0.9501683837775153,0.9519295781079231,0.9559150327188504,0.9660276776637231,0.8737003773677459,0.9659527592579279,0.9637139909334949,0.9658553604451439,0.9573664756559744,0.6424011291551192,0.9641411808215996,0.10583297599680971,0.0698122843238882
cg12688240,0.9418345797858594,0.9391317347219645,0.9450614725634736,0.11009236961707491,0.7570322569880412,0.32908502027451025,0.9365480003181098,0.9571095275429672,0.9463090936544605,0.8331346058879415,0.8246081617744248,0.9426280565634404,0.7771688261894236,0.8163378727230577,0.9527105184892457,0.7711507090338212,0.9364202473869999,0.31067935099692146,0.07496453202467146
cg03857198,0.9505231505334581,0.9581946666619945,0.9548015571359512,0.08278972916049415,0.843251289241391,0.06893023793722125,0.9392806342044486,0.9553661624192278,0.8162725816390257,0.9607236399399482,0.9739521442781619,0.9708328663400452,0.9619244522313404,0.9620448817556447,0.9534277881543824,0.2805368680355066,0.9647895091525732,0.07337440889780067,0.05994278164676836
cg18854666,0.9191556300983562,0.9369877258861684,0.9448091916552621,0.14461033379910523,0.7579050701574647,0.5721722487778285,0.9414029106324873,0.9279551264982016,0.8941829503233096,0.8829390702863686,0.6037583210304356,0.8718345194507965,0.7884226984353475,0.8615497901788542,0.9140125578241505,0.8607580853599586,0.9500906321785615,0.46402113891511954,0.11702159561192971
cg15872437,0.9386193184774294,0.9426181971559744,0.9501734016358306,0.1750649811569675,0.8587293319525741,0.6971057256916016,0.9396542563040209,0.94461213581993,0.6603528329506192,0.8932193835198826,0.9143844729360351,0.9607175284088761,0.806821491737828,0.8648426752867144,0.9362208801109835,0.7570239327188402,0.9475872687609133,0.6310955489420538,0.13888100461422892
cg01204911,0.7637243091193003,0.9210043334871127,0.9338742558434887,0.09316230607084702,0.8364287146797219,0.4646597551488239,0.8882323138013214,0.9366567923836687,0.8981617301691702,0.9472890780527068,0.53178200690148,0.8249127105746022,0.9295303686717191,0.9337207663340321,0.9226102289654236,0.8940304631635476,0.9084863186095341,0.4153927460303324,0.0510268762428967
cg18990407,0.9083205687892033,0.9161004898088165,0.9174679235470926,0.1804838320069464,0.7934528448947779,0.798890197825719,0.9128199568950929,0.9514323345406651,0.9362434460146425,0.9623612674923596,0.22840040026484085,0.8683916372723011,0.9526992287917738,0.9601914546392079,0.9553178077019293,0.9310689277162492,0.9319023460822048,0.8048514233900603,0.1556584502247038
cg16713889,0.9575270163948941,0.964293228537906,0.9698515214615202,0.08647973651747565,0.7355488735086324,0.13745453962905546,0.9420840804664893,0.9739153054305515,0.7123778613042258,0.9167252481140328,0.9452764152636465,0.963916977992697,0.9242518326473084,0.9152137139386386,0.9673900553982693,0.537954749876536,0.936920877609827,0.08646080241052867,0.040119386084772966
cg24788483,0.8824598294699428,0.8685055284746166,0.9291645733127512,0.19319934458208726,0.8201027146001467,0.8591911951749939,0.9226671413626724,0.835505965532479,0.8422279158291079,0.8709334749701235,0.9422679043020774,0.9568814698426309,0.9112807295796986,0.88416808611647,0.9093637257680287,0.883676714374802,0.9422903796684214,0.8413037673920607,0.1736466919135665
cg22259797,0.9217962970576249,0.8719681908548708,0.9105862125905735,0.10920281798240299,0.874125284545991,0.3625257826796203,0.9192177698261794,0.732473167389815,0.8135492462620122,0.7178939187876433,0.958982638374032,0.9479616372416374,0.9174500355478316,0.917205406190275,0.7846831203989142,0.7106893099682412,0.9386287532402312,0.3027283788001418,0.09485118784774353
cg20641531,0.9549949520784544,0.9574051651320792,0.9570174603550821,0.22216190820561832,0.9455725968713288,0.8492074924588126,0.9569241883905826,0.9733818835654328,0.9524551055962519,0.9825684572026978,0.9450925998913173,0.9716254006722633,0.9680973373910908,0.9626778756988204,0.9657206568722125,0.962995670466771,0.9554836410473766,0.672421997178887,0.10984614126110903
cg26124526,0.9066387844726362,0.9032777599346598,0.9130097149248064,0.1390328773421486,0.7455969066990779,0.6806716517570987,0.8820076922759936,0.886167708004346,0.8314989378917043,0.8251841996320511,0.9141026544919257,0.9136431717941063,0.6920039925776715,0.8277187441054353,0.8882133042059723,0.8264629099443712,0.8921189892529241,0.6603179946613648,0.07382554446483636
cg19301114,0.82754647543811,0.7967804781094527,0.7701331185025153,0.1151570221123982,0.7998529029040959,0.8370844851974272,0.7275855861696853,0.8947435108336318,0.8945818057702258,0.8368755487215398,0.7593568085707366,0.9053181619638164,0.9211645660723791,0.7640142979269944,0.9255776511379628,0.8819664322019591,0.8616810407855962,0.8789226312816875,0.08223208555309325
cg03002688,0.9176807930161361,0.9231284022149292,0.9387086980908659,0.08897240904315801,0.6869643697630806,0.26028741492386487,0.9272441393772868,0.9381099143445614,0.8644861853538277,0.6983820092663753,0.7633563569316941,0.9331527424074493,0.7498396300955011,0.9158053208853822,0.926314507420849,0.8068876140916961,0.9273093476575545,0.24208480611964145,0.046928815182323946
cg07457727,0.9292808272276452,0.9417882441181769,0.9438003705456904,0.2201870655304535,0.8573120714679103,0.9278039807420971,0.9473304134412789,0.940617929965884,0.9428361283028508,0.9446374629551523,0.6665503118053744,0.9145315008271169,0.9373872428690284,0.9435480593588335,0.9499656396095711,0.9553246982988496,0.93574269573987,0.888370769961657,0.21219945602819384
cg23391288,0.9662867008788352,0.9721708707744937,0.9728675169337265,0.24690994476199712,0.9127698372974935,0.9669166013808701,0.9689807691083436,0.9787415947461224,0.9708921901521579,0.9040548308421467,0.8294095011487634,0.9743978649990988,0.6837410469305107,0.8535339435979602,0.9709028104016404,0.976861354456774,0.9581980671033754,0.9568473470141576,0.13143170675075608
cg17178175,0.9358480813893348,0.9406989173356322,0.9392133396548906,0.1330863987902573,0.9127231151168373,0.4011190541818984,0.923580782825539,0.9461843843112913,0.8436693346010745,0.754405447253559,0.8819919032450227,0.9460978878926174,0.6880399217018605,0.8249758329801558,0.9440832312494926,0.8142905857742235,0.9148925168400328,0.3799982328873648,0.07771202677739675
cg16875057,0.8970006668235503,0.9003935802472545,0.9011533599748842,0.11275301566075963,0.626477596174047,0.5112648325622309,0.8781323613787655,0.8773593539026007,0.6931912693019215,0.9136161621836248,0.9351784821841429,0.9150125322137044,0.8871489039755188,0.8956609864093765,0.8726322597872389,0.7738231832861878,0.8885210906139009,0.5606893047967612,0.09147224325689607
cg24777950,0.9479408546342487,0.956464120228482,0.9699296631259273,0.08809506710359599,0.7811643671475931,0.06819257948814295,0.9575143527946494,0.970784070938404,0.6532978382032562,0.9774429304005487,0.9772893094571318,0.9782074884985787,0.9746605249641271,0.975097950136137,0.964096724572631,0.32346885678580944,0.9723486375383766,0.07530670968898329,0.06559848025944803
cg08428868,0.601229095347559,0.9224901228849247,0.9157275341761839,0.11598834975365946,0.8464872663815722,0.8255190786540348,0.8955922362866275,0.9665091296967565,0.9485951182643839,0.7962380761856607,0.24179320706942004,0.7193995039608865,0.9194479257857228,0.8082089079396564,0.9443882670605309,0.9167777324135222,0.9278234823494131,0.7547847993691819,0.05351756797572793
cg22666015,0.9408462907967161,0.9584469411803915,0.9610219507152113,0.07687995382443724,0.862206624488647,0.05085126720099975,0.9538996472677903,0.9703281221062915,0.5512589614894765,0.933763711018982,0.5877053267539363,0.9273305912808361,0.9391369573997391,0.9347989292752559,0.9499763320022812,0.3783997041893087,0.9592682339145835,0.05255959564303653,0.03824109640452029
cg01087254,0.9581577042978694,0.9610146283292816,0.9602491080243858,0.05450343018671886,0.6197926086480774,0.03779134746431069,0.9308904195890051,0.9689663161618187,0.28173785361889325,0.9436516078342789,0.9075897416445138,0.9483013865429339,0.9339126325211364,0.8951660066931261,0.9512488814291022,0.006277205816551524,0.9111043192567516,0.022378244548300754,0.028062336115652266
cg02901136,0.9233614942566655,0.9204440995542114,0.9201552268682012,0.1008330418186581,0.7203838353039667,0.35684642481245055,0.9152215541962538,0.907301326445912,0.7799057444125557,0.8790050052423621,0.8361414062272198,0.9317686883917782,0.8469637543670302,0.835770136312582,0.9203545847553194,0.6585813139024178,0.9066002825186013,0.20380385863769995,0.04776614157269643
cg04121771,0.9428244943116189,0.9440016503519777,0.9511645528437609,0.10746535991726791,0.6048209884818381,0.4735554230687074,0.9298853540540172,0.9371821030377959,0.7807038773862274,0.7271650596291893,0.7045742006548714,0.9477129268477192,0.5843391855787679,0.5773370439022503,0.917387460327316,0.7236077758643497,0.8658928954982354,0.3282072235638853,0.06345835243258935
cg10933959,0.9609890684022395,0.9706999150121517,0.9660445958275012,0.15730391938311522,0.8949057538248614,0.383685052681078,0.9623679501019491,0.9774352985753819,0.5090294158370876,0.9804996877725062,0.9485019994005897,0.9788738573181311,0.9778203363967061,0.9761696109317912,0.9768968446250137,0.7395879373537819,0.967076821885738,0.2773734669506692,0.0955510980235017
cg23698560,0.9483647079202051,0.947695110544204,0.9426207940878724,0.7242436200899435,0.8738088137159693,0.9183046265069126,0.9479545933764353,0.9809116952146024,0.9331894456823884,0.9877387315986523,0.9768733427390313,0.9800352766054494,0.9880960933016899,0.9759575962032091,0.9806556131456947,0.984492739279275,0.983874963369731,0.9637483485398959,0.8716784875904822
cg01932361,0.9150859211062775,0.9359785792465515,0.9405019119946293,0.3602940171275811,0.7677100588471212,0.8725155909162301,0.9265865287664669,0.9021050538718475,0.8895274010185233,0.7847800797497986,0.7587730150518411,0.9432438388172018,0.6743962986582092,0.712520912894416,0.8929418775564434,0.8874197351423272,0.8880830939093542,0.8703412645297566,0.7902422136595143
cg19515398,0.9094617052414562,0.9184252527043802,0.9218289185031966,0.5493819163871545,0.8979409131602507,0.9004333756781946,0.796918022537509,0.9261083743842364,0.9148833445784075,0.9009150111285137,0.8605703947101954,0.9148540767955948,0.9149821207034956,0.8963171493653651,0.9283912552424664,0.8813479622822384,0.9122601712598395,0.8949709407240551,0.6806175200056653
cg04453471,0.28432456705477593,0.35183234079807985,0.3853620276065164,0.6052005811529217,0.4129891952124547,0.37544386309388,0.09480485480588752,0.30521580714558105,0.2068511356822771,0.03132136651381334,0.017905438936427105,0.23796896117479438,0.06967359485176383,0.014216826100559656,0.2770092359210786,0.017208407369270373,0.06682441587518262,0.27137458357517097,0.4882337832306701
cg19586199,0.948212548988767,0.943389258204073,0.9403579545443672,0.9031907411740318,0.34281610951537006,0.9281467574909869,0.9369912978925017,0.9562591933111404,0.9061948556293241,0.9659699690636082,0.9652176086548522,0.9638928366190262,0.9523985013205577,0.9516410518800331,0.9642379023341475,0.9297656136129435,0.955963677612278,0.9514744815185119,0.9604122865494077
cg15974642,0.9555048884469217,0.9591272286721924,0.9605969299323209,0.948884431403978,0.19605682292935211,0.946494618020358,0.9492378938914434,0.9683671257808802,0.9532836484147792,0.9646908510408714,0.9700475174597043,0.9706772702161004,0.9611916540180815,0.9398689935559381,0.9585894065047968,0.970211613774981,0.9502242010012076,0.9403416414996777,0.9690357870743894
cg09899564,0.9269418309599509,0.9334963881245266,0.9372270560770838,0.9316587568001338,0.2790957237908908,0.9351757017154807,0.9331808827572159,0.9014563397281364,0.8872816794197185,0.908481888375234,0.941461523390005,0.9290791566846741,0.9187409120373708,0.9196710591478469,0.9122158750912734,0.8448603915893724,0.9319783962775545,0.9277420641579825,0.9358473252316764
cg11251215,0.9134012728284556,0.9121232097108262,0.9166242224876895,0.9149320614165162,0.3578711127001323,0.9073769971865393,0.9171712822589003,0.9095248331350873,0.8872767974509796,0.9306037577253995,0.9350403003074483,0.9207620860892702,0.9145906952646856,0.9272948845136911,0.8937053205096384,0.8507221519042327,0.921551781994514,0.9143776257206331,0.9176176923093421
cg00529757,0.9523244751699532,0.9550943990658913,0.9598045815606651,0.9486975908941919,0.27888116637299015,0.9514614603600979,0.951364926230253,0.9511072754832547,0.9455663847828693,0.9539286036555094,0.9547783265103412,0.9585305617064916,0.9510137459859063,0.9526436865077698,0.9517614248205911,0.9486506741427873,0.9470496254037352,0.9522641811520887,0.9436704882202758
cg22029856,0.9650211840645353,0.962091223058538,0.9614680442459177,0.9545336033879555,0.31687526918018766,0.9585870979474236,0.954080872237158,0.9505431075057338,0.9292228603796338,0.9462475699073408,0.9509669242802834,0.9630168413371765,0.9463299061167597,0.9508525327888309,0.9574275021422561,0.9440138342961691,0.9514232796945018,0.9604528263937746,0.9532508771075731
cg19708418,0.948067137697667,0.9463739723189555,0.95079745394631,0.9485727390565089,0.3889668944944359,0.9449222133939319,0.9493952032442037,0.9518659060430186,0.9281905091358417,0.962871047043879,0.9668020235271213,0.9620912674142047,0.948276099677609,0.9494553006616708,0.9552865942540308,0.9444048435617913,0.9612193042717063,0.9460279727739986,0.9609435957350011
cg13808936,0.9419959331923358,0.9469891000059563,0.952961034362062,0.9309064092976542,0.4687261632341724,0.9350353260023292,0.9235400455479907,0.9549643540253869,0.8985046506498326,0.9186670183768575,0.9493244519178298,0.958350653402275,0.918500830564784,0.8772752626578748,0.9333864907293252,0.9181251706121887,0.9362668049968597,0.926673312270122,0.9393658048850164
cg08890627,0.8814612834840395,0.8876136855781723,0.8828848905876205,0.8683748029257177,0.291264930205785,0.8562674614523755,0.8824775620413992,0.906218425645265,0.8716560089068897,0.897707450784949,0.8863049951822672,0.9115687106684744,0.8937732257772139,0.8829963518400921,0.8953267642176107,0.8763644504439692,0.8989868814545858,0.8645186853191099,0.8858420847919097
cg15207091,0.9309319591424536,0.9342851739788199,0.9313196349242204,0.9207503062427054,0.5380759131057532,0.9275664976668645,0.9374974685303806,0.9320092475830181,0.9414266961985651,0.9378472936818275,0.9405252257204622,0.9525520957572162,0.9194708749129729,0.9303809528359779,0.9262701028328562,0.9272569087615767,0.941548111386821,0.9278234410422357,0.9336414181529352
cg18168751,0.9514145243077814,0.9557988083691284,0.9589781174948839,0.947727485230397,0.27110421113914224,0.9488145067303055,0.9553766417271827,0.967173017507724,0.9597727473964095,0.9655560920650249,0.9581587637220552,0.9687864716754471,0.9655909797822706,0.9628288320483849,0.961865657071353,0.9432539569525871,0.9516078441766542,0.954499567947416,0.9517349021491175
cg17107017,0.9614100204758691,0.9604211250833786,0.9653010821616503,0.9603041773532558,0.31129165151096827,0.9628763587426328,0.9560026613853447,0.9685395380550854,0.9649030656204919,0.9508656930780343,0.96742723405896,0.980653055022779,0.9687143508417567,0.967976178494141,0.9761876037624213,0.9697161543590143,0.9680545595647115,0.9619599376479622,0.9744375680325824
cg27440150,0.9315509167524396,0.9251418989929058,0.9240428430767244,0.9294506113790295,0.3859471753057151,0.9240111405683727,0.9248186442521233,0.9147634025290754,0.9218653829811666,0.9251849791983984,0.9371345001587272,0.9391469036156632,0.9157564254128514,0.9223220549712312,0.919015810697954,0.9143182620123916,0.9385496265121416,0.9196253682311528,0.9406638966186673
cg23886378,0.9415009405555035,0.9431797889378578,0.9500215972913336,0.9405787797117546,0.38408359762573446,0.9429053890635766,0.9462595004503789,0.9281726399782365,0.9253281920827545,0.9413519176179319,0.9628030559711862,0.9491908248905296,0.9374547696338997,0.9460803137061431,0.9396061650522114,0.9095105048871304,0.9430245404118769,0.9359856735858588,0.9507022867610635
cg07332880,0.8735508667514247,0.8744577006507592,0.8780598973911453,0.8574582314857404,0.28831350594821553,0.8641386931896671,0.8726291545212027,0.9134930643127365,0.8572989157767927,0.9143203883495146,0.8416181319129721,0.9107635262242185,0.9414595028067362,0.9039302143489806,0.9102274934546696,0.862386364923916,0.8926331897754916,0.8944639279661342,0.9093101784852871
cg23366752,0.9157226166017807,0.9273500717592431,0.9290195658046997,0.9123045120293585,0.41598837161924784,0.9180644396458657,0.9249127137194247,0.9252340196578321,0.9397582406853284,0.9338005656091561,0.9433515785502702,0.9279335707760674,0.9176110287084515,0.9236922746299598,0.9112097233998591,0.9291746080342065,0.9467306546350127,0.9344278194273374,0.9420227801407678
cg10018933,0.9568333652996823,0.94920670611276,0.9442977692122493,0.9394889874662855,0.27165204006840793,0.9499515775858047,0.9575911301037037,0.9589687262015035,0.8799486577980182,0.9577000927164458,0.9419362992464012,0.9654459054336886,0.9529336660408559,0.9458786980885281,0.9542639417845333,0.9031642531827144,0.9521841597538879,0.9414206053669303,0.9501089524421205
cg04978470,0.9716389531022954,0.9711528385569783,0.9720396946437897,0.9698862188508497,0.3502372886360988,0.9728827195017713,0.9742402688796293,0.9705383949945682,0.974465203021149,0.95809172217174,0.9648202361734373,0.9762722748181722,0.9492511203613274,0.9516548668389695,0.9727596030457735,0.9726294166067802,0.9669045286535607,0.9690015501347753,0.9733176255439133
cg08769073,0.938329370348567,0.9264202356581531,0.9400585521072355,0.9365316143714879,0.31939197885613335,0.9396063971569394,0.9411309065236604,0.9292385606358646,0.9212728814378583,0.957894234248989,0.9557540198832957,0.937753454847613,0.9397815754818027,0.9426285335350946,0.9403444470453903,0.9260218924973992,0.9479594223041514,0.9257852999219613,0.9390160256369668
cg00953201,0.9847934629118646,0.9845443227802292,0.9823990387687775,0.9818118025646363,0.35395235581856405,0.9813395861455031,0.9755134653696091,0.9812335249512439,0.9736758568694159,0.9844449540987694,0.9863522449530167,0.984748575415096,0.9812105838761991,0.97939004290742,0.9813201831467813,0.9774473688108853,0.9729510474953632,0.9726834038196281,0.97497817482922
cg19771469,0.912744495658774,0.9105456256248758,0.9156737209137071,0.9062967452326997,0.28220645795584437,0.906582871074137,0.9092625867165954,0.9015749845332095,0.8203621595873614,0.914479248314424,0.9140355187503539,0.9260359028270261,0.9003674326747779,0.8893513950970531,0.9042673316261024,0.8835165408298398,0.9293157111356848,0.9116667826390781,0.9164087472023424
cg11926444,0.9431382479494579,0.9457954638499959,0.945937949964827,0.938467807174942,0.3002390662354099,0.9389104665743185,0.9410615922865428,0.9584615384615385,0.9107235203688971,0.9646127432277757,0.9573700483580079,0.9601934223163027,0.9706017154455575,0.9613252434904926,0.9600160790916767,0.949546479584628,0.9471707805420259,0.9517324731364505,0.9539312039312039
cg22801217,0.9309248386054281,0.936437373297573,0.9458186514808706,0.9157966757514925,0.2800241277789822,0.9321352635939751,0.9388290807564641,0.9439512475621131,0.8572650552441134,0.9278406560754695,0.9521454051785956,0.9561319276346207,0.9193585795171194,0.8988317157433778,0.9388050161604653,0.9313835999794267,0.9270838659863678,0.9345488270167257,0.9288664666975914
cg06801994,0.9501749682975609,0.9456684652278178,0.9482927991240602,0.9477566863385933,0.4430037817396002,0.9410159697084124,0.9448354112305895,0.967246327874388,0.9732470627322212,0.9616529504465068,0.9739717065368543,0.9696205184221018,0.9667927265191939,0.9611697353755869,0.9603179241740157,0.9732438651722084,0.9613407060606711,0.9640222885841467,0.967698246089253
cg00764632,0.9276955578608053,0.9247919531471571,0.9281783305790993,0.9277563688777377,0.29233116564362693,0.9398443180288893,0.9366421625499585,0.9221738269750894,0.9250759039464165,0.928266345513884,0.9528205610452446,0.9357957159093573,0.9003496059649624,0.9047286831740451,0.9081071785124426,0.9330232880437078,0.9132033411116682,0.9284907418745709,0.9297344744874605
cg08221288,0.9656191046080135,0.9670845562116562,0.9613232226852069,0.9687859789489724,0.3016724178698505,0.9633669241726217,0.9637167003729948,0.9638306070702594,0.9549109974424114,0.9785583667438474,0.9774824405232496,0.9642903915846097,0.9850019775318256,0.9778055704758166,0.9747666232635551,0.9735120213262576,0.9629107507006276,0.9639517856047171,0.97109822044096
cg02820413,0.8960318405321211,0.9014627312282779,0.8912989321743217,0.8794172649209715,0.3067248350258044,0.8745286923283717,0.872420460846137,0.8814106624379326,0.8638484209486844,0.8552229056389536,0.9127931462865739,0.8956023458024744,0.8452106332285154,0.8288632022418356,0.8709211563855239,0.8754196426721685,0.8752115296244697,0.8735300377699375,0.88093647354451
cg03325598,0.8627024932996313,0.8677139037433155,0.8614759041870772,0.8497053470566418,0.268590978803728,0.8504610856287881,0.850741097464604,0.8381535386345181,0.8433152640100109,0.8459719739346059,0.8690670869851866,0.8786650279057606,0.8185239522867895,0.8391952962710705,0.8390701977189583,0.8803153761830338,0.8535253515741748,0.8561862594694449,0.8832298136645963
cg19896129,0.9544823001917695,0.958129612987583,0.9524959556184863,0.9463829184848852,0.3271868529399211,0.9470497323406124,0.950586775314723,0.9461133251256649,0.9245426340722487,0.9551248912518844,0.9661282309984318,0.9701801675247392,0.9326920311818101,0.9477478392294032,0.9547740479416547,0.9372819090256486,0.9366140091740838,0.9286215872621166,0.9399908459902688
cg16433737,0.9163367393379862,0.9191537339169651,0.9156516706934182,0.9119875000687098,0.5106100795755968,0.9180449249929363,0.9234747603194788,0.9299301070512254,0.9511020384011267,0.934664094607062,0.9432816337936714,0.9594505734891468,0.8961254334388663,0.9234429832122397,0.9287562156345164,0.9521762497273697,0.9306488731262774,0.9284910333600762,0.9351722103399955
cg14166189,0.9494050082518452,0.9469191098360535,0.9460736859607572,0.9429845323079251,0.2698308963829509,0.9494050424929985,0.9083505842996353,0.9499741844310714,0.9432894551151243,0.9449998833863399,0.9605373266733722,0.9685777025224621,0.9188233305958429,0.853637014410213,0.9360887154229707,0.9495454229190767,0.8676668263215799,0.9512565529450026,0.9581243079431241
cg12827283,0.8668052694904547,0.8853077950181868,0.9026277711560478,0.8585564659212621,0.3568110109065613,0.8718775610597047,0.8605708982179494,0.9093066621461264,0.8832909172911421,0.9060872153594285,0.9371047071490147,0.9228650709798769,0.9089740724184175,0.9100209289531331,0.9187519170618972,0.9090815073255742,0.9115353289191339,0.9117440581311681,0.9289101309649255
cg12305588,0.8670108482806743,0.880993417581774,0.8732722320857959,0.8625468580069713,0.3261180778436632,0.8735407444862275,0.8605377164490425,0.8739366382318486,0.8213838950670568,0.8654344645464429,0.9147853200471648,0.9028278074317541,0.8178251898421608,0.8386476977855158,0.8746464380577007,0.859154450778157,0.8836935129019357,0.8742271338693492,0.9070097536140584
cg01803771,0.9459161760830319,0.950020633778285,0.9468416989756907,0.9440500455392179,0.28734412442333374,0.9479437847300852,0.9461914903345032,0.9544093735775859,0.9371713387680191,0.9482673431130308,0.9725766500472792,0.9666544630249586,0.9245219471538729,0.9311604056573592,0.9507350491450834,0.966318525708607,0.9438865163739285,0.9539936771049584,0.9574139712650442
cg02305651,0.9410997127678205,0.9390697943830906,0.9363339715032938,0.9316468561460725,0.40496474700477453,0.9387492442496647,0.9353778344781185,0.9142971610638819,0.8690784592629444,0.9114100728240938,0.949693691607282,0.9480324904119473,0.8855491774952411,0.896442515591167,0.9328877450684342,0.9182387629246778,0.943565116392171,0.9345260701416584,0.9371219727519817
cg03528118,0.9705394990057841,0.9733374468046347,0.9704798687101062,0.962846304126157,0.3450393761802048,0.9638420062556767,0.9686583338845518,0.9750725726073913,0.9486643503822532,0.9718465439072823,0.9830991210744968,0.9835297285788865,0.9771250349512162,0.9514313527433378,0.9702398888007077,0.9317270847037817,0.9610726701038281,0.9610105584731792,0.9697287160481862
cg09837037,0.9565620060494191,0.956785481526044,0.9581799976852882,0.9431431866637425,0.4133929468501959,0.9412484250874151,0.9481035352755443,0.9563527124933734,0.916429065561891,0.9568702518394449,0.9600952805017844,0.9655176802886357,0.9464771367443885,0.9518141883287222,0.9666269848964331,0.9292515976459383,0.9356460074654948,0.9353307533371477,0.9444248722917034
cg05315276,0.9733419420959677,0.9728953636179425,0.9760020390594388,0.9713022899201265,0.42664081375870355,0.9740685671460144,0.9752862082922791,0.9757475135348139,0.9701351879096094,0.9804569986018195,0.9840124411710789,0.9828253635575322,0.9689980090634097,0.9821943835646956,0.9776755937606102,0.9861622893066178,0.9790993985595227,0.9760885337654531,0.9795698536660348
cg06641366,0.946474627603493,0.9394825625993286,0.951374899301339,0.9529338224645036,0.43561551334739357,0.9517913743330478,0.9488510967404288,0.9386530209341241,0.9527128292230097,0.9482089999939132,0.9695333387156276,0.9566035141840534,0.9440132847456619,0.9607589814156985,0.9398051481148393,0.9656901332096162,0.9653061312564464,0.9608836955337157,0.9656452124383372
cg09846625,0.9557148099380786,0.9538335447689701,0.9530267655651544,0.9515915870550566,0.3148276606995635,0.9480405281322175,0.957182688848068,0.9661182975395806,0.8644433041129513,0.9715494116892253,0.9738736409233277,0.9593759660854758,0.9626152334836342,0.9625206029205831,0.9581163611096171,0.883969689260153,0.9523318087210205,0.9533751122154578,0.9667460131096024
cg04963153,0.8918835624817727,0.9026961632417052,0.8883126396574506,0.8945468402256677,0.30578293958095176,0.8956190015113572,0.9070180579799125,0.8794918965076216,0.9119034951482177,0.910400554196414,0.8896267151948227,0.9078081746629243,0.8322094685960055,0.8453646624237265,0.8615126239129773,0.8971737442323972,0.9055221251863583,0.8963706698927265,0.9115779865691582
cg21857123,0.9098917533552875,0.9116197990009488,0.9055369783986764,0.9051325591189536,0.41339981463555747,0.9090502868097392,0.9066995798391686,0.8804197276053919,0.8769580057924518,0.8932589954373705,0.9267026017688164,0.9114797420069389,0.8577513073158483,0.8898664917478054,0.8748572799595068,0.893519974077426,0.9133946172340255,0.911188143444585,0.9288822449998342
cg15115984,0.9261709121303647,0.8636122912496487,0.8303305828517229,0.9044594963245256,0.30410798196907785,0.9019715691517181,0.839731739965285,0.8258026951829487,0.87908363028776,0.8358535146791682,0.8950952749881618,0.9339275825308214,0.8011793024320448,0.8277620494059326,0.8151899123245803,0.8031110653451574,0.8260200007046481,0.8733854058533911,0.9013481810936201
cg27036740,0.9725237553172312,0.9671759008655836,0.973526137507424,0.9645847667052172,0.4839846791429654,0.9709649451215518,0.9747835167112268,0.9804718520811065,0.9718708034851404,0.9649640298680492,0.9531712969836272,0.9757110009211575,0.9561677551559792,0.9566524847225373,0.9716583591741413,0.9711326920397662,0.9680131459818961,0.9667476017615959,0.9707530136699136
cg24568082,0.954259559050379,0.956286219553225,0.95783673484797,0.9443221849352221,0.40702805419048627,0.9429604064598631,0.9552159087724925,0.9643292748707761,0.9319297743970768,0.9510986111834193,0.9524984786576792,0.967271125552549,0.9208139546534506,0.947232255334965,0.9636742971448097,0.9519967157161592,0.9418828788563518,0.9345521741318581,0.9510977898502521
cg05308792,0.8905190612089859,0.8929014472777395,0.895847233767089,0.8713793616630385,0.4959357368270058,0.8722175666084135,0.8786727084521333,0.915713285080551,0.8821919788180574,0.8883338883338884,0.8094068375870338,0.9302961997049604,0.8756115641215715,0.8661848710159656,0.8897273659232323,0.8655714244081966,0.8938576795577658,0.8776259685159444,0.8960459183673469
cg08759957,0.8543971137285131,0.8655141930092777,0.8700432339099273,0.8587738515141825,0.36350371838186984,0.8648333901720066,0.8525909704868361,0.8543577054746856,0.8293116917262653,0.8732029938380639,0.9085155408132843,0.8899676854580227,0.8553929800312092,0.8614777492242542,0.8559239202648901,0.8583385081636836,0.875259055363169,0.8805187298193551,0.8839559214994464
cg08594606,0.954060803836206,0.9565939278937381,0.9510258656717534,0.9482717083697421,0.4568270944741533,0.9475641286422192,0.9531466105595989,0.9579213280404186,0.9500415194470622,0.924486523631366,0.9623091268585464,0.9596787888174911,0.9311368603356562,0.9398544697106748,0.9502166540040096,0.9593728760860729,0.9567140632425855,0.9570772461240479,0.9564098439761943
cg21768884,0.9443012959239282,0.9454891304347826,0.9424655164766704,0.9356287845817193,0.3061527057079318,0.9360797086958392,0.9414746671871674,0.9555916937703277,0.9192363765730138,0.939966732194163,0.9474085413548766,0.9568270667159239,0.9400686564317726,0.9254415329526693,0.9567680599545216,0.9390107418414078,0.9425595459867431,0.9331573747154707,0.9500569476082005
cg10235116,0.9553325351437032,0.9529158720515477,0.9542286726495772,0.9514048828686714,0.4703548969963737,0.9515229701026892,0.9517642098187618,0.9479553979029678,0.9375896037140443,0.9631656140884616,0.9744271351988743,0.970457915600279,0.9537613989533196,0.9524610878972621,0.9519627094106451,0.965498396474154,0.941944087943618,0.948021265338975,0.9529881439467661
cg05596756,0.10149812324081603,0.028035590374919525,0.028979559285667714,0.038495168514379466,0.5499929344168075,0.11428470798675228,0.05732129009393077,0.00822084800642602,0.05216560701345435,0.007410612776435383,0.007378369250272873,0.01589143863430311,0.009489339938120012,0.013795577610431754,0.011188984297396468,0.020695140371772523,0.019291268340335926,0.028833091967431584,0.020828432025783595
cg07474957,0.024360780430056142,0.02134117058879314,0.023178498324018006,0.024279296799839097,0.44180719463892737,0.024090430883752553,0.021864449356275115,0.0052592160924331164,0.005304825756304514,0.003950386604456465,0.002691661506201328,0.0025410666809127444,0.00542108447445037,0.005200082148257649,0.006658841229354397,0.006504871701588434,0.013687383589742218,0.015151601567774182,0.014230158646857106
cg08715187,0.06244373955551008,0.061079580485737375,0.06262970252826094,0.07029430752044791,0.4632229897998657,0.07183493517240219,0.06484321011717031,0.05431062421547583,0.06104561987596109,0.05338166834798452,0.05157774972691931,0.0569587654832166,0.03652416407122361,0.0412846832281169,0.044769701812220675,0.05600897826029873,0.04715678150384245,0.05820553405482204,0.050067810875825125
cg04466898,0.04644914760301633,0.05119108268523459,0.05218975364368628,0.051859937906620246,0.547489525121814,0.0513205979515555,0.047600174137912295,0.045109785559964255,0.03051389898193599,0.03187161734567444,0.026662638883557792,0.022317744969857188,0.029195281910081337,0.018500887283710188,0.03305306865396873,0.0328436091317707,0.0361501191490433,0.04061454771296345,0.03687562569663972
cg15752436,0.034266020033018416,0.03300277650714619,0.031374487775515825,0.051902195231522286,0.6406781524677365,0.13718177606504955,0.04082499089253516,0.019850558707833532,0.06579685469478536,0.01864856007677885,0.02592597507269425,0.02663362171003075,0.02296660394437477,0.016946334092988513,0.016119910051940384,0.02932883409683116,0.023758428616415313,0.058205010300758975,0.03680987626058556
cg23966363,0.1193014377008309,0.10769889482386585,0.0635126683455273,0.0868080080221934,0.6850112796243566,0.08053616104551459,0.081040624491035,0.017707435542959466,0.06325676836443755,0.04644818584570076,0.03134567716828751,0.04547285853923172,0.09006158142697207,0.024649323740770494,0.030599784643126234,0.03123969392950482,0.05389283730405714,0.05416499625778093,0.09340544714028753
cg18901104,0.05303997101157827,0.050486745098690874,0.0458796307279162,0.058838011787212686,0.38176001623651257,0.049566853310754076,0.04649868770645593,0.03281389900319498,0.03335979804506367,0.05665801542190285,0.05025515478070963,0.03248160325959937,0.03633241403792009,0.020270153979384545,0.024281094883601077,0.028313152273140157,0.031361792517798665,0.036559941713868865,0.038627191028973024
cg05614346,0.12036113142671745,0.07946171099006728,0.08117991815159202,0.11378341965520741,0.4870966720496501,0.09073095332100797,0.1283535857494603,0.09190355707694597,0.20101307543839897,0.10498499282265432,0.09572868509187954,0.10033850457525251,0.06953083816552451,0.0600551737073903,0.05854339528369114,0.07530832067225629,0.09292054943849298,0.09094327951777473,0.10064542154094393
cg01797036,0.055682741427155916,0.0527784818771353,0.05346556838426954,0.058773808923429094,0.39073066316094407,0.056552315467399424,0.0537098058347476,0.034483880503875075,0.024537841896056203,0.025428576568044554,0.024998815649434437,0.03167612515169593,0.023488464470634046,0.02434768142091076,0.03099593382617031,0.03972756677125827,0.04317547052182037,0.04562223161852008,0.043110928781344066
cg26684776,0.06742639210153001,0.06976208843860054,0.047476471536281276,0.061029669316928215,0.4889712610508918,0.0505376633659673,0.05006177195846868,0.1263176768940264,0.036554631839633644,0.10339775070983237,0.03709450943420345,0.05898460446374265,0.07869886139203253,0.02504459088996388,0.033840467557402276,0.02311572480309451,0.0329909805810433,0.032654272785865274,0.04597252230578358
cg01749347,0.05549623652101829,0.05958921294586045,0.05546707884976494,0.05878663391229738,0.4513311181088793,0.06398183509991245,0.06471725315879401,0.027582335031587354,0.024430930761516534,0.015472887661280882,0.013132147068711547,0.025939495892853874,0.014739233474940482,0.02020468220814603,0.02193869791664963,0.18095467444568852,0.046556489737303086,0.043595394968989176,0.03557211719853672
cg12123019,0.06584150107029402,0.06222833617110923,0.060853398426271466,0.06729460015390254,0.5040579032341228,0.12821400301876762,0.06377571019444643,0.03714618031222916,0.06531009934806786,0.040888016780752934,0.033669898260234754,0.03957373014661569,0.024258118282046555,0.035175662786387396,0.03665806846119912,0.06042621158892947,0.04615520658217642,0.06744542286652744,0.04689692990628287
cg14802312,0.04221137322769822,0.045979741709085295,0.04441922107656761,0.09325239690571135,0.44600379616789315,0.057349954166624625,0.040176064071670375,0.012193126897009174,0.01379472783998779,0.009912989396648008,0.007260734305605695,0.01327927654436728,0.00520872498805371,0.008281613368712887,0.0057613136482937664,0.016694014798159254,0.0285784092158047,0.03164287881954353,0.051200246672578276
cg16749930,0.04398982058386308,0.04355956237521942,0.04343707757574889,0.04828434817673767,0.32376646858674185,0.04407793913903989,0.04345573335414054,0.03257703910628496,0.03631052658619577,0.03569148982569681,0.02646128065757624,0.027954525674655548,0.028248205355759212,0.022937992534443365,0.02815839252998836,0.03039851940498378,0.028399639207480173,0.031745444409074106,0.029927341655076777
cg08279008,0.025833877209154886,0.0270495171331148,0.03142479597927499,0.027591429986165355,0.2724922112438231,0.030340291501919983,0.028065306024169526,0.007878694640767212,0.009702651899265818,0.005134357367546461,0.0038232487637638083,0.006660776133612742,0.004904734534869416,0.006657537244235357,0.006696887197578804,0.009847557246565965,0.019197168210348125,0.018108391641663918,0.017548188321754195
cg24384195,0.05933393254493341,0.09789588927151271,0.1238539277779887,0.09585063339863703,0.40049630795328117,0.12618377123966062,0.11261272769742986,0.06282503625077218,0.12053320869370442,0.061159830987326025,0.01513801669899809,0.017428860266409746,0.08125538761777218,0.08925145357639308,0.08437880915418411,0.06965345108901433,0.11066874214441624,0.08788143541543847,0.04716818186918337
cg18320356,0.10913727810054702,0.055656398278351116,0.05828049009167979,0.08280457938209856,0.48896610932068707,0.07744032926661204,0.055731198213011764,0.015914704087988032,0.01823880512912668,0.019878787361627213,0.09534649476941531,0.04019354962785843,0.056426020427532086,0.01703231723765741,0.022446351803741507,0.0603474166080335,0.03637687822468427,0.04566458022480252,0.04626448461318187
cg15698795,0.0361817228427785,0.05863878999121959,0.03183108808693051,0.06954845359035944,0.4163572648225409,0.06938221754763985,0.0353125215891337,0.055262095492706664,0.11002066666473909,0.049143473757231604,0.051735076390794554,0.01318160734982296,0.05091014070276134,0.017150602103325474,0.014566551761656506,0.0969050472803662,0.028127346339359455,0.06273970830800596,0.050833751346674005
cg02358862,0.10488384513421892,0.10738255033557047,0.12098278853932046,0.10678830244481491,0.4018984859182553,0.11813581951096186,0.10563494454726755,0.14167447672602312,0.12736748782095964,0.14233958057548945,0.08584538628080077,0.10427264045543294,0.09418320195705354,0.08565061306736732,0.09159611650333338,0.08876527077532528,0.10180327444709936,0.10036893332703825,0.09093703885882931
cg20955688,0.03834818624458851,0.029702630349668666,0.03105833396163347,0.03338950562312307,0.4438118405774332,0.032477320146031705,0.0333717835916395,0.01827086115860387,0.03533687598977648,0.015130563544937019,0.06837267711291273,0.029338697194161358,0.01037276933787183,0.014087478340112779,0.017430267758860113,0.016752546544593745,0.019573279014484135,0.02104042015295462,0.02321703815586174
cg21115691,0.03689507959064623,0.0261126011693041,0.03239848968503292,0.024871676348162057,0.35255328494485216,0.023660519781539956,0.06684393181167814,0.011295019713059221,0.01207679698145335,0.016768376872392427,0.020845425732402067,0.019094579184699773,0.013134059381768268,0.03764260659076407,0.016547554354409244,0.012312965297946073,0.03729881466676373,0.016674970394651427,0.01586269753740038
cg08614334,0.107883133472087,0.16683540779526318,0.1491984561746269,0.08149621594520706,0.44795117336651447,0.0651652723350793,0.15575399156778325,0.16196846204672824,0.05046528476601403,0.11629514800254004,0.11518769596406792,0.0891457613328771,0.1098366158776608,0.09215480101125845,0.12256098356100437,0.044671495150634954,0.17020844092451598,0.04344448416911334,0.04418008344018387
cg08786207,0.07955152102427449,0.09639776763064434,0.09508996224541641,0.08901147047808333,0.2986526349358208,0.0962406176447701,0.09475982357281976,0.08322765801241407,0.05998240174066942,0.07174462705436156,0.04956987723021141,0.06603633324754915,0.11494997057092407,0.0983886345662484,0.1001876612714051,0.058145926481152785,0.08260346601310381,0.0884499690432052,0.06811226720293784
cg04739306,0.039186897774289804,0.03820598006644518,0.0320344593203986,0.0400972973799516,0.23804566074217298,0.04530207147021524,0.040156731450414665,0.01555190289543558,0.017953463812911553,0.01698841698841699,0.012161877306034212,0.012692674044500168,0.014985014985014986,0.014754350917414921,0.012762295731944168,0.11004121828954166,0.03601365885879181,0.032888445605654903,0.026540352907144925
cg12793123,0.05182359949416791,0.04731412308786909,0.04583752565698108,0.08349758748182237,0.30815668518899636,0.05171892514610417,0.08133442838947676,0.03474152306837132,0.12122412379744237,0.031191409579001194,0.025825535597262625,0.027013098957570383,0.024476904855902093,0.02650510768111619,0.024161413181592272,0.029193425360332703,0.05271781949225779,0.04289591180065351,0.08698293477660574
cg01382502,0.04571676266310151,0.04648371164063147,0.05013446892639491,0.048568247926580294,0.3956956172031084,0.04673083126091222,0.049386992548271016,0.0054143352185156745,0.005835775706596458,0.005130002836611377,0.013477527415717281,0.002842726535977388,0.005463077875335533,0.015089811087919614,0.004429397440597063,0.005499524849247996,0.03357043917547582,0.028897536964277257,0.025452765470154282
cg07906724,0.04069869129399965,0.06709309313500444,0.05856635680286067,0.04244322473102791,0.2736307783994363,0.04288700077002393,0.11822849390816548,0.03557735716813548,0.024605686915267974,0.018591319782766316,0.015586620881273619,0.018416679383506,0.0144677508067825,0.03680208977037072,0.0282425191222708,0.011688278525574039,0.09639090839720277,0.030873034827890136,0.03253440319224841
cg15139596,0.03259624483131886,0.031189414915219038,0.02946078028707705,0.034058626322701305,0.23411492654563462,0.0334308252475929,0.03424236581726747,0.018605029530856333,0.020288149274719995,0.017680325228081026,0.013416815817455168,0.018849564484730637,0.010283199580928703,0.011234208430722533,0.014099506780932237,0.018271126766665605,0.021193931125103153,0.02602006493226144,0.021646823614056055
cg09551145,0.03239069517089983,0.03374793897482978,0.032958907868684384,0.03228194996126778,0.2686410769666021,0.03144160417487759,0.032443050177746305,0.017965199427451502,0.020112322683183834,0.021369986326454787,0.05023979359486008,0.034099300008144914,0.019566549201284634,0.015189509797236083,0.016441591965958225,0.020291536442057643,0.02332006785038383,0.030562482975710806,0.029259513374015538
cg00834924,0.038014527286912854,0.040070715043710556,0.04023935174300843,0.04050131716255001,0.27394430871499387,0.045454883013145556,0.03962455888563253,0.0166124475869376,0.030352473548298908,0.017137896243675642,0.021277896680090773,0.02829132626053253,0.014765694125126313,0.015113918563669292,0.014166540696268366,0.020764246245506747,0.029123645973093283,0.033237598529729254,0.03251480620625874
cg24135977,0.11782185112387472,0.12283074342287603,0.11041146304342758,0.12633260646795724,0.36038726433012214,0.1213927946453548,0.11232918843552403,0.00945203385130194,0.0942835426453274,0.014687867846971384,0.01660359243992337,0.005893568891964745,0.0054220484705192985,0.01763880993688781,0.01174279641991145,0.05123585925789187,0.04959751410730606,0.051667753478434233,0.05397276605787771
cg00757207,0.019284683794940395,0.019461148367324408,0.021757933629947337,0.020918893411797333,0.24882109825470303,0.025324360724245334,0.03809190112079884,0.008147759751151102,0.009440265985102895,0.014217880466862617,0.009596393322416526,0.012871012759510646,0.006261558825892045,0.025332329807991508,0.009349578245179103,0.00928167862137259,0.029160780860607097,0.01783933891935271,0.01576106440721682
cg14967066,0.14777482735595682,0.05639121906999025,0.06894066332101001,0.15318916160405316,0.4114071433940276,0.12258021071629188,0.06230491754838413,0.038713141177075805,0.17117351777714057,0.02894828983901641,0.09132737738806729,0.11894189929884641,0.02620861580928855,0.024040010607522574,0.030474848042329326,0.07858868184322282,0.0497222011300249,0.09263415829590782,0.11340877656392945
cg23378365,0.03276139151331792,0.03226627869025054,0.033070792053175015,0.03657063418258294,0.30564005166935027,0.03501874023575838,0.045697547226305785,0.011481927099331327,0.02297041791539357,0.01259141713340649,0.030850327913972797,0.019446889065936578,0.010752404446738327,0.013662692167401624,0.015327938024840124,0.016576748948297373,0.0300793421828448,0.02334619347328061,0.022570397789158512
cg13581922,0.06432659021284881,0.0755614364297692,0.07389437824712808,0.06556463878894542,0.2676246123644332,0.0720631997625431,0.06358727627290964,0.050016851125472606,0.046753809408516235,0.03595884007392347,0.026545139595573426,0.036571177424831736,0.031681270807327876,0.03539771015190937,0.04402778150661307,0.03230752761655309,0.04797216087756813,0.054936891782862374,0.04571862679620997
cg08678256,0.05713594309370926,0.05273326514376634,0.053389679992718604,0.058257101836901734,0.26169202286082266,0.0559425166567116,0.05806314639715874,0.0420267085624509,0.043046065267760475,0.04362606232294618,0.03169498656055794,0.03800949128107902,0.05219959178355843,0.038366395901654915,0.04365553161729871,0.032810899938958665,0.04544620939935083,0.044308519312342524,0.04400947512778955
cg21920221,0.13559673169170627,0.1160826594788859,0.10714279051602091,0.11947021776082652,0.44672897196261685,0.11993829552500776,0.11853102822993627,0.11608721272834413,0.1328593217594901,0.11719485409475996,0.07644199682011527,0.08219635283682222,0.05679045811873136,0.064614586466821,0.06377251678758675,0.0760795728611344,0.07631754745148753,0.08023321750808793,0.07815757882100209
cg07739604,0.05990154641254719,0.05914561745415803,0.059700663699570014,0.06370897904449763,0.23914126535609287,0.064179998753429,0.059184460601673976,0.03364146236329215,0.033025843125429374,0.025779922324772494,0.02524021559159978,0.03254235614997264,0.019083060656447482,0.02215572542526628,0.029269469871308407,0.03862397043373268,0.04368783745070792,0.054492200782241984,0.0436022190516695
cg01833470,0.09991086001505906,0.1079312142849308,0.10693224637154752,0.09687329956442409,0.25484344971761824,0.10715914408277344,0.09458414751558292,0.02867459350767302,0.08492983424015277,0.04839427819191355,0.07286678147436587,0.04638284441994295,0.0869804578026735,0.031738858164048964,0.0316391304081796,0.05099841335389482,0.061444327973636914,0.06798094443709884,0.060588940947713055
cg26371345,0.039429079348297695,0.04120810409944848,0.035926216257905375,0.041199639107393646,0.3682892436220143,0.04241606009776777,0.03757473164597556,0.005964905093137539,0.013823378876016519,0.005501385266831723,0.06958356087798251,0.01606015894508215,0.03061350083642156,0.007945568551039898,0.0068112631389209335,0.01770600905143329,0.027034381316989903,0.028566248686841947,0.030358632470029134
cg26473818,0.07691564396184625,0.07745812023686593,0.07121311260451618,0.20139323509341,0.6291477313273158,0.21209745325858914,0.07201270511652386,0.01454424154094438,0.04722088539088548,0.015460610551441115,0.03808591180901,0.023065844127062578,0.015876173086100967,0.018442394601465607,0.015685675444499763,0.029326703178554014,0.0443045948001435,0.12767413143649792,0.13249757620809222
cg05979232,0.059443306286470654,0.059818633634185714,0.06082867631235073,0.0652787690131893,0.2961974373374895,0.06217510133304932,0.05473754622503496,0.031010863147835837,0.036692024300639024,0.02179220131975618,0.06545403137126743,0.03433287514518685,0.018637396139248866,0.02699226393811397,0.023784280427220444,0.030907483288382664,0.0424495800626407,0.04558395841078422,0.045341945957138474
cg13468144,0.9655068980854306,0.9589173490442765,0.9581761926010457,0.9579630019597941,0.9240368403655044,0.08406484122521868,0.9330903571853011,0.9360729162774101,0.9780199874137397,0.9176970093195345,0.9810377359024742,0.9619736494768003,0.9530801793176918,0.9453828594006037,0.9514589289327916,0.8602978558772447,0.9579285795888954,0.0869628617145854,0.963414744685992
cg22381196,0.9787009214583966,0.9779398872088961,0.9805811884432647,0.6793145474627241,0.9121148627564226,0.03455784860031212,0.9757606485493853,0.9819304036792605,0.8993887530656672,0.9800213741950293,0.9863949618041539,0.982184164886831,0.9769002333103511,0.9816936280609561,0.977315965834879,0.044127198492292685,0.9809161774963361,0.028296877424832074,0.6949142666901856
cg25600606,0.9682699765003379,0.967830399221599,0.9669664387919499,0.918514318158626,0.8803174559920162,0.09307013082502791,0.9659557269755553,0.9754304156982895,0.9689033179824168,0.9760924047837031,0.9833689451733919,0.9751119062409757,0.9740331239118512,0.9754140666594262,0.9648908091070927,0.886353273671257,0.9637713299800785,0.11233098197605226,0.9339355714284975
cg25739938,0.963333310366292,0.9634356539876684,0.958226345422041,0.9330984557946329,0.8746214817160779,0.08315870740367493,0.9633044382815826,0.9643657315494998,0.9588398437179615,0.9745270583649253,0.9706684598762345,0.975959110351156,0.9627887771108928,0.9656802221303918,0.953027277959693,0.02745519581435594,0.9530186390691291,0.045946321475675636,0.9501147084318732
cg06270401,0.9566765039500483,0.9553176564720277,0.9594931634210968,0.8645379769037246,0.6136370940303767,0.05908714777273241,0.9434149694320535,0.9410355086167044,0.9144590412385696,0.9298223725895204,0.9706210709661853,0.9711698806351067,0.9061498233043822,0.8858584068202344,0.9372870119137376,0.09974819059812529,0.9279572039880892,0.04171013456895241,0.9130403215436614
cg19037107,0.9654856896434503,0.9662240037097263,0.9659390831233761,0.9073657558681731,0.8912870375648627,0.09438546551557597,0.9567201786710252,0.9717477211486337,0.9523366088559033,0.9602801172364599,0.9788493610058543,0.9818675085973303,0.9711506810291297,0.9472556216517516,0.9706380762602456,0.01612159350046489,0.951065612823879,0.049702507427110826,0.9244573684789698
cg04858164,0.9628505488463914,0.9663181110839928,0.9683968720435757,0.9151571828143289,0.9172179379194891,0.11938532421880121,0.9685580113084317,0.9810230434912912,0.9632443718653072,0.9819005216147529,0.9724664215167992,0.980002877535316,0.9766024133587499,0.9841338154127945,0.9746442629776514,0.46820813345271795,0.9642442359255193,0.09003495356741076,0.9266637950259528
cg12483340,0.9527361787659652,0.9517218697788057,0.9510240515040476,0.7794827277525866,0.8394799063769641,0.06538749775024011,0.9463011989351188,0.9476078755195991,0.9597430957973532,0.9545129655964458,0.9668506050723493,0.9553471194031882,0.9517965092833576,0.9447206680245509,0.9304899219588947,0.0148209997003385,0.9420303270197115,0.05020792464093192,0.8398109004460151
cg05936004,0.9696950410012115,0.9631755791274625,0.9652752034818783,0.8357471550736972,0.8505148570374386,0.08276366956455927,0.9289583238137753,0.9765822349631949,0.9420927418445093,0.9552420249454548,0.9535539053375675,0.974358505044068,0.9515846469376797,0.9417312085300154,0.9598405303762905,0.04235869846259421,0.9299099201242582,0.0561519007223244,0.8471987264524311
cg00705730,0.9422324820543428,0.9450424878436615,0.9324194431808257,0.8966049148464454,0.7957459071078121,0.0795366160390591,0.936392404769395,0.9416416001985028,0.6953422619642188,0.9323528648056445,0.9728545556033752,0.9696316180932835,0.8952358360301608,0.9244873442982242,0.9508412383855167,0.02355706255877048,0.9648773198035421,0.04952967680759664,0.922731964186009
cg08253808,0.9346652691211215,0.9541038242569193,0.9589860025945627,0.7443007064853846,0.8746979396478138,0.059118464641577634,0.9464547692521674,0.9625486431022924,0.8838570236325407,0.9774001365156363,0.9793346130939349,0.9593991760967417,0.9761835206442118,0.9737082031404721,0.9636752594307232,0.012785344522123834,0.9682230208943463,0.043385168330762135,0.7991873958002976
cg01699630,0.941906921058689,0.9483964885249601,0.9506575896897193,0.9284369223561519,0.8665978055698574,0.11759977343476136,0.9363351396999036,0.9332152429592211,0.9561307441022895,0.9271728159644964,0.9454185947488043,0.9603386876572487,0.927020623695731,0.8968634042282397,0.9251289476681737,0.8030961802084675,0.9385742773505027,0.11677864314170944,0.9461724319152749
cg04609694,0.9420444632583558,0.9398512680269547,0.9417200175116865,0.851500759609412,0.8920920844529951,0.08516750518818061,0.9380638496291814,0.9627844176479274,0.9500329407213202,0.9616851647787723,0.9498596985566059,0.9648159781424734,0.9404171411778628,0.944253436636069,0.9122907179032635,0.3014284478908785,0.945359163433295,0.08743672257782464,0.8473836355796123
cg10611016,0.9707972306952967,0.9736387813747381,0.9732262351942523,0.6971704486495163,0.8532027636564202,0.0830436185667402,0.9729433961860242,0.9867182586502813,0.8812719697669243,0.9900425739211484,0.9785928185950841,0.9833013206122092,0.9831775868733336,0.9832024673507525,0.9785568057902623,0.27089293588557595,0.9723474078362045,0.06944663214330282,0.7250908663346209
cg23338668,0.9484781113336165,0.9401091897282396,0.9456613271465601,0.9138005241211813,0.8172873627357728,0.10424479926796693,0.9474284773536082,0.9592719636844459,0.9426291727596232,0.8985949254204953,0.9716404341767013,0.9692478073341131,0.9319401371383489,0.9030835758294613,0.9521658703330134,0.9555006101530386,0.9622277718917636,0.11709690488149185,0.9258067865861079
cg01692842,0.9492929096584707,0.9467948011865638,0.9504277734056098,0.8711207443404452,0.818364952850708,0.07639889468677591,0.9189697152926141,0.9385156686557634,0.9425262526653599,0.8793724251188461,0.8989530597971227,0.9574875786935777,0.8830525671300236,0.8069056450154871,0.940190571573758,0.014221903688298416,0.9219826358279959,0.04531513152483741,0.8649672466859311
cg08154963,0.9351433108988596,0.9336284865171258,0.9297738039023519,0.8347612725495849,0.7643976714323034,0.06361500998802597,0.913425714925648,0.9289635776844709,0.848418615941628,0.9251185103463192,0.9310364745797315,0.9457409197174669,0.9222933122805529,0.9038585330645948,0.9074904844361646,0.028551576907214583,0.9207507821522987,0.052254279554855676,0.8415419780961455
cg07409471,0.969769799590112,0.9688320596344352,0.9751241086381263,0.8119743104692734,0.901373631171905,0.11031963498569836,0.9632673562212553,0.9759642215780522,0.9683917473187442,0.9699212656660415,0.9831344565933151,0.9819222299148571,0.9770380995936057,0.9506671937182125,0.9756358644068819,0.30369640745567295,0.9599914067875879,0.1392699166454207,0.8804507751742252
cg03340036,0.9610548777644284,0.9608883843116969,0.956230374972286,0.8124740823461906,0.9022679890508171,0.09430032100677216,0.9563353468200002,0.9667537435725035,0.8546936281705391,0.9479166689181697,0.9543047676570502,0.9656749715096117,0.96195106390067,0.9636663614219605,0.9758410310299229,0.020952827737508464,0.9574992428206202,0.05859791032345246,0.7645043884351417
cg17852482,0.9281151888735574,0.9360851844803008,0.9304863532896983,0.866184318975989,0.7822563292774634,0.0801222767500751,0.9121391418655466,0.9426358340769281,0.9031550366161738,0.9317979069031819,0.9605839545260981,0.954746660894337,0.9323691463823527,0.9023873416699069,0.9318401405891124,0.2157127854882499,0.9164880408137371,0.0638997434091797,0.8859951737340908
cg21685770,0.9666877368411819,0.9675941463588615,0.9633459024003674,0.6892537042758408,0.6669176908739405,0.059471738933660936,0.959287227737444,0.96982916264636,0.9264056442673742,0.9299061476571834,0.7662612011770176,0.9764487244205049,0.9057453234250552,0.9221877377656716,0.9683609008794957,0.17006231231360902,0.9594262955512123,0.046838535080087895,0.7478388669980097
cg24737761,0.9480898128111234,0.9521661792443337,0.9540448800979104,0.856902220157362,0.7794807800268119,0.10215863684725968,0.9161875295201181,0.9414577340808096,0.9468415500970472,0.951354373391057,0.9672490564420362,0.9557679050655414,0.9299025300577438,0.9182099485485415,0.9342628979894871,0.5954464360066054,0.9003461442468997,0.10973917499995545,0.8596403755097994
cg01040749,0.9463136036050737,0.9529371462766643,0.9472126197199351,0.761395235431332,0.8685033161473417,0.08727603378018478,0.9555491377929828,0.9509573920206424,0.9329672219505609,0.9691619922025485,0.9409182026086224,0.9555471573981855,0.9618688213971062,0.9636385668892209,0.9629109767753649,0.43753403063522583,0.9551602141126778,0.14899545028955877,0.8648671381250704
cg09342997,0.9434637954634464,0.9403382028646209,0.9454493323371996,0.8159876921005769,0.9067629328265044,0.09536994531527215,0.9461331430890819,0.9671077804746103,0.9454555700829705,0.9558921673301964,0.9682540593068557,0.9647751430027128,0.9611430300504699,0.9563416162398057,0.9720794254339382,0.5221596056690591,0.9510819076743924,0.07353661580532828,0.8331277698867676
cg00439981,0.9734086992794124,0.9735280820908421,0.9754099353715848,0.6086841144650471,0.9275498748063342,0.06472524010144493,0.9718849501748903,0.9785724211605122,0.734500282265542,0.9859586185699064,0.9869118534648835,0.9826321097226036,0.9879979060441966,0.9802629222436466,0.9751379602989536,0.012421253495111629,0.9723799546351986,0.04446778386682667,0.7043384586862436
cg25693317,0.9518812992576551,0.9477310807712658,0.9480919069876612,0.8603479666524748,0.8601785663236616,0.10472296053327296,0.9396337883459469,0.9633567165177092,0.9697061275137082,0.9603530474495574,0.9630265197347585,0.9675022437503558,0.9370847238986237,0.9431705062459759,0.957549825830088,0.7982933902674758,0.9462155871526051,0.1348188924045996,0.861580143815095
cg05627557,0.9244483672288555,0.9202158298642903,0.9366862684498743,0.6712318539911911,0.6941434435479715,0.03772633344726874,0.9369597895017483,0.9308351240453893,0.9143835147319662,0.9330568214213899,0.9484871105843394,0.945387332723765,0.9208805751708771,0.9213968826030676,0.910287382308143,0.005751621647852024,0.932793809308869,0.02412039335880238,0.7541336893048152
cg05398700,0.9358982178903774,0.9427216344399854,0.9502104252066281,0.8687383123142565,0.8760349071380622,0.08706148839439329,0.9450168788668631,0.9708063021316033,0.9473595474850653,0.9712494084240416,0.9757177337881087,0.9542919110519948,0.9761277865543269,0.9590328122202936,0.9641723762830726,0.026313598817806608,0.9587335941701401,0.07203619569092687,0.9278764616620548
cg03637218,0.9303944667783632,0.9273418423916701,0.8949554392076194,0.907212569750772,0.7568035633688841,0.09969241328973838,0.8671520329675129,0.9513684837494589,0.9364820023076432,0.9662158653483232,0.9708718878186562,0.9616386871533422,0.9751823677869896,0.8993424416272853,0.9719290037191872,0.560057493627497,0.947984659239988,0.09258784321598496,0.9611172059262225
cg13618969,0.9499591531855254,0.9512604832341076,0.9519156877035222,0.933341980229023,0.8071846033735831,0.1363977865703988,0.9476375086336162,0.9516974582036831,0.9358637301997129,0.9379608713183196,0.9393803116339647,0.953823159514454,0.9381110870700107,0.9428190538907391,0.9452363342377252,0.8152480326155875,0.9492350477483487,0.14399934661030994,0.9386633446215668
cg10487428,0.9473873461034092,0.9442957705252746,0.944098222654259,0.750109410905097,0.727280967535196,0.0807035462181635,0.9165474136993982,0.9249805215869225,0.9322630991432306,0.8933328967213456,0.9264792576057174,0.9437837728980845,0.8535852939645684,0.9124303095271857,0.9287802341146428,0.17877474750374073,0.8895315630181588,0.0706541640625129,0.796035138116251
cg13633625,0.9583586101078885,0.9614923753807618,0.9614636887670769,0.6341959582858663,0.8024402731168433,0.08658182838783768,0.9555609172248742,0.960838700570376,0.8889123189928473,0.9680207475176607,0.8289046753140126,0.9670632820892257,0.9457144776063322,0.9550814955133091,0.9512651485662755,0.7477569177102454,0.95738311342068,0.08818123989375715,0.6666624915151617
cg19055828,0.9389104917459742,0.9483827249233626,0.9471532492574222,0.6321310641368072,0.8988787174956737,0.07386744091953318,0.9543394030178323,0.9652933831408821,0.9690753267564141,0.9703020802767232,0.9791683756458693,0.9639040133802406,0.9794095567503383,0.9676989258006061,0.9637209609125603,0.028899419555654105,0.9612220299748422,0.04513850088193472,0.506495621287769
cg11313468,0.9378598294921228,0.9314331281709196,0.9181606681061234,0.7575001701020336,0.8973110130630761,0.0582751025072402,0.9106006483364089,0.9244315797504599,0.2887371977792985,0.8528353450451269,0.8644359357353564,0.9519710123984121,0.8466322658322627,0.745580791335534,0.8880667296114164,0.10817300234555897,0.9023516363077353,0.03802025232709148,0.7444868026794803
cg07790752,0.9689553845460255,0.9614279462959715,0.9632542022443176,0.7643207735032188,0.6383509152990817,0.07609445326101766,0.9307739472070304,0.9674047607594627,0.9262194324872708,0.7904742286620409,0.6427495041558366,0.9581606815380024,0.761869832629944,0.5303155068283112,0.9243591297369699,0.02279889284333486,0.8941943855085539,0.04459279376339556,0.8175511764428444
cg16802439,0.9684956260638844,0.9713285982870273,0.9743733160713892,0.7229429071213521,0.7181428380008039,0.09769726247987118,0.9654812820692418,0.9807568495600544,0.9679754039720041,0.9641609612966326,0.9840567959396672,0.9807894260872606,0.9808721691933371,0.978316252119702,0.9681399199398683,0.016982772363613327,0.9682152082474814,0.07043782500488516,0.7694367497691598
cg25757820,0.9487107855887169,0.9513810839641377,0.9418514190380691,0.786586996413606,0.8677742826027537,0.12766182708618368,0.9472610959711603,0.940660867577853,0.9580046859651005,0.9552673296037079,0.966881351717211,0.9690211960383929,0.962037197481208,0.9663529201072836,0.954406767544078,0.8936098583465335,0.9499954112258928,0.15648659789602806,0.7830308993900259
cg12809098,0.9661805997996242,0.9679553164628619,0.9645116193707465,0.6700097429721688,0.813790154551287,0.11756689832934558,0.9649062768659081,0.9690541658680515,0.9591961618151003,0.9520307895539866,0.9732625180300009,0.9848343808164182,0.9559538528358126,0.9476444259340631,0.9666799369764232,0.2790815669436578,0.9661894046033296,0.11045540732779707,0.6992910772369908
cg01923724,0.9354883557826811,0.9387383917693646,0.941492848214631,0.877894817422478,0.6368520395376507,0.1289915647978911,0.9358423691261629,0.933413381437532,0.9460640579151618,0.912153886086593,0.9104653841412423,0.9604865430470634,0.9109583952872662,0.8950565326066562,0.9253922867086135,0.879093368732192,0.9054772574772201,0.13488210125840244,0.9166089797967016
cg13595556,0.9683244773350048,0.9624281274211594,0.9615209864759662,0.6510116244311792,0.7790415712287923,0.05212569243287063,0.8472259381336996,0.9586889354632844,0.0796637821628855,0.9249706326390388,0.9787859646893845,0.9829203504180528,0.9138704564525523,0.9239425766191296,0.9552168429537247,0.012174017205846436,0.9208955598993414,0.04121184286295493,0.7368763089573818
cg27510066,0.943854550682877,0.9341423136386584,0.9395782515727183,0.8195317954814443,0.7626649443136152,0.12219448938951682,0.9343928738560405,0.9487223035542933,0.9324760908516136,0.9022484314509787,0.8329916589763449,0.9332169382005657,0.9431941494733285,0.7634437916808017,0.9471676235676849,0.6872341134750439,0.941253730708778,0.11180589704031875,0.8450142690336891
cg09535475,0.9418981780231025,0.9425171462143667,0.942656809835432,0.7101653102252778,0.7472321679825897,0.09769742672780252,0.9328455270654383,0.9677252250757602,0.9520013575159165,0.8977646070925706,0.89507748323456,0.9565390352319505,0.8831457005695658,0.8479687438830796,0.9605066510939182,0.04676478212562346,0.9431297904062732,0.055140527631213354,0.6721734711437541
cg09948350,0.9375340187971373,0.9363918408677376,0.937317625662951,0.8839219984214508,0.804057353062154,0.1369376672035415,0.9418221305818362,0.9492089691375027,0.9628954680446211,0.8399285507697606,0.8619593727082329,0.9499584313010738,0.8572422897197558,0.8006274631425241,0.9361823025355958,0.6750991939760329,0.9420648899842717,0.129117781581239,0.8998460835982741
cg24504014,0.9506297006626876,0.949733439573014,0.9729303578818314,0.6292062052505208,0.8015952084098319,0.10853034055219096,0.95963151701476,0.9729478033744969,0.943217766094675,0.9777151879373583,0.986339984312999,0.9782550138802348,0.9778259914942413,0.9711269952765036,0.9767155978845208,0.5291591540288298,0.973351198437872,0.10484670894831427,0.6648268248406345
cg19867914,0.9635204476904866,0.9550192723271738,0.9621702397699001,0.6564434150499621,0.848002179512233,0.0722126739416385,0.9096274379419121,0.9618721858787047,0.9501353906487766,0.7042393305860992,0.7103178460355668,0.9528724521292599,0.7167177975530827,0.40892402793557475,0.8742892049588258,0.2601664555599612,0.8021114020433385,0.0584441651946791,0.6493510919590045
cg26306976,0.9576754270329466,0.9535994397459935,0.9573575770971103,0.9414079244585223,0.9079034593991895,0.1545459807020288,0.9165686020255182,0.9594082533097712,0.9585180181245607,0.9442463844339991,0.8505353797829392,0.9667338461184941,0.9494509115868285,0.8420086709222263,0.9462530103954825,0.9032611794273745,0.9120006653734487,0.32784597881726885,0.940345565199151
cg06465076,0.9493953606274064,0.9506519957516019,0.9513035358931603,0.803251337708057,0.7947119622345833,0.14414691773923544,0.949340346563737,0.9753500673212739,0.7711342579092519,0.9788082413712096,0.9727650936451482,0.9517131399854941,0.9809466122726878,0.9749217765999475,0.9654255745241338,0.6205759947421594,0.9494724191026963,0.11066206364553538,0.7706214529349136
cg07516556,0.9611450099264625,0.9652072015325974,0.9636065273634193,0.5689512224209621,0.6932796935099437,0.07073953644634201,0.8922593499010749,0.9636385498269824,0.9367164570358515,0.9350914718020462,0.8114023502928477,0.956346510149404,0.9510481418448274,0.8850899813950057,0.932029104176008,0.2617955040442362,0.8934207694666816,0.09075279874229503,0.5966208952988872
cg17331920,0.9551836969889782,0.935975376409419,0.9562615740954896,0.9580878277145719,0.9333715255398256,0.1905829870253986,0.9633408318471912,0.913394015290701,0.9776959856988976,0.8924586718776888,0.9736008591074117,0.9617423167484518,0.9485372710055147,0.9570493853082405,0.9685138046835378,0.9706491294221363,0.9677447667768736,0.18169982230192439,0.9727839401062884
cg11597277,0.9626929174568161,0.9556474499488495,0.9537130841575245,0.636617786002599,0.9134848636341983,0.11369514191162111,0.9544310459790051,0.9674947476287494,0.8689409322981669,0.9690965722004599,0.9691357796280535,0.9697295084839483,0.9600048249549733,0.9732645085019671,0.9606194098007184,0.24796802355483888,0.9606063123745506,0.09877327429964894,0.5920899866540134
cg22400420,0.9200257737750749,0.9304857293536419,0.9294302400399094,0.8694616762783713,0.5817399677160122,0.11930634467569223,0.9147314877192221,0.9416465915032148,0.9483472264478235,0.934851811551192,0.9481984825396549,0.9454150244315334,0.9005311781620264,0.897024407857322,0.9473624226682662,0.9299592625706006,0.9253108258964765,0.13927728021536306,0.9278441443201695
cg17442155,0.9228038284645895,0.9236334089335339,0.9196033163776038,0.7178492130039753,0.7830619490553609,0.09752475055112714,0.9059836929737959,0.9098169958486915,0.9191326872905978,0.9432459079888401,0.9343854127026683,0.9387371824179862,0.9148245185537949,0.9087329289463328,0.9103534523119642,0.06403543869625315,0.9188063409955116,0.07060667422707478,0.7349366423722582
cg21792134,0.9702304432537037,0.9727431252462122,0.9668105794657383,0.9276985219109264,0.8966574669937112,0.18565738210690635,0.9751750046655754,0.9855663389630563,0.9609484497000413,0.9826748926551934,0.9889657567770253,0.9856182420002919,0.9813706232300241,0.9771809590417984,0.9760406514355127,0.2630099070603844,0.9738727454496363,0.1436814312782231,0.9384893225286772
cg12157761,0.9489793271226776,0.9522333121155132,0.9504948232732982,0.5636574208242286,0.6793704933279584,0.0656451661678778,0.9357081988595423,0.9509631208760898,0.8009111633822007,0.8338275809994693,0.9484476206616042,0.9721386266745817,0.7215283838808957,0.7442166966939351,0.9310644394404228,0.02259889075433986,0.9221590893213294,0.06095188061365592,0.5488621295785148
cg11557901,0.9724962870340597,0.964958166649801,0.9743206982175219,0.3505083193151467,0.8696008664748848,0.06847729235974953,0.9671760310182271,0.9839521525298001,0.9620379989531467,0.9683522304541309,0.9738536216366933,0.9802370460210859,0.9706988603148208,0.9508845602596481,0.9771671713211392,0.02169957263255486,0.9692669609649245,0.05730871146959526,0.4015446674143011
cg19460836,0.9419237481132607,0.9255052262573411,0.9289585414495714,0.6517470312940573,0.8531316228992367,0.09396551614399518,0.9063999940025916,0.947938955370925,0.9180571030090479,0.9320179243001953,0.9224029730216372,0.9643130302927074,0.9176475852841464,0.9002238414097427,0.9337517958218751,0.19128242593185138,0.9372751133670699,0.06705484286705943,0.6318642012610459
cg15361231,0.8935013538329027,0.9298010379892483,0.939045330316927,0.7983733070643197,0.8758230602466853,0.11619232123210987,0.9147053201324654,0.9385707124118469,0.7954938152827604,0.9565851820540398,0.7730066283984939,0.8917205728859295,0.9456612508108588,0.9572377994565435,0.9341502751395804,0.18982788717329466,0.8916929074923088,0.0790111263160242,0.713484583726452
cg16964946,0.9528858851996324,0.9524320498567569,0.9495814033447967,0.5938169009950408,0.7779107650791988,0.09580852649533189,0.9485218355200566,0.9569407286877928,0.7645996355161038,0.8865176874624813,0.9446187588524021,0.9684521834858968,0.8434289509501517,0.8370972644483374,0.9415055549671922,0.3522774015122139,0.9243303772290881,0.09609584514085423,0.7232651671968564
cg17932662,0.9463206385744818,0.9437768142959979,0.9482936656650856,0.5964367219630218,0.7277963980581624,0.08607960493025585,0.9374689356640563,0.932484300036776,0.8540948024606818,0.9218584816247108,0.959067838615139,0.948588178238577,0.8977965893018256,0.9180355234568556,0.925430554627446,0.16899175365821914,0.9422050828658142,0.07694692797639041,0.6090527143354209
cg23302989,0.9135945711110226,0.929636392821651,0.9281517026361273,0.5807945139754844,0.7864380361653579,0.07808223187187108,0.903313651210926,0.9273314023140191,0.8894880820775227,0.9223220621852931,0.9488548293940666,0.9384515327765242,0.9338005255726649,0.9181291577715333,0.8963516527197015,0.12769542924688615,0.903866272670365,0.06571933226178783,0.524339940538049
cg14615559,0.9080867390173477,0.9209190226594798,0.9123618628876298,0.7023092622414628,0.8596462206450839,0.08789601321809098,0.9059040312682343,0.8870996437288408,0.7905835995733834,0.8359249966277832,0.8113560325169265,0.9340473279953402,0.6948536336626461,0.7938047165056284,0.8660784260947052,0.4994959569657127,0.9053515262081424,0.07784817906327557,0.6827600780790438
cg13652008,0.9627999038482111,0.9619814426667189,0.9610036104678197,0.8769044054475508,0.901982756309019,0.16417397717229287,0.947032538422466,0.9624196375167083,0.9669038650081296,0.9602942496617832,0.9726761481053043,0.9698445633045958,0.947459014380282,0.9558356132358339,0.9470500786714526,0.04036303721499496,0.9488989389107099,0.06731051305152502,0.8162248057073919
cg13438337,0.9548144220095299,0.9337693095917741,0.9426258901847491,0.8090451526502085,0.7017256730515802,0.11863109205125993,0.9394073842549668,0.9533637815861603,0.9615940448547122,0.8267635145520631,0.6737480645027256,0.9757728755920757,0.6384431766109935,0.7164313587118364,0.9229346770443763,0.4561887411945049,0.9314299522649665,0.08775261985375837,0.8219240308487707
cg09166556,0.8930288302717653,0.9706836533979475,0.9715062488740861,0.655277086902497,0.9138228099377042,0.13373248239176277,0.9645820623294381,0.9798089741061755,0.9502450413622935,0.9743311343660396,0.9500955537156183,0.9224934072497417,0.9719558898581929,0.9713814274155372,0.9719448637320431,0.6732757133985001,0.9657762397268281,0.10595308335563161,0.7214942996508126
cg06706813,0.9589562559771406,0.9513128748594437,0.9474133878647543,0.8031446252512905,0.9056092907173602,0.17120712669668442,0.9503088069959003,0.9729146252189685,0.9648467819197379,0.9844362222270057,0.9783430462048366,0.9793189404832168,0.9756658726844956,0.9660276357630468,0.9615815623944262,0.25620566007837897,0.9704426421917656,0.20139471524397484,0.7898541160947746
cg17080697,0.9519123102028595,0.9499930397248441,0.9479966376478233,0.8512079863009354,0.8772346654818803,0.16327524793866488,0.9453461767406617,0.9503285645926796,0.9535241206382673,0.9481348758517771,0.9707827137219887,0.9614923340381937,0.9476632598846699,0.9532819990029107,0.9466795771176373,0.19214174272816004,0.9523073737390901,0.14390997868073246,0.9041710095598204
cg26514623,0.9633267768859926,0.9610243592061903,0.9670239453995733,0.573074927999132,0.9023755233219534,0.11303943052836579,0.9630516568736684,0.9654719753133102,0.8344760317883948,0.9611583845047127,0.8722903033854442,0.9621646484517843,0.9239208175426693,0.9663797518408228,0.9498255333901162,0.6463671251696708,0.9708526172183686,0.08135062886886096,0.5227683661454208
cg09163720,0.956498183915443,0.9486495744059558,0.9588944005158216,0.5746565180117459,0.8730328722141881,0.10418505737338879,0.9547618066542073,0.9655916493682297,0.6829606797832355,0.9577368707118715,0.9564835063094924,0.9625151184815586,0.9531830618206769,0.9397894427060562,0.9699638828073605,0.19399987046864853,0.9688994255452212,0.11285203491025564,0.663463006666842
cg08472633,0.9235953690393452,0.9155136518685184,0.9242988567321802,0.6735130097953894,0.5851848103867175,0.07239803046216947,0.9030655670736305,0.9185755551661978,0.8763015241457169,0.8555387284391232,0.8516611087694506,0.9395425080420616,0.8284290777220091,0.7798681093990618,0.8807298893392801,0.05144739917331481,0.8974050183876012,0.04850478064060271,0.7200267366845405
cg08539965,0.9371981919873242,0.9531109994951579,0.9505575530237655,0.503597781148508,0.9016414708461185,0.07367298501186686,0.9298385464667722,0.964433184904846,0.7123352142335987,0.9565758269357227,0.967158765760765,0.9407887978998626,0.968945940713739,0.9656386186659265,0.9506791992135066,0.014806865487997683,0.9139911173687201,0.038863445755030084,0.40167015163181163
cg09010699,0.9223460925247391,0.9284686310270724,0.9316478586559458,0.686089367965175,0.7938053183429296,0.13252475918373602,0.916549915710565,0.9433541105218364,0.9331601098202968,0.950928274735211,0.9532395004526644,0.9186419235103105,0.9552714809763888,0.9530672328396064,0.9410335132206141,0.9112825895167062,0.9301372815871524,0.16736130602764498,0.6979385019072295
cg07472373,0.9647496998798517,0.9627477129156072,0.9646722652191848,0.40795155852794596,0.8256192645384237,0.10256129185958335,0.9631599794210484,0.9712428821720811,0.9345011184766495,0.9759540190416499,0.9759894455334823,0.968884129526594,0.9557983668396012,0.9539003828910921,0.9612827468998607,0.8305365272751024,0.9561412075219756,0.10921193461926176,0.43338687670653175
cg11596902,0.9620636947720019,0.9403055158675735,0.9510967603077001,0.7283153196774826,0.795488073149667,0.0822824666299069,0.9305366073342347,0.9547163587690426,0.23521813083761206,0.5218159841741943,0.97783719602615,0.9782901873176938,0.5744057699949792,0.5388833101138588,0.9075270876066933,0.017389213574603303,0.9275769515656702,0.049224403393292156,0.6871823848354449
cg16125725,0.9574864026066264,0.960931977394572,0.960869052170505,0.41260312762330065,0.6810506085791418,0.08657529775209516,0.9591159513183777,0.9728775872465781,0.9564329592027793,0.9576562490785372,0.9344370690038248,0.9802710865441095,0.9304476559316965,0.9564881694073877,0.9685110332067597,0.727906774872886,0.9548675210083624,0.09769268321425817,0.4724492641663073
cg05501357,0.870907098196793,0.8542908226506933,0.8721871564268217,0.7513028422319943,0.6155272170964211,0.07854243639805325,0.8389852110597773,0.875485475014927,0.832215617410277,0.9103867296037846,0.8855273989331929,0.8947749136704454,0.793642981517913,0.8654175390170712,0.8474898891442592,0.5076857123276578,0.8990511155160545,0.08373727807581255,0.7897520052020276
cg19619956,0.944198053107151,0.9373785116456932,0.9369362411400501,0.91289016310301,0.8105833858179516,0.1864071319568557,0.924077844480326,0.9339854727931132,0.8868199731764344,0.926783532819619,0.939809813999137,0.9671085706790779,0.9086622858001473,0.9104739501049977,0.9328799789123072,0.8357015444869418,0.9318064529352377,0.18670306426007147,0.9246717916323517
cg23599224,0.9269078167106466,0.9263083983760924,0.9348842396414709,0.8586385677854811,0.9178220453629664,0.15342037078096038,0.9350904269619238,0.932651931582785,0.9508971539508483,0.9566198637181315,0.9536513055126399,0.9395553302206501,0.9565656110181042,0.9691273930350766,0.9405996761673086,0.452418538136498,0.9392668611802291,0.10128179449456193,0.7995972317957245
cg09418321,0.9302996304218614,0.923770548572195,0.9217048842327918,0.7949190330652361,0.5126358940656283,0.06417966124785197,0.8486231298859219,0.8933104128830123,0.836533697672737,0.5331418867218677,0.7751753591023027,0.9180260828987304,0.3761182530137773,0.395762621126063,0.8029400046961395,0.1410670127052414,0.7776332838183868,0.04978139557733846,0.8255370245844933
cg15878616,0.9547481565950107,0.9587293646823412,0.9578999983231402,0.5177107410231812,0.8138156868860128,0.10293841316981063,0.9522042174613146,0.9632912972905482,0.8159006580904193,0.9603422517995382,0.9768651076116386,0.9718633499796814,0.9699232081911263,0.9675913704445416,0.9542548173068517,0.20911622928763832,0.9606244918030846,0.10033288579337551,0.5073361280487805
cg02319986,0.9335700798588051,0.9317209640043147,0.9310239372063562,0.48930330296779956,0.6182180077045771,0.0756823656818324,0.9239185721655567,0.9207254044393198,0.7744175807869134,0.9419101445873667,0.9572972713052617,0.9399562278505684,0.9301235891612345,0.9325064252877094,0.9183979828358952,0.41724415593473735,0.9385553456848097,0.10110627462085711,0.5532799935328367
cg09694051,0.9335047857605736,0.9383402120968172,0.9228099414625117,0.8545382912178978,0.8930396092953504,0.16620467067953698,0.9282521587584864,0.9586579921512319,0.93361231109537,0.9506928064373745,0.8019062821254945,0.9284870983514713,0.9287811868755678,0.8994719862364857,0.944973426870736,0.7670939177374319,0.9406127284709371,0.12268048304818119,0.861113017920272
cg14520947,0.961458337857721,0.9577938439028344,0.9651352405617428,0.4650560073417712,0.8291959646351665,0.0890852012373044,0.9574480526990795,0.9580573221896411,0.7786134216473497,0.9290285748650314,0.9439394299461009,0.9790342432681302,0.8057248631253358,0.8470249673984505,0.9746573080661627,0.010273140678597437,0.9494640457843011,0.04982226530508477,0.42336245897994296
cg07356342,0.951572864823454,0.9419837744497832,0.9524061046106351,0.4757698821990328,0.8341666290311457,0.09767039876128869,0.933515018154365,0.9617895030446124,0.9202516653436774,0.9609095543196234,0.9757102587000535,0.9599935147861829,0.9397075747618598,0.9391610316974321,0.9573833387303822,0.2283848782433048,0.946494681338733,0.05931286666881597,0.5484273151965229
cg10826999,0.9733992945417556,0.9662789928660809,0.9749854239854611,0.3919925074227748,0.7546474995932799,0.0637206323584307,0.9439975152678586,0.9869651169662033,0.4120655641523129,0.9304518256100033,0.9297254382509033,0.9764376273113307,0.8498083273754087,0.8127593228184034,0.9805381275318332,0.025647368935267218,0.9416872216327596,0.03497154628865073,0.36578605368120887
cg12058385,0.9536646641377824,0.951050734031132,0.9578178482763171,0.943499229688335,0.7435262263714406,0.17211956288836217,0.95753168702122,0.9529339065943396,0.9629466438006447,0.8759038522906933,0.9648460271157604,0.9640629341091825,0.9637383124161435,0.7027560664976198,0.9453813524150442,0.39999413082038127,0.9397773942860241,0.10266680173581322,0.9628950919348962
cg14414154,0.9589766042029814,0.965978895057582,0.9668873592950542,0.2204181003930492,0.7756112061646754,0.05232569293378162,0.9589456914143828,0.9688758002276083,0.8143649254442185,0.9618471916144826,0.9672878472422346,0.9732823287019652,0.9576636902578042,0.951553539977413,0.9648789700215639,0.08725167710311443,0.9517455956181654,0.04565161834799514,0.20041320513700667
cg03778909,0.9486717435276723,0.9435530126989303,0.9413713696159948,0.35979297283445955,0.7617935499610098,0.05938854420386691,0.936595174282794,0.9453858980676064,0.7475866056018776,0.9279860789659865,0.9648547062388881,0.9646797628218549,0.931461307218013,0.933478118612221,0.9313981980741759,0.034907166720793026,0.9352075290476367,0.05121827706062426,0.48485802307779247
cg08688659,0.9288683039319554,0.958071557636788,0.9602492956706449,0.43109752241435095,0.7827590528710229,0.07865652133504591,0.9450739555671248,0.9610114999111603,0.59805804615833,0.9820772282839592,0.9633962478522111,0.849086920893841,0.979901810142528,0.9741129298154565,0.9512623662622328,0.4655870813762274,0.938265207292002,0.06225662341969801,0.3210518757621609
cg25448856,0.9488514584196,0.9533019092650937,0.9514590058258795,0.39773603527800117,0.8833924390653933,0.08107929135584907,0.9545970703835036,0.9586680255224287,0.8577985046121239,0.9617193369415277,0.9722883565136504,0.9539151551858687,0.9694758995197911,0.9714066244581447,0.9558021628171592,0.01668774958517045,0.9551461603675315,0.04976502762608356,0.3958851153658612
cg04919592,0.9250206365374045,0.9351377622224972,0.9460587912569864,0.7462631635937291,0.7529959927194216,0.1448032707809209,0.9476392827664584,0.9558963614442352,0.9146317916539082,0.9665408505419821,0.9573697092401077,0.9590412731802087,0.9563882090200324,0.9685991856053824,0.9522017921254737,0.05813526643643857,0.9681228517327716,0.11029979581522989,0.8676714851044278
cg21762695,0.9120277334246624,0.9438896206234043,0.9493838440420945,0.5619011671402601,0.6372834993428402,0.06608287473346451,0.9139405816202932,0.9325048562659976,0.8717990018031976,0.6875654798228418,0.6426161066095474,0.9189644315364603,0.6267160227501046,0.5752652521383161,0.902569402633413,0.011040519699832194,0.8705739619286195,0.05519762525777944,0.622472579141212
cg08413427,0.9290950247113339,0.9320415267281776,0.9417511538887152,0.5228349890328545,0.7369293645565123,0.07569697027055527,0.9162740818985345,0.9145980283212761,0.8064362925629601,0.9095987381143695,0.9002767922058057,0.932787446041748,0.920103640060897,0.9038026122788192,0.9054461515556445,0.1250411090252599,0.9360248263326998,0.06476845848678675,0.535753634279485
cg03658236,0.9132320738515585,0.8872847070400585,0.8923774632505546,0.763387854669931,0.6809653705701416,0.1101150082183392,0.8988160445793643,0.949389763769829,0.7575756724349757,0.784172910628478,0.789740182191088,0.9373371713182681,0.6212930929069632,0.663752964167543,0.9040080553102416,0.4229342247487974,0.881407258424038,0.07087229365943293,0.7706908291414204
cg10934870,0.9526750515438215,0.8523875284504527,0.9037545782174832,0.9069590401933524,0.8564272772474754,0.17324614666737737,0.945495084914533,0.9039524444633906,0.9631061981901612,0.9005173195086588,0.8877051499219022,0.9590969283959937,0.9157523857905645,0.8904733228948409,0.9263995994332432,0.9670420445872117,0.9378158206368001,0.12440880614084227,0.8757329324036185
cg05919238,0.9274697957224873,0.8720994813158077,0.8509889365992535,0.6013979968202303,0.8915321332716982,0.07904493214580305,0.826046870720559,0.9194110759394651,0.9113734820485926,0.9043122341987,0.9613127963367636,0.95930593984674,0.9306561004625046,0.9160983085514727,0.9056423829075186,0.2604737399301753,0.8833102457423189,0.08575544670866159,0.6456408088307259
cg25790531,0.9371357092324715,0.9331041473481239,0.9312466575152151,0.8968026419014548,0.8002408855411323,0.18603932805222978,0.9345096083814475,0.9501099654441905,0.9477466128714296,0.9308463938708496,0.9613329507415591,0.9426798066773543,0.9140897712673111,0.9381492483557022,0.9302263347701485,0.8964475180835244,0.9155564020842171,0.1835841299754753,0.9116934132962239
cg08920032,0.9364862780710452,0.9382381433367133,0.9343228051518208,0.4079143614143643,0.9069710231396949,0.07960244254225074,0.9244906348490818,0.9620592970840594,0.9415227368804756,0.9218664793384836,0.9003279732005867,0.9649673048836103,0.7810354675231546,0.8615944762666357,0.9434762702451742,0.03960364597272886,0.9499028181577078,0.05439996564726546,0.45739573407392636
cg05344747,0.9223773551354579,0.9495865412504889,0.9504307138005242,0.883297717661605,0.911529371525375,0.15185708712140952,0.946472528526847,0.9653970925987163,0.7559356257503735,0.9732190124833697,0.5631866320132175,0.905483235582661,0.9736827760018725,0.9724308754238093,0.9644713988625143,0.02709290973681382,0.9615408117420974,0.08561327777979405,0.8532420350290443
cg15891546,0.9238998404735939,0.9463942809796617,0.9524206941941036,0.6244808615805744,0.7920356492767214,0.07943752317997232,0.7881446833634479,0.9470042977625477,0.6894041799754,0.938288350455769,0.5720356430710901,0.9115516310177991,0.9359431370849004,0.8902037180840086,0.9430780814001892,0.012068554257407271,0.7159146797744951,0.04158570919307254,0.6099389407279527
cg27340480,0.9653480186482002,0.9625025462448495,0.9663934502740759,0.18968911150287382,0.8203403483688971,0.04096271537090658,0.9466214016413876,0.9778430485225111,0.5938044989460805,0.957989364277621,0.954258938412192,0.9794411060397727,0.9654265370044278,0.9606802697252832,0.9615769229795219,0.009746002009802163,0.9536299958275558,0.027351452566790713,0.1701749239163189
cg26994894,0.9573440483223732,0.9577074406064867,0.9578018879705421,0.7281255608081576,0.8664715957517074,0.20848607719451206,0.9452727206742735,0.9615464133073184,0.9332970306046036,0.9543603330825435,0.9665963342136761,0.9676941883731794,0.9296139702764443,0.9304261326598763,0.9576294794135245,0.8847569007880398,0.9494824498852831,0.6203140526817184,0.9055718669395304
cg00275103,0.9390229925022493,0.9361137942199572,0.9301661496637659,0.8626033207048833,0.8575338922377554,0.34995999494554836,0.9366897223451403,0.9309986443532505,0.9307377229612717,0.9481235463804423,0.9580982060884633,0.9616600326668074,0.937983782187506,0.9338727777416129,0.9389314800302966,0.9238547463718902,0.9299197781640148,0.7286502182097897,0.9379894139614474
cg26943759,0.9406336595464821,0.9347521112666077,0.9319583888584073,0.7868937988777271,0.8221963154656385,0.49136739153398734,0.934961728694159,0.9006440969479416,0.9233463930925492,0.8753015466470219,0.9350484965708923,0.9380819453742669,0.8341620564151866,0.881933148872281,0.9009005962119652,0.8854385188844576,0.921712425875435,0.8244280411632565,0.9435571922303261
cg04839991,0.41212835879263565,0.3235771612890208,0.38874621250701186,0.32436738932806763,0.3346358208337642,0.0579373611722272,0.40225510452670865,0.5884715434924237,0.48560738353995436,0.6220212564209439,0.6258016133794544,0.582274818353695,0.43596661149731614,0.7613226733879949,0.6177307116665895,0.42940975260856235,0.5164612140840452,0.17082982776853495,0.4402879028899208
cg00483891,0.9663639350642451,0.9598359819742713,0.960396038278575,0.7857877269583005,0.9161464979669528,0.45883828323465914,0.9623270997552617,0.9672196784223412,0.9642355067541948,0.972622603290661,0.9704781649654965,0.974940827111829,0.9738668595634333,0.9787114525870906,0.9666421276661008,0.9279401340439198,0.9673467320899687,0.6418257486980496,0.8646675137489598
cg23208717,0.9685114993191839,0.9667985141206334,0.9435301246267724,0.9164903661064255,0.9343955093964817,0.4460558378635303,0.9704115066328024,0.9714804203429436,0.980627964512472,0.986621835053145,0.9810385204062535,0.9779797449678717,0.9766536313693354,0.9740842216838023,0.9685028138913987,0.873427534578961,0.9787557140505605,0.746767159373218,0.966444651868537
cg10532310,0.8450843305684663,0.8564121992801667,0.8767487107066706,0.7587669333536626,0.6309201623815968,0.3450740171363456,0.8647099669309362,0.886879569065025,0.870203412798798,0.852657500513031,0.8538686949575518,0.8823924338374811,0.8632649355365898,0.8453391587971797,0.8679139419351094,0.8177945456899078,0.8744352684513138,0.5001992941702713,0.8322021116138764
cg27302054,0.944029432908529,0.9571909642443486,0.9526921830829653,0.8572018810127799,0.855790671797806,0.7135515369135772,0.9472161856611012,0.9580889378487336,0.9293136730481064,0.9598059030669169,0.9658477252878632,0.9693099439389022,0.9420126663648711,0.9673225385833801,0.9721815467600645,0.8993149924547641,0.9575255141075152,0.8167118649503133,0.9326736270463074
cg19526455,0.3959517709172328,0.4121082617257974,0.43910484569954966,0.362171644826795,0.3559424320882136,0.1551315606964287,0.44782680745284503,0.5546742957417339,0.46646963860597046,0.5624870308717519,0.5862880940254502,0.5019306007801131,0.4553539649077173,0.5979757766276181,0.5269437080274046,0.3597129481916197,0.5515781764388177,0.2910708373505584,0.4222480074233933
cg14308082,0.7608535567889807,0.8529139213875643,0.8717665432883643,0.43558924608699673,0.5589894913284938,0.16640700695043514,0.7553477355971905,0.9004216731444956,0.7985475296048373,0.8868760847734962,0.8836123536789364,0.8753926118922097,0.8815130534108349,0.8969449050737355,0.8333013980960149,0.6957027969129768,0.832013317602529,0.29170670804754506,0.48277211228444417
cg06218079,0.91405366796194,0.9084874767678556,0.9139666928711572,0.36463109385234393,0.8172309386182218,0.15486271567078036,0.8993239851102311,0.9258114374034003,0.9396217597892365,0.915944098745282,0.9519991101589829,0.9489553281551154,0.8925515055467512,0.9075320434911163,0.9236951355820648,0.8588075058386595,0.9325856676108069,0.3801391794743686,0.5893372824879675
cg07297410,0.417107789051573,0.561239420003752,0.6074230390938862,0.2756507964962378,0.37020441682232436,0.13932474674517636,0.43998775118952804,0.6415195617950168,0.35572431503085367,0.7087599458154498,0.5303801315535063,0.4604432377489989,0.6416151847830539,0.7041282511266426,0.6113256858177938,0.27792329105467983,0.4749461294213776,0.21500953836456177,0.28241086405448823
cg13993179,0.9149918871526592,0.9160572486737505,0.9065914172847034,0.903637195421199,0.9153902978093997,0.6962777743082172,0.9053428242483534,0.9166156791466875,0.9360356253067001,0.8663532397589354,0.9186365286102541,0.9410382139790767,0.8319508289596137,0.8652591818380582,0.9034691582794495,0.9369672637835555,0.9076437514749802,0.8291405255159254,0.9364200791696125
cg03435698,0.944862988240023,0.9398947266362048,0.9405130551778398,0.9278633551825464,0.8886414009375883,0.7006384852310887,0.9457166066578886,0.9470864002511412,0.9447487904315559,0.967453608904636,0.9558070405229036,0.9502021898068422,0.9599602865406727,0.9493137606029649,0.9604587745953828,0.8797768706522279,0.9426084515828681,0.7800471363659824,0.9338448164377617
cg27000386,0.9067911075002589,0.9096044233214992,0.8962322980591533,0.8590760651071843,0.8911312631333806,0.7479563403039386,0.9005907839071277,0.9231924985958928,0.9240473846397651,0.9247461101254796,0.9367159941897407,0.9381514410662719,0.9085705833505052,0.8868324342563498,0.9250435121336715,0.8467142688234042,0.9483213637068417,0.8106109258722435,0.9285176729805371
cg01360720,0.943917637842931,0.9482684538119859,0.9471683571112101,0.8895438281356683,0.9103242236287028,0.5429129422388999,0.9486105499952642,0.9442644150311517,0.9495942022932307,0.951329301364148,0.9630843816993317,0.9615674974366106,0.9525994022901122,0.9515230532376322,0.948201998482657,0.7185918906705144,0.9458332511620764,0.6437899861842712,0.9152504152197845
cg00221794,0.05688284597554305,0.5357299073059233,0.5446852796663302,0.4010439971128337,0.4394000673494611,0.8258954822499996,0.11111233595123204,0.4638235639308773,0.3473450014054324,0.10128678153868476,0.021376248459765455,0.028419940520135113,0.059252209780291,0.03743573787668575,0.4015752018674391,0.46256337467704567,0.05028751860003197,0.5547339023680191,0.17103061125708466
cg21774136,0.2129710109510521,0.19571519118842257,0.254366543516344,0.6785474020868085,0.42183369535838794,0.9229932052761727,0.29387244025827686,0.04438946127622745,0.6851466848056939,0.10881555557348876,0.020751201157429264,0.07851254069813884,0.11989177296329567,0.3473710324223435,0.13655266642739972,0.7187752169000392,0.22955541522384032,0.7489668741227065,0.6101958157670868
cg17338146,0.34652349017659345,0.4019547539821855,0.3890749819338094,0.20838829822653598,0.5640638442606192,0.7418383429677029,0.1489736124201994,0.3663987247948539,0.04210419856572184,0.3370672425939248,0.10801085965602947,0.39179186832585017,0.26110623696839885,0.26224491646037384,0.2835763134410414,0.2773717025056144,0.17366834449312696,0.4677657362222326,0.1873492891501725
cg03753191,0.03569925312729105,0.03344552816577898,0.03596588120511658,0.041199219772372356,0.08169321131484675,0.28268389537425775,0.03654495799989928,0.01475609041505,0.03852390819307844,0.014220813637936768,0.025425083463272442,0.0468169188375222,0.007152897041672559,0.012583591954075112,0.01564056408287959,0.03467158935036374,0.026710433145102158,0.16509718550128327,0.028574512603259928
cg05721476,0.04671488074899301,0.09760607233985408,0.09233280010322031,0.22109631507644373,0.0728991134034106,0.35532122846619285,0.06711927246419808,0.02348579700338426,0.029353951012289277,0.03227313487715702,0.013228241317870933,0.011732892430998135,0.028003240547414078,0.014617401105311843,0.018467990975994195,0.04897488007643491,0.042936564389309456,0.21598573584744263,0.16729513978833158
cg12635790,0.0620216653826951,0.0916785081282564,0.1692584967546354,0.2559618759694234,0.395749012510888,0.5485854725978243,0.06374800792995533,0.06115245281111048,0.2017084134505727,0.00997405484834741,0.054696341159557293,0.026329134193240622,0.008011240938378248,0.008125261144181899,0.09302995055094337,0.344867829027577,0.03308521318384996,0.38851143991173764,0.16459108586113352
cg12112870,0.1412509946676177,0.5939053382321159,0.5004211772412561,0.20513682238854639,0.6038901601830664,0.7546986037972213,0.14423580248780898,0.4199685809041718,0.22790248898444007,0.11225328947368421,0.047835497835497835,0.05568848854978677,0.08330114587356766,0.23534015249140894,0.42707574139808147,0.25836886669561443,0.07013276707133032,0.3222908314170354,0.08629261363636363
cg03538296,0.9489797067066112,0.9414496485080301,0.8679615225061124,0.9442198437877087,0.8567592599621219,0.9501429777338825,0.0742311893525267,0.9723957693070372,0.9739494883635329,0.9512102623174133,0.9565617667058428,0.9550039878543459,0.9390991221722692,0.7990109383075573,0.9458130943826069,0.9690605719260277,0.050155481251714665,0.9561329999480068,0.9633808824217466
cg27582527,0.9310064228137322,0.9304013299002385,0.9088915052324937,0.9282821203341831,0.7301088218324052,0.9323289088205587,0.0416208592576508,0.936853762617067,0.920309903239988,0.6160689431452095,0.687210700813468,0.9356489005633403,0.6557600171601233,0.07483735824470489,0.7848147941590302,0.8971858043372369,0.018631478903132864,0.9120301524608232,0.9169883703948734
cg27274718,0.9500735614093548,0.949576361784362,0.9330596260615236,0.9373654162869766,0.8778743240226125,0.9464469512911944,0.09022479959727353,0.9481144753066153,0.9532158833774249,0.9608984041413046,0.9660681558854656,0.9594425503765117,0.9555963648477142,0.9445328052191182,0.9515483015980839,0.9482667404177596,0.08376421030602843,0.939691043274619,0.9434284293955446
cg06202778,0.9583181955634287,0.9506671466886917,0.9245571784210477,0.8890968815101048,0.7657680387359465,0.9319652956246471,0.0718930497828662,0.9470838650184649,0.9442880595384286,0.8304775171436805,0.9586759106139388,0.976359954539193,0.9463526763345675,0.28142697876726513,0.8472057604410208,0.9508975998880005,0.029386444286116795,0.9153433916380509,0.8923676196314262
cg02384859,0.9595837648184071,0.9572779878820039,0.931112910510067,0.962254922348109,0.818679928112008,0.9578239460091029,0.09512094073398514,0.9441748437111439,0.972195722424644,0.8576617923472548,0.931544669314047,0.969018459323225,0.9495972758626177,0.24640539036115677,0.8470654834547829,0.9635937503120098,0.04340573732126822,0.9545952723611184,0.9614889175789892
cg20657709,0.9426168686510017,0.947093619733186,0.9324357046496605,0.9469370094147265,0.8166376388899573,0.9475016840543533,0.11612546725002038,0.9362783131554487,0.9651195808363189,0.9527147562024099,0.9691940680488863,0.9624691839001251,0.9503893890049973,0.3960333508972702,0.9110033431273002,0.9637126544485817,0.057740831466327094,0.9402019351188999,0.9472607620570034
cg11335172,0.9766175629612324,0.9751988333561998,0.9630672291683795,0.971006304054177,0.8300331296421738,0.9633323013049876,0.13734481822847672,0.9839901922250016,0.946216724645609,0.9472714611538557,0.9894552566548926,0.9880089786070156,0.9794871994151512,0.5051161222975261,0.9445362413438573,0.9662185742437097,0.036664098292732004,0.9504564260402024,0.9768706446070056
cg27309871,0.9579592260828402,0.9596459871154808,0.9287139790676476,0.9561648780286844,0.8686801646608826,0.9542368656039715,0.1251772956900843,0.9713959001339597,0.971779706598193,0.9541709523134143,0.9604718738291899,0.9479227696673236,0.9639108100144943,0.617147638962849,0.9118960873495408,0.9670628379399182,0.05267515692438218,0.9524862058630487,0.9594686799843998
cg26275360,0.934243911898745,0.9386333916578925,0.9042396654561926,0.9297839416720357,0.8485733909715776,0.9425819717284355,0.11272035218067905,0.9484494210879401,0.9439528696599049,0.8935337167139502,0.8623907001168818,0.9346734604926765,0.9057788334244117,0.7961089908946255,0.932113448905918,0.9529107193300106,0.06233221731781785,0.9438053437034025,0.9363882345357883
cg13995453,0.9531656784975868,0.948093730463055,0.8739747313268111,0.9486007332583867,0.8571106171207028,0.9437841934819889,0.10409613308154902,0.9810089096556421,0.9660293536395306,0.7685544926060046,0.9621420653908213,0.9702555572562843,0.8862767881987608,0.3582103810121378,0.95736064327458,0.9649091717493017,0.06988311680414244,0.9624037432044501,0.9581519835222447
cg21634628,0.9072809608118981,0.8705390142332711,0.877930563778512,0.9451970314374316,0.8426944414022727,0.9542266575372989,0.07320886743880517,0.9432776384740177,0.928513634642548,0.6156402519090182,0.7509506663208898,0.9045493786261264,0.6045299577833197,0.11798398518202402,0.8715009135778008,0.9760981406558806,0.03187629385663372,0.9482997193655001,0.9404840694854153
cg22488278,0.9278629285458626,0.9473356309073311,0.919038348991906,0.9542484352950986,0.8987480758110864,0.9587107429929471,0.11713944979092406,0.9582751020890596,0.9638620519386338,0.9314380238325517,0.7528101156502516,0.9344072923371378,0.9615857084508117,0.5802420179270591,0.9193689040265889,0.9706992272108537,0.04873505357709974,0.9542418413803311,0.9560301988282396
cg15757195,0.9441159224643831,0.92695154447389,0.9185646133775502,0.9328837159761121,0.755414525242584,0.9416782082845848,0.11991071853924312,0.9497793806691458,0.82385691697652,0.7308286029101131,0.9357668674576705,0.9650948881501547,0.9135451317129775,0.4685045121525901,0.9048190033646368,0.945076116858776,0.03263175074144036,0.9380030315899538,0.9447494790633436
cg01940139,0.954602701301287,0.9495445410592496,0.9177467350710247,0.9597470576505052,0.880393615146277,0.9522228013556739,0.13410069516355666,0.8915669715829849,0.97541361329832,0.6877680122461887,0.9581152369932174,0.9715760153818014,0.8072481148573782,0.2659003517744045,0.8777536153324923,0.9663031232102912,0.06069718822099468,0.9493864155128345,0.9600715280580042
cg05593759,0.9411976744486368,0.9430995977425157,0.8881935460382,0.9391298112052083,0.775938745339178,0.9445790515770947,0.09213867197922265,0.9317147924879656,0.686130655806166,0.8094744066300619,0.5887909868811309,0.952406896446588,0.7712779307484607,0.5957372810064392,0.8688105901070566,0.9300349875112112,0.08404242657534183,0.9439542155350663,0.945429305822465
cg01806427,0.956108955612028,0.9095350940597402,0.8806398195717899,0.7095591470873971,0.8292671782355323,0.9093903971895,0.06310069446940042,0.9369479104211595,0.7924004604743957,0.8983839179762599,0.9682471693033448,0.9647501187257619,0.9321738429071886,0.5865333341280037,0.8684292501454036,0.9420918046980137,0.035958942998275706,0.91182244572322,0.7193052333135492
cg21474838,0.9610539148239179,0.9424398601975139,0.9286811938429962,0.953067593315623,0.877532912831876,0.9619652988139046,0.1091116717411747,0.8559435798430411,0.9699442543989012,0.7089128568799536,0.9511355048439496,0.9755577467274603,0.74397611389422,0.2872426536778881,0.8317770306095431,0.977371132707352,0.05579560054607341,0.9539829681041638,0.958129252437576
cg14301562,0.9466925990236426,0.9358921674137868,0.9040877059335648,0.9292964714643194,0.6785895057715589,0.8803171334264415,0.08530844097840934,0.9148502789796559,0.9241925642373097,0.8333540183391448,0.8911452379008922,0.9450005744497223,0.9078197309123263,0.26964231976389935,0.8559548855411596,0.8893819383624119,0.05080342197429725,0.8566690501228443,0.9167378062525682
cg14058851,0.9526726715210365,0.9428605311706609,0.9278951089668042,0.911938364217191,0.9341607001327611,0.926429590875067,0.11927692407515511,0.9417829767409414,0.7480434511324977,0.9612563602039204,0.9707134648468877,0.9580324529499192,0.9423445431305153,0.9293716215129404,0.9411502385568338,0.8803934219564965,0.06405060266792872,0.7832585913866001,0.8371654635758901
cg21828319,0.8830949515629805,0.9536960518782341,0.9295021400473193,0.9425444724507668,0.9388595092482926,0.9601864130246702,0.12691346784195356,0.9613548811755442,0.5824329230238654,0.9638063443307631,0.6587292792144988,0.8725148996140623,0.9468260613874181,0.9503590377718047,0.9466182773146383,0.9748739588641221,0.09186379678696299,0.9586957055242635,0.9553032106578068
cg26012482,0.949149706185164,0.8789479043331963,0.8258001721450083,0.9295993824027552,0.8177155046383598,0.9306533026848345,0.06636448452242993,0.9439585244784295,0.30581357609872256,0.5498779012802363,0.854196141237961,0.966624921123429,0.8142043638074379,0.23212064052082398,0.8282344236863046,0.8410891111692974,0.03700222816621386,0.9174147215227156,0.9284392835822158
cg05653887,0.9467178655463457,0.9394947476772774,0.8929349123755776,0.9347387184350976,0.7066249850065672,0.9374820789329696,0.11363279963786127,0.9199953730595009,0.9206812314564465,0.849517849576354,0.9193282719017023,0.9659002046772298,0.7845913695515403,0.1665670551331686,0.8092979929260579,0.9221537034884075,0.04839942732091945,0.9203250508101671,0.9343161901869215
cg18672716,0.9512101519346312,0.947390569042365,0.8914838621917051,0.9271049796475916,0.8393178154576988,0.9156357885808479,0.10197208573858657,0.9400150820333386,0.9366367016339318,0.7008635095704153,0.8779241833464205,0.9560424626385323,0.8775522193386963,0.10812808327507484,0.771189773713369,0.8696758281260007,0.06272457492619943,0.8693894683637277,0.9377671297394847
cg13613174,0.9644543499987177,0.9518141867519566,0.9327297203586759,0.9403460254159111,0.918317512917216,0.8690567804218122,0.11295554130559676,0.9425138034486535,0.9551989820916604,0.5196431505788639,0.9278147799959224,0.9704011239030041,0.8954832565437001,0.020033460386030787,0.6979074960231983,0.9494554167448843,0.06495176149617604,0.7872683042879216,0.9536760073907127
cg06040872,0.9636397404395776,0.9587973475381332,0.9230249681526903,0.9499050343458,0.873417496213361,0.9418730314018446,0.09437357188202034,0.9737236620817878,0.20333647691237922,0.841219281560767,0.9700803735113722,0.9736725873644487,0.9326204787760302,0.09707632520998194,0.810975845187266,0.036615078263544154,0.054062863975714914,0.9182417686734871,0.9637927065189011
cg02150910,0.9407051511842606,0.9433283816597274,0.8931483232974384,0.9339087443994915,0.8136981567995891,0.9167237934477516,0.10222639309849024,0.9482124857364135,0.8568035981326887,0.7532943643758696,0.5878691602738635,0.9533180674906204,0.8742216174039844,0.08694767413921622,0.8284578623223264,0.9306019268421628,0.03959593965866898,0.9092119691420677,0.9414846632610347
cg18310515,0.9351868856595421,0.935718659437833,0.9102934176348447,0.9341066077225535,0.734347261130225,0.9473908635767624,0.10982907758880794,0.902338289509848,0.9247191275113787,0.7797024067480293,0.9411468133780768,0.9414063374946215,0.5320613100177007,0.3200799016145406,0.8293936707545764,0.9412375716244987,0.05094500481681735,0.941245423924203,0.9477464106705633
cg19915997,0.9557318818719505,0.944541943106668,0.9282604841505748,0.9388642141928316,0.8264530149774936,0.9452633019697965,0.14095468657048243,0.9405575061873891,0.868829082888129,0.8553789732873985,0.8900962698181158,0.9640652676784265,0.8378800392523122,0.7524386253544912,0.9098519662730628,0.937125004397904,0.08101850394244459,0.9229537989001702,0.9272287379888051
cg26242064,0.950408270275119,0.9319578280204608,0.8945380373759062,0.9518785528500934,0.6964643304100302,0.9433316079916972,0.11874438539070836,0.9305412602949563,0.8589929005425454,0.8511395357112684,0.9207005136460535,0.9655942349130135,0.923531970376122,0.5338626465372212,0.9133242560556996,0.8774361504407568,0.08970677452593101,0.9397743005921442,0.9454035393904388
cg15241779,0.9445019540413583,0.9394765314453258,0.9236375834770141,0.9355674752696482,0.8439159733542215,0.9345519748698012,0.13293661343815316,0.9282681775486835,0.9584198612547606,0.8493846472999153,0.8824051596863116,0.9537044937729906,0.8678282012490264,0.5114840638257677,0.8938591433878327,0.9575324189595138,0.052966742164628544,0.9312954152637722,0.9576147669426518
cg10796068,0.9515633682744582,0.9500067680295533,0.9186745249870047,0.9405311318935993,0.9172969624422166,0.9432331102959094,0.12453078064586665,0.965415785236464,0.8601934378325163,0.8702976580445546,0.7261674413850592,0.9690439360041849,0.9058029887118556,0.49486840444494273,0.8753735725767995,0.9325789061776197,0.07655928113953803,0.9347812143971488,0.9467649829901891
cg20987610,0.9587802858076162,0.9598576100989367,0.9557173161832271,0.8604947961500616,0.8226664224920678,0.9659505209911955,0.11767141878666493,0.9799088545255655,0.9767767574822094,0.8656470933602464,0.688140456823436,0.9500299067690896,0.8588479986135491,0.303078173306807,0.9261892665165035,0.9613260354314024,0.07941658209976854,0.9596953915641466,0.8129297892482968
cg18352710,0.9302639466499829,0.9259891079949273,0.8889977790474781,0.9290234845610221,0.7003160723163881,0.9380364318630436,0.10448639092386486,0.9539361738287898,0.9533943966674479,0.8969643421911261,0.7013613356782837,0.9476481090706006,0.8778919009053121,0.1752904474205328,0.8390006883357848,0.9557927831803634,0.06618131648486825,0.9450769936753904,0.9454001673066028
cg26678144,0.7546612169222852,0.964577431009285,0.9372725237705555,0.9654068770299452,0.825005868500026,0.9707601430582988,0.1284881091106596,0.9605115407270759,0.9645753569103941,0.9592034479744849,0.5892687804425648,0.7295621296542913,0.9533686619370603,0.7229467300306353,0.9457827589712523,0.9764505587547507,0.24950995814607924,0.967818344674944,0.9700410272563394
cg14384416,0.9312400845636658,0.9333876236989134,0.8890586900116981,0.9187603386381127,0.8807550365754017,0.9290826219578463,0.116267771625508,0.933796221540071,0.9431356922852125,0.7650395394632121,0.9212000154897613,0.9530485947593437,0.9208393912007873,0.17229581299867675,0.7659381651076332,0.9418320626321993,0.0496739555591576,0.9236738979622989,0.9349993344768247
cg26227465,0.9365674855296076,0.9092704645278826,0.7895305115966341,0.9117708017648245,0.7378915861017242,0.9293643746822463,0.06826655895229133,0.8550743432142597,0.8317476396023462,0.45677054701230657,0.7007158128573574,0.9438126111831895,0.6560563509338968,0.026803501154093697,0.6994737391957897,0.9246074654838011,0.037389290610108115,0.9105137961623608,0.9077889440145281
cg04784635,0.9672340932812344,0.8956388933537628,0.8664700796145771,0.9543466583471499,0.6826383438644924,0.9493437030205809,0.1077324623673509,0.922963614691558,0.7447398517273766,0.5614139101286045,0.8510168406852177,0.9572330711663479,0.23347670664891282,0.29261071678564005,0.7977623169645494,0.9289980623614311,0.09050692576061131,0.9335158351392059,0.9504716277034109
cg00829063,0.949790572402389,0.8833289560443085,0.8959430565068662,0.9347847178817191,0.8147102847312692,0.9516543920180232,0.1298850486622961,0.9276684785657531,0.9483129942004154,0.6490636158099692,0.9787225926322454,0.9775703689522189,0.5881588646396807,0.42909342912940096,0.911900131856823,0.9758462453736783,0.07814129600176928,0.964788879917844,0.9621855366970078
cg11978441,0.9311784116615354,0.8457130746037327,0.754283673868475,0.9164087098923901,0.8283626469353913,0.9328695268404739,0.06386417606291986,0.8710280754645845,0.05736263963587884,0.667033481763061,0.6830969333340344,0.9505458598328674,0.6159305430250476,0.3435485131868218,0.7414146805548884,0.7921413094058412,0.029737172318504767,0.9208321856057865,0.922151043204997
cg05355684,0.9601059284086202,0.959098154317698,0.9367781710675617,0.9518520502690138,0.8669464076876101,0.9528920646900259,0.2008660022035006,0.9513761308142599,0.9594817065395539,0.9437435855634634,0.9707933438106333,0.9766036224639315,0.9159118467523693,0.8970908837650368,0.9456098605507874,0.9548491426571135,0.08182147499723669,0.9437581933709789,0.9626063772747713
cg19696012,0.9548957807334347,0.9449192365612546,0.9225892891530232,0.9488257200356913,0.8972544327725824,0.9558523580254658,0.160228469752634,0.9292210852916942,0.9377798410594745,0.6643786920641092,0.9360565240133636,0.9627415763790262,0.8305840407592127,0.1105440846385009,0.8280600097234886,0.9284368807526564,0.07653753679295727,0.9389437868941398,0.9499825418884983
cg00719568,0.8755525789228233,0.9348797296766529,0.9179904315244312,0.9202507643753032,0.25391714734241505,0.92938996597641,0.07507739533145313,0.9176527772246583,0.7096342666726535,0.8295337306998355,0.5274083154163944,0.8066406823712156,0.8372485692088709,0.43309618751021506,0.8538787476293097,0.8503767574175398,0.03899212622547199,0.9318525721533188,0.9365476707337759
cg24032269,0.9396657470140972,0.9135058161487842,0.7833820248449703,0.931903031510252,0.7141311753652096,0.9251503898758109,0.09635611379745701,0.838867496980505,0.9300245031212397,0.674122070852259,0.8644934839549366,0.9416741729734268,0.7632042971921986,0.10331532648975245,0.598715125166789,0.9118307338230711,0.09264949214310325,0.8905635708120441,0.9386906547433327
cg26934362,0.935000343712062,0.9000904324009039,0.8135217313666964,0.9225903539809324,0.6234640946383995,0.9298596775168487,0.0696307781630146,0.9203615823374407,0.9587635389244099,0.6957985428198467,0.7232496346738929,0.8866703968310911,0.9334464785467789,0.07302921874710017,0.6428121435072764,0.923040963731835,0.05155563037562816,0.9074694583776973,0.9242028504799487
cg10502149,0.9460770764945844,0.9442368072421518,0.9339378692728917,0.9320435496388959,0.7553754641519286,0.9336399404466544,0.15011774987695492,0.9431350554491896,0.931186902932118,0.7988049940483793,0.6587814478880543,0.9362281760394284,0.8120930422591865,0.7121850341930459,0.9273272313125949,0.9172227327578453,0.060868836525122205,0.913905005538822,0.9315810574736114
cg13828440,0.9355307950322578,0.9499717845845268,0.9329472626085096,0.9241369769387389,0.7463517997225967,0.932778962039273,0.12936391278160042,0.9552941765690309,0.9414735457195951,0.7356157958044571,0.4447853268841963,0.9046400923894737,0.4243538862803261,0.7208237446148064,0.9155800185908367,0.9352866878437328,0.0667954029074822,0.9152965242123425,0.9267967381486114
cg25386954,0.9244419159967909,0.9241736661772146,0.9154926865198645,0.9087551157995619,0.8524714831273945,0.9107124807067923,0.15615889468400612,0.9311120453462575,0.9217778102548102,0.9275793688590851,0.9133711716125723,0.9430647015190732,0.9332022535138473,0.8354517083208353,0.9373597704512173,0.8969327121659949,0.12294789776080906,0.9065920845232647,0.914117309719496
cg05875239,0.8867950497540782,0.8805369127516779,0.8710508697708861,0.8872290818845856,0.8321416411304052,0.8787981533189906,0.11912322184117695,0.9652047256837676,0.9448017230844434,0.9518835616438356,0.8940710716188314,0.8954255639089146,0.9336979722518677,0.9164180055781376,0.9623859157195183,0.9314331326285621,0.06395109799914422,0.921875468337453,0.9125693893735131
cg06815003,0.917554164998199,0.9540099458188775,0.9567985872798546,0.9587865932823127,0.8453989741356518,0.9660929567757424,0.12620409316099812,0.9657813991256666,0.973333912489349,0.5437607845583781,0.38130857934993767,0.9245435314606815,0.5878637647347418,0.17246440260234247,0.8693505502394874,0.9706935916140771,0.4125392847279814,0.9584661678698543,0.9569039937129756
cg09261289,0.9626080191640556,0.954673583048387,0.9479955016263706,0.9611368293873039,0.8695653786815591,0.9566373519385717,0.19375366136478467,0.9646308733732575,0.9794336088627159,0.9351991400216269,0.9723223511068582,0.9799550289520567,0.9479207852060685,0.6260293984080331,0.9411318899306805,0.9781478081547083,0.07724884166701979,0.9627546631782933,0.9659761987848159
cg25426716,0.9669141756544843,0.9690525559311404,0.9458477605340299,0.9478407323600387,0.7933496569024615,0.9380230868862726,0.18514574964498898,0.976485221916084,0.629388308549202,0.9415376593824868,0.9104208079310463,0.9780304309890733,0.919291550271849,0.9178336096758016,0.9600372307117074,0.7400258337013091,0.2225704862704506,0.9389912009961289,0.9582119125832684
cg12811871,0.8743908607918465,0.9484204480183802,0.8901212645111071,0.9498038877419446,0.7741713499254501,0.959256610535785,0.133341579133021,0.9652581002833559,0.957520834912856,0.9129442843419788,0.20372739839762077,0.8693440675946842,0.9654790882938703,0.3256710881320417,0.8775532367936685,0.965665763004872,0.0661130886501778,0.9500427371113145,0.9417040358744395
cg12294633,0.972000037390204,0.8650442280592737,0.6772423892004806,0.9031151252121736,0.8800154217253051,0.823152074724596,0.10908045293481933,0.9519635648450971,0.9747058244482203,0.9292265688430706,0.9758041304336782,0.9711409538646284,0.970836718011871,0.09149971667060719,0.809115891774334,0.4903240954468601,0.0624516985603889,0.7983675024513259,0.9195369538159925
cg13617280,0.8861868531352832,0.924295335495136,0.9246177510731322,0.8890903159444317,0.7371908127208481,0.8986882156834324,0.1241793369243963,0.9714876643521938,0.8949736446223129,0.9750801515593122,0.9290768082733908,0.9655272719127701,0.9630723781388478,0.9273508437814975,0.9591008401624639,0.9401980568006245,0.07248000707170196,0.8980105304545922,0.9546674067906374
cg04527989,0.9572487927316468,0.9485956741215216,0.9376612839154034,0.9529920644103502,0.9189677369917936,0.9586314795378574,0.18199027796522269,0.9695405752205615,0.9646713220473351,0.5581268121599884,0.7823592336498235,0.9695870163095268,0.8532151362070748,0.23770843387597673,0.8924110778420737,0.9655070021310478,0.29380828095174927,0.9599727509920797,0.9623188546362189
cg02663352,0.9393296974633503,0.9445366579332592,0.9159755432886828,0.9520613194085559,0.940358433936746,0.9576542846714441,0.13022413891793377,0.9354424142048301,0.8492487647497824,0.5801703861877835,0.08213675581630331,0.7649264865578582,0.49003237234448116,0.15131278560553396,0.8337752133206116,0.9616523940887571,0.066743315866298,0.9073408781476631,0.9167042601338391
cg24495350,0.9169353313199293,0.8955032071277654,0.8649578471722725,0.8874899105789591,0.7084742855032026,0.9083154780008509,0.11070927373656692,0.8415800101145858,0.909021148802454,0.524525865885427,0.5326622129361644,0.890929022074604,0.542942208992093,0.3401822914531076,0.8299436177998909,0.9442737981556606,0.066152981613465,0.8918667315911757,0.9013139170204696
cg03605454,0.9164335919105342,0.9175365986658152,0.8889293160290898,0.8583407471292036,0.6109380305119908,0.8527952408646642,0.104926231244238,0.8773642676841974,0.8570300567173466,0.6839151357084446,0.8423025037298427,0.9322738340170963,0.698961552505208,0.1331799738168895,0.7887139516947087,0.8387276996373749,0.05629681462604952,0.8274487519140542,0.869374747311997
cg24854175,0.9418483839701144,0.8239111812087104,0.7666046482428638,0.9347276236010597,0.9027725608251636,0.9462436158562364,0.11727752164893318,0.7844017027530225,0.9304915304896982,0.5498336607561984,0.8356541174844243,0.9533176705270039,0.1475097578940573,0.060100747820876876,0.5093241570882943,0.9224710545833299,0.06174230486599963,0.9281832850151085,0.9305400560581751
cg08786079,0.9377147438987382,0.935741197155528,0.9281339440014437,0.92192334512822,0.5520977877077274,0.9246596974590606,0.14207281708110958,0.938669166947768,0.8908089925601567,0.7653787432634668,0.7355902377495767,0.9280588416274773,0.7647727436201857,0.5650542029696448,0.8919501197722328,0.8755942890387569,0.08122210370021471,0.9100450525283394,0.9165584997400678
cg10055950,0.9614247070022339,0.9510930581669367,0.9491206282987878,0.9584812937383915,0.9352865273823933,0.9593989061646466,0.21055738869628182,0.970282553016206,0.9624511346396398,0.9744831853034465,0.8080419471651956,0.9435895897279536,0.9747315149314736,0.9148367152487261,0.9686578615649765,0.9673887546447506,0.20310708122761212,0.9690712091256273,0.9645091206712562
cg01416168,0.9586396409404989,0.9645954735891886,0.95202535138991,0.9563498004744545,0.8477871499572318,0.9574276708390431,0.2010092366560276,0.9650841527430699,0.9612880542823798,0.9479148995389433,0.9544139481645517,0.9778745157443907,0.934138730663838,0.7787904290937275,0.9685363258896411,0.9623979008540012,0.1053232396122013,0.9560786312298037,0.9562167145947736
cg03368758,0.8411877590322551,0.9337171569487313,0.7300091655463559,0.8463249873668109,0.7029241780975246,0.8502067792375623,0.12522014658196168,0.9681673097906954,0.9491386415494281,0.973252789711729,0.9262614024530531,0.9489492709086831,0.947746383195658,0.9656827925501408,0.9477702481969317,0.9096727445866963,0.19894492220475907,0.920095945850955,0.9277294182303547
cg07802362,0.9544248009074241,0.952221546858588,0.9238494891555752,0.9529844194901493,0.8611009543608263,0.9508102061183681,0.19755336327927547,0.9559984013273521,0.9565038806697153,0.9670717095904657,0.9739524997476519,0.9450682070873908,0.9587588055936409,0.7873088893911422,0.9572154727341613,0.9662518635672317,0.1515131137825545,0.9489613835312217,0.9586959649555367
cg04163638,0.954047764064206,0.9526254540905085,0.926568881914042,0.9056994242950669,0.8698088347392531,0.9335421613499393,0.14742992930713528,0.9370557299594631,0.9448621453591429,0.7027895195971232,0.2960390154280045,0.9213696122618922,0.6959902336266086,0.46754210081114117,0.9222856016264571,0.9090900958699749,0.069322806813572,0.921737245002713,0.8880830016376035
cg21180201,0.9447680650412247,0.9454779593461138,0.9385158571390022,0.9335785092072435,0.859809324374951,0.9397032778345675,0.19104441664868577,0.9366305957429141,0.8411384514202529,0.8740078924843989,0.7591628058816392,0.9432162646260532,0.9300281152205097,0.8170575230450936,0.9519737931381619,0.9008645391331278,0.06816772627557027,0.9157701066913557,0.9275703483760263
cg20187173,0.7979295804897264,0.9437823100527336,0.9277221149996115,0.930628839038681,0.8025159778573832,0.9144065875484517,0.13541907320528274,0.9418564779344882,0.95310137595893,0.9412479408121599,0.8818591146555002,0.8771295615566619,0.9425675294698305,0.29755553939639534,0.8646181701280651,0.9309811963467257,0.1518376703186424,0.9082237515192155,0.9410557185464765
cg25040934,0.9145191512667064,0.8975660737166807,0.8513017045330101,0.9179226687687658,0.9159011980091722,0.8992789608783622,0.13274227292918783,0.8251659296778258,0.956008177921301,0.5191206319042933,0.7506231805896015,0.9115087252259266,0.6182229335903828,0.10826616776880849,0.7808795535394715,0.8634417173201963,0.0723987186041779,0.9060118394113452,0.932682495310821
cg21333217,0.9578750467639356,0.9560439560439561,0.9310673735864359,0.9542229605827915,0.9212655695972362,0.9602253378019769,0.19537488591660113,0.9638811711904253,0.9638422160267428,0.9316284267963973,0.9799180501207825,0.9769775118606726,0.9678372036572538,0.3917665192511224,0.8863863278042539,0.9769907096339989,0.14633120453463316,0.9629998371061377,0.9662572147402694
cg20460771,0.901221315159069,0.8800766422997341,0.8744523191858411,0.8919116777747574,0.7529654977169218,0.8986891452526988,0.12449579584930259,0.8912089389673761,0.8925249068704981,0.7571305840710758,0.9266054384558615,0.9252925893996845,0.8706302080069513,0.1889857278790505,0.7846879211457387,0.8802297437403226,0.05770458132666462,0.8769968303879178,0.9151500878468103
cg05224770,0.9104805433746214,0.9006072556054705,0.8560131560147307,0.8858059467181203,0.6648454188854738,0.9116626401982186,0.10129511472670094,0.9140862093509426,0.9500322329324233,0.36699715580549586,0.322892206242155,0.9335432153848305,0.6721772664288783,0.026766332697858657,0.6956849628980315,0.9331342548902567,0.06570674207252036,0.9239615610257281,0.8847512288193857
cg14200211,0.9395227233133117,0.9367310790556357,0.9070609952098205,0.9506969819683893,0.8916367694183019,0.9499177450761263,0.20294000610054835,0.9488143641032807,0.9600475169600899,0.9335008926909509,0.9543973905195271,0.9184253303843177,0.9823560859438538,0.630420645558928,0.9175822198868478,0.9490680223590032,0.11127600569524504,0.9472441638359643,0.9467974215894696
cg16316183,0.9596360298769622,0.956588301585112,0.9461307205420229,0.9313680716513161,0.9299778235142185,0.7932537062684053,0.17789280328291207,0.9691354256788152,0.825782963281001,0.96860473532365,0.9497627666977475,0.968923145734998,0.964954012374615,0.9162771507444708,0.9533794011519321,0.8724314989235931,0.07782805207621879,0.7563623201706798,0.9177973774813051
cg19418525,0.9136525923770342,0.8294193098242961,0.7844243175120587,0.9454854524759518,0.8273391356756429,0.9624442773961074,0.16626634188034606,0.9123285018043328,0.9686772269965152,0.699586662230756,0.7988187376116569,0.9312470977928866,0.6791077487656823,0.616260505962739,0.8537042915136395,0.9704421956517316,0.18022618540128532,0.962870001837598,0.9446228513598529
cg14791799,0.9523117498754445,0.932494976630508,0.9201153236350821,0.9280387259640204,0.8970776889818615,0.8832596426079271,0.1882989250713709,0.9485216359405604,0.9139043644783252,0.9032370123332015,0.9643805134290411,0.972280866283388,0.9552882459719281,0.41432419269539217,0.9274608944317515,0.832169104719117,0.1622531741349353,0.8893463728248596,0.9243127382210162
cg05148385,0.9468387205679407,0.9372598289579106,0.931492030888834,0.9240179008158534,0.8469343230206957,0.9316839386967191,0.18165723701302655,0.9508281808372081,0.9547568402344455,0.9383285793317506,0.9623845504655378,0.9475850125846913,0.6286920661943745,0.4839771989982515,0.9402038236779899,0.9390093796294252,0.10016079629584385,0.9417202456473946,0.93509298100125
cg25383568,0.9202215833862215,0.9217525375819093,0.8988349732150622,0.9121569777938257,0.8580021482277121,0.9155876671560756,0.1519225919812956,0.9125095932463546,0.9244499101131987,0.7319373401534527,0.8765866241900704,0.9379806565908986,0.7803140447804594,0.383341248181269,0.8356072401685077,0.9028576214228161,0.15043283910093047,0.890545304988781,0.8973347837911341
cg10592926,0.9729734506824788,0.9714841251684794,0.9676937187262187,0.9724482361114188,0.3590580742150613,0.9727390164844542,0.20036970460114217,0.9865498487019262,0.9127106168942211,0.9857499905591927,0.9811255439523003,0.990588610144715,0.9927545792955916,0.9613679571349714,0.9823771765125837,0.9856849099501714,0.2543473856058507,0.977627226264093,0.9757892199469076
cg05637113,0.9538767309176588,0.7613318655144201,0.6010402793974574,0.93907498844531,0.9018849341684725,0.8233548338822296,0.09082432549930797,0.7731148166259707,0.9435770178261018,0.8200193233987737,0.9489106939012291,0.967439669753255,0.783592697557127,0.24073456951364564,0.5037641717988894,0.6831202625121668,0.061654586994951965,0.7942684047306321,0.9620619120240794
cg10214132,0.9541346654663196,0.8894848685036798,0.8700705729368092,0.9437457532225322,0.841754272859096,0.945651718621134,0.1805557699453356,0.9257526358609559,0.9779157022306963,0.7647139597449197,0.9683847194403077,0.9735539871499498,0.836129438516352,0.26085529758504866,0.8615795198181437,0.9718109096630257,0.10627317832681071,0.9523156219763265,0.9564998713741033
cg25801622,0.917126015947032,0.8587908363332835,0.7132300463842204,0.9052765051739126,0.6550975171619046,0.907384357118109,0.1063554111163183,0.8722778459563644,0.8870801442979551,0.8072555254123551,0.886818176476198,0.9304972697273771,0.6438182106094603,0.46421441366882343,0.7376620271942685,0.9097793845064162,0.05925884165538875,0.8936344183835998,0.8953960983125833
cg24408769,0.9357523761903404,0.9154032210489057,0.8975999927373377,0.7743630791388187,0.8926963993453355,0.7896842412440552,0.10265927582013945,0.9415801354401806,0.48459119239571236,0.9407396405762661,0.9568970113639425,0.9396687471158268,0.9424809424809425,0.8993528201537413,0.9156296624493862,0.7845386519533355,0.045009387334530616,0.535274553487854,0.6338676576626546
cg14953379,0.9521969610612451,0.9079499138546838,0.8838018218894144,0.9510577932209029,0.910956799686187,0.9498070772691938,0.15037160727655818,0.8712072050532231,0.9847241059371291,0.47196073182695397,0.48048637123305316,0.9475579988502698,0.2702942086963432,0.4598753889555855,0.7260764376727313,0.95859515721295,0.09937629047424523,0.962835309322069,0.957312130861727
cg18461635,0.9538342737749073,0.8715915292221376,0.8069990478378739,0.9250518006545546,0.9292416294463332,0.9412543563230247,0.13670058688553605,0.876889571073192,0.9276729127126291,0.4112577840982658,0.8347086872059739,0.9478210707955261,0.16692641252010385,0.04895717888108886,0.7237427553709508,0.921481174706595,0.05685413779402716,0.938724642807626,0.9297824701381113
cg01948850,0.9282951487120663,0.8611636219686205,0.5690056956043257,0.9111180478191137,0.7547682911659348,0.9219680687909431,0.12145186897737736,0.9034050616922197,0.6107614662011144,0.9314184817429868,0.9609686858068459,0.9561524610807273,0.913727381620904,0.7356612866926415,0.6947122588700079,0.7164091139960284,0.1172800784276826,0.9119400515469922,0.9258432905190526
cg15518113,0.5542053530442163,0.9666237903322492,0.9455744368763299,0.9706476658897423,0.919581485678733,0.9767897681019797,0.12297565139197825,0.9535386464975025,0.9767955620467705,0.9366931223187241,0.10152395380907148,0.6428611692029078,0.9554755569575528,0.38541042536821896,0.8779701098982847,0.9817562708194956,0.058589999336044085,0.9679241013146831,0.9723569132340575
cg15052335,0.894507042294297,0.742596382652031,0.8123568818566386,0.8849870201194412,0.8875319370281425,0.8607903557102057,0.10762187870412193,0.7321258970128934,0.8458577162037867,0.5625008870886349,0.892742148647939,0.9255917412647832,0.8646454827187827,0.19934491455152425,0.7354999205623758,0.7498326121533694,0.04544030863047689,0.833044451195152,0.8817677117552654
cg22749642,0.9026069040288325,0.8943661971830986,0.8848507653563138,0.8830249888337761,0.7576489533011272,0.888039607626746,0.14196459769271616,0.942657109518253,0.8772193008774563,0.7676579925650557,0.5324548306826788,0.8898866942756414,0.9345118521494576,0.06138159524282071,0.8775170137381039,0.913799343361075,0.05765437113731023,0.8747636658493723,0.8944444444444445
cg24302127,0.8563632731108894,0.904301745723788,0.9105203109838781,0.9265000934809489,0.8406291650629557,0.9111046973610714,0.14155191875118256,0.945012096366668,0.9605239964648047,0.8903550387670984,0.2102822224660916,0.8492046949365749,0.47980504717331895,0.6649532489626766,0.9325331592794821,0.8956945617873875,0.12247290768189746,0.9144527902128579,0.9364906244620448
cg13375187,0.9574752048119972,0.9303792577428726,0.9324603107432228,0.960376035627375,0.9087896586267483,0.9615724933855343,0.16550447647486632,0.9063040430899363,0.9702172785504131,0.130202493065118,0.685151938284172,0.9573959410467605,0.25807790113647966,0.030890711813037968,0.7920916960255071,0.9686238601917518,0.08264877231534118,0.9592884292607002,0.9590187649236745
cg02240030,0.9331168439522175,0.9310384877183197,0.9064444320603424,0.9385965348826288,0.9011698298172859,0.9412456772314759,0.21754577883298515,0.9614722287936198,0.9649049737928171,0.897578891084945,0.8941182154631983,0.962203218848598,0.6677603734977225,0.6800680373495551,0.9027949026069138,0.9639442174279074,0.10578448609987116,0.9558038903247075,0.9526702446842047
cg11095122,0.960006831710694,0.9482681839445126,0.9310161405687443,0.934505982650489,0.8067788852968233,0.6165517916891471,0.12872408320925371,0.9712142985853353,0.5810165866458629,0.9176675835164444,0.9780850539826331,0.9720618934267511,0.970407190643573,0.38163125887924493,0.901307085891507,0.12781768332612453,0.06589052639192522,0.5421705936462264,0.9534107644193548
cg09631059,0.8999266630631603,0.9118468913072971,0.8741496328829537,0.9050430410319756,0.7370390567129245,0.9004433873857676,0.11144179762940953,0.9001306324584265,0.5910060013325014,0.6028620133681061,0.32607014370125564,0.872107845452901,0.6514414128940585,0.19882721392458785,0.769440039486071,0.6408974614491945,0.05564703453244191,0.8400474263842678,0.888497135815246
cg20959189,0.964238601726333,0.9031185622286111,0.8705649191352228,0.9491631931968139,0.8745362800220899,0.9585240992994529,0.14534489056095506,0.8640510125245362,0.9260959607554601,0.40471448090934037,0.5328808971281992,0.9272981917258932,0.06574133062227605,0.09860694336236114,0.5532160113248952,0.9139146790831321,0.049753207187273996,0.9251672948160867,0.9394687790973285
cg07584031,0.9564332836568962,0.9492097443633611,0.9027115243648955,0.9256784922533634,0.5218686505353753,0.9265191359380488,0.12840474384291212,0.9499288583382457,0.059803206967116385,0.7918266770533154,0.7292464064782931,0.9318623704355848,0.7881948308399387,0.35540171326093895,0.867539524884407,0.44383960518577703,0.08547796382538464,0.8875975541191173,0.9260710214027064
cg04780380,0.9209185646955085,0.8461944620477134,0.4187688054352739,0.9199572885399302,0.6894589305213975,0.9164828399658479,0.0797180052142723,0.8205535762731794,0.902320981784435,0.37668774582597975,0.6333580076726273,0.9176491958243653,0.46244788273400717,0.016882764725489025,0.4997837954923481,0.8991636768322782,0.03946834283122355,0.8783511131165004,0.9026208212092114
cg04877737,0.913771344497525,0.9002390560287082,0.8547995161509432,0.9074904098184302,0.5642264524599785,0.9222901052670953,0.1285646912068099,0.8543413135822286,0.5241455080808983,0.6841729320528207,0.6694045408705243,0.9123800590561062,0.5639547103490178,0.2959097574495785,0.757736642456112,0.7857242745572574,0.05880764293698748,0.8783526960789736,0.8998482058955019
cg15956469,0.933390499085707,0.9352088661551577,0.9161025941372642,0.9292373386791466,0.8855864811133201,0.923975810758767,0.2162142221905351,0.9512812721563861,0.9663274881298429,0.9591687399385336,0.9598822130542031,0.9609950707759451,0.9364987454159429,0.8684128249700194,0.9268133719808394,0.9550542840624865,0.12563439733525225,0.9359908471997862,0.9502182498441073
cg09278623,0.9513074313511105,0.9511764680373862,0.9410473707130187,0.9468730933197423,0.8226038986138494,0.9512074532210645,0.23458419132421554,0.9525046841076128,0.9495374533875813,0.9470158770516425,0.9216661368431058,0.9584000888550203,0.944954366989945,0.8424259538395922,0.9533891085643543,0.9265469475008403,0.24182877846585482,0.945734121250526,0.9523427107492718
cg04528720,0.8908570417542929,0.8826526281038353,0.8342597906790874,0.8658871511844524,0.768206254580112,0.8499481930211384,0.11874842270810221,0.8490189605247813,0.5122474257604004,0.7072043536342212,0.8649355446899915,0.8987726096502012,0.7833122632023003,0.3521168565955449,0.7618672542704694,0.7694001733900102,0.05687158854753664,0.8142991749307219,0.8519357467958365
cg04254769,0.9535972733622952,0.9395090379296447,0.9135893937119395,0.9510665008458252,0.9101033828337057,0.9430917930502943,0.34083190766230886,0.9388062546537674,0.9166205384114063,0.9715447255766951,0.9817201848288508,0.9798543095617698,0.969743939515743,0.9492774710540175,0.9491427916527475,0.9299826763687431,0.7347651370734446,0.905505866357581,0.9653878992648917
cg09814167,0.9388851004982395,0.9366665974371833,0.9267127153031123,0.9269146951247546,0.8928656271580903,0.9280381130137632,0.3532771793384546,0.9711335408916746,0.9444166833667345,0.9740011654415561,0.935933090513941,0.9385697167904767,0.9551362624878464,0.9760420267235306,0.9568294828162557,0.9186111490374839,0.7136978328952618,0.9363555118699616,0.9309614787368448
cg26355072,0.9622743013410716,0.9569582130756682,0.947024306934259,0.9574027841009352,0.8922018348623854,0.9581678364062388,0.3811548079966697,0.9753599614434605,0.9615318087356375,0.9699742636545611,0.9724782732127073,0.9682319720531483,0.9653295706510784,0.9596227768368286,0.9678396716437723,0.9738221185317877,0.7197507826496972,0.9594758141123654,0.963864539320174
cg04304687,0.9613998059930624,0.9642365036247855,0.9654678483368893,0.9488496584083369,0.8579117523529141,0.9513349586448239,0.6163068039706939,0.9571657653618109,0.9628674912738848,0.9499653993327761,0.9293926049041698,0.9633283366130001,0.8938877036491089,0.8887888540869548,0.9595169831335859,0.9565748060189361,0.8951467425637962,0.9208619244246992,0.929169866121938
cg21742213,0.9354514639265309,0.9427357897615692,0.9290278824296823,0.9358933747626279,0.8801236679932664,0.9409248728225937,0.6435027072798195,0.9438210366062338,0.9494126549845648,0.9441610643886225,0.9718242987889861,0.9656180234775353,0.9287588159868596,0.947783668993674,0.9602784600038319,0.9502914119880305,0.8327923681626035,0.9416191565217599,0.9463284348009051
cg03962421,0.9454490902843201,0.8790815647996008,0.8364054048391206,0.8764115248003344,0.7787693758231199,0.8225845851092474,0.5153198541149292,0.9372376401570266,0.8366368844899077,0.8370943932265524,0.8214819230557167,0.9549672129946273,0.8382510978278841,0.7679265067056904,0.9152683779204187,0.8789742490734775,0.7173982476754792,0.8332460782036233,0.8934550054836752
cg20980879,0.8880194718629493,0.867239352440238,0.8691696389119821,0.8546061627829081,0.8447531245510062,0.8721359975887393,0.3971109553803514,0.884020977639116,0.898824307673399,0.8548714294236892,0.9088775884644489,0.9191706854222367,0.6666277853880518,0.6286491412834999,0.8434376082120486,0.8398645775971472,0.6021781432610954,0.8644510632497371,0.8829679118467714
cg19375530,0.8786457995314095,0.8446939122174787,0.8540389101130359,0.9119582846203464,0.7341875687881398,0.9051816878042367,0.47458049300385985,0.9675247177113876,0.9577754255366221,0.978945500630733,0.9871894870127698,0.9791273565213163,0.961218237001032,0.932747489557643,0.9609341910383895,0.9510113617521835,0.8595762230350052,0.9479623931525498,0.9708913105953769
cg11812015,0.7990027831552338,0.832973008819157,0.8303620785591164,0.8976903584685516,0.7339235607335848,0.9108400951826265,0.5388416796234177,0.934800963872455,0.9311273032495258,0.9318835952245191,0.9220538381762724,0.9275830091478148,0.8081018551589325,0.9025426060529231,0.9381593091991788,0.9480136536807033,0.8239228452558283,0.9373321038807572,0.9455245219362484
cg27467114,0.9327605443564256,0.8316613522645155,0.8127874239285267,0.9157744391837668,0.8041700982059219,0.9102561692324278,0.4742397265982557,0.8985443571770151,0.9408548513151092,0.7941769584394022,0.8092945648160998,0.9437236820764783,0.7462268197814885,0.6979743218657577,0.9072549620770369,0.9373193138671647,0.7447038769283929,0.9231093833933925,0.936171998735415
cg02080909,0.9192952622386926,0.8311592054550845,0.9055027119453629,0.9474245032849201,0.7546728971962616,0.9523796279219013,0.5318240228394273,0.9130106534686687,0.9520761991297896,0.8671033640501832,0.8682565372448758,0.94765026507643,0.9222539229671898,0.8642698598692515,0.9494796293589591,0.9464761620804536,0.7570792798996069,0.9448926921790295,0.9541869173771014
cg21901577,0.9598966514025817,0.9462237658394819,0.955833118287798,0.955961457272343,0.8976918047452301,0.9558285576792076,0.48211530973598976,0.9685994122186129,0.9675836803764306,0.9565527154627081,0.9852177666940942,0.9794358454818743,0.978245788683251,0.9440089344159566,0.9742270029834377,0.979979525728801,0.7301242355180697,0.9547285699644399,0.972126826476528
cg13759676,0.9456212655482326,0.8763590820875525,0.7953918035504626,0.9004758282888159,0.7281324820926162,0.8878153386721181,0.43252153829378676,0.9177643746585158,0.872727755540549,0.8894343201195306,0.9501889910474013,0.9589797490311591,0.8517059135460318,0.8358343465839575,0.767971568770385,0.8781877316710813,0.6566028027730599,0.8650915952908605,0.8967773354878176
cg05774892,0.9487491505819751,0.9439175507709805,0.8441338723708807,0.9327885404986518,0.9030840991974828,0.8834440400092785,0.41014544125176833,0.9816275615161829,0.9889404499743772,0.9688107095372315,0.9724403353329267,0.9859017571193769,0.9746231947707943,0.907492161887027,0.9757267189398646,0.9853649368696251,0.6185717774394446,0.9795397532279441,0.9836612238477686
cg12194832,0.9633624074818677,0.8930320474267549,0.8862394923398322,0.9546888302860916,0.8835637480798771,0.9571458799805418,0.5260163854662356,0.9683326974437237,0.9631109371995584,0.9599388625211166,0.9750168508203684,0.9781311576312475,0.9552511415525115,0.9497719887770912,0.9684614020600735,0.9602332050058868,0.7205292514972423,0.956030623732606,0.9601831214987049
cg18474239,0.9610472916057649,0.9551074890355367,0.9517598650917767,0.8523650239018492,0.8961869129186542,0.9174574639313483,0.6653115390053804,0.9642266128518544,0.8949399495276034,0.9712551718361528,0.9764194127446253,0.9799569328875873,0.9731393359215825,0.9591902670199408,0.9632520017349989,0.938947807699889,0.8197118906342953,0.9158406100779749,0.8556356805586978
cg25349939,0.8632841165147853,0.8969416273549092,0.9038184232802885,0.8170181806006255,0.7569909687039577,0.7114800302082428,0.4546606778373454,0.9266148766981328,0.8114244531398256,0.9227632162530288,0.6881536547312781,0.9138704728906073,0.9360893664242484,0.6716030450108913,0.912101798441565,0.7846258350481683,0.5890275272902482,0.7182484629450026,0.8784697618817828
cg15726813,0.9705319037768825,0.9606552269527313,0.9555960300403707,0.971722461842907,0.8659115512071028,0.9660740507328566,0.39858971828783185,0.9734200878218449,0.9768869679851914,0.96264425089015,0.974347744723966,0.9789663002649822,0.9512659343100345,0.9382098272007102,0.966547299268744,0.983809215602065,0.5876660098431981,0.9670348685915973,0.9696045153818416
cg23435567,0.9517512534419228,0.9421626270810226,0.9320887275283647,0.9416982049282345,0.7580321943190518,0.9509672619454849,0.31296367279079507,0.9384131948736877,0.9521051178967981,0.947448150463416,0.9749326238028035,0.9680166496918594,0.9526153212129358,0.924692241330518,0.9337074488885584,0.9533967988677106,0.4551867640172038,0.9532374432311137,0.9525661017227613
cg16040614,0.80619040694322,0.811483895639253,0.7721005543038375,0.8173620801762229,0.8082113744041418,0.7978871424894425,0.5764675996293083,0.9131747180372055,0.7976210544713875,0.8810287069386787,0.7967147267077377,0.9593960557968827,0.857089219475424,0.6852168306244113,0.8977195969066798,0.8555864594888837,0.7510572247788058,0.9091934683250993,0.9253884964055515
cg26423542,0.9602177211982443,0.940881045465623,0.9277512300208373,0.9425994118146666,0.8661862235773513,0.9392113602027927,0.31843936763708713,0.9632701151289591,0.8845708588362478,0.9659003707058404,0.979915003695375,0.9721240648794398,0.9490231557046717,0.8321078145948144,0.9469002143622243,0.8808886996600075,0.4584231387082291,0.9287067299562346,0.9383395150612344
cg27621721,0.9445691291325555,0.9470491726359943,0.9398161397362652,0.9037169360598541,0.8945536994873823,0.937480214671228,0.5841212646396337,0.9548165074048045,0.9348574430818866,0.9123528071175623,0.8261286165839937,0.9660962033991567,0.8497680790968982,0.9025024492352585,0.9457268503419869,0.9378205058690441,0.7763169902601033,0.9185701398373641,0.8833862975949583
cg02750941,0.8578410344713427,0.7812042170677578,0.7172821303586657,0.9103723362310805,0.7656249608909347,0.9021989689482938,0.45641410446188724,0.9390748795735666,0.9171227974714447,0.8581986453783458,0.8481310882642701,0.936646298449884,0.8227502450110973,0.7568483705974709,0.9285266139994379,0.8902043222756459,0.8678658638195323,0.8903388288361587,0.9327432953707928
cg07425568,0.8401962409972099,0.7812840043525572,0.8029539593541555,0.8243606259267691,0.7142221233029157,0.8469921740069906,0.45011493717880136,0.8397027600849257,0.8500545932966657,0.8023317435082141,0.847792759631653,0.8631384420527188,0.8250801567509797,0.6556627597000415,0.8158556625241412,0.8527774881664825,0.6123721305759421,0.8287408727726016,0.8665088056829954
cg01815912,0.6165363942282471,0.6797594586129192,0.6891520146784156,0.6704404047501791,0.4101452293524445,0.670917235179542,0.22068198181698823,0.7899657145542669,0.7487986241549196,0.6309554879241285,0.6380401560764878,0.7793992145133521,0.6037669832999341,0.575381969754813,0.7407565997735999,0.686225961233137,0.4019848889493192,0.7583916690558201,0.822195766666098
cg16650073,0.7395742072137358,0.9033252381841957,0.8919677217322466,0.7904792125658815,0.537703031412654,0.8147337176489795,0.368331022326884,0.9308836395450568,0.8421282289831171,0.8853213584058378,0.6874827200393823,0.8409922976147806,0.877805776313239,0.867286919356838,0.9164271825144563,0.8685526132576147,0.5680599067095647,0.8877468392386255,0.8895856052344602
cg14571714,0.9170644872853466,0.9296821216646771,0.9113717613225398,0.9330989612120358,0.9201367514638015,0.9374938986955978,0.5286529891031735,0.9144382386752816,0.9560881555449476,0.9479420732088545,0.9478400815123305,0.93818090696838,0.9283432691536545,0.9294865475922585,0.9174800327565762,0.9409602441157519,0.6774825383660419,0.9473253255209781,0.9557733605055303
cg09930398,0.948142044352116,0.9462044709559007,0.9386369569220849,0.9514366286465697,0.952249482264047,0.9378807061287332,0.6268793767064229,0.9553347039450246,0.9717220282984984,0.9525964813592027,0.9629825767328488,0.9633656841284131,0.9447925544014082,0.9464826314962309,0.943028919099038,0.9640969770119041,0.802757640611327,0.9403906227608096,0.9590587603111591
cg19552441,0.9783764501858025,0.9664484848484849,0.9727031022559741,0.9743959900059225,0.889319650323071,0.9780850203763026,0.7381333633808469,0.9883169987667944,0.9905685035836349,0.9883937823834197,0.9878066083477917,0.9831319604988479,0.9887154752696,0.9707920517153437,0.9793923193772835,0.9836462592693653,0.893189770859435,0.97683954717473,0.9781770198944377
cg08768385,0.541860629682557,0.4383164206120859,0.39363180374149237,0.5795032059944067,0.5719792971434012,0.5760594573268498,0.2590140308835015,0.517733469147017,0.6755238965988197,0.5098584069600056,0.6533928663805901,0.6437802969487604,0.39347304646386694,0.3949410209818759,0.44136615845976557,0.6507034836909511,0.38022793357627194,0.6102897618989744,0.6767564642029805
cg12443985,0.9323358934011609,0.9017338958203629,0.8963783536241141,0.9249177118483123,0.8738225930918775,0.9308682455970334,0.4761404272135181,0.6581134117005065,0.9531457797216565,0.7947345580092426,0.9454735799364042,0.9552860824661304,0.8066902645815223,0.8550786685010281,0.8640643980137395,0.9563447245907526,0.5451716968213429,0.9435164864361094,0.9564907209997603
cg02070906,0.954069655075926,0.9577636607172689,0.9513513770696472,0.9409648300017563,0.8483951990723085,0.9521854522311384,0.7449230744711752,0.9637377735012209,0.9564375201520338,0.9631840818596881,0.9732684150115629,0.9690949051957697,0.9234255947263273,0.9480346413765095,0.9538760566449817,0.9571917446284488,0.8513421415702352,0.9543725379868961,0.9585336528134933
cg08774868,0.9425360613052431,0.9472460665551711,0.9447449437143258,0.8186859844736407,0.7513347577362981,0.8453831627055417,0.5755610982701609,0.9347398668087311,0.9525651486296405,0.9257956206530837,0.9281502990723894,0.9570540185189633,0.8573827924040743,0.8797263651519163,0.9280163789718483,0.8835504144168906,0.7336759084436367,0.8519633552066643,0.798914703046616
cg07448824,0.9229371587907802,0.9169032334664032,0.9029348952963926,0.9285208321527376,0.9079075646731383,0.9124261733703153,0.5890069754406774,0.9101601467851075,0.9341517427871591,0.9287426492952515,0.9046935280499613,0.9251748772173143,0.9455442522618849,0.8947652284434608,0.9111508085670621,0.9316366846448034,0.7368765926238047,0.8883220226972862,0.9209576107401227
cg16575998,0.9627396644010313,0.9635881986180572,0.8166891322896541,0.9627346211469712,0.9431229767250818,0.9692888345387549,0.40788917758146104,0.9727538287229168,0.9793837173987778,0.9794645708222085,0.9827313844745633,0.9814043309296869,0.9843400185593947,0.5974741797139618,0.8119838265729451,0.9767353455817911,0.48622381813171306,0.9685933206537898,0.969624107375272
cg12983285,0.3145944882064289,0.10985185526139707,0.34514808364628385,0.06492393338277724,0.30793708848041723,0.19672970996950573,0.6252786526307489,0.0708976510803293,0.057500115837612026,0.033092055985760045,0.014086218228914711,0.16456065323202987,0.06485164051623449,0.0815018797845789,0.09079787456428551,0.0385708255834936,0.2881761801993902,0.05217022056953036,0.025192804853805952
cg00629585,0.14308541019395407,0.18145583887207267,0.20458939783201774,0.1343626512882216,0.1493789995098165,0.1310470906037464,0.6725803325364456,0.1245811891962989,0.05607257816259126,0.20174015470567003,0.05386013287074909,0.046353768050163335,0.09628698518825851,0.17772508049448715,0.1003735790939464,0.05200322981785052,0.5172385526048906,0.06515041042484881,0.06045191792998994
cg15391601,0.1494143685192018,0.1297494412422068,0.18000609406343082,0.09550661901894392,0.14285714285714285,0.10065334521293419,0.31703984793577744,0.0503084304318026,0.03346504766526097,0.07505518763796909,0.18796516800547916,0.06048260826103456,0.04977500229589494,0.11838090601185436,0.041762646004932756,0.023181051470938588,0.16431242531506485,0.048770997627988893,0.054991443240159726
cg11598872,0.6009072715789138,0.26300377412028403,0.3578428553813128,0.7117730359850252,0.3827483647241423,0.7237688113137124,0.852121641050844,0.17855454273951354,0.6420477447130346,0.19666531759787959,0.14820968634396306,0.3843270908627482,0.0738895725473393,0.3469051072305409,0.17904820753544998,0.5394922241160658,0.7358931871150654,0.5954726291642305,0.623260063979869
cg25020550,0.396474253159805,0.25787078761114546,0.2931974093144596,0.4675801009861331,0.6482850633924525,0.49658948258834845,0.8441625208526214,0.15657348163193988,0.24925972198942803,0.23072309868065422,0.5069610863566318,0.17468948803447296,0.2870752781066979,0.42170920797227607,0.10429882631243814,0.1783941612345106,0.7363651756843139,0.2805788780911378,0.21381004679155902
cg09958065,0.5306311160949919,0.43871224940460885,0.4752569282867547,0.566981916402262,0.6079008954385661,0.3328748743832374,0.8611589674389419,0.31122626859177444,0.493306498266736,0.42839284874419925,0.3053363385205867,0.37191297462918455,0.3307672956432365,0.5183072329542382,0.33738147340617397,0.5019116365381501,0.6818009937401377,0.07945328590888573,0.25312351885003226
cg26800893,0.03637948450991278,0.04382377463962095,0.044919627992306796,0.22175397802706834,0.1766448424866816,0.11372855655688247,0.4753035105412716,0.013154191738336119,0.312071369829546,0.060338031428229355,0.07348229705374382,0.009146130928385468,0.025020419230824778,0.06221546557240376,0.017404992435111614,0.10522235328560432,0.27945404139974267,0.04762431160267894,0.09632311419034945
cg14692854,0.09128580179290252,0.13283143823474197,0.14410563270406668,0.07367805141790806,0.046432791573549424,0.10569711437526036,0.2796966870825154,0.06736684074934252,0.07520015421096239,0.04083230326996212,0.04073378209640016,0.03475867083623835,0.027241142405328368,0.04737201308007344,0.07255213612498035,0.06419749166096239,0.19971586529959262,0.07374646359388703,0.04178247967030635
cg21251385,0.12737331046616762,0.046030787805614246,0.055183059434805094,0.12843743003552593,0.1711527751995545,0.1535773686424607,0.35618947934427436,0.012132604237867396,0.09831847864075594,0.02694043978447648,0.05532041121541325,0.06108689020717943,0.020496535796766743,0.08789651040460723,0.021170918139824524,0.11759330929236642,0.19070909625989393,0.09484421635253107,0.09934017595307917
cg21645848,0.11035333902475719,0.10916548868523057,0.13018144279849897,0.08167102287929073,0.06868759788117584,0.09291373846491785,0.27565400704148935,0.07729665160881927,0.06366677808901805,0.10369592555519358,0.10433359914719703,0.07405134918201184,0.1429497265538232,0.12304202714327467,0.07117415142302014,0.05211047317001977,0.20906516301118572,0.07698388762376979,0.05537509163407783
cg22236626,0.35257605025592215,0.16743074276485098,0.24467823964000157,0.23804613654796955,0.15758435986823469,0.24425618143270839,0.4809406560623316,0.08228593971678999,0.06455193101803357,0.06346470662106163,0.05074773833077334,0.10746189016271152,0.050790759771944916,0.10182520262700173,0.08265991172070958,0.06752711357523344,0.37408645413385844,0.0847567571595853,0.06727764898950706
cg25414605,0.6265970812071301,0.5000177399216101,0.41427073558187205,0.5448072033163969,0.36019223437418846,0.5517512466925197,0.7992824919960058,0.4247526940405058,0.406934087934853,0.6506282039668851,0.6980498351020004,0.4952359808397595,0.5070949409909593,0.6824482737677605,0.26867000215920994,0.4051765528303668,0.6950413449848118,0.3912689789764188,0.38989850930301284
cg19924948,0.05447535847956593,0.06355135807000478,0.11481198785930496,0.05514721195569206,0.13926070203789642,0.05168429680555155,0.2830050079427724,0.01737667760383069,0.023296623791539614,0.012423727119747032,0.04238579371786,0.031018309584062802,0.011746443184611535,0.038140289316110465,0.019768261338248036,0.009986145743338256,0.20112830586153682,0.03739710260014674,0.041149401207724916
cg17894779,0.49476842119732667,0.36361719396439623,0.5580541138844924,0.9016412588911672,0.7810577159843487,0.916184801445229,0.7136496679508624,0.059962000012367844,0.9135091321356299,0.38798574984448786,0.3011727300023812,0.5553946864414634,0.3168731428114192,0.5451850886292045,0.4679206428547089,0.9110129277836054,0.6729596893225362,0.9063205839738417,0.9010403972922845
cg15009294,0.9584797551088422,0.42388525842962305,0.6269574524616242,0.9563034016534839,0.9649139660019233,0.9632621747527819,0.9642883960114551,0.10933716719496356,0.9819219206643566,0.5084145584902151,0.9647165709634271,0.9682398123599413,0.8218354494779037,0.8664409830594366,0.29331311852566455,0.9756622631864336,0.9656666932436878,0.9652218211394157,0.968222855416637
cg13745692,0.8116330202392537,0.4664133296249437,0.7871059642543372,0.9137206406084355,0.8625057130979641,0.917000684160672,0.9208096781479874,0.22184411663764408,0.9321958189298816,0.6497312272876887,0.9239914685881682,0.8328946739314178,0.701921390613622,0.9300007126553015,0.8717323173645684,0.9218158270893171,0.9333567600608316,0.9178424657071023,0.9339565828480927
cg07728865,0.9602590916706599,0.23089737760241172,0.4813400876411007,0.9455450684661302,0.8918001471030708,0.9472909424842255,0.8373154043149996,0.0652962745768928,0.9433421042243091,0.3253046438264159,0.8921872420337976,0.9687935103266547,0.4327178589187738,0.7631550199093025,0.2550528107666711,0.9380089296593286,0.8178050396447571,0.9166689334612363,0.9507386253476129
cg01364581,0.8462062172696925,0.4679666510550822,0.6189999930655407,0.8516949872618772,0.540174029052985,0.8713855234823071,0.799156822041473,0.2956119551940812,0.8080388568590531,0.6078591696029733,0.6966958197822125,0.9090481539391206,0.8183791264190827,0.6656695468832086,0.6475089517419887,0.9045065618898627,0.8809438194882628,0.8756576784966241,0.8983674573617192
cg07338715,0.8010428809280634,0.47975151380558156,0.710072835506858,0.6507023204252614,0.5997109182313987,0.5815527628548097,0.8081675768648484,0.21817339206576783,0.4555063272777139,0.5167351173604462,0.9283501366567303,0.5679512389271304,0.5377564325835454,0.6636884377673793,0.41999249123755267,0.34434005162309245,0.7017629553026359,0.3396600203982898,0.4316527723941712
cg22715764,0.9419670676076322,0.4347238521093747,0.6860287470557396,0.8814544386048376,0.8563588188472037,0.544621777666212,0.9279784693628997,0.2051744657295725,0.9443157106172198,0.907592758663761,0.9465029759510653,0.9460488250364434,0.9019708015586151,0.5538211836163163,0.3868720909363128,0.8723228526321689,0.8943939152109672,0.5527039572914721,0.8862641563777169
cg23796243,0.7563136997028692,0.26316619396734253,0.4041403086994617,0.7772861147220921,0.7893547131996239,0.7617183827225115,0.6131152591799254,0.0760243223138023,0.5659797235720285,0.23696985357787204,0.6103835285970494,0.7346398734168202,0.16702978096125828,0.3435397737675586,0.168316591068044,0.5284798641052737,0.5454346660167564,0.6113641256757534,0.7215951657649865
cg01124420,0.6740807492433495,0.2563640026758743,0.5868176147884057,0.639405411710265,0.5356205387265986,0.6950393528410056,0.6307489140356786,0.06028421921978444,0.6310280458600449,0.13825849146027358,0.43596346042849554,0.6806664411458472,0.2412415997321701,0.2599719709499234,0.41411522409120255,0.638525163257079,0.622646094446062,0.647723581112407,0.6314382958308353
cg16030869,0.9167121653305385,0.24866762839796241,0.4484016046187472,0.9297598882215703,0.9127593830035681,0.9453220341824488,0.6480301410437006,0.04350273937461857,0.9622162207922074,0.2198806867870311,0.714237120208851,0.9357575333659451,0.12140865702028159,0.2804250310928113,0.26293562261509335,0.8996307500352383,0.5774651146965584,0.935042075445908,0.955162528972809
cg07355157,0.7581134336914568,0.2646759142117253,0.42273526522957233,0.7327724144707373,0.7526755173246896,0.735597296896318,0.550716242848417,0.12435840596215209,0.361046087183556,0.40757479424384246,0.8994282342794837,0.7904308281982348,0.23020961258381517,0.654022776257326,0.393331439170188,0.3263702911609005,0.5542932359495496,0.6037547143201547,0.6326333216708854
cg13390570,0.9316110611246616,0.2664410210305719,0.31369579891881394,0.8933680057063271,0.8272887679349167,0.9191155962946513,0.7904235834606057,0.07291977129231153,0.8738648383044576,0.1790281359723584,0.8195858899588753,0.9310396639330432,0.40084113495823626,0.26590165216061756,0.12604424894961752,0.8687106662752935,0.7447579501460118,0.8766489486632005,0.8939653873521985
cg21288716,0.9364779142532978,0.8339796305240684,0.9108674523881061,0.9323303005718828,0.9010050508967313,0.9385520636908591,0.9424023407482492,0.6961490076125574,0.9143130041047398,0.8266015604520609,0.9535632062570012,0.9502550149228085,0.8704191310517326,0.9068386954466007,0.8487165129317207,0.9469324537117757,0.9168108356289844,0.9092467727573985,0.9354079465898852
cg04073934,0.9049009936316124,0.6483588384996046,0.8386262896222476,0.9242198005912832,0.8936800921202479,0.9299767589222735,0.9259778238483896,0.5107269359379814,0.9440377120037913,0.62586299435289,0.9379081224884123,0.9439558626390578,0.8528129040988146,0.8346838280575621,0.696982492411914,0.9596568567706939,0.9459019801728943,0.9160841856777873,0.938608573484552
cg16836311,0.6516683573552752,0.18481507006662073,0.21320374982352563,0.6113889689835703,0.5823284676680065,0.6056413636764013,0.7248509356942492,0.06596392088676374,0.4991216129560753,0.1999770931164815,0.8319513594214516,0.6326708118386177,0.3401136283930701,0.7266733476045799,0.20661676038612237,0.5156439041754697,0.7436503992734922,0.5220380366989035,0.5465544871794872
cg07229767,0.9272454979613022,0.48630472281319354,0.7202946380818628,0.9127010880648089,0.9058461619089505,0.9270694723651098,0.8955769649399763,0.31365984422253995,0.9501758063817143,0.39716293159732907,0.9476604921228245,0.9310915946707218,0.7883692558615347,0.6681341526274285,0.48520866414493374,0.9317507930920048,0.9552089935563401,0.913922627252989,0.9102628101721564
cg00722350,0.8510215660165843,0.6513491267927628,0.7288992397421816,0.8339531680700611,0.8853935312997768,0.8379093037197287,0.8450648231867917,0.4752733765847651,0.8552999130477649,0.6212952554022924,0.8236860821882527,0.8563123061102775,0.6769980096417438,0.8273217379829281,0.6144800536543757,0.8465664294437611,0.848257380562274,0.8238643807040629,0.8569357252619287
cg13909826,0.9584963577276211,0.42158695236937777,0.6307798242641094,0.9480615528546195,0.8787813771009262,0.9600161561268155,0.9582225456886209,0.23821733637158804,0.944986501181164,0.46615130343071565,0.9451624084326915,0.967589166578793,0.41669003033022434,0.5374684307122144,0.3455377983935418,0.9726984153304414,0.9496795278503516,0.9529133978952413,0.956784176232929
cg18734095,0.8426995480306225,0.16369799573638977,0.348710081739405,0.7367376533998885,0.8410119998342457,0.7894580305457699,0.8336993012337158,0.014262185414769488,0.7498626743619314,0.1410639334465167,0.875556435082776,0.8385290028376711,0.35321738698448624,0.25186439666723576,0.10477457209383961,0.7846167424058951,0.7937063383056638,0.7290015137081045,0.6706823441681403
cg21626540,0.5817888839176836,0.2199038991114143,0.11558301483417621,0.5698747321795397,0.8339998897920482,0.6110901734833183,0.65008390021926,0.042768742371260715,0.8910191528132129,0.27323021043052675,0.6676602123122474,0.5224407368001883,0.31176706377718144,0.5896186293306964,0.09491154928710016,0.14281812141815303,0.7212520642724661,0.6184030604561521,0.5679782724187306
cg18700420,0.9209065372079632,0.15538271069382228,0.2674162584952149,0.9242885796513376,0.6945794395110928,0.9283650134922969,0.9008328162993492,0.04866475455370001,0.9033060591141513,0.24636404765274617,0.8022741083910508,0.9413571677818757,0.21171145092584637,0.5588514237571125,0.18531546990996492,0.9596290930752285,0.9250694899507796,0.9336219144069726,0.9474448610674531
cg22102703,0.6750706900977741,0.27076163847760476,0.35581068231010465,0.697899270760499,0.7865796109365791,0.7341698851660277,0.6161487816792404,0.18599361551052848,0.5216809930729541,0.35233192159740423,0.37644618233799243,0.5555960844299945,0.254768826757529,0.41927632895553807,0.23797186162105172,0.5593822618265998,0.5316513079038805,0.5702268633290539,0.5817900787830818
cg12929678,0.5358129545520387,0.11281482252304753,0.30723034343265576,0.4190227043604772,0.6408763076405005,0.6998031056128484,0.6861900893367321,0.01767220779666655,0.7317755511092773,0.06392395312588761,0.4000841816649727,0.5995387885331169,0.11944719332040876,0.3899117459859675,0.30553092747795185,0.6678304693632516,0.8600021216290784,0.7547874632022396,0.3972386818738711
cg16414852,0.8183943410643895,0.2614817873288567,0.27801012820609305,0.7328304025783592,0.7062129635790837,0.766531753921208,0.5084332790048078,0.041930383110242,0.9104108487500457,0.18960645765342227,0.9057851792404884,0.8875084710607707,0.18208736932325315,0.34632016160541107,0.11213714999836272,0.871611489918998,0.4059125080720259,0.7855920629099018,0.7625130767141735
cg26848442,0.8399032705567788,0.11690298132196453,0.3913263942655797,0.7812923331738892,0.8527373028670265,0.900092886859283,0.8455839277297981,0.02645480464024319,0.870441862805305,0.08824733541510088,0.5642621027907113,0.8699564580195523,0.22617036854197703,0.494229223979142,0.3722940250360105,0.8884526741948578,0.9234314121995081,0.9144117146633282,0.8186307711906184
cg25223700,0.9352964525293488,0.3706244250013706,0.500721778641968,0.923189373799448,0.842362968887212,0.9350370487632085,0.896048389539642,0.19020469164983972,0.9503451253366638,0.5167227496545527,0.9445818116750294,0.9588374892631357,0.40698924177880247,0.5236449401891679,0.23128550386026914,0.966573736693062,0.9081697067018568,0.9372120112464577,0.9448271819766677
cg04116354,0.946497334994026,0.351311324403604,0.46026778376277494,0.9405258473679934,0.7303561144921268,0.9356698218758535,0.9516609775841598,0.087505132399876,0.9399158341855871,0.7216693572548883,0.8581225196232984,0.9683048372246967,0.6048965517966821,0.9097274541322886,0.22216855840218971,0.9589755069953039,0.9416717004492007,0.9208167469023597,0.9455727762933412
cg15831212,0.9301297066111324,0.35994616163701476,0.4742512325735512,0.9328433454877052,0.9360997681316838,0.9465660031595671,0.9112528396900232,0.19832335714951274,0.9766209468404626,0.4840208926601227,0.9696174009724863,0.9499921435172236,0.8756288962180555,0.9640876225414509,0.24974880961046683,0.9651497858396315,0.9186928158114143,0.9612781938565509,0.960990968063273
cg08569786,0.5727647352647353,0.20495120209473935,0.4562224365401003,0.5654845730507362,0.4683688404618637,0.5400241900980745,0.5207566120878815,0.10164424514200299,0.5117028895897704,0.22971090212469522,0.4426310177620821,0.5984606499836198,0.19464763603925067,0.16943857955802216,0.2959361957661287,0.5581841823291456,0.5487078335099798,0.5371151910619147,0.5299897178110362
cg02963266,0.8488969694240555,0.2755003450655625,0.28107269031880244,0.8341111647546574,0.7244811263502853,0.8459460828683125,0.8575774794256535,0.09159347553324969,0.856928337454469,0.274963435713336,0.8717759190276498,0.8704694623887599,0.46946474887998113,0.4583626752696376,0.11940023009118281,0.8120709820373864,0.8719437230282048,0.8601557760949903,0.8461239808463829
cg19620333,0.8314594893405722,0.14167936227526856,0.2877825872134564,0.7734610636871588,0.6749671783670499,0.777976689960239,0.7001034204525998,0.06001766009719556,0.6326387283761322,0.26971118727666443,0.5377696647829757,0.7826845851168731,0.1401160990719712,0.43387582676310127,0.1658110884308876,0.58393572409089,0.7021550595875538,0.6813473458321251,0.7536238889336836
cg19668724,0.9646198096969169,0.8892052094887414,0.9393821707526679,0.9626339717986345,0.8798777056995707,0.9611485930708225,0.9689623623256383,0.7438743575549747,0.977138228133698,0.9083235291712126,0.9709530603584045,0.9745118190016324,0.9274489949524384,0.9732155795696061,0.9403031104870899,0.9725689634871479,0.9667075661023403,0.9609971434636886,0.9674092637524416
cg02836135,0.8589952896839332,0.2972072147377999,0.5801313100386469,0.9028028545651896,0.6840534020466578,0.9228375561117645,0.8339431579466963,0.13985215437374232,0.9241038387319385,0.2812144410943305,0.4747894206975898,0.889644520850498,0.7628794550892529,0.39888661293291416,0.33875172743895776,0.9379605081652842,0.8949616161224988,0.9142915132037002,0.8986071512753557
cg04887735,0.9430692761937307,0.6017608344853594,0.7347363150941321,0.9295482400932435,0.9408184484891537,0.9257733612874628,0.9244637258571761,0.43220317709802375,0.948729281297815,0.9282650701771131,0.940035839313691,0.9307832551492847,0.9589995193641269,0.945044406632124,0.6902479712942282,0.953691388765322,0.9384844246269872,0.9354954154571096,0.9403746855780926
cg16192197,0.9043172048523409,0.13775365120633687,0.29535849383197843,0.573300204606127,0.8198189461475347,0.6962362870816448,0.8112835377022787,0.043693877678408044,0.789736309401549,0.44053330514541733,0.8732185768877274,0.9360692479586528,0.57538198880663,0.5613817795752278,0.17815622030769723,0.7318369324528842,0.7879863827541891,0.6583901023523189,0.5437448415697823
cg05897169,0.93741108402625,0.18216039797106762,0.2549417386652274,0.9372200729652838,0.9177218320235906,0.9405773578773712,0.8173387957495142,0.055933536852522336,0.9628913496056055,0.3432325728487716,0.9677898284760962,0.9675512022917506,0.16295757988548598,0.46500746050221403,0.17293922434988424,0.9651119231597085,0.8983387121298216,0.9630291227800714,0.9673147482745341
cg17282688,0.8401106293463119,0.23613152473758656,0.42464413497509346,0.7986913029194334,0.6359093205371641,0.8169095914087438,0.8081071631328971,0.06523297968920483,0.7396743851448015,0.12967971772074205,0.6876695852768363,0.8565494172054041,0.142713758242637,0.1588423158445764,0.18644575105962063,0.7942074328225082,0.7707020582098794,0.7906390014597551,0.7982233235433471
cg18022012,0.17430516081917158,0.1586116188196934,0.18323906682709562,0.25415895274811195,0.3894931735449235,0.3709080102034733,0.269455765135653,0.026875388198406618,0.13830173591296713,0.1990582471302004,0.2746622111850416,0.0609354927329368,0.21105394969661134,0.2106652046155577,0.048790629840390065,0.13809847186502314,0.10151094622353696,0.15873071188587895,0.09806293305360936
cg00034769,0.6881978657075841,0.16045828602949308,0.20515268054196045,0.6460178583180213,0.5548968015788119,0.6622678347585091,0.7155746707221022,0.04751489117266805,0.5150886778141937,0.10105761874857977,0.7700703195230558,0.6325713168879501,0.1429168573740961,0.10793798344940786,0.07463703181024434,0.5238115228271931,0.6695145142926422,0.504293140519656,0.5732322556776415
cg05394244,0.6198975665963116,0.17534875870171007,0.33724446883331327,0.49710219197709615,0.5484814852009553,0.34786803601766303,0.5917345668798417,0.10092524239430278,0.4804928402662715,0.5461518534115629,0.8813845916963328,0.688984924960838,0.5407493451168538,0.6526811920016818,0.26261419360495386,0.1781874730179301,0.6873039243307338,0.3834323896434788,0.5813215147844152
cg07970799,0.9128903323870678,0.19761615548132402,0.5491060719997691,0.9111355761007767,0.8185114503816794,0.9212448325233891,0.781625236435154,0.0837566596456449,0.9192295787821014,0.25197375736684086,0.9334364979531202,0.9433313967217523,0.433825840930525,0.5791570577412449,0.35174013999192355,0.9128432313838757,0.7793607195503809,0.9059994856002427,0.924964605946201
cg18956355,0.8383227572796641,0.8096432132270333,0.8307399833194247,0.8459221521322704,0.8598081473174782,0.8577363053683931,0.8792435985411442,0.6690448680772443,0.8996262275086033,0.7234247033200368,0.9021561153366182,0.8868349574134473,0.7410075934123985,0.7952080777029444,0.7867063152585118,0.8806489074665266,0.8793975125303393,0.8685442433725183,0.8856862009838931
cg07056138,0.19313984269564138,0.325696936578263,0.2117868548298884,0.06219516284755718,0.17479326023462832,0.06274455434355564,0.05713884116660828,0.6194179061920897,0.11095149377577207,0.3959216059887791,0.31160412525166326,0.20501518754862497,0.397975632075994,0.17966345222175595,0.38909323342015945,0.04666913215530161,0.0467997025125893,0.053871754839763364,0.049657858095301544
cg18951718,0.19333412819373608,0.4373084420246417,0.3709632337174037,0.2712182509295137,0.2075520991616705,0.30695662193232176,0.193161440423393,0.7763638222785085,0.5026031441899823,0.5786310364758397,0.015209942543596856,0.3667425321324706,0.38283963707260715,0.28390165085094177,0.597308369668837,0.36616188260602867,0.33805172128632277,0.5287900547408857,0.4851034644166724
cg04282607,0.19934258296887092,0.4429963764697674,0.3521464275667717,0.3307774021251042,0.3380763708581782,0.38593209817550744,0.3862942332028659,0.6973973034436786,0.3457478696557402,0.4830667781194198,0.17640238966809807,0.3307135643946816,0.4373810643453355,0.4462487120714935,0.5393602363464651,0.4203828455836557,0.4911030025380002,0.445975666644485,0.4103379539236467
cg06811300,0.10633135529612242,0.2657725644416203,0.11445153694989196,0.07172785612219268,0.11821196533220257,0.07223063438169341,0.08004774562238853,0.48545360665377424,0.03759045650202092,0.14916361336008133,0.06000606803983222,0.10336388875930907,0.0997816342944845,0.034065902207307805,0.20521470856534835,0.04463577217994291,0.060793340573582766,0.057112655710727045,0.05895022758582291
cg06679494,0.20951501821332447,0.1602926709296606,0.07220221778398213,0.060072479700900655,0.058569007047907934,0.0814901204497096,0.046904213911891174,0.42568039078855546,0.024623864245493756,0.25801970194493556,0.09376288113175635,0.20474150798764112,0.2696361258558351,0.02365548521980719,0.05380210859755384,0.025099440169158445,0.030978603844258316,0.06093129180256239,0.04817728417913517
cg27110054,0.18798296954585964,0.5847036825298458,0.3978921014386538,0.21662747678172795,0.16032827581098394,0.21927095453777168,0.09573950329303499,0.7623639160520598,0.13841630490508136,0.49096181889903867,0.24305340486114768,0.20780241022953966,0.44936507965869704,0.22010043113281116,0.30921299418215575,0.1385080450260302,0.08963590457434195,0.18994597083554793,0.16256021744849874
cg21268578,0.09475889705272283,0.5332590989428505,0.3082242605400132,0.04019202515271203,0.2592359353282211,0.03860743476947178,0.03272252440451032,0.7242400302728507,0.012473898063288746,0.20842385823345844,0.015896332484166976,0.13596791416337575,0.069972111548258,0.019730323677363902,0.15565676294897413,0.00799948559632684,0.025630390079279128,0.02226427318225864,0.022732273360948595
cg01300291,0.10343275128613283,0.4965643138880115,0.31909088868219504,0.08875167909223736,0.10019215797943548,0.08155890514073705,0.11650008096568987,0.6606840193368342,0.05227517712868618,0.4623010335836899,0.16172709618369557,0.08082709255542214,0.2106492543292262,0.322465044328863,0.39105181200707717,0.03475734793747465,0.11120452868008338,0.06028739134814254,0.05545856846147401
cg25655096,0.0374091641705659,0.3799993279474654,0.21671317414956162,0.09015343664918807,0.051470548703150154,0.17337712236298158,0.09650309473742807,0.7923221797615119,0.10442270037595286,0.6956779003838913,0.01761020820454992,0.018563176336112854,0.44848629558088815,0.2564492116128015,0.3857487852316551,0.08386057034261901,0.18070873217738193,0.3870128892732651,0.25709933197706847
cg07830557,0.2547636834108769,0.4393882027742503,0.334678759040312,0.051789385110317256,0.3893418579226251,0.03970564172344062,0.07405932396633208,0.6480206935687801,0.036639944857778495,0.45829164045327436,0.19768199735332392,0.27310757963269316,0.419484154011165,0.29936650417907873,0.4277187975516374,0.014066629780777773,0.063434781362665,0.03137990050207765,0.0368765843330957
cg02767093,0.23592696870561794,0.4608965882166772,0.22888305972312464,0.21144845776550597,0.44304724980499605,0.3113924853076037,0.03911333731395628,0.6207281004275396,0.0274247833553196,0.2500310541055067,0.06973356230369632,0.2557950599938408,0.14152337053578612,0.07358685058718606,0.2922734045548912,0.325546684614667,0.025448146169811857,0.24900454655572324,0.17282778152667877
cg23721083,0.029033117143683892,0.22743562038052267,0.2373720707795618,0.03182834165461494,0.06987410856514642,0.029958628382169436,0.0752543587379857,0.39749853481982494,0.0157316714835884,0.11842007017923784,0.012156352178244584,0.012883348553259004,0.04855947762670165,0.05441817572955021,0.33236946961868363,0.02038129567431618,0.13470707517633146,0.023847436423201078,0.022873138222772576
cg03393040,0.4425176258204762,0.5568396799793867,0.5343420005578727,0.39807748195777615,0.2348020952666255,0.35851240670440854,0.42662384883088594,0.770828927714107,0.452472086967882,0.685631240256846,0.5110834753773531,0.6213674976020276,0.5619384378528067,0.4709228501710943,0.6365903110503668,0.40718247375476313,0.5369685021291871,0.4258331914542964,0.46029090838514614
cg21506299,0.044591567812318184,0.3355804524551502,0.299619713741733,0.04875680694658078,0.07190922820382528,0.05100451782146431,0.05007666743871997,0.4727800765846334,0.027697977956114554,0.15395816908841897,0.025103841972177868,0.02273497187071704,0.12905277188955144,0.07521203292872297,0.3834570111942156,0.026774608625517882,0.03940840272260923,0.034811073799067574,0.03621172649912807
cg01487683,0.043481956944995376,0.1409576038080157,0.13810595478887155,0.05652614610231792,0.040077776618599556,0.046568721285539495,0.07385370157522853,0.3054870981270581,0.046395439184353515,0.2098512126626611,0.025473153443894045,0.0355177073528278,0.138052576198179,0.14807630782838732,0.22894860713618564,0.02083599318631963,0.1190434471053464,0.04561404532397356,0.06466354894618997
cg05925497,0.3735387771618451,0.36316173421698383,0.4029292952353308,0.14693470416753945,0.043687218681546534,0.11862494984313937,0.26269521311393773,0.6215853913276368,0.014715007680205627,0.3300590466117102,0.26495068890758955,0.48068681285837866,0.3078974263765155,0.24263845434054304,0.45946735975292036,0.08876777743335046,0.3194933517139209,0.33055816705026325,0.30396931917584114
cg11519176,0.3486513713488878,0.7209674796501345,0.6983692087173055,0.21041079726448736,0.3659597764024435,0.2496264089307243,0.28105361117320815,0.8732908319751346,0.137821556023223,0.5601049288091946,0.18853610524910233,0.44568414251334076,0.5791725460083808,0.35864640466536335,0.7942484577369238,0.29703712274942207,0.3180609581193015,0.16337008590113808,0.11270960765420261
cg23729443,0.1921590066000742,0.38169242796917646,0.3735588044167497,0.09637725874228364,0.16578194757970488,0.10499854737846909,0.19413272484815464,0.5549820842960307,0.046683238650982284,0.3410639666876554,0.09916142357881241,0.205593516197404,0.3409667116473165,0.2182839099031177,0.4287775450003861,0.08314303522517952,0.20895668302761103,0.0693381400052066,0.04489487072513376
cg25252598,0.06403615312680572,0.15608851244801392,0.12185421171248656,0.04293424233829319,0.04656408734117837,0.039837377609844876,0.12687288477561426,0.30311184435527216,0.04428616671687636,0.1443225528334534,0.05831493538924176,0.06493989201773315,0.05692067466413264,0.08067188280529791,0.11570790369344841,0.023682383493601196,0.1257286041180795,0.032022552679839084,0.030227084068122856
cg24251035,0.2778015710927199,0.33362304258128683,0.26530464379499863,0.20521462509004268,0.14285449756529667,0.20754373737344203,0.3470340653152551,0.5161445434214318,0.18014695636021533,0.3943457819240668,0.18427758556043639,0.30394383264838654,0.28653388066901536,0.27571488620757545,0.3894328410951931,0.17770924284317352,0.3828975005060262,0.23712709318262304,0.22875390879388643
cg12261095,0.30647631593733893,0.5408944091485457,0.5384300700106297,0.21519994114381424,0.35568696331516736,0.3840920199331542,0.5148717355644258,0.7409117266859055,0.4856809110029897,0.5200290862432669,0.5579380990217583,0.267211297704699,0.29823136394149985,0.37707440294172245,0.6636520795841474,0.45217316777556454,0.6771306329071269,0.3805263591355542,0.1733668947754553
cg05209483,0.037157995676864244,0.45860682413084686,0.4605951578950194,0.043949541110901706,0.22193963739796033,0.03697876927410479,0.32762730305046206,0.6117168545854661,0.012406131015364839,0.1355040738399692,0.008695657694286058,0.004223206618004719,0.045693731276681415,0.060268159522110676,0.4852948147265406,0.013573703285414945,0.4063476184413385,0.02565791850087342,0.026829554406733003
cg04065472,0.06435482284994848,0.5038874145528666,0.4883132982624528,0.03695071988486652,0.39178701204226385,0.07776545280160779,0.3152784313860456,0.6381054873283762,0.08957458775691193,0.591921416056955,0.01787775190703105,0.051379679490817454,0.5638820322346562,0.5087192880910794,0.4994812716216882,0.030694330164141536,0.1700549753526243,0.052243344265828884,0.022670017824545925
cg00446900,0.18278616926594782,0.22523608160768788,0.22493422952834066,0.0347524178710724,0.10476647817365514,0.028011128839333117,0.13640516733442254,0.3013071198087757,0.02149116246350426,0.17395372600912845,0.12134109089212188,0.2227571670054836,0.11235321695124556,0.13740806643401093,0.24259807028287256,0.01117937852431338,0.1599040908367489,0.022947015801471234,0.02087344857250115
cg20430631,0.04050175856331222,0.48809880923353666,0.5413293489948949,0.05169952349928821,0.5918008979227478,0.0396942217107856,0.6219050380135694,0.8264825284610471,0.3945389788349266,0.632412498504924,0.37211333114261763,0.02910240901404946,0.07793688565468582,0.6245194661464938,0.6953948783423209,0.07196442894633803,0.6912870998475392,0.032996946184022186,0.037263032937747506
cg27244120,0.17980812497474385,0.2931387248890961,0.29426858169708564,0.04175834872160637,0.06916522969459149,0.03950040397517533,0.05120953886295425,0.39902905890513485,0.02571792531561709,0.05981975016336871,0.038438790953870816,0.19333452837637538,0.04792433990395295,0.028901081506324814,0.3173792569374622,0.019344243344721214,0.07308460198799471,0.030774350441464544,0.027506691710150265
cg03625952,0.21260977977938122,0.4290505793742009,0.4240005069738957,0.19205458243792795,0.21351124420587228,0.2050632491158565,0.37551185944339116,0.5561122950055066,0.26565241234374565,0.4230762631630439,0.2796769767997712,0.29938605742386215,0.31494528106255504,0.34475474245036886,0.48109899206026663,0.21588599413377207,0.3666398221969346,0.17289322288823872,0.15174691481952002
cg20655792,0.3776447379896785,0.5326181698303748,0.5356852905251213,0.25839980857990696,0.22184328869013617,0.19773850358442324,0.4176535179074238,0.726570838915552,0.32083199690422565,0.4041570457378497,0.1085669773720363,0.5441797615825945,0.3167087466058167,0.146375605162753,0.6069097450203886,0.2000294576020405,0.5392827009391434,0.2341980061205028,0.31026398121563725
cg07695771,0.0327707141344557,0.0904337449217234,0.11003618875366855,0.036332763333597945,0.03976078465365737,0.03564112808148399,0.08806687502700761,0.37783610988833394,0.020594904940791657,0.28048010025508746,0.08580719337195625,0.029133168321505386,0.2049357567312808,0.175822500391689,0.2763997338367442,0.02992559719861826,0.1637284920916955,0.038974949355043975,0.04122084687248574
cg26152923,0.07306064165318388,0.3587370051979306,0.35603523430122636,0.060373010096146415,0.09196079855511452,0.07665607021681292,0.12883020696787528,0.44893179317280985,0.08434208153169293,0.37411220288539804,0.03611060319882653,0.05608287942059409,0.33052509687349235,0.1965188147419793,0.4025411986612334,0.037338040169592746,0.08311399142818682,0.06139333297720728,0.05257982831696395
cg18114828,0.15777511246334674,0.40834084062389686,0.42193890687962093,0.1388086945970628,0.2029453411475854,0.29263466516447867,0.29547871287518174,0.5845823166684916,0.35528622707727875,0.3334933652271007,0.054778969332729355,0.34048437927605557,0.20549920841336466,0.29960494369549573,0.47419059018938725,0.24536883780429564,0.39164306299271534,0.388557137170041,0.18507644923442262
cg00724111,0.26887814105204644,0.2828438248384976,0.2743390258117474,0.12811899946568234,0.18812754358063494,0.06878090721815777,0.21087933789652968,0.4305179206012784,0.10658060091685129,0.19386620861646522,0.03566163011626827,0.2851952423009491,0.10915634535541563,0.08809358723574329,0.29913211553847274,0.017187501392022374,0.23145735384271504,0.04482509825462288,0.11997416504138907
cg11034978,0.11069813300764736,0.307182669275348,0.33030584057446144,0.04769798211287085,0.18810469017877474,0.044157372085401034,0.17093681244827214,0.4287323145825827,0.040896569436599486,0.21431079496310493,0.15965587862906716,0.1370542134244931,0.11737710008726798,0.14549235459753862,0.3567706571510352,0.029104378354506043,0.2092860602540093,0.03644956524632768,0.03669100258007802
cg05141059,0.410463444294199,0.47107286655384817,0.44594568808919743,0.23467174948870495,0.47400868238888266,0.1869789777653863,0.380407118020925,0.6475763378427695,0.3603432639585433,0.4267531056614571,0.20508003418026893,0.4080671639630913,0.1899826962367669,0.4456741063142354,0.5879807673529038,0.10006156883416034,0.38335862956868944,0.17369995823885587,0.1827283861562668
cg18879300,0.13958661567911507,0.420043559078343,0.40818997998444995,0.23870592472348384,0.31122537074777995,0.2911850844283438,0.3843042509066277,0.5906394269009259,0.30287418369511987,0.5098802731926937,0.09372522679014972,0.15319551783209523,0.46401922730385686,0.42344700522868495,0.537295328257622,0.1713454953478692,0.542085139612948,0.26219280337383516,0.19571831755380992
cg21956614,0.12855599267911177,0.1560164744123923,0.17441398270156627,0.04500185584696024,0.04795506540521064,0.06709132655832695,0.10108482463072865,0.3490168188248103,0.09903149644517992,0.28347855847495007,0.040652793182046454,0.2233921258501321,0.14298699559337547,0.16330826097866347,0.22696469749715759,0.061587199298981876,0.2125910382595444,0.1089625417379923,0.03969511311509514
cg03753385,0.3999035537550163,0.4013677012098895,0.37030061063643926,0.12406457632495826,0.3911571562589224,0.10530515315709724,0.10474232586814523,0.5368982804161501,0.14788025213801473,0.3918230830670926,0.27574924498474884,0.3397640932656736,0.4322099612287504,0.12915046287140863,0.44650175050198104,0.06542970560795902,0.08066649319462864,0.08569340018062108,0.11370159920332729
cg17769442,0.053796700736604045,0.13971026337338455,0.1837966079429021,0.059986023992740924,0.059652031049595045,0.060904353457160165,0.051096751514699744,0.28672108627249543,0.04272167628306505,0.18579299183870968,0.02823441263837892,0.034812900748577846,0.0749033860245556,0.03237500640282101,0.14815773738587304,0.03640978102832926,0.0359817478057015,0.04556942421563565,0.0433431383686399
cg26525025,0.2357211747224125,0.27992040647771005,0.2887780539409102,0.16152923909576225,0.11345526428711628,0.15583275171355215,0.20387119605595333,0.4201218453985588,0.08615016463104558,0.33715075755597623,0.3085189623698215,0.31032289381005695,0.20984476141933922,0.2607133094364443,0.3696819197174303,0.09606627047310959,0.2410185012985731,0.10641647773005936,0.08579082737041621
cg16837973,0.0859970363346248,0.626923649292804,0.4688020266222251,0.06837273517827036,0.5364786495927236,0.10846239118481371,0.2602692787917423,0.7713941588513935,0.4642808090793735,0.6714165000853274,0.07167288817985673,0.06607242269890162,0.6745843444961317,0.5629345542129164,0.6133596158182277,0.17235963615487987,0.2546537492060534,0.13127130260580697,0.056064290076795475
cg15079885,0.31773209250000495,0.506360495148879,0.4781112253156475,0.22494420876470378,0.27129645537511754,0.19568864003300096,0.41911943840126564,0.6422922282251412,0.335610420265119,0.5235861881114703,0.3997354201588557,0.40962359399751774,0.49964113868873017,0.46017183850912025,0.5718724978468943,0.26211456009849987,0.46468705143369327,0.19369202659183046,0.2362425381777655
cg22442732,0.4849005304866079,0.6084836209696929,0.6644012637783092,0.4373172094913932,0.43783367528547834,0.4257051954345081,0.5427898404683993,0.812626528422951,0.6019758970384981,0.5588124353359547,0.61497152003824,0.7258205360872955,0.45880096300653433,0.48453180731838874,0.7568693370734441,0.5562054076438596,0.7074911310211623,0.5530019126366426,0.5320652735397492
cg07785552,0.04739993159665065,0.797400407433428,0.6506505575741469,0.06720769064046817,0.3363496793658118,0.05732852086787336,0.09236179291683172,0.8642980530427732,0.024184300611559004,0.8208645300524403,0.021051607063470923,0.018544539225236877,0.7351527796449976,0.509512206652684,0.7561230384109385,0.017670696782390385,0.0658395563697523,0.0335887829494612,0.02870206271074572
cg16677162,0.02678395152133171,0.154654407209581,0.14825751545169058,0.04035049460029616,0.0818744838033797,0.11414636854134924,0.0809690591521513,0.2290197680358373,0.12214969181477388,0.06592198389139292,0.013135939743256225,0.014054998595570129,0.037713899690270614,0.026787027301968427,0.1694917469613052,0.09156423054269608,0.08179386140163492,0.06792816578059352,0.02331390172992207
cg02329886,0.952417836745351,0.9464064758616875,0.9396055555720495,0.9422473922363244,0.9157496036787082,0.938976650796221,0.936624484273103,0.9461768246745093,0.06939207301240496,0.9634844423060455,0.9696020894069349,0.9778608878281003,0.9527773890984755,0.9540069386191751,0.9661866900132379,0.932657793297092,0.955454728002711,0.9451477544901086,0.9555727193979243
cg11294011,0.9040028576076553,0.9001520527116067,0.9080276035654165,0.8997271406991889,0.9020852221214869,0.9022455487990076,0.8797824897400821,0.9233787214401108,0.17884933714777662,0.9316644113667117,0.9469495162158843,0.9324483881989836,0.8961230876216968,0.9226025244327609,0.9307252907143386,0.9080186480463475,0.9085246760733141,0.9254204833617968,0.9257920732441874
cg12037509,0.9743199821691746,0.9723033180427505,0.9664979130083802,0.9736596506351778,0.9463877023381744,0.9675635916621899,0.9750241960626976,0.9869763578808868,0.05790760472249662,0.9841097525976047,0.9877557353073337,0.9915819229170814,0.9829513055326994,0.9804084363669069,0.9867801692216069,0.8834086349293511,0.9787520039300265,0.9724352732401157,0.9750661894245538
cg24791846,0.9509715298223984,0.9488668722972924,0.94521194359381,0.9436087890700093,0.8820399146147933,0.9538346402208161,0.9563280824486786,0.9733682405820695,0.07804700929379221,0.9769586270435552,0.975198255929064,0.9741496001036485,0.9738433062529571,0.9729161511267277,0.9665112225585966,0.9473264292569183,0.95978981182514,0.9513288423733,0.9547889820806719
cg19699264,0.9665416774261761,0.9657147634997647,0.9674128134596798,0.9619697285928891,0.8814071211364924,0.9616821122288561,0.9600760522886019,0.9693331596021819,0.103947653524191,0.9327542260604209,0.9549030652888513,0.9779517859911883,0.8950475651996515,0.9325172811057287,0.9618294124069303,0.9505800171355718,0.96052415826578,0.9592301841483188,0.9691432509638273
cg03380342,0.9354390802222171,0.9432494351422349,0.9371169700023871,0.9428338529212019,0.9109357493576502,0.9300830808249656,0.9348983307442673,0.9558111681837991,0.03938750001378552,0.9650638387652313,0.9793562580412521,0.9658921639282555,0.9560327997485779,0.9593812573001468,0.9515341085105802,0.868247084116317,0.9538744080318533,0.9414000607147386,0.9587766696964044
cg12646067,0.9395074073292642,0.9391879964695499,0.9363559878280359,0.9367847654947223,0.9124012869260018,0.9324707792307234,0.9365964901776739,0.948372504671059,0.12049020167959507,0.9372440509131157,0.9592183407043776,0.9547585815139246,0.9430199430199431,0.944168357299101,0.9532469057407355,0.8502467254494652,0.9352568581166001,0.937828836486915,0.9523445853062471
cg15192986,0.9222962133752466,0.920683873616597,0.9306585875386881,0.9322790628925428,0.8767529977524657,0.9264064300414668,0.9272361174450554,0.9529521739884523,0.10277124381089153,0.967543508044509,0.9617713367714529,0.9613058132007928,0.9683000263594285,0.9586416855301205,0.9501667117294051,0.9075775246287352,0.947451166089675,0.9418390183924841,0.9435435598039977
cg05506809,0.9120542969037269,0.9160364267286227,0.9100340198489483,0.9141586452708639,0.8558946387951617,0.9198522033753176,0.8992564316346315,0.9624537886076678,0.12395835599878774,0.9232880572326072,0.9652072243314123,0.9504146795670507,0.935752894923946,0.9180450206718782,0.9496250702149804,0.8817453453536203,0.8941244587090321,0.925603792019212,0.9413369969786385
cg21039188,0.960857767414957,0.9545835506659925,0.9521304474126977,0.9550174689577173,0.9378564755541554,0.9583045621040374,0.9453492029553767,0.9570815650493877,0.22343052874899677,0.9656877101185095,0.9715170382866452,0.9708539681624527,0.9635276748751975,0.9597590813442372,0.9548531177338877,0.9633350103813385,0.935536242936982,0.9563414868902881,0.9627414957566482
cg00086283,0.917913604957302,0.9126797769298504,0.9079663922294692,0.9128567658011133,0.9038772901576481,0.9087306643998712,0.9081525921656558,0.9031119892738692,0.2572929627118083,0.8978027593254982,0.9097395835261948,0.899453784810989,0.9126232084186467,0.9167154452808984,0.9068839366995474,0.852452295120978,0.9062899954756078,0.8995993534346352,0.9141747797867409
cg14030593,0.9494913935873561,0.9483168676071418,0.9149103879016198,0.9479876404692429,0.9334589914394926,0.9385161808925364,0.9381028191033776,0.9747775987218593,0.19246172402421174,0.9825294367993956,0.9836594448427061,0.9867909292530583,0.9817155529704372,0.9791892437614979,0.9779076620087366,0.939539486957085,0.9733867915137431,0.9745812677134051,0.976637741255563
cg07862744,0.9642890999296931,0.9684765106913165,0.9665674717546353,0.9655660617061685,0.9581703535680343,0.9674568400705401,0.9711786444463446,0.982444469821366,0.18998258208869567,0.9742999305877366,0.9775801928532409,0.9589519748094089,0.9788095129110493,0.9843486437470569,0.975523073274047,0.9882095997872631,0.9755802873458916,0.970384285776863,0.972795293212636
cg22197708,0.9495685602783097,0.9540993906034458,0.9506785969935325,0.9589142198604492,0.9003290729615603,0.9569598487031721,0.9525912379527711,0.9688137189655518,0.06968682210824367,0.9407469045547575,0.9469114262853526,0.9667395758015374,0.947990038377317,0.941454685898933,0.9578484973511685,0.8164241138244188,0.9440528303411199,0.9517533839575081,0.9592404921014129
cg07188551,0.9661432607540358,0.9520279199819299,0.955442202498932,0.9573086826186872,0.870398934872917,0.9505426050445893,0.8961124283142416,0.9716845248839854,0.08329702914933912,0.9498783345763544,0.9566916413271036,0.9717150335277267,0.9301097009235906,0.9576479175477999,0.9613772159994147,0.8242344741176291,0.914080389199734,0.9548479273841342,0.9639404168617607
cg09131332,0.9371324596123238,0.9361433310888672,0.936807941384849,0.9418937333671416,0.777045757822919,0.9404487492504945,0.9406836231222682,0.9300861960285307,0.08797101161903476,0.8571962535091325,0.929515003589669,0.9479680159623015,0.8078877512540813,0.8673605484312925,0.9046898062099589,0.7875509492800884,0.935029745886068,0.9288039764523814,0.9354006216487258
cg12087639,0.9702018713992018,0.9693998366818292,0.9663386726383068,0.9676336366415095,0.8318853335551938,0.9660682968383683,0.9685585727623742,0.9753890012787961,0.05994007376191668,0.9850105906706671,0.9822896545554327,0.9839555832588149,0.9821425158329634,0.9753440378691869,0.9690737465215814,0.940363381711807,0.9570522786116891,0.9683045109002706,0.9696150322954009
cg09024023,0.8752312835703546,0.8888389208792753,0.90095785176071,0.8870077351657089,0.8682664419315403,0.8952563649807849,0.8955996345115363,0.9640517721081144,0.0683969679255475,0.9840284759935194,0.9531458904089332,0.9147687976830985,0.9737694484315939,0.9673980329299259,0.9683640133511889,0.7880363074516246,0.9251008526921686,0.9214783187866011,0.9236386210819081
cg13395373,0.9664758811644697,0.9593159946992009,0.966232030057403,0.9629836839513437,0.9053628658241889,0.9671087541050236,0.935112340769616,0.9753622821938934,0.11864061932460673,0.8969481879855266,0.9733352721715764,0.9765184633083583,0.7532002170470454,0.9057884371862315,0.9579235031734015,0.8768741431097811,0.9172284356317375,0.9627590149327407,0.9683358898166858
cg26673070,0.9733924138355338,0.9741052992430762,0.9769918720804044,0.9715509583279958,0.7259049416787522,0.9706864646471263,0.9746720827021795,0.9786515905016766,0.06145150153203216,0.9725893717698014,0.9632604614655517,0.9833387634608213,0.9711480802709339,0.978516165126089,0.9805924696281448,0.8483732526459389,0.9699552861620617,0.9647410257618029,0.971206960274963
cg20603543,0.954399511694854,0.9567078211964393,0.9533685761138493,0.9455133430278136,0.7884587047532136,0.9510747820334565,0.8910509908727866,0.9690827697222465,0.04289039169503184,0.9701585983076971,0.9317495335573511,0.9734490084791065,0.9774019616867199,0.9525642926791987,0.951384577282803,0.7822093858391108,0.9217125246292917,0.9503128991572589,0.9496593169596197
cg04988216,0.974205655659534,0.9707709039643337,0.9734996092860085,0.9683414934083459,0.873065289726392,0.9723217100921715,0.9715030395534059,0.9896337374998136,0.145060103194308,0.982120936778092,0.9850586093161993,0.9819247439218408,0.989486801163089,0.9779042073699789,0.9827070982208879,0.9604050910940598,0.9670640192750559,0.973805506755117,0.9696017000972319
cg09483043,0.9688908640587979,0.969855213875957,0.974123878484527,0.970709623590214,0.940133622470039,0.9702780550975092,0.9748881870973607,0.9831688759695326,0.386542156501914,0.9506669150337452,0.974632071605856,0.9817855742111254,0.9496552933351441,0.9666087979671397,0.9755698023453933,0.9435261256435381,0.9683344940606764,0.9681010848041302,0.9731220457676268
cg23729331,0.9289825404443414,0.9147896281146424,0.9176075078402778,0.9318893812208164,0.8946861735911504,0.9300274722651363,0.9418851926847431,0.9702213513962514,0.13701270872024726,0.9756026648914966,0.9433211333558797,0.9485205986870884,0.9880262024372047,0.9739967481826283,0.9659857589377822,0.9112465126672142,0.95203856854597,0.9443832164034283,0.9441503383620276
cg18469148,0.9268800144107503,0.9295260352103658,0.9159861420805552,0.9318533916256397,0.8552152740126482,0.9280159029557957,0.9330761272761707,0.9600344391341983,0.27158750740121695,0.9530327183036074,0.9662472828367017,0.9592553397201886,0.925207837898024,0.9316368061826887,0.9506552036451603,0.9430133880847797,0.9422367744402372,0.9403361688510337,0.9469157340490413
cg26603598,0.9521194290727537,0.938251653620606,0.9399848315482353,0.9620598883821422,0.9225567689520564,0.9630778364957514,0.9472632347418676,0.9748047782501719,0.4042047472963751,0.962556088093447,0.983509295287504,0.9759234065865173,0.9720353649822353,0.9700918844278568,0.9742222568257142,0.9760873271952025,0.9672802135406999,0.9567568014631183,0.968420795177708
cg17436460,0.9558402241753354,0.9477600032275222,0.9532535615714968,0.9568545792532026,0.8677533985991415,0.9536836380367943,0.9558897279791849,0.9615867206485565,0.29199568244733887,0.9723597160245697,0.9567370383831784,0.9666940010415144,0.9673836976295224,0.9742550148659315,0.9656371171654241,0.9302766602367338,0.9572209249838728,0.9603571154529704,0.9679036705002392
cg23639055,0.9451414378863212,0.9477425183070176,0.9425149738142835,0.944991472558242,0.7503102497015077,0.9508880698625453,0.9481194104245031,0.9449969901419838,0.07267600364915672,0.9457356759627294,0.9565226985569114,0.9572352650220997,0.9452050748241235,0.9356405395139644,0.9390536747337144,0.8673595943760418,0.9374930153235306,0.9310166154260164,0.9373047871847295
cg00351554,0.9667048743963986,0.9631511935000778,0.9635212330332195,0.9575229881478275,0.8559180561753734,0.9620381930796045,0.9535522578021196,0.9756574806293895,0.10802221200927448,0.9424699070951936,0.9469756578705493,0.9798010185387929,0.944356047782893,0.9164047738609564,0.9758223243098267,0.8327107696564299,0.9569469786033944,0.9439681401107586,0.9536583792728516
cg09622285,0.9343559087902811,0.9438512578533401,0.9424773241096205,0.9411747420957136,0.9220307971831865,0.9445639393042142,0.9410078001447817,0.9674457502496712,0.193149975419826,0.9457915925457606,0.9582065245276306,0.9735947812425053,0.9440339675236463,0.945671381587014,0.9649429162647584,0.9233272882127581,0.9467868830765509,0.9621917442665964,0.9517957333583033
cg24736010,0.9532556781644318,0.9547011645124067,0.9463631022405101,0.9529060103815776,0.7614565210944633,0.956317154702491,0.934537090808456,0.9456310157629089,0.08562109624073189,0.8742622325052011,0.9460785411025951,0.9548660762316843,0.8909014409391316,0.8841211510731714,0.9421965508429133,0.8321391088735769,0.9334488067162026,0.9429351711735745,0.9615557858464487
cg03025641,0.9581590289915569,0.9453199330968618,0.9528348649827755,0.947405958428408,0.7985353270527432,0.9363212531026738,0.9019193912201176,0.95598654080131,0.1542798981523158,0.8025445055563969,0.9544194389535868,0.9804441723692175,0.8637999770519558,0.8472066027288345,0.9450902578267119,0.7530616566649473,0.8734444722658798,0.91207169596682,0.9483925051364295
cg23033014,0.9533243213679145,0.956695167162596,0.9567452947596823,0.9646045292577539,0.7913042563880689,0.9601319038594827,0.954514937138275,0.9598516236438488,0.19951703593496967,0.9585198752076001,0.9769445061527949,0.9691085142885899,0.9061434692104681,0.9557576106129073,0.9467887048382463,0.9666704446683172,0.9644509750340142,0.9647196432626329,0.9718788270831369
cg05434397,0.9370673319292844,0.941138255329156,0.9413484206716463,0.94374890116027,0.8882586613974881,0.9386361349552803,0.9418969193835862,0.9374821828494011,0.12181930106774297,0.9495195376105862,0.9650460328289977,0.9435157522064466,0.9555070130766191,0.9532021258363156,0.9373584719091448,0.8203974306333283,0.9311046050157801,0.9240254619469352,0.9471775074381319
cg01792145,0.9669486527465151,0.957436436936025,0.9436536599294624,0.9654923812664249,0.9047990655664289,0.9658380688218766,0.9194925694447577,0.9649726409122199,0.29259205865212534,0.9713389782779813,0.9756220303030073,0.9749155514115424,0.9606565765604939,0.9686081113967178,0.9845012146863693,0.953928130750751,0.9026355021863245,0.9627716560089898,0.9665771679843468
cg26102342,0.9507243020940704,0.9527913430665116,0.9588014675623435,0.9521205309754232,0.895858072094358,0.9592776820395679,0.9622830476993072,0.9834004936021216,0.3973261097949656,0.9825834612152686,0.9761098534685724,0.9760335605110932,0.9591735869673759,0.9644156014996794,0.9723272978582904,0.9666870828501146,0.9570512720219297,0.9611272411235074,0.954039539508841
cg11494616,0.9279162896819233,0.933327845019724,0.9195926529809442,0.9349306653317566,0.9369752706030475,0.9294492741710425,0.9296211396910842,0.9378757227146832,0.13950808611712034,0.9452797560565386,0.945822103792697,0.9532716683319598,0.9457700349183042,0.9395190160768851,0.9347270345124379,0.9200298710065721,0.9210622976293654,0.9265485306804202,0.9470013003767831
cg06706029,0.8823176724143855,0.8727259395496806,0.8678890134451142,0.8790132496177399,0.854803781272731,0.8722763480037743,0.8516828191428167,0.8559417987955689,0.35244820058831006,0.857789980349775,0.8914028592016028,0.9053226258132616,0.8430425345161416,0.8739665714403828,0.8597567482464521,0.859248193711663,0.8863053266232139,0.8632955138836891,0.8906516611575369
cg15845122,0.9381521897982995,0.9237298596822966,0.9243476069209947,0.9419362026460839,0.9151060620138189,0.9371877320204347,0.925765788577922,0.9332484485689545,0.2508362291817392,0.978363018591261,0.9583206306275268,0.9303834510835227,0.960647249033088,0.9708093507523414,0.9633737793143727,0.9401211107818579,0.9394811782785402,0.9390365271617829,0.9419961053018877
cg20964248,0.9247940956606648,0.9330667950040408,0.9350344674570699,0.940665583363639,0.8413153749053057,0.9288538597478138,0.9344505132346028,0.9639175976721912,0.0539234991230782,0.9771486240586162,0.9617803419611661,0.9536916602864876,0.9859330633489128,0.9572675679888032,0.972279541662278,0.8090476260216313,0.9454370588697346,0.9509996024619116,0.9518296046376268
cg00551398,0.9404493073354457,0.9438569079886097,0.9442547156466584,0.9420595819102586,0.8164597182545201,0.9465692111187127,0.9408504251091123,0.9381457622668127,0.2979545695449872,0.9428359921764408,0.9578116432534414,0.9555330917985398,0.9376072106894817,0.9446859000438754,0.9467107655049993,0.8975897357794371,0.9516360918835378,0.9398560263889689,0.9521270069024629
cg09289674,0.9404756484606003,0.9329365018125269,0.9376143412019117,0.9460336857161846,0.8654092268501137,0.9518340427609089,0.9334827843172409,0.9399261094062792,0.24827483239624237,0.9010631463710166,0.9207203810687556,0.968467797005933,0.8566499726131493,0.875188344886451,0.9391285270725347,0.7799889606313972,0.9182012490420451,0.93939189514993,0.9434348702427069
cg23743708,0.9575161742686916,0.9450949402347653,0.9439318038658646,0.95457555872336,0.8524863377571026,0.9449405992307487,0.9521695430772904,0.941007303846618,0.29698727970207334,0.8467633719690247,0.9665536352176809,0.9595214276964298,0.8899716989989994,0.8990665122255767,0.9497174937910218,0.9745893774450025,0.9541957463654918,0.9489395812455665,0.9611480768960361
cg27056418,0.9461153048409949,0.9544372887272692,0.9547897894981813,0.9572598039756411,0.8149626203593967,0.9576754347909171,0.9492606943299166,0.9753936686396372,0.08388054006413248,0.9327473169206764,0.9367788777251791,0.9743341746628713,0.8696497473058694,0.8503730430766129,0.9735358706496957,0.735752849199294,0.9335524674780095,0.9454213409392265,0.9687918155309525
cg06291428,0.9659514341731064,0.9624370724151284,0.9479468584444096,0.9583882650305157,0.9543883315066183,0.9625612591080377,0.9655260315297618,0.9728060081158015,0.4989936997285739,0.972695060098659,0.9674570936144408,0.9681972254582619,0.9753428270042194,0.9750760096992716,0.9778353885038475,0.967106981461455,0.9664752759796178,0.9652095397280287,0.9654084850951267
cg15507787,0.9401400657621004,0.9443405747784761,0.9440023674631386,0.9478854065662164,0.8510177072611383,0.9389754318745047,0.9395662072973284,0.9817288079214086,0.14378374291780704,0.9575204024350203,0.9634784112804347,0.9536608880064283,0.9495727454374892,0.9471519887250964,0.9576043531995957,0.910676376826036,0.9372797763977734,0.9508444268373323,0.9534577669112743
cg00150245,0.9605121836744437,0.9604675102463196,0.9573570321708131,0.9449505587604634,0.8308913956512223,0.9528373618487174,0.9626743219148666,0.9610012270163327,0.23673472090439363,0.9714357794427948,0.9760390261682288,0.9717070481486199,0.9567500137918764,0.9549747582722832,0.9571443073374016,0.8095093880248803,0.9541588602212429,0.9587645543229675,0.959744529170669
cg20956314,0.9700339600507495,0.9681234684860247,0.9691656977381982,0.9483731366248973,0.8559627515650019,0.8974480161541164,0.9677541495573887,0.967457763056007,0.2599092971773912,0.9746805163854387,0.9717348732765793,0.9801061711868724,0.9774304600798706,0.9711940970487349,0.9667996934561842,0.8831221233784055,0.9610224224649117,0.882037917593762,0.9415748929700849
cg07955754,0.9478537358496638,0.9509304392523674,0.9445745417563955,0.9456023611880978,0.8348313456598311,0.9408276404074686,0.7886437481750256,0.9556343853663518,0.16204134778104196,0.9493157893270108,0.9635845651363245,0.960052061336092,0.9385210327868999,0.9029385537579517,0.9296551681700965,0.7461208328417577,0.8154999857250406,0.9265677939582776,0.9455851946707918
cg05685643,0.9539913792818764,0.9443714384963886,0.9476320654965035,0.9492253589925734,0.8701467199215767,0.9541808057482415,0.9292599003891603,0.9586719133558782,0.23611875689289355,0.9505304645981333,0.9718017736420064,0.9710718053278278,0.9345989160000326,0.9464806042449885,0.9554739233987829,0.8375482167688579,0.9236785406140373,0.9459816510571684,0.9461410476500661
cg09940675,0.9360823681832955,0.8992815622334214,0.9233982449883835,0.9211417673127349,0.6593928154879305,0.9263652372383435,0.8558033999443174,0.8778884973633396,0.06958444692487886,0.9025346953536831,0.8423971730475198,0.9470460823405497,0.8607356717800798,0.8881833603035015,0.898542524875483,0.8933166518289333,0.8385966931361469,0.9107487986945357,0.9321040691577986
cg26789859,0.9461361192859997,0.9523582272806819,0.9515281531391192,0.9030485993244357,0.8546357803826207,0.9442677429853623,0.9481059791065682,0.9451252104289326,0.23522110052556286,0.8988791599233711,0.7750908583534735,0.9353105129885007,0.8635102725116859,0.890057345009396,0.9368796696797778,0.7391023285823413,0.9243561205668365,0.9176385821678547,0.8566195568017506
cg15230985,0.9510793497316823,0.94844845504153,0.9448438899080256,0.8993385595112464,0.9140121040657607,0.8556289673175257,0.956535117034669,0.9553539481613905,0.18348241669350307,0.9641144408755796,0.97577046383413,0.9665169933789557,0.9464146196924688,0.9569660395124084,0.95069136056747,0.8950367187658257,0.9600368692941239,0.7764068261584994,0.8732245117114892
cg18817654,0.9619378968351102,0.965251582173425,0.9638476421274009,0.952171659641087,0.8520329017500134,0.94615144042471,0.9528623946369563,0.9613264368050114,0.06761848256869368,0.8228152550208442,0.7914371808528207,0.963654301323522,0.75672737632386,0.8263819786078671,0.9521624863765362,0.6473938549363164,0.9328803086817348,0.930175791285105,0.9444350866366369
cg01333387,0.9374346530788639,0.9410097689083593,0.9315654862564129,0.9394884845818642,0.9161347659311772,0.9376618634346929,0.9423368542501966,0.9446894262153983,0.339321244946989,0.956799526490473,0.9649904630022781,0.9575582723472649,0.956508919678646,0.9609976032416269,0.9357257572261486,0.8802494369665712,0.9439360236025178,0.9364701435186702,0.9419773237945824
cg06295535,0.9643037549349474,0.9628269916648704,0.9579189351108954,0.9643304265714616,0.8995042370775194,0.9667333686118917,0.9384120136820575,0.9761987510015304,0.36167614451227204,0.9482414057951885,0.9729965781117709,0.9737970275838347,0.8717691586188503,0.9352024934877012,0.9696574354307863,0.9560411722253015,0.9364782910141545,0.9651201265667202,0.9546690502017827
cg06117404,0.9272573026487249,0.900052320545969,0.9084278862760877,0.9275539601258109,0.8516583509225881,0.9224101048793916,0.9014830190559231,0.9093535480819689,0.31175627353794755,0.9164281217767828,0.9547679623155154,0.9260866572225035,0.9257474839059627,0.9328590644024891,0.9322147196204342,0.8216122054528757,0.8890896882426594,0.8876444264773145,0.9243073708843781
cg18145937,0.9143727311704007,0.9039151991793469,0.9004082660701614,0.9083746015679877,0.9056357910739494,0.9019910559756257,0.889003271224241,0.9064292182312104,0.20382964953338534,0.7215913732538192,0.7352799115760265,0.9229461339395649,0.8194842406876791,0.7160792198936585,0.8862348279555667,0.8102806343851647,0.8883062505416668,0.8936509044030426,0.9092649310872895
cg12486498,0.9069557320496234,0.8900504686373468,0.9002133765531748,0.8773976266124199,0.8459933222036727,0.8862207254177137,0.864301408223307,0.8741473396998636,0.13750531893015108,0.8582870219025825,0.9275117914680722,0.9136027573917919,0.7990419708029197,0.8061425422063285,0.8419971195252561,0.7355207404677735,0.8496143596216725,0.8310299818945861,0.8777025266996614
cg12646952,0.9594708535319812,0.9549984525543856,0.964147258746442,0.9527750636730592,0.9189605313712258,0.9560956042443054,0.9576988262194042,0.9731176887608552,0.09704590062661417,0.9683109136305813,0.9701224192976718,0.9690480279541074,0.9755692169969665,0.965621373114306,0.9664098345219294,0.7725189238078218,0.9559254057893508,0.9524952987981093,0.9631711268311065
cg09473249,0.9453093712623966,0.9439390930028551,0.9383958116986779,0.9400050299578538,0.8357562955277543,0.9220671333393674,0.9390046062889212,0.9347502898753624,0.11623349777265735,0.9398939910932674,0.9610706419646362,0.9507715314802725,0.9264021135713948,0.9488935683866457,0.9375708648152202,0.7252565293942027,0.9332371432509987,0.908325550694931,0.9386599312719415
cg20827629,0.957312535824988,0.7974875995534503,0.9331836757546923,0.9572033133309067,0.9406997274786724,0.9660904440447117,0.9528154287432422,0.8756518617312095,0.08993925682658765,0.9687132663925313,0.9756322338796826,0.9623641216703187,0.9663905727166656,0.9824238503711411,0.9549136635625803,0.7932897798365925,0.9698738976771738,0.9692769558172897,0.9720099199764476
cg11061946,0.963477683097858,0.9639699804114853,0.9541859843460563,0.9604339494730614,0.8649149469504247,0.9631134510049089,0.9544661708376592,0.9626164450571776,0.2925552668168783,0.9632025581089521,0.9738886593245619,0.9614706946351058,0.9453622778498761,0.9473941643334605,0.9489778043339462,0.8321778523285533,0.9554684649015712,0.9581472539852316,0.966963436693654
cg10960700,0.9273170531544203,0.9214517911851001,0.9116347639499331,0.9227032314112062,0.8728595532903438,0.9200010112920147,0.8973319414404407,0.8973105581128127,0.3893517398413662,0.8777057703504229,0.930860582716849,0.9403192222206905,0.8786800090363672,0.8541317503405637,0.9112646032232872,0.8605059096489995,0.8980928320769347,0.9121566857870609,0.9120444588538599
cg26261873,0.9714591649221391,0.9653885648339239,0.9721275805511556,0.9716556594613731,0.8644533819990319,0.9691364267958325,0.9734090463967631,0.9650594154831496,0.3431441702919528,0.9754949716948965,0.9857196441035238,0.9789229207339806,0.982642695073922,0.9797563528807192,0.968965985181476,0.8738497097060172,0.970067273284475,0.9643322155129264,0.9772565130854228
cg15003763,0.947732308674649,0.9560786719270953,0.9577087065113209,0.9251771803734534,0.8035447211676852,0.9377641143485456,0.9488355615829878,0.9731283831664272,0.19266229996678746,0.9360895780688221,0.9353700180556986,0.9750336508737705,0.8371880659266686,0.9093562018687731,0.9594444897296002,0.8977790817038505,0.9598317225987832,0.9354350410432273,0.9550770290816006
cg14250838,0.918976029739375,0.9074189756248006,0.903737432315336,0.9148629724289793,0.8124473712919137,0.9113491429240721,0.930415916880277,0.8784347090262682,0.09578958116210495,0.8104186463694867,0.8275216988515919,0.9220175782896628,0.6612307788687567,0.85962624958596,0.8723972561465896,0.7056638321505215,0.928459765721442,0.8642294353639095,0.8836458782910126
cg02800334,0.944530688752611,0.9296061605350319,0.9260900928911895,0.9300834151920471,0.9058486375116265,0.9345672557949518,0.9165818836007413,0.952403062701112,0.070718515429292,0.9339066612814326,0.9282512948938874,0.9156139153084847,0.9259906386163086,0.9369199414054581,0.964013701815966,0.8145621740434896,0.8762270939524363,0.9225353686861681,0.9183868435208217
cg17063371,0.8565260153547716,0.8729864987624959,0.8652441899779793,0.8832089319853159,0.8686373507005505,0.8792394465802709,0.8624900746611113,0.9107855043169765,0.25036305646600987,0.938469114744563,0.934180936476078,0.9067342788004871,0.9226945658157757,0.9194812408595874,0.9296265483659316,0.8410975520942114,0.8946915215310949,0.8911336371846057,0.9010629511453525
cg00989157,0.9148864483252253,0.915282028858767,0.919728546883093,0.8992431561455958,0.8055795580792495,0.8923848699359309,0.9062102243023318,0.9184220605132133,0.15440394489116444,0.8460779919318692,0.8893217637539523,0.9319089394624345,0.8569346470005247,0.842399365566309,0.9150382537080304,0.6549129800482201,0.9082131487688074,0.8934916638114215,0.9157303370786517
cg15363996,0.8960005882899909,0.8963395934368786,0.8943904143858659,0.8977076659927818,0.8929053638475364,0.833272068114328,0.8942698066810455,0.8751667781781686,0.4078455720412983,0.8975136324570803,0.9144678151149862,0.9213339075284592,0.9006224690266214,0.8924678500737706,0.8721059159302771,0.828637784025402,0.9147749562203653,0.8231798936873256,0.917692250031481
cg03361973,0.9434386883946655,0.9218777864050451,0.9258334948539384,0.9370159281833523,0.8864833727908044,0.9252582859637009,0.9215121678543108,0.9463579495360008,0.09694924064509569,0.9606437281913727,0.976595217872264,0.9665671426581018,0.9413885950887223,0.9398891632151931,0.9507642537145983,0.697935251085851,0.9513804143828424,0.950281667007121,0.94659200728671
cg01975706,0.9554347172013236,0.9521042360277152,0.9459431049898792,0.9535208943936078,0.7957470053572814,0.9549124944521893,0.9455858866756504,0.9585612121700278,0.23272383865905638,0.9505367933054284,0.9797912310504853,0.973980300533309,0.9342797908639567,0.9436463599401704,0.9567515598137477,0.7855977862911808,0.9459872462763326,0.9561583461801986,0.9663184880447319
cg00610205,0.9581880766773256,0.9523881054790981,0.9439815671883269,0.9474244616969194,0.9378966049496047,0.9447957628791318,0.9444839780154407,0.9508741946973506,0.22312948626350546,0.9078949159716567,0.898643562674072,0.9629176298580493,0.9365239489072215,0.917793182068711,0.9603599744203568,0.747552019430137,0.958581013002838,0.9429694770284953,0.9549562898277677
cg02752529,0.9596939599119976,0.961252383360105,0.9601213191490476,0.9612231904834556,0.8624948252151793,0.9600670678694169,0.9561459538707255,0.9740365911146401,0.04240818870061819,0.9633923490783005,0.9735230051445058,0.9726758284714576,0.9597939646463988,0.9641849983093063,0.9653548797186529,0.6782321614321436,0.9495423852620686,0.9353617275037599,0.9520531361131908
cg24140200,0.9696755901753308,0.9710878488224464,0.9742820006243691,0.9668759399374047,0.8117721195269859,0.9572394897746348,0.968960923417835,0.9892577119256323,0.11740924366836153,0.9837259694643965,0.9818116845759243,0.990743889372304,0.9833191256936227,0.9827352278969855,0.9921582609250821,0.7029447280421872,0.9631641805984825,0.9271373809805206,0.9672794825094007
cg03654391,0.8858537135093405,0.6546866014951122,0.6093048963619316,0.8514085282390609,0.8299396681749623,0.7538060326467151,0.7114324696761556,0.6939011566771819,0.13968137952370807,0.6422472346206094,0.8004286077248244,0.809123817966903,0.7535993123701741,0.7426363780183483,0.6599638589063781,0.5261430648321327,0.7683143577904764,0.714541172017282,0.8109292549861372
cg11361895,0.9248857720156206,0.9205122515889713,0.9137765050894785,0.8795486262574852,0.6716944251289121,0.907959493587278,0.8237531741706151,0.8986838499004733,0.06324290923726866,0.7499705408287359,0.6751208777257639,0.919235331815691,0.6386491249469121,0.7209454078809464,0.8871045182053588,0.8524795178792945,0.7843257308113467,0.898241187809832,0.8916014667761032
cg21715896,0.9566317859527735,0.9525306147280987,0.9412039461607975,0.9017429865967865,0.6725088513442905,0.9218621493449988,0.9362710989027592,0.9621979445904698,0.06320875736186377,0.9479473711072106,0.9585300258052429,0.9661307201610247,0.9117603775798624,0.9220906545861948,0.9477894772463541,0.7384871240287836,0.944922080150699,0.9080761238295203,0.918410439445162
cg16831889,0.764488461446696,0.8020976460560908,0.7607272030444017,0.8295952656211045,0.7539329785485973,0.847022627610694,0.8375322756484742,0.9243694669641848,0.07637329698664835,0.9208759968997939,0.7291938227105006,0.9561065167487878,0.8977377829691693,0.8906291148732923,0.9438409652371273,0.9204130048329705,0.9459637373839284,0.9511354855007654,0.9522673802059217
cg19640299,0.9247774175366449,0.9070101144472915,0.9131701874442671,0.9254126394611187,0.8959044992050946,0.8831705957097378,0.8654772841844616,0.9375217477985909,0.12567977649715922,0.955151734729509,0.9407562517849883,0.8904265537985019,0.9366278037365777,0.891046611091298,0.9491560079035248,0.6842341873698277,0.8714773489285565,0.9118302448256832,0.9250939718347646
cg20788199,0.949298655262115,0.9528943481778788,0.9456412376193761,0.9543139248309125,0.9564627370488236,0.9455827527441767,0.9597992500108883,0.9699472300935006,0.26359430668664413,0.9900792739962492,0.9758280624397775,0.9631697356197805,0.9802386986529599,0.9786664660658294,0.968244385781229,0.8642889457865335,0.9620182273340848,0.9503699523655935,0.9628351012318748
cg03922381,0.9500334164774183,0.9483652259545879,0.951114768906706,0.8564913566103716,0.7363765146588741,0.9341913890996295,0.9317180454375023,0.9634638346063843,0.17148496743585423,0.8833600206839919,0.7922954304032204,0.9629205518142898,0.8540441236115807,0.9212809829125017,0.9485447639810041,0.7890037370357263,0.9222037716274125,0.9081383456244098,0.6921530129422637
cg15755476,0.9313631883679634,0.9275971449565179,0.9453254939758711,0.8559368655186054,0.8802237400297741,0.9022037984708694,0.9322160179517522,0.9645728734859575,0.03265675547081309,0.6871229262228944,0.7305398766452535,0.949197018348545,0.6692917329154211,0.7981314162538162,0.9459284259917476,0.6000158808662859,0.9194873566103143,0.8687411242401419,0.8193189773457983
cg18111073,0.9418607041062725,0.9563896076091216,0.9648081549607257,0.9506065658145432,0.914954545892797,0.9466465660026617,0.9510445472268658,0.9616279998173173,0.5445162500899141,0.9667871456694792,0.9570252906397921,0.9704404848109052,0.961163998326221,0.9572908631238466,0.9595348064698055,0.959244400693765,0.9595699294125133,0.9493263480973486,0.9611388510164283
cg08158324,0.9735133981485529,0.9710654020126488,0.9734895981331737,0.9727758640973915,0.9479859328100131,0.9703318446956406,0.976415099518714,0.9919392019716695,0.4668203725527864,0.9875498877357903,0.9889659850748256,0.9818232040960464,0.9915969305847842,0.9849099344849681,0.9859134102128388,0.8717156396328443,0.9795490072478636,0.9661252335593706,0.9653584775345987
cg09216666,0.9701191499389288,0.972519951083764,0.966041940752709,0.9690236235100487,0.90185905118446,0.9707844340931185,0.9491943051092963,0.9787314906084208,0.4705319781809412,0.9787821321865632,0.9853272514022606,0.9849197971117059,0.9796688166758899,0.9752198868429705,0.9787318571250214,0.8814971133114358,0.9455033188939751,0.9625071360458688,0.9699464583286916
cg25582189,0.9221367307642806,0.8934420427934152,0.8835128891519328,0.8902837443843983,0.7701735246210091,0.8929109598621487,0.9088691518229681,0.8789295910514843,0.1399383586764275,0.7425956976915375,0.9044561795583361,0.9361176227228153,0.6665916387062535,0.7303683903918776,0.8560423554757126,0.6597846598644469,0.900958342380134,0.8828106139024556,0.91773544264132
cg10499102,0.9451133840894603,0.939553388090349,0.941836127437512,0.9405450146981479,0.9247182929753057,0.937886171735113,0.9475509989642594,0.9566006600660066,0.4836055200404976,0.9586908166507785,0.9547345183885716,0.9630403373443615,0.981110142400465,0.9603359463774425,0.9683005485246203,0.933110460289832,0.9507970127494533,0.9283926648135812,0.9463087248322147
cg02277868,0.9416918849976819,0.9316861300622021,0.9272720558717041,0.933844741817303,0.8657041288603244,0.9325035237149562,0.9388481213182462,0.947902747303626,0.26989005459885124,0.9530902065165464,0.9607603621591019,0.9269480198198687,0.9341846175890789,0.9259194430715019,0.943684383899563,0.7427324011445746,0.9157772007389122,0.8939019903053294,0.9084354927962447
cg02587120,0.9278079457283965,0.9222576098331164,0.9214459135484396,0.9151106552070067,0.7514189877556106,0.922428030304878,0.9211678279325972,0.9362508824821877,0.14998695569183795,0.9410825865185507,0.9405172840783245,0.9451457183092201,0.9228121462456462,0.9255863646476192,0.9336116147862581,0.8807240262294591,0.9178036398369767,0.9209656954590079,0.9406224768049272
cg16798617,0.961365898923959,0.9587627884033093,0.9602348330699311,0.9518223551477913,0.9275284595087185,0.9398170002484326,0.9539607573507746,0.9510564255111895,0.28914400917999966,0.8944757810991645,0.9536841210265858,0.9809966039015658,0.9041092946624201,0.9123424674202993,0.9711279018038745,0.7454591775431028,0.9398372720622341,0.9298903893148851,0.9563102678104606
cg17282428,0.9448432863447778,0.9414388334193606,0.9465654919460641,0.9484191190548632,0.7555254987993912,0.9534314546213853,0.9370330510140212,0.9604973184006619,0.20106912458622497,0.9210474726123229,0.9286070133869463,0.9394838022952794,0.8545376631989299,0.892639602128263,0.9661563118431965,0.9440234364863811,0.916601048438326,0.9475319440464203,0.95592552260068
cg20782689,0.9228625944249091,0.8096555470586896,0.8783407234710701,0.8950057173771091,0.7222303700462622,0.9158743732694433,0.8934277087056166,0.7974016519378231,0.2853625278010665,0.862387295021162,0.802224899632705,0.9165644022190884,0.9047177569564318,0.9056644457347018,0.8896616775536479,0.7698357243821904,0.8984215479161365,0.9057474405582642,0.9043052084458829
cg18123327,0.9427062696419276,0.9468203335588528,0.9421247627143338,0.9282221845652484,0.7145905062234238,0.9327757039872773,0.9301491211886332,0.9587174093467793,0.22754335869706516,0.9430860645792867,0.9205892383426915,0.9418941487154666,0.9174978018203527,0.9333417663073753,0.9556192343950163,0.6476487791419913,0.9246887740245073,0.9059412898236436,0.9304929678854507
cg21081729,0.9566968744030717,0.9665232172842605,0.959399007606325,0.9553907908372866,0.7344858294354879,0.957021905320605,0.9555647765902587,0.9820416253778348,0.0459859083592003,0.9826935712219073,0.9474207733162137,0.9679081394867859,0.9617761102483806,0.9620990629589927,0.9812707735460459,0.8974332365165343,0.9491760984534452,0.9559723912501433,0.9653703000059858
cg04216070,0.9559211106504706,0.9595625041133338,0.9465935071234595,0.9447571806932779,0.9386093995476127,0.9483778741286335,0.9492413834987335,0.9685908116606585,0.2698926223037644,0.9673546347341242,0.9727883909589645,0.980233240513601,0.9546593888128033,0.9526988412671522,0.9464978631349966,0.7724561680854318,0.9636058591996515,0.9390909322414536,0.9475357768209431
cg04939326,0.9549914641362727,0.95211544495034,0.9544935418852456,0.9517594700006273,0.8475555112678151,0.9425425770279343,0.9470420908480599,0.9548235653467256,0.41460996976659537,0.9585736095128623,0.9688193815478787,0.9705819690339976,0.9552977243358259,0.9558041058481479,0.9547987487350384,0.7813302125680559,0.9481696685156769,0.939666926901796,0.9633690901416224
cg13983849,0.9564110437286752,0.9609784977290521,0.9593691780397571,0.9618767004534141,0.9374104173950785,0.9663389747185713,0.9641773544176482,0.9795913941090872,0.4654646426724161,0.9790334285779816,0.9672285580948214,0.9419009829002312,0.9864128135797137,0.9790017639903681,0.9833287943986707,0.9612497427201243,0.9705756934155796,0.9671700313242277,0.9718811099198411
cg04018214,0.9347157481711754,0.9189680593916387,0.9234816848119689,0.9184696151847973,0.8637491349506071,0.9204549064586991,0.9246716327183381,0.9178704620138223,0.32416943593910585,0.9002012610390259,0.92365849011163,0.8948569725250637,0.8632577928114984,0.8701376870590314,0.8827807735688835,0.8069216292608543,0.8658410809081679,0.8605790704367516,0.8811632937455808
cg19811231,0.9709095960940562,0.8049368911688519,0.9509153247436752,0.9404186747610805,0.8350116759434296,0.9471396831782378,0.9674883159450305,0.8305177366004449,0.96332248629696,0.3712471525145489,0.8603628031539359,0.972538009125677,0.8449094958159781,0.7202560456017277,0.9664319009963545,0.9388471513451491,0.947687173455173,0.9098339347454807,0.9243322522901074
cg26304744,0.9517303232084701,0.9502010009964815,0.951609534503537,0.9457431359134809,0.9206934253915711,0.9472291822198556,0.9511941935176961,0.938496220516964,0.9482597111185774,0.6065791389369211,0.9802790404353441,0.9678796160105863,0.9015115418373464,0.9127873890381896,0.9437389346866002,0.9665225547572862,0.9629522433613065,0.9437409644602915,0.9551855417837907
cg27572854,0.9063155041654612,0.8199179018193045,0.8948058275271005,0.9041285685608906,0.8644756107757277,0.9112935405405791,0.9107751982521315,0.8072829344857518,0.9170099590036468,0.3739020556587501,0.900039596296807,0.9013401391825059,0.8000134683729969,0.6809487122069311,0.8897659258297591,0.9012367239280854,0.8902872546804854,0.8817327508235968,0.8908164529127583
cg27359629,0.9404156668023471,0.7331960069810192,0.5582010647125673,0.9262491434280171,0.854218298584246,0.9238457750890989,0.824274961647917,0.6898716032600087,0.9257661143622696,0.13925583243972328,0.8688406160948003,0.9606606218111189,0.4075338956326572,0.5347655342575097,0.524060947067658,0.9292320986794054,0.8472303304571158,0.9106144243311796,0.9006278130970437
cg11887733,0.9362547559077135,0.8693293873909429,0.9212469096905836,0.9395531788108309,0.8876045049005551,0.9411289516770511,0.9382138582473878,0.590772539503133,0.9414762363760715,0.35022409668236587,0.8534774131339256,0.9451497518884838,0.6568556432710505,0.6621823662773509,0.8650659725616205,0.9491818156258247,0.9331458444593586,0.9386156683476388,0.9413143464716841
cg12047375,0.9575184326151658,0.7214599982117772,0.9123369485484416,0.9541288773087073,0.9655888300054746,0.9688943052400523,0.8490199440499361,0.47952386576578965,0.9756583211652241,0.16315926839395678,0.9073802231077116,0.9607789903787322,0.37965258622589226,0.5509622027526322,0.8852297962973104,0.985997217827483,0.8660310664926472,0.9727788970647712,0.9605976211126184
cg23777479,0.8709066347680381,0.8920695018796453,0.9106656256307508,0.850032564817199,0.8482015120378948,0.708540207094232,0.8697696745808587,0.9121117981399953,0.8901729587908498,0.26539493228936634,0.9307077613985405,0.8913187405613769,0.4470697966333329,0.581294605685359,0.8933087982850134,0.8185238945897222,0.8118724890360892,0.6296577025108692,0.8600739742840943
cg15149205,0.9386764402160062,0.9326129967447373,0.9290557374577271,0.9500723923528354,0.931009534520485,0.9401541316508785,0.9336270665404585,0.9379482682565081,0.9672959153251073,0.5806234052726028,0.9582426028072393,0.9689220485407273,0.8181262239352608,0.8926595858336169,0.9415901227059167,0.9712142395004292,0.9446153892029201,0.9549385288650866,0.9528363385975395
cg07627628,0.9533136694102096,0.6950809955512808,0.7395437772075808,0.955463466369477,0.9510954799203969,0.9549391082938694,0.947310980396771,0.6053741308556987,0.9694854788709291,0.25066456077493077,0.9688225730105009,0.9671449298036147,0.4346157140937267,0.5080622667210597,0.6462943981521416,0.9690347202608094,0.9388801537110183,0.944343731703664,0.9655677926964069
cg24379742,0.943618353624446,0.9306050621588999,0.9379120275155297,0.9241013416590271,0.742862679222984,0.9430159466686701,0.9147751754155545,0.8523628630800646,0.9301801412529872,0.2976609204877826,0.8583561672315487,0.960186776210439,0.48608717407482216,0.47342096882579204,0.8496750637342567,0.9524925926358214,0.8720705272230278,0.9279693384089402,0.9386002232955839
cg00944599,0.9029656564148772,0.8781822507732572,0.9021665235437241,0.8951935065038197,0.8705778301886793,0.8998678571281211,0.9204621692256585,0.8013245033112583,0.9275771488072699,0.18064876957494408,0.8008129328543387,0.9207162645218946,0.3443754313319531,0.5628909328981317,0.840935133461107,0.8088320871460861,0.9093517418814727,0.8854653687977854,0.9093913043478261
cg13680246,0.9184060353458015,0.9115272331334743,0.9005263113236106,0.922815268876853,0.9352063688577958,0.9149046627725494,0.9277670684640162,0.9274710590938553,0.9604411107042348,0.6055452347521371,0.9209911681290148,0.9356004526171273,0.7580472220459451,0.8697602099296509,0.9222037257897575,0.9657628529073317,0.9522642374482948,0.9393640147883686,0.9539758403041558
cg26950756,0.9796535858477571,0.9795807224135153,0.9796935094556336,0.9780369024349557,0.9040725445764706,0.9773655332213265,0.9790807071646135,0.9780959595876287,0.9857141498653412,0.59721971253313,0.8587931877689646,0.9845962752198603,0.780642412013461,0.7460109318465056,0.9675797270028064,0.9827341202086302,0.9638010094752597,0.9740840824398185,0.9794578428538813
cg07880190,0.9436587262880903,0.9453690818805913,0.9397123355691928,0.9246018033918948,0.8180591253655746,0.921709623435079,0.9515664898686731,0.9473625675439471,0.9177750239878786,0.502339814238174,0.9388954072966058,0.951070183309888,0.660609760808559,0.8927546083121439,0.9507279580838233,0.9494932696503601,0.945398387689272,0.9207395309096695,0.9217115071759152
cg15683542,0.8979074751596672,0.8773717718240686,0.9170896152718453,0.8736103308019638,0.8384293756167468,0.9031569270228912,0.9024419573261651,0.8880281836547811,0.9445619606666021,0.2998643496946871,0.7498665744600614,0.9269888812903757,0.5439944318140691,0.5465607017527425,0.9003545442827552,0.9352741159253157,0.8965735971155715,0.9203596222560904,0.9043758934057268
cg10583651,0.9309901495629164,0.7624148535194106,0.8674749201066425,0.9184386815777603,0.8329506880180464,0.9127244333384037,0.9060470527948092,0.749385155409439,0.9124906590521162,0.2845340614214029,0.9046647050567809,0.9392704838303341,0.6515772329063414,0.5326502092947178,0.8642029169565413,0.9172978266500976,0.9066052237433633,0.9147841235124242,0.9149253682745214
cg18289508,0.8946454169922393,0.8723374865561979,0.934666298253227,0.9434671089231927,0.9293662982388542,0.9484165097005157,0.9547928089249103,0.7598805387173571,0.9613618402277117,0.410522405786788,0.9534404425333856,0.9462987671579113,0.5731241609994211,0.8552199672602107,0.8930001752989374,0.9666832645367158,0.9438064864257709,0.9518710826065124,0.9524334851270113
cg23005797,0.9701024620701184,0.9657263622163007,0.9678780470429609,0.967921543173087,0.941351888667992,0.9712379457724499,0.9724665504436107,0.9671084588161821,0.9733940256657058,0.534782878027628,0.9645467058530002,0.9761597296579583,0.6779994631833229,0.8971662185103504,0.9611446490435303,0.9805551329649944,0.96739064692842,0.9680234279859277,0.9707697459694781
cg07340499,0.936551656952178,0.8660903373042339,0.8947115739422211,0.9419641546615647,0.9457540108337791,0.9384701964690526,0.9392921818351281,0.8058001929851993,0.9304107035897293,0.604694065862365,0.9564457347964107,0.959455866623139,0.7505340630010828,0.8694188262988121,0.8828780776092227,0.9408769434119928,0.9499548951615212,0.9405051425998898,0.9445440107550549
cg06828613,0.9452953616077882,0.865865051433381,0.9305767987598683,0.9419358391107369,0.5328965053054306,0.9424229551483184,0.9475990574735869,0.6179923041389932,0.9247698220488618,0.269224286032942,0.8793267116085332,0.9665695780092504,0.4229283160414372,0.5979293476426928,0.8597359926746133,0.9461257562417993,0.9087490117509773,0.9285389512919625,0.9396003290847774
cg23635663,0.9616321461998715,0.9538497217068646,0.9468988982119899,0.9520132256204177,0.8909827404015498,0.9440362811058113,0.9385525304291319,0.9480808672721945,0.9596685403470451,0.5500227634873662,0.9514023432154265,0.9619456679232703,0.7452625488210618,0.8349695800755654,0.9273543272538904,0.9604298145015718,0.947796667873988,0.9513501085177386,0.9569386647367468
cg23506728,0.9287866385086655,0.9060066377197981,0.92725208477953,0.932444905996837,0.8817875689447426,0.9380676624267075,0.9289970219988206,0.8951677566155593,0.9559946896368013,0.4447117109027429,0.9668947724851067,0.966596164524972,0.7225357360907633,0.8535366600022518,0.9499457566583519,0.9566470941261274,0.9364181629185506,0.9425770187892146,0.935473695756517
cg27297043,0.9624682305689727,0.9502155737408351,0.950825164386478,0.9486093906771592,0.9232063855128804,0.9500702605187223,0.925517937120991,0.9296362090863719,0.9434792842576979,0.546430163732457,0.882599070058232,0.9755106696337448,0.7084453264156694,0.7351967719350849,0.9112358158526066,0.9551376490054793,0.8971106871634995,0.9490768189368148,0.9335889084172604
cg06288253,0.8780954646773255,0.8204602415128731,0.8277211145816736,0.833852593425384,0.8140976645435244,0.8071459177429268,0.8465942895761939,0.7685873123084117,0.7996456474668748,0.4882027235995411,0.7549536301734499,0.8556577807808661,0.6557188461649075,0.622652151580717,0.7666973880097424,0.7745762584539917,0.804653398646271,0.7786850104751208,0.8202818601042968
cg21814995,0.9472012649394457,0.8695821767715408,0.8494149477042212,0.9328957579219425,0.849092027417451,0.9368445055034875,0.9194841799836087,0.9336859060906555,0.9216835401238468,0.5487677900385997,0.7506905151010157,0.9596557999382599,0.9103021552474642,0.7229263507887463,0.887399487380619,0.9528431969182936,0.9188761308116616,0.9148099135266736,0.9467817885320707
cg19622138,0.9434963811763215,0.9388946695961561,0.9476317101484004,0.9470413125529642,0.9317827902000555,0.9404382409544982,0.951671507958193,0.9506456290606002,0.972475355806474,0.5993782872176371,0.9677820061900617,0.9605543368993559,0.7176487576364521,0.8636670030027744,0.9475010431360149,0.9620759390563367,0.9470146831519619,0.9484667566571163,0.947004881594562
cg18835815,0.8898251314770835,0.6674895449947743,0.8397272357098382,0.7919761539899288,0.9357335591135868,0.937438028621685,0.8348601542694437,0.4991056005848298,0.9503969380485515,0.14594454393774273,0.76833117197985,0.9071054488884961,0.33434007493011353,0.5578010100168445,0.8270681155270002,0.9435757163358396,0.8467078574293904,0.9269565259986412,0.7021023091694117
cg18051361,0.8779373087147362,0.895583527266473,0.8924708878602913,0.8968624501233229,0.8739739164587672,0.8936095670772255,0.8882734350648303,0.8850788172917983,0.9192312412020158,0.6336951594928845,0.9371499618793409,0.9162671601030858,0.7531324670431494,0.7268564460122505,0.8714707568562017,0.9217511448624733,0.9050789183082358,0.9026448384320522,0.9264820240489333
cg05519606,0.9292726004399678,0.9269331816192391,0.9211460020231896,0.8435375195782095,0.8423167562956274,0.9292925404514183,0.9440767274980751,0.8651113927757064,0.9246382140762854,0.27064025033463596,0.7728138385103666,0.9486026767653775,0.44824059531270166,0.5620386851876066,0.8607871490690038,0.9534891941881323,0.9320698005175195,0.9200838884539935,0.8356254725236634
cg23271530,0.7469742262368172,0.7880042110580824,0.7826995170797201,0.7393968071253242,0.7715394995305426,0.7231830189148145,0.759321554810221,0.779873520219353,0.8126272666948811,0.23658564849496266,0.8316842622962102,0.809478897762165,0.3789053135704322,0.5015276982053394,0.7660927504455772,0.7726650107055402,0.7534761148895313,0.7551299739006121,0.7726492493876698
cg24559044,0.9462466559676606,0.9238774253306005,0.941416110652942,0.8895735445284811,0.7902895321593276,0.9312155769271097,0.9440666490828663,0.8749494932236062,0.9581573498739377,0.24079652747321312,0.5519814163667537,0.9372371780053914,0.4821407249156452,0.3735720509925664,0.8799063744710591,0.9619185597513286,0.9289220986981821,0.9349555511019169,0.8424011096754859
cg03256597,0.9442028751761955,0.8923656282095173,0.9138927619723372,0.9307049287714637,0.9045369972806641,0.9198494052035204,0.9367035842075261,0.8564952607720133,0.9053767335342213,0.6168306491507722,0.7383653392065987,0.9325874942754988,0.7643803886243726,0.7663323942737107,0.8919850657554929,0.863362923717594,0.925220898155273,0.8885822501911957,0.9198057680988817
cg12597472,0.929237009937375,0.919774714092447,0.9223010132959631,0.9388202747660688,0.8421524381469779,0.9461428142441397,0.9040343906367292,0.9056466552029757,0.9426998792140082,0.5717840362909677,0.8253301520277122,0.9443928450853768,0.6925757307551359,0.7121145175144805,0.9175843285737637,0.9617254314446935,0.9126804016123008,0.9310505486259296,0.9318280562253249
cg15001636,0.9267584704185081,0.6007848568790397,0.800633020384825,0.899968053855877,0.8794736262526154,0.845705606090625,0.8984513044795941,0.5858895705521472,0.8378498109130199,0.4355018735549709,0.8987384669920471,0.916165744192937,0.6127197223960408,0.689078314226311,0.7491691058580533,0.8364147522733641,0.8772998336276665,0.8086628805940623,0.8875376779960503
cg27518047,0.9361706742040017,0.9317276045777914,0.9305019216411969,0.936396601330804,0.8827624886928074,0.9430016676541239,0.9344436650274011,0.9517449412531539,0.9362296613579544,0.7307799942758282,0.9590393044142169,0.9515876181461718,0.9023196364891507,0.880625427327201,0.9441798566341734,0.9497014479743248,0.9230211470468087,0.9382744876782103,0.9369693754280904
cg06994022,0.8050075676359114,0.8146644688349655,0.7930156515173534,0.8024913384305388,0.685151398569206,0.8056635373712016,0.7848678588300613,0.7546546843654278,0.6595958855948312,0.30304341741770224,0.7573318930006107,0.7920837835567818,0.4856875909105835,0.6525627483829084,0.7680998265558385,0.7782532697815651,0.8082423868773003,0.7663478483632757,0.7726652409631153
cg07292773,0.7718902150271354,0.6358888888888888,0.635620648657484,0.7639225332763822,0.7563299072449235,0.7747129823139067,0.7472781037588379,0.5312563632661372,0.6967981943181268,0.26019601644008855,0.5285534338410247,0.6359938671250128,0.35293894144914323,0.39387939358484825,0.5257604067241806,0.7970671015014154,0.6801660694706442,0.6991075473064445,0.6501848428835489
cg14151158,0.8536980994807782,0.7475574712643678,0.7769025785733243,0.8417062821173147,0.7256637168141593,0.8393902079878366,0.8501161552047448,0.7278878685355245,0.8686275666471767,0.5663393159498815,0.8265545298545938,0.8786110916545531,0.6901178511300444,0.661019045197927,0.7369085993123693,0.8886185777746485,0.8648392516384422,0.8496684355828907,0.8695932397593813
cg13134634,0.8851094068477392,0.674366744751996,0.8324007876745484,0.8340406266101505,0.6130812303131119,0.85620479066069,0.8608578662092552,0.4169273420822529,0.7754376561728813,0.29691280264412456,0.8224898234227485,0.8663065492791091,0.41891838233177503,0.558407520087458,0.6882743977049053,0.8193598530723898,0.8610906417892259,0.8237505838230175,0.8045478989326487
cg19710184,0.9343580106489084,0.8799363718099453,0.902602925152883,0.9292583781592155,0.7804536032191196,0.9297008661904005,0.9009035338135234,0.875662868103351,0.9441915304122865,0.5533920885427341,0.9077891250685188,0.958395636496417,0.7860703921422725,0.6900419095893149,0.8607502911865546,0.9327844146091705,0.9239909887007061,0.9320172694037184,0.9354650484303886
cg21694161,0.9511452213104182,0.9459202959028217,0.9535537897959665,0.9450939923891084,0.8381912003653151,0.9477956788361537,0.9446683536309236,0.9360259374518654,0.9375943125196182,0.536338319587768,0.717446202481439,0.9425294373970716,0.6822132957298981,0.7829253193404767,0.9209495715744134,0.9386343419549987,0.9396395630893273,0.9339075222207824,0.9427010009510004
cg01192952,0.8365677377408223,0.8352161414559767,0.7998313394676573,0.8148041908742435,0.6921949312886275,0.8207325803717912,0.8083716722820196,0.7800263756399803,0.8681048306449284,0.517543241161584,0.8376795745497061,0.8731169323264434,0.6533316841118841,0.6583992676806498,0.811955867620269,0.8635902623078997,0.8332602249764822,0.8647199660540712,0.8461488569611532
cg09722826,0.9530075025966624,0.5001762296159311,0.8546916840924943,0.9308833930038587,0.9046216481746117,0.94415907462273,0.9112680576438814,0.30814869351193774,0.8225036858222623,0.05964013826864567,0.9580615012740195,0.9675000008293477,0.13920957599111883,0.39695198506272517,0.6981949095896152,0.9199814834166377,0.9059475777268887,0.937929839275053,0.9336716041418336
cg23713768,0.93467278463115,0.9204451695330796,0.8741835426878461,0.9290710568626916,0.9127243187509031,0.9211033286945038,0.9083437662639295,0.9136760935438208,0.8803594653677824,0.5536194849028772,0.9242040366724174,0.9395411745487274,0.6889288346225652,0.651936802553397,0.8440992695672738,0.8918183300894208,0.9002320597007443,0.8896162013481145,0.922867130572347
cg25893560,0.9194914121364812,0.40409926655279815,0.5051994009862741,0.9218966329805864,0.8262954731547549,0.889897521328689,0.7331134907438199,0.24326613586312046,0.9059210319357761,0.061610927932171454,0.9164305902003838,0.9321748614508794,0.21592460188495288,0.452612804548951,0.42970995010014973,0.921781241765011,0.7192424845677514,0.8982398149927291,0.9084388185654009
cg00338529,0.9168220319151579,0.8706657411400452,0.8155986735308983,0.9235902099783868,0.7974393965897224,0.926781487306213,0.9005067052011687,0.9093082141047852,0.9393724270499789,0.49412975301295203,0.9481192735219315,0.9791941940527673,0.6404631756242034,0.7671087973747293,0.8926387854825885,0.9391554944533791,0.9195812242586876,0.9443878658631517,0.9419216442249704
cg01817067,0.8831997189469887,0.8319918020462729,0.8353474074262999,0.9043576695942569,0.8494937078384126,0.918903884298907,0.8429732913882546,0.85434619786703,0.9334521060628568,0.564693443011412,0.8392498971447767,0.9389947951812163,0.6447858839737234,0.6692707615944642,0.8456957652940974,0.9461419238868771,0.9026901316200261,0.9208219694466877,0.9363400729053825
cg01924904,0.9669281142790568,0.9650128479622195,0.9686716695757513,0.95965538453277,0.9360068683413096,0.9588367164589195,0.9629997729038009,0.9801342135735253,0.9711684169789614,0.76513427565484,0.9577173778253102,0.9767263065589155,0.9339717908219776,0.9078041911484027,0.967737965506664,0.9759660598795412,0.9679936067168138,0.9601417798104034,0.9579567858419942
cg24068972,0.8849883194840735,0.4363618368962787,0.6805812305265437,0.8461185075910168,0.7024426350851222,0.8540884658320224,0.8914674402905409,0.32995272228153116,0.8632438960357289,0.24152910512597742,0.6357699359139284,0.8760149288961558,0.31071569790431003,0.5651668634368867,0.5382722586398956,0.84493474125712,0.8754170277093849,0.8390215406896324,0.8550582925911997
cg02003272,0.9394101419154433,0.9182018510356985,0.9300172514591681,0.9433769248078965,0.922533830162777,0.9383452798629716,0.9440424679720785,0.9447623496438164,0.955486179366141,0.544200306591722,0.6941994810381127,0.9562003226316944,0.6193072806220338,0.8114009113440293,0.9224994825766151,0.9514392719405915,0.9449672531048006,0.9361601999442071,0.9458144892908952
cg02146933,0.9519564210610408,0.9499853988370643,0.9543920033897282,0.9527130547955369,0.8263974726070737,0.9440073467830006,0.9353166187140294,0.9424901981828419,0.9502367435246503,0.6126109498618676,0.8070242728451593,0.9684250324368655,0.7190792108326544,0.6853448335860911,0.9380457324337126,0.9488216551956504,0.9056261091078874,0.9377690994239065,0.9399294495275792
cg15722603,0.9443297542278029,0.9311629424600907,0.9282560952781589,0.928390206102661,0.8684975046926151,0.9440834261152403,0.8088824317078596,0.8970984551811514,0.9343444570636296,0.34850770142598475,0.8724872476977295,0.9529497699763946,0.553958389072833,0.514690707809015,0.8444439367468819,0.9260203775152513,0.8121651471718313,0.9202704300083442,0.9311774760934344
cg22664614,0.8209430086007716,0.4660959563397016,0.6456337352617536,0.8748968302775766,0.856523561486677,0.8938394409999554,0.7594777678332467,0.7049441057755728,0.9745551029416066,0.08309394062333919,0.34789719622191306,0.9217187520249602,0.14766573144877257,0.23182651575666136,0.7814671244815203,0.9606935272699699,0.8973415577545109,0.9454508604011879,0.9447821576064739
cg08018572,0.9289987896644782,0.750698215636393,0.9164140063976784,0.9496032658724585,0.906102113783178,0.9511771445188574,0.7932466273094381,0.7145010420289409,0.9769393018259074,0.21092205384613205,0.3863521805867224,0.9310190430476892,0.38188500320180824,0.5734175913673109,0.8924969203723874,0.9731921614362733,0.8960120262192082,0.9608041837730315,0.9579523411816662
cg04162316,0.9107983373066812,0.734375,0.8664131378123597,0.9055698621722075,0.8613595706618963,0.9073307166333955,0.9062756447002129,0.5933941694258257,0.9305438133768067,0.2826007549007671,0.9388432269619085,0.9398309415008588,0.3763298671635511,0.7858435600464292,0.83818443581129,0.9355080420661924,0.9186049898521154,0.9112024201617202,0.9308388157894737
cg20687098,0.8064461691802786,0.5708785092521799,0.5565050413546181,0.8652688505479135,0.7033214379243592,0.8405305901086441,0.8590550588638688,0.22646350432412288,0.5375695452914476,0.11224731010541977,0.5303005540638004,0.6348458912576536,0.19747444062826247,0.2936860913123714,0.19471086315970798,0.5652513809121053,0.684398917701474,0.6133232545245924,0.6380666263007839
cg04214430,0.9279046055584058,0.9069402007856832,0.9195209056488247,0.9293576090523064,0.9184611757309022,0.8968655217654828,0.9266312792086484,0.9229692908167023,0.9403705207874649,0.5768140589569161,0.7463590979764323,0.933586701679992,0.6585502771735317,0.7941618268601318,0.9186401856137584,0.9298714394695187,0.9376585337275014,0.9162695381210679,0.9326767676767677
cg13777287,0.9382796624459615,0.9371761181099896,0.9326251815728691,0.9421289591340067,0.9193854105966794,0.9417305367053842,0.9287351856218022,0.9564932810546332,0.9505594770885557,0.716799829379185,0.922385909047378,0.9496655733272905,0.8128261890238402,0.8887340044773858,0.9281055711307247,0.9555423259190465,0.927768565196289,0.9324241643967524,0.9270150486388582
cg14673722,0.941674764754682,0.9229986868777333,0.9348777212061661,0.9354969169147268,0.8741616503746835,0.7733516109690712,0.9315419916568854,0.8959330995125137,0.95100877905528,0.5320385239705362,0.9600057701507937,0.9567648991086372,0.6624655708313313,0.9012083795048638,0.8990596807117404,0.7779977545347876,0.9297466346403609,0.800123328062733,0.9449859203818582
cg00100804,0.9359154032508106,0.9447138626128123,0.9431503213595482,0.8927002873021975,0.89681787749016,0.8814415242023619,0.9404125909681409,0.9532062953723744,0.930585967398047,0.7353208644055568,0.8904492980415892,0.9303089020287382,0.8479308270188245,0.8958257731690822,0.9248812881864137,0.8574123027448686,0.9315598727904983,0.8852650434370606,0.8778466781792222
cg06704884,0.9281903984051634,0.9320577926190633,0.9285790950055405,0.9241849485453112,0.8814327818330245,0.929504749544968,0.9185228434062498,0.8987660703660612,0.9411045341869579,0.38988823279197415,0.6395330341328862,0.9606947714733942,0.7520358735539898,0.8055494624892935,0.906633916256792,0.9520681247372189,0.9273979451713166,0.9228522412549567,0.9326997467662163
cg09567823,0.9603391419973041,0.913012744508281,0.9302918378589065,0.959627592684881,0.9503009519740431,0.9574590101691707,0.9529806442832185,0.9404579588092135,0.9733714266694338,0.6931158244201886,0.9490598885685116,0.9704696162374131,0.7799747521515792,0.786465757066482,0.9326332772906429,0.975657803429054,0.932047610570697,0.9587821299796548,0.9610078215801279
cg03404211,0.9387276131766871,0.936174834710493,0.920989262447385,0.9401763057706314,0.9576833654794248,0.9382119858882902,0.931840320458653,0.9159915691854459,0.9464198594665763,0.6690343378433342,0.8743106647415443,0.9498798309475692,0.7993389820145511,0.7623332253912163,0.8962098934623577,0.9445884004638677,0.9284020727128806,0.9278219041418729,0.9305547418402724
cg22858308,0.8845919965350323,0.8215145445070395,0.8334958602799128,0.8671986093759909,0.7862473331537346,0.8620707109751432,0.7665637368977164,0.7494094143165152,0.8359787029081462,0.4536219419591375,0.9264287325552374,0.9037205282031799,0.5837353894333529,0.73462923808326,0.6967292928230779,0.8715735959801143,0.620121482711675,0.8096326077039027,0.8580164256234168
cg07172701,0.9606841559029612,0.9272355696024113,0.9487261402814076,0.9033756134315185,0.9320127475660369,0.8555692013734124,0.9632647448740919,0.9516935401942548,0.9627736258519068,0.507331246336756,0.8325807215270948,0.9526305636633141,0.898746089028092,0.8994955397561482,0.9516616023477391,0.8159463521652185,0.9607861777103677,0.8372030154479584,0.9116324272772013
cg21927637,0.9271016086604444,0.923310634701899,0.925934443956197,0.9243838317730753,0.8907580827491803,0.9172173229436034,0.932900276567785,0.8802003873181181,0.8961174056667344,0.7260764386507845,0.8754543321019059,0.9221944656817838,0.8121746121648302,0.8217080046929257,0.8863330045886282,0.910567762029931,0.9325842765577688,0.8921765041336583,0.9110346665164126
cg11465943,0.8994837036337093,0.3883655433621443,0.6546801236407921,0.8688024967925587,0.6935022476501839,0.8851397597081379,0.9000815511572867,0.26471548253726473,0.8924672033228737,0.1700348432055749,0.708713768940955,0.9188277138685437,0.3205419375048947,0.5930676535391974,0.5613801245486004,0.8910652496292635,0.8756417033970502,0.8729381819725424,0.8919184959149523
cg03120102,0.9163650970217329,0.92371003490495,0.9135592696854016,0.9271788898215336,0.9121676956090443,0.9193080022936762,0.9344838461231976,0.9071361342885528,0.9392939320296043,0.6211810117561243,0.9501847498490982,0.9636732292362795,0.6913128640611592,0.9065783567269505,0.9162607955466455,0.9421508740887238,0.9210605846543807,0.8955404341380575,0.9194548107808345
cg23278018,0.8197187552699641,0.838190460010076,0.8244701479020446,0.8457344720563622,0.8757069150068396,0.8451133936617603,0.8237699619505332,0.8350946002881615,0.9296065337394992,0.49638923176243055,0.7958532429046112,0.9043790594348584,0.6048578600278035,0.8766171860261278,0.8710727742880477,0.8983119577784066,0.8341385282856832,0.8791005476827459,0.8953594790649366
cg12108146,0.910482623172765,0.5126349180429703,0.550396726166748,0.870357064192297,0.640771601575194,0.8687602522035069,0.8876167160326749,0.44545094801825347,0.8310039638781761,0.23975388409166778,0.8131271167708491,0.8742294501056418,0.2801755394975848,0.3962027273905328,0.40798499307294145,0.7385477351129484,0.861642355238903,0.8309182727515794,0.8402931855505991
cg27109907,0.9369358348823205,0.9309719963076886,0.9251818331106376,0.9400168982785277,0.9158633048845466,0.9363131188714621,0.9380554289958383,0.9315336340166823,0.9586693125443577,0.6492061495873751,0.9547763944264597,0.9490750670943877,0.8406987755309048,0.838410895487651,0.9213037388282745,0.9586246408884647,0.9391209766664428,0.9360136026660335,0.9492426082755011
cg06074534,0.9478034402805326,0.8892679328784805,0.9127971655705788,0.9339985033831878,0.9510368209414176,0.9163186066057065,0.9165625485900275,0.8706414880826084,0.9141207131087957,0.5781406002231749,0.8724937534046965,0.9083538545376416,0.6539750122146996,0.8971309979366868,0.9179421181237378,0.9197561320059842,0.9166501633387221,0.9194579514266481,0.9261650578533529
cg09526693,0.9586812310665089,0.9121661325505932,0.9554142490055144,0.9482336282497508,0.8464975811274592,0.9514427884240073,0.938429054031598,0.9588446487123454,0.9481092860356632,0.5281909790530677,0.9686388448138453,0.9462658985117532,0.9400973933630502,0.678095562423956,0.9477231218748396,0.9556188041172871,0.9349112866791514,0.9457580091646689,0.9487074132106834
cg00843117,0.9664163247041304,0.9601579565452993,0.9629617552092794,0.9626162016957754,0.8422812033898573,0.96489348439457,0.9684516028454824,0.9340331238180429,0.9636540548782013,0.6937964214907114,0.9212889967863813,0.9719212180255746,0.8761334385866167,0.851523595511019,0.9472925736807671,0.9778584974221278,0.968003078190733,0.9643927439088786,0.971753333271193
cg15389749,0.9323460870595832,0.9296625198584647,0.9291528543215586,0.9479310838442317,0.9568910805751184,0.940131892246642,0.9480021589791723,0.9570534690187125,0.9834337658960819,0.6443462420190276,0.8804996092743542,0.967534064936403,0.7487416943528161,0.9254377321819033,0.9618848041365899,0.9777263201502283,0.9742292438660127,0.9704179718511695,0.9648763376029368
cg02222982,0.9151910334947466,0.4196984192346743,0.5747696057352303,0.8677159872390484,0.8155702534587785,0.8441308809508844,0.8520922647710943,0.20448341009372886,0.40588927808912123,0.09710502847832692,0.8130515720823155,0.7238458868814576,0.15223966792857835,0.4972833882118337,0.32528722739512583,0.38425991944874166,0.45179860536045335,0.40267946029944796,0.414145481229375
cg02714677,0.9222691130847462,0.8822962403427477,0.9194796976124724,0.9292111413874571,0.9274501271690622,0.9293421748303221,0.9225222597871259,0.8532878765772209,0.9190783589447259,0.5262691910973081,0.7741881343600194,0.9133294111920136,0.6783627164722069,0.810456861767137,0.884627986572686,0.9135607522092353,0.9223068541316064,0.9118866394530298,0.9175989614733898
cg11314668,0.8860009668383333,0.8675037084580769,0.8871559489280679,0.87011478587815,0.7886246580199785,0.8745034786984593,0.8708223232269657,0.8123574016396332,0.8901521984427823,0.4129934374812303,0.6137986691104675,0.8782032464750927,0.46463082498544017,0.5328167842425118,0.8048693280450737,0.8944529627415374,0.885006378546183,0.8984538064973688,0.8888201471089872
cg12768145,0.9350501495162714,0.9417117302728701,0.9344366985418024,0.92928224518782,0.8535165544065602,0.9321383004740194,0.9334180753861339,0.9134752262955665,0.8646962803521585,0.6996946839575907,0.9266131319440182,0.9453050950521464,0.7444181603281836,0.7875142619388724,0.9065565815703625,0.9219972092914127,0.9254544061171754,0.9315258252933237,0.9247705021848911
cg02619107,0.9378259254549389,0.8655631398082884,0.9009685932224113,0.9409856643195094,0.7256416110603684,0.9311489165252,0.926681368660321,0.7849126376468832,0.9356660548450759,0.6461885232994081,0.9566299205885207,0.9408503598985585,0.8316080827792882,0.8678565762008759,0.8284188370379468,0.9482424300996768,0.9264515636201236,0.9284108627733854,0.9441813984981446
cg04065347,0.8830305851081657,0.8654571907428056,0.8719599610608899,0.8905991718983326,0.7434659720500132,0.8913020943883663,0.8871564465142913,0.8442643760424248,0.8958159664139994,0.6259679632303101,0.8680391866475766,0.9083066031320673,0.6627638607372799,0.7076159927172995,0.8654429201623668,0.8927651092826122,0.8733456381431001,0.8975235670574411,0.8845283342035116
cg00254608,0.915521299877183,0.907425797197396,0.9137167108390671,0.9018072941359538,0.8210033580950442,0.8975663718754854,0.9077404686646278,0.8959798558652426,0.9137411139285845,0.7081829121540313,0.8551751071369342,0.9088095612787506,0.836817126123397,0.8041175778853453,0.8855074493767539,0.9201562957835427,0.902011171309197,0.8943760316435632,0.9043789701310988
cg17177599,0.9643171429489112,0.9494816128270165,0.9478827415255278,0.9688160333575649,0.9484817754057027,0.9705202014288221,0.9556202381911378,0.9621243828867303,0.981688991383767,0.5462888298419684,0.9572793116449716,0.9742420420477667,0.925475393272507,0.7687453998532996,0.9492386219912787,0.9860092678081331,0.9686319688136078,0.9652737897066999,0.9777102688570343
cg18121829,0.9598499508426023,0.9562434203230683,0.9592721242023217,0.954892051038619,0.8774739811582689,0.9609897148207243,0.967705021080001,0.9751887446131452,0.9747057325055288,0.7184648474517132,0.832430111568355,0.9687615138635453,0.8574754764831716,0.940349515630887,0.9709085248184307,0.9697129773103583,0.9676234004485229,0.9667164990748436,0.9551306175132996
cg06780308,0.9046140750776406,0.7602708817541106,0.802994717998986,0.9174107931858714,0.7649913978015352,0.9224851293569845,0.8219687856733544,0.6547503820370909,0.873163754290921,0.15251089501778436,0.7485879732212175,0.9070155460347373,0.2092630080852375,0.34220370554926277,0.725612846629898,0.9077950231554729,0.6658925694983768,0.9017585326240412,0.8968438105511269
cg01419713,0.9348676638842794,0.8609821639503283,0.9235631565380378,0.9460206273612314,0.9188781281215315,0.9456805655057245,0.9404635375369381,0.7915757551694906,0.9563389156131106,0.12173646933841487,0.7475967365657814,0.9329654882315463,0.18306072187611996,0.5284822447320359,0.7657802321530407,0.954695916631551,0.9419032737541191,0.9418219857923446,0.954213849625237
cg20324777,0.9502085647155671,0.9474961138097242,0.9468075023146708,0.9181409084146295,0.7744651831246735,0.9300670931975772,0.9415007290239013,0.9292510769860671,0.9233995276580504,0.6462602468061265,0.8953653957144967,0.9575950169762504,0.7841649594249942,0.8488941001542247,0.9502015233201452,0.9528763053231184,0.9419508937331605,0.9310242930045403,0.9268274720325602
cg27627381,0.890487502192098,0.6972955360052134,0.5688090416424318,0.8898937961259688,0.768281101614435,0.8878425342534253,0.856878669675454,0.4119170984455959,0.8698327006540617,0.22235434007134364,0.49684972424156565,0.8343565514300199,0.3663985059617871,0.3459998378388974,0.3885428167250836,0.8806897714809918,0.8503616746820618,0.87699985730327,0.8839135498899962
cg10048215,0.9488068592232032,0.9495882806737113,0.9480280229642704,0.911899201738728,0.911747598848249,0.8228415565311125,0.9315859970232772,0.9428526177021799,0.9290132517092828,0.6546760265467535,0.942968832892296,0.9476857739633066,0.7901940477311598,0.872071493544731,0.9505963421194936,0.8685694442749698,0.9319576290917995,0.77154999356629,0.8983991215316363
cg21103269,0.9734692567148807,0.9744935895668418,0.9751696531236927,0.9597592312382571,0.8461891221552713,0.9654370054823066,0.9623649228151592,0.9721489126469071,0.9695704956771816,0.6202766670616644,0.8668905963107472,0.9632688043826436,0.8960288384447588,0.721686338521852,0.9535380268718752,0.9709016507924209,0.9198037200505791,0.9573836427555551,0.9580855283683098
cg10249098,0.9836005614717254,0.973747758358426,0.9837391486855387,0.9845275699559928,0.9672985424104351,0.98564428876815,0.9559762035814003,0.981319031051123,0.8734725313919347,0.6423047311543956,0.9911326350847449,0.9880109607208705,0.8991142621775353,0.8615198598719824,0.981970268832467,0.9923878177789254,0.967830371477119,0.9889410318206706,0.9913578594614871
cg02891218,0.7990367318753918,0.6505205456956327,0.5987864275728806,0.7952905260832253,0.6429631504394988,0.7095103721972476,0.7780256410799394,0.6733567242771258,0.8412163978082583,0.409536517599006,0.7733806329144217,0.8193491419577927,0.6006638085882869,0.5344608055044309,0.6331418495065877,0.8367917049979832,0.8581736292835962,0.7969545539260421,0.8704010725839941
cg05842943,0.8775468675028473,0.877665902784517,0.8949684773156273,0.8809638945141318,0.8903187119884153,0.8992802037217497,0.9058661095447196,0.9156746113609698,0.942713290943142,0.6141785182944987,0.7712730124029787,0.8654299575862516,0.7692721067470434,0.79589861069732,0.8919039211594084,0.9524793890500702,0.9099923289416354,0.8955105979032012,0.8886948508382068
cg12712184,0.9522173582720315,0.8865885679660674,0.9443480366097348,0.9443934851830098,0.8008118568866233,0.9440047799769266,0.9476602856274688,0.8385820280296785,0.9402553052371312,0.41791666666666666,0.9361144368789502,0.9655129309533022,0.6088979483316347,0.6311549024795504,0.864697398625839,0.961573752654334,0.9359965644938572,0.9391261904186499,0.9560932508665806
cg09222732,0.9265564723683999,0.9200469851213783,0.9593853003980475,0.9201570061075512,0.77140712945591,0.9469529575032212,0.9570726640971937,0.9491097138155962,0.9392363241784658,0.6866076696165192,0.9224051208740938,0.971612788259065,0.8745270688587742,0.8545023218878556,0.9388392358985573,0.9478773835150162,0.9493604775281921,0.9519070983541553,0.9494498959262563
cg12564698,0.847528684187383,0.5133705117587757,0.575150753351755,0.8014497253892995,0.5703569776141753,0.8203942691357466,0.6942324688762411,0.31338168838541064,0.10590887701739032,0.037774402260253415,0.8559988488261541,0.8625313763288105,0.1005959844812847,0.1640991871572679,0.22796822482142676,0.6691211750342508,0.6286999175515906,0.749957077181149,0.7960256616984398
cg10287321,0.9068365627951938,0.9245700530007849,0.9173678074917627,0.9374637385586293,0.9026441249587736,0.9270518242760054,0.9226193521817307,0.9448096160325026,0.954246269082323,0.9404021424747683,0.06169709608080898,0.8460687657906476,0.8419906609620509,0.9410528177980131,0.915513087108891,0.9650145781656008,0.9469629459794067,0.9393659966764139,0.9430290565574272
cg18395354,0.9584489336210112,0.9562661388062541,0.9612853040010587,0.9515984020276712,0.8600605397343797,0.9524446855729922,0.9616484722515888,0.9661532718900983,0.9600881594572386,0.9642515344162115,0.1068850882519774,0.8968865415263987,0.9677965577419534,0.923938236705677,0.9679720269658771,0.9352944486436243,0.9415832987406949,0.9410990341604109,0.9473970193562498
cg00601124,0.9357787308433259,0.9659262076938182,0.9659540901847892,0.9665040754559266,0.8881192931034056,0.9653004141461224,0.9531267014617152,0.980380710205001,0.9852551518937178,0.9527086832591253,0.05487765581214832,0.8909333465107236,0.9581718215239187,0.9352901957583416,0.9795010641669281,0.9556541660020409,0.9556913841414375,0.9630062773470267,0.9634416720933825
cg03653880,0.9482705652136625,0.9538793552230762,0.947870558764563,0.9472182516001608,0.8861457765191116,0.9555094173031952,0.9535501956297352,0.9359315508691155,0.9402910541429234,0.926156202111942,0.17128095585311282,0.8976056021854335,0.9329969673010655,0.9314344989271869,0.9350678782241423,0.9545839853699966,0.9380026041547784,0.9375179949346166,0.932061703244302
cg20976977,0.9615933981384635,0.9797462402016481,0.9796899431835597,0.9787861238844342,0.9805132232189947,0.978264046891981,0.9822754788782342,0.9781692109045556,0.9844204171963137,0.9852333017259441,0.10948750152142504,0.8953270349350364,0.9771718353744664,0.9813114015138651,0.9809185888868115,0.9864364849055796,0.9715173747053356,0.9687350971621064,0.97772060754032
cg14733637,0.8786737793650579,0.9059033989266547,0.9052327032829626,0.9003401977694903,0.8824355971896956,0.9096115596115596,0.9040842688669264,0.9276940256839754,0.9302643062386103,0.9454984477406002,0.08660818388199634,0.8640067200197284,0.8803721754541427,0.8923882724130023,0.9030053381247112,0.9033806178663137,0.8934281148278652,0.8970810689109775,0.8920254057868737
cg07316730,0.9014294987871663,0.8982318579952098,0.8934594110271641,0.9123766744609956,0.9263728355396296,0.9053986760187511,0.9105073639483967,0.897575740507517,0.9334733508470144,0.9294371150462658,0.15312330836222676,0.8442427724464849,0.8971914584398744,0.8973756598273166,0.8859113720988085,0.9209581577576297,0.9226693553663872,0.9158089061564272,0.9074758022949743
cg26510178,0.8571995929699726,0.9152622673434856,0.9105305881986279,0.9230477182331327,0.9083161512027491,0.9241476578943788,0.9257529873743369,0.927170868347339,0.9540711198721707,0.9242922374429223,0.1436972239931522,0.8483994314037269,0.8884620856451843,0.9040572210556642,0.9219730133594761,0.9472411137194225,0.9198101673589516,0.9293125021282067,0.9428593640674804
cg08220696,0.9571198347359735,0.9614867111249189,0.9565322134664606,0.9700614511781249,0.9587449697989529,0.9677937689754235,0.970891790605398,0.9716652577291197,0.9750596697990958,0.9387564049040024,0.1226396550518184,0.8993378194930083,0.9579524193800139,0.8883807645035194,0.9524954724907616,0.9516669788277667,0.967369779715906,0.9634638576773782,0.9660000857328446
cg14495399,0.848713302274209,0.8788894629739761,0.8735534002495757,0.865679723312009,0.8866891837117228,0.8888773841856903,0.8338319872246892,0.9323742186843608,0.9304828740771778,0.8873608394997046,0.11253356111814233,0.8568735865455115,0.9040363251031568,0.8550003134890873,0.9232019995112257,0.9203525097801462,0.894134099661289,0.930291153050553,0.901628760520084
cg07960360,0.8993530443499833,0.9301801801801802,0.9356970919687897,0.9333982424824405,0.8727251917134028,0.9281301402567501,0.9315296336796379,0.9616395165528113,0.9656248070165031,0.9637329998436768,0.044904596488985385,0.7900449721995234,0.9581076599977894,0.9221562611987651,0.9665891841114196,0.950853534120701,0.9316425088945648,0.9441290018253765,0.938246536072623
cg08761324,0.9685652342389979,0.9694934466241275,0.970277325891157,0.9682309556154864,0.9689314352026308,0.9740752221649112,0.9761205232995537,0.9795806337314217,0.9713587622993769,0.9169813206635666,0.04767361650298063,0.8809165588456833,0.9092650604347785,0.9007186068417898,0.9727740746357809,0.9746719820048981,0.976726884681723,0.9714804217905944,0.9711121055654993
cg01884715,0.9217716807361291,0.96003962545931,0.9621365835771769,0.9418519508845484,0.9427496346355556,0.9337652769872831,0.9447185908627427,0.9619968070629342,0.9404166110182453,0.9134956784159454,0.018706094633169443,0.7832206221262743,0.9117172274011192,0.9160070251770032,0.9563843056021009,0.8999951183088238,0.9445084363411174,0.9140889691724996,0.9343996312279106
cg07044414,0.8826579596422264,0.8568395346455333,0.8410801541635635,0.8707540392399115,0.8182616692490838,0.8507385156286155,0.8633215498503589,0.8631291695953248,0.889380578598869,0.8798609851540178,0.09597601245668486,0.8022635627560297,0.8809968632048569,0.8955977440735725,0.8451787278317457,0.8403105107900828,0.8852024067212401,0.8285336657830997,0.862294757882531
cg00083596,0.9544464457545574,0.9516229516648488,0.9508634839577633,0.9392404438978558,0.8227848294953577,0.9386602704214417,0.9402687281485254,0.9406975344742271,0.9494124443682346,0.7944215401680105,0.031967049682738474,0.8514495362009216,0.6968038139222904,0.7143545185238034,0.936656073348068,0.9398318226410649,0.9076235353979164,0.927093666304068,0.9373048354427738
cg20561261,0.8690466955561584,0.8772641927548586,0.8695772237718763,0.89010827189108,0.8351439660637,0.8974022899048366,0.8857176118815167,0.9552341514757094,0.9454107017223139,0.950021141393457,0.05934548890086455,0.7907999725576111,0.9203284622750258,0.9192155820349521,0.9418952215368068,0.9322264261949462,0.9363979254778064,0.9308620522009117,0.9337502818740746
cg27157619,0.932537373231177,0.935111935809217,0.9296443145840039,0.9321781207601785,0.936799427604035,0.9126606945259326,0.9117494127818532,0.9375026625029945,0.9303282586047674,0.8687531321573232,0.13068272144714277,0.8562211956981112,0.8436696311806338,0.8001715646272571,0.9271456116185042,0.7940986262160593,0.9253886104509202,0.9177529253747904,0.924795041388724
cg12208691,0.9513378641568366,0.9631668196536803,0.9647675014071332,0.9597693594023693,0.9638410550114611,0.9630718075848945,0.9432036777661417,0.9633800224796226,0.9663938812264231,0.9694847482560058,0.073288598367522,0.8774510528227379,0.9494577086973194,0.9728305936511802,0.9657571605357178,0.9644898661283736,0.9560696489847991,0.9609650052620039,0.9611170273968273
cg18822703,0.930196277490265,0.947474085004343,0.9430253270215949,0.9505847545577244,0.9421982698847403,0.9477738997091515,0.94454622434445,0.9409243353583657,0.967545964071151,0.942452837953764,0.03997551036059638,0.776156887075061,0.9310006951583213,0.9304428568238791,0.9340007346834487,0.9592181308865431,0.9521513504693182,0.9521340503361652,0.9569108230547556
cg24128943,0.8535729084041288,0.9008069144284131,0.8522225880594413,0.8816530229994259,0.8603779815219046,0.8702739988272368,0.8259643246338955,0.9051900444784715,0.9280162752418954,0.8997549480354171,0.07583524175887774,0.8165799192318126,0.9164269637467213,0.904116723933925,0.8995571283784739,0.9353498394466606,0.8887526358903142,0.9148070160176955,0.9161026681812688
cg04329659,0.9149040779145725,0.9465530800624666,0.947838562491502,0.95400739074857,0.9420105754664113,0.9491669321929377,0.9449591997213465,0.9468449794975675,0.9604497947825517,0.891374323803775,0.08347156634463998,0.8513323356909308,0.7988617587878039,0.8374034462273576,0.9588097558483153,0.9776995235062607,0.9540526171930646,0.9511528151056745,0.9419285647616836
cg04923194,0.9146083659591508,0.9627107542690516,0.9662113933729894,0.9383878257916318,0.8015387293408129,0.9329704948058872,0.9618372557754635,0.9834575454227446,0.9470860642761485,0.9524280340256014,0.03138616743302095,0.8734248303897126,0.9165831951401728,0.9365988696555689,0.9739127285734099,0.936697358430274,0.9460517016475456,0.9231684310874371,0.9468736117643907
cg03822267,0.8904182393136814,0.9622129399649058,0.963818344326012,0.7981766747324137,0.7333140421115709,0.8263559380561665,0.9458192829453489,0.9636186142611572,0.880312499066191,0.8058050362532269,0.030791395635601237,0.783917684568566,0.7725301885483659,0.7237485341854722,0.9117471303209503,0.8184702675487041,0.922607328673068,0.8088121424839916,0.7691950257960917
cg27416848,0.8975479879200166,0.9475762367562297,0.943101545803835,0.9484079994019184,0.9505325155994784,0.9493624526897391,0.9443218426664332,0.9526278283345111,0.9619593712007113,0.9544835573714296,0.060411293950267286,0.8412407930938846,0.9507926801545379,0.9606323890086517,0.9460695095486111,0.9600732899910452,0.9504302988637222,0.9332571783689338,0.9475566454432525
cg26383838,0.7696929115387954,0.9307715678747164,0.9338511261442932,0.9248917527350896,0.8349286896440361,0.9259076355360869,0.9171686684304793,0.925529141429291,0.9380461660709057,0.8857406397300586,0.04479467248102348,0.8196098005412307,0.7711519191327088,0.8813435527173903,0.9065378267261357,0.9333910032825457,0.9213682741960066,0.9225593951910668,0.9198832083948051
cg03717570,0.9442195614032274,0.9590032154340836,0.9592643648949601,0.9567029686052682,0.9635643058041422,0.9561417655816561,0.9632300532638971,0.9780878451410042,0.9717638369085237,0.9825011452130096,0.05717576328330153,0.8243130117047316,0.9714032855799546,0.9722932108214306,0.9742468666054092,0.9731884852043793,0.9613142429977735,0.9586679454864065,0.9586944984963736
cg06099459,0.8793260841161441,0.9693119827411858,0.9658230423435472,0.9584310293485145,0.9024684071533716,0.9634169861448861,0.9640917245443373,0.9708493951689832,0.9834500756180626,0.9018946993236245,0.1475731132553214,0.8621493052392519,0.8938067721366793,0.9364013653244452,0.9684023431526673,0.9785854340998686,0.9674154339146143,0.9662172059737691,0.9648626625508988
cg27317694,0.7947407637925648,0.9239404352222471,0.9333068277319246,0.9388560128009514,0.9382414103070321,0.9450109091679142,0.946358501120435,0.9743632178396395,0.9636442740917657,0.9474218519248045,0.0692930860930428,0.7299963323836065,0.9703527756064664,0.9588814408244988,0.9491149967765842,0.9428405441285198,0.9500771652974083,0.950160613603571,0.9456051860780295
cg19277389,0.7650326999463197,0.9366171781287691,0.9278401744726181,0.9194426183192681,0.8098787632986095,0.9233708161184073,0.9346667246283544,0.9355558924957512,0.9181483011118251,0.9475748152079573,0.08227733203269338,0.7347819141994124,0.9071948050254528,0.9096500637040162,0.9055161431371648,0.9293107192050192,0.928040721709479,0.9047490193381988,0.9189022067717997
cg26952803,0.8675566861702965,0.9067102206185585,0.9207819820349855,0.8438330437057084,0.8125032160172613,0.9154329264344481,0.9144754446349018,0.9413714722236233,0.9155745607463915,0.9106503298736908,0.07688410870279339,0.8125344171432765,0.8141136919797137,0.8233183877340564,0.9527819263615878,0.9267330116878131,0.9259057080870954,0.9217354703187233,0.788592214494623
cg08515427,0.9407554331978109,0.9516037340502704,0.9515782766348595,0.9250229231079495,0.9272331098808986,0.927191858394369,0.9485382689595492,0.9414087681525277,0.9319550027397916,0.9073980519286612,0.17565232400708397,0.8507015357464054,0.8846625960799084,0.9106617875890815,0.9369390939451321,0.9247563009609386,0.9522226048848073,0.9149594955513103,0.9202296694761983
cg13888445,0.7986216066943825,0.9457599243245551,0.9490556427631156,0.9108589090877726,0.8802396492866466,0.8891633559023642,0.9143988069280916,0.9471548889348944,0.8276266158577678,0.9033944621264509,0.11898059726383224,0.7859677100751634,0.8854774194010127,0.9008472730153839,0.9417973739218648,0.8106294736821501,0.8989930672528569,0.8571771572941189,0.9001796650073592
cg25382573,0.8837483566137196,0.9266996106618748,0.9258218339536158,0.9138066057198999,0.7510299521211447,0.916913491106758,0.9167186722442514,0.9199413263336679,0.9255103557985992,0.8312251869633459,0.06260906095935984,0.8128229785307335,0.8429783462074205,0.8807145353116881,0.9200739895772249,0.939501840048736,0.9086450914695163,0.9131866926277944,0.9165386227126694
cg05213414,0.8603040196958266,0.9583109652765852,0.9659530163970586,0.9641104711309796,0.9042162707770267,0.9602371854509628,0.9595784879081833,0.9728955867418408,0.9661199750913656,0.9366413793323066,0.13342665279360788,0.886295347825524,0.9278068697578459,0.9407890059493778,0.9728592063045682,0.9641454825080242,0.9436132325607556,0.9573566416892423,0.9585634633800095
cg07441152,0.8940754955197878,0.9033346364376197,0.8937183395252414,0.8883492546007181,0.7744835469109745,0.8880591644321973,0.9056579314929021,0.8610286200415339,0.8409936761420777,0.7834685454219751,0.11806124839398947,0.7846215762164952,0.7524054631533988,0.7838917818461116,0.8410310438694844,0.8343455126419391,0.8532481317490912,0.8361506439730351,0.8426517233432635
cg26164773,0.9596020842004539,0.9673145239017951,0.9663512860304246,0.9434294489544451,0.9615107270842552,0.9474779247098223,0.9668801899879508,0.9676936431906825,0.9318640851349576,0.9506186355268716,0.09540401256432668,0.8723204148199714,0.9651915699322848,0.962124244942375,0.9682137055333304,0.9295980716783714,0.9693792758958354,0.9397274728908019,0.9405269726555843
cg06369076,0.8169179022187074,0.954137648208437,0.9515579629577803,0.959191943128237,0.9588456918812821,0.9602925494689981,0.9543013276059242,0.9653189178091895,0.9554275410256342,0.9657801600363957,0.07730184237933319,0.8167921888945232,0.9582981392025173,0.9564957753374559,0.9610858282548741,0.9633133327317756,0.9598997344790015,0.9598877092878442,0.9589795465791703
cg21985076,0.9025479563249508,0.9163880211795092,0.9172923691470309,0.9287716000681517,0.9311558481421712,0.9254287933935094,0.9252459745278137,0.9429547024130914,0.8935730701336685,0.9620623198804539,0.12973530226365618,0.8203035291411315,0.9593598124060981,0.9546844145932664,0.9318000989839206,0.9393881464279367,0.9365943866732782,0.935530312627421,0.9312979075149992
cg03680932,0.9055349484136599,0.9217528934612721,0.9358792464005297,0.9053767806432169,0.8581061148805259,0.9348738454247458,0.9182330217968122,0.9734534631164026,0.9656646352748618,0.9783498349834984,0.1531287813614603,0.8881654535766029,0.9816606299573609,0.9699395067123707,0.9738755124456643,0.9820780379165217,0.9638574101109547,0.9567420250504011,0.945681042114582
cg09241714,0.9348389677357896,0.8957072299259217,0.928470208642217,0.9291402170133851,0.9499171346037347,0.9306628524801874,0.9252669121763605,0.977507800147483,0.9655624765838384,0.9101311247383049,0.14899255364656006,0.9108140512120624,0.9404134142337303,0.9265123017639958,0.963518496868625,0.936846593577868,0.9110644930832934,0.9393752375373181,0.9407493854317347
cg00900735,0.9257185178983816,0.9493860651056539,0.9494980849082475,0.9458206462483534,0.944452296819788,0.9508717857872145,0.9489089712070553,0.9610136452241715,0.9624274138435778,0.9694186875891584,0.03971271242820153,0.7489865636449391,0.961519302615193,0.9548056869141008,0.9523414289435193,0.9695435059201192,0.9576926638521406,0.9560979765086854,0.9494371822803195
cg26575166,0.8505522515687095,0.9500897408575841,0.9531042142958389,0.9478132120893435,0.8538852232474802,0.9566538208241511,0.9420455458925809,0.9533812794791019,0.9565723976621557,0.9243820078806463,0.04571853681127658,0.7911521918293628,0.7855288979513724,0.901166367702676,0.9409570578256873,0.951786859751123,0.9444543103878906,0.9559359719722558,0.9490064256572368
cg27576271,0.779469403959289,0.9470767186293093,0.9504591221640974,0.9366599135079543,0.8900628309844613,0.9438959511139347,0.9402527595539789,0.9475896929668878,0.9529883478707183,0.9236503387402325,0.04612611928409299,0.8272971713135535,0.8430039118207504,0.9347292132296214,0.9510976056020995,0.9531108533774174,0.935865409059884,0.9371908855962423,0.9288084990758975
cg26960322,0.9270803112597696,0.9422873952152436,0.9506208750622367,0.9308145443852331,0.7057502687412301,0.9338765846972472,0.9350326544805749,0.9670872809686515,0.9164840557807006,0.913036520304211,0.031205124090749246,0.8649165211010406,0.8725654599037671,0.8614109801479953,0.9354715573172977,0.8387761705742647,0.9116053170108627,0.93429193256733,0.9165405697381744
cg21162528,0.92650052640466,0.9480846334049632,0.9429465612475352,0.9459130084178891,0.7695003560077065,0.9315019722575717,0.9370839360282226,0.9463490754500701,0.9182394948889787,0.8581505190998381,0.11851916488442558,0.8409061975762884,0.8192900747916547,0.7857376221430832,0.9327917495100104,0.9059425814507618,0.89114481962715,0.9227380550428737,0.9489840538560844
cg10912292,0.9505834811248874,0.961073674016424,0.9601747169077608,0.9515185796264525,0.9021695238042041,0.9462834740769712,0.9582987178907332,0.9710174241388312,0.9633503601209359,0.8583537578782272,0.09230420208966206,0.835053003247046,0.8555839028478903,0.738822434600307,0.9589430492048083,0.9517368268765238,0.9432959388645601,0.9255326854696458,0.9440372016136451
cg16618260,0.8708213042682321,0.906624119877821,0.9063537023154125,0.8806264816121048,0.8709500136613265,0.8618935713758722,0.8902231957648776,0.8808448538346969,0.8499446281188543,0.8219463430541907,0.06734825966126301,0.7272352724721002,0.8022212253099694,0.7914134838417265,0.8659789586153995,0.8335546557953248,0.8774333321742672,0.8307590897739797,0.8405630222040676
cg21394039,0.9630017790244879,0.960689771097021,0.96113134060542,0.9552786331033623,0.8321016456335404,0.9570313646511269,0.9556845810387666,0.957243259555499,0.9616303625358762,0.9468734060417201,0.11028987598998902,0.845521181132679,0.9487588153434879,0.9296417069725145,0.9531114797751785,0.9490879118346999,0.9562202200948944,0.9458060926221561,0.9431437831491944
cg24297418,0.9242668856386924,0.9605634347531162,0.9624995523766373,0.9469856224679445,0.8921221531257877,0.9613797349525055,0.9565485950402666,0.9798785044208077,0.96868825423327,0.7599914855992572,0.05401246612980565,0.9051566711369021,0.7921737168370688,0.7558473705408406,0.9752171842686221,0.982241439416667,0.9546252033189919,0.9664115734977065,0.9438433280971447
cg06541733,0.9779073280463232,0.9763559056176878,0.9823803586639053,0.9713491664988096,0.9355601086544375,0.9746154561577949,0.980541412734339,0.987719220223836,0.9793278580975568,0.9194982557253528,0.17259523345769195,0.9589589361183293,0.9228661185127792,0.944951057828997,0.9798803265394509,0.9756839201333709,0.9738563151622792,0.9754794557435345,0.9757369038047061
cg06013895,0.8764427367392882,0.9319362121292168,0.923969871467311,0.9219518572617276,0.9100974989912611,0.920716627538102,0.9329668259315766,0.9442356599507166,0.9605940092813646,0.9592734800031184,0.22155064934283597,0.8912076925475059,0.9497894390046332,0.9556718727257396,0.9514002653788388,0.9531094028886178,0.9588811169086977,0.9457702613932253,0.9449782116198691
cg13959241,0.9395933909960497,0.9582447819124738,0.9581468839283431,0.9289210478886863,0.9104470502038523,0.9454410864648448,0.9510328824367251,0.9553128204879425,0.9420450247543486,0.9290823707692801,0.19951563234849068,0.8794700861217977,0.9403362072979615,0.9482669233572598,0.9398768462179563,0.9251958326973957,0.9568518325870341,0.9430226739551297,0.934015004452831
cg15410236,0.9247991922864431,0.9390704335372998,0.9396494967858229,0.9211996585084955,0.9074572258689336,0.9153482223375928,0.9387607622610891,0.950530035335689,0.9480765503584847,0.9475595913734393,0.09497634149753094,0.8308007843510339,0.9409473036702891,0.9406129117269657,0.9409150332268634,0.9289076186225902,0.9396407426816147,0.9184071243553995,0.9249049429657795
cg15979932,0.7713608043227249,0.9410245665086189,0.9376903238639201,0.8205173652821337,0.8005508953548501,0.8586137832555016,0.8601448342307529,0.91502645128734,0.6514744267996018,0.8059100946748438,0.02462101156479846,0.7246929368826056,0.7481448488651881,0.7087302954812216,0.9034163316218782,0.7778541585045442,0.8155428765652395,0.737817875760824,0.7273503924579483
cg03529043,0.9069967958544205,0.9607605109733243,0.9647395365341027,0.9508006444557511,0.8466905022255774,0.9600860713522246,0.962946639857879,0.9674891268808287,0.971951819281679,0.9233145710301587,0.1121883688749098,0.8252205746650878,0.9281908195231735,0.8444006915361313,0.962220229429041,0.976008087288289,0.9346536227068234,0.9618227778864319,0.9599180471288055
cg07813851,0.864458418223353,0.963604205825277,0.9680618558423628,0.9622873840598558,0.7968330210342438,0.9614200969918765,0.9490203913387842,0.9643172018492605,0.9690618347505601,0.6318204154494871,0.034660307242625255,0.8316349897649309,0.6911791413493198,0.7926292739882856,0.9430859226492359,0.9631084890279435,0.9477250813259512,0.9582921508114441,0.9537506370682658
cg06530347,0.8652350807802454,0.91804059994311,0.9141224991041662,0.9207551180780336,0.8609095655592215,0.9124528885190766,0.9113471591332116,0.90347198861597,0.9118660542556645,0.9348971576518149,0.09658626463852671,0.782734678563392,0.9100487664790353,0.9105158123220285,0.9104060211658165,0.9356629088217174,0.933907758799952,0.91026987991825,0.9275728650146907
cg02213045,0.7682533116844744,0.9037922197477878,0.9028001713950073,0.956235295935437,0.8755802132101733,0.9511629642287416,0.9582738564121419,0.933886538110553,0.9614487470780664,0.8139535543461748,0.022232399128260312,0.7578976324094151,0.6755599855426797,0.7608867624952639,0.9261114173524512,0.9523989316260695,0.9313079241272955,0.9281405200768762,0.9461434873424575
cg01663563,0.8419116047168118,0.7978806854049774,0.8457994830077697,0.8866393771476075,0.9414711497671382,0.8403913362420761,0.9100897216971435,0.8814063850715708,0.9347912162873737,0.8198472022062422,0.1007971790535374,0.7900704453776006,0.8142285051404647,0.8926812956035928,0.8540644386033774,0.7207610068161145,0.9262910716881874,0.832125911734145,0.891532162850556
cg15613534,0.8834282178288232,0.9415525850907015,0.9291756416485244,0.9392453934262712,0.9305285517021282,0.9282933504202784,0.9306305635870603,0.9454838008368325,0.9505693901915666,0.888123540183077,0.040166539814743496,0.819787269273682,0.8790521336213641,0.9112839519472922,0.9333169096679976,0.9403555475181549,0.9251943333964996,0.9423446553177153,0.940785991230241
cg07568203,0.9339469451270125,0.9423016687534844,0.9442844999837566,0.9247015734812478,0.9313422238192275,0.9357737938455974,0.9346332731149295,0.9346623947608439,0.9384647683019629,0.7687999238203134,0.06574861876208388,0.8721419876594807,0.7296509062783694,0.7450409924335519,0.930354806909859,0.9491533749192884,0.9082731460389226,0.9305937843162382,0.9298937375271112
cg06100570,0.8963861902025037,0.9175207167956624,0.9185150470781582,0.9458210347951458,0.9161170548051938,0.941196933525134,0.9296462447518155,0.9382042206119208,0.9159956785117356,0.9447387298603622,0.16972420449078396,0.8849471892422154,0.9127544725110858,0.8406458381352573,0.932105494485921,0.9569086513118936,0.9347503335751093,0.9399176800620892,0.9423168144670432
cg06948222,0.748037200043136,0.9483776500399759,0.9445745707245876,0.9340187276982863,0.8077325225413577,0.9430186358853831,0.930392293833807,0.9498830229152923,0.9304665577518045,0.7943004893768608,0.04136396029926903,0.7140122322050972,0.739127914365472,0.6301493110856058,0.9158120547270937,0.949488297461685,0.8948160270502951,0.9230087260856588,0.9305403209483923
cg00148025,0.9283789909107709,0.9449204050013391,0.9378798213143149,0.9277994012947692,0.8293654857651124,0.940146234612502,0.9414003364616368,0.949822476245479,0.9508816722017126,0.9362883869518023,0.10890219161477971,0.9078619953855009,0.9177422057657117,0.8804252871497708,0.951501367425342,0.9459416306039499,0.9487707113582626,0.9355310221162443,0.9408534235353909
cg16510530,0.7445362488080617,0.9372897708069967,0.9404916138076955,0.8324700257995892,0.8301525194506285,0.9035749718543847,0.9258014654612841,0.9180215113782805,0.8331301645526374,0.7297999250639012,0.06829542747048511,0.7123783858116677,0.785927278423727,0.8700416593314622,0.924708518881536,0.7696724897000977,0.8998429320151914,0.8908857721235484,0.794574145401872
cg04077303,0.892647950915636,0.899317514046941,0.8748580620575674,0.9050463099184437,0.7433171627656281,0.9059984893274249,0.9035870659163245,0.9155892815988018,0.9270374329607435,0.9140578749479765,0.027123402127392216,0.8408356315920846,0.8603435775109873,0.7668172943235947,0.9397032697486135,0.9058105453839327,0.9164200977201556,0.9140998441848014,0.9139785928140078
cg07202461,0.917923550931439,0.9493876931991987,0.9500795265996045,0.9573266054071312,0.9460038401886106,0.9612687293603575,0.9489297128879655,0.9750679112568351,0.9750322899096426,0.9795274008669131,0.17168396948734882,0.8924962574911844,0.97584345273514,0.9709113379905603,0.9838673239884841,0.9738024397233812,0.9575748479420971,0.96422969698495,0.9530674329211012
cg05011526,0.9013761499590609,0.9311770952585832,0.9308199090241737,0.8996985182617895,0.9061264932849376,0.846285636979456,0.9451654926357184,0.9732984142400328,0.9195016800111293,0.9807700845114362,0.18016843250952402,0.8884274586393524,0.9498439595139052,0.9592863016974549,0.9621845246907894,0.8168231154946605,0.9268378423178405,0.8348274477064047,0.8847651212360275
cg01104549,0.9416530056678831,0.9718579390248134,0.9664935178517425,0.9691693971085498,0.927268774814146,0.9691420889829343,0.9681989522055521,0.9773830905079683,0.9803338971123353,0.979414443149231,0.1707367462506386,0.8702123257298007,0.9813068464953247,0.9813217222087687,0.9778782354862081,0.9331589956435503,0.9737377671053988,0.9694109726866645,0.9685535244042095
cg00187129,0.9344652141308051,0.9441434812925025,0.9472023904865579,0.9279090209798213,0.8606377298067425,0.9194823184049049,0.8337662051470321,0.9547009919959684,0.9587478999138258,0.9502147807632326,0.08856198960971784,0.8119300008960688,0.8721390596136573,0.9391003274663933,0.924223997781761,0.9486056585323821,0.7380602514914404,0.9150112383308386,0.9490543866642246
cg13586038,0.7864145663630269,0.8597759414935523,0.8618911193046707,0.858855718135331,0.809916329542665,0.8654782931443956,0.83194969204572,0.9636610727966435,0.9456053788230725,0.9402398526268512,0.06347080296342783,0.7023856850332002,0.9776548063357495,0.8908377006800325,0.9256360496161876,0.9402485793010402,0.945178213873936,0.9174901972981004,0.9336252021879405
cg19016062,0.9296987836295774,0.9286510954579784,0.9371362998289736,0.9458853120083603,0.9282266837828291,0.9446566992798259,0.9422275411499179,0.9400878089292699,0.9481425357284831,0.9081573173816917,0.067975311373698,0.7469689269067482,0.8659202962267851,0.8979879201515917,0.9346289431602613,0.9534614744073522,0.9430195076014455,0.9457203147100406,0.9519578483616902
cg11181763,0.914557545968538,0.940236929470362,0.9275619591526654,0.9474045614810321,0.8743835086428958,0.9396873910988928,0.9216802354799758,0.9419925520852332,0.9292532383069345,0.8857227573294957,0.14445845204547098,0.8666895396241362,0.8381664280045686,0.7869933930428664,0.9354610729085906,0.9383318420258294,0.9237120581397209,0.9394462036375383,0.9438728396014934
cg16222367,0.8029106577444438,0.9285127424325877,0.942227460436739,0.8894941992364489,0.9385491819345195,0.9292852019838105,0.951285752261888,0.9617807615125646,0.9499770428785301,0.9197101146862161,0.07507633641520167,0.8306666533114577,0.9201383305701605,0.851716098551804,0.9494897020661516,0.9538196392409415,0.960596709306689,0.9142688118083945,0.86917024543705
cg23349798,0.9086562131863566,0.9529092339912285,0.9544805253216783,0.9518448174645593,0.8836945922526235,0.9456390950427132,0.9484792784781256,0.9386509083292003,0.9471201789239202,0.941683261669768,0.11323687199470839,0.8228469847704702,0.9282917346635042,0.9479185109563735,0.9411888968822281,0.9476178717225792,0.9538641629278849,0.9441353320228596,0.9534282745286183
cg07006818,0.8527358049725158,0.9174760365466477,0.8945964716737497,0.9212282937128753,0.9373082779658013,0.9188742974544026,0.9332050538666935,0.9095929233292284,0.9689977286106208,0.9287756029320048,0.12281633955244282,0.8198090642584204,0.8957712813201744,0.8930388981601713,0.8299199631837381,0.9663758523153967,0.9406470456399062,0.9378843711954343,0.9541215771849209
cg16257607,0.8672686631260824,0.892629633856336,0.8915804574293195,0.8774792660579174,0.9118287104357496,0.8757928297852544,0.902083741609491,0.9402056162309893,0.9467979766871878,0.7467221363738871,0.1636993981103736,0.8440559921818113,0.7795998589396622,0.7666554679129018,0.9082421036703502,0.9313346173916248,0.9098219702626806,0.8845342474745834,0.9351549742642029
cg20086916,0.8954817093646582,0.8928585337247593,0.9201106283836458,0.9216987040169633,0.8718368915529137,0.9186015369598514,0.9234962002913036,0.94645055951139,0.9391740298172101,0.9104184319005989,0.06165816862848594,0.8390223723987271,0.8947492392406802,0.871931131474401,0.9289611433950671,0.9407982625574562,0.9457375710752083,0.933124223682289,0.9331095571134138
cg23035226,0.894587789042389,0.9090770890877686,0.888759253304513,0.922366816342298,0.8624696131570254,0.918085669132785,0.9050052163260354,0.9173401033358364,0.9455447734174061,0.7057768510469589,0.07177174885569138,0.844907101510455,0.7491336154585557,0.7399183881176521,0.8964785665387123,0.9593312931813218,0.9196840251280078,0.9277114452057065,0.9324827166266059
cg15832329,0.8979340743026516,0.9065634899423296,0.9120888921861159,0.9020283568254731,0.9114817982455627,0.8939069669788471,0.8953129505317807,0.9392214207957412,0.9021974944303286,0.8499607247346267,0.19607926857405267,0.8495223552819751,0.8153823515064801,0.8194522563248448,0.922482831130008,0.8532252345114673,0.876710362959493,0.8911350073783391,0.9148174005101544
cg00087511,0.8293439104330543,0.8870404892047247,0.8868601991250149,0.9004989302289,0.7960280246988071,0.8998931781034779,0.8988318920102206,0.8588919958369565,0.8901346616680661,0.8920419905968375,0.21077193454508358,0.8169660619463646,0.8450216715659953,0.8596213722644384,0.8682700448661824,0.8966626516793015,0.8906024699219857,0.8996670709824492,0.9090057273047003
cg14101687,0.8941452037382893,0.9623579100226467,0.9646110360195912,0.9585960505492276,0.9411801497141646,0.9614687773812071,0.9653014852124988,0.9574926748398178,0.9740198287525377,0.9619103687248767,0.19445776242789087,0.8801466755291952,0.9696684115592509,0.9648672706731313,0.9619501849318141,0.9744244558694308,0.9605919577468953,0.9581352696422321,0.953950916002184
cg03919013,0.7592869634651456,0.9003098661192686,0.9040309067183678,0.9119639243576468,0.9003598700193622,0.9024446723083721,0.9022102858317407,0.8944529277293825,0.9295880040155661,0.9275717122494194,0.09158870110398121,0.7779568699811978,0.8074424951767838,0.8216700435530988,0.8807269029520196,0.9149772833323471,0.9353837827624326,0.9051822029750847,0.9222619234614722
cg27478707,0.8603464588708993,0.8631890619018346,0.866023662173639,0.8862878616617279,0.9003086351734196,0.8727918840112892,0.8613512699950305,0.8580432058694077,0.9101383831938852,0.902444827834633,0.21814662716647282,0.8376560470833391,0.8408362270349254,0.8061332199081997,0.8314585561848934,0.9106615362517252,0.874665458402984,0.8571308867720311,0.9059254955698235
cg13554575,0.8820374789440837,0.9004796078012354,0.8957015384928149,0.8972666072445474,0.9126478509548446,0.9005161527546945,0.9026488770528773,0.9289181808207327,0.934894968688478,0.9390698697989619,0.2615939243351617,0.9049671480418207,0.9433577184139348,0.9187891834167156,0.9224380852712138,0.9507548915557319,0.9357738529483025,0.9354329318707282,0.9104072347548591
cg20278790,0.8547921124738768,0.9485218152304973,0.9440167191940073,0.7059040872887027,0.9398035010748556,0.9375082704360457,0.9575955611865401,0.9450373821484543,0.9482958789090232,0.9312909285524633,0.026926457588349578,0.7779209334469606,0.9203381809509419,0.9181359444230538,0.9495620658403102,0.9381246415908029,0.94889397886983,0.9283618174089046,0.7260881141786564
cg03717994,0.8923079161986808,0.9114138515975114,0.9059151913493388,0.8947060177895703,0.7537546862982757,0.9030734925910489,0.9080731270689419,0.907778264421994,0.9127290092430508,0.7853723980633309,0.11396957299319402,0.8243274934379828,0.6632203394424376,0.8312168258666709,0.9064792662838302,0.9327502783706743,0.9293266167447539,0.8764545283588454,0.8958646770876656
cg10491546,0.9329170316779605,0.9709968462741783,0.971327826464405,0.9631451800692546,0.9466042567614357,0.9528755744710087,0.9622972811567725,0.9709002038664882,0.9685848969779751,0.9427765845817756,0.21856278875651347,0.9309232520441151,0.953699679002231,0.9324362083797826,0.9660239966632804,0.957080149670076,0.9415146571663461,0.9469450626103506,0.9579506526526385
cg05934015,0.9376943879547184,0.9605132691746865,0.9603871367777321,0.9525575116477054,0.8305439330543933,0.9533890171196042,0.8147804689008022,0.9732305981412344,0.9458238281848018,0.972651080723423,0.1017522791650843,0.7591775823636925,0.9769997964583758,0.9035993170956786,0.9641319748506882,0.9651708856284152,0.6618929340678263,0.9459280817888941,0.9417162698412699
cg04903883,0.8664949855982045,0.9455326585596738,0.9291409107485047,0.9486042748387837,0.895266823404161,0.9197832213119457,0.9243704131827013,0.9497782705099779,0.9365053098089382,0.9246521807097077,0.16741212111621612,0.7715967185444302,0.951733618451199,0.9142108707303087,0.9266870382799238,0.9403385057608118,0.8950904568015996,0.9074460946749292,0.9309410968178741
cg14003090,0.9038749200667856,0.9078458005513281,0.9045368051319622,0.9054421414802285,0.8608692463831601,0.9223193007560493,0.8944027820554195,0.9403307582967824,0.9509219599701353,0.9127638969483789,0.18043381825016247,0.8984658510392123,0.8986505225775929,0.8871476478843046,0.9418878340126057,0.9347302654008118,0.9048881885745024,0.9214402564550809,0.9311535824827967
cg23900696,0.8599841670884142,0.9467370115884629,0.9427384115660705,0.9400130581514571,0.756358716410633,0.9291357375916566,0.9243848039053578,0.9507560398304723,0.9401450215155959,0.9338053374243437,0.07220906660832604,0.812931315427444,0.8993574046146892,0.9022464465093266,0.9446187961712907,0.9444407270450643,0.9187834187060602,0.9397427603272008,0.9507825399287458
cg19584834,0.8138973025079075,0.8543919433636977,0.884184953905518,0.8523205912169645,0.8395976090860993,0.8721078401076605,0.8284700036817123,0.9154442237504044,0.6810352397549669,0.7559801261820626,0.07870313205905033,0.8149174684068481,0.7568923054973359,0.7849980142608473,0.9101678128855432,0.8743434496327356,0.8271015869927101,0.8841911687595816,0.8709208652904604
cg14536433,0.8747992001270248,0.9392878221411674,0.9304521682182725,0.9268103627118172,0.9052966818506801,0.9307449908650303,0.9261743262597525,0.958711410917364,0.9612669719219915,0.9593352993953602,0.18579080029056355,0.8265408211299134,0.9634465948431855,0.9493840594819194,0.9434927371027486,0.9578942683410878,0.9336348674570122,0.9503816220786874,0.9435923756976308
cg15558717,0.7907827575876082,0.9533215257970745,0.9479312344146934,0.8556523639730262,0.768604700581632,0.93788692167374,0.9295414784326135,0.9564304222895603,0.9656379117117551,0.8026232918052394,0.04634541292322808,0.8361047791767081,0.6567337082094866,0.7565293247308036,0.9581179020845004,0.9637752471421268,0.937114371751664,0.9354240835941188,0.8498777264294065
cg26521448,0.9222202950137699,0.9211912517227466,0.9433438465553227,0.9325404602714369,0.9352431318076424,0.9365968607166157,0.9375786093215422,0.9499732779288514,0.9397406547103562,0.9415374381359279,0.1762781770340801,0.8605904731774477,0.791469692202345,0.9465183660076012,0.9351715204107608,0.9196603822898588,0.9321002945432253,0.9347445485861369,0.9467288994866142
cg13678009,0.9161660900474471,0.9342838726151845,0.9256015689810192,0.9108043594524694,0.8051024963832141,0.8782384089648512,0.9326256899051013,0.9330157237789998,0.9001278867269682,0.9281840078281945,0.11685131937793364,0.8490367976862603,0.8990902024228206,0.910150139317986,0.9272330059775267,0.8257392629438809,0.8994976530813807,0.8486419136840264,0.8794360588255247
cg14151976,0.7101696440522967,0.9675488530934788,0.964686005296441,0.9542399512835714,0.8477292009868764,0.9590864057606067,0.9655170748734064,0.967485216682041,0.9626911671488065,0.9409871323680902,0.04214731768576102,0.6892953664797589,0.8959245096216282,0.9216913680988393,0.9594425871168666,0.9539198715391031,0.9569169324764932,0.9584660640199029,0.9583477812982495
cg23087108,0.8385256683941367,0.9745878568556494,0.9756091948463097,0.9728923396520097,0.912662955910356,0.974017977804177,0.8980594797391821,0.9859201921793674,0.9850890193077848,0.9831442874342564,0.166353268555205,0.8632191874317741,0.9899520231737123,0.9846326034966839,0.9822764377399646,0.9861912347084096,0.9080335175802743,0.9750481920558853,0.9696476334457496
cg24831140,0.8723314136505143,0.9172871878415212,0.9226930817693607,0.932373639479627,0.9445686068874748,0.9317341757097257,0.9288013964136924,0.9114320258054738,0.9393680394922568,0.9381575433736052,0.10014359785467225,0.8184354508716879,0.9157421769592974,0.9344298603152699,0.9240393919534731,0.9410859443338054,0.9359145081856163,0.9233173094473105,0.9289143353116138
cg27157038,0.9115110167012834,0.9029269052392012,0.951133496302115,0.9695138819436719,0.8727195002315059,0.975008399712562,0.972244539455594,0.8074699640671178,0.9828265639606254,0.942439079822645,0.9328613682360196,0.4994942859242688,0.9277213636560238,0.9446501537567666,0.969976125626265,0.9829142870747725,0.9531941993689929,0.9723808494935187,0.9720157460097126
cg19771748,0.7846709908507049,0.9239368701567946,0.9197716892695111,0.908813391724676,0.8613722928101788,0.9141442397258184,0.8743806545974997,0.7895140769888163,0.7810796186851603,0.8876214151162874,0.6220211395204145,0.3164435691320785,0.7586714454436101,0.8418790208138844,0.7230498168791532,0.8251370943024834,0.6776936482146302,0.8523070022016768,0.8633412952182344
cg17875845,0.8149911724351295,0.9589366428359294,0.9602723137608794,0.9466271354633067,0.9156185910245886,0.9109482014911291,0.957418447105864,0.9791395710411187,0.8938690541288804,0.9912534931238882,0.9551036696651526,0.4578818203676949,0.9860790448310232,0.9835207351720969,0.9777273440246478,0.8125209971025871,0.9666811490074748,0.925169563987893,0.9577871050852813
cg19022254,0.6802591286228132,0.7128477425043844,0.745017853234173,0.8376434738692988,0.8483074849505562,0.8750014373487657,0.8186804588618741,0.6413889770788626,0.6034858916113781,0.8012270353379916,0.47252613942425514,0.17539868021056998,0.8006911804540473,0.7749770144028083,0.621543098184083,0.6571269149668908,0.5803710545998808,0.6283817850851345,0.6020256585580399
cg22528123,0.5511200130142919,0.8986739299366465,0.9081032604814679,0.8787706088931875,0.6823241609002564,0.9130308179862725,0.8960528515066932,0.9265063313037464,0.6876597224041641,0.9425812227540652,0.9005842016905792,0.22025204802799264,0.9256018396134507,0.9414782489091815,0.9394963114354447,0.7959138498576479,0.9261202467500477,0.7183063191034267,0.6187189012736779
cg15958828,0.46108226414259457,0.9046430869735934,0.9359235569718014,0.7947783598079818,0.9398564046465082,0.7702697777710861,0.9563487262840309,0.9027356165883094,0.9354677961874674,0.8586375389324996,0.5263865365012861,0.1388059166923473,0.754613677011513,0.8738350153024383,0.912455251517039,0.7407879548718419,0.950458786193214,0.6669576702862232,0.7395084960077195
cg21481950,0.49634776665537805,0.5331638400675347,0.5368731225092368,0.52114837848805,0.48324535602618646,0.538857135874153,0.49528143455888074,0.4450398878860915,0.31628383725171044,0.6073126070025225,0.429036297848794,0.1328317301245392,0.5271169720281832,0.6179927361820745,0.47234879584287903,0.2743319268635359,0.3979807284140314,0.28366867619047664,0.2600717002755693
cg07435331,0.3838200983993825,0.9137433697985169,0.8929823350494241,0.6148392806728433,0.6366418110631651,0.654395664990622,0.7900506828999634,0.8232965949196243,0.3055407790714595,0.9203622892213148,0.4101265596315523,0.10560741028045734,0.8799223066215671,0.9178793618476637,0.771772196415456,0.3017040530559759,0.5517424408254563,0.27905676862871287,0.19337750143450189
cg20629021,0.8860006007671617,0.9600946276817218,0.9550624637511586,0.9590694400188846,0.9146032089570896,0.9575164077017946,0.8957759650819626,0.9468489894990024,0.8752315260118957,0.9355257308268767,0.8985937109382545,0.7034687102181256,0.9188336370765995,0.9035776548556762,0.937520118706879,0.8530513305811382,0.8578404427473929,0.9322545912258955,0.9495481415282558
cg17930505,0.1197580602696009,0.8971876629587301,0.9063282328185525,0.8856990858017754,0.8764420386499985,0.9245495228100353,0.8854040056558429,0.9427803434589626,0.870337701568551,0.7584987316188556,0.0936182013081448,0.002374866483521052,0.5872761550060179,0.732762324422093,0.942494459073789,0.9088537962507697,0.8521424059839361,0.9120295537300287,0.864326792921648
cg16286735,0.16534369593135576,0.9470111958241081,0.9416119915611202,0.8841461963329255,0.8050039892194212,0.9539149488910013,0.7890961285845913,0.9511227564839884,0.45490336426692357,0.9565787197269983,0.25570912786513267,0.041650877728335034,0.9310471462812713,0.9186829933170224,0.9419263348932476,0.9533730654369021,0.8998230128299994,0.9392248260419747,0.8083457699678186
cg24189745,0.15090425664575335,0.5889637761132331,0.5560647687981218,0.4796231423327813,0.5065749958436727,0.5341777469849378,0.44434843766501464,0.6932192530878372,0.3359778361681217,0.5180428840697339,0.09570451372066097,0.03197317799688923,0.4484760402695782,0.354285141843369,0.5909516432649633,0.128126474622692,0.44387762202643455,0.5652540709109792,0.4637589913115554
cg16397176,0.18497271550112115,0.9585829544557778,0.953349370675074,0.9412731459482501,0.499530077240184,0.9337435012913702,0.940543859887631,0.9243163804384599,0.39282919119302556,0.8485161582639109,0.18896499299170827,0.07179531049887389,0.7768743231409921,0.7955778373518947,0.9110602882337208,0.4284366075750393,0.7122569319625562,0.4905823455574862,0.5405946495460824
cg02896872,0.23305629515201934,0.6174633654901291,0.5372391327719214,0.9556724831613196,0.9399824546775666,0.9556240976883386,0.9380877107750749,0.581975363223607,0.9522204813669495,0.8378242565903425,0.31411591507633263,0.031730993328645644,0.7313252033777693,0.8931832351828065,0.47573075421704886,0.8841738351125606,0.9408851441327368,0.9461997907890485,0.9617394757572139
cg02563364,0.6538126836526847,0.9444495135442514,0.9458140120491327,0.8862080418950545,0.8425594589487236,0.920860384494458,0.9198402901116713,0.9701288907911035,0.9515042727215995,0.9357134787955574,0.7896062179427804,0.41088988781066177,0.9396570181425712,0.9304081172340324,0.9612087803223063,0.9304175337723013,0.9354156651919939,0.9286056862062199,0.8879916672645906
cg21822146,0.16958684950086433,0.9224518089744642,0.9238774537885457,0.9021934870671569,0.6220466071399607,0.9176572642021366,0.9016769543388228,0.9314326814039614,0.8144285180470918,0.8740909342988897,0.5058628018129594,0.06827348380780296,0.7910707348269888,0.8358098752082286,0.9271616392784816,0.9138984598429252,0.9209694541752782,0.9103663853533117,0.8984079175759545
cg23811811,0.13229991469960872,0.6089132295714084,0.7194197899751797,0.6918420939739235,0.3363607749334543,0.7474533140905146,0.889416611193031,0.8280089446433299,0.5360357713660586,0.9600788660587709,0.1974707747200248,0.024204210450829308,0.8409076743739864,0.946040232283093,0.8929687598453178,0.5100626001585647,0.9219503272394433,0.732628596551866,0.6898187847048871
cg23344706,0.11276913587072979,0.9424763523657163,0.9419288829931682,0.9324629567479306,0.7353708600410315,0.9331411350977428,0.9294687857810175,0.9490036401512625,0.8091540843411571,0.8357516341828369,0.20275265139952603,0.045128913551795435,0.7609225918598013,0.7978402535838902,0.9547549078583024,0.8647774844052144,0.8854878544926671,0.898652407292411,0.9216092913639202
cg17031475,0.19974393124199988,0.6655511579202131,0.5796315027313628,0.7842491693296992,0.6847900402137104,0.7927908904777463,0.7188806650552545,0.8085089681850224,0.8933173813450885,0.8129448998382527,0.45907485066311315,0.08880290987808498,0.5901207165237119,0.6146732865358397,0.7218634501005131,0.8685966245671509,0.7468797243522104,0.856495773766111,0.8499527891171832
cg26826183,0.10424149668956761,0.9435707128842583,0.9536089128937159,0.8918892609585374,0.8715669766466135,0.923406776572944,0.9295072084955276,0.9585420351534084,0.9230496365434462,0.7460292195791973,0.13635688621478437,0.047720359061436235,0.7454773128219163,0.7896225919883498,0.9469605864451421,0.9036938450472223,0.9459345833000375,0.9061845123114869,0.8801523148438745
cg22515937,0.3897416965192503,0.9440899402265841,0.9358937934121817,0.9345752994360876,0.8518878227617805,0.9300532699917834,0.9411746185987361,0.9717144576447502,0.9663580579686677,0.9588974038540732,0.3903937714612566,0.08691783448384588,0.9488618292577933,0.9550351592633691,0.9518870403047913,0.925272871970179,0.9429979330881118,0.9471758941269195,0.9287131302287064
cg10678215,0.09225494891319291,0.6089538610573111,0.6136558965286437,0.8382460126198059,0.6846478500498386,0.8835284085478701,0.8503567508308436,0.43626841274088257,0.868874741747254,0.6519543706844295,0.4463859552735786,0.04429469111674683,0.5815659557034523,0.7446423514966544,0.41602303286270065,0.8123459349547311,0.6473223218137742,0.6864669400416368,0.5425976676398339
cg05234415,0.06966485914822523,0.6863388605972468,0.6811596560137696,0.6072267709108152,0.4618537007332299,0.5780787052463647,0.5991129345032726,0.8322813232124975,0.7507001207444373,0.802510283653479,0.0711883239002628,0.021244598509114726,0.7642238837614314,0.7385660747519583,0.800406687144811,0.7102616619017228,0.8045102796536758,0.7309687522134984,0.7839491890172929
cg02167837,0.08981622501779618,0.8549011322924488,0.8664292826487632,0.8187272249147062,0.7658791604667043,0.8333472669904087,0.8219655657110034,0.8519690653316951,0.6994097464910323,0.8966945192626098,0.1807992134526805,0.035736978414252496,0.8433838258280346,0.9056732722677083,0.7838028013312337,0.8321002730670686,0.7346741094009359,0.7642546537290168,0.7736000001688295
cg12604490,0.09588029467842518,0.946912066585684,0.9509744097960668,0.925694372314644,0.8184352637783808,0.9140308527091345,0.9060110705055181,0.9653609291674573,0.9423885654377939,0.9337771708729565,0.09080191423505102,0.01704439210275667,0.8857179693450362,0.914473826029217,0.9586718247662511,0.8797322971177579,0.9416980911715898,0.9129303571332376,0.9285672813007302
cg03776082,0.3840341475935087,0.8910785390569,0.8372646739339146,0.7324873483597754,0.8008436142056545,0.8097456197488604,0.889829855540691,0.91871985541366,0.9197113578508473,0.9483817251222824,0.8212306635663471,0.17064502562597636,0.9218370081682515,0.9433978502197644,0.8522502145349298,0.5789861876865682,0.9407596297513846,0.7680745527689543,0.6619151734394318
cg26870057,0.1261586385550656,0.9134869841579354,0.9138810136951534,0.8715981590299919,0.8366494335106195,0.8748240568110892,0.8282157824584557,0.9318416612316653,0.8841407100560976,0.8452123460189894,0.2246141155068901,0.021659613786459794,0.7111282627359274,0.8135441572971955,0.895849384171389,0.894464705664004,0.881806407768295,0.8569334324950171,0.8535721278834176
cg05830220,0.6098461572368012,0.9230668019520696,0.9103447640252559,0.8334054119016631,0.6506804264802961,0.8483269386050281,0.5052906055745172,0.72011446284813,0.716484055071602,0.8424800957936209,0.6388187567668552,0.3487092021379958,0.926956816079645,0.902920523131989,0.5942067871688576,0.8068642356057283,0.4218597883707961,0.7058119974872018,0.8587173448113539
cg01868869,0.0775356250203707,0.9599271213643519,0.9671133758065866,0.9590791365421649,0.8588995622778177,0.9603589238596144,0.9606811575298714,0.9622087783833325,0.936211788347721,0.9631180350195727,0.2839882552473634,0.03370786158579239,0.9511411403075984,0.929559821550729,0.9566892986582194,0.9500591894496088,0.9490375419009434,0.9253130739831718,0.9388964989778177
cg05754179,0.6913647246489443,0.8842707602951592,0.8604058588986814,0.8362890855511926,0.7680765352570521,0.8352128023070453,0.8264831661068675,0.8335756664345837,0.8161494618380027,0.6650938819445755,0.3256328418738841,0.2542474864441704,0.5789034084777354,0.47846643882127576,0.8049733852868213,0.8059038234937532,0.7614906085655657,0.806354801605669,0.8067426598195295
cg18148156,0.2542611025481045,0.5429086298839851,0.5505326330372606,0.7794948126834353,0.7110117691639928,0.8001106821945176,0.6262982583740377,0.48168904695043596,0.6997145613325412,0.8764366715669218,0.48270102234588536,0.14562174450839768,0.9148862706429447,0.880328503870148,0.47768520713699697,0.7221753260011714,0.6178908828877288,0.7330992053962625,0.7047861839254048
cg23797615,0.08455061091046207,0.722503764861312,0.7084814737486835,0.755542582579606,0.6170650891449805,0.7598282965433136,0.6496075560184886,0.7175320000951103,0.7191451791659504,0.4839745898885921,0.16085165794540074,0.038114808912853015,0.47843955903068136,0.24909854267172363,0.5930878985024743,0.7095342011078478,0.5515438131833813,0.7266966270528425,0.7533347339050283
cg14575739,0.10692824502495207,0.9057589976022009,0.8880384689625831,0.9324621793859872,0.7860455424670474,0.9340825458695685,0.8181467760500379,0.879676640456694,0.9487339055295653,0.7649548861018841,0.0679932884048331,0.029291422373131627,0.7110423323911506,0.757890262982513,0.8910809695431454,0.9459456452452092,0.9192558576262672,0.9310754160251905,0.934872453203625
cg22381248,0.0872713522985828,0.9502510894756819,0.9414939947258957,0.897912934315888,0.7619181630404733,0.9377941475036758,0.927758130881515,0.9368452470696382,0.9499751019641693,0.9314780359234233,0.07514766090434338,0.007776086483303021,0.9233036869430409,0.8912822866989136,0.9337023065623824,0.9025065164192634,0.8837437846689044,0.9100368706140014,0.8235759083708644
cg04499011,0.06802214745322116,0.911431182852613,0.9078390112786637,0.8761372504070699,0.6156521547984988,0.8847745435970106,0.8810557190269317,0.8987959618977381,0.8752489826185623,0.7595838344080111,0.08742949587467247,0.03033955446321489,0.6279975628372666,0.700015358282701,0.8755039098243984,0.9012586655094266,0.8796914876883449,0.8656637836967289,0.8836767545090707
cg21141089,0.11751632545963814,0.7693596205456066,0.7446379825094988,0.6786324650923901,0.614129790265377,0.6945743330413188,0.6954875448153301,0.8421144193738656,0.8418673759264677,0.6849173210761388,0.2158428408849224,0.05695800120722161,0.6415607797042705,0.571186719816609,0.8219031308652254,0.8855758998973475,0.8193548837372505,0.824015279963387,0.8509449358164626
cg12159992,0.11122485154867956,0.9088681555453221,0.9017849871018926,0.9054001453157471,0.6046815439854971,0.897106346546221,0.817799452326947,0.9292915477337147,0.9442995358223164,0.4013373716002582,0.29619231704780097,0.06393584143075098,0.13339033130671807,0.2995972593904439,0.873249658307261,0.9505797849967619,0.8076978134771152,0.8990861388008923,0.9171154795522898
cg21089930,0.7136530744478824,0.9253690987176473,0.9241062339952495,0.8713466576360971,0.7779923686850924,0.8722946936942059,0.891891813363866,0.8229583811666927,0.35636435811737854,0.9541779719660022,0.8789012645351093,0.30649179132260207,0.9424946409968014,0.9198194173845919,0.8370419717024438,0.40930960169646025,0.6964553398205633,0.42680311092335466,0.4383028847443916
cg25311466,0.08414813188666703,0.8674069790264638,0.8688243819835908,0.8422842186377251,0.47813872831875837,0.8532849354627221,0.8210072843375448,0.8389585137936018,0.8484321411642579,0.7787639478999788,0.027420721984336767,0.020922896816455552,0.6429457037999686,0.6286490576138515,0.8347712458447771,0.8032261633225535,0.7861699356273532,0.8308693403241635,0.8433774709508577
cg24296397,0.4525310310698015,0.6838850882196076,0.6675977262264676,0.7610101993682403,0.6892056849264031,0.8208688868774325,0.7070938085738359,0.2216537150586342,0.6734948140673181,0.362675569596988,0.17640298006542726,0.15064759991871463,0.24306910103789447,0.4106343658613181,0.19807866392465184,0.6966341913865783,0.3383775677882769,0.6079317056600122,0.5530796290698411
cg08057432,0.11832724791960003,0.7394119794355624,0.7586496864259469,0.7514276581412653,0.8422275205629084,0.6878386492288406,0.7021122627616756,0.9034356122883462,0.862808700770345,0.9249616858914527,0.09479685491513046,0.053477470940323346,0.9328876989063974,0.914344975345495,0.9051656339351849,0.7569897195593098,0.8968960456029854,0.8337302892173875,0.8924546491337377
cg10765387,0.0881315524480028,0.777412697244299,0.7749396311562589,0.8711699364489558,0.7267540575418241,0.8899925446500563,0.7748220899460969,0.8517659655498151,0.9003331628827094,0.5397799017942757,0.04735056216018513,0.0161901345796462,0.42624471942543174,0.4675043244108359,0.8245018174530001,0.9272391667407275,0.8320659305570601,0.9194055923473334,0.9053390809285772
cg27106643,0.09483314402009677,0.8600516203039862,0.8850953670909374,0.8870466289329961,0.7621800165152767,0.900640999513243,0.8747005706578574,0.9271749755620723,0.9427916115593804,0.9373342974210653,0.15518520355539955,0.035183708724584276,0.9122679286494357,0.9135032496373315,0.8757880293876574,0.9219803398342497,0.9067044913236553,0.8867067286441586,0.8960866681406147
cg23017002,0.05925809377094241,0.7433644611217102,0.7042502873172938,0.8508801628361384,0.8302250020307599,0.7892270849725864,0.5442148241983922,0.8135948660827331,0.929888265981639,0.7203159358181553,0.05550780774000691,0.018084977403821402,0.5047127675233828,0.653611462223604,0.7584485295133973,0.8286615488173663,0.6731299893577751,0.7442253507640215,0.8668795029848397
cg01024458,0.05169166996119703,0.9293545041292652,0.9534108249358244,0.9671906936019758,0.9132576235143816,0.973953071478459,0.9256482188241181,0.9684361555858262,0.97825405752846,0.9097759735192881,0.020935922179799775,0.005605375913337833,0.8831004031975416,0.8901417784685938,0.9603670916929019,0.9773788037871974,0.9559339936254286,0.9716508257377814,0.9681372071928726
cg02416333,0.05858524272780972,0.6860754402193284,0.6745538200353125,0.7410828863550922,0.5865626486472177,0.769230991286483,0.6155404329215846,0.7476666556194214,0.7984466363814823,0.578709720011475,0.10803716438985639,0.02398437650647682,0.4128806946228486,0.49158071238811635,0.6847476437321456,0.7868644829804674,0.7403325517017446,0.7800388512020723,0.7681836309331952
cg01534871,0.4275481670864056,0.03391734187381628,0.0486814509308664,0.2782095239490656,0.2342316655232709,0.2500336854521415,0.2837036905461201,0.018391329936507314,0.2684904482125339,0.10938630127897842,0.4457407545625869,0.6270575555757827,0.09162035591833995,0.2721959980916599,0.04049712106828868,0.15920592855174648,0.4243254912499934,0.32428730187011845,0.4216606861663432
cg01833890,0.623495189378771,0.4883019689806212,0.5407403541613911,0.2567273430230691,0.4633471559896257,0.20920321874541922,0.4530128238431514,0.7388763998223762,0.6155898957135251,0.6095896207572079,0.6917192447271031,0.8764147761962491,0.5427625833290435,0.5457339909895893,0.707446747521034,0.49557070302212175,0.5625330993766043,0.3680715073471339,0.33106331266179756
cg12655416,0.2996766890868793,0.2613518940851187,0.1444781582528325,0.07697098666387042,0.36778444016020473,0.06390089680269062,0.15978925351979442,0.3950775301569483,0.45878520233178605,0.37517734604007913,0.18218756018515028,0.6417093044753424,0.28185534275111823,0.2373242509892427,0.15003606963620975,0.01573284082313367,0.30264169896944804,0.06099200597949889,0.14566578724950033
cg01178924,0.5919898031367552,0.32044848935341097,0.36383026427381077,0.49211692028761367,0.2937947091485973,0.5136044503511732,0.44422580444745696,0.5685989939747322,0.3695724272763726,0.42000478715295475,0.6076491514049767,0.7514126286018816,0.3368253708450664,0.3459147715774499,0.5257868128254237,0.5218072109368328,0.6016776917553386,0.5517301811600592,0.5749998241021587
cg06737912,0.49072511016376075,0.3461755389988235,0.3731666238738733,0.396447478697613,0.2496893479696631,0.3552006444681489,0.3551664840365701,0.5124391936675208,0.37975269033196446,0.4061155793298328,0.23633322379794253,0.6957230652092872,0.40026749468574074,0.4174398961369171,0.5824080376123106,0.48499996269756784,0.5610075222684501,0.47938140917071725,0.5311708096946901
cg21650866,0.4988360495854822,0.3534147606682997,0.35862946264135226,0.14691482303654646,0.24685797178945107,0.22500710662586437,0.08362212118734275,0.5240420684465846,0.44294947572842336,0.26786345982896287,0.27860771816397306,0.7612001934119672,0.2443307423912451,0.13685546042383073,0.4132381311353347,0.028394237142715148,0.07395207599326464,0.31744973147068906,0.23447512851883973
cg06131879,0.5620997188821473,0.511122026474337,0.4974089431496832,0.4256520254350185,0.30124067488981676,0.5419476860867445,0.36929046683327377,0.6501989020094942,0.38802675659303243,0.45486270216438573,0.45230300648175037,0.7378688524184996,0.44835251360429296,0.2722761260726906,0.5885636184241345,0.5453159957175706,0.29676314939265436,0.579287691077242,0.4745418393289034
cg14353956,0.0885283215522521,0.09409212172846693,0.094565415319188,0.05771989929637215,0.06996264687641285,0.05966712627306102,0.06643040490351027,0.130888435295329,0.027902704890471853,0.039567833804936114,0.0296404787035505,0.24505944481606662,0.028785785106920325,0.02365101488056432,0.057183081561551496,0.030171770156018185,0.055636118294207115,0.040974397599120554,0.03605269152111461
cg04316353,0.40319404416600596,0.21166831571833322,0.1888753513759196,0.0825750381417995,0.24181654707393196,0.05901011498413555,0.18619151014334703,0.4173374511397618,0.34936114327168244,0.34444029332611203,0.6469068992476436,0.7832007912444039,0.27761569338111325,0.26198811116021725,0.3264178050754037,0.21960282772720457,0.3080374642402219,0.05800828217007575,0.10717973182982843
cg16570507,0.32545498130747935,0.29471645339302377,0.28398124200571595,0.2748230012159242,0.21392204200821152,0.2775117074495168,0.27626994383251247,0.48183211884890753,0.45483228718557644,0.22023448513218868,0.2681147021300615,0.603828959818639,0.12288961637983331,0.17526121195925481,0.4179247605169133,0.41889566174720516,0.47727408644461067,0.4006230339712993,0.4176833194243902
cg13380995,0.6226393359168633,0.4881648970948844,0.4659177861903222,0.3959496902457663,0.41580704494477216,0.3731266724466167,0.3583029803993205,0.6124021643972676,0.1494956922998572,0.4072910876835585,0.5607795532593116,0.7438013534639716,0.415604953117714,0.31743904768697206,0.5437792993944929,0.1693713838368847,0.43113230536963076,0.48175416370830015,0.5243608456681454
cg14008593,0.5396649556598005,0.28113369768925844,0.2936700875514747,0.47157382300256506,0.3879209021666631,0.4427018392287698,0.3491835843087338,0.499820150127236,0.638901073884258,0.5114115954819776,0.6292367433792763,0.8289111048584856,0.4233582121911891,0.49168944588491714,0.5245909655319841,0.6400081186868456,0.41522866040681616,0.7044081807361813,0.7376122687935349
cg19483007,0.4334488008638105,0.283134333356474,0.25875476052162955,0.3900973869120393,0.27002368701882573,0.3827700384703654,0.23235904098175814,0.608740966515291,0.5577381358682758,0.034612283079378275,0.1702669664257561,0.7517800000148178,0.02279262036990431,0.05536786644182057,0.5289442275473433,0.5435084281401178,0.4944500807065352,0.5841486991132834,0.6057347636554709
cg12362478,0.31701210109432876,0.29257464088606244,0.2778567221554135,0.11843665106797341,0.23420385728746235,0.0901537265415811,0.2794565807336905,0.43888535671408496,0.35191754169402,0.1878993701213351,0.1086078084888511,0.547556822424829,0.11548651751014705,0.12454979511693792,0.3846913461328382,0.22049750119791595,0.374983033378686,0.12150478608719964,0.17985594882203593
cg01015245,0.6404505584476953,0.5066298508644288,0.5204724943431231,0.5603097234220167,0.5236829124639277,0.5264677469168766,0.6018334851537381,0.7145195792706918,0.5044158270745416,0.609891928025972,0.6431120538631475,0.827253532543669,0.4896840679332306,0.5593596542270889,0.659892601459799,0.43078360869797816,0.7427980923081071,0.6752694698147845,0.7109979091588775
cg00724839,0.6227423974250565,0.55297476185619,0.5749651686163266,0.5909590001193868,0.461123976720769,0.5418594520031195,0.5856332717855366,0.6681835326008527,0.6087516639943269,0.506852522540008,0.5206752268260204,0.7699683968747526,0.4280850382070118,0.5679118594885908,0.6704347501640711,0.45956985304990733,0.6591347324543858,0.5961273629876029,0.6686161977139222
cg24757978,0.3486353366444812,0.3187695766322457,0.3150081839731322,0.3827219498592749,0.3040411636767697,0.3624738912851143,0.3238832713110643,0.570843720657311,0.5619966104068947,0.4606958361593085,0.4886344208444291,0.686066780996188,0.4103444328420287,0.34997606249257907,0.5554264859766889,0.5464711417674145,0.5718468203382872,0.509516638384814,0.56600062639103
cg11786623,0.21365492106609452,0.14048569042111878,0.17290738956216953,0.18980308930298848,0.19856061969493893,0.20239513492019995,0.17404714506232924,0.2306020118290779,0.35332113074751786,0.1967977137221722,0.2752030521108552,0.5299772709658328,0.2054208529424676,0.2050506268409191,0.30354535923576387,0.3289498365529385,0.39327990946819047,0.3553420776915864,0.3700406640995936
cg25221615,0.7162629975812302,0.5592984617339223,0.5470458834453261,0.46960962843882925,0.4886196279243297,0.464260813583813,0.5004001138731919,0.577285107420819,0.4638563419183263,0.6202065945573727,0.7581368280176839,0.8685696466049757,0.5312990353904008,0.5981836744202773,0.5187502436166527,0.45132792292859164,0.4891278349945781,0.4700936523655983,0.5088587001685754
cg16403326,0.18095056881410093,0.10995587934143658,0.10921664002930709,0.05416346068398027,0.05138446956005016,0.03978203160910887,0.08747750956265138,0.19621899969769033,0.09881525892957826,0.18595829151815316,0.15118336741798966,0.2943407568588161,0.18400227069468347,0.13967398390360322,0.17402389733933818,0.07769510680450675,0.1317394386438998,0.048657585096082534,0.05930344857860681
cg00432659,0.6194702733876389,0.6032303879183256,0.5729218848615794,0.5058999199810044,0.5301044748131074,0.466107832004049,0.5750905891124238,0.7653108777852959,0.47568521404042297,0.7052323753152407,0.7235934783902385,0.8460729475626276,0.6559230233126445,0.6207842229957901,0.6632527748031569,0.23402685920227417,0.688065372510137,0.4491746194441992,0.5646836181292282
cg20156985,0.38649850129685376,0.2998863642034266,0.2859086255989728,0.3846936045302851,0.36220256478121127,0.35551269533750907,0.33681149720666453,0.4650810911004832,0.507167159494749,0.3389512925606103,0.4964882638516672,0.5990295508494958,0.2996489263140115,0.22758753811937993,0.3964733074488626,0.49236736522621893,0.4934796757790367,0.4213500991331751,0.49740038429567374
cg01365766,0.6830936367912054,0.25830503246030395,0.3478053638851183,0.4306168175937138,0.45764287102987977,0.45678051141707654,0.3611982666139977,0.517416112264361,0.7115123978253437,0.6703389796891599,0.31065762026743143,0.8126119624404304,0.5598153196299561,0.5398050446629117,0.4471245288049874,0.6405913069018112,0.37736450723906,0.4844105641909654,0.4618102357065118
cg17516330,0.4425301911453877,0.5232902558196206,0.5450194059480933,0.42983713254291406,0.31843644746865024,0.4060149836511504,0.3524257208353536,0.7190693852014061,0.6964448978981973,0.6312278260127546,0.7592600530145283,0.8402313186208432,0.5811277044358175,0.568491034876965,0.7168561930526075,0.69643915800855,0.7073103720244909,0.6863333223254671,0.7050984774850617
cg08839272,0.39486059284999775,0.33933664849818845,0.32644301081579474,0.35613757359517534,0.290846402280075,0.343074657518773,0.35101643091796947,0.4691704110580819,0.4368209450635836,0.33421273231214904,0.3286195501067106,0.6087366010901962,0.26904031938653555,0.2179497398893722,0.408286141966162,0.4227870951215621,0.4549459567516153,0.40062834653233614,0.46914011980249404
cg03124139,0.4574461104182487,0.1824393398437989,0.23015777740690524,0.49872169051863835,0.44054779689700596,0.5114294208449582,0.35118436482136384,0.3522776980570259,0.7957040088751041,0.22726950346520414,0.7163775780159642,0.8972887414769501,0.33240154810320854,0.47707139653885927,0.43908900827603403,0.7489818466192615,0.7092717194920871,0.79993913802335,0.8026200570604417
cg17730048,0.33928400024273325,0.21352366641622839,0.1991449589628427,0.29160917295657784,0.31514437242192106,0.26674423594263175,0.1565671692439628,0.4805797757898313,0.3104372948922052,0.4387556707712249,0.47614826355635936,0.6149130227211399,0.46539676752946896,0.2802646323540647,0.43477990883229345,0.37851545592007074,0.33553637181861873,0.43959941865302804,0.5359832119491421
cg05498866,0.5070280341970068,0.4686733935185182,0.4637035587391491,0.4904627801331753,0.3965465048226983,0.47545203035552625,0.4619400558128876,0.6531391853789068,0.5834381577638292,0.5313567001202049,0.5606578895361441,0.7257039882082168,0.4461428678948943,0.4341965764052824,0.6141881739412137,0.5450985965003474,0.5792314269712832,0.5653834973950822,0.589104272345052
cg24125648,0.17580888304484465,0.0681854078703813,0.0764818541642841,0.09344382135943613,0.10235726582775972,0.09279187581977444,0.08994710765227365,0.08736830990004452,0.19540630897267713,0.09059279200414594,0.15086888819003835,0.28413221214656326,0.07056023260236388,0.07241884266120269,0.06833677040791597,0.10014023451103835,0.11635488020639764,0.09623971897947237,0.14438248504460666
cg03439703,0.4012872779670376,0.4202008906337117,0.2660376964817043,0.2684147684099335,0.33523350048163836,0.27880520789107177,0.2553736087335553,0.4970895016971704,0.4533077372599935,0.26385854592976915,0.421862047750866,0.6096517804382284,0.215638364790509,0.12073044284231776,0.179072500874,0.3147539926670305,0.44122590532055583,0.3965533723844466,0.4008676380931049
cg00699898,0.129493176282936,0.0783228006623492,0.08994218650052932,0.07731053483637124,0.08188485156105585,0.06723149868926898,0.058032951082880146,0.1533275986295141,0.14370632065001582,0.12888793463832415,0.12099840348863022,0.30234493886764835,0.09109529081749557,0.10191260369371824,0.14016832105056667,0.13518983167758034,0.04342484625536605,0.1531142559116779,0.1574307991847901
cg00532335,0.6638236829187683,0.6593945505458465,0.6525313681404126,0.6541735232339504,0.4814182351778592,0.6728921223935201,0.6465093855837105,0.8173744058075746,0.825680456032961,0.5662464838501817,0.7230462080986082,0.9242057836415223,0.427576955402568,0.4716130371452791,0.8018721263009843,0.8036605084906554,0.7601652930472351,0.7983325822119036,0.8263151269055855
cg00547143,0.576182206462809,0.5201459897127623,0.47309041573553173,0.5751602607146857,0.5556755280768003,0.5615015108600582,0.5287187354439131,0.7207032485952589,0.7255973421093442,0.7132302114000316,0.725395883050076,0.8309992143181631,0.6042154244671218,0.5559651069015461,0.6734361976158025,0.7095448992419102,0.6961804084339143,0.6927188922500513,0.7594282404969652
cg09757595,0.6086891951657456,0.6054834409189586,0.5781271508056132,0.5837011498737765,0.5035938323572093,0.5721496691138444,0.568875015281131,0.6172261185209451,0.7125651321700828,0.5281644262800766,0.505673553869314,0.7944923136269861,0.4468189561647758,0.4440721760849643,0.5829461858492901,0.6135613754033691,0.6267817000160598,0.676493641087073,0.6663935779525647
cg00089453,0.5740460209217306,0.4090414840709967,0.5137167062099899,0.43769489074032775,0.5389801244937075,0.4842028579200702,0.518355254658696,0.3242023174082643,0.5648887558689342,0.2534152019100888,0.651420493855295,0.7334103888606684,0.24845196517396279,0.39651821833680584,0.5080309866699199,0.5589237642511327,0.644390827077584,0.5017272195843816,0.460106698802909
cg01872593,0.39004889841243123,0.3268568411738775,0.3229439003728579,0.39394918295888914,0.18088037190471695,0.3962870258838558,0.3272268402867636,0.37085493770325045,0.29886726108309203,0.2074133323407837,0.29172858875718427,0.5493575509373454,0.11677344673540802,0.1710956345198444,0.3381293863321497,0.4130748792479701,0.3041526497682382,0.4377220253241061,0.46332335209225484
cg08362880,0.37086117356361537,0.40343697081948404,0.38340297292470565,0.31177239360084225,0.2544173915250536,0.2980612538875319,0.35051449869049234,0.5312921712064476,0.4889783206373302,0.4002321955278854,0.23131529326133224,0.6116671127407103,0.36075921491644136,0.2796741359512498,0.5115326709385701,0.39185504782760144,0.5054373379805635,0.49702919418956837,0.46658960023068763
cg00338479,0.46138559202552887,0.4399521560653192,0.4467804291472922,0.39986658033759703,0.29195847356581994,0.3481122195859081,0.4258188759727314,0.5330000488927902,0.4712862222972861,0.3674599973132548,0.42669229245080886,0.5946391700989235,0.309293406500215,0.25333247999211156,0.48298995462837807,0.40068575044221355,0.5222670633752774,0.3877045672835912,0.4513177811542264
cg08798307,0.5659677130316754,0.602209908656355,0.5731824493046116,0.5196078186580777,0.40369405458691404,0.4808352905547435,0.5786038765964402,0.6995593130507973,0.6356130528032643,0.5616389392705826,0.5126145639288231,0.8044924940980531,0.4697198399564866,0.49493955809203116,0.7137717436380803,0.4965898413695503,0.744623135913458,0.5701248241766516,0.6643656875843361
cg26838398,0.7764340659939258,0.7802180273938731,0.7873645845064707,0.7478137874639632,0.7386843423332949,0.6910439467270187,0.7272383001601213,0.8330423895711419,0.7748756181356915,0.7820855685595668,0.8316557218243379,0.8951086533139114,0.6947387696822273,0.689221742144877,0.8265210323739381,0.7598260792836182,0.8049073608390807,0.7261542902718536,0.7905970954470032
cg22590032,0.3364179609580318,0.19030405649130208,0.09874917942379152,0.18218178651473776,0.26020942628817656,0.1029464309040457,0.22096251882988627,0.15740465286551528,0.30020483435467876,0.14037931365210476,0.27367503554693173,0.45486879603610564,0.08532582044967874,0.11550926361812669,0.05223054959053536,0.18537720670418312,0.2614428892972098,0.1139270349369676,0.1985867941519557
cg17147638,0.636777824094134,0.629737481063164,0.624110791333979,0.6123533529472266,0.516178942015511,0.616751548468629,0.565020553014945,0.6766993926512833,0.6982763281852118,0.4711509819283901,0.4161626392176292,0.775787756959798,0.34733513443361863,0.41336069714271506,0.6129661906470774,0.6299131269636957,0.5642009892188399,0.6400319001688519,0.6526922389239005
cg03134211,0.5917172210595123,0.5325367243105814,0.5962709885860555,0.5625288879469563,0.4742615512723596,0.5908172659710245,0.5895483070941516,0.7568032974044933,0.7410931903751115,0.6641672413858437,0.6845761447362435,0.8251642542026114,0.6118992554988344,0.5947409216976486,0.7352982386586341,0.6952399623120911,0.7670347064512338,0.7204937156497437,0.7183316688234818
cg07610169,0.6071548717237474,0.5186844366924961,0.49599698441018975,0.5824176671594448,0.47164059980639195,0.5758867493368995,0.5279818796351943,0.6017551425624834,0.5690320597068951,0.4537983971155902,0.27170282729043915,0.7338792563901546,0.3408256076605629,0.3575931576044637,0.5226269620194608,0.5749772403799546,0.6010324209022071,0.6124482410768348,0.6435885071298566
cg00980784,0.2649045619252642,0.29599652119453906,0.22245583657263934,0.09152006119505524,0.26906790069542563,0.11445378339646028,0.14794547215546017,0.32230535875188054,0.3519100225198065,0.2085468377986426,0.08103514634918074,0.41194552389947253,0.14245926769421646,0.053608719473702826,0.13495534702967799,0.2705961526695535,0.15679227765589518,0.20356457489051408,0.10506408222505473
cg15429134,0.3444954506391945,0.05562219903759543,0.04450435653720246,0.24560985893220505,0.32861112031630046,0.0967792674947347,0.06453298225147719,0.03925954685121458,0.41590660280405073,0.16371966911130426,0.417204082051666,0.8954988486868025,0.009415477085619928,0.2228131957576771,0.06459943844747579,0.22711767718320677,0.18008140927019828,0.3150986376352527,0.7113405292924484
cg10043663,0.6849095879375728,0.6582752634183515,0.6473805842006646,0.6720110295796416,0.5524089762865111,0.6716619188818232,0.6510239095526033,0.783078170760507,0.7197622821789402,0.670238507389646,0.6485440440774408,0.8235743396587678,0.633653048905815,0.5992264939457446,0.7556895954087348,0.6916474741123382,0.7474451328444951,0.7139465062059657,0.7189810391918003
cg02004632,0.33665504766280246,0.26954448186737623,0.2765910156939644,0.31970551309441936,0.2533593994438949,0.30268334671247876,0.269084351255666,0.38191355658060105,0.39609796718157586,0.14736731666259917,0.1642456102554354,0.4702925657519282,0.12978393169284286,0.09917080547798729,0.33951452436850893,0.3713718770700422,0.3405606075404656,0.36249595107279386,0.3969347220578032
cg02627227,0.5842318457758582,0.5401128266784225,0.41754001554437936,0.23571039045276887,0.5554409020584333,0.05465998022041233,0.20443088753829242,0.7599656272220303,0.5759695932851263,0.779790707683484,0.7879973930176665,0.892041039955205,0.8044355932233529,0.39014740447564256,0.5739813443397047,0.3081424512980119,0.1501556690828555,0.058412656058681234,0.352178598275114
cg05501327,0.9637244410132453,0.941765177926395,0.9596971924440809,0.9663584248240347,0.9572660077356644,0.9661669531188969,0.9744786045948048,0.9715383078392581,0.977871779791473,0.8819261848664444,0.9792488345407899,0.9778662400209683,0.15095564140327564,0.9678576255216467,0.9701557300125839,0.9785557170974231,0.9683041874132261,0.9653857201979428,0.974623436678345
cg23516026,0.9535812216044046,0.9370001182504666,0.9513667235237941,0.9572490064106578,0.9599727014856883,0.9599993631748517,0.9667310784998047,0.9745031369627191,0.9712802499385131,0.8885144296997949,0.9343216220105799,0.9828649483346499,0.290422870741636,0.9524757705204727,0.9752651331600803,0.9710766329938518,0.9629594902535641,0.9649250977761494,0.9676630620685108
cg25844471,0.9566064474993539,0.9449305364481517,0.952645296105143,0.953672860463554,0.9234651954839126,0.9569882721288252,0.9523600743395223,0.9768013334149583,0.9725952021920466,0.7891985045275954,0.9152387637658894,0.9489195768936212,0.153724576372233,0.9133517363387649,0.9704276853626259,0.9547590187698238,0.9664681705133304,0.9565595183452686,0.9507966825088402
cg08445080,0.9676897536788143,0.9539686210707737,0.9605335371992982,0.9671486206791051,0.9595267259770782,0.969110532197842,0.9650794080811675,0.9720495060559503,0.9780404641458894,0.9055236201851871,0.9540023470719102,0.9776588283707189,0.21723926134720303,0.9317832574316732,0.9562594957168431,0.9754886548308035,0.9665492567547193,0.9665833373954122,0.9686647887516545
cg15921515,0.9420912166568333,0.921022694875766,0.94662628778444,0.9410985261073201,0.9502639358907814,0.9418124012075773,0.9497131701957506,0.9560302463314783,0.9636770227328623,0.8944198197560372,0.9663804313513649,0.9667131014355561,0.2973469261379533,0.9662269303629627,0.9630645099024736,0.9626154040215911,0.9564938060328524,0.9543644583723263,0.9587803468492324
cg15033776,0.9411835808941715,0.9352087129699775,0.9386127571830206,0.9495386651883819,0.9109885175674233,0.9411435968714508,0.9383704790933551,0.956221949025677,0.9472751594187516,0.7782920466491391,0.9520869164783721,0.9583025819648782,0.1428225170291766,0.9600677388708498,0.9685499986752351,0.9414046612271075,0.9526723309016122,0.9504093371457318,0.9569064874200122
cg16255804,0.9416550565404673,0.8928168241517012,0.918556429552789,0.9410146182832646,0.9436504476922734,0.9486695419747577,0.9494436252530403,0.9403208609461237,0.9697319999819276,0.8715595661603822,0.8734099075921206,0.9449937240799813,0.2758339146401945,0.9033088638562723,0.9437066293229028,0.9613111009924593,0.9417194590313602,0.9421912723272574,0.9522097469741395
cg03922997,0.9173007489634324,0.8785967757089641,0.9206192130135651,0.9250905555101316,0.926667663714912,0.9367599784757565,0.9296900441387915,0.9636066281564263,0.9444460799311358,0.9054020601388633,0.8823458325629602,0.9584271958966857,0.204841577944861,0.86770929569203,0.9461527477888918,0.946399293153785,0.9335378954076989,0.9387219964296883,0.9285481541050918
cg22572158,0.933583621827779,0.9008444480026525,0.9399668558677812,0.9353825797870661,0.8037028685688168,0.9277414302494792,0.9346376434899129,0.9521187066803962,0.9234424804732436,0.8177789646375155,0.9551078935593678,0.9626548754305155,0.1537796488388884,0.9496864096760146,0.9494932145530789,0.9130363492364049,0.932631386610637,0.9402321848755455,0.9493548052465652
cg03833097,0.944626472513346,0.8631715325477284,0.9282704854219723,0.9124964752665543,0.7334171008329792,0.9296042006531611,0.9240970371635427,0.9132906099739465,0.8946351195670911,0.6958729557204966,0.9389097183044703,0.9534536488960833,0.14839352701131203,0.8144326976674401,0.9183772594572677,0.9037161909625824,0.9308276844582142,0.9212471595409554,0.9278396185594724
cg07003611,0.9377939349404926,0.9243742253580556,0.9335347544071577,0.9403081868077371,0.9320878230929153,0.9382183794413279,0.9415284027817581,0.9588749015165963,0.9545675467268775,0.9275505827208674,0.9248181002414917,0.9699749346394657,0.2968994741385255,0.9618186537250094,0.959037761648025,0.9623197202535135,0.9546844929392888,0.9490387320663024,0.950759265128024
cg05106785,0.9248644289907044,0.8094084515971938,0.889013324153567,0.8635014507714602,0.6993740144019659,0.8600295372739276,0.837339336790231,0.8548901439146113,0.890484277833829,0.548867061808767,0.7618102212625028,0.9217849888029168,0.05052649439306722,0.5848033354219553,0.8211867927561397,0.878935501233199,0.8530560556725341,0.8199431957723278,0.8589977508878988
cg10208609,0.9217218492204723,0.9082628696688232,0.9305763754332105,0.9293503791721471,0.7767843415755734,0.919477510056627,0.9300620235960018,0.9370393793339001,0.8648582158312665,0.6677027546205243,0.775547994604437,0.9415057256442558,0.08780371256602815,0.9459411476999011,0.9438722506016715,0.8921971900977239,0.9297821083598075,0.9355848599743084,0.9345002811255682
cg00052246,0.9669414018877485,0.9524798860733275,0.9614917836637458,0.9684180658539034,0.9587015931337972,0.9702681738833876,0.9681615064236234,0.9623122414826395,0.9828453068932053,0.7032708499464482,0.8540933926082002,0.9667473114004412,0.2412261474257612,0.9073076844214081,0.9636610128171391,0.9781521872478864,0.9644628700371604,0.9700945139488301,0.9774461889869018
cg02148547,0.9078373308136298,0.781023833294718,0.7845541483992646,0.871134664910143,0.9322591909920526,0.8816034053353412,0.9038286764888387,0.7959859764241844,0.9300673628219636,0.542675242255346,0.8317599639571143,0.9317377875589596,0.09750016776837467,0.6097411594736801,0.7968871100106877,0.841853748372039,0.915094772616297,0.8720396162497812,0.896232444802462
cg26408382,0.9332522435380841,0.932579130969076,0.9278216090800865,0.9394650532835418,0.953249122773162,0.9313862663617241,0.9432452183130567,0.9343470267341065,0.9572488344486499,0.8663612388121725,0.9488732952307646,0.9370000296469787,0.4097593901619265,0.9299600475486471,0.921983838719443,0.9580541803140946,0.9191078632250635,0.9323168580137438,0.944507505521038
cg09197075,0.9450064926091819,0.8181666436888847,0.8669962577080809,0.9423412145446557,0.8492543214286428,0.9437725099381964,0.8507940566577812,0.6952027948791635,0.9403067447821765,0.5763413637722579,0.9316249647986463,0.9598172225842857,0.10230168086558933,0.6027993270206512,0.6872712598257198,0.9331927678863526,0.8721543827613292,0.9322737236448289,0.9507868451252273
cg18124517,0.9394852305528663,0.8290599183574733,0.9136691779180374,0.6713882436929145,0.8659455441150844,0.5879636748298742,0.8098703444098108,0.9154579356522099,0.7997698161912227,0.5683458927818839,0.9158754277850479,0.9439250999742477,0.05383386875969176,0.5841168087518755,0.8707116734828741,0.6311802284081831,0.7346480864175342,0.4842872266286504,0.6492970562531003
cg05878535,0.9346301086386432,0.8918989291081533,0.9166097616290347,0.9057772894067896,0.8982865319660751,0.9140106406481636,0.8514525718547306,0.957155272650176,0.6735847102925568,0.5047553171251288,0.898708693535831,0.9331402220783193,0.03204263819624467,0.7863071040074703,0.9329380588276405,0.8314335302715115,0.9032954593433158,0.9073004749365284,0.905407911641793
cg23519969,0.9486588954811214,0.9079456334321515,0.9147770038640736,0.9480930062314741,0.9146252408054212,0.9414333024741252,0.9361214336208968,0.9322252900339056,0.9660351622307789,0.7644002636502967,0.967896017213467,0.9616696814991943,0.216828774542264,0.9217595795736577,0.8983800047845347,0.9555405706634502,0.9422559637034602,0.9395386849042198,0.9558213568569014
cg00463840,0.9429298363596362,0.858594986060917,0.9369821903298353,0.9312317652700259,0.870493528093209,0.9274603123895179,0.9452983950615064,0.93445856819579,0.9035097931013467,0.8111538288331346,0.9496723446724966,0.9415476225432107,0.35379803696394274,0.922201830510639,0.9315208811841421,0.9027173087070536,0.9484059709256869,0.9120353205997327,0.9387332834284583
cg19876232,0.9641318607305567,0.9593994146553109,0.9613037366354715,0.9589450128989581,0.9459095638060501,0.9555039826046757,0.9650906285234464,0.9664242297471282,0.848039448116585,0.9271430864549535,0.9701993588451105,0.972068352194676,0.3633476187387341,0.8630844510913889,0.9604382421821049,0.9160683194671262,0.9612748518411028,0.9562215631517331,0.9663951487788898
cg02397552,0.6477621586303944,0.8102967155645786,0.8699399794333825,0.7001325891433192,0.7604410734263317,0.6943059008881916,0.877175388572395,0.8580147798092808,0.8456258521669813,0.7142494694705259,0.8054781555696442,0.8022353071246042,0.13539735258686858,0.9428624366016072,0.8876754761767119,0.7907334504292616,0.915248492393018,0.7935348919464353,0.8055107628543832
cg12485044,0.9122479955312796,0.8634555787336302,0.9071304574632799,0.9129603702444877,0.9487552711635435,0.9152001864110864,0.8917863946189425,0.9425826286821055,0.8690457496035766,0.7394436050200434,0.7918185719925069,0.9266327557403535,0.2481149005179643,0.7777147600308771,0.951511160189368,0.9591031929201013,0.9337812900144158,0.9564995535377825,0.9596187620288021
cg13345122,0.9490272762257418,0.8960567096891794,0.9346007586543786,0.9344740513100519,0.840305739705237,0.8117201514060082,0.8988073561388665,0.9347323567265098,0.936832336507524,0.6707661631237837,0.7885345954724721,0.9655954998776766,0.2901128894431684,0.7876039339546639,0.9186400200674213,0.9002571606760089,0.9063323306505715,0.754811455940451,0.9352047825577108
cg17392230,0.9370177567449507,0.8246755604476411,0.9295175101084119,0.9166857392019205,0.8043599561147358,0.9176727473007958,0.9384197660669692,0.8541663326571141,0.8790276462918086,0.5890455489081651,0.8509194907283069,0.9373461627843588,0.17222522206728766,0.802240833371461,0.9156842756062815,0.8676067289174201,0.925925836570961,0.8865982128306877,0.9288739802260222
cg01554304,0.94318169830182,0.9461803987666043,0.9476069017228919,0.9472723615598486,0.9526908881964904,0.9495223728422009,0.954164079022761,0.963719228664067,0.9653036521207177,0.9065151055793848,0.854122526926613,0.9586911118225496,0.40471771359764164,0.8834927290041696,0.9725508707392301,0.9737204527912273,0.9479936528817393,0.9567768234388625,0.954756875682807
cg23541811,0.9191737367238934,0.8683655363801087,0.8797747707880403,0.8750347839769068,0.8962917694973792,0.9003795871128326,0.9069941575527583,0.9300122112189275,0.9287168394065928,0.7817059433514254,0.9012521697445224,0.9429413455365468,0.36769188324623137,0.8243471311379761,0.930477058237741,0.9328664734574117,0.9223819865377945,0.932160626824756,0.9230675126323061
cg09642378,0.847217618675614,0.8756752626469417,0.8979155890955618,0.8789784287574625,0.9059060063993307,0.8849164017770905,0.6876780987442443,0.9445195009100584,0.9306736101111648,0.7253238680633791,0.8715979054173566,0.9215785912796366,0.17563332475615037,0.7924721783415021,0.8845472766311141,0.9382162412640864,0.7041117273231952,0.9262856266347039,0.9379468757540566
cg03873220,0.8996471859666484,0.8249613870703587,0.885724123765256,0.9120565217197178,0.7250362760778458,0.9153562928702297,0.8994044303744695,0.8313908592721568,0.8832712774492437,0.6408795687037832,0.7386306324629601,0.9125004842300877,0.23002167698091475,0.761009706373702,0.8579459701280727,0.855932336821658,0.8820596220695445,0.8966219440570304,0.8941990020563233
cg16685586,0.9398587312266753,0.7145903750253111,0.8420157082548992,0.91989050723458,0.777739367245431,0.9307464151315737,0.9558926692331883,0.7837452605940841,0.8881184285516412,0.5863027782249401,0.6322720706030687,0.9558711418289203,0.1750097499706674,0.8548785317339596,0.8546772563334613,0.8922657933811524,0.9290804537194375,0.8869660237782367,0.8938470745400232
cg25557227,0.9476656767428929,0.8759949132752666,0.9339039704588143,0.9110465444613653,0.8322464711437293,0.9277125070378224,0.9176218237483862,0.8814338647523998,0.9112707442916816,0.8011363992064238,0.9117659795638724,0.9463513920235549,0.37593576231276826,0.7976253001936191,0.9395725567320845,0.8978479176594449,0.8876904220274867,0.8868361221424597,0.8977184375830616
cg06840801,0.9411066142857112,0.9159731128014952,0.9537410240455083,0.9486881491846071,0.8732210650675494,0.9419444381016686,0.9451268943994717,0.9310093413733658,0.9440521957735019,0.46170938725366817,0.8179162130461776,0.9588374258009029,0.034797189804442685,0.5718518423401855,0.9291523357754777,0.9444059092441369,0.9213016278631583,0.9324020050148027,0.94654653794243
cg01865118,0.9325463217995036,0.9027320878421342,0.933385037421885,0.9323276122611772,0.8086127439920167,0.9200661089740079,0.9374913544115062,0.9554928808794532,0.9342339133190698,0.6744512347053245,0.6907685916693125,0.9427641044957116,0.12734826568129676,0.7441380195330145,0.9468465205052506,0.9131471984064914,0.9002456657286697,0.9426302395583883,0.9421433960044755
cg01436550,0.961563723369031,0.9521074651607315,0.9539655960289486,0.936218835743942,0.9141730466607749,0.9160531314800116,0.9261627635152816,0.9461527397613549,0.9450384650177072,0.8485649452401359,0.9266281332291302,0.9427646556703894,0.4545382412418708,0.911068939291212,0.938006358276908,0.887545172681288,0.9189685830572438,0.888777553365319,0.93629485168128
cg08562111,0.8592424151437028,0.7695188504327806,0.5459214802275189,0.8695254238437946,0.7134055955130787,0.8667882578847068,0.8621989980244766,0.9222203837074031,0.9518700674015101,0.720683522682386,0.8037108946016647,0.9010194291722973,0.12124050320283764,0.6165057337986057,0.8626368447510389,0.9509223994888754,0.921048235853826,0.9120509670093366,0.9217844727677892
cg11812071,0.9686641293581304,0.9513280685701122,0.959069778114843,0.96133291964699,0.9290501255452058,0.9606129055383068,0.966179238681016,0.9619902248218779,0.9787121328678092,0.8530090597767472,0.9432782112552587,0.9764745288514627,0.4577045771167582,0.8904689351536903,0.965941478948952,0.9667988136643759,0.9428200139391292,0.948202599212877,0.9615362592267083
cg16637690,0.9500334503609278,0.9408636182577381,0.9528820246593149,0.9548805188705753,0.8860849030580275,0.9486862001631265,0.9428141591338535,0.9588498691479733,0.9770098917484786,0.7913626363528004,0.8667639223125998,0.9650975497144341,0.4104706830834953,0.8438538191827766,0.9592594806461809,0.9732309927225362,0.9542290964352316,0.961836531860221,0.951956022863687
cg24599709,0.9539865915703727,0.8952743997272264,0.9453351626653481,0.9379980062646569,0.9507715394524842,0.9512234883615547,0.9464778154383022,0.8073288150227843,0.9389478791031438,0.7697392605422496,0.9666215945750867,0.9658683686028948,0.4199018862520142,0.9571915103517546,0.9072612313893782,0.9491743908980785,0.9586453233663553,0.9384848808760051,0.9220316181939968
cg02272851,0.9138203234333617,0.8996167800841297,0.9443318162137253,0.9188687364757084,0.813674333764333,0.9423910920987084,0.9442908870203517,0.9195040043181776,0.9079269710315517,0.5407097970563673,0.8649315560594948,0.938750770452419,0.14232390104532933,0.773618913112545,0.9251767391352114,0.9316101152783726,0.9395458544930173,0.9295779629753839,0.896144903377828
cg24847035,0.9571332095541175,0.9578740616162875,0.961570856251913,0.9416485784343954,0.8949705665997749,0.9482258270623769,0.9439117204835994,0.970924255658172,0.9435220671796332,0.7959251417718495,0.8384429756526517,0.9645896284791609,0.3694494654657554,0.7523753975660474,0.9390173048128003,0.946144462425925,0.9144769296532278,0.920629233644275,0.9227656562767099
cg07793163,0.9428147769841285,0.7552342514728886,0.8349043092246937,0.947332958082773,0.8988125604147699,0.9453144961181542,0.9452893794075823,0.814787828209335,0.9706710180103898,0.7183969050517073,0.9548099633553468,0.9486882983060025,0.2008504640423447,0.7397815192671197,0.8787022438084036,0.9614104409547772,0.9456197169776832,0.9422166786269682,0.9397915209951914
cg11305134,0.9500715489856182,0.937674263321072,0.955172428794468,0.9202730718607297,0.8336437229263688,0.9436481343104961,0.9373853410058088,0.9349220039831633,0.9013352776932011,0.5551703478084712,0.6518643621693629,0.9605529168180258,0.17124178126761458,0.766175218346594,0.8964839934452073,0.8991349748641737,0.9120904085540369,0.9169234536883419,0.9113803031739605
cg06634961,0.9519144038693763,0.9507429120124679,0.9609748836451232,0.9545416737133731,0.9385308079746476,0.9536355816256082,0.9606087676485269,0.9703320371123141,0.9769400950757344,0.76785176092161,0.7107912917052766,0.9640222881489164,0.1817026087346582,0.7394537978859539,0.9657382074191481,0.971179841983356,0.9500859433107555,0.9656923029615108,0.9562448773318917
cg04373487,0.9432441612767423,0.9235049122081398,0.9396666323520926,0.925392585808054,0.9411000617807542,0.9413741825804876,0.9532252451307286,0.886858360800159,0.9588634972396186,0.44824477282896047,0.6291110153807902,0.9549569504895176,0.11985960323262923,0.7317304436349636,0.8916767387607599,0.9564850681349593,0.9290865098582788,0.9280863379040163,0.9232681085479971
cg22577252,0.9046860221271531,0.885604179900331,0.9098104344984527,0.8375644417889222,0.5970988945363959,0.8351686255646942,0.8785614511865028,0.9045231503605263,0.8323176663092376,0.515402212349593,0.9392330670625373,0.9469638394676951,0.14037943291935018,0.638637814539412,0.9182829570682843,0.8280793880153985,0.8676457902879076,0.8135057038823814,0.8443939578149523
cg21617357,0.9371956925937356,0.9460712644380758,0.9442672322116885,0.9378007738570979,0.9298693701067285,0.9330262384269565,0.939308806567857,0.9655125876868109,0.939545210982779,0.8699150773984827,0.7765138583307601,0.9446735992332502,0.27771723183456243,0.9113555013701342,0.947844546848991,0.9567662832663777,0.9485216142958097,0.95300167099548,0.952712010162119
cg12250561,0.925965512701917,0.9231617752946529,0.9124726702350536,0.9196356345921732,0.8367301260024004,0.9331218651993434,0.9234349832714996,0.9035958866691195,0.7381459614069702,0.6774087120864085,0.7430993314435902,0.8662919265092697,0.3229422146189408,0.8004420560188934,0.8846955009996594,0.8532557626310058,0.8406914989635207,0.8400437478778832,0.8572937919545657
cg04359828,0.8329072673252287,0.8435802305179223,0.8704353721835085,0.8585070843435839,0.8677869248301012,0.8874199571700877,0.5969370618013257,0.9169345540059499,0.9259892657461047,0.6120056297675998,0.7905575921850038,0.929650951022308,0.07265920767420075,0.695450432439964,0.8475055071665634,0.9499650743308817,0.6692394370928515,0.9288027977204085,0.9232645829321628
cg25940485,0.9548429099123951,0.8158280986612388,0.9239832795673109,0.9527660578872281,0.9094101431182338,0.9541676201213736,0.9531553112516014,0.7209164768080453,0.9669100809247566,0.46442146181938976,0.7835745058924627,0.9515244291051115,0.10255135943019833,0.7403235668493187,0.7881315597401619,0.9704122281898832,0.9502972562826573,0.9516474680080975,0.9628547172742067
cg19330334,0.9023711371087564,0.6397439888751522,0.731789018353216,0.8705679529001102,0.7820241657303342,0.8866621150748878,0.8281737715681576,0.5450664629882562,0.8406743852987995,0.5761022561452109,0.628059528109095,0.8905773688056622,0.17899516949980945,0.5422469183201399,0.6442625113424889,0.7853591555788055,0.7827798217040571,0.8517412444992853,0.8387242813882915
cg04329146,0.926572396818131,0.8556330906227385,0.9137345510019432,0.9281225551770285,0.8846312913675889,0.9243643121621126,0.9114288770704169,0.9437284308194145,0.9536818155863382,0.541374927800458,0.9446139842428249,0.9663531790093128,0.05620701183235044,0.8172586128647755,0.9182414489528042,0.9532808024225505,0.9341818791991032,0.9386841767060197,0.941080144793184
cg00637826,0.9581014124134886,0.946574378662266,0.9621411228661921,0.94704395217899,0.8398767094546407,0.9553426445909542,0.9640815666201181,0.9764141588027752,0.973850390048157,0.9314152010927161,0.7405154924451327,0.9664227706827349,0.36435771278082274,0.9607693598301137,0.973790345347944,0.9640700426813019,0.9475715157190798,0.9465135372744274,0.9471330422691534
cg26935304,0.9463305112908651,0.9104635140512203,0.9314443894199176,0.872678459093855,0.8932976847930085,0.9218857619615142,0.7909277748125421,0.9213199486732884,0.6599069083943148,0.4730834555610124,0.5633202753441151,0.9167655396238695,0.07534364656521697,0.48878180387048387,0.858792256003944,0.8066057421062287,0.7338067535146884,0.8934705575360558,0.8178006674036753
cg13499011,0.9672199404135033,0.9569906182060746,0.9627321547337437,0.9602447104882048,0.944909855640291,0.9667336367054691,0.962156672856383,0.9523558617290089,0.9771380314024518,0.9126212404267631,0.9410338565256141,0.9746516187453995,0.5003733627434379,0.9533610989403352,0.9667908670387271,0.9712172219434708,0.9707898242261577,0.9584202346461409,0.9644192943988869
cg08429815,0.965752318463398,0.9585276608884326,0.9633441546940015,0.8433983904262647,0.8103626780461729,0.9573212457059024,0.956614125415528,0.9655285105486318,0.9662281800298915,0.7044453090642273,0.8786221450852294,0.979116371316998,0.3298093484478919,0.7172753842312228,0.9474577652743261,0.9587326076342026,0.9289269722093285,0.9412239041708612,0.6936052099493517
cg06118122,0.9232978451224013,0.9059700971513056,0.9238682504849745,0.8849654266307918,0.9386480260186406,0.9362370973059699,0.9255756290762589,0.9119360802011816,0.9117665798112893,0.5685947501496702,0.643110936742622,0.8880548255687605,0.17672342189000118,0.7207489287478958,0.9086184061876633,0.9537747333741875,0.9177901115120888,0.9315660305849506,0.87119413023006
cg03781748,0.8998438350317703,0.9049493780793197,0.9134363554026291,0.9065964611573715,0.8297700500704026,0.9158699669443322,0.9077750118589232,0.874574850657476,0.8970388463131183,0.48982119266409885,0.8695018735241262,0.9158934943325163,0.1405460063854519,0.7396848588402347,0.8666554289736965,0.916096496576905,0.9136477375958117,0.8945708079591386,0.9075187953317819
cg07402639,0.9176906399643023,0.7788740147433554,0.9416986810522381,0.9287921457490833,0.8348122091407091,0.926591088301314,0.9260610503553912,0.7758008068878866,0.9464081517257348,0.4362257436329493,0.8922841165427071,0.9444159437429294,0.05843662729659882,0.7609029929342399,0.9501453867886162,0.9369371135433273,0.906048479008094,0.9352745161653169,0.9214395009702363
cg19064302,0.7992845577029829,0.7987412281126451,0.7844665255621632,0.7364513787413536,0.7384695958914457,0.7840886393212696,0.7877914621258328,0.7791313274324851,0.8578018162282557,0.6322403000445962,0.8540056924528512,0.8653466782977848,0.22177860151119932,0.5979040372829885,0.744970299511369,0.8846458135736697,0.8602253692634707,0.8178854819173833,0.7599265712147812
cg00877958,0.9196694288333302,0.9134788175883083,0.9167747862555522,0.8916987765852373,0.8415239020377052,0.8927066537120771,0.924349532563389,0.9369974026725887,0.9206019834628771,0.582845090052333,0.6291481560983154,0.9155207851367038,0.15691090974166869,0.739549067638807,0.9090713878457584,0.8789680296854736,0.8720586628112993,0.8771522560589151,0.891951164824338
cg03226203,0.8988319713503047,0.8880886069605687,0.8828008732689179,0.8994885786848195,0.8007943870373057,0.8982266342837082,0.9081237931909658,0.8493258737432607,0.8714004981343187,0.6818922159313372,0.8796075354955144,0.9025031518571822,0.36644845257049796,0.7947250327844735,0.8256524032624206,0.8662530589416578,0.9182546403367631,0.8955094075239467,0.8849150878221921
cg14624950,0.9244310346194676,0.9067263392686721,0.9087313366583141,0.9277670400249035,0.9211138475061301,0.9248873915305367,0.9239819131097536,0.9161859284446063,0.9239689062584572,0.45295122856512227,0.9142028080037414,0.9305947681387094,0.07282590680446321,0.8166451674597713,0.9052463960264678,0.93927673622534,0.9397287658148983,0.9284453662988252,0.9404240618221231
cg22360146,0.9574518563150805,0.924387556523367,0.9508809611218428,0.9172722625392566,0.9236929120207514,0.9150829236226697,0.957157012896179,0.893464195980313,0.9067033870481517,0.5883484560775013,0.8607697158835704,0.9622991817776028,0.222990025993271,0.7616814218421566,0.9137266496566578,0.8555381941537337,0.9470894095020221,0.853562805926062,0.8731511669648675
cg22876402,0.8694900221236053,0.8734956850855464,0.8447111569537813,0.8043891428093286,0.9102131610019475,0.826592834524144,0.8167562763667934,0.9351745259581895,0.8292171938742687,0.721465689154778,0.7307207401549458,0.8714987584549823,0.3296688604864192,0.6956240897705939,0.9113975682068509,0.8675550179796703,0.8741412443452471,0.8495913173415104,0.7713663400179286
cg01017395,0.9392709321670161,0.901105963537991,0.9405020792769986,0.9377183455905216,0.7860897195572661,0.9460445118462486,0.9468310089196033,0.9023402186160638,0.9294677724302023,0.778706444490361,0.8633757524901189,0.9532626719627779,0.4111199984840257,0.8384937277596625,0.9125975559947815,0.9550992879496367,0.9568243190068544,0.9429232651048929,0.9568493022294668
cg07663572,0.9075646213350992,0.8111623001754235,0.8423264526099578,0.855157205239901,0.8546375724993139,0.8577230825219468,0.6778621666988545,0.8519877075308513,0.8596258638226097,0.4935605425936038,0.5562639809839207,0.9188856765318558,0.0845747064990805,0.7351279484189861,0.8800993555692114,0.6647340474922385,0.6439668018740788,0.8285716915573202,0.8829160072811191
cg11486865,0.9427970235645082,0.9351876519546671,0.9447792359429725,0.9347737763626528,0.928699941058581,0.9249443525475267,0.9396250279437706,0.9632799420146929,0.9569798434181112,0.3958871497644991,0.7147683147737909,0.9538769930827422,0.06750706800755091,0.6482548483786621,0.9409819332025414,0.8900435296352646,0.9356192575882754,0.9041223036614989,0.912241668941819
cg19359883,0.9642156609836066,0.9603686506061948,0.9608134047182397,0.9593338637023665,0.9276057097118432,0.9632630722306934,0.9638322402476658,0.9579722227013577,0.9303428552540491,0.9371669551807817,0.9753868789997191,0.9704615559327021,0.4841620508730625,0.9531036566432385,0.9632378445620892,0.9438445464806944,0.9532059693819677,0.957312534481075,0.9732347002283739
cg06785293,0.8651674856441058,0.7506967958187539,0.7877821518300692,0.7550680724702259,0.6993669037650982,0.8026118085197146,0.7215611016920891,0.6528269363991328,0.5920937122263652,0.5121269709339549,0.6234488569652868,0.7801578882088636,0.1521503335312313,0.5513318063213611,0.5862770431168149,0.607913403887402,0.5988226578402447,0.6847248567451298,0.6572349234446851
cg10451262,0.9717918792106915,0.9547480922189161,0.972740141771897,0.966382209983717,0.9474992181098809,0.9704383068297473,0.970665066389303,0.9508970184299081,0.9752945201418346,0.39583677299520204,0.8949752466506237,0.978019191938237,0.07447555072627066,0.6862352837260945,0.9344779403181639,0.9618283441515803,0.9561367420107034,0.9558307310391612,0.9612919823586867
cg06494037,0.8140457483617476,0.840347537551649,0.8258320757080491,0.8397789124316138,0.8961081098070642,0.8216866102766487,0.8360238698706063,0.8441445077910879,0.9218704264752005,0.7837532300200849,0.900838526877719,0.8881642967319368,0.36536990979901135,0.7971339916063171,0.8265222065732369,0.9316970112589531,0.8812390131523808,0.8533630659904828,0.8395239863701375
cg05737522,0.9373008993101639,0.9414544297487238,0.9431085198061597,0.9473075250640007,0.9420801303067181,0.9489273252277345,0.9479754829082334,0.9584045949023492,0.9720174440155223,0.759545235071572,0.82755340866254,0.9475129487817379,0.3702825869190362,0.8841448361891358,0.9473406479671223,0.9595067103103945,0.9299755225543143,0.9586276280826997,0.9561061184697958
cg02771886,0.9580497651108837,0.9554278002975386,0.959789111920692,0.9598472426406517,0.8930538558373552,0.95609485558415,0.9426785510484652,0.9604186725220241,0.920677347208767,0.7694512303705924,0.9807198749895671,0.9700576987854553,0.3338776723203606,0.6686222833680902,0.9279423071850281,0.96135420501653,0.9432478722230153,0.9578111183821144,0.9682134230316236
cg03272195,0.9579544598522789,0.9427679561354483,0.955145167588689,0.9582765461960795,0.9209307309853253,0.9567334408017658,0.9580153114235157,0.9520833038608754,0.9710123802388568,0.6345475493900886,0.9555298278964428,0.9662182813052309,0.20363102834449845,0.9169560705316223,0.945219487730926,0.9576928997366715,0.9429194497240465,0.9541979607538958,0.9522619874021846
cg06192141,0.9462012919321569,0.9357780751804115,0.9455307692853545,0.9458216267432666,0.8940798789581896,0.944594464772236,0.9551717224310555,0.9330382895814885,0.9587393704628016,0.8895962886872086,0.958578215287241,0.9762427553143971,0.5604504559979813,0.9361528475250016,0.9369657662742138,0.9540992926415064,0.9405372339106276,0.9424487741531834,0.9610087660716217
cg07837078,0.9589442276138875,0.9567162131553394,0.9648815476469321,0.8228541137441803,0.862059709712367,0.8991390677401925,0.9653504886481357,0.9583530395363355,0.959152182512301,0.723145094597398,0.7995180946521154,0.9508773095351474,0.3625798516191129,0.938599296251936,0.9546935244504549,0.9177530596613431,0.9651052519835281,0.8858883105811381,0.8941179054554715
cg21304766,0.9410543411212942,0.9295859860424324,0.9204361920637827,0.9411020630383802,0.8294657417453262,0.9433525827578062,0.7997007292185943,0.9126646743901901,0.9135771734131999,0.5121168066373913,0.6645936249286524,0.9522630178828884,0.13416818711703404,0.4743679672014133,0.8685556760258968,0.9413452255216306,0.7061666253744018,0.9393449749491843,0.9361884580792516
cg15699321,0.9710372951035134,0.8562004819721974,0.9219996835405869,0.9669133514302695,0.8564816375022766,0.9741437258037251,0.9688365037961095,0.7951233413634621,0.9813275922070777,0.37185663237210953,0.9440189216295205,0.9904004700515953,0.09841421368088854,0.4881221852851186,0.8011534698529634,0.970974190383852,0.9360844515254462,0.9681379757143276,0.9749887403561049
cg05395321,0.9224051141177604,0.922579388784903,0.934384096388586,0.9281885064899225,0.8255315096319386,0.9253764170708372,0.9428038310151041,0.9433667863856903,0.9527856954973208,0.7478320074298045,0.7757151907419142,0.9484690862847555,0.44599313946896235,0.8026655900742532,0.9390704720664897,0.9491756324317084,0.9339834255955356,0.9425875565370806,0.9474465673610111
cg02853154,0.938178585268739,0.922615740109617,0.9390966565824634,0.9094643719498228,0.829776215796199,0.9071962962653797,0.7821458626707313,0.9158430740904091,0.8711209187605442,0.6215917168609049,0.8936654512456954,0.9488934896913892,0.3000435707490698,0.74155832531169,0.9055742097978634,0.923818168004799,0.695565807587998,0.902644166171059,0.9063439069919551
cg19490899,0.9608821767223156,0.9589198201057266,0.9496766339153916,0.9508289750722434,0.9252118504370362,0.9518300633940384,0.9552474960866852,0.9445575539556633,0.966030270993947,0.742098144922072,0.7374110995259899,0.9594924618906242,0.25932518761303314,0.8380095996937216,0.9304663336078451,0.9582915837689225,0.9475770185395315,0.9457594026748932,0.9577330886755246
cg08114852,0.9521710903948809,0.8242725428440876,0.8752212227453318,0.728891802135099,0.8205028345757809,0.8023764169742087,0.702288365755025,0.8209283658692014,0.7952466714173231,0.44019758570566636,0.789256791789809,0.9616641162606581,0.1026818237244751,0.41421718798401314,0.7807666569150422,0.7107130185872144,0.6679326308293432,0.7282600481410777,0.6908196809417019
cg11714341,0.9493797149975165,0.9320080700907829,0.9558506861592602,0.9477386293770564,0.923261790464171,0.9446453041991535,0.9533985384959447,0.9740229023077693,0.8415083605246988,0.9408360203125764,0.9324158644443064,0.9534752575484493,0.5099241225513403,0.9493504334096403,0.9687491716576322,0.8964092117676687,0.9526457625187702,0.9476067534384407,0.9606814442704816
cg27264437,0.8250415237839663,0.798252637396127,0.7331456686958733,0.8799832383675177,0.8494936775849351,0.8546059436243568,0.7999180092005581,0.8062683151742007,0.9000586828890933,0.7067455556980111,0.7748254614615318,0.8855175526995884,0.3036010059174904,0.8288613886727882,0.6672114987849129,0.889444606127245,0.8466706386719389,0.8836447871373676,0.8899651633871266
cg11583981,0.9630405260634507,0.9625141270667249,0.9561582560723048,0.9582420451542002,0.8452477619009969,0.9426844850317393,0.9586726840162219,0.9496680714754042,0.9274973113775096,0.8108358849279084,0.949459058654128,0.969810717940319,0.40999314095699824,0.9241037533387799,0.9555582724220935,0.953389307174779,0.9289011078645045,0.9315099075113915,0.95787526755021
cg12412384,0.9480746340491044,0.9520636180207225,0.956087132321033,0.8977474814741342,0.6396621671086565,0.8884491452317899,0.8922378382240372,0.9636022513563505,0.9012588690011347,0.7336610598992306,0.5247734895607048,0.9488969126842662,0.1949430953859371,0.726859020038047,0.9639456241319295,0.8482253502154191,0.815902565532033,0.8483048435259126,0.8902353480760311
cg14614416,0.9233663121617119,0.9120857880416693,0.928232226787137,0.9164030011213681,0.8410612208430324,0.9232751136635574,0.9332035019474367,0.9313622136812234,0.9460301264805795,0.6002387491869454,0.6355833951576618,0.9357157635333082,0.09447909130859433,0.4172209319364808,0.8872699217690949,0.9498452547918601,0.9211614137026312,0.9300177547367887,0.9316874153889446
cg07661660,0.912317684793676,0.9294446686246244,0.9166209649205576,0.9018140945728836,0.7071219039831261,0.9003821397831379,0.9151973474454356,0.8998971025847771,0.8661575860927031,0.48757184228990713,0.7291760826797977,0.9355964798255053,0.11426683391573778,0.7029846548659014,0.871688858737548,0.9280313616252223,0.9231792792244596,0.893231132013649,0.9154294784935825
cg13026629,0.9369312104924622,0.8469705835732503,0.8821923540070893,0.8915910676231757,0.8095661910245416,0.9100738972422346,0.6851873584044803,0.8833651215475014,0.8928785026893483,0.48270628470903293,0.5889331842538841,0.9107127345633194,0.1543836447776764,0.49001883460442436,0.895217471955795,0.8622382604272649,0.745592050987641,0.8205721479031126,0.8167922841501177
cg17164827,0.9226638948274869,0.9213913413466652,0.925999867483394,0.9175644229349365,0.8056148916692096,0.9222615226090543,0.8958668194661787,0.9371114645077345,0.9327785517658151,0.7805439631601669,0.9499676473297997,0.9470872788874101,0.4018977957892656,0.7291089501126389,0.9053372876047294,0.9466220409974091,0.9261783133738164,0.9488098272353143,0.9469461697722568
cg02854902,0.9391503775622304,0.9337187127567894,0.9320095638757273,0.936502730736464,0.8638445920855644,0.9381144759842388,0.9436555168909235,0.9475297085533384,0.9595825614819734,0.6714741665802266,0.9076640027923287,0.9697699629412507,0.30969038295212475,0.7929436709559012,0.939247150028429,0.9598286130200233,0.945210156123504,0.9442575253614648,0.9595110940431729
cg26105766,0.9383853198392547,0.9248698017897756,0.9163938518529444,0.941667121683225,0.8958868500385682,0.9364208730001371,0.9050396481428448,0.9393829475972412,0.9498893251260513,0.92956472664818,0.9443216326671946,0.9463157319935958,0.5873015725331353,0.9099851482611929,0.927299121746141,0.9492108216697495,0.9266089684210088,0.9562241670804282,0.9679773667298067
cg21760128,0.9208615881163054,0.8678926252303938,0.914526519124605,0.9319972888029702,0.8604113602122189,0.9537045259914589,0.9309257712533913,0.9169479933275042,0.9264727192572157,0.6015259587550722,0.5696711065225042,0.9057702762422339,0.18783424216754724,0.5397767056175584,0.8960983419831537,0.9479611926051226,0.9034668066242846,0.9315195555833573,0.9311415219369861
cg15600279,0.9088073772194663,0.9067848791535906,0.9089436533930733,0.9132038838439911,0.7898277789916055,0.9200950974731527,0.9162485757289813,0.8602388498444646,0.8785044663155672,0.4766861316308283,0.49742601243284057,0.9067056721700147,0.07985954210954771,0.362541819480211,0.8053439158200472,0.9197022443271264,0.8777335002950745,0.9141619943373588,0.9139067807449731
cg11660418,0.9071852762310926,0.9043663808003584,0.9211326386427177,0.9086340262418249,0.8858611991046033,0.8994545540507657,0.888805569655071,0.9510599861185274,0.8489786369986635,0.7809893325966092,0.8339485698042242,0.9145405208215418,0.41441986017041976,0.7590436766311481,0.920008839505388,0.9057835023962709,0.9027481025199904,0.9028070854152348,0.9100604991614779
cg04834821,0.9611685786501423,0.8587545537137811,0.871761317965739,0.9629533643979977,0.8142970807701262,0.9629601946531327,0.81430386815212,0.7140630260997457,0.8225720663011823,0.49595309178547564,0.9633161431519444,0.9773405290025876,0.2206634366481616,0.6392657441649625,0.6853848404717976,0.9759788077762288,0.7882463923724874,0.9585500422282343,0.965850450493138
cg02542806,0.9284418271889444,0.9289799884310999,0.9506162431247227,0.9203432431937323,0.8242007609014667,0.8995437405134936,0.9388774216293128,0.9698402329774994,0.9508677896221154,0.9377204484439806,0.9612444778831277,0.956167881939183,0.4504312958578405,0.9575430257903083,0.9690162039279101,0.9248890953184775,0.93925690102894,0.9018745811978633,0.9178897262910417
cg00320216,0.824246573694121,0.8854198701915028,0.9398836139789585,0.9165509696842742,0.8383707861408893,0.9060246280157945,0.959102881555228,0.7157327372731509,0.9818931744362787,0.36247606444819436,0.36893556970595487,0.8413381006604983,0.03427795175676562,0.5503851565283677,0.7805194416041061,0.9678312251105117,0.9478309694974945,0.9169693164810635,0.8835084666267932
cg27278843,0.8024060488075146,0.5298345545286547,0.564650716415022,0.6871833456856283,0.6827792525866561,0.6783795770645868,0.7340904565360649,0.43947338422757665,0.6516588803604184,0.3369821627988956,0.5434037702608374,0.8103842726260685,0.06597435128290297,0.38669770527738556,0.3703474205635505,0.6405499634814558,0.7555323543185569,0.6242919990824289,0.7025650802654434
cg20063728,0.9509613202424656,0.9440388343532804,0.9469785599007124,0.9410564894413856,0.9397664877339832,0.9309416363616196,0.9375802039649981,0.9468021029928128,0.9555027418482578,0.8131544725867117,0.8599833179859494,0.9492473639236939,0.9273814309301115,0.16275036712444219,0.8554381323687998,0.9533587589825339,0.8935929551365216,0.9265621336686989,0.9412617051987957
cg20652042,0.8602932638521668,0.9136280022881144,0.8285623335684873,0.754261609259425,0.7491557668839864,0.7316225240261631,0.7630516109001733,0.8973634379716247,0.7439702829565509,0.7356604447133085,0.8876557059815811,0.8992001161465315,0.8146861762425436,0.11323668699352019,0.7255841816795483,0.7086409955169883,0.7811838846356691,0.6942475703153761,0.7472661524936808
cg05892024,0.9188156920601537,0.9247154558474542,0.903820495028419,0.9002819209981499,0.8995243213794082,0.8760489712695463,0.8674880721874896,0.9056765332819379,0.9048035092233482,0.7383063442234427,0.7584161784995924,0.9275647346562719,0.843689755248199,0.1270499135507342,0.7742988561106764,0.9006767020874094,0.8211084735710745,0.8657517543856565,0.8743645671676561
cg25918166,0.9340013687593111,0.934347533998221,0.942331161042844,0.9297452582063743,0.7547254919764834,0.9366961960239402,0.941854432247599,0.950168864167684,0.9448430603682563,0.5669475245869848,0.6513777229558029,0.9543433077760085,0.6003573864816005,0.11570314777971202,0.8622271228607234,0.9467733527414359,0.8576939440107276,0.9409785256828278,0.9392180119783335
cg16613029,0.9068647224695439,0.8537593764939192,0.8105925380433584,0.8703249253153187,0.8910640324267676,0.7768981365212742,0.8337924501996995,0.7971640582895163,0.8789468104243399,0.71873925478882,0.8916470712308961,0.8975024738925839,0.7653893867408313,0.30127694643290254,0.7194566737907545,0.8022260911534145,0.7974613187947295,0.7457803088036238,0.8530598171065192
cg13452923,0.9557462638901375,0.9541669399736957,0.9447349684562079,0.9544587871828509,0.7608766580865189,0.9621896584308709,0.7540647188083535,0.9230412840148601,0.9684902829091987,0.6456814150258362,0.7068423795008929,0.9485316335523359,0.5376389747585455,0.16592332351114275,0.7609317335048165,0.9716746544158641,0.6610251372511915,0.9576003027169584,0.9577129631795882
cg01850245,0.8757885690383358,0.8900300652494635,0.892617106036172,0.8804412019358429,0.8553397814900495,0.8692168218290334,0.8875297286989161,0.9078670655216401,0.8928276290620788,0.4498683882322958,0.5585859243281777,0.9112683494873235,0.5567984152755081,0.09401445999840052,0.823740262853037,0.9054653929451758,0.8645539683475799,0.8995602536549194,0.8674292538134103
cg12695059,0.9728700116776062,0.8958575128591537,0.8105460231158924,0.9559377318026915,0.8696681616733153,0.9561535959286196,0.9481947410028393,0.8867781444978745,0.972101062748666,0.8721811507527634,0.9789752721846635,0.9849766643644994,0.9135222163715349,0.35135996193674046,0.7726739417154149,0.9724039465577703,0.8973094926167737,0.9526777045669059,0.9661439295593203
cg11249120,0.9212164184960892,0.8260475718613343,0.8496445252064049,0.9209420056689039,0.9223252785640694,0.9229258945980985,0.6163221395690515,0.8921990335237173,0.9589467540361682,0.7145828129166895,0.94614880309539,0.9504423325472029,0.6439128108629596,0.16300669061554435,0.8694804436284167,0.9135129328326808,0.6798757866834249,0.9203555520808324,0.9060598375075302
cg04467549,0.9706826395262482,0.9495639374049891,0.7126377069645531,0.9701460282367198,0.9315363310091913,0.9725340087054319,0.6400360735245465,0.9607441405244246,0.9812789710246806,0.9496071439896762,0.9792059362890432,0.9894495286994618,0.9730293856201309,0.16730562240772204,0.7593459844949274,0.9826503050385126,0.6420190688677861,0.9701469381703645,0.9756074076004184
cg09856271,0.9059619956799173,0.9098565098030931,0.8855490907198849,0.9080802966683219,0.859842170924175,0.9056443183042285,0.8807597114953647,0.9209072633062148,0.9516730192242803,0.7386990642243684,0.7407557210195108,0.9354573837031248,0.6745697174499954,0.24639018017123607,0.8969469519296001,0.9173706765925824,0.8148134673770834,0.9172538545639561,0.9147396822338032
cg22755579,0.9327014124120023,0.9299922925887396,0.9336191963318033,0.9337332851341604,0.9450025063569572,0.9311186363019122,0.8906257832037164,0.927503523374027,0.9486304997069754,0.7728825299329516,0.9438985115541605,0.9579684603477565,0.9044087812917097,0.427745504779545,0.8833714752486341,0.9513707255289738,0.7713232037358939,0.9260953032252668,0.9337996567338005
cg05471842,0.8868651477524725,0.901587771383983,0.8592212873472274,0.8679433291064771,0.8115802084271578,0.9035310361507907,0.8867759662739495,0.9520762495752519,0.9505490519919865,0.7479108009580587,0.8538369256384848,0.9343951588272719,0.6915581546792811,0.29809621409294995,0.8810544793733006,0.9054742233155462,0.9153006559744221,0.924057415271185,0.9225481853509431
cg00639010,0.8977262772402334,0.8805190978847621,0.860430065011579,0.8411481450190954,0.7561923451218809,0.8616555089679732,0.7074379952234866,0.820927430382329,0.8397190241165805,0.4245749393853464,0.5878381197124212,0.9193155823193938,0.4200926133422315,0.0816497592819656,0.6544644945988344,0.848235472407151,0.6152919957339698,0.8473672761871894,0.8384040075842768
cg24037746,0.9462763997798274,0.9499283002308474,0.9487556370559009,0.9322393728907681,0.8004583751538973,0.9395548987207081,0.8204174987845975,0.9702990562129925,0.9587125156003767,0.6906978887997012,0.65096765494118,0.9434892336421691,0.5924096044833037,0.1795146559229157,0.8896353788686858,0.9529636526263997,0.6907101498310924,0.9532667054565666,0.9385236500380838
cg00460916,0.9307583508349078,0.89395070948469,0.7206425004256171,0.9179575106505543,0.8194648887349554,0.9222512544347681,0.7589817394232515,0.9263870685889034,0.9222055839531926,0.7350697184951328,0.7527039592388852,0.9546537540334323,0.6218836565096952,0.2225497552243052,0.7622948004921193,0.9179449287388105,0.6265958050683768,0.904843273198945,0.9158230007962689
cg24618739,0.9613499835271125,0.9415074160146618,0.9553198205738807,0.9539685583694982,0.8914572109938961,0.9488623843846209,0.9285107602856797,0.9076234682989311,0.9459277224307017,0.7743070911910742,0.9525655876991523,0.974342811852491,0.8646173313742553,0.48123628005813057,0.9273553939616852,0.9512503652432223,0.8949776232080249,0.9379714713468439,0.9593720559830169
cg09736286,0.9442698784564177,0.9382293414789199,0.8672210286044337,0.9406094496326037,0.9021298146761187,0.9395717213399462,0.7942285009975681,0.9176450220234853,0.9428346040714285,0.7907490719156279,0.9511652774089308,0.9461701193881221,0.9014622128711431,0.4056905554894197,0.820370176194291,0.935777717882505,0.7339181708539357,0.9214013511856447,0.9340373175613607
cg20417024,0.9559397449850525,0.9525486698014203,0.9486594482470085,0.9438882424228088,0.9184835312448505,0.9232781752752656,0.8089159509156317,0.9366973084284353,0.947294418891524,0.5220983634756562,0.46281393965711726,0.9364113418051325,0.7750554237702321,0.0849693128426392,0.7365651337247571,0.9513415357826887,0.5855992551831688,0.8653081424764898,0.9342016201790762
cg23320693,0.949191847143487,0.9422988039404783,0.8811690840212112,0.9168648497983333,0.7874991726795715,0.899849852518947,0.825313848425481,0.930371428300658,0.9376456939835162,0.8883413862466999,0.8171858192078183,0.9281097813023769,0.9493268720698512,0.28938151494555625,0.727380331189752,0.9095953829296451,0.7493229481092789,0.8736226967098644,0.8883530008453576
cg08035195,0.9212781120728468,0.834513599910924,0.7599322645264526,0.9252717042418581,0.8780768482784734,0.9243499792572765,0.8324978506069999,0.8155625417678336,0.8631500396467505,0.6191039669132143,0.7968531249652251,0.9079237227942186,0.8431642222881727,0.273926826383202,0.6608684408915235,0.8806926601358,0.7074967595690185,0.9053399062348702,0.9259020563082178
cg14776168,0.9427543690000773,0.9434828991002026,0.9458330110299513,0.9291170318342034,0.8478192683266228,0.9340037840826962,0.8760902727567621,0.9408188078619566,0.9406338644399984,0.6934279458218295,0.8677772282098299,0.9550575090484984,0.8621161769481804,0.411332679836153,0.8598118901483597,0.9474970860188063,0.8163978691502045,0.9210287801640707,0.9245668114120438
cg17542594,0.9638256296959202,0.9646189601574241,0.9377164840276684,0.970130732098382,0.9680296348219748,0.9700571515530081,0.9630630101446289,0.9803109422588263,0.9656993320935031,0.9780246961202548,0.9765313807209021,0.9704737710140656,0.9115873381233912,0.565320412458445,0.9731240832170147,0.976647628764357,0.9565565298190855,0.9637746837044818,0.9724246321191234
cg02763540,0.8898427237393048,0.850923578744048,0.7857353167929306,0.861841718625165,0.9338608561605735,0.8578037171092594,0.6483195263368052,0.7035863037726611,0.9021735173498925,0.6895309186426176,0.8709389524933541,0.8630773262913959,0.6419933009217187,0.20039678243228443,0.508148850312053,0.7954926240194515,0.6807960064616692,0.8518553172393628,0.8617494348972188
cg16946840,0.8647434773181948,0.7132483685742735,0.5895365092971983,0.7354146179009154,0.804174458917243,0.7797037569918195,0.5906315770964816,0.7811210629902866,0.7759923764528018,0.5837385535938431,0.9019921040335028,0.8852358221131302,0.7245029729408434,0.2272718837705282,0.5731005393287794,0.7273418207012535,0.5152082803914224,0.7512332987041777,0.7420479100752584
cg04657000,0.9675807017591304,0.9466740903205623,0.906029208260784,0.9564605390733879,0.822291083747864,0.9417920733754424,0.5181694435124125,0.9433541319415024,0.9122296463376331,0.59653733646136,0.8861807178031516,0.970756434788159,0.540923598894408,0.1631127617012611,0.8036044788799233,0.9411762880519169,0.5072270253058662,0.9307937435391729,0.9564739899516905
cg03315940,0.7872038495502195,0.7939124670309048,0.7857090241335762,0.7989713224438455,0.7824920640944809,0.7846803212461059,0.8080495140664775,0.7619402657992032,0.8270754842669092,0.4574502059397013,0.5306443447968582,0.7749772743881436,0.5101371863026468,0.06847136094678208,0.7424336170669044,0.767079563984223,0.7097385836301264,0.8366790397594095,0.7960189497360818
cg02586198,0.8747404353309208,0.831455362067607,0.6151279724335486,0.8541337211748172,0.7951612903225806,0.8433276569014488,0.7597364282715745,0.7781286180402063,0.8279127971954905,0.4237356275629171,0.8210853006978195,0.8879290636037649,0.5711880458802483,0.12471284440810623,0.49854829771391873,0.8009384852363539,0.7712650974751175,0.8302039384099618,0.8690001897173212
cg25503323,0.9406797449571351,0.946494908196039,0.9358078653711206,0.9302265509009793,0.8326023648544745,0.9138670753312257,0.9511394898582072,0.9430031089610229,0.9504684844216007,0.6137210792278603,0.7841956573187506,0.9335589498554014,0.7452076627515549,0.18995056139224475,0.8468975531460614,0.9366437789432797,0.8536194145326441,0.8603034507257918,0.9287851913396101
cg12524168,0.8596855972186015,0.861029820591224,0.8550033434671402,0.8544837777865188,0.7859091122576877,0.8491212836609816,0.7035233328078017,0.831709292574462,0.8504714619487255,0.45857897896932387,0.4086561596782805,0.845275433556104,0.6018160191702056,0.08516106104609455,0.6387651982560214,0.8489577126490995,0.49483643933367355,0.8060695175303813,0.8560253960740293
cg26509305,0.9691479053911889,0.9604191320957234,0.9634304340329606,0.818850524994643,0.8454357605653681,0.8948920035257886,0.9367046908465044,0.9691937650990561,0.6680561223768562,0.6227189356688144,0.8090557648874483,0.9781493692810673,0.747884733691772,0.30623361968462715,0.9253602560764831,0.817553026470517,0.8964946839487449,0.8797822888890515,0.7849718917177522
cg24240349,0.9258340140095227,0.9394798760593108,0.943414457292935,0.9347098406062275,0.893473474486952,0.9352402531213401,0.9481931658295443,0.9515577214817675,0.9592149984951592,0.8984745034045275,0.9653877934524603,0.961339734695577,0.9308336370313051,0.5238866480130036,0.9212457238336733,0.9576724528370801,0.9324020884640861,0.9480637332112882,0.9377317058215566
cg08877257,0.9320576261764789,0.9038427771925759,0.8209908015557541,0.9114925539810892,0.9187807992892858,0.9046118039747466,0.890799475474157,0.8390614695401288,0.9271456543189679,0.5090320544192981,0.7447586777351388,0.913195556752295,0.5108853361572738,0.2478971899395855,0.6784371074518416,0.8772231083098649,0.8667695040805607,0.8756961501204188,0.8947513494220145
cg12159213,0.9418386816433821,0.9404365681037379,0.94310987105109,0.9520046837950549,0.9330417615486171,0.9497694654630963,0.9548553401440512,0.9682430393008709,0.9783878919198953,0.8319927703542501,0.7332518459565549,0.9556317201169244,0.8858813042864236,0.36342667614685414,0.9230623491869887,0.9675084019746599,0.8709332334102446,0.9519547022328623,0.9468990136607537
cg10359807,0.8824861731999781,0.6915938404652597,0.6861219897617132,0.8774655324397465,0.5690450930212788,0.8663043723813361,0.7222222653306747,0.6880089741480571,0.8808160184011429,0.400066027736743,0.6877886683246188,0.8830515355686577,0.5201165765822172,0.1355138064152258,0.6386178595305193,0.7665643194765753,0.6566461429430632,0.8442292138716669,0.8658188931929891
cg05689028,0.9230391705255236,0.9263601437042522,0.8942553922852498,0.9341634315417953,0.8565224988312263,0.9239609842701586,0.9116657825404553,0.9301175506168682,0.9490499593008811,0.9185006098007527,0.9332093554100445,0.9383396636861587,0.9215742010806375,0.5315100576265052,0.9179903929491792,0.9307226602156728,0.906924146856166,0.9416208690487913,0.9408628344803471
cg07616471,0.961863158140523,0.9590929613755705,0.9616692894397574,0.9583287567702459,0.8629661147699668,0.9545660883001408,0.9254435655770122,0.9537985303944736,0.9108202487432171,0.5495199209102449,0.8120113263561837,0.952389893668897,0.30880672082542704,0.04632230248268221,0.8527026288578406,0.9525898014684409,0.8448231049008432,0.9434686383356006,0.9410417684893893
cg03930965,0.9699136571093758,0.9005235787902501,0.7504305867342077,0.9624518502931416,0.9664115182479278,0.9614090533708639,0.6030218482759847,0.8252061959128472,0.6270647308582886,0.3824932662760503,0.9613340920103883,0.9823222710728401,0.46019086173197304,0.07226241044291393,0.5563992581769863,0.9441823594461349,0.5319530444813878,0.9323576408142487,0.9485280338956602
cg03523538,0.8249790075419292,0.7529286582491592,0.6035920838164834,0.8141904045214112,0.7929375577507849,0.8020874834017709,0.7382837565095444,0.7240534547307997,0.74614391986169,0.4247549226666236,0.6959291091214346,0.7961453742342346,0.4500758690435388,0.16749241334640586,0.49016138163069223,0.7000654944959566,0.7362906567801784,0.7522557114399542,0.7727218097232057
cg21030312,0.9668997254076588,0.965020584534475,0.9686771970197989,0.9677916533117308,0.9605931454301861,0.969621858266573,0.9704074048667612,0.958497863835919,0.9706443899818513,0.7149144687711725,0.9085139908845208,0.9770448191433395,0.8071568342779523,0.4735176831966782,0.9117100772765014,0.9760300782986717,0.914691946404069,0.9629805648824645,0.965324011478551
cg25368728,0.8077967377684535,0.8643544722371094,0.6553980519151588,0.9376035370665918,0.8784132411380489,0.9403426244816373,0.838817242993597,0.9122546104848507,0.9444447156945367,0.7521915914010155,0.6869872320535767,0.769198185083444,0.6681978502130689,0.35598011792677564,0.6158842729827048,0.9443174934521699,0.8433231438232192,0.9311340425133956,0.9337423652722454
cg10825970,0.942844342453557,0.9444420495268163,0.9436520227511702,0.9459571063259578,0.9296070346935795,0.9448573145588024,0.946176920891814,0.9399046215815736,0.9496467599418634,0.8840979873307323,0.8966781590129177,0.950902277515042,0.943703214076177,0.6291722254528421,0.8997863187720386,0.9547424741416298,0.914887569633388,0.9479750181210154,0.9511861122752397
cg02205013,0.9451209961320617,0.9016948421251457,0.8186488425859177,0.9381283841535475,0.9220452105873587,0.9468978527100186,0.7631062524584515,0.9052111616907672,0.9487100204874241,0.9389809913139076,0.9573269176157024,0.9512452376685423,0.9272649328192989,0.4658800904859224,0.8012598034597609,0.9296630452548396,0.8111129946960691,0.9333899246725206,0.9393684396034597
cg06397264,0.9572966627124713,0.9570795772495351,0.9498440073032547,0.9531303173362703,0.9310826493769243,0.9594325376176588,0.8683841011099808,0.9576970906975815,0.9247047382080884,0.8277451761279461,0.9372930705069453,0.9720596827773021,0.9273694944243984,0.5588923764398905,0.8875089588325495,0.9725846071753329,0.8156035782506357,0.9587406613462006,0.9594344607121064
cg16001335,0.8257323657983335,0.7649477300519998,0.6268906996567257,0.7812755368238391,0.7269014982841018,0.7840767440789129,0.7045141901731737,0.6735133365300316,0.7708435262655396,0.4195116421466212,0.44309090418432096,0.8062110905564502,0.3966539921679312,0.11650645960090533,0.4277328719473071,0.7430438594331643,0.623488902833103,0.7086519505351598,0.7240277932129878
cg00362818,0.9249869534239987,0.9285291228188433,0.9212708730906192,0.920742826272108,0.8664731574902735,0.9261393539115257,0.5057263870452642,0.9109140234163735,0.9105767311960966,0.6587669193853447,0.8243038711190444,0.9216250076205622,0.37817479749603333,0.1542455058137339,0.8514428917200147,0.9177187790724367,0.37393713374110243,0.9137436811365798,0.9283053748417223
cg01737554,0.9115976725535041,0.9039626696673044,0.9090380083753898,0.925707154555416,0.8810602335268153,0.9135699062377377,0.7011937689519032,0.8655261391523968,0.9129018739164315,0.5315455517165928,0.7726625433672509,0.92246235739202,0.7265621329873702,0.11725745352063004,0.8395616831540156,0.9327272161150042,0.5934288830062073,0.9286097528146161,0.9227160336834928
cg13042363,0.8959628100218358,0.7374527130301349,0.665313138528076,0.8694375008635008,0.8456897718092402,0.87933567120349,0.7858672336947687,0.6584899774944026,0.9374344162391413,0.5510002468000836,0.9449421193351852,0.9467368798327334,0.6723006723299532,0.25755505504428067,0.6122010607305193,0.9158788234631421,0.7546310559439647,0.9103302255279708,0.8821150761437945
cg01356867,0.9221444341910223,0.9257427827910024,0.932241620093917,0.9277881991005958,0.8786148392366475,0.9277219614522814,0.9283593598048667,0.9515519683543409,0.9615562108931275,0.9080656403060434,0.9110326102607891,0.9589384688771896,0.9383212513453607,0.6083966086874222,0.9391847827314445,0.8853792392428237,0.8871653269108266,0.9410752162556475,0.947839751949026
cg09096234,0.9522884386693424,0.9453008495401687,0.9423374814239214,0.9565860353944247,0.8681316792596143,0.9520118225741478,0.9227842757352366,0.9601277992064516,0.9572282283485077,0.9143773035407422,0.9477947396406994,0.9626372076091102,0.9447609781035481,0.5178496907939907,0.8991995276516536,0.9519942543572801,0.8699173456662268,0.9598703645038607,0.9617516245432465
cg27220660,0.8815457795192414,0.7805602160410061,0.6210449734288871,0.8556691376007264,0.8665385807618265,0.8511166184520087,0.7947836664120844,0.7576524174291908,0.8086136403802335,0.36068989055056044,0.7787598258829392,0.8686653903706874,0.4363199529651691,0.11857255110666515,0.5399632363181162,0.7719949836652563,0.766236334529226,0.8008998671124703,0.8132189733183475
cg27338089,0.950077853212083,0.9424743880304598,0.9255313662500574,0.948268788051302,0.9543165692443423,0.9491881310885354,0.9523427436409244,0.9457703900337832,0.9537474343175973,0.8721496055533955,0.9636572835594738,0.9546670729632967,0.9262963481203946,0.5620873589247997,0.9011619637619503,0.9507889931285397,0.9539148748508268,0.9490636309085013,0.9517201263469426
cg06908450,0.9013780528528081,0.8301928313587216,0.6783999208202551,0.7640307764187954,0.5456269339238538,0.7794416386306449,0.6090218866766486,0.8403339452759637,0.8228045512135255,0.6880481679989541,0.46063847146778086,0.9050902693733727,0.6865020459348072,0.18254403991901313,0.6671196161407295,0.7128870487514694,0.5758812641744329,0.7504071033722777,0.756668571368081
cg02295389,0.9251201874299848,0.9257697741389769,0.904641814882591,0.9397585934958506,0.9405112281444307,0.9143237855122681,0.9220053871261386,0.9361052922108579,0.957063980211725,0.8660408247905989,0.8524585562282769,0.9069080145464379,0.9394705380353178,0.5551263807333717,0.9065154397002153,0.9435688823408686,0.8979714762633273,0.9330943101595657,0.944747109484626
cg05585475,0.9489210283185431,0.9407606354350917,0.9388612369559519,0.9476618503765089,0.9074071886278925,0.9455058411933124,0.9364570792647401,0.935850373661029,0.9282199592617222,0.9056638734129041,0.7527015431415774,0.9494345739080815,0.8721955462197661,0.33456198201758014,0.8684440910187285,0.9072355365403444,0.8301858096494192,0.9286004817398855,0.9401266371261061
cg10335493,0.9046832140102424,0.9012776756859391,0.8912051941702067,0.9087572932508446,0.8585502593594606,0.9100141880919521,0.8756536061303031,0.8954893778515751,0.940830057231161,0.9336467052620747,0.9562578748278303,0.9377249619216679,0.8897766602325643,0.5679633580144807,0.8677862758258876,0.9589633796768087,0.9024059813230765,0.9212356680933953,0.9415981794821311
cg12983578,0.9541291129544556,0.946243724130728,0.8554474829675457,0.9565497961776703,0.9252404052911289,0.9530373840202678,0.7268293732967157,0.9534554948017611,0.9543381014347125,0.9280554785497932,0.9183436508020569,0.9671135411901604,0.9462789900386639,0.346607793742397,0.8356264812456384,0.9211243639285607,0.7235371669073826,0.9513900472817742,0.9663467037620642
cg16596691,0.9146613938748305,0.894387356809602,0.8832131221643296,0.8850932067118007,0.9330048724249103,0.8948391490067681,0.8980220717305891,0.8812229825848976,0.8796747883024034,0.48685782506881303,0.591841449698242,0.9154773588249705,0.5994821438691711,0.27411020008644804,0.7788232872188001,0.8117318934253253,0.8811640840037162,0.8705676150056032,0.8868422652393126
cg15588941,0.8465417426598927,0.802976755290304,0.79929091576904,0.8096321369722341,0.8248086841375808,0.804816452201692,0.6693581451749727,0.7311815198398337,0.7428027461997883,0.46880335256994604,0.6081464323180499,0.7822416803241614,0.5232180122716784,0.18838638896170296,0.6859717114267962,0.7508410105359653,0.5465664771308747,0.7366295347322378,0.7538206817081191
cg25702480,0.9376130089727714,0.9344457257572447,0.8983439130770645,0.9303852696552879,0.842202707549709,0.9102568548896497,0.9019898147007279,0.9583771039161963,0.9225000364933944,0.7446884362547873,0.7918820607938268,0.9451545625123643,0.6443806022497244,0.32910355720605844,0.9331360538677687,0.9432184587844771,0.8685511779981516,0.930533525162996,0.9262901564935857
cg14679780,0.9283654519127331,0.9245917387127762,0.8774595372599787,0.7313961887703082,0.8235688430084461,0.7797166299284779,0.6536311466246274,0.9082150537634408,0.8170179821222103,0.7420291813023507,0.41716307616924275,0.8822765053482051,0.5123312078019505,0.11121844746514484,0.7504866181674256,0.8159510813048247,0.5319529639747602,0.775850008511692,0.7912476593383729
cg09963856,0.9260335419682497,0.8452055295390626,0.7410618592861242,0.9124341391506199,0.8250033419758511,0.9280286248951806,0.7980756448841904,0.8580111406486111,0.9411242858754472,0.6375501987310082,0.7068268743536672,0.9249345767503023,0.5908473828968545,0.35968971646173603,0.724697793738369,0.9328727240129575,0.8301097615806357,0.9104452401105292,0.9195428253021554
cg02265239,0.9388166248702547,0.9400088057482024,0.9465475197666368,0.9307860362582364,0.9128411428147498,0.9220477272035066,0.9316318014591225,0.9656679134653501,0.9285060725510412,0.5984776615531436,0.9096825585795127,0.9370543164780194,0.8192676302315886,0.35796656142419186,0.9503146213440508,0.9305872728781123,0.9075714881502059,0.9258381039443746,0.9309386371121554
cg16548262,0.924267475857851,0.9251355348890564,0.9307538467096736,0.8962285252861582,0.7881237481043717,0.8739407672900814,0.9043503844310679,0.9188198033434034,0.9319712723500437,0.6471524290914717,0.6323512401427192,0.934759240805288,0.73599623972161,0.27021834810903383,0.8360109155259613,0.8102063905835857,0.7749663110581924,0.7644951880024284,0.8659458397178861
cg06154597,0.9688298974968917,0.9098774670202385,0.8447644908581431,0.91599313567688,0.9355686988656404,0.9234496933988868,0.6119062574331091,0.9448065822406937,0.6889097900870618,0.5413972342950475,0.8522309458565673,0.9757510618217456,0.6350296600624397,0.23412497014760142,0.7609969077583241,0.8541194917239578,0.5842513306259178,0.8994143735694942,0.9206501850080517
cg26074552,0.912223216254826,0.9079727181423353,0.89372767648519,0.9146050775675557,0.9083493634596604,0.911339174244943,0.872570907797311,0.8756248576893901,0.9225784797322442,0.8596766402394977,0.9376319093210252,0.9375015408137617,0.8400015621563302,0.5441282646806039,0.8673433178353238,0.9294217068352351,0.9058268790474377,0.9006038642933208,0.9019915704149161
cg04671742,0.8159274509035142,0.8058999209098414,0.7524610413908459,0.8462393093457183,0.8900669981541359,0.8291370912262126,0.7348337635905777,0.7829224686917103,0.6913129391733952,0.449232921712465,0.8138700728471768,0.7698801872369373,0.5550727729567361,0.17200442611887773,0.680204716894504,0.7518543999071559,0.702638184034377,0.7378113434240214,0.7530341418270915
cg11384750,0.9418912568793132,0.9356481965451808,0.9301453365579848,0.9461475334754492,0.9281665912377378,0.9448663993172376,0.927686794089806,0.9122766078068266,0.9456464304227821,0.7852766579260383,0.8526219728870155,0.954631408516299,0.8329352052385355,0.5885993415537809,0.8917530458278892,0.9545900966977525,0.8801982049650324,0.9357493744674326,0.9567318169818252
cg07109551,0.9442499303085112,0.7113701924906009,0.5966907399256894,0.9305101055105023,0.7543825229093214,0.9438073172676102,0.6987827943641184,0.697329117151842,0.9031855378183713,0.5773289143149236,0.9118688168474285,0.9251678059282514,0.7840665217578495,0.2423399885526108,0.5135730810733037,0.9339130835854997,0.744173973445186,0.9390830048903022,0.9361534556768596
cg07814664,0.8899365543333198,0.8158994416699726,0.7600051142776766,0.8851263727056917,0.8717592341586534,0.8818631696926285,0.8495882221158728,0.7962646224119269,0.938737941162721,0.7505395545086728,0.8787430057534701,0.9422178696792416,0.7542262313893952,0.47482889172491854,0.7383222227349664,0.9238294747747549,0.9043186925330445,0.9115843420304288,0.91337751128963
cg15988287,0.9480737028088833,0.9439079134381654,0.9400713154378644,0.9326853370894087,0.633911286251853,0.9384620628250231,0.854913346947775,0.9162244435038018,0.9237993934924351,0.6632235985799461,0.8207202616416732,0.9503343719816171,0.6641620904100007,0.2708128188397818,0.8054890977048897,0.9389473802613804,0.6440983611541917,0.9121674721303067,0.923048783956674
cg24351076,0.928792176435914,0.7139109105594413,0.7527019458250397,0.8577804749793216,0.5833771193235773,0.8536965117717282,0.47961961611067605,0.7917159024995937,0.7313338839482413,0.3148220320149421,0.5852361948846502,0.9025592863488485,0.2748754123216189,0.06720687474411768,0.6914223169699198,0.7412970049140541,0.35011554850334,0.802968397675953,0.8742614803331306
cg03501128,0.9684919628251873,0.9661638809443271,0.959836342476466,0.9652294210819714,0.9422968627358828,0.9639828060553866,0.7943258480564017,0.9733797213163443,0.9682546491582908,0.9058912731205168,0.9748704104903723,0.971153433461805,0.9570530051877637,0.45798840982368705,0.9519577523112216,0.9609644309097238,0.8844359882169626,0.960075374364507,0.9667026029981114
cg03145486,0.9189768736082407,0.8938471636231693,0.8790873029238069,0.9097591276874313,0.8895318932406091,0.873767491501006,0.7168717897656979,0.9142865335582566,0.8965767688884305,0.7422760147146333,0.8850568196152653,0.9481235235102076,0.7367368405776782,0.3045932283791938,0.8546310565317734,0.9013606494057576,0.5636565319913218,0.8547836075583921,0.9221188067654329
cg01761256,0.9763722479189012,0.9688507199433642,0.966569861789288,0.9620222659087814,0.8772131956183,0.9666823972819414,0.7822545797717031,0.9533900187707971,0.8958913878024088,0.5403774289677024,0.9558717107913097,0.9840044520070574,0.6761797182393702,0.32211649370347367,0.8705137752845367,0.9562793571087307,0.6116930338230092,0.9439017350280794,0.9595697423731272
cg00689330,0.931180017553537,0.9563600507084907,0.9606216994797354,0.9576795287541939,0.9345071506401432,0.9514981353490504,0.9577996878969912,0.9466898172013009,0.9621602768756385,0.6414815138691892,0.8150176910376484,0.9647459455859435,0.6791295132542734,0.4494538637938783,0.9185023574930132,0.9661528894911842,0.8944291208458373,0.9558739048309317,0.9615397675518792
cg10531986,0.8417752200337454,0.5181959268266235,0.5477963263001435,0.8779089553585506,0.9217180009158329,0.7371808857271627,0.30416793109603013,0.42802237538789234,0.9111925989355679,0.31477437071822495,0.8472989167088716,0.8967514713831075,0.3835104039422113,0.06988544984429107,0.2816323767311645,0.5323152114327973,0.30393772153881643,0.7918350882301983,0.9107974733325498
cg13936972,0.94300906151051,0.9376609190918311,0.8923682475290292,0.9162966965873944,0.8504014272970561,0.8274449556824341,0.7139779073724064,0.9498094027954257,0.9291725906024493,0.6756983474540726,0.6306690034099545,0.93579645566034,0.7312517763612002,0.348276128958358,0.869235941854704,0.9371525926724262,0.7915025729736912,0.8042303959865357,0.9333940912888281
cg06928325,0.8569806570127105,0.76055973294375,0.6904227608887635,0.793529409878214,0.7705688125242097,0.7481675996797422,0.6774682373279914,0.7331078093155463,0.8286232501992559,0.6364693688429733,0.8659863777962558,0.8669929922018893,0.700801550564896,0.3537351650886972,0.6144560801226422,0.5944484460493231,0.6508853446843226,0.7423095050385331,0.8310260613337269
cg12090885,0.9128602235099272,0.9145396715754656,0.9105982409644442,0.9231228295478369,0.9130076319847167,0.9207521023095466,0.9234867950646805,0.8814505813323732,0.8874793673320098,0.8728083252706028,0.9253020390015306,0.9144279759661775,0.9078831081344263,0.6630789979624494,0.8724176161722326,0.9383260136972278,0.8821046571159419,0.9033687378337196,0.9161232808994627
cg16796272,0.8805763431828613,0.8778790689563447,0.8630514443648791,0.895171281597259,0.8729722504941014,0.8887966822016908,0.8859787324045338,0.8350029488504984,0.9170739270387727,0.692550745494074,0.7204139249080206,0.8897579780796641,0.7631806000993444,0.4235010638821002,0.7845567388825687,0.9094496333946491,0.8530565720256786,0.9003454452564811,0.9121509059708258
cg09046550,0.932459544558425,0.919164853038987,0.9258242374479881,0.921563113178861,0.8118374975359692,0.9211653635430699,0.9152188072645464,0.9058953825339463,0.9245747536351037,0.5315522234904094,0.7772137841808376,0.9375347672178131,0.5953796519444794,0.26671308190908527,0.8166812831219916,0.9305685999972972,0.8284051310213709,0.9137748337045877,0.9246408810925977
cg16278996,0.9354198754047676,0.9445586204289518,0.9377852100046111,0.9376462682025895,0.6109388531515745,0.9370149578946809,0.8589993987655018,0.9134127849197926,0.8726242352144089,0.4119516515082551,0.716360723586796,0.9213537437129986,0.5554093663671377,0.20213302490992457,0.8332787972183874,0.9213623482405335,0.7116076904963257,0.9177218638720774,0.9412340208424765
cg17047222,0.8303037835277454,0.8296192095088208,0.8176540584995996,0.7856871719734748,0.8639032542760445,0.7866729628079105,0.7352860848897,0.8678887822309532,0.8470936219783659,0.7809787325757998,0.8001853908747213,0.8637999993613923,0.8695937299862697,0.434759675823515,0.8617855368325393,0.7522777959664306,0.7448200878465063,0.7809005225463505,0.8058433182689231
cg21448613,0.9627240336787338,0.9601189804760839,0.9582094353508641,0.9605793438313608,0.9337505303533159,0.9572471411372188,0.96154859959905,0.9467104345234841,0.9545663272440722,0.9272710124406436,0.9428364416309218,0.9686177149560846,0.9462665061348414,0.6905070479989022,0.940599035817618,0.9609344179625524,0.9439935722103171,0.9483802442288607,0.9641063789009661
cg23642827,0.951798996159076,0.9318992170590369,0.9526847209165185,0.9519973246292786,0.9311784520447414,0.9608880522601089,0.9555777591110571,0.9545564428037925,0.9794018958322387,0.7221821928640816,0.5500523990963835,0.9633765429749195,0.6409414403284005,0.23780838571068336,0.8922759882875009,0.976546509665895,0.8478702250796416,0.9523732052509384,0.9583915080204018
cg27254338,0.9030856875770861,0.8070879809398638,0.6548051658645149,0.8261670257607613,0.5178607166014612,0.8217646554203275,0.6515898637315454,0.844039022050771,0.6456228829937964,0.29089376103228975,0.6418931503588186,0.9237245494282152,0.27935045874081715,0.09365644080587976,0.6219450352282201,0.869375150244765,0.5329877377309137,0.8276869063274643,0.8305224983532801
cg04125962,0.9143801329475947,0.9132320419788462,0.8893172176400841,0.9113341220179493,0.7807988260158302,0.9128365736447579,0.7943045428830847,0.880459257188854,0.9087761290586673,0.8621757626712291,0.878752863076486,0.9193754206327147,0.8186260500698659,0.38728449437287366,0.8226428717311421,0.9228165054885584,0.6405736170061349,0.9219778656029374,0.9344102156751712
cg21622202,0.9332196652825845,0.922450261464285,0.9361046729014587,0.7628415928853427,0.8898918393855824,0.9002982859867208,0.895689005813172,0.9196093993534622,0.6087194002235419,0.5097678694848273,0.406739460433272,0.9333815316608363,0.45084523540732857,0.09314427475672438,0.8214241313301621,0.9293290276932298,0.8605805706479377,0.8983921286540058,0.6906280720942499
cg08651517,0.9589662294032952,0.9517255618325984,0.9374142216171124,0.9577331514951938,0.9334985746524843,0.9592144446172832,0.786137949813662,0.9694976563256249,0.9391894928002624,0.8754465669227781,0.8695402934779939,0.9660944610329896,0.89409378244828,0.49146592095126335,0.91961009003762,0.8724528046491347,0.7490177019281803,0.9462744433305099,0.9615659131505198
cg26581228,0.9068406485149136,0.9043453800745684,0.8839980149685737,0.9140913771391912,0.8193142592043484,0.9193419611166815,0.9121072415488258,0.912619972679989,0.9581823610294923,0.8413035717979341,0.7658264602621618,0.9554304920282572,0.9090462812700654,0.5048533472048424,0.8853449116298868,0.9223968515559531,0.9049283971509694,0.9231044219568497,0.9459322306700703
cg13723853,0.9107637200224012,0.9121176160337553,0.9031136842992793,0.9040622096661013,0.7550677096475734,0.9043226806486097,0.7473588071216548,0.8892844677137871,0.9114778500164339,0.7359473684210527,0.792359029478199,0.9261508438020718,0.7159942800190666,0.442542957993303,0.8456560543869719,0.9299105920070134,0.8289611015766856,0.9180110290435431,0.9284674083998369
cg02673323,0.957433097681943,0.9673991619341251,0.9490456893178749,0.9627058981259964,0.9679635894853134,0.9582358608556625,0.909546945457256,0.9804564524990446,0.9869593760873321,0.4348004829075094,0.7175190278478899,0.9678123727997873,0.6562556356651148,0.20398388638314052,0.8928544738175332,0.9803471690101038,0.8648519329402922,0.9725498942986234,0.9736129049200799
cg19015511,0.923895001425507,0.9235275333703911,0.9195329593692476,0.9230377057777938,0.8570862176374225,0.9219794388691622,0.9184752232626306,0.9116923246422439,0.9361348856458019,0.91060350189454,0.9376775192322612,0.9442839795826297,0.8897259502091852,0.5952648455743803,0.8813871754508179,0.9289549350125037,0.9007857764612941,0.9249468382751262,0.9346160345751968
cg21694591,0.939720522566708,0.9343660007334242,0.9365622364785264,0.9493294321168517,0.9591358549729426,0.9445334630694677,0.5990127218765561,0.9654357109789844,0.9695221273023873,0.8605150926444056,0.8382013265111792,0.971943322679389,0.8506498434596845,0.2134486868425074,0.9169712851579517,0.9550924481865963,0.5806722389063026,0.9576337067310671,0.9381856353564947
cg12831076,0.8553993632572643,0.7405627667709221,0.7615792794456593,0.8368978168232402,0.844869277297908,0.8390046666089932,0.7408384203028022,0.7999961948992373,0.7603521634958642,0.6757218549510589,0.8853559381597382,0.8549035655778972,0.6460104384807818,0.38259473932218996,0.7371840619231248,0.7120068848949115,0.702437209626375,0.7926490651067335,0.8069158033235612
cg07406728,0.93957362266165,0.9350789179072448,0.9395708946639811,0.9456404501176903,0.8121235683403693,0.9471711146124671,0.9319415064453144,0.9550449750129728,0.8903646271931239,0.6304829744688033,0.7681589215763974,0.9612264629337051,0.6800787993816677,0.37404338920686697,0.9246937300074036,0.9239380729750699,0.8747999904803105,0.9343561914230165,0.9494281527916468
cg03534847,0.9546631482704048,0.9549538088156161,0.9485120994356078,0.9517995862534238,0.8526872629102398,0.9568672611268781,0.9548407662784765,0.9731787081184832,0.9750470431637979,0.8944769466359972,0.919436747511801,0.9808211853342471,0.900546383921624,0.6005710366963848,0.9289277610093438,0.968303215705016,0.929404518093625,0.9554026425482256,0.9733713275930622
cg11712187,0.9323897159653256,0.7732272698809359,0.748584552903163,0.9189604066294808,0.7017983573796313,0.8774186406918718,0.33633032824883313,0.7872729327154041,0.9191548178524953,0.27339312984630126,0.6849242882436988,0.9322967713162638,0.32276059096203746,0.08974804447307089,0.666582665941932,0.9203567214886532,0.4298427771741251,0.8964952012734053,0.938042897183895
cg12667031,0.9712079987839205,0.9648683457355467,0.9665108242613218,0.9673183365945229,0.8847347347347347,0.9646338725617822,0.9433506262816076,0.9743547726341664,0.9771943237946514,0.8500599023131509,0.9421626183587012,0.9761319371628385,0.8243363526886225,0.5924234494318283,0.9528601628061127,0.9701980922597913,0.9355516399192605,0.9567165407534056,0.9653103808033385
cg20560862,0.9629366233268228,0.8941282326206956,0.78779442793615,0.8161610854946926,0.8342301769292206,0.8007287665866625,0.8426406099209376,0.7069658843359895,0.7084372958463272,0.7429895073070807,0.8065133154954847,0.9772527941529265,0.6987963960604289,0.7099862698965969,0.355428764810804,0.7347220782495427,0.8223838585325709,0.6762021300677108,0.8021526216800311
cg09628822,0.9547594364181894,0.9193109940751415,0.8734999065451892,0.957902510135608,0.9659006830071326,0.954694911841045,0.9408518421752652,0.7401251655732838,0.9677929629219333,0.9491189617596516,0.9784647028313289,0.9672617642230026,0.9675846012779907,0.7171204314110915,0.41448176326912073,0.9700854113375873,0.9326532900368498,0.9458817580237494,0.951385798743498
cg01055868,0.94795039791349,0.7477063215883389,0.5942914296394533,0.9486551915321313,0.882876091309137,0.9437088210285307,0.9326384427253664,0.5795201376711965,0.9618336061754595,0.8674374661084819,0.9524863570744576,0.9598823275107804,0.6173729175848707,0.8574381957934483,0.33737232799391637,0.942573819466243,0.9264609302300884,0.9420422870003823,0.9389962979022989
cg13693582,0.9569742616935021,0.859774990745531,0.47086024738930243,0.9477971811837247,0.8607946301904692,0.7119715608202948,0.9379020915770258,0.6417749425876391,0.9501625198665437,0.8776362861897351,0.949598954996722,0.9707448119079694,0.9459211505334817,0.893918077263645,0.16626169113569797,0.7444479388654209,0.946222436403043,0.6028427487134433,0.9660617853910867
cg05478809,0.9187791668773075,0.9195795710054061,0.5422034217708733,0.9225325474415791,0.9029738134733831,0.9132623055150431,0.9238434209748356,0.9375577707572099,0.9650400727239563,0.9525277747942879,0.9475693465907633,0.9581055987059781,0.9641186907886619,0.7881609809182539,0.24804746324492244,0.9444196675399669,0.9454045455159024,0.9331673838871326,0.9501599568355026
cg20234060,0.8103665730617935,0.6807010194106968,0.5860323892367291,0.8294277504655243,0.722445028350159,0.8066878461852736,0.74367030556578,0.5466400199850112,0.7218159687006872,0.6361326884557135,0.6686191816437688,0.7592194993150807,0.5839035911100345,0.6029339880541279,0.4019719613150855,0.722418051395135,0.6577353399082555,0.744230443852431,0.7844344904815229
cg12221970,0.9090856281132307,0.7636304414470978,0.5599788036982869,0.9736349630245555,0.9180792548517495,0.9734030780570062,0.9560725560818439,0.5326735927386101,0.9774815004031463,0.9005798630544589,0.6174007884367063,0.8421654371749456,0.8855178418208474,0.857082622088414,0.25005794594131264,0.9716230152868437,0.9590743891113492,0.9669943745693692,0.9717989317926767
cg16983084,0.7578572652802208,0.5895023966901919,0.4569356471473067,0.7424465725189484,0.5776168535643511,0.7508371230239392,0.7681260281817295,0.36027120386513717,0.8824234588247377,0.3722899587198145,0.7883496288059357,0.8579345221667618,0.42986785685315565,0.3738051030126358,0.12823992651230795,0.8381101693454036,0.8135204282890238,0.8148094706156365,0.8059475240272556
cg08828733,0.4977942763640941,0.4339785765310697,0.26985116617099136,0.4788311868279076,0.4133334228115111,0.4728361962140035,0.49114266225677633,0.2456386932497174,0.5020332595051052,0.32613163634935904,0.4270084358526091,0.5692590301536018,0.3801117627475611,0.4300190924875014,0.07935573314310584,0.4374158996849273,0.4820648456425806,0.44949845588198345,0.4521334513421198
cg01783195,0.9346059465093313,0.6697202309491658,0.47200215406744755,0.9315158039613621,0.9235100642202532,0.9388598319536597,0.9360725683262519,0.5202773760804053,0.9671618056936688,0.9554280703302068,0.9441222248175802,0.9339984827880561,0.963413459088529,0.9634793781114864,0.2646496683306999,0.9620261318993232,0.9478199988500147,0.9515342996540279,0.9604747998208504
cg17810781,0.8501735326643647,0.7818931893978638,0.5678886005750261,0.8408938299839297,0.6966756601849373,0.8338775155500617,0.8227180438486112,0.5781314049244962,0.7130447988259725,0.6105379237684827,0.7381418170695467,0.7539295631874079,0.7295257280442499,0.43624242227352844,0.23065793722899824,0.7777843828290452,0.7621174114942587,0.6937496319558816,0.7374278392063347
cg25015733,0.9648047989783131,0.532134330952408,0.48269943580272734,0.9585988610774349,0.924895683081302,0.951221607211785,0.9182217293431741,0.31353748045189567,0.9571620288918441,0.4915227214382243,0.94886748623016,0.9642251682224425,0.8966453774226304,0.4373919060030809,0.130277803839296,0.9765196357178907,0.8831351966231897,0.9460241751113014,0.9617627952776422
cg24193411,0.9585600217847159,0.8792632605588724,0.8211023661262018,0.9569105991738542,0.9144786629383472,0.952091299038077,0.9546716629201394,0.8585711682273801,0.9647106221616971,0.9526081618877101,0.9395243395684788,0.9759171705332282,0.8900173170306024,0.9186569292124669,0.6204772695625587,0.9703677190893922,0.9500152783185555,0.9557799232268691,0.9660805123597664
cg21387281,0.3551897723817599,0.5218898599537268,0.31919755880633593,0.4797126262471488,0.5291817629992527,0.4761789806738087,0.4265064638972991,0.3612372658291858,0.3361992484312859,0.6259823110594658,0.29059605283332424,0.27409106190894306,0.5208220070036911,0.3619898708593555,0.15940233272023174,0.3520656759001019,0.3370599296233532,0.3462490174412697,0.381029263135377
cg09395239,0.9486078649967064,0.6635075959417821,0.6284840605747865,0.943626163302811,0.9237328750682898,0.9445878763012742,0.9386814115751287,0.5582994929729421,0.9371127239696839,0.6537879608655439,0.9466833147024312,0.9427332842436581,0.7571792001110182,0.6032744940077124,0.39442543289513593,0.9360333081189023,0.9406429346551415,0.9266465219202107,0.9498708183479383
cg07296855,0.9133561049090133,0.9168427096510475,0.894764926102511,0.9188576343539152,0.9539508085075814,0.923647066175705,0.9100479697707369,0.8821296962519085,0.9193718576994621,0.9089299836274529,0.9440331620678641,0.9321804610814756,0.9026520273349422,0.9103729529632485,0.6927130325796319,0.9314459075328249,0.9170749872009252,0.9213616907548827,0.9293394207307537
cg27276522,0.9522631374235081,0.8328885214908808,0.5824712303423938,0.9331075553321572,0.7224022221713696,0.9342466224444184,0.8600329329920209,0.7913246833052643,0.9487656905718365,0.8157520658436804,0.8938354268907747,0.9584918569367652,0.8499780362793262,0.6687548362721469,0.38480332973839215,0.8659713802122049,0.8488200665913703,0.9075583180303466,0.9326304442956732
cg14555759,0.8549976934257761,0.6662254405536039,0.4900823541525506,0.8489782633142464,0.8327979386099816,0.8394497134881042,0.6355978003050555,0.49244999296813935,0.9445760383332839,0.3125127815593123,0.9338822251108531,0.9124613546226622,0.5631272365900044,0.385728139358849,0.16859689292764882,0.9517962012425552,0.634492292662882,0.9035948393049729,0.9173746220851016
cg17434453,0.9423808618429325,0.9008254397141198,0.7986768802533594,0.9456807452096958,0.9048348820999625,0.9484864899797656,0.9233929979067165,0.7520395298513967,0.974246398705688,0.892292542139348,0.969349992297116,0.9661381573055197,0.9257610905040201,0.7974148840476951,0.5282288359550481,0.9712989344069438,0.8338639889501691,0.9566246258855744,0.9624005367338112
cg13543915,0.9081280944449105,0.8440769349572588,0.39735532994887623,0.8982416847194352,0.7432990610318756,0.8700901802846315,0.8466790440828171,0.7787938530739336,0.7675266454411016,0.7126064373149984,0.7140910366000501,0.8780111145074421,0.502905104424206,0.2876979936160903,0.17485834644133874,0.6599460301903279,0.8216635136038692,0.8239744380207885,0.8460032612161343
cg07619672,0.9261885650515357,0.9209097933016478,0.8755331801143234,0.9359880963382212,0.9354075911064816,0.9233275646441036,0.9253374529062377,0.9338622027900916,0.9327034017661413,0.943196252507307,0.8414488511264233,0.9591723048877641,0.915612550622557,0.7981018368101103,0.6606547768935391,0.8731977028860736,0.9477702170968633,0.9302045437574935,0.9486984991714769
cg18792528,0.9550561303256146,0.9416555978183496,0.9244815916932129,0.9499406641048773,0.8872932622058759,0.9471229002837974,0.9597847608018317,0.8921085475874957,0.9653224347876128,0.962453421686226,0.9510183719196174,0.9707698047028408,0.9507812929281396,0.9632958834209686,0.6714976786965672,0.9529877902981673,0.967653671226673,0.9499725963458641,0.9595969006614113
cg05220090,0.9206339137356576,0.7691028404465919,0.7192800780117025,0.9380588061736314,0.9441877963520239,0.9364125477244383,0.9347396418652485,0.828883862056669,0.9656308746658222,0.7315785742593703,0.9576414766170995,0.9594282341936775,0.8727772079229404,0.6615768625741965,0.34497628692937904,0.9498323514425606,0.9402571163141222,0.9250560100525478,0.9563900543590937
cg19235893,0.7961030697453306,0.5475260780609004,0.3940179705333129,0.8804859158732701,0.8187108453306561,0.8960192160264884,0.8225239215083245,0.21680529821265881,0.921080339958029,0.24932105183968423,0.7773088252459883,0.6887003933195626,0.1565594333933606,0.2342025681617664,0.06217126810391399,0.925141942078813,0.725823666273216,0.9020193910388905,0.9244606979954418
cg07905985,0.9502640196038152,0.8900221354328888,0.8736104980579729,0.9627077356684633,0.9447929082567738,0.9606867926143644,0.9536100302132008,0.8453610937215316,0.9500717818360415,0.9379142320763469,0.9716295452527313,0.8708050465496644,0.9627274395472535,0.9597167663538804,0.6684074684425501,0.9718087481664508,0.9216875942700192,0.9425789419316764,0.9433007936922735
cg23883802,0.8217546192260827,0.7436073760875598,0.5206251804969693,0.792994386973614,0.6762770888124354,0.7913666683360085,0.7952021602157149,0.740664018227148,0.7442033412677838,0.6933698457515187,0.611846040209516,0.8590427598166432,0.6678024957174578,0.576354648373555,0.3639361598492358,0.7079647423958326,0.8103261294864064,0.7714309296034205,0.8041655128997075
cg06282059,0.9479336536204753,0.7922044377360855,0.6971437794614426,0.9464819445226703,0.946854866522283,0.944236252593486,0.8536111279688876,0.7661860984671651,0.9625879748025844,0.9427853802588978,0.9737110508763152,0.9769275705123792,0.9193875501178658,0.9595118136040222,0.536728100910167,0.956705922118321,0.8404887931837248,0.955432190150344,0.9679064857857179
cg20681184,0.9539568060265173,0.9156155709297162,0.7990652092527037,0.9393454997644299,0.9167485716567645,0.9242842151043454,0.937162666403137,0.8750237209481024,0.9559451022701759,0.9242096844485558,0.9590574817747279,0.9759068498850545,0.956952873074156,0.9537078773413226,0.5322687012816645,0.9322269847840958,0.9343599575468337,0.8879662862318745,0.9384792056744722
cg22885062,0.9512613418789755,0.9332339764197548,0.7737915833648643,0.933775602760001,0.9386660495721554,0.9229268677867342,0.815667909378054,0.9008171439987749,0.9314871379426769,0.9100727076417857,0.9695883316547222,0.9585410886908027,0.8885118330511964,0.7352328947282959,0.6122222101801914,0.8877312092612734,0.7125216070912055,0.9175977927252236,0.9518669397739203
cg08524190,0.9667392176754585,0.927896991972432,0.7816228532272376,0.9541398064019508,0.9297727799672613,0.9594450101022288,0.8373072137260694,0.8965171749539949,0.9245621236222228,0.945625561188155,0.9743780398020421,0.9751489680550107,0.9584300110357474,0.8856459299463554,0.6481396782038069,0.9413128735787442,0.8483934915306042,0.9503091658313425,0.9585015526741902
cg01152726,0.9733660703107686,0.4223499332179313,0.4004361875179643,0.9638446925073991,0.9248963791957114,0.9720258205833687,0.9601847716202452,0.2756726131922258,0.9810764603034781,0.5282708029826662,0.9535711539510163,0.9795977044627455,0.7247712803314831,0.30392296514743644,0.1840783408969135,0.9780126109920606,0.9616445992846877,0.967695281030905,0.974786881687004
cg20367218,0.9535678829207938,0.9455179771692207,0.5057281088931178,0.9567836668991245,0.8706654137759854,0.9526263142664717,0.9542092348743414,0.9384983963035727,0.9649732971750763,0.9378881181325847,0.9606345785019051,0.9721923089885587,0.9428662195113232,0.6430339376119714,0.3381773807505354,0.96750983240155,0.9551278243294979,0.9562076303296918,0.9694507284267985
cg04582263,0.9299018543696183,0.7940568516730235,0.702799821933002,0.9170854451208481,0.8997786780910162,0.911093678439085,0.7142601470077408,0.46518411993222303,0.8555005300497684,0.5749114224819909,0.673127854977141,0.8833583785979991,0.5705483310587574,0.7224229316386235,0.3130765171350909,0.7925687567518325,0.62948674962849,0.8667251469070688,0.8899571171897547
cg26491833,0.9286453193211067,0.7236875673261687,0.6650524260045015,0.9208247126209477,0.9063764705565529,0.9092072287314028,0.8346073211099259,0.49946602838693854,0.8579355382888663,0.652694858608465,0.9496110587210851,0.9282731589060995,0.6023397189662608,0.7623497615132171,0.374609225343573,0.8253418750961214,0.8005014968029506,0.8793103663151023,0.9036906138633419
cg06359931,0.8652976464514797,0.8471626889157493,0.7559578259000683,0.8664707358217995,0.7825058779264056,0.8551095598095613,0.8610282218552399,0.7542478459634896,0.814892957573847,0.8661443052752584,0.8475587482802106,0.864549679130723,0.8393176258892612,0.8559194681058944,0.6149524321340014,0.8125956702268498,0.8580092925462569,0.8421800928629013,0.8673524012463327
cg17820878,0.9518938863997014,0.6057479734708917,0.4478629368040232,0.9362534029588796,0.9070228251343215,0.9309792942815974,0.9455782061496089,0.4854609402090454,0.9592964073423511,0.7196291156805853,0.9625921052216697,0.9650419884689999,0.85802965488405,0.6676886315521212,0.29923693730256157,0.9553047547344191,0.9556504495195219,0.9240633156392657,0.9609557399036313
cg07194374,0.953862626330423,0.918048407120194,0.8720632531292274,0.9617976819435885,0.9598521117207617,0.9592628887331062,0.9600939176034381,0.8521969260742681,0.9555413450648075,0.9341155314411643,0.9517605940326967,0.964763989192617,0.9269684727937357,0.9250530232059473,0.7059156856222211,0.9722361421134258,0.9442565009609044,0.9545464918223785,0.9628047157838833
cg23577033,0.9531334950649205,0.9034978508596834,0.8173897711596514,0.9426473945093584,0.8169211594011352,0.9462064025279482,0.9370617167943818,0.836039406586345,0.9254061839157517,0.8483194670474574,0.8948472620161667,0.9657386922564879,0.8137617818560926,0.7949798401896722,0.6486951266588804,0.9157508795549794,0.9264976323151177,0.935707016640221,0.9489700133086253
cg27216937,0.9394320414746533,0.6290423438012263,0.5962106971321022,0.923391031653602,0.7954891672655207,0.9354204696112881,0.9434918933177765,0.6050669565616382,0.9647928140457205,0.9333406596731373,0.9268731325983552,0.9610276244860002,0.8900769394256607,0.9150467864132221,0.4828009683438537,0.9520729676753545,0.959392088321178,0.9367132387717383,0.9403589718762317
cg25593631,0.7364736575664149,0.7250160496469078,0.4850726697985118,0.675483699658276,0.5305874306558249,0.6822492797774906,0.6489663605161617,0.6286340394448503,0.6615883948683736,0.6444743935309973,0.40758153908888284,0.714452100971116,0.5429593451193506,0.5843563297476666,0.28053670960907173,0.5747939755321111,0.6999027137789223,0.6659762180312637,0.6913333333333334
cg13937905,0.97550645913555,0.7124856815578465,0.6288856198049353,0.9702705897249095,0.8928076656661279,0.9739589965237294,0.9435911272879671,0.6442958493027807,0.9882034365901183,0.7346162799720649,0.9817921804863654,0.988158996292797,0.9453045911987138,0.5961849422472207,0.5156569259764653,0.9846974757685616,0.9632726040561637,0.9807866642179685,0.9819858460218743
cg06663317,0.62571702558492,0.45466392097070274,0.4144074941981743,0.6063750542320488,0.7823346676306553,0.6065633312576111,0.3984567593509235,0.4066674754868548,0.6579955205913719,0.6461686488330154,0.8839926686149648,0.7027064528414886,0.7147232058740147,0.42074513116598095,0.1876965704224155,0.6399604513382001,0.44509001203394505,0.5560231835334186,0.5874887265422629
cg20697519,0.8433802558379744,0.8043432154195318,0.5476989390466517,0.8427590634749129,0.6184356827736462,0.8349619722333661,0.7837534869826136,0.7966385644424067,0.8312655413684624,0.8517909948105871,0.854285530543852,0.8584243539606391,0.8034225614847728,0.7555579219463077,0.37622355617256753,0.7941522257738016,0.8090563483169776,0.8325328173218185,0.8366829026292775
cg20937934,0.9655803860763483,0.49927192446803514,0.4543447725315548,0.958085973376715,0.8743413348946136,0.9597388138730261,0.9516503283392784,0.3643568247314645,0.9744658280620414,0.5142808664668288,0.925823418385821,0.9771324102004199,0.6675466901339592,0.35714161584045934,0.2782417642236025,0.9757478273379923,0.9565974418558197,0.9556489841708827,0.9728358361949669
cg23901967,0.8008214582531133,0.4348696331465389,0.4153967256684581,0.8242116165042304,0.7144903854496844,0.7860217323315822,0.7456880771470725,0.3112837223356248,0.6792740908635786,0.35010655079066,0.3547658840747144,0.761210974916529,0.3421683226531096,0.31751773766478925,0.19901569416200451,0.691403454036329,0.6658233492335646,0.7474429870237929,0.7999950108756768
cg00644351,0.8794270007920142,0.7057751611998878,0.31944744496960864,0.9037043610215116,0.9144723129298965,0.8811795232644608,0.892047132908001,0.5554749818709209,0.8822545417844292,0.7788944723618091,0.8822280598517604,0.9039561129311455,0.891863332159211,0.775794605999792,0.1498154119231496,0.8917862001528319,0.8904218285849311,0.8722591385181611,0.9105243857719105
cg20580088,0.302355971263356,0.23103639956654723,0.09765023857441996,0.27084489332956185,0.2876534223792474,0.14731925822105083,0.2587128134743031,0.1725083861829149,0.29737230187054486,0.1855948350918769,0.30382100630548436,0.32801605851684534,0.12201711533479287,0.1335715515747059,0.041397714583647494,0.08661881677120781,0.26304030669337575,0.10258097762498308,0.27328261939759846
cg27375135,0.9463862305202686,0.7283874540835423,0.6424511949650962,0.9322313743592966,0.8158736948858585,0.9361501310028308,0.9468971573982317,0.7297614607034718,0.932464295941901,0.7036474100764235,0.9665624580509468,0.9552611558987192,0.770374459532907,0.7164101822054778,0.4919894896462703,0.9385889037830335,0.9400870193003715,0.9315175058606724,0.9398246960766194
cg05156805,0.3070499308729302,0.2461259359731397,0.15807968396115452,0.32909945187968576,0.3044365636303822,0.3349216130639703,0.3339083466081356,0.1784733362657372,0.38456938556427467,0.23417569433247046,0.27525444509227437,0.3139387238371581,0.16678929257095826,0.2695102279206081,0.06818281216708172,0.3138456032949249,0.3203325669755325,0.38676282786913013,0.3955904096021235
cg00874877,0.912751160801933,0.8057339015591191,0.5797081780687652,0.933833130913612,0.8406658134725512,0.9384622440930164,0.77667027258923,0.45896061899813734,0.9713080220257579,0.2608193615409128,0.8892821950546386,0.9364195117974562,0.371840562049011,0.29408049459640667,0.15882160445393295,0.9369833565779102,0.7595445446654431,0.9446448200883584,0.9393679726881885
cg00914963,0.41257858787144286,0.31179090145116073,0.25559867581149587,0.39688116555070346,0.4288094472754532,0.4329002291783964,0.3560704514208981,0.28155252520416946,0.32770396319766515,0.28606816712219724,0.46767381652106876,0.4044505667072454,0.23169713901561972,0.31905644687546836,0.17254051536513626,0.3071263064407084,0.2656296835916955,0.32863371812298453,0.31171188731819954
cg04055490,0.7958033337717358,0.45141068978546095,0.2547030303988951,0.7246107745056302,0.40586430866165213,0.7217284802266564,0.6108618049768886,0.1649127201913486,0.4559651481506175,0.17566095466653137,0.4679360510107226,0.6271268780252759,0.13932428068416158,0.13771443950542425,0.04691901643873797,0.49172090853454936,0.4337644375801309,0.47649340150220915,0.5257713541422175
cg21091766,0.8383225237952527,0.9446783205574066,0.6391056913092124,0.8949760407700443,0.7656248048971708,0.8507625650500134,0.8335998067635018,0.9158195499291127,0.650488321557949,0.8699393379609677,0.709850786102675,0.8465976810237663,0.8306953065806083,0.3340627432664822,0.20539169473082358,0.5078741869384067,0.6860339885571355,0.6550467602530864,0.7781257565179389
cg01392867,0.9171737848028311,0.8996113446515397,0.7530691512094292,0.8953537819367756,0.8301728612103227,0.9046543570265548,0.9070157863439201,0.8871274144357173,0.9081391170978225,0.9234457002273504,0.9380102376195536,0.9408761531407921,0.890781676216112,0.8128431831492642,0.6261190089256596,0.8273794353406156,0.8823941065923773,0.8830661663968877,0.9146558466417947
cg17463564,0.6948367848285815,0.7719886928711213,0.635433457064421,0.9118165150160984,0.8267384071347779,0.9158306597918496,0.9390376436544259,0.6804709092043515,0.9144403123845481,0.7842413740373644,0.5242317245076245,0.818193332305726,0.7316854396107133,0.7320898654184891,0.4239175512250473,0.877819861125646,0.9317102138369752,0.8904507007558258,0.9104987838518643
cg00893603,0.8142992819037328,0.6710956568401276,0.5581075522677339,0.797824101042457,0.7413879567653802,0.8019481959832098,0.8207496092025776,0.5229103775811559,0.7416115234491683,0.4589670740447065,0.8873486284862468,0.9081357029139783,0.6130990813379739,0.47749734213102824,0.3510117750915398,0.7937568080144036,0.8620058335702414,0.8300851611724892,0.852547707766603
cg11947782,0.8904346468568871,0.7229319371727748,0.597630627535015,0.9376413902823291,0.8911138923654568,0.9456896382800102,0.927487438243461,0.6007422739276282,0.9720388470457599,0.5891673476800146,0.738243864476273,0.937685106646168,0.8245017721224798,0.5932488989190043,0.4746017329318746,0.883954738098191,0.9435465842974325,0.9459298853988651,0.9397573815518425
cg03179496,0.7926986961992014,0.639728923823274,0.5543655827502968,0.7503377199393453,0.5568252219882245,0.733681176736414,0.6898430787171643,0.5512218657076924,0.7351613174798126,0.71155124176084,0.5524523039852094,0.7737072813027623,0.5575085984869688,0.5683395426451507,0.3844739558963132,0.7078641121402778,0.521898417940946,0.7155899043929174,0.7280445020084475
cg10686758,0.41182282384027313,0.5153370322231138,0.3990470908998396,0.556297088628692,0.5005397101884498,0.41568329143621624,0.6234598948129096,0.208922295949707,0.609753685748387,0.37999481378278144,0.43738539050642006,0.21376277694083792,0.4804736253400241,0.44669197691147605,0.10019787582436451,0.27952162294097227,0.58088250041738,0.23206718798873543,0.509312092146421
cg13803245,0.9148063370931255,0.6727824868498224,0.5808014432494355,0.9092142110665351,0.8758390880635496,0.9050668292021284,0.7438174557509762,0.6669844482126972,0.9063022292310803,0.8800369697587094,0.8601518902499218,0.9265972012293587,0.8220141713839749,0.5572224156809805,0.4411173280734119,0.928592728349061,0.7602503918920174,0.890956490435214,0.9198452095747092
cg03751944,0.9253840053556288,0.7484473274098058,0.7063087087305147,0.8488425773203685,0.7919654848617346,0.8807620965706424,0.8835711794126307,0.6321146346773323,0.8364582120415178,0.6921537341528629,0.8841433730989445,0.9328960144121704,0.7883209167002014,0.7186973003671144,0.5261067876314411,0.8118816823083967,0.8549234614482113,0.8466409303309534,0.8540582651953869
cg27297263,0.20453808349801184,0.15893159247718336,0.07391868934944135,0.2322414741994791,0.20186518418492508,0.2304927656656851,0.226980776205015,0.19447853041989693,0.2615923734541731,0.1597254156122987,0.13101251314890403,0.1713123710491301,0.13399618118560241,0.08853979702395659,0.040150568839499245,0.2411151878017937,0.29043509917952604,0.25779501424317247,0.27697833936286725
cg13987489,0.6938680332361824,0.6829040384987186,0.6754814218380483,0.6909254829464966,0.6663467338219773,0.6977338740870555,0.7376837983247055,0.5989973967704388,0.6847123526638658,0.73463715408262,0.8891952960663672,0.7836446084609241,0.744426252976336,0.7789895608548937,0.4899455720154578,0.7467080511104947,0.8125476412046863,0.7060109814318298,0.715574342560285
cg26977086,0.9114515267104122,0.7493509015440951,0.7442475483203693,0.9000335116491407,0.7920794197941561,0.8819150206889408,0.8841899887273419,0.6957140459849118,0.7950763424393981,0.7232168255199648,0.8564664482253843,0.8826352397259396,0.6602259129966337,0.7047211352525726,0.6035148756544687,0.800536792036948,0.8306393248394895,0.8252234907488754,0.8674656922779773
cg24127061,0.7781214429923473,0.4263933655733826,0.26137594021441457,0.7141392502784225,0.6956254575657301,0.792185418333704,0.6175428559857454,0.132287198532978,0.47689786129313666,0.3210527350747865,0.5617033327410909,0.6071716293078309,0.19346049782957678,0.26410196962183385,0.08012903670747196,0.5082790658848084,0.5220994670221915,0.5913023132558355,0.5577399365886525
cg19915582,0.6863720787756056,0.4973864877515993,0.5127466656803192,0.654007615364852,0.5926715248178194,0.6686396545948403,0.6803663432254646,0.4047388506008999,0.6266348393269636,0.45766738660907125,0.5418813257677064,0.6240924095899056,0.435036302755031,0.40648906011900837,0.35635860199156466,0.656346666801694,0.5568254742055423,0.5975478932522758,0.6177497506056719
cg25061701,0.9438574244779225,0.6147347368956209,0.3908654203792744,0.9400790398295693,0.7695845367213693,0.9444906644432572,0.7983507933089877,0.3172432295767087,0.9364175877999181,0.7661404344452797,0.9586313791021923,0.9660120131185197,0.7778698826893651,0.7921110176134867,0.22930568776143012,0.9041188612145601,0.7295447343258686,0.9382431310180799,0.9372389599826572
cg08768904,0.9291218152476262,0.8148122025958097,0.8066233584253337,0.915327572351234,0.9159501940451242,0.8699666242453905,0.8328073405979781,0.8075708259481399,0.9075283039768295,0.7298009707651643,0.921243733388087,0.9449249923830467,0.7704803857486655,0.7827133500802015,0.6711026082745618,0.8148167104023303,0.8737924604678167,0.8495017024089377,0.9147463824470672
cg07168214,0.9420443063326029,0.8605674272183482,0.8101846961572781,0.9410342626350668,0.9260522415476672,0.9348438271227432,0.9147921252442563,0.8130977771411321,0.9393343148285107,0.8753333236659251,0.9653486320482978,0.9766805869078774,0.9100156945359217,0.801951058428324,0.6311095039449076,0.9451969008670305,0.8871445251912538,0.9256719753095728,0.9518222741420865
cg01768697,0.843484025325471,0.626698740191043,0.5924753499946288,0.8642903986848799,0.8278696789047042,0.8912532329990928,0.7606256844569486,0.5384584053272707,0.8108893488620069,0.5369571749145656,0.6911861453438084,0.8632856090917695,0.5783352446210792,0.5569099377179718,0.46301437625174,0.7644870500475163,0.7090148029034236,0.8562336872643422,0.8699835761423609
cg07571928,0.6577459583146463,0.40914761571489744,0.3114002677642132,0.6587067648155254,0.710090342965555,0.6503779689164384,0.576510810961675,0.271975277874015,0.4586631158301,0.18247290562073387,0.6221887810708056,0.5701105200589368,0.24722976174315447,0.3849771634989879,0.13859822299114655,0.47912770597932086,0.5334977122319409,0.47720975791490183,0.5342226844314654
cg02067535,0.0345917324931857,0.2188771575616581,0.3100254438098744,0.030126618122778316,0.021129393917529486,0.02651330630303564,0.03315095095174657,0.37617789135382007,0.008081320918455388,0.1966620710200808,0.11541032900868736,0.026667837069159348,0.13719036951648556,0.2444251536248012,0.48860728912296236,0.009493775557695726,0.022458878411110356,0.021743579573897647,0.020374531404677435
cg15492552,0.3134888778836037,0.4249325347199368,0.4686188371199309,0.29340929720111064,0.20769528978484203,0.3149212553886269,0.31163554541273797,0.47675080660466884,0.3217636340297616,0.5367956687387206,0.4136844309251478,0.3719590275713766,0.4086893960589952,0.5267695768241356,0.6855759971434622,0.38086252152761624,0.31029458762405243,0.34887490292191214,0.36688873507527253
cg22109675,0.3591755017966301,0.520010789982797,0.5654328155482733,0.34609916998016155,0.3258471352214335,0.32917968084831745,0.3392512493565252,0.5222015046975489,0.33110510716454766,0.6359305973690728,0.5268317666950967,0.4308209612458167,0.34915854221882514,0.5933422115159148,0.7762181322839463,0.36026051125223335,0.3410248154973078,0.33976789411562724,0.3352978838750338
cg06690168,0.03610692639091831,0.0496101959046655,0.0630257856820558,0.03806061245132984,0.03601181207270802,0.036857908675188844,0.03507376967775787,0.09255644309330635,0.033406446434294856,0.04976523866206739,0.037577786768208665,0.03594485793188856,0.03091545983219702,0.05226727339885623,0.254399690017883,0.028632425832953667,0.028964949946556517,0.03806390562725574,0.02603195281324115
cg04283392,0.12744841547917707,0.19842800165552424,0.2833010794834406,0.13402310477191942,0.1154497415977842,0.14546312876952255,0.12668072441780237,0.26081272163061864,0.09824125694487444,0.08908914887577801,0.0849295828571609,0.08095896255615592,0.06885541387834337,0.1182928633327413,0.44340904373428447,0.09767247488824082,0.11886698003737468,0.14027675929042066,0.11114201488465768
cg23646614,0.2485062707327617,0.3010545529925266,0.47983913368581044,0.05455818898002431,0.058301625656018596,0.05222499923522792,0.42322227034404436,0.44386336219253136,0.03208117127067116,0.4813947248507257,0.5568797942040248,0.3519781812301688,0.23875821241355,0.5874076200719536,0.7281993680684006,0.023530397004400218,0.43708993744758906,0.04901741312707547,0.0454494081677731
cg21467614,0.09606784231242863,0.19576441342384548,0.45448855319450954,0.09741906756006113,0.13113798630336587,0.10615379158341562,0.32209816273133485,0.3624612202688728,0.13784455966205522,0.11695045071584281,0.08895784091314468,0.09978410109314573,0.09749153585718683,0.19552348657484053,0.5726563763014176,0.09721554487217406,0.3447874505841034,0.09597322096049574,0.08409300419952884
cg20761187,0.38489864294882503,0.5325612874116409,0.7069364467559973,0.3682158061097712,0.23607294529103173,0.36100666305513024,0.36652628382729,0.72455552692605,0.6149583254881184,0.594566830270517,0.25398178927312076,0.644647661697979,0.6058510638297873,0.6424351089164488,0.8493951627959841,0.5888548539255177,0.6464752623491246,0.5994427267281375,0.6634324942791762
cg21140898,0.1538499010693972,0.13742875237492083,0.1775047957587202,0.09219712284330778,0.0781456953642384,0.08989723032338363,0.19517861331047254,0.42662403231235274,0.15424802992913775,0.2601996527777778,0.1162568838584101,0.39711781441796,0.2923053341508277,0.40368590038100916,0.5208451338468514,0.17257616604400045,0.41906817323051027,0.23138863532015086,0.21823457544288333
cg11411904,0.04654941807547973,0.05879271965431452,0.1265047055291048,0.044279973261395766,0.03851851851851852,0.041332623179045055,0.07557924241184381,0.09212573918456271,0.02166744198831207,0.06390395042602634,0.023018330390436065,0.03265801746634425,0.07055098163394553,0.1876074717494275,0.24790732627445217,0.025997363179430466,0.09719588467005352,0.04127500385570733,0.03817277250113071
cg21222743,0.049321147143236974,0.12362038097546757,0.2486205117759837,0.04466001596110655,0.08362931535315221,0.048986450343904024,0.16732258610230372,0.25427877131977505,0.03189710469675548,0.015366328861031174,0.004863469505023734,0.01603594325826873,0.009055909235409991,0.07637244584186381,0.36287515411158444,0.03661657634437471,0.1896408344938613,0.025996244728497445,0.018771849594880725
cg04425624,0.1681067090842248,0.31693896614341033,0.5047578790739431,0.14637389234041745,0.27236054991057396,0.1677503995525529,0.406564264117617,0.4685279288119094,0.18689123807697564,0.03308462906634553,0.033092181457102535,0.11991681679197169,0.02950517499232492,0.15861571682905706,0.599138170707447,0.16237122750128807,0.46561949235576316,0.10773724839799974,0.0812745874364118
cg10717214,0.06911769841186882,0.17713910932269805,0.2941169235785419,0.06836933347613228,0.123563388754599,0.06936926490735984,0.21843329439342302,0.28826373444724473,0.06976156617393166,0.03053596207111938,0.02563275352083766,0.04308945659867475,0.02736895777961462,0.1158388988165267,0.3986280730930329,0.0664379279096271,0.24971688907048306,0.048513350526507015,0.039936047506165265
cg24568579,0.12514902980250103,0.44382732241103756,0.5648252015126015,0.08138860489405664,0.18291159237137442,0.07476587363629389,0.316653565273526,0.5421809417388286,0.04118663605954234,0.38988853455817585,0.052917204739248935,0.0853397401809387,0.2604957727010478,0.5513866688992695,0.7026712466044925,0.023330176786614525,0.26695807455075865,0.04796223609910791,0.04016083274668713
cg09703123,0.07419556011362394,0.1972678135366402,0.3440340424367947,0.06537946255178823,0.10597624619207213,0.09293506985411659,0.29752340036090225,0.36056942861229985,0.038123599512950315,0.3067537287804712,0.06408853099746986,0.035557121798424185,0.13209906161055263,0.36473648668529157,0.48513331831868245,0.015937450955694918,0.2982165030329202,0.046661204102553186,0.025373180069808057
cg19392656,0.07171766142381741,0.19940934608799735,0.30294488286448695,0.07109021345297595,0.04600235739005143,0.06665246824553728,0.05737042884665383,0.2523661665728524,0.08879727252213034,0.22265978534517267,0.1715608014096826,0.11416678171228957,0.15408569124226024,0.267555320511635,0.41748906588418894,0.06871884237181447,0.06273127196827993,0.0893823920829056,0.07544263383515848
cg03037030,0.03988800812920566,0.12831736634956026,0.4044966630978445,0.052483447375116364,0.3026532840533247,0.0830196030135052,0.34358469782785794,0.2173115382992877,0.3116647063291099,0.01185648301435183,0.007993729475801653,0.014410405536047407,0.006909790248629775,0.032288374298397565,0.544310061383916,0.23554023853918787,0.3935963508814563,0.05147245218077355,0.030802318566490277
cg12681001,0.10245795056004464,0.18614155950304712,0.30729081281489523,0.10259069364980211,0.16826354460278736,0.10241924581478512,0.2304442671766727,0.2852577953793728,0.07187165599331613,0.02462973717907729,0.026278477866067605,0.05455207499238374,0.012830616288603817,0.08869777799418765,0.40511523502040286,0.0643898390698667,0.25706524337694037,0.06174543901574714,0.06006088946883248
cg02803925,0.9707133625741124,0.9716572190730244,0.9748734497335152,0.9663289146845883,0.9650980949673017,0.9052283004806629,0.9746951526141947,0.9782339846648528,0.9592840475279005,0.9465336212674064,0.9759337876512062,0.9693645331914955,0.9783457199379778,0.9685490650524561,0.982885175349969,0.037229407270543455,0.9698976857859511,0.8476837496591869,0.9723216877963805
cg05736642,0.9675568647197301,0.9634264744594435,0.9652248551161564,0.9581958299681221,0.9431008347116954,0.8998520493512983,0.9703113602326688,0.9658003070869061,0.9604250604009361,0.9789565554864418,0.9790949336168562,0.9776541523190727,0.9686829127655976,0.9691214172375577,0.9641819675615312,0.040334278339528684,0.9675138636192535,0.854393321620195,0.9691298194008189
cg19764973,0.953833614349989,0.9522600475531733,0.951678042940612,0.9491937406574904,0.8652123905140567,0.9251105433664413,0.9522955619129629,0.9538535805450599,0.9678102929662775,0.9734960631931097,0.9696883815484341,0.9708023956866038,0.9643588706465765,0.9574036812156055,0.9620915518184968,0.05156130183946328,0.9634194822192013,0.9143555811378329,0.9600456596282687
cg17960717,0.9605276001963402,0.9542248711077121,0.9517340350018542,0.9468868529711875,0.9206596448614557,0.9189599666613697,0.9630943127786334,0.9727114861493031,0.952414833833554,0.9804895323463546,0.9752411210585222,0.9750789262625601,0.9710884249774974,0.9741430202014305,0.9711135214299711,0.09989878532949384,0.9675944239745218,0.8933863934708749,0.9628160251962641
cg13531735,0.9629006945581188,0.9592334809083857,0.9435854366446955,0.8861078504667197,0.950223499827666,0.9401609712024454,0.9574692461526042,0.9810231675498614,0.8403553916394387,0.980834975952686,0.9760755419136817,0.9791442509710901,0.9679851405633385,0.9674713474813474,0.953170273111162,0.07342841424211943,0.9715305158782441,0.9073347173016606,0.849936309869784
cg07033790,0.9441797137687549,0.9493749417691927,0.9478735467319588,0.943405225268288,0.887557222223082,0.906814097607921,0.9236527857042806,0.9695074040216065,0.9259534845829456,0.9679770335477089,0.9673968115415538,0.9731013557021652,0.9512915116235933,0.9602519340857071,0.9720530417590204,0.12549700319978357,0.941180816868748,0.8999124950266344,0.9574708762550923
cg12910830,0.9449217501397973,0.9417891776658238,0.9454910623010577,0.9402707679971075,0.9234474793993563,0.894462647292299,0.9517217553922839,0.954276474386808,0.8056542420262536,0.9626310466992891,0.9613062514748165,0.9459228687340051,0.9776627918227726,0.9707624510109563,0.9684400071125614,0.037846615879021606,0.9586664063140615,0.8799477526792168,0.9563936728929439
cg11668148,0.8976605194515266,0.9053340903253874,0.881625851275421,0.9053634898362053,0.800414369185209,0.8412123236784254,0.8929603625311442,0.906590727452719,0.9366496904454632,0.8647244850874939,0.9465192110510086,0.9423433406467985,0.8316551245859918,0.8530143498787691,0.9062704125875275,0.028315052637854485,0.925680803140597,0.8412316512928529,0.9257032970030172
cg14084609,0.9614450127734102,0.9485520288312423,0.9480183072751738,0.9570287571465255,0.9557225568598883,0.9381605924830441,0.9537718986710852,0.9570366020663424,0.947368294331556,0.940627312929154,0.9599686705090367,0.9685017750684248,0.9434094243689444,0.9604069921451743,0.9734531348303874,0.09441926139234175,0.961006181899084,0.9302755284316162,0.9682534791610479
cg26156120,0.93504997843828,0.9389337951625767,0.944858471143458,0.9255585488877794,0.92528667346837,0.9344981866041231,0.9441423198800316,0.9638134162701761,0.8948277683524234,0.9694095761817864,0.9580788636263117,0.9561459234633123,0.9556803137993,0.9606183844841751,0.9573675230356175,0.1723727983282832,0.9569264782453515,0.8887322305488277,0.9291128953296262
cg00006459,0.967877815724403,0.9610822847523807,0.9625459724441505,0.951743407573886,0.8564652284677937,0.9252026642008149,0.9544052176920701,0.966827546260467,0.8326205453522866,0.9348842399602335,0.9296771680474465,0.977001416049091,0.953693698954425,0.941772240259662,0.9645022270533263,0.027852863807421392,0.9221908247175997,0.8927332880120104,0.9444037827857009
cg16909341,0.8865683297879567,0.886465086724626,0.8923262961060574,0.8652643717813517,0.7799777980489646,0.8397405327437064,0.8834923335343021,0.9527493450263885,0.8184944539847224,0.9169888752766722,0.8452496188628988,0.9163786388565516,0.8938535502034464,0.8326689844590576,0.9410738357390176,0.03591735237013832,0.8905657756181662,0.8293826555254298,0.8912619104662234
cg04538585,0.9550951222789703,0.9560800486875785,0.9571818834906305,0.9456785478234622,0.8849914891676033,0.8762230661701427,0.9521301462308038,0.9450818599673594,0.9296110360779914,0.9445480667800874,0.962641055482147,0.9587562497751064,0.9425852920984459,0.9386899394258871,0.9483928367955438,0.06022356074727838,0.9559929874573445,0.8036426591900452,0.9474811668947627
cg06680065,0.9292527301755968,0.9354518728787138,0.930053949528896,0.9204143044034102,0.8901703318269332,0.8750807768039758,0.9283112462068872,0.8995542194195755,0.8955075465331436,0.919541013302623,0.9380304760388187,0.9314979500902535,0.9171437573606241,0.9146586590445425,0.9210778735208733,0.08203882993833331,0.9215472675398724,0.8106592383585782,0.910109703088659
cg08077807,0.9572882148036027,0.9431947263526768,0.9464011219073036,0.9518061526268323,0.8039474685277209,0.93613426305757,0.8494807317858931,0.9621631042415484,0.7345961270034336,0.9542027930076563,0.9723237116973864,0.9721132607280814,0.9183181817989724,0.9230623338791543,0.952712002954645,0.02408353747729039,0.8668169804481494,0.920542180124902,0.9599831644214869
cg11197258,0.9433695647907157,0.9504242745507717,0.9459188396279105,0.9511406206826298,0.9394417605995333,0.9354557689920087,0.9542790182031965,0.9602004310702088,0.8442347759200057,0.981113780554535,0.9784901520499116,0.9810892883068416,0.966867446987846,0.9694134433681179,0.9698115526840906,0.08216497934936795,0.9654198516934759,0.90289078564583,0.9634571397771395
cg06315149,0.8813184364116298,0.9171106057606072,0.9049510811400792,0.9166723547040737,0.8377668871496691,0.8618201570148427,0.8454393960659461,0.8830280504218208,0.8007684434201296,0.9111286567579235,0.9094037531741733,0.887586702269564,0.8726922033759831,0.8981840950992783,0.8819529241168583,0.13011115418462127,0.8526873630634755,0.8407702694606595,0.9182679352865625
cg18550847,0.9280639127656698,0.9185774491190439,0.9208693254965304,0.9166669449048337,0.9522621784275855,0.8605707169545977,0.9273392519998918,0.8926445151439995,0.9305540200005166,0.9225138785590616,0.9516608585872015,0.9276515269713559,0.9225162819905901,0.9286152907457255,0.9239637923729119,0.1069553307379523,0.9296861454519332,0.8563401410130587,0.9390897044893984
cg14209186,0.9600982164258649,0.9606251650819325,0.9604205366570974,0.9346583737235601,0.8758974946761147,0.8630661950942464,0.958416558137664,0.9660496228068153,0.8111082210576299,0.9710464995831559,0.9635449267821938,0.9782493309108984,0.9676991162992519,0.9604712200313962,0.9578613316520083,0.046834435586056544,0.9485239026188306,0.7765724061236372,0.9321387083640794
cg00637085,0.9521429261224431,0.9517547551536569,0.9508740885262339,0.9402031774750734,0.8692994130329041,0.9124741890913364,0.9456173885814221,0.9680576874740625,0.9092937528508128,0.9418924218263287,0.9340259772381341,0.9717156581691049,0.867596826315334,0.9493734015959712,0.9671098755908927,0.12449658542740755,0.9477050537677363,0.8752451954922411,0.9535206615379852
cg23153546,0.947898989137727,0.9490059818442019,0.9511957556304618,0.9234206443686698,0.928604374789535,0.8998166496865735,0.9567408638480069,0.9653098592714693,0.952855452585299,0.9762848285639417,0.9753287667977202,0.9512641424820392,0.9611266640021462,0.9550870685805929,0.9589573876005704,0.15714744385221388,0.9529457764788509,0.8871497513250479,0.9366743516227691
cg25381747,0.9177048622303715,0.9042713918380227,0.8945309605100119,0.909483525396915,0.8339878860428676,0.8648645176209662,0.9057969239861949,0.9262315421072302,0.7590562908207696,0.9321400712078054,0.9064785052421566,0.9486108713397595,0.9288582526941037,0.9016383232441674,0.9295404786544381,0.024296695143260272,0.9183856534531122,0.8791356440114788,0.9414693834365979
cg24706564,0.9371727536553822,0.9385676743079983,0.9383682051479589,0.909088363140456,0.9532915780092724,0.8674000026848572,0.9531794594105154,0.9622005304202996,0.8939546536092757,0.9720704892424664,0.9722460736140008,0.9721896585287657,0.9845047948081538,0.9726431962820422,0.9651358469063783,0.13260773395275288,0.9546432597178545,0.7962459766977725,0.8915636310535449
cg21237481,0.9597181669046912,0.9597597708198912,0.9509557009271685,0.8656218863632106,0.9233083534861317,0.7260014219715272,0.95655805825266,0.9775708649108066,0.8449309931821437,0.9837917773907187,0.9817653175047268,0.9864243602344651,0.9754225448352116,0.976811413125414,0.9780114888868605,0.013912189439972446,0.9752042705524859,0.7373605318357629,0.9225885121137318
cg22106847,0.9480858578906685,0.934029686852034,0.949929635986708,0.9405893747159992,0.9228451523728894,0.9206925847857665,0.9521237838265622,0.9808951618206297,0.9744646433058519,0.9755617913310245,0.97570102568905,0.959998516480792,0.9819284486489941,0.9726608043396362,0.9815652219442116,0.09670542841821578,0.9561488228707753,0.8559504655641124,0.9548378112414151
cg19788934,0.9118957167730755,0.9120165448169836,0.908115062422615,0.8812508098941099,0.8599467977969385,0.7508280054177068,0.9252203102482793,0.9023311117094497,0.8343206467374311,0.9164068892979277,0.9004059204150361,0.9296170393423553,0.9030158365683641,0.9118010222766888,0.9053051991001777,0.021473354520772595,0.9164652763181476,0.6734637281356062,0.8874303538853543
cg25578728,0.9464863506608486,0.9467631632785483,0.9444139578699284,0.9460064045482091,0.9104815199719802,0.8341558011741901,0.9556206428781826,0.9732143708265246,0.935017345886477,0.9734577042452615,0.971245832095404,0.972631109310365,0.9820172222082098,0.9716574620231183,0.9664659834561247,0.05612789756023323,0.9556082072062149,0.8185333490148436,0.9537750262010167
cg09596645,0.9098087171149548,0.9097614748063416,0.9123562301155956,0.8896991969767579,0.7142362315223247,0.8821517055553072,0.910679518870408,0.9363610059865066,0.9269645568810723,0.9187468689939086,0.8806833373529143,0.9546040352164467,0.8059255768089859,0.8908346462878075,0.9457730545748309,0.05457988409687892,0.942009249190811,0.8972571367670319,0.9556357006007513
cg25203627,0.9305507110486875,0.9457076584798113,0.946101106740642,0.9269449606215523,0.8716561165758158,0.8460523283492877,0.9530986885779804,0.9773147252009908,0.9528696734951974,0.9756991527322122,0.9537266952042639,0.9562633408962546,0.9622015071489389,0.9501242331105129,0.9688354029222859,0.13278606295823397,0.9512678220363229,0.8531021086649981,0.9501022581626314
cg16472853,0.9709824353379544,0.9742907467241556,0.9758445116753462,0.9579901031049112,0.9668854848596425,0.9620200036299625,0.9755556204967085,0.9905605583172545,0.9676527228066777,0.9894536522611224,0.9876618319529056,0.9858872606230884,0.9859359917755258,0.9804316695348828,0.9819474816421911,0.24559719847388664,0.972122702682779,0.9474155345358931,0.9486157432393358
cg01820584,0.9560336194030998,0.9523004025710868,0.960401332610634,0.9023938359967104,0.9509660033888963,0.9061768914430983,0.9563598485225544,0.9828555945286521,0.9124628086561243,0.9849101559563358,0.9767271753719593,0.9746402390943067,0.9825949680554675,0.9870502697842041,0.9673405264345782,0.19045277720141132,0.9688850621758838,0.8944411545059943,0.878913810286186
cg15655655,0.9597343355803488,0.9580541539937698,0.9634418620898191,0.9344363053115621,0.9571224149775606,0.8879833058738731,0.9565610941562795,0.9550291263131608,0.8369125886732401,0.973318708294901,0.9660382436655712,0.9690012504631815,0.9732868416860019,0.9588995686002424,0.9591961238376139,0.236356508927638,0.9503914629586527,0.8460792461289948,0.9259996257202612
cg24732344,0.9105036524894025,0.9272683546150988,0.8656603079106753,0.9291245619586656,0.9322881785953037,0.876927310522047,0.9182660585383084,0.9684106099665175,0.955249064532963,0.9829495744139898,0.9624112561545233,0.9521560948625043,0.9770836075607258,0.9744134097223275,0.9779684328462972,0.10812690210229689,0.9603244573137646,0.9427739276891626,0.9391031752539167
cg02305412,0.9542921333192389,0.9559212054961953,0.9547604496035424,0.9539516876262728,0.9288950658871351,0.9339346980953132,0.9685853698764537,0.9736569581134804,0.8742618408903593,0.9766722143725755,0.9772987205164577,0.984344987012991,0.9670730647288518,0.9728328379015929,0.9850579314116532,0.20916111290306433,0.9803110765297763,0.9536507863295149,0.9782102420372875
cg00170714,0.8684497273734567,0.8918309499811398,0.8843658028536701,0.8218032379615637,0.8642871290397836,0.7042133431194728,0.8733804752548074,0.8741732785322546,0.8308935267694446,0.8499209125648853,0.8297112334972201,0.8934658682368837,0.8306250936574928,0.8051567105971786,0.849646927929765,0.033738767847134754,0.8674851948864024,0.7063384591072226,0.8401630569516612
cg02195201,0.9704800254359109,0.9698713502987263,0.9690881215824722,0.955248141036029,0.8885043900485895,0.89906383280083,0.9764807080300875,0.9748059965355154,0.8070913208354062,0.9660861066720513,0.9686758938764854,0.9767112023206228,0.9659149546736249,0.9796496849316696,0.9764525950514972,0.19237571679660684,0.9724783849944172,0.8738235214484814,0.9633978255572817
cg20866785,0.9650394641506583,0.9612217467398934,0.961264564316775,0.8496344809804466,0.8674573846083914,0.796251050680896,0.9211952615458396,0.9678875316427057,0.6743957996167272,0.965727694611653,0.9610593840807533,0.9801298329621669,0.965128217557906,0.9572703486167062,0.9636743742456336,0.026817906885846208,0.9105398530112785,0.6935721901260875,0.7994348531964914
cg14155388,0.9272822016851514,0.9240307174857053,0.9245365408291446,0.8684917593669039,0.9295815175339274,0.8444536919196584,0.9317592250818549,0.9392594711436097,0.9031355982873774,0.8791057224955519,0.9442088261358693,0.9310563860737868,0.9435739122511617,0.9299062445186925,0.9369011809055562,0.2188774239328172,0.9445619587235572,0.8078590353167419,0.878591337559551
cg27469152,0.8487721614570736,0.8481286255641886,0.8368807475469633,0.8160023707375348,0.7515837581547955,0.7913591829049608,0.8283455033761262,0.8223824692753495,0.799404553635869,0.7471503733166844,0.7646053600374343,0.8779703439657169,0.7294028147847301,0.6947750722534762,0.8232195110419616,0.10480304968172653,0.8285376682316884,0.8038719365851142,0.8438006725630673
cg01614759,0.9321996189651609,0.9355591334765527,0.9176234358088304,0.9187239266789825,0.9451260469289611,0.8674171738918446,0.9367804324420236,0.9210063301918082,0.7444063789754484,0.9367930774646744,0.9611060831470816,0.9452668684570401,0.9313683550467843,0.9437728222743592,0.9087167779141114,0.13834571126273115,0.9275187726728504,0.8176174348412619,0.905559771305038
cg27000590,0.9453784644975632,0.9461622270111598,0.9365400660120673,0.7561331222947592,0.9048046153196274,0.8304399202563072,0.9532245320949211,0.9448592386662688,0.948634387408155,0.964156527216091,0.7534570880416398,0.9504074062373777,0.9612322945658301,0.9418323788276455,0.9523202103987012,0.04646509504857044,0.9672803477927536,0.819969675262763,0.8537999064915666
cg20315954,0.9460178133440259,0.9438245659659393,0.9463669726080671,0.9288423229237921,0.848967340844503,0.9070944530008367,0.9375061220803871,0.9439414044606128,0.921092851680049,0.9488628419857821,0.9382254187381804,0.943923567610021,0.9384192204172958,0.9243910637337767,0.9378742379769719,0.25458867987095135,0.9399540765086696,0.8641012316976254,0.947012618021621
cg17374802,0.8719871188372514,0.8632889151028532,0.8762772795105425,0.8586339233556324,0.8095953797561171,0.845159417916808,0.8684821889515049,0.851019335246916,0.7597504340960217,0.8564262684903317,0.8889905616163363,0.8800908617878012,0.8127436384649738,0.8484575421914884,0.8386256151359965,0.18523636627872803,0.8880267228267357,0.8308334490695758,0.8851407415734388
cg01330991,0.9421874971428429,0.9454606528906733,0.9436838697090566,0.8950939433211723,0.7857739202517677,0.8405690361479752,0.9467445349055456,0.9279939588814596,0.7444716470039823,0.9443110735261824,0.9705054764912919,0.9674193460951055,0.9471570443225369,0.9264158833805359,0.9419811226529106,0.04031753700270152,0.9453861859901271,0.790139099163639,0.9154851506741143
cg00391067,0.9565926897475127,0.950003509240342,0.9571246425293769,0.7350131430908711,0.7638831702138508,0.7497651889249848,0.9409241576714835,0.9502931454727179,0.7598439333267083,0.8457909020222616,0.757296868474346,0.9627602428624294,0.84478215822745,0.8249246260114034,0.9460151134005262,0.043654896719212466,0.9463023567522175,0.7471890489938438,0.7832924916913729
cg01000631,0.914571140251635,0.8967280141233455,0.8638779901974463,0.8790941582322174,0.920877457823098,0.8258866576237192,0.8415769689816718,0.8471448598211716,0.8737776064998259,0.7645351681236675,0.8823899933142967,0.917882495682286,0.6970009337072465,0.74975211317416,0.8432589444763494,0.11659728215359193,0.7952609808019089,0.7836387781698473,0.8916350553826233
cg18593727,0.966104451581302,0.9627997989978034,0.9653685243354686,0.9583142855759567,0.880233223850887,0.9333861031997607,0.9698379454350092,0.9712974925021596,0.8095234201886041,0.9787199645738434,0.9779818310430837,0.9846049121794189,0.9676295716958122,0.9718033595082551,0.9703420712773692,0.2040953679335723,0.9670264940794582,0.9062911341516455,0.9575581627644584
cg16756949,0.9123979766070569,0.9206754138512662,0.9081718887588616,0.8961697362374046,0.8810727664820936,0.8859742638425464,0.9139620175340446,0.9213963367619519,0.9249668996089511,0.9418482339657519,0.9509541023099983,0.9482657413736415,0.8472313512133117,0.9104437674607461,0.9001003033159621,0.20510970974218914,0.9023402916420047,0.8312216831381358,0.9126556143217335
cg09554099,0.9613606016318277,0.9602443407896569,0.9637027287695311,0.9562128269538822,0.9721235558860118,0.9567283235605301,0.964100937385137,0.9690033022767192,0.9742701418285182,0.9818155212456153,0.9795249666313435,0.973942910419434,0.9853002666042702,0.9816448099293058,0.9534607444140922,0.3652563191082955,0.9675607180342307,0.9429723438918013,0.9661849635799777
cg16409452,0.9263965409407099,0.9196468362924884,0.9157484596928711,0.9291648628134839,0.948140826318206,0.9064852044906972,0.8846421443127452,0.9381938499851498,0.9472003499815982,0.9482757312908799,0.942272877300382,0.9390610143165488,0.9166124189436273,0.921032821153158,0.9234116691033205,0.18862938122301928,0.8881282187728343,0.895733557902324,0.9362700715344002
cg19968199,0.9526202784794865,0.9285733662697948,0.8536483298958466,0.9474109663456565,0.9048630580891053,0.9316770949738182,0.915260188238457,0.9316560809506798,0.8394331350887227,0.9577528933634922,0.9665165188253824,0.9595342231456776,0.9444916435581268,0.9326422874458375,0.8341551851436007,0.09149776160077977,0.8913083650086275,0.9021979481257996,0.9490346614587651
cg13562011,0.83341616148602,0.8328664467521191,0.8322013860014456,0.8258176214203736,0.868994711622624,0.8208868689975837,0.8331016176415067,0.8184144896815203,0.8771971430940839,0.8421388958664314,0.9098508092154478,0.8723633527300416,0.8083035325800323,0.837938492004648,0.8180729992688017,0.21984319833918226,0.8564851425926855,0.8209955188522772,0.8620698944753337
cg17738684,0.940399724133556,0.948681106988722,0.9444237128720276,0.9417296527690115,0.7321245273415824,0.9244317180816433,0.9265292749846679,0.9613599362161174,0.7892484024768867,0.9371524160639082,0.9084392218562116,0.9402599702029942,0.9410103010362767,0.9444999565682133,0.9526960548772213,0.07446805333697398,0.9467008717406689,0.9120213729442993,0.9488047647811301
cg08969102,0.9384679559339366,0.934806815413973,0.932489375366933,0.8853210539896933,0.8418180606688551,0.7779830841012261,0.9272384754436498,0.9176018914549096,0.7667071512214878,0.9376833612431343,0.919485912138082,0.9445209480022612,0.9284967804835048,0.9257933175689632,0.9108410865444334,0.08872047292845925,0.9253934535962987,0.7371354624091211,0.8845933987660888
cg14467794,0.9486015645599462,0.957090039314441,0.9531329285102687,0.918520361172682,0.7517339949304119,0.9332221976493023,0.9481830034502278,0.9759933307454293,0.8209511974505624,0.9723328650023235,0.968789123549506,0.9724444660158962,0.9535237284353011,0.9670331755493785,0.9593784185005662,0.09140947017903939,0.9645594521445757,0.9201949748027778,0.9197046699855982
cg24459209,0.8676128505205924,0.871693939508769,0.8547599649716009,0.8618101348198949,0.8799959647090834,0.8395958372742204,0.8613785311022983,0.9582799898611224,0.9244632359544788,0.9474544993016598,0.9354113670505855,0.964536536515542,0.9350919359373836,0.9119607662720913,0.9597731693885281,0.2903114878938249,0.9639542376420978,0.94012155133198,0.9683722492651037
cg10644885,0.9338419604850803,0.9355690280823706,0.9159867439866429,0.9297052990622097,0.9037057221490994,0.880970107597459,0.937056071120915,0.9036145342099964,0.8774432478910061,0.9407487753732079,0.9438428385414195,0.9172417303876863,0.9451480895117942,0.9367245538950382,0.9173321855106197,0.1884309314511068,0.9227879092344855,0.820802068905629,0.9200579394328037
cg11266582,0.8176788398039796,0.8135217336205804,0.7781970430634595,0.8371993690596917,0.8153242913158064,0.7580943549498207,0.7845203906025817,0.6717563763541755,0.7266848582905974,0.6578339857472649,0.7639107884222118,0.7154572762518194,0.6141552511415526,0.7172279969769828,0.7020712211509468,0.09245071440902541,0.7749155478385932,0.6974389299151267,0.763690558713434
cg13197551,0.9200419803534523,0.9201668549691597,0.8994551944032475,0.9205035700663942,0.9422838897550768,0.8858775027397439,0.9127353253611336,0.8890800953460534,0.9326461428446584,0.9296875573086799,0.9506657921310695,0.9348941819851173,0.9075291909967635,0.912166603378499,0.8947392759336901,0.24230625771440645,0.9242902910702322,0.8728833321260682,0.9128846481857843
cg08061334,0.8372016385834081,0.9122425724862104,0.9225692813487512,0.8086621244262178,0.7084652191019547,0.7237528295416802,0.8339555515009912,0.9518920319814507,0.8747717755651053,0.9694831136112095,0.9494067328278324,0.9584931394769013,0.9616189456998887,0.9624649592537806,0.9627427077608182,0.09717216903921078,0.9420401749715359,0.767385733915465,0.8825322708987502
cg03269757,0.9615630706513845,0.9627670571118946,0.9581908998800664,0.9324948888390255,0.9488458779323743,0.8706485516703841,0.9577352128792417,0.9682913764085808,0.5965338555344883,0.9766890144437906,0.9712981710553168,0.9709533120892393,0.9745071332841605,0.963049521793953,0.9592370795761993,0.014278610490762558,0.9664062557401691,0.797028012337056,0.9285376319026022
cg23990557,0.9404838366476163,0.9367940928522306,0.9409116618860051,0.8736173798356305,0.8965390937715654,0.5868860270296669,0.9386574420562495,0.9211536734313628,0.9154976650197618,0.9196173919379129,0.9488759368002149,0.9560567026436717,0.8786503850870981,0.9089360068942385,0.9159796573632404,0.02084609291837603,0.9142577628984816,0.5689881345002008,0.9179295714893559
cg01613077,0.9478209628015417,0.9496631520565291,0.9486318917802414,0.9398181461031826,0.8047602460813085,0.930249336690565,0.9511757362714839,0.931607273178857,0.7695646395421358,0.8546665580041134,0.9574112133094053,0.9537946374781334,0.9148413443181787,0.9083715630018092,0.9246379189999832,0.25055425074460774,0.9306757040703846,0.8944849059957487,0.944281084312246
cg01877260,0.8827517749314159,0.8849797157952678,0.8552030525357583,0.909457848727828,0.9008425566050857,0.7184642151553101,0.899317122558235,0.9224726940698216,0.9371586710957804,0.9431716649618902,0.9421808835851444,0.9427002676399576,0.9030568823498332,0.9268323572392219,0.9323829676298988,0.12144510855556191,0.9371909946463736,0.7479789255252799,0.9411495571031634
cg18468726,0.9698188969478932,0.9709845413337443,0.972285072368823,0.9013687562050214,0.8985601024404515,0.6984586989715569,0.9691294288566621,0.9733083277799168,0.9565150349521824,0.9631604896814319,0.9534240209706363,0.9706871471520434,0.9619034904498236,0.9454906275585826,0.9769610564525877,0.06545903550007603,0.9609378873202307,0.6408651354668218,0.9091820161518747
cg15090899,0.9571805077995408,0.9436230316143768,0.9399559120564573,0.8818731655696096,0.8992792792792793,0.7628991505719303,0.7064063095753248,0.9804732368481507,0.9697606674903492,0.9805250831998028,0.9632933529972201,0.9534796855557005,0.979750068411931,0.9796203373476383,0.9719434626951207,0.02030667248293342,0.8067573654859499,0.7711831151468449,0.9367962608880391
cg09031958,0.9660439243690471,0.9712251105618713,0.9756835823913763,0.8080901926282378,0.9576841172383123,0.7970417482827662,0.9774598523252176,0.9904088692804954,0.9741203568523753,0.9871095201489218,0.9843937155566952,0.9864482393279217,0.9889325182898179,0.9843313835888261,0.9849096720207489,0.24610243015464536,0.9818154716294439,0.7918116110706211,0.7903395410864247
cg14697334,0.919168636225248,0.9241852070075817,0.922980572153351,0.911217900844068,0.6645837666937374,0.7912260222560881,0.9307077837036819,0.9550266496376892,0.9591146699453875,0.9682137356963694,0.9618742353461955,0.9537795126031794,0.9272529376081943,0.9574771409941938,0.9512921473113745,0.09451447926063,0.9440111746152046,0.8336485397168287,0.937657607479326
cg05157904,0.9188112679828042,0.9171908377731072,0.9191825725270761,0.9237928945718805,0.9269944090705312,0.9190075462564472,0.919562501166532,0.9159744865953618,0.9459428894867092,0.9350265901118052,0.9579234430595294,0.9442558893478206,0.9205352636125663,0.9356461839014356,0.9058387737608278,0.35928322160550585,0.9515223775334676,0.9270989792649429,0.9332882071811068
cg02970679,0.9286770384908907,0.9202817768181525,0.918270768558602,0.9227010378387661,0.8439072313877769,0.8930096759315334,0.9239692379816581,0.9145570815822747,0.932458027930047,0.8635634564484685,0.9013594716533635,0.9342610419882207,0.81515876182164,0.8415380373956061,0.9129099164547432,0.27885837122227286,0.9301667593615882,0.9171705156761341,0.9460597960521051
cg19242112,0.9521442654321609,0.9545825954840428,0.948682321833688,0.9459061053055223,0.9476568401462919,0.8901573790818784,0.9545878096534625,0.9610256500567336,0.969538327175037,0.9633667950648499,0.9756170324230857,0.9675633647934483,0.9710354661286066,0.9662753257466133,0.9744622889150674,0.20012286360127673,0.9603747244605192,0.8042101454316757,0.9452161550191986
cg16426510,0.9321985802583134,0.9238650820689691,0.9244942970097414,0.9274186918225875,0.9019723953479193,0.8838894881555731,0.9251425912245517,0.9655657018991535,0.7603525183579337,0.9668009149062444,0.9497516627967021,0.9245222291456288,0.9614412609346584,0.9690484933220417,0.952112146772236,0.08846397890787622,0.9454431343928624,0.8352012390018781,0.9206350321611687
cg20240243,0.9316078091847284,0.9271116371808046,0.9326686551888421,0.9331521464604442,0.6895071391645622,0.9218496462734826,0.9285153316203432,0.9390643761524909,0.7120312947809663,0.9689197080359959,0.8963652078446049,0.9561320626204854,0.9794399157770315,0.9566898903636141,0.9548336420777919,0.09599511234494756,0.9278739774058545,0.9219135589368288,0.9295823468592018
cg15146567,0.9135469007159065,0.9086153490166715,0.9114241450564555,0.7914160816936713,0.6806885421625684,0.6912344406600202,0.8838071890294228,0.8712541448853847,0.7612248243473918,0.8562866558614018,0.8089328491445735,0.8666113160330399,0.7361420353409982,0.8571839627820236,0.8943554247617846,0.06578628511443513,0.8257831731022472,0.5885905405276758,0.7587607206018111
cg09411597,0.9369832316586655,0.9327293840519075,0.930813333891046,0.9214946843672631,0.9285187500061203,0.6037456846971692,0.8884616871543314,0.939580100605578,0.8608362569525996,0.9500817988044565,0.6408659490422703,0.9156737527952203,0.9455377441174098,0.9531893333605037,0.9330601487237417,0.039785359159232425,0.9239749349098747,0.6113268746421783,0.9212713885068563
cg04942640,0.9060917824165425,0.8699576946493517,0.8347555166286313,0.8243155796370554,0.9233378823885181,0.735352834414513,0.8423561372696959,0.8756888634247999,0.726084111418771,0.9158497869912732,0.8880583667258324,0.861198063386587,0.9012267349484334,0.8773441002061545,0.8777371357980368,0.12841377829049075,0.8528297665599825,0.6863932186120911,0.7566669187494259
cg26234644,0.9662853049158644,0.9755429474703524,0.9754039075438571,0.9218354533570108,0.8417941196147674,0.8998862846841609,0.9729896994071101,0.9579693229636809,0.7243546815361686,0.9801134918664705,0.8878330543253117,0.9152768599497696,0.9649178025828654,0.9744593220244863,0.9610616958493087,0.02292903386666778,0.931921606997512,0.7428107295991084,0.7739660794366204
cg13607242,0.9546067346514588,0.9561237104298279,0.9403314211808675,0.806287415561681,0.9439899911942417,0.9058434621522865,0.9551883642979554,0.9701759800135058,0.9620340634683957,0.9599734238187324,0.9595311536857432,0.961390776325432,0.9796362029439382,0.9712389329455415,0.9763258974216618,0.14855748744381375,0.9501029816699756,0.8851092041825338,0.8308482990264288
cg19393677,0.8687999273103308,0.7922497638913066,0.846966354481069,0.8000713817099374,0.9180077997670767,0.8119246064824533,0.9011051510105028,0.7663587301127347,0.8107068928305431,0.9242361602679283,0.8895801899708018,0.9183430522543827,0.8139802010055526,0.9370824735047064,0.832480899397427,0.08870407346718223,0.915000604187542,0.7441065242705414,0.8099271112979844
cg07201450,0.9683037301125789,0.9717281848848449,0.9732663251925543,0.9393695208190003,0.7998066176041115,0.9079813249809034,0.9624984695292107,0.9765133129786089,0.8766654148471585,0.9561159924471035,0.9591747008383928,0.9784083317787795,0.939224054790278,0.9479141070152919,0.9710199586894507,0.1607766914353937,0.946549982651421,0.9098068102532639,0.934512584147512
cg01835368,0.9071214380723434,0.9090611154441882,0.9219028365685651,0.7758291876778567,0.6409703803844033,0.6929990128305399,0.8727594857821649,0.9216666543621869,0.7813487442572677,0.8406064774850783,0.9231315010873075,0.9076554149064628,0.7878708648125159,0.7176551319146225,0.9207600482552329,0.07237534530723821,0.8230674490354961,0.582070551130122,0.7951235737928183
cg19791262,0.8764691821446142,0.8742469220376161,0.8783020648197208,0.7647701214760514,0.8530786648963644,0.7023904354709631,0.8624769375552775,0.8599843748440391,0.6802998874633576,0.7929914897296169,0.7885566690880307,0.8688704188035823,0.7336408143304924,0.7714554544930063,0.8593190759461319,0.1174466427807389,0.8769013049673371,0.5912665012012419,0.7365998851559525
cg03727333,0.9205370429143951,0.8578508327033326,0.9207067241771039,0.9091049141733339,0.720267271707442,0.8443219648136928,0.9274947293663658,0.8808442848617318,0.8560342318427765,0.8783206594145606,0.9243008555748282,0.9613968303753083,0.7062508698105923,0.9116646682404217,0.8804390137434093,0.10078792772085794,0.9128349406899601,0.7992481269736016,0.9230274917722109
cg01542143,0.9556643434325419,0.9638853538280828,0.9565695781677037,0.9530256431795614,0.8572536051269521,0.8989476769731948,0.9470443912238332,0.9472295117201993,0.8176619608492453,0.8629815005250098,0.878254352413008,0.9487751264517803,0.8437432010347099,0.8731876035911552,0.9420908090370905,0.30500659213139836,0.9408071475571854,0.8081357990105832,0.9397025812553667
cg17429587,0.9260690238495362,0.9248329702803504,0.9092969911377451,0.9255873647435419,0.9061895236486996,0.915134481651209,0.9291460973030572,0.8994784637577607,0.9132489974384519,0.9129596954445374,0.945013210501357,0.9337788661700948,0.9171022909464778,0.9047467088193306,0.9091283559805263,0.3222618634561318,0.9153861696628929,0.8597312236438845,0.9154236368646265
cg26272088,0.9705780482397903,0.9729606118088274,0.9740062429363441,0.9009711217198054,0.8037295227601073,0.8057849184448763,0.9680205676480143,0.9723231562362409,0.9509477654773258,0.8613245194417167,0.9052310869861648,0.9769862940366695,0.6929128103809599,0.7739564285974402,0.9498199979097456,0.12473671255699675,0.9309322347499933,0.7653988552314515,0.9351289529779235
cg05078091,0.9750275289193271,0.9625872704659212,0.9706640936318605,0.9772702836129105,0.9773484213985062,0.9627651837773332,0.9723466567896213,0.9781861943075317,0.546760638288065,0.985014888407865,0.9858958593656119,0.980778005609342,0.9849276458340608,0.9810408110278818,0.9854766751507664,0.043220025525091854,0.975997021748834,0.9446608338111793,0.9823620784695558
cg20710777,0.960796866774251,0.9620925800079725,0.9552743947995075,0.9483647014744538,0.9228349781485283,0.9104743831129125,0.9571451942812833,0.9764789353167166,0.8366487268916137,0.9863963456233211,0.9789284519372171,0.9759661270409534,0.9832704762206934,0.977672306425024,0.9818740773694188,0.14577269728039605,0.9583556102313779,0.6813098401743966,0.9074564946037416
cg13645296,0.9357600063753696,0.9407317297855777,0.9413992905325511,0.8987003092234487,0.8670655181087805,0.8464681493986372,0.9302674302079632,0.9344838659053407,0.763121975902848,0.9482899727368516,0.9256904274559027,0.9354105940418378,0.9336931389032339,0.9413697509175603,0.9437939794479453,0.28370630927435714,0.9405157116764856,0.8191238791677111,0.912587261366043
cg12198633,0.903321473959717,0.9128414043498492,0.9057816865293187,0.9004566805491583,0.8747586952381422,0.8726556784871489,0.6972210237365049,0.9291610479904656,0.8245416435981552,0.9095292504150727,0.9222987648024706,0.9270252024458663,0.897162656478202,0.868290670644468,0.8905939209810775,0.1628540281281275,0.6643038724715327,0.8766168483145591,0.9393758089026445
cg07236691,0.959418285912023,0.9592797021862853,0.9618796853964249,0.9302405292884652,0.7464744919720627,0.8002039232741184,0.9517483389735395,0.9711720187954408,0.7762459471999847,0.9254342685569513,0.965067143729661,0.9694585822812591,0.9319442896268697,0.9204950810469903,0.9613866332652835,0.22864310809549412,0.9544074561273963,0.7032514556072123,0.9343964294778364
cg00215902,0.929305080831687,0.916846595085061,0.9210271580859729,0.8556232132789955,0.7971191031992959,0.6246466828351407,0.9203250682378981,0.9386944554561449,0.7903205501015957,0.7173926797494646,0.7678152957110045,0.8997906448728757,0.5832568267217196,0.6700047785247434,0.9053150261031735,0.07189820071640352,0.8913848034870366,0.5934603519791157,0.8720473007490438
cg22221575,0.8561629783503356,0.8873175391889272,0.8891210463111324,0.8593167666497636,0.8646205298580988,0.828871965878089,0.8641871876630203,0.9008795982529914,0.6424275155221157,0.8384712125037074,0.6727119800494914,0.8753634126189342,0.8454784615901879,0.8096780052649554,0.8755897038198328,0.022469717347877095,0.8893718956409205,0.7881247566821207,0.8598836722248371
cg23641108,0.9403546156585325,0.9309194997901079,0.9213816637950973,0.9197585362071778,0.8349233568087305,0.7933942953920561,0.8985081013770753,0.9493770537952245,0.9289773031702085,0.7722840077167568,0.6061434418174194,0.9372063588947563,0.672336365865675,0.5546075632189864,0.9116656662448568,0.04401524627514908,0.8519064970664613,0.7104720148588969,0.9222212909672125
cg07380907,0.9572006206052741,0.952510394858214,0.9558196439089802,0.9437811143460602,0.9647319925060025,0.9308145078231935,0.9545097186574695,0.9804088387047618,0.9767543601836706,0.982335555013798,0.9744938096875795,0.9453497161771547,0.9859037077377044,0.9801022423040329,0.976328392569604,0.28159530147462825,0.9596194950813157,0.9280238866147648,0.969532108613463
cg04365699,0.9154578087160148,0.9526568177845329,0.9531784449633471,0.7920293044912997,0.8779816275664463,0.8619917393176549,0.929332235650684,0.9549985125053716,0.7554123283451584,0.9646129579063413,0.5964761600656645,0.9199324635642949,0.9532653361454438,0.9578490248651687,0.9596069575406998,0.02875141760940069,0.9414163587704902,0.8475611064377975,0.8669029902720123
cg11899596,0.9524025013278442,0.9515152375972579,0.9506843544457777,0.8258920794582242,0.8388825305559242,0.6954617428857467,0.941522639146442,0.9481503838204148,0.5840679306563341,0.9493219685292796,0.9456390075505492,0.9689055965601048,0.9560135652822678,0.9433766336325957,0.9436865898716204,0.0765361905257328,0.94634709892388,0.7386738719210655,0.8435820377223853
cg01864836,0.7465737647719408,0.7509969418236905,0.7515305086580077,0.7640849854522878,0.5331315484425299,0.7046428937490967,0.7326673200708649,0.7788929494712495,0.7981529534451931,0.5925278354113991,0.5688012374859177,0.7980182366525135,0.5015298868010496,0.5132706698374059,0.7410846811907663,0.0383203875381713,0.7648825032139537,0.5674424512930847,0.8016436404062277
cg21831937,0.9699531332543647,0.9674347967408432,0.9712332522431282,0.9625723758311236,0.9558321707424305,0.9623251960254644,0.974523042712717,0.9809574651167725,0.8096404382243395,0.9848831256331848,0.9772373055386618,0.9831007149196453,0.9908627104770275,0.9809211453238638,0.9819583326662769,0.32777940637329084,0.979051204610762,0.9453756708079348,0.9755148489990828
cg09370463,0.9008041612232652,0.8985380764465011,0.9090925041124589,0.9266480104879867,0.8984903909532846,0.8952238182491989,0.9143090095397082,0.9673231387010339,0.7816182143890273,0.9816578753298663,0.9564333713364064,0.9517761580380408,0.9602370782272327,0.945145713755631,0.9598664878069559,0.29254939751747283,0.9596504258955563,0.9068348312142327,0.9508123632897313
cg01935731,0.9665448163306813,0.9561069675084242,0.957388922196331,0.9545272999217805,0.8602753889645576,0.9607927369867633,0.7671955556723808,0.7868812576642545,0.5896107617622259,0.8835673338046958,0.9465879328069551,0.9780536752711393,0.8612854025322698,0.83324533532801,0.6975325484141881,0.9585554801449228,0.20027078497966805,0.9690199315700071,0.9549923643988119
cg17470627,0.9296987558308207,0.9376654459085518,0.928891917942601,0.9327451549372179,0.8317933586741091,0.9333843367360556,0.6485896645066296,0.9673794518222084,0.9534831277045802,0.9162886876768839,0.9176942371786467,0.9531534694830476,0.8175926785101814,0.7271378499671686,0.9546094684341737,0.9288548852698789,0.35608913541998266,0.948109475845594,0.9520289177307625
cg21432062,0.9318722915396442,0.6702801898282361,0.7902952495575756,0.9301873775007765,0.9242750641221742,0.9164975248090936,0.6524835859113809,0.7356332690907187,0.8691867589938069,0.6021259694470846,0.9696461578442875,0.9373944741667692,0.9383913095734804,0.6510066491080794,0.8313672421430174,0.8808043660732806,0.32865399210798685,0.8910643077412242,0.9329855788008428
cg08822616,0.89159241217816,0.8923150161296475,0.8816825550070171,0.8699464832219712,0.8156231126035349,0.8790420759135973,0.6902071313984979,0.839592496502301,0.8535185964832526,0.8225187161771488,0.8448705705012988,0.8852432874690461,0.7224430675129152,0.7636076580301947,0.832845744356269,0.850602032450003,0.41524179370085657,0.8482808326158646,0.8728490842294085
cg27168573,0.7976585467812816,0.8255122935632789,0.8035406760518836,0.6549505009148029,0.6505766757710564,0.6400110384013443,0.6203555997870338,0.7744580848524951,0.6477577415429204,0.8041689871244859,0.7711691477850433,0.8303373080418619,0.7879290848084433,0.7733085217554632,0.7921772752858773,0.6012787734815648,0.3883943536919331,0.6380572212397504,0.6084750569064749
cg00293189,0.9622571939121061,0.9645123707365942,0.9568618179434842,0.9594332075013648,0.9159288550292429,0.9684002361247334,0.3060508864135806,0.9701606000848659,0.781433143113977,0.6603528595105994,0.9339333457558125,0.9699974611234252,0.4055439322415688,0.5605001661094764,0.9353338169459018,0.9751711430768304,0.1022756657282668,0.9588752195498714,0.9738988214094739
cg22069247,0.9224547060424728,0.8961955388579123,0.8543228393171962,0.8943486770331508,0.847950764411828,0.8243477027683204,0.36459802595241536,0.8934539049653271,0.8833177444551341,0.9082159644021646,0.8890596331303442,0.9055514076222634,0.8791428653316993,0.8683470722466866,0.8875290367401751,0.3718705587693116,0.14097143329009373,0.7164510704303841,0.9027824683074597
cg09136052,0.962515803567219,0.9619371126268421,0.9589227609604583,0.9442594980234162,0.9194413202103076,0.9495023804320225,0.9459149384048717,0.9697354918056248,0.9499304012639218,0.9587698853388493,0.9722902692046083,0.9710175229968415,0.9450064276344528,0.9360599406328876,0.9602506617004376,0.9628367891016186,0.7589572813149903,0.953188870368221,0.9585499030042934
cg20859099,0.9208396335697815,0.9145326054332841,0.8945340545323751,0.8693264208384672,0.9034723615672638,0.8922278265899934,0.8276229388174675,0.8958214144688728,0.9313346081115592,0.929139675297361,0.9555979643570248,0.9538269350250349,0.9022567517962955,0.9262666017338996,0.9129898919323791,0.9502158553515337,0.48080431602170715,0.9035090522647413,0.9125425763008126
cg13250566,0.6561207715277975,0.9135779978167969,0.9147356939824107,0.8506373998624296,0.862683599343667,0.8653775561853672,0.5074745821504534,0.7933827813874035,0.6759962365284439,0.7900054157681943,0.4914429898340907,0.5048732126455457,0.7441310325115882,0.6806448271254673,0.7482161855242768,0.6707346382715542,0.2670741078999864,0.6676725272461861,0.6789783965451374
cg25421530,0.9059740196232957,0.8367384915835155,0.8055110124411609,0.9025080730063565,0.9191620596658711,0.9128372068840156,0.557130044810381,0.7898639629476774,0.7838914914140217,0.8093356573404328,0.7742439296026813,0.8597565980345808,0.5766620902199588,0.7843201351065576,0.7166155175573563,0.8552091616279234,0.38160750212452044,0.7821810094265991,0.7798097708434393
cg27368828,0.8351219923207874,0.838823380658931,0.8299247831842621,0.8202186273035024,0.7368746304835707,0.8294175993759652,0.693796388249247,0.7952061848273233,0.8233169554002369,0.8270948033247006,0.8046963052782539,0.8383306468675596,0.7695906246865998,0.7007640033236173,0.7877364708095899,0.8081506119182464,0.4687611363749904,0.8108339722383262,0.8287752462683018
cg14907310,0.8899127722082564,0.9058213449314152,0.9001010774825366,0.9160697511858933,0.7673481569914938,0.9068933118052096,0.7213808910550412,0.944403151479114,0.9372476486584183,0.9073684210526316,0.9123444992830928,0.9339704163123341,0.925201708590413,0.7871206873987754,0.929254158511774,0.8744292867607044,0.3090712992573057,0.9086626223510164,0.9312946248147649
cg22615730,0.9475318511411297,0.9434462315186554,0.9445404008763891,0.9337491838903411,0.8983204153051991,0.9485843236081406,0.8126625344920508,0.949630747906095,0.9479043015064328,0.9401008004835327,0.9649927195489008,0.9711544274496823,0.9596649487732429,0.7877393941172126,0.9500157007071262,0.9586187118993745,0.5595533223467785,0.9621432931429968,0.9399916952213823
cg10334928,0.9664432526791145,0.9584027721395033,0.9629664431485356,0.9662983621448125,0.9424127430114149,0.9692367776546427,0.8815660510105381,0.9286480426561876,0.9081143537208979,0.9513615765886497,0.9645931126687219,0.8927175047787375,0.9502993273850966,0.9502247440920099,0.8949483188908862,0.9556542876678846,0.7500928721443498,0.9392518257272533,0.9529790443355993
cg01557421,0.9371606886004985,0.8921056006821046,0.8685824680594771,0.939327533651538,0.8851664264511829,0.9420222247532982,0.7079825107136324,0.8862419846921932,0.9585305690293623,0.8702015960471238,0.9520663764302242,0.9508279548950864,0.9532188035804349,0.8588633775636438,0.8843571610958683,0.9507803560930417,0.47748204295576363,0.9423701229445655,0.9438471508560865
cg11307565,0.7377999875863298,0.719520964385246,0.6996601884139306,0.8107228250092398,0.7950420375735124,0.7967820683566567,0.6521028544901577,0.6596380029050197,0.8226085384533257,0.6124031750813472,0.5606086628039632,0.7567514231923322,0.7006060681060698,0.6451977628230822,0.679934811073911,0.7495857898828023,0.4307097308946738,0.7753436308887312,0.7875273054734007
cg25097946,0.9780127299443403,0.9524781913935679,0.94631744564362,0.9702082521012905,0.945369907084478,0.975208077539399,0.6229688032640115,0.9284319500676623,0.8169814923515293,0.8868641145437737,0.7328854179946652,0.9310725390404171,0.5733044553276008,0.8416228004866944,0.8695235220961929,0.9564928734213878,0.41502896413318685,0.9211110649548744,0.9234572886738064
cg12598054,0.7464759390041465,0.7240761123194659,0.6775614354091984,0.7367596055766932,0.5902759236094731,0.7448877594760875,0.26458077610848507,0.6939953757428371,0.708182158149155,0.41421403262990275,0.2595531730651197,0.712629760450104,0.3081768081396774,0.25209544096606085,0.5682890360672357,0.6622093687448036,0.07434206223462075,0.6979374252340801,0.7225923067929934
cg02331262,0.9428171195106745,0.9302700310689938,0.9247240559786052,0.9187930480254971,0.9215767540061075,0.8410807069128807,0.6514346360876548,0.9263672894277504,0.81789902056654,0.9206963120550914,0.9454297919310046,0.9532548371753025,0.8783307122837858,0.8877478038913662,0.9278772305710554,0.613168745951008,0.38982365427115523,0.7271413726161562,0.8530908202042192
cg00143376,0.5001963091631237,0.528606061654841,0.5328585573720358,0.46963755458385226,0.4297847827475565,0.45435952893728043,0.2259853268448298,0.6538722399600773,0.37769344643537645,0.5441546865767675,0.44055971102754443,0.5675946198760051,0.5984919298316044,0.3731702233229589,0.6309485523268162,0.20384878178205795,0.07446509735815138,0.4244095861409758,0.46475876395961646
cg22163535,0.9010926354172302,0.9114812593231892,0.9019269092134504,0.8873327582264829,0.7695215035925272,0.8746092508231049,0.8730274843646249,0.7606887319380193,0.7399922389331915,0.7761547727085961,0.8226298505279148,0.7907620454632783,0.7373383123549384,0.782068074346373,0.758246126722566,0.7821124278873675,0.5094443817441983,0.7725586862649931,0.786453949276383
cg21553656,0.9152139539487356,0.9347423039357314,0.915410500814432,0.9327384859364329,0.9332528052784543,0.9352517449313176,0.6671583294100374,0.9109822208336091,0.8904428291558132,0.9023141118977913,0.8910698420293035,0.9546292496187618,0.9104028668563313,0.8117548555564639,0.8961857118165957,0.9343399417590308,0.44561281159727895,0.9302886648932946,0.9279945519710773
cg20885569,0.9333373992835876,0.9416016985606838,0.9412457283570583,0.9361186045538614,0.8428163599595663,0.9442178338495864,0.5934464861951472,0.9571452243760981,0.9146262732679216,0.9291121440317602,0.9741949456427652,0.9724811009767487,0.9043703214525255,0.6774080695997994,0.9053826553585652,0.797418788509378,0.2213106177499355,0.9454259753043222,0.9616755940245291
cg09155044,0.9118285036573954,0.9131085673131878,0.8869693573779076,0.7738505257771393,0.8976188861006125,0.7085224380408073,0.6580607776024965,0.8561415338001337,0.8238687659515214,0.8528813031208059,0.9119272451957059,0.8871441682641036,0.8521726069787752,0.6418283803463758,0.8148139602026554,0.7280633165122421,0.37908010457763175,0.5475332496006777,0.608029440181446
cg18714086,0.9565154190954446,0.5820307851723311,0.5201434592141396,0.9439106805486641,0.9079986761408617,0.9515093197346878,0.32691769266231785,0.5105121997152926,0.9167667013444576,0.5276910421850134,0.8272933423504103,0.9504986924253616,0.4063879406024741,0.5245294261485691,0.4617804834483017,0.936897062257636,0.18608682562694473,0.9267098160567089,0.9397561409380351
cg17207690,0.8659276419533302,0.8657181659202402,0.8445323625387887,0.8595768584490794,0.7652988300906371,0.8558610610885933,0.5410497363430979,0.8154689116824565,0.8384203423664245,0.7972698087580786,0.8186561354711803,0.8481543824824687,0.7577149574777055,0.8215333424403428,0.8023464895614729,0.6525914546788674,0.3085749498730931,0.7960994084462589,0.8422462106445219
cg22365240,0.6260381411398994,0.3590252196089544,0.3113142283522722,0.5756143625197998,0.5165125495376486,0.6188223409309428,0.43012127018123325,0.4853014761070803,0.5855658570654898,0.44646163033741415,0.37496524977609913,0.4864433068168843,0.38996085971297123,0.40899996751563106,0.38741584686438924,0.5683246411558187,0.144889460788246,0.560904016363966,0.5668627541803697
cg09841774,0.5219507870427327,0.7224492615985714,0.6562351402378677,0.6357660477950728,0.5350998545850814,0.6821465607362842,0.3394723013317078,0.6856544041560835,0.5982093000722764,0.596825105171216,0.44212792379307553,0.5923243313950193,0.5316371708737245,0.44986268838343246,0.6141504239778994,0.61133977546562,0.21769653882580467,0.6572739297952366,0.6500857499135356
cg13106215,0.6509704836611144,0.49923830506127287,0.4193487335127023,0.5584772933083064,0.4558244565211551,0.553879721527267,0.31259857644821193,0.5033211485382928,0.46631310211940435,0.3882488416122505,0.4651547027092101,0.6592320725150789,0.3565867719754661,0.265512510471176,0.3770643445174246,0.4432107284443554,0.1450445694514053,0.4513605060671284,0.5208946524154082
cg20114528,0.7625693305412129,0.8567015629749948,0.7928986901538678,0.9237948800809208,0.7585787849048256,0.9117562108725423,0.39820874690695873,0.8528514924555475,0.7662658904845548,0.6605017907149573,0.3504729885951444,0.6047483590145883,0.40154524572799655,0.40088626235906605,0.7135273085444276,0.39719254673364046,0.1736833370868558,0.8368800694277625,0.8731171242557546
cg15161691,0.8622628703108164,0.8491437952538123,0.8414135190262533,0.8400758610461622,0.6936181236632297,0.8523805067125134,0.4158258408555202,0.8523575695352967,0.8663386215294069,0.7625790249571089,0.9000997143421969,0.8977558396776717,0.7713624373300207,0.6556775116091527,0.8140798766308532,0.8401931023445773,0.20270473765482724,0.8366501422522301,0.8435752874019128
cg01305745,0.9392705032859789,0.9403879064460924,0.9449454098572797,0.8442277613035611,0.8132276024970474,0.8029725212106095,0.7915204149660522,0.9341227868475511,0.9341757459029993,0.9175314791753147,0.9452641798702106,0.9411700890709906,0.9266587521435167,0.7270490131831655,0.9068521823444755,0.8750495164154944,0.5085713000220351,0.6212866342125111,0.7205711735832218
cg05438719,0.932959022843221,0.8041085660101227,0.8914920491048822,0.9156701359583579,0.6874308653131909,0.9105508212866635,0.5424141542424289,0.8015258160930421,0.9153976718999212,0.6764779881556411,0.7127180717869366,0.914995323431967,0.5944227064734914,0.4956982395951485,0.8199790373944522,0.8950679443560328,0.39712337062968306,0.8741490873234568,0.8880385235404645
cg06834427,0.9438999428708409,0.943616110764087,0.9395057012901246,0.9308749686987843,0.8632288871617484,0.9286853381360458,0.6224447974110112,0.947000325079328,0.9126889638831702,0.9338265314348047,0.9314119331823926,0.9634687915382489,0.9628311715722561,0.9112051743036115,0.9593183647793024,0.949151776497724,0.33334383621410024,0.922890006841579,0.909808277754962
cg02937751,0.9233328272698562,0.9402017738698397,0.9394510673660736,0.926688953034648,0.7616227155151611,0.9337230376578209,0.48180888073320316,0.9459007560654903,0.9546875896743843,0.7972712627113168,0.7454982972278912,0.9349970916499459,0.8194827638379376,0.5425955112346649,0.8644964341259657,0.9523231759928439,0.30696062406560104,0.9297809470145688,0.9281858091023312
cg22732126,0.8948291400210866,0.8727774780172464,0.8664305932076071,0.8698554654470005,0.7490863156694029,0.8750018790167816,0.6431492717688603,0.8254792050039799,0.7375900810038392,0.699735035487534,0.8503223327104097,0.8687024020781975,0.46947246613661686,0.6705202174694067,0.8063748834656043,0.7545305119122061,0.35304335066943016,0.7777828683499461,0.8133264986911696
cg26971585,0.9488722617882341,0.9549738219895288,0.9509931756525534,0.9503682768191362,0.879941986947063,0.9507344346933814,0.8718473607495202,0.9610907250411236,0.9638979238032841,0.9618142813361937,0.9695186104000594,0.961364019660097,0.9522905460042893,0.8569157925980608,0.9504396539935952,0.972505471919341,0.6687265336352819,0.9510071096657969,0.9560293769248993
cg03227481,0.9491255789085072,0.9720737131062995,0.9681905563584872,0.9625045261393759,0.8852955512381459,0.9599713906329372,0.9041593345775267,0.9837919671395524,0.9571969781657449,0.9725146063253934,0.9551238789295905,0.9697677836666352,0.9203197919647255,0.9116143510002706,0.9689125831636229,0.9726138141719896,0.708324236458169,0.9682584998308315,0.9700984159234758
cg07127410,0.8878967590790359,0.7434136985119126,0.6839381098989223,0.8073729254997603,0.809678692923889,0.8359852104389567,0.26370661688283353,0.627957792795975,0.3739581788457602,0.8843718162990274,0.908704115338961,0.71313069934184,0.8439884288135235,0.7147370941941463,0.5436388043554468,0.6190129209567345,0.0753126084104388,0.5123073409083589,0.4930798034033872
cg01243072,0.9247571360208775,0.7753646677471637,0.7723697034977159,0.8043979597594089,0.9202944942381562,0.8631500363446134,0.24145458782375556,0.5037828215398309,0.7503563559006247,0.4644776119402985,0.9644112746924356,0.797353936898087,0.8055705689475011,0.19018988657147462,0.46842715568976157,0.8258562049414877,0.09250091076971977,0.5565749047933403,0.5166127811790603
cg27366964,0.875788666846062,0.5798531749386235,0.5600313379085455,0.9444851645406386,0.7625479227902172,0.9429934463055601,0.531524998031551,0.7155523488461275,0.9582001582074577,0.4981588265987299,0.4572155973228256,0.892713288185951,0.41506695110320085,0.3953000062231329,0.6634228569098064,0.9560624057019448,0.24553341413371935,0.9522379642159804,0.9612218669585939
cg08358263,0.9090021226822103,0.8918641599768244,0.8852649006426967,0.8974199882950069,0.664074647949533,0.9180130552455721,0.5338769015029989,0.9105766181218986,0.9109995280714052,0.6974674917998474,0.8103517129447757,0.9329361692340092,0.5089317902618233,0.6050498187975959,0.9067551880971882,0.9326348502693032,0.28589330599727064,0.9081408350597607,0.9287339260783076
cg01616956,0.9083177938210973,0.913728924895993,0.8926128049801401,0.9037854797329208,0.6916720154043645,0.9042273764301281,0.5150784069303975,0.9117034042821954,0.9037158121005122,0.9119306566358656,0.9272594919460103,0.923957876283404,0.9050971721168393,0.8773111717451341,0.9124225199136302,0.7590871969939018,0.3372875958984155,0.8719677471827465,0.9186825455898772
cg18263559,0.95239422946872,0.9484723726977248,0.945244936825332,0.9296862696198921,0.8948118158644475,0.9197022983116501,0.8347351606047132,0.9364843389552469,0.8566909576329163,0.8854362301519549,0.9382610965825979,0.9494219787842512,0.8869327810205234,0.8207817335131866,0.921531588760786,0.7986637204641952,0.6813520773012499,0.8638540509051291,0.9078830823737821
cg19733463,0.927931528730886,0.9299774569015284,0.9253100502372871,0.9096741612480906,0.7063273276742964,0.9115912347528556,0.7404197760911332,0.9121610217016232,0.7985479390488905,0.8941137632564697,0.8008117123662251,0.9153632897793271,0.8647928091522916,0.8859729269459282,0.9230900634937211,0.7446940029543829,0.5596788079044199,0.8818545912461777,0.8924631480498808
cg10034588,0.8054573726552685,0.7991358897642818,0.7510502229370775,0.7960611201355675,0.7079854074290226,0.7588081882622648,0.6696744091586033,0.7258296893460515,0.7756446909133758,0.7211498898209779,0.747503532927646,0.7813441428667239,0.625743122668724,0.6787681862771933,0.6732235290367241,0.7469085609272114,0.4368239583655077,0.7509989554657526,0.7882380447306521
cg14917706,0.46682434257911193,0.9196877462725407,0.9140422145910765,0.8868556378245063,0.4533672070990452,0.8979081848893575,0.7091892314353268,0.8337784553705626,0.47664088781198855,0.7653079619664093,0.38923354602915383,0.48804225949162183,0.715109977573398,0.669806799703733,0.7772642443040151,0.41255597735899896,0.1007525931858042,0.7502252019042699,0.7743720617320902
cg13525683,0.9441081352998585,0.9427638271050116,0.93936842165612,0.9388845832218988,0.8923125335392256,0.9383738879786732,0.8500223200882053,0.9473773911609047,0.9593608025457518,0.9505626717876392,0.955980492869088,0.963178232680116,0.9363947675595692,0.8943371536413057,0.9331739983541065,0.9500067478837313,0.6734900153022245,0.9304503225545817,0.9543536629699105
cg08312765,0.8406769613074849,0.9445758683910117,0.9358098756487911,0.9314228999734873,0.6881391209158938,0.9426299887557319,0.6105888415823049,0.9403666810643772,0.868256993611511,0.6938775490269584,0.7678184552191585,0.879975552658383,0.8103960058967212,0.5351471131212102,0.9097215942525435,0.9272013613136381,0.2916298071270069,0.9384002417793116,0.9325511061877442
cg22354132,0.9258276369023529,0.8801200407859225,0.869039858382805,0.9212181659306806,0.7748646087462838,0.9181922233909268,0.3779219626809869,0.8723371699961959,0.9182815460289772,0.8009642049649536,0.8883977151287212,0.9269902142130115,0.7821508511681929,0.6307598823954161,0.8302124186251976,0.919215519727603,0.21184911640623325,0.9059108774099978,0.9286129608539988
cg04410355,0.9637373508209854,0.9595000461808194,0.9436589228987742,0.9365258361173415,0.9479396015132089,0.9376517976035125,0.3176382503046776,0.9379800189506442,0.922823164007923,0.811011331121149,0.9251359085952809,0.9601394283109175,0.7343429876323504,0.30079530491534595,0.8166514288772477,0.8631066466826101,0.16794824000320807,0.9207278015366318,0.941238590911221
cg18450582,0.908370866699056,0.9109135285913529,0.9131889992421776,0.8912904101186632,0.8284493284493285,0.8850602834567627,0.8932273133664854,0.9400808547502165,0.8635827714104546,0.9073512996332324,0.9410283224467333,0.9362400796782011,0.8637527432333577,0.8085003266331363,0.9241985659656939,0.9230218097170422,0.6545779932379945,0.9004646054277248,0.9156485192063337
cg13851621,0.7414369940501158,0.5358943696827447,0.5398718352677904,0.6811322162811766,0.5917808780022965,0.6899124216812652,0.38467404229992685,0.5055970063242182,0.5571385886235811,0.54192120228588,0.43224439926963065,0.6240806483300045,0.39297649842796156,0.41909292255122477,0.42339947268115097,0.5447025191976083,0.24294829944037974,0.6168869724346094,0.6014311291057722
cg02555215,0.8183204320696567,0.9656752160491232,0.9665161364736488,0.9414223395337489,0.8139599155724372,0.9382552019823355,0.5930382557364671,0.9739856850513808,0.9336198898367218,0.9346747712344515,0.6360100435284919,0.8582237640513037,0.8643639559396092,0.8022711253332282,0.9671586028180525,0.9628622577290507,0.374028763517271,0.9212527129095645,0.9354432035929144
cg00101457,0.8845782578183726,0.8519933662703357,0.8362282759982413,0.7585498516980164,0.8055597527477781,0.6165360615269726,0.3073895351065026,0.8421051038494405,0.6552150872538691,0.6425548895793324,0.5177773651488974,0.8177531547712311,0.619438168868573,0.2865317225966492,0.6526038094333635,0.5672357156743951,0.16454383732970612,0.49302598204729975,0.7046420275351298
cg17228698,0.9194057227613608,0.9436198667089539,0.9442086767846165,0.5789223680269426,0.7563692170286661,0.8097776710052569,0.469163783416261,0.9317092093844388,0.6672995829030101,0.9058201950565019,0.7834424658423506,0.890479968252226,0.9111352451895186,0.6537637103420368,0.9217180231702605,0.47820793417251173,0.3133826063744742,0.6765321053832881,0.5265380194659157
cg17566718,0.950362791581239,0.950367827366356,0.9527440823539006,0.9520115097655226,0.8992855898240112,0.9495695392437642,0.8706764934228268,0.975717034729222,0.971238387353123,0.9687970301996589,0.9769568584865737,0.9666534022773119,0.9691762621789194,0.9462538103461895,0.9764183799396071,0.976834828529662,0.5750671553001131,0.9537038285143156,0.9561280824438719
cg26913833,0.9397555520591501,0.9176203100887881,0.869050994585169,0.7199294871355335,0.7076926376155833,0.7830046474574138,0.4650557075506129,0.9466604830999317,0.4631656740656093,0.9016878099375835,0.9578093003683723,0.9665557639258424,0.9156620665164654,0.4750160034876235,0.8761180451369558,0.39829324845525527,0.2735910413417879,0.6940936615195663,0.6534961901274792
cg23407151,0.9358058022382058,0.5689950429310876,0.5278655716862719,0.9311956850044433,0.7331516191541129,0.9333244953219927,0.22333280935613842,0.36510761067925634,0.9142842963106783,0.281884110704984,0.6868968343927422,0.9477482196184427,0.2586598892577953,0.2966122332690315,0.3482497836228875,0.9276182415843648,0.10133900937117052,0.9165918908965477,0.9182806366999513
cg11938080,0.8873829263056816,0.8865032185746632,0.8840198228078473,0.9008877839321225,0.8737465259475805,0.8962668829011764,0.6658291029915837,0.8681142626311329,0.8800398300473339,0.8741911196801416,0.9192129589816573,0.8856639376798732,0.8595195527995745,0.8575704566276694,0.8579303871881165,0.9004372095140523,0.43659556841332586,0.9047678336114225,0.9043044492315845
cg11795262,0.8990465247953996,0.8888025746020569,0.8665607167504894,0.9008961263195805,0.8748423652455055,0.8863950002989252,0.5992881380012524,0.8600311767574913,0.8703233255518994,0.7781415298716237,0.8167899273597058,0.8964101122499468,0.7542255903986465,0.6490705686872201,0.8394471729100279,0.8769652617577122,0.47688007539042565,0.8606982612359109,0.8971247679516151
cg04431254,0.6580640077986382,0.730687899335674,0.7162979923453685,0.6011939294172441,0.6463436533663555,0.54035176046953,0.3783711061790098,0.7566431676901033,0.5963219450940793,0.7048147706372484,0.47263963557525657,0.7004843949402083,0.6823787867604664,0.5949458144591742,0.7434717302832855,0.570538635871403,0.2650131093111312,0.48127953126771866,0.5729908756390163
cg06283478,0.8428361340378081,0.8683358409030465,0.8412389846121797,0.6286486483974436,0.691471675628673,0.570903895546836,0.295959068027295,0.8701274012256588,0.7700677864809911,0.7455723360166945,0.6967721868015935,0.8903337887503606,0.6379595556674732,0.6969668937507207,0.8394718168166954,0.75476062756154,0.1382356223262225,0.5134533294937815,0.5573848240047714
cg27587780,0.8943128709836063,0.8197420574001794,0.8438555021427784,0.8176952355031881,0.8525173163948749,0.8844036939931985,0.39071558155278696,0.7646486564401759,0.8311246688903458,0.6318246412142975,0.6461238856920681,0.896790618483204,0.5896884932973785,0.3563773214890097,0.7496138884752941,0.7563192099394084,0.22003493077837732,0.8068173662257394,0.7587775832769754
cg25740457,0.6838797514637204,0.5601850356422129,0.5199289757730219,0.6066783830528435,0.461468678537867,0.4170915346610603,0.207098582414929,0.6586201632929773,0.5907430183115943,0.4458291341145304,0.5985822309105682,0.7950132707529771,0.45150937526389345,0.19830460803060415,0.6076568022961288,0.5743734307095474,0.08381545636916132,0.4186169813779318,0.6716214568413595
cg14064959,0.9530205551822309,0.9410034400680468,0.9295720282612514,0.9529891655396303,0.9453725067333798,0.9521735820008003,0.8540382126862803,0.9352540765838084,0.9537107094012686,0.9407960231994812,0.950409489653903,0.979731787851104,0.9391746335860025,0.902547132432675,0.9236287262310772,0.9740704031531472,0.7400612828362825,0.9491946873458714,0.9675326142135127
cg06374811,0.9677932339189284,0.9315830954389632,0.9287379498004009,0.9677339335181815,0.9271560208410294,0.9674973562266255,0.8592922320807022,0.9514003058534904,0.9157831564726414,0.9758810052473216,0.9732690003931661,0.9700363076167028,0.9449560157037835,0.9809814053106128,0.9510419362015686,0.9583699209047609,0.7023596643500161,0.9643190931335976,0.9645519857820186
cg26329192,0.7734648030126408,0.7229298122590568,0.6980629207069353,0.7573959951717201,0.7404193860968297,0.7560147271359698,0.33197016875661056,0.782509862507693,0.6534752062602331,0.6630014404556672,0.7070582098666985,0.8587560347192537,0.6040777637308086,0.6045653383444243,0.7216452887293417,0.8023583544186248,0.19559620512927617,0.769109228948748,0.7856073326797243
cg24929556,0.9408453716356671,0.5612719380868314,0.8123019906622151,0.9291341506639691,0.7266543896832837,0.9284397360102432,0.4245314565227149,0.5359570759602865,0.9401496571701318,0.7694549717397906,0.9283339459199557,0.957447568746881,0.7497966182258056,0.7713462104271462,0.866060170100116,0.9396974829972291,0.26180831161198126,0.9281602374142315,0.9458431599747107
cg13752545,0.912748055435973,0.5114085044137011,0.7402346971330577,0.8784872980303418,0.7748723766049596,0.8775968744231091,0.4721745998064573,0.4402578826171645,0.6441290149359542,0.3993664316516038,0.8379014986187963,0.7916018806835843,0.3947576138549118,0.37286337875779957,0.5673089432663103,0.7651045411263842,0.258020568358311,0.739012022483358,0.7436501874563491
cg00901598,0.5858665047390976,0.583723779743914,0.5594907453343396,0.6046589735353851,0.591885369245413,0.591609525313769,0.2712832561045324,0.5174968384665171,0.580914212038981,0.45822904436070266,0.55429568764406,0.551475826419191,0.580531573499284,0.44708679550317204,0.4604946869816737,0.5645883081974559,0.14780011501912851,0.6336720836416052,0.5566589314057037
cg14449910,0.8597890167797122,0.8770345420505412,0.8572288691733065,0.4394310009705892,0.5651563491157955,0.6099035372068187,0.21390378223808273,0.8641667808044562,0.3035033009564124,0.7709197961160709,0.8104670866239454,0.8772882888676188,0.7424152535475964,0.6194617022565301,0.8270905340707893,0.4901661096867438,0.10555156735714327,0.5953179387615484,0.3873037491076655
cg04344923,0.8616088334355434,0.8821475338280227,0.878309744447458,0.8888872545764563,0.8460383539206988,0.8829184425611507,0.7246146697537696,0.8340364846396102,0.8480301766081113,0.8478564521328033,0.7662768372971164,0.8070506326103795,0.8322280395578825,0.8428580807751649,0.8557888822080786,0.7612200225066317,0.6178410510145976,0.8626585530514896,0.8963867556338915
cg02848456,0.4985255147561215,0.5223862024947847,0.4981154811762802,0.5006557790401227,0.517396179645677,0.5140657144205577,0.389182334644185,0.4890782474015885,0.5467598520662338,0.5024367792134766,0.533021670798322,0.5215138408046334,0.35048271631282935,0.3893172934849092,0.4232434283282857,0.45522939845236177,0.26757143609277795,0.45318441234414086,0.48593535064976456
cg01395261,0.9172743689513121,0.9153925002135475,0.8946100752403812,0.7700394130679146,0.8207383240540445,0.7043604650554443,0.5910507904669527,0.8761883947109605,0.8165999774715619,0.8517602393005063,0.8806251116810155,0.9005625458291577,0.8681032441392376,0.8549932067374906,0.8795427269395976,0.8185659169085948,0.46946478011918064,0.5570707309134922,0.6789835854060641
cg24716167,0.9139015277703832,0.8676762916075191,0.808657903770798,0.8445684484491274,0.7861204153230649,0.82118649919877,0.6985291521341901,0.8107175811971821,0.677699574916383,0.7532664412044537,0.8984214291173002,0.8845677817460127,0.7913228333398448,0.652895781486819,0.7558605714016084,0.682957569963007,0.512195878410037,0.6907557348094195,0.7211064530072949
cg03055021,0.940817150649659,0.9359456531413477,0.9336690205339784,0.9297773681061672,0.7215879664438165,0.9360296837217057,0.49971790438725217,0.9271622331087712,0.9217070782148176,0.9161549094767385,0.9425632265827977,0.9437927522498114,0.9115150688598503,0.88144997787247,0.9272871204735025,0.9389527974944637,0.3221956153616904,0.9220499725799163,0.9288748913592874
cg23983710,0.9549108933094764,0.9454931140896761,0.9377196330388672,0.9430636629514872,0.8987357630273966,0.9561684477845472,0.4934085326912232,0.9618111895593472,0.9561083907179441,0.5307069348651787,0.4274276339466263,0.9550298319661694,0.5816545718648696,0.48290174972282235,0.9071799226645039,0.9582256841959548,0.26035885695858635,0.9476098293308739,0.9393186543396181
cg26863864,0.9056654966731605,0.864630059822724,0.8413951260996815,0.8835606858873623,0.6716334689377528,0.8800006146689225,0.3050719189564372,0.8323089733963682,0.821339403195332,0.688194936350551,0.8334857337802368,0.8955339134286202,0.6690423496778539,0.29501852767127845,0.7752153363289289,0.876504702433485,0.13268322873702937,0.8518139444256738,0.8684443897202827
cg22120095,0.7665067965110557,0.7511223892250635,0.7187148617022072,0.7083324956912042,0.5891245013646861,0.7441522506118081,0.40378281129279725,0.46151006091932806,0.37057114179496153,0.5569795635607897,0.6877867008790225,0.4121603625359286,0.4325509414495744,0.33035390026138933,0.367994353345534,0.3941046164392683,0.20532551097925322,0.3885808471331844,0.4344731155459514
cg10081681,0.8923605506436765,0.8785039322112078,0.831949130738076,0.873071833098517,0.8490034826429936,0.8860516147429538,0.6333584594836433,0.9087123185792015,0.8729683472515903,0.9029194539971812,0.7946235479977433,0.9146265428063092,0.9183182884296224,0.7379147829499565,0.8701030031137063,0.914406192732699,0.5133694748822095,0.9007681437871757,0.9040190848058783
cg11251498,0.9287258013423858,0.9166586757385665,0.8701362359895877,0.8842756685968541,0.684732204830951,0.8904841796119289,0.15559508174288506,0.876380908423738,0.8016323617785368,0.509974215152792,0.3382882816609655,0.8749031086049925,0.39944675716726474,0.3822711868268276,0.8207058686662485,0.8292005669959106,0.05272428631819176,0.8171046597275855,0.8003108266557236
cg16041798,0.8803296413626953,0.7581461951366885,0.6909114174793483,0.8599731363137346,0.902478731765153,0.8624490502368662,0.28225959319031757,0.7300813314134182,0.8835362790835575,0.4667599943570289,0.9265816683406097,0.9228365060758588,0.2562840145096259,0.27036968069855877,0.5617850078208013,0.9120447495332022,0.1375094463277652,0.9092895791894828,0.9125929174563442
cg07478098,0.9627382531879255,0.9603016634601615,0.9429334287531107,0.9656661622867517,0.9448615991214202,0.9594425197242358,0.8632353848566567,0.962806992480431,0.9568039297978959,0.978833017006068,0.9800534809155712,0.9787144351521031,0.9705837874076181,0.9704006957790512,0.9663336524281532,0.909261236372382,0.7135551554036774,0.9583457432720411,0.9720760631471645
cg12011479,0.9182182665622388,0.9198786930150655,0.9096176818899815,0.9133830612311402,0.8555848599329959,0.9038657100564624,0.5142132254488302,0.9193592930129798,0.9208807482237358,0.923126782473425,0.9331623541644072,0.9215877381915851,0.9202021165030031,0.6767058193543266,0.901131532482534,0.9230935663543749,0.41603498271893286,0.9041502960410815,0.9143671894657385
cg22900360,0.8815266883808087,0.9054053793343335,0.8878117353606049,0.8956581159305905,0.7766696922141696,0.9143184752783835,0.3577346680983445,0.9322304388260274,0.9509148907215146,0.9443234316901815,0.9324929708722811,0.9283172304288325,0.9269746667579075,0.5086002673929224,0.9072101025123729,0.946983805889315,0.22552637908893955,0.9293448579440557,0.9369724731178071
cg08458637,0.8290695850633665,0.8932466842548087,0.8667818330622769,0.5624031171424632,0.818670061442632,0.7779966638559397,0.42602752983281456,0.8560245078419525,0.7766512673408722,0.7867677554365227,0.7587356841255912,0.8496189910238621,0.9096251883405352,0.4038520834371401,0.7523173841135223,0.6033759764952698,0.2433056326064626,0.7285844674843719,0.46690574270193075
cg25754852,0.94891963970453,0.9433180589388217,0.9448685277410852,0.9350437640193988,0.8051375962995931,0.9440620215999235,0.8613454970051093,0.9439440378131161,0.8828980728555533,0.9072993448040706,0.9238516965291095,0.9617294400774137,0.8770944126044947,0.8761825380189715,0.9384466730171623,0.9236193878872672,0.647972267836449,0.9381989484778541,0.9386819879584072
cg12956598,0.9049875924785727,0.7731260728590502,0.638080734122668,0.8686559427692646,0.8485473105614448,0.8433070912149911,0.5264102575325837,0.8451145958986731,0.8406344536250286,0.7946763979821831,0.8709329730949529,0.9381109757889914,0.8361819014191973,0.6547254027010104,0.7291922686638533,0.8125515681274921,0.4272554438217099,0.8208925105763485,0.8752342185178006
cg15763899,0.6224122809134741,0.617162178143078,0.5995914337986707,0.5349228917654945,0.5552756070202712,0.573131774271912,0.5453064036042409,0.6756942402717719,0.6243099301839731,0.6525480486740007,0.6883199207234465,0.7310233774105322,0.5136568634295661,0.5373047460263147,0.5788663739575378,0.5633256049025697,0.34662335355316165,0.5448610467108667,0.5275910882400477
cg05595142,0.8299514949339368,0.7089334070339438,0.6394005381423691,0.8148233792911037,0.6552649865810379,0.8334385336388008,0.1210536117579964,0.7071133836805799,0.7718513735782537,0.6649723673242469,0.7723574911309234,0.8912764829147133,0.616524814005057,0.27231929654438525,0.5870884347014822,0.864947752214366,0.04194642708132144,0.8451034473797404,0.8631952671474775
cg13775629,0.9464803027875957,0.9439119689390969,0.8829568793557194,0.9367994595587483,0.8255662068109813,0.9396351188729559,0.2832847238690683,0.9264640095722272,0.9182928519699763,0.9102971120181029,0.9121783191199868,0.9453528594685892,0.8907412854444418,0.4382322073183414,0.8081200340503158,0.9121643103067413,0.17688466170771172,0.9193866709504573,0.9323410916939996
cg15012214,0.936145730362897,0.9193222038453142,0.8266936664317454,0.8725867165327735,0.717016513248939,0.8772812149252689,0.5550033440015578,0.9305427738590624,0.8256364337987596,0.9470807428550997,0.9312053446001988,0.9472132538606468,0.9314064715586898,0.7798968109453323,0.7774736263959623,0.8351574528726372,0.3909296704877971,0.848952075119217,0.8441454849777911
cg16674248,0.938609627282308,0.936,0.936125171845368,0.8970796115290758,0.8317171462754235,0.893508940686117,0.7202546020253151,0.9301395699735948,0.8600178057884749,0.8442872989462008,0.7810134679482181,0.9209731625415309,0.8407929769014896,0.7647338603675289,0.9201885934056875,0.839408481329358,0.5720601233371183,0.8357017891331617,0.8674521354933726
cg11801011,0.6299241178100686,0.6212259125767152,0.6135341888113148,0.6141526231618041,0.595367191664349,0.622897491461335,0.2897502084062641,0.6228290535457673,0.5868988241655868,0.637778284509879,0.5829374179294797,0.6152040642149227,0.5533654208972117,0.56735201273617,0.6323769698765389,0.5687101124618203,0.15877623054142298,0.5922973851156866,0.6034170357533053
cg25029657,0.9224701050396964,0.9089313082746076,0.8974694129689387,0.9131860028979937,0.8747267171393607,0.9227932381631403,0.3416768688936245,0.9013365877853983,0.825533909999421,0.9247373665066387,0.9447105503399835,0.9296177205046083,0.9210533183033552,0.8372797040989619,0.8768361588939638,0.7871433532877041,0.1408944906631775,0.8951838591243229,0.9103367635024633
cg22086536,0.9485211232502734,0.950510630195632,0.9446629065975809,0.9222572637521689,0.6747475585465651,0.9306134748283814,0.4682010551672247,0.9372375716159775,0.8896893333512994,0.847853732351043,0.9160326806641632,0.9670632897180937,0.7140834213032263,0.5352196809138342,0.9276209620460578,0.8936789943390069,0.2604153734697119,0.9169866408014058,0.9299281880552639
cg05983405,0.9427373659746632,0.9449267554603893,0.9314721643817458,0.9361558929829684,0.810394164409197,0.9349911009998555,0.4645533474990478,0.946143537223213,0.9459770542849069,0.9374998827461545,0.927829213214572,0.9572418741585983,0.9366483478001157,0.5366385075782761,0.9056660230935294,0.9513474329567737,0.3051622536692114,0.9320790153277538,0.9394673664618762
cg04036920,0.9727396630735132,0.9675928694577337,0.9694214468937952,0.9541012609807213,0.8227625316108507,0.7407104261196408,0.9667925577183705,0.975034610868047,0.97267732541118,0.9646350101677992,0.9793405065126495,0.9789207147004834,0.973304309482695,0.9463246455527647,0.9626279304171275,0.95426923922754,0.9615040320110575,0.2300409830351126,0.9115548147626136
cg03479289,0.8275053088307911,0.8299596808305482,0.8282203438855555,0.7913048347120766,0.5831460353565554,0.5222717918675827,0.797883601307301,0.7991896829089302,0.7691875120650499,0.6106726361143899,0.5211002200686387,0.8392748377473986,0.525775504018779,0.5735500042094048,0.777818307083112,0.7288671488915424,0.7440424838331241,0.1742175145585549,0.7603603465327433
cg21772826,0.9428599082190183,0.9402749621782547,0.9296865571549842,0.9105387305963786,0.7691352984495338,0.7036772825287465,0.949367274161629,0.9663112303130903,0.948441734670511,0.9736521660656363,0.9602374472301665,0.9559782724375552,0.9761341267156465,0.9754285008778486,0.9644374223925412,0.9103429405943019,0.9528960278714622,0.3163379011505201,0.839569937050277
cg10919111,0.9296596668482533,0.9276075539413154,0.921526607788401,0.8337119583849115,0.7938736460991974,0.5615363341046176,0.9298632512232139,0.9189839568590061,0.694079665419507,0.9466980135909167,0.951143625666027,0.8617666998829492,0.9252337051397573,0.9523375719508017,0.8867633845120767,0.5446733201052572,0.923102913446207,0.21757985058779677,0.5765315090368366
cg14422240,0.9783064004915984,0.9764868692741694,0.977271558310108,0.881117571487527,0.9402754142465101,0.6986403531482928,0.9771599476260174,0.9852972138957775,0.9308855805831133,0.9809457699230624,0.9041012940670745,0.9824452712684708,0.9907677019291254,0.9872510386652107,0.982991545098998,0.8040606308977503,0.975888120143958,0.45499317906306785,0.7935829428068804
cg04868238,0.9151140047671853,0.8332288643109248,0.8342665471390611,0.7855255104228958,0.7960950774343293,0.5474302602057186,0.581570660338764,0.8623775322523397,0.6583719807656416,0.6813176468402337,0.9425496937685471,0.9087991405013718,0.656340035181703,0.6141111635085781,0.7978005854232948,0.5926736059560058,0.5361540502397053,0.3056273164272789,0.6498776620325178
cg21127580,0.925844026216083,0.9297196341764633,0.9253099938543711,0.9182542239929616,0.8911534223071859,0.8237640974333503,0.9351189975276684,0.9668278827011547,0.9494520276977174,0.9636744733051792,0.9600457987824511,0.9520370708053704,0.975485560909394,0.9490411864282746,0.9764768605931908,0.7518527696076027,0.9263575904012238,0.5578166143938852,0.9250505194345364
cg14303526,0.9542076177069803,0.9531713465495237,0.9534879998473447,0.93131840571544,0.7341377637633928,0.7558532632162778,0.9359855100838639,0.9498085473269213,0.9188922473247373,0.8915209392711558,0.8168803822342965,0.9459913382863998,0.8836690634489416,0.7911102899917443,0.939920521530057,0.8678559429081347,0.9106659322189522,0.5066266215666884,0.9417971803645881
cg01044849,0.9385039483610589,0.9321689532051111,0.9458888755737005,0.916915828042056,0.7964538197362669,0.5161735094663713,0.9461980196570814,0.9457004305472418,0.9449988719019744,0.9605798040341209,0.952018603184633,0.932495299511868,0.9668117228254202,0.9239978697147058,0.9541570010864627,0.611302639119701,0.9415195060983139,0.22344639261237514,0.9225512596325216
cg25001190,0.9338315907365725,0.9273570660942254,0.927945239191126,0.8817126614207869,0.9224467761724531,0.7767603491817582,0.9022768777705678,0.8932018262190144,0.85372950188854,0.795634094111044,0.9155838318288976,0.9092133092515604,0.7966090394761263,0.8354120665870921,0.9201653534085816,0.73175939477718,0.8937492947991773,0.46047981613961153,0.7680665625489294
cg26120971,0.8462032563674702,0.8406507167926416,0.8263813465380885,0.7889054234139778,0.8012812719810366,0.6493420099576734,0.8167245781320851,0.8747817708199037,0.8686070388439086,0.8959863903138569,0.9245908398710325,0.9303468945232325,0.8920504321544039,0.8384928203750555,0.8454673372522536,0.7582392287772053,0.8720461076145003,0.3753112261419685,0.6978775469505801
cg05515099,0.8851325265319651,0.8020276091609307,0.8075693821208393,0.7543124895257469,0.6511197764579694,0.3781046057038624,0.5401000698694405,0.5731266005360118,0.46174582552265264,0.3806923644664785,0.43219721757633955,0.5911609698194675,0.49406875658805327,0.3026821281521591,0.49590631591166795,0.39644779035993194,0.2733641767577064,0.08602724867968053,0.4466590947561109
cg08783253,0.8562661388376308,0.9553811560152834,0.9595764506840889,0.7127067596168395,0.6088535030018107,0.4668696395495455,0.8808952050331275,0.8855696106404256,0.37847897372262007,0.9161782781652162,0.8944408780676057,0.6540007634563993,0.9348738073248761,0.9301978001955069,0.8935172353780287,0.4340109041251189,0.6712931657307873,0.18981588624096488,0.449799614906775
cg16307793,0.9566547404642857,0.9590995308179118,0.961941523423516,0.820197693240017,0.8249753459383132,0.710081740005098,0.9623458529203848,0.9718741992807589,0.9584562020317745,0.9737619464448561,0.9732182767307967,0.9808692586614824,0.9737152145480265,0.9674875373392793,0.9626306988086011,0.85931766789911,0.962712116885492,0.5041424697715154,0.6591298420619579
cg01964337,0.9687734940301339,0.9633915666717833,0.9636893272567488,0.9071193645872966,0.9274714980038696,0.8343706497701551,0.9528033278226891,0.954092696044631,0.8441936514313721,0.9063454792815957,0.9478400628688812,0.967683453133034,0.8967634219120468,0.9377065678335011,0.9503065618735922,0.7371496132289191,0.9319087917314567,0.46694947552225985,0.6726840562494023
cg02102075,0.8141358388992999,0.8260360239439366,0.8172935301707249,0.5561333291130807,0.7668425265355596,0.4837985993118017,0.811628953961384,0.8321008563591141,0.7913462461400391,0.8938839624894636,0.9297909404710998,0.8194543481201788,0.9034657204653146,0.898750332036196,0.8102920975323835,0.7202663954854926,0.850313591348566,0.21533926977570766,0.3723862006861318
cg21268659,0.954193675728649,0.9492135855355767,0.9495351121573667,0.9173088211510056,0.9490578362657851,0.8458975942226432,0.953869206520852,0.9641557810855127,0.9598624801052413,0.9628538764472108,0.9515170298467113,0.9680469730135668,0.9392417468245311,0.9561784718467035,0.9521738091674845,0.9259845181488414,0.953144760339824,0.6528550611038253,0.8736890216153446
cg20977312,0.9613210978995436,0.966635356048783,0.9688575655196991,0.8155803297601854,0.7958389843650187,0.34688709492518904,0.9514910069564552,0.9665362971238949,0.9272280731150645,0.8230800171970205,0.9496677374630467,0.9770089966736882,0.7738201642146624,0.782013968552862,0.9439417758030506,0.6172262302316094,0.9239441676077134,0.1659120514496577,0.7981237888628168
cg04252203,0.9028475924524911,0.9616092536071255,0.9632452726634767,0.5971532061152252,0.6082775196395288,0.23552182006067202,0.9383029099056482,0.9314044883551353,0.8599294243007585,0.8676672253791675,0.3759539487473731,0.8667301135705858,0.7270495872953213,0.7613618124376842,0.9239564908562972,0.25846483410920773,0.8828103386845727,0.07381587639585724,0.47904511412529094
cg09641127,0.966285982988519,0.9671240872998665,0.9634437639972535,0.9679375768748977,0.9203624982906554,0.8801614913787913,0.9615329937089636,0.9681506598405556,0.9576413299235045,0.9647354897843047,0.9581471556492089,0.9674585536289233,0.9612195206486238,0.9555186051499178,0.9621367224359108,0.9585415209919316,0.9654272332159046,0.6570795335586217,0.9610709304015488
cg21471199,0.9303149717979142,0.9300306056425205,0.9430154221589288,0.6153894179680144,0.8049162453195948,0.317909758518132,0.9249192607980359,0.9443015945789023,0.7359775128516057,0.9150171428691533,0.9471516132597044,0.9579129797321317,0.9022562218533428,0.8639064605300086,0.9314886276140613,0.5306467345174433,0.896481827787317,0.14363617272145257,0.44445795549944656
cg21163444,0.9173313057778439,0.9267073119563924,0.9216795457232689,0.5697958723649039,0.6787700279491641,0.45569138896797323,0.9018797785279056,0.8360446281448968,0.47648914514033774,0.8756840861869746,0.8771585754108624,0.6613206566496073,0.874897698784663,0.8656565309706948,0.796815116573425,0.4957818199546158,0.7126500156311556,0.1813546124527622,0.31564342886191327
cg09746261,0.7666594070755364,0.8429748959190223,0.8145713949383859,0.6893778876166694,0.5918522196596095,0.5946791814974142,0.7700515613873311,0.8387099912349921,0.7176509424109891,0.7512781842541845,0.6475196544130132,0.7926081952651718,0.6438980591841027,0.6909675708749091,0.7882008102194853,0.5956890604259508,0.7929182223541285,0.3347388572034685,0.5456207006175706
cg07134632,0.9218930617202539,0.9191706730769231,0.908343905072329,0.9081806317625541,0.9009130282102306,0.7350478676990736,0.9037881285479255,0.8998008273326183,0.8674232154450836,0.8963090621858394,0.889767602281222,0.8817312386493875,0.9119976388410644,0.9217071184798662,0.9185129854077996,0.7630275414086058,0.8352127949392096,0.5957623191802126,0.8325644789263996
cg07102397,0.9336988053961968,0.949537870988798,0.9479492393141413,0.8844271385081639,0.9033361869407597,0.3511323473134011,0.9534839129754055,0.944843730703612,0.9422776124228963,0.9658385816215466,0.8865913733985291,0.9452135616897428,0.9571470088077114,0.9517879913540739,0.9507683734840415,0.7933183044353214,0.9655826075922362,0.13800645412248708,0.8905353366232669
cg09642075,0.9389003770216415,0.9336226293363978,0.9371684150205106,0.7979987893191622,0.888459907812318,0.5679116717709711,0.9393310344582804,0.9245884297060643,0.8855859497350078,0.9322274716351275,0.9595282934203586,0.9425062148534937,0.923898550827704,0.9474052076918826,0.936413281859003,0.7417546354198462,0.9257121333621591,0.37120981566453104,0.7322420075956848
cg15029631,0.9349541476420253,0.9353520060560182,0.9320908777259937,0.8500607012782975,0.7371959026888605,0.4857286443322727,0.9274707152563527,0.9547127540406465,0.9449771812713796,0.8829331844407221,0.7973441483889245,0.949774362570196,0.8489777973180919,0.8106408724617895,0.9358376774525686,0.9112309706974233,0.9274883451901543,0.18827531906262107,0.6287473667152812
cg09485853,0.8567379027505511,0.8717839270472347,0.8828692916898774,0.6031953993577006,0.5420275036804473,0.36481504896456046,0.7307732663157157,0.8715731279516304,0.6511272529840741,0.7800739944277978,0.6481872425188724,0.83581975993639,0.6942001420267772,0.7343816970543942,0.8554621960370892,0.39156955981289093,0.7174887596769004,0.20675493490635838,0.5500651871837734
cg06494464,0.8958921124520371,0.8989649922309886,0.8919538582526501,0.8834481058953112,0.8514574559961251,0.5040465529933154,0.9038409991611509,0.8967145590477319,0.9357296632268678,0.9254787728499312,0.9390634616390197,0.9106555539434619,0.8785629649655673,0.890782809287689,0.8745224298642789,0.9033473477047215,0.9233049719986969,0.3343524709318981,0.8999810677749295
cg03445151,0.9132006580600471,0.9169807673721851,0.9203917375425867,0.8952630323402391,0.790096463022508,0.8892613875274384,0.8999638972597639,0.9299917149958575,0.9150715433759351,0.8390855620907779,0.8894130736233898,0.9302577585117373,0.7962452506891157,0.8215492690144273,0.9249011887234262,0.8965299180235826,0.9024979869728885,0.5488138491270811,0.8430489731437599
cg16678522,0.9210162055923571,0.9334975267330818,0.9248017715545285,0.8051020225586767,0.6825274647987649,0.4487004177669089,0.9157357366345229,0.9178599120151268,0.7215779071104933,0.9193673611134634,0.8799200237978585,0.8809394650897145,0.8865842063998339,0.8989201616364447,0.8793392267898931,0.4730880730752532,0.9024269337495794,0.2762741888440353,0.7153371294004104
cg17944885,0.9621776499793475,0.9687454495781161,0.9669611592654345,0.9406066663531195,0.9409280862722975,0.9217503900131943,0.9629693905524361,0.9763746597090626,0.960647690032557,0.9582097270852822,0.970232916235707,0.9818261575540292,0.9386708485403473,0.9405920238114861,0.9694448088381671,0.9284117233849811,0.9555149688172482,0.7265764635171182,0.9206960572683267
cg01797169,0.814154015425487,0.892288297549464,0.8861847827117784,0.47631497976797116,0.5352484357232135,0.2539003880292119,0.7821100325075092,0.8134424112082093,0.25525887565416794,0.8999446392549898,0.6851008665991317,0.5091332634469887,0.880906223875125,0.8649784177380521,0.7567214245374028,0.2592018448231166,0.49131370211615516,0.07707517555032634,0.1658322575891134
cg21507987,0.9489723348619248,0.9444761066734255,0.9503310525225669,0.9042548328992157,0.9296074187694303,0.8291617569044675,0.9507935812038406,0.9347968797469451,0.8965899692257114,0.9471319501364486,0.9746356602965249,0.9685828929959772,0.9614954924026285,0.9177441943476508,0.9420703742917957,0.7171787792363942,0.9120572610767764,0.5769094613704299,0.8244185850010464
cg04641400,0.9421093760918171,0.9410488720006067,0.9426528185995656,0.9459094521685387,0.9389861043589356,0.7430287362835943,0.9487317031780651,0.953748089307589,0.9627782399153305,0.9591886818645353,0.9565949636799493,0.9503437650391175,0.9752925307490907,0.9457673996971665,0.9528203249541511,0.9702242485104067,0.9491271276196638,0.5410912767314262,0.9470860352861965
cg01426713,0.826998558606261,0.8558133505446965,0.8424877663412758,0.712552887973473,0.6684145908204506,0.33270387677142044,0.8221381945170814,0.8088386012731985,0.5738416013047527,0.7222408443025546,0.5270252680331085,0.7600717497030798,0.6302023428894113,0.7615742585090957,0.6866906357170126,0.5951515048471656,0.7245676661900446,0.13102815357078057,0.5687323319270796
cg06616081,0.9112010737362118,0.9117970745909384,0.899407229301793,0.7682552549145774,0.6528712047834141,0.6104629324074646,0.8863881032922398,0.8956837877572246,0.81048032992842,0.8867242048428078,0.7329093749606612,0.8865054560500489,0.8809179855861324,0.8590610805435329,0.8674043041403818,0.8058684203424336,0.8623969052095268,0.378355778854787,0.7347134184593741
cg16517753,0.9483260216328386,0.9469592852182284,0.9474902529533151,0.8649263539304852,0.870670233569411,0.6876583108798267,0.9433556675195602,0.9466697440610748,0.9534058556418419,0.9497032536965158,0.9651359962299557,0.9654903247175917,0.9307706979541748,0.9499901999165992,0.9285439466417374,0.8049009146084851,0.9473772655458208,0.46539153734166083,0.8130304969116069
cg17962756,0.6934789924789587,0.6907414671850118,0.6736220109036855,0.5664093151702014,0.5371104837390162,0.4057489403990751,0.6662991614278525,0.8826666027413621,0.7990781926034303,0.7488601089889899,0.8196997735268644,0.9459778270832169,0.6822132287860003,0.68574837291719,0.8786585712510016,0.7187493536414163,0.8682816139971249,0.25744298848609304,0.5458993244065582
cg19946376,0.8957938945896573,0.9035280619562099,0.8962871362090026,0.6835277289511248,0.705684421534937,0.5769074840733405,0.8329611501121499,0.8681562938699111,0.6526362107863605,0.7473366938627033,0.7363403965294577,0.8533433554042816,0.7747438038175687,0.669201487694383,0.8556782233623841,0.5987738557391065,0.7836376320288905,0.44809212707534407,0.5837366124553749
cg08879579,0.7017504897621232,0.6922733004473977,0.6845278119739054,0.4587454812605102,0.5453000605544979,0.28312702300293696,0.6764803808066047,0.717672992017113,0.7678868638975923,0.6152481979147433,0.7030240500066254,0.7226966575059118,0.5223477489098866,0.5890727955081185,0.6906910264865036,0.35292961092714714,0.6988488087800557,0.1594246269562917,0.36256651717680255
cg14547461,0.9013104680227946,0.9158372614888228,0.8915820868887276,0.7458335176262473,0.7842112610206033,0.2762068487182402,0.8830687516026345,0.8341634708965635,0.3602731096897342,0.8724249127198439,0.8048576327582475,0.7991219800704689,0.9263705253000071,0.9227362805313166,0.853796905106462,0.31372736746575736,0.7444354009333338,0.13824543369168035,0.594891191212214
cg00441899,0.92664965260045,0.9303544831694965,0.9288189472405557,0.8568962313609494,0.84323358642251,0.7504455821031755,0.9223229577579964,0.9348102877514642,0.9079818284438362,0.9136646345218301,0.9303674326012465,0.9491845529494665,0.8916216610713764,0.883264476669577,0.9177661522192959,0.8508869955430465,0.9311002555598499,0.5944660647380382,0.8174730566383857
cg04399899,0.9454587319556567,0.9323230150597912,0.9344513691204439,0.5642456606633277,0.8906342596605603,0.21477486695118264,0.5730415863740566,0.9324358417893495,0.9209904285282844,0.7744968673255893,0.3366507212606044,0.9244652423751427,0.672864357800393,0.5450529562677313,0.8677585929382854,0.561744800310785,0.5780699191866212,0.08145082257064351,0.4877899813147212
cg20157339,0.958943187787648,0.9554462741111518,0.9605263490280581,0.8466876236995379,0.8188410237031135,0.6681941677267274,0.955395119776969,0.9669431799161354,0.9400820102884148,0.971596229765605,0.9621412784548016,0.969610507363412,0.9611321343695622,0.9595871495271339,0.953540592296364,0.8236487833214874,0.957849456701567,0.4934650026054823,0.743121900375715
cg25234117,0.8045602892348953,0.8171010529127547,0.8053186982855799,0.4329837662375764,0.5338719868956535,0.20018122981403313,0.7241652155755149,0.7932518926337166,0.3743990064193362,0.5277254905721156,0.42843322050508437,0.7577530041222659,0.4209013174750681,0.46068020728298176,0.730524556956871,0.22170365296009076,0.6264771084555583,0.061712578335667956,0.24624054523921782
cg01608493,0.9460857850038407,0.9436659998940528,0.9415591314723856,0.9055383891741488,0.7866390826676918,0.7265326213753476,0.9433121174767294,0.9714845548058881,0.9513201796565657,0.9565930725002576,0.9073478913370573,0.9634320567526233,0.9521797619549056,0.9303260227456542,0.972583147535562,0.8761352406865082,0.9387765805473796,0.4751148801207273,0.9164487300004815
cg05891054,0.9559452040503922,0.8891118794965086,0.9457502831737843,0.6764474640627911,0.813404390595515,0.42584703991603545,0.9187752589366465,0.8882917334810235,0.436680713110058,0.602769434290943,0.8861934059968616,0.7793482339366145,0.3993586800387774,0.6842723673183733,0.9009466768104971,0.3548810356109521,0.7924415320348943,0.2271752956996678,0.4358332141155363
cg24435741,0.9451151600131038,0.952146782317095,0.9528587821312227,0.9098728628578161,0.8480594981199455,0.45014518141284465,0.919427656003431,0.9380654785222241,0.7369775024017654,0.9447333103776209,0.9517292767236639,0.8742222406330296,0.9280214833767508,0.8963534162609335,0.8991560926275828,0.7101146638247934,0.8348362972766923,0.2692737579849281,0.7854734110163016
cg12684668,0.937190804588173,0.929462196341185,0.9309427682809186,0.6807900348504179,0.7884988561940329,0.47652651765517096,0.9313311710922374,0.9191579187670843,0.8548760646487037,0.9524054372271306,0.957594925643543,0.9396589400968143,0.9318131922544721,0.9399632069993642,0.933351047961517,0.660359019483335,0.9340755981296595,0.2728317294988934,0.4412285427877084
cg24333621,0.9257912510371558,0.9319557370473892,0.9206000063919767,0.7618765083408608,0.8514779175253542,0.5626756037723033,0.9177074536023608,0.9537448958587968,0.6610514614160163,0.9298448734488355,0.958198789724751,0.8671857119747227,0.9059143891158066,0.9087554617218361,0.9362443611151394,0.6946596535437826,0.8994862709737914,0.3521105419197207,0.5480299481216291
cg25338454,0.9629586443107333,0.9223894889505827,0.9469691283800716,0.6664121774076834,0.7968511232007355,0.44097622158740213,0.9570507787864255,0.9399869639499605,0.8006484718395414,0.9578557453188743,0.972204851665729,0.974722160240824,0.9726414169063856,0.9732506866914321,0.9606061743243154,0.4835541157173133,0.9641816150699052,0.28385093389197225,0.6543661031396848
cg04404772,0.7986273123954529,0.8045766480995551,0.7864583022512461,0.7509515438599168,0.8120887634282817,0.5721968958551666,0.799220296904823,0.7908608072321623,0.6972822351370829,0.7916212961383987,0.8615872940482763,0.8222938610407028,0.7307968289654491,0.7593019135248144,0.7575167926909028,0.6104421964944329,0.8161322877491629,0.3962863088102725,0.6838695428465764
cg15151059,0.9665481717586706,0.967272337090222,0.9713629157970272,0.809317343110554,0.8639371759090672,0.7733253565942644,0.9348804760391969,0.9804370113457767,0.7678979126146748,0.9308205444294692,0.9341068756479084,0.9767923834502776,0.9379504364416087,0.9019821687694098,0.9687032765343144,0.7251106323433207,0.9248312718832619,0.6561715832994952,0.7626965150743644
cg06502279,0.7723157239455662,0.804050415705057,0.7924215251628991,0.4614830587751153,0.6592998991744972,0.29171938954231874,0.7906329793605961,0.7908939971070994,0.7503928666138338,0.8492765934659399,0.8350511431788247,0.779436431127932,0.8249285715508428,0.877151110864349,0.757663989807569,0.5614204344713468,0.7419459753740338,0.11219921845023273,0.27307332176283905
cg26286239,0.9489877270460958,0.947831625513152,0.9581341720650943,0.8210767031694483,0.9534691837388952,0.7994825036971238,0.9592303701327356,0.9839848479036455,0.7554882525491515,0.9820903642851415,0.9728484412641085,0.9641872422760981,0.9901735789132542,0.9918972874697157,0.9814635925013079,0.6197146306113346,0.9657853448376679,0.5125297227208487,0.7034889789338901
cg20799095,0.9403612878294834,0.9385166974734843,0.9438631468684153,0.9292629822103118,0.873486608787721,0.8808089431706553,0.9405240013118846,0.9640196118473094,0.958028387812137,0.9638510951742578,0.9600976267123915,0.9595505509355058,0.9215688479808101,0.9447751138364208,0.9643242788064809,0.9606002785839781,0.9435632149569493,0.6252224229022234,0.9425558238927247
cg14402562,0.9280782380414678,0.9228611588293524,0.9299440672103338,0.8199389210051572,0.8598110180263098,0.7448337247118408,0.9287593356409696,0.9253912817959269,0.8332999561354797,0.9182846365228134,0.9375746523340123,0.9417327688085446,0.9235474574841449,0.9222640355728351,0.9240227351152466,0.7660479310172197,0.9150987448337674,0.6098292200265409,0.8033965817621698
cg03529189,0.9030867547419095,0.9270171380543247,0.9290694275558458,0.672924052791911,0.7074101124950997,0.4375998680410484,0.9120552610164898,0.932661166040163,0.816625200889833,0.8844093540428144,0.857470709654663,0.9149042911881828,0.9345026285562386,0.8794916061398428,0.9345436690536044,0.8200661278350165,0.8715608176034968,0.2520003309857251,0.5855910741522713
cg22137815,0.9311689587433583,0.9253330214807162,0.9084672325698788,0.9445005129474575,0.8964566250271597,0.6882203536912872,0.9273800509107709,0.9009762804982049,0.9533121329831573,0.6926543133946393,0.6072254714100841,0.9293879824590578,0.5703343555162732,0.5805953843184947,0.8992061118164023,0.6302340466186682,0.9296123247315747,0.4261169204268661,0.9580620240421466
cg07079231,0.9531797011194768,0.943586621998916,0.9494091905249067,0.8591152595123958,0.915002180670593,0.3897705740927001,0.9527344002917079,0.9681999501112094,0.9588772514645112,0.9698810854000263,0.9725194596991384,0.969029269350985,0.9720553264797706,0.954798313014561,0.947735963406086,0.8054060100411728,0.9681087672579478,0.22046133755195202,0.8727271331381354
cg08504583,0.9562652343222501,0.9584832041724451,0.9497447558446341,0.9123675347061664,0.8126085370140315,0.6021833397065068,0.6671399928758894,0.9511271840955102,0.9537367821726064,0.9336447272941151,0.9706970998073842,0.9703593973672824,0.9494364381034103,0.7116303463277289,0.9241740845559048,0.9165889443168325,0.6439927169047392,0.3892453297227918,0.9028896432671664
cg00013899,0.9754243293575082,0.964055433643278,0.9667168941168995,0.9567985171612869,0.9286518204261539,0.8951766860565791,0.9690465018209644,0.9730623982888892,0.9840449779308424,0.9528634748766659,0.980836282438341,0.9754861113679345,0.9740043457919152,0.9615150395217902,0.9721940605538626,0.9778534337325109,0.9650941645357611,0.6306447125257956,0.9080646606148982
cg27466532,0.9051627078650233,0.8997506234413966,0.9105735914026487,0.8227930844325576,0.7304915125411705,0.44675765086984076,0.9007627257031988,0.9173290937996821,0.8869042845376949,0.9018879932117098,0.8791361165943021,0.9230683113828217,0.8839832789326003,0.874994149888953,0.9213674761996048,0.7615563713173097,0.9100040611837487,0.3050339669201896,0.8194458043669832
cg13441156,0.9263219557504694,0.9201532828383409,0.9143668684131464,0.7281001556887587,0.7034697237390377,0.26070218523006716,0.9164550517519102,0.9489903758712891,0.9016806741365707,0.960646320682823,0.9385651272676676,0.9225216971914002,0.9780535285937195,0.9420014453878418,0.9370105414693097,0.6759072258303678,0.9325665649968795,0.16891722119899172,0.7145528761582564
cg23817627,0.9179556248451358,0.9235991216255135,0.9277569496715563,0.9035803654460581,0.7682994443753167,0.8809824120969274,0.9026086842758698,0.9149599855276795,0.7382835921837603,0.922981693816509,0.8586582689980047,0.8668404767290785,0.9262930292602838,0.8409879587462886,0.9215283246029794,0.7443763918751232,0.8500187051117893,0.4736199359559733,0.9073582639178451
cg18007373,0.9017445845759402,0.9011616030110374,0.924880891260306,0.8716893857104901,0.9077708031534686,0.7276192110499378,0.9307804949168013,0.9689037879546321,0.9608463062679755,0.979034045866949,0.9731512159895215,0.9700451589912424,0.962980750663559,0.9768869160439635,0.9598267845401418,0.8135533972595683,0.9589533159130399,0.5697288007390144,0.9210412562972137
cg08670658,0.9378534066093063,0.9670766389403096,0.9674647338952389,0.5940622861252396,0.8617525438586149,0.19627740029884702,0.9625193521579133,0.9652175803802123,0.8267128835504138,0.9467522439169802,0.9658396089719379,0.9346307960502158,0.9520454825449148,0.9526787018440688,0.9526100887360145,0.3010242795410989,0.9571799919152642,0.0812326438001828,0.4399740760139199
cg14096415,0.32032167410222234,0.6726735223267712,0.6351259702167061,0.3368061628509368,0.4599294397129094,0.2363973917288196,0.5551933000570737,0.5207364960295124,0.40116287874561873,0.5208351246286113,0.29760420826829653,0.3412148705601855,0.4044473717871091,0.42724300938222093,0.48528082815112084,0.29568287969751583,0.42564498029513104,0.11514380740365353,0.2374042652241773
cg22856834,0.5237325235869925,0.5608534391968499,0.5354323736236867,0.4686574370337858,0.49367578553283453,0.35602108746292516,0.5478222780656621,0.5065790805355137,0.27205819834407474,0.5457402256697146,0.5610745478382275,0.4418088227249032,0.5259969813596679,0.5465252642838527,0.44907298341185353,0.30204287159400733,0.434432023692539,0.13633759299256926,0.2749392846831809
cg09446910,0.9673063032063212,0.9621371234999325,0.95937728055061,0.8732532756453826,0.9198029315754803,0.8024221147058165,0.9455921520782554,0.9742185616770535,0.8509692636182211,0.962791321333266,0.9724173347555111,0.9799692670572561,0.9749641397532999,0.951768333349605,0.9750879472976244,0.7545485552390909,0.9445537481638411,0.6873161539952881,0.8444889823075862
cg11396411,0.9594094821927945,0.9624103854269381,0.9600615408826436,0.9427682089086513,0.9056162137099631,0.9183665402876253,0.9609282437116345,0.9651600728395999,0.9594599920544122,0.9748208137004052,0.9710743037212255,0.9748729776122842,0.9629881174711358,0.949682762098095,0.9670357944583396,0.9587821788469761,0.9592364543466022,0.7745405145074201,0.9119996711674323
cg23840027,0.7643683768070015,0.9519805129047797,0.9530158535989924,0.6625951535539011,0.8104938437240586,0.513878755128449,0.9051594334815865,0.9482487940512212,0.5003468497869004,0.940859059627144,0.8627572666537857,0.5316040958081039,0.9427117354659621,0.9370288348558786,0.9293107003016436,0.42515241855676644,0.7079511135538978,0.20474148153377078,0.2623383125801775
cg13450944,0.9597093911181698,0.9597274215934443,0.9501170738729661,0.9358596822594638,0.8909705071296626,0.7984143163661945,0.9619684138894634,0.9732006765068762,0.9362962141121073,0.9829027404459096,0.9749671918730023,0.9703086251955413,0.9730929036442248,0.9707631987599186,0.9708770686722252,0.8687550061808025,0.972739156065275,0.6834452600328929,0.945271529654141
cg05382012,0.9412647177443122,0.9424331770683447,0.9433145194951993,0.4091890675995865,0.8029924139943136,0.2790839690188882,0.9244357430173884,0.9462790188284915,0.857383314643467,0.9223020364626839,0.9267988366914018,0.9447589178157344,0.9159293671420865,0.9196096079874891,0.9277504855929549,0.6200574911283363,0.9208344931671788,0.19156949793825062,0.2934664209653406
cg09978734,0.9454494129051516,0.9400505255574806,0.9418437110646272,0.7772429854544303,0.8481521124548352,0.5691698917106718,0.9424377955196618,0.9615479951378322,0.9114423739736961,0.9467569355944802,0.92183397914404,0.9568437996573451,0.9439719726824094,0.9229298543070897,0.9474997639458456,0.8683552444933164,0.9404695783773867,0.412274445868996,0.7344595417090137
cg15219811,0.9366217949646821,0.9391320954384372,0.9390039661379055,0.5432294657701124,0.9101203167738127,0.38157978119424163,0.9203196181451583,0.9415931185965996,0.7358442581762459,0.955802672530413,0.9573869134928699,0.9552091918818097,0.9709465291933043,0.9470989302482702,0.9495059513095192,0.41543973708313153,0.9135222662958786,0.25057657033178005,0.46637230083203873
cg09478591,0.6762898924017503,0.49951894146097453,0.45958822782771047,0.5058232000278851,0.571170796889324,0.3128329129840025,0.5498871718014609,0.46360280250812586,0.48269230362506366,0.4672865168716407,0.5725592052806885,0.6454513376253475,0.3783651035939908,0.35328369681347394,0.3931104549256149,0.357143275198862,0.5118595902394765,0.18252471282725208,0.44192481319310284
cg06710464,0.9299265070604321,0.9348539575115123,0.9295812505379819,0.9191729007647051,0.8937578424481187,0.7434882763792345,0.9383042631884926,0.8894760208410043,0.9220158192132428,0.9281097194691058,0.9291041715231722,0.9354569172278515,0.9132204857992066,0.9125837375426765,0.9004727064182013,0.824969942024664,0.9269114846839387,0.6161848858794752,0.9101833870485178
cg18559579,0.927947934060226,0.935064935064935,0.9375344769200369,0.8244503373185009,0.8156537058009312,0.680094973473752,0.915937388672657,0.8006644518272426,0.5067578274803006,0.8702677386620873,0.8122414805910406,0.7479056059425535,0.8465156242934021,0.8790305157300364,0.7560454740667296,0.5257071986531892,0.7600945495637876,0.2876356167767383,0.5831581055371984
cg12461099,0.8910773794200675,0.9034220799640631,0.8977276882972238,0.7451924423802097,0.7533303069252645,0.5245633861831975,0.8756174395564614,0.8696905795089139,0.8104373272518206,0.8112790867552678,0.7094680086353005,0.8785212561979784,0.6785457836421087,0.7123615661541276,0.8359862059591148,0.49070193396973366,0.8569125248636191,0.37360764522878526,0.6769520897307566
cg26246947,0.7759187573537054,0.5468658230510899,0.5091656356741802,0.5289294653490852,0.6599122430269947,0.3718633149762002,0.7479799596317522,0.4296468496019616,0.6043630840263862,0.577446789035212,0.8262675384271032,0.8244604748646149,0.5927408930452234,0.6009484170859645,0.375184638461679,0.4833512932314783,0.7656972501854782,0.25605088105836604,0.4806749324664691
cg20898283,0.9378312766483514,0.9326960687236158,0.9341251147005076,0.9228427609259131,0.8793236061208849,0.7661126304066548,0.9369918352738645,0.9207647479909802,0.9330875484690573,0.939985914119134,0.9601745332115765,0.9377283201593966,0.9070678743022587,0.9306304350392837,0.929531313966325,0.8968184960346479,0.9363576341052048,0.6268960280869081,0.9185546309982918
cg04460364,0.9530484431920145,0.956397268543964,0.9615591482358392,0.7107220387336725,0.9405346961847073,0.28045459406763595,0.9492825115781245,0.9544092909772495,0.7073514805821439,0.9571251484010705,0.9745575540470233,0.9681096950981882,0.9477305137441545,0.9478918496489487,0.932543650781684,0.4005203706246092,0.9530153043462865,0.14584835021573417,0.5874693858126445
cg14830791,0.6188415235643285,0.5742058389161326,0.5698254095391628,0.4699323292404261,0.47907103074320634,0.24929208694299895,0.6030790911538513,0.6255779623217317,0.8038657886930118,0.27992065786038517,0.2046883044403737,0.7723237871889114,0.16177726081752872,0.1903064331535004,0.5781307329013216,0.4568592748335847,0.7052256945900934,0.11894409784806148,0.3863155762871758
cg22346073,0.8182875930904373,0.7786766325356589,0.7546067502109608,0.5421738718307412,0.7312012092242627,0.24540821226099543,0.7230795075853472,0.7912155805946633,0.6569924452225987,0.874288418731465,0.7400084642944846,0.8105464130554128,0.7007738002154928,0.6369009322919517,0.7669465971722846,0.46691448180181616,0.6917818886529945,0.12124560431968942,0.4676929517295815
cg01412469,0.7243062675833587,0.8267978873144939,0.8291267164361933,0.47255078208600265,0.480809679511834,0.3642043945354135,0.6945518354884905,0.6446930104992817,0.3066034005946046,0.5722325586832064,0.4959036088151808,0.5217620746610896,0.411040056606475,0.5122432287936038,0.5886826104377874,0.2365597418084831,0.48729265120860576,0.1655800591121755,0.22251042252937475
cg21631428,0.8403001510351873,0.8512240485443789,0.8531177405698362,0.7756171419407668,0.7157549435161359,0.7110493013914747,0.8615193040156839,0.8404180973363684,0.7988990348539751,0.8795945673150007,0.9348433198263507,0.9005329571128948,0.8492719708037736,0.8805717793317757,0.8053820579023236,0.7164525167311078,0.8659164764317393,0.5064591039688409,0.7169876866112483
cg15101008,0.9493813251146456,0.953099058950226,0.9417623869183368,0.9284056720634428,0.9049206945970576,0.7661316203021304,0.9451669640372016,0.9565349756772885,0.9434743306564131,0.9584676131197718,0.9697243977399068,0.9637539443277806,0.9719428573522886,0.9391383922200066,0.951207825607991,0.9265162223664177,0.9564446503000537,0.6593710463408684,0.9296329877498792
cg08180028,0.8573905486220101,0.878645648262179,0.8816294932083458,0.49263250054874763,0.5743125946673505,0.30199182434604466,0.7996588785728065,0.8599275680854582,0.47660700129967276,0.907657901987834,0.8982782230209403,0.7929722562420457,0.9015841288329425,0.9019395369777987,0.8437694829840994,0.3893610788064751,0.7470228465208089,0.1533959224664725,0.3066671096696608
cg13645409,0.9634338500674561,0.9589718826635922,0.956623270812518,0.837407740011002,0.9044790960606254,0.680424535815985,0.9368031588998615,0.9701631992538081,0.7777999440531835,0.9531761407169098,0.9632198677232318,0.948681328701756,0.9655081794359369,0.95360938231669,0.9696281414439774,0.6640484343436375,0.9375437634822845,0.5292339695652282,0.7952520232847222
cg24690314,0.9376506535934821,0.9352027880907732,0.938515294757077,0.8469392017045895,0.8861612902902382,0.28040586935655415,0.9202110115445798,0.9480301888941236,0.9398350945559715,0.8857978620668604,0.9365110829205701,0.9532569726996073,0.8813972264551952,0.8421517922080577,0.9369413992215632,0.20238324693075357,0.9055927847236074,0.11091614659041993,0.8179907361379557
cg14377923,0.92389064517833,0.9114485034024804,0.9186744344396294,0.7438452047979729,0.782846080932582,0.715190039381117,0.8892332466713799,0.8308943325827377,0.7976761673928703,0.7560987811169538,0.7665170980700606,0.8942865859054651,0.7289064091442219,0.7054366222511564,0.7960791335254043,0.7088436660491293,0.8566505736905232,0.5962019198879185,0.671837570413154
cg02348449,0.8919180894672641,0.9013147383996123,0.8836626311246079,0.39451628524956905,0.7038857042428015,0.23536410237059763,0.8418248487172495,0.8684750752314756,0.36748837712289983,0.7999393321575984,0.91979688501668,0.939420127820281,0.7961495790389281,0.7151589052315253,0.8284521482433045,0.31784259472178106,0.8257393579896701,0.1612657304867659,0.3244127902986823
cg19240637,0.8945367589247859,0.8998893560126262,0.9028999184219804,0.685537268874781,0.8257008927630134,0.48850690778250616,0.8691165863923047,0.8341595718682091,0.3932786097259877,0.7984557152343802,0.8139392302156074,0.7623224623626426,0.7530180053179898,0.745572626259522,0.8057314210927058,0.48773274989617343,0.7576714088882698,0.2811258180153279,0.4063426886684553
cg01890836,0.9276690967252745,0.9251927227875424,0.9267059489781193,0.8038414998140937,0.8580639614855571,0.910546134105079,0.8921096608202301,0.8968606974795333,0.475229547031945,0.807889281794903,0.8822059187026878,0.7397672418616887,0.8708744773596655,0.7728640804112988,0.8875771179904481,0.6125380407767178,0.6373442887696121,0.49264972394594364,0.1903007250683466
cg16356013,0.9452645188976321,0.9472820770367771,0.9448891623698443,0.4911044423843219,0.9504931264100782,0.9025113432187318,0.9413791849965973,0.9295722124727825,0.8720521082832517,0.9494463742406708,0.9504976662228046,0.9475917962810622,0.9471685430589963,0.9324894723601536,0.9191011143658429,0.8678820528643738,0.9460545828551297,0.7678582688573183,0.17619157432659271
cg00460983,0.9704641953912977,0.9608622142399017,0.9685355627727963,0.37623722850834473,0.9052272988062102,0.957017017380693,0.9478009996364838,0.8345871000684743,0.5808673161843728,0.8928238322063822,0.9268851469637107,0.6950759741861199,0.928606111841201,0.9233670344446928,0.8466007610673922,0.6308696929631114,0.6752570415356522,0.5000481567134282,0.06280350890866304
cg20152841,0.93740579763342,0.9383534440494148,0.9313337138190547,0.31909859914706123,0.8030816203025896,0.6193062470802388,0.905485362584733,0.8903616145105474,0.6417552321157127,0.8709065066068181,0.8142392202555535,0.8761033363781205,0.853480642580634,0.8190748358661246,0.876010090090849,0.5102739589054941,0.834837116871683,0.33923645663734237,0.08412678555062614
cg10482356,0.8831325720289596,0.9503191775279018,0.9518065545093337,0.6077655332106835,0.7521600445724554,0.9007435923363727,0.8890164909837133,0.9289110831610028,0.67477148788817,0.9307874694565711,0.8483743488304732,0.8301393166706419,0.7191282942557478,0.9040068087480633,0.9265588781344236,0.7881019181260872,0.8358970355949339,0.672850915879859,0.2866309566862826
cg11639950,0.8222456974664503,0.905972393057264,0.910569568568856,0.6693719200597498,0.7099288840262582,0.7959142411331864,0.8957182131081523,0.9050880626223092,0.5542100899562207,0.9079103993074342,0.8901838949021559,0.5442147662640728,0.8828890407837776,0.897514575545042,0.8841098453589382,0.611779819595044,0.8956330253872399,0.530701942579874,0.35168492580779365
cg04245131,0.9112735127714058,0.9353030071533264,0.9361201213920982,0.6394351403361882,0.7912640003490451,0.7925369828437616,0.9139792740973778,0.8937999040221951,0.7687413360729001,0.8627624721897598,0.8930791869373168,0.9247676139589155,0.8483874686829282,0.8546348206595302,0.9084825357949642,0.7544590039061472,0.9135464237700053,0.6426907983911126,0.34729168459367693
cg01024962,0.878403834395719,0.9484817368472845,0.9583813278450685,0.38296563968332,0.9395215713399789,0.9121061031739721,0.8542594134770649,0.9648071665557495,0.9344628109188542,0.9641808672010148,0.603468017209887,0.7936463347772844,0.9665481913970139,0.9537252681795474,0.9602747937095388,0.9519808504971748,0.8898702280507744,0.893121392281006,0.10658581135003231
cg12149299,0.650616954506018,0.5615908546493398,0.5775470494184044,0.38513801987151264,0.6237159103121114,0.641245014242835,0.6070874569445472,0.5308724952318274,0.3731614055269239,0.5635927138812495,0.5801190447380198,0.5158219525438974,0.6364483413752787,0.7471016752555195,0.537259168446705,0.37302221127231605,0.501167039787294,0.4654413313457778,0.17870961237779076
cg22976533,0.8486549644554751,0.8820871974691531,0.8867576611510826,0.45916101239392804,0.736645977639889,0.7584705791871806,0.7731040304269725,0.7315074182301566,0.3173001031035953,0.42089913777208654,0.35863774365498136,0.5375247788288616,0.4294312938884294,0.4013166478936071,0.6740166058501718,0.40455208310846613,0.5363233568195459,0.3755930054128885,0.1037952626266822
cg26771557,0.7756497039203827,0.5970667934332771,0.6754013622529369,0.3718302970752654,0.8377620828102881,0.6430906125955902,0.5862348539466161,0.4852044546752037,0.37012925324056567,0.7639771664226463,0.7320195431431051,0.37193670947370433,0.7368915765782988,0.7769991248687891,0.5485514363281087,0.31430195864615185,0.4784583499388701,0.28619692012973386,0.07712869914315856
cg00646216,0.929270953161476,0.9286879994840525,0.9374308926100949,0.42608720532472166,0.8376270220245883,0.9210528337460085,0.9305531606141034,0.9253281029844227,0.757681978613683,0.9107381096145272,0.9389221401735469,0.951515937925882,0.8385974838605637,0.9085724282385357,0.9462137135692326,0.9211675177430874,0.9515984881644117,0.8559773056385986,0.202999512270218
cg07125725,0.7119550560678508,0.6489153647710515,0.7300355231501696,0.31528390289592584,0.9173555426022497,0.819708390730973,0.9115406719498516,0.7271111625496756,0.9299729207884164,0.7898873846277061,0.6810695008283405,0.702074189858665,0.8410170115188933,0.8802089275831495,0.7820300878137488,0.9176336524368327,0.9416704829102833,0.8317796372700994,0.12165932124127486
cg02571054,0.9671001679671258,0.9660136699112232,0.9593391778352864,0.8412270984086067,0.8725519969097422,0.9531159402573128,0.9642404785313096,0.9739754343859286,0.9557858548290219,0.9456957711537415,0.9786306178252704,0.9659966328895122,0.8884949753293007,0.9355119425383684,0.9702358013443073,0.97033855981428,0.9405578395952907,0.9468735579219321,0.6224474501207673
cg08947774,0.9354123956048532,0.9195001255410039,0.9528834048729788,0.29394761281566206,0.5458053280744861,0.6123650091548554,0.9057027068125454,0.827901166010863,0.4828831617119477,0.4678575585831478,0.4287529216601305,0.6167332918114173,0.31370397235847464,0.47587258552521455,0.7915522960618492,0.3748584538098335,0.6634626271086097,0.2749889321634482,0.11342931628960617
cg01668099,0.9169623354780743,0.8957989797519678,0.9160700897051015,0.35758312546331306,0.5737423642048003,0.86217333932135,0.8758889684743665,0.8732566598764444,0.8364628281438964,0.4897614120736223,0.4573308702918766,0.891278599178082,0.3540137973218806,0.3749138443542998,0.7935042906894942,0.8321203205800309,0.8227462553973344,0.8142062046530649,0.17290763748990273
cg04222728,0.9672036842298424,0.9568238480163005,0.964272897232718,0.5507637165384496,0.8673015536604395,0.8906407807147854,0.9614030311264153,0.9375850248719694,0.7819638173969184,0.9144414915028025,0.9778036598690112,0.9740092222947018,0.81977375282598,0.6972036652701787,0.9550091814868955,0.5749844995511206,0.9646422823868529,0.6350840530596575,0.2501877934183022
cg01636591,0.914320370821571,0.9183653367207446,0.9188631750349392,0.43988232285662143,0.6961455977580328,0.6280580828614295,0.8922589701654118,0.8065247549817989,0.5152690008790236,0.7384038252435491,0.7864981289803862,0.8053277604345751,0.7176671749770347,0.7443083506130127,0.8022829837183103,0.5548767211776048,0.7109515842652764,0.4259473908061811,0.2858826486374708
cg18986925,0.9682086835454733,0.9662041201420957,0.972764137629158,0.793064056046626,0.865554558428561,0.9463347365889087,0.9558818372737736,0.9156756847508937,0.7257916925120713,0.9303231223862948,0.8628501693644505,0.8745424078076829,0.8753139535055676,0.8724925619056639,0.8996933173997815,0.6611719704171378,0.8307091114223568,0.7480570188795601,0.5042909028036265
cg17016101,0.944833995697897,0.9325953227105949,0.9371889018391644,0.6750774813383569,0.8879517998694614,0.8904536502456789,0.9414441834167832,0.901655605842738,0.7385723924722882,0.9332932482780589,0.9603850773701683,0.9199088265316662,0.9304697266136043,0.9350240712562812,0.8926189064334502,0.8070403183570349,0.9069286889565105,0.6656334337887633,0.44779709885134555
cg26575105,0.9341892810251682,0.9405487332704692,0.9497759463530633,0.4727089465469067,0.9132392906362966,0.6289665245062801,0.9194270073063708,0.9519920389957759,0.8226333557451431,0.9494482144362182,0.9442493942724541,0.9276473094487563,0.9546980155789704,0.9471463596560996,0.9374127062499761,0.7207976021297127,0.9371253072470243,0.41621078688958524,0.2568873387677869
cg23611697,0.9406936375350445,0.9440443617502114,0.9373361013346979,0.8859996709321919,0.8835150549044507,0.9282596555973992,0.9395631465858113,0.9547097995501186,0.9225134077154985,0.9555895990353065,0.9487146759442628,0.9583511889097304,0.9565079355465879,0.9379952351550828,0.9499434891529913,0.9472700574121649,0.941541982284727,0.8500699881231799,0.7194786828887535
cg18503234,0.8650077639809237,0.7973834544523877,0.7824346884507151,0.2954691871630975,0.47145803786473645,0.6846083619657641,0.41616147488969835,0.45919173406065605,0.22762540242345602,0.4708266675169508,0.37965022547428273,0.41260402047716815,0.3318742855156901,0.40665181195521377,0.4116280568792003,0.29246357972583004,0.18871116637281932,0.26912225051189365,0.09492980024382713
cg09182455,0.9522632283874539,0.9618711940591342,0.9632415263270939,0.522715651991626,0.9302370834874221,0.7311904989551362,0.9570691364210313,0.9591072777821137,0.6972046095307423,0.9621469633651873,0.9704293624121112,0.8953943714145299,0.9544494065371275,0.9625928087919475,0.9463111914105502,0.48462455637437607,0.9528186240918155,0.5400616609942798,0.3275150266697996
cg10327067,0.5315630099604519,0.602618867937177,0.5852476669860505,0.2979905147472949,0.4285627945329269,0.47612501868885865,0.5236049322402327,0.43172298684918975,0.21184338359978466,0.5349171122090477,0.5632072728045285,0.3798065527962866,0.4456274939344508,0.46316517489836045,0.3827722247307499,0.27396069468636985,0.37793969872513333,0.22904718085392406,0.08199664883989644
cg24302752,0.9472434827089817,0.9594678206195363,0.9484587446322901,0.8810378483909029,0.7649614001484584,0.9191815878965498,0.952077785255268,0.9674725874598109,0.866726132799867,0.9501809292895516,0.9590330289741629,0.939693895957185,0.9614621681076408,0.902986743770585,0.9370149575074209,0.8838682111815436,0.9462868684429553,0.6631591794308401,0.4708230835704783
cg05508862,0.8916993714874237,0.879984361309269,0.8922621181042565,0.4429290291342057,0.7133015996630113,0.6824427187914959,0.8563447790937879,0.8334742923957588,0.4368289021200474,0.637271195158064,0.7562249896178915,0.7539524815842602,0.5255766367861076,0.6407433402480198,0.7995747958051918,0.4316573790524635,0.7609521287423084,0.4087014119600815,0.2871088847498773
cg12044213,0.8281957613927042,0.8874415908867765,0.8740400168799117,0.5170027230538639,0.6043691337901334,0.6266692165125564,0.8250005935980746,0.7394370690622765,0.3600584899757113,0.770224809773048,0.5589985953374843,0.5899549114651511,0.7637131186401982,0.7568238544313968,0.6701071201337154,0.3079504104284426,0.5929579478572375,0.31581788147785295,0.21251434486511145
cg18581669,0.9600628381418383,0.9617930905131175,0.9603054171477244,0.7989082832185432,0.9155274922555982,0.9603525452295565,0.9637502702986451,0.9589739177246719,0.9709155322174484,0.9755070516605727,0.9736358576877089,0.9659373210299858,0.9719672569218701,0.977044156876604,0.9603363764358213,0.9677325823051394,0.9670813463746919,0.9619891990675553,0.6194846882187786
cg02481714,0.9047628845790534,0.8969502356149835,0.8892268243232468,0.7969937549431481,0.8804030185486691,0.9052620603763258,0.9082036735000065,0.8710873322689207,0.9014762497188021,0.8613635326373205,0.924664596588594,0.9198912051244545,0.8593518866418877,0.8543108863646287,0.8794255492916088,0.9094045067413619,0.8901105661064005,0.8591325506700291,0.63438202940187
cg18068635,0.9316513721982977,0.9315897830452294,0.9318380504250201,0.8278401541473437,0.9410487724230692,0.904036417239866,0.9262844747775243,0.9138249808405272,0.9315456668497097,0.9231285786034789,0.9515784374530878,0.9478048189678756,0.9264478978815806,0.9191635151884141,0.9381217892810949,0.9368996617648742,0.9103462284009984,0.7765315043081753,0.6310174855797839
cg23848889,0.6684639086492564,0.6583378902705278,0.6658727337673281,0.588823566435775,0.646170637519404,0.6657021516303367,0.6821957779485666,0.6626652247037232,0.7143358667208,0.7084859454345588,0.6628754584014975,0.7360419837714245,0.6100108821371245,0.6347860950457748,0.6450286119890359,0.6730442436911274,0.7165451401165818,0.5905723867328045,0.281803298920702
cg18109874,0.732461294244701,0.6186698482513528,0.7084460015626405,0.25137270856826877,0.5991419497923358,0.44582094890072305,0.8620939123083782,0.7555504499896292,0.38599723651028617,0.9270936056712152,0.7788630169373036,0.678686593800888,0.8893468963287201,0.9278773461649182,0.7945414003084273,0.2400303696542468,0.8798484181863014,0.2631656893784253,0.12346611604186154
cg15104126,0.8860791224761313,0.892007603329011,0.8818829691000936,0.6859864864167842,0.7889490671039234,0.7982128927663217,0.8982640737832471,0.8603405582033081,0.8539904649575181,0.8764027906999325,0.8809398317806918,0.9184125286481808,0.7870380640616386,0.8474536982471778,0.8584906471301468,0.8312717116184412,0.8905143783927572,0.6591945179535449,0.39879053860181857
cg07735998,0.9300378835484804,0.9456052098166587,0.9444073141007199,0.6195209653967014,0.9107900214590112,0.7360551051319779,0.9532459967702385,0.9534208040338769,0.8486058230760416,0.984954955832487,0.9554879446666298,0.9353466624386357,0.9686916300774295,0.9742718592353791,0.9688993347125054,0.8003494046675554,0.9505283564026241,0.5732202111382515,0.41445213011350013
cg13571501,0.9513909624318864,0.9546729670652834,0.9555598362693067,0.8731685058199372,0.9127180795814531,0.9298828595316069,0.9594234594847132,0.9697902974563404,0.9390572471202604,0.9723992260217037,0.9642285490932974,0.9603359972577878,0.9795670071910816,0.9715965919645104,0.9734034527295092,0.927222108515972,0.9583398040220856,0.9047841730934663,0.7425514079166311
cg06547285,0.9492218789951428,0.9472134699542144,0.9399546097814935,0.7949793868980933,0.748148933611165,0.8731736784086035,0.908145201132707,0.9295171645183958,0.7717544627009655,0.9155829013898299,0.9487979461701188,0.9632707844319961,0.9159277250749107,0.9193394131067689,0.9353170836308694,0.8833343934760287,0.8972378504855106,0.6381756310483326,0.5163862775691204
cg07855221,0.8742752788405537,0.8911944111183437,0.8947116359676124,0.5253815420731094,0.7633463163060923,0.6780994910330619,0.8830353923665125,0.8049882025901033,0.5307551100930574,0.6972414491305823,0.7139278448697042,0.6370296953236012,0.6924611236819662,0.6977664541772017,0.7933708859534473,0.427076538199915,0.7720829003024646,0.3870934049524737,0.26110700186504665
cg09262171,0.4316575618850497,0.49214148852435746,0.4585362799173119,0.2552754744064579,0.28500555150591966,0.3446057861522022,0.40173363311188925,0.5105353726441899,0.2815753047813707,0.6279125653409832,0.3562072855898888,0.39948000516846804,0.4078912476128751,0.6120494274271758,0.49691259679813793,0.25062549474482454,0.41774057611238435,0.22518207220222072,0.11136850646106822
cg19730600,0.636456355701905,0.6655391997460698,0.662205688481283,0.19600771173622847,0.6204567700540411,0.5669707356541231,0.6087318523592631,0.6508316476472498,0.5276905980704738,0.5201014299684834,0.3157460973535876,0.6480879398525553,0.41274990258259636,0.5021611884260709,0.5807125246189229,0.47385784463536346,0.6259639677237111,0.546131170004609,0.09680470823879961
cg08870587,0.7655750289544642,0.7594364351245085,0.7581661367932635,0.6537711615255559,0.6405533505452584,0.7272722941431854,0.7481719806496454,0.8264094095834058,0.8211447116862279,0.8011737761236759,0.7078258282614467,0.8414010853777644,0.7699778929438625,0.7445760320760321,0.8141163946840966,0.8178336708607,0.8534664807846042,0.6975804859478509,0.3797703242069883
cg22387323,0.925172596442714,0.9338843937553998,0.9295834753536913,0.32501114541225173,0.7421553836371935,0.42499365905201514,0.9106537701766073,0.9112043662702599,0.8903364398740783,0.8736803063292142,0.8905569108495419,0.934652602919754,0.831174320343459,0.8543152395625129,0.9053333507971406,0.8797538325525551,0.8904191333201327,0.30869969538585545,0.11977832485697756
cg13100962,0.9505405575043496,0.9501371180622971,0.9542979304030981,0.6111145766183541,0.713158712306536,0.6593778610422507,0.9236960535041767,0.92669029065395,0.49143646353777015,0.6961855227666384,0.9454089893069391,0.8084642416328864,0.498310745319146,0.5459482550223209,0.8804115413000797,0.5470533809313438,0.8190232556216372,0.24984360068181177,0.14943757691256995
cg12700283,0.5627126649619891,0.5924894478047082,0.620281696413187,0.5068751913001663,0.5016969640615556,0.5702533855210583,0.5906497317522035,0.5430045607407749,0.5883670507581458,0.5836050926960018,0.522591984630624,0.5025614706863063,0.50150494481869,0.5908619395473429,0.551636332149242,0.5661738999895569,0.6222008028365273,0.5179220172768768,0.3406799043559622
cg18120259,0.9342324816957549,0.9239609669733602,0.9354994018052308,0.3625966467580248,0.3998878501691566,0.5544364488669737,0.8947339435909606,0.9187208668240794,0.44421405258822033,0.911506817156708,0.93460110767157,0.9464851728230812,0.9264478403105987,0.9219041337960756,0.9158040171475711,0.5030122463436155,0.8460982671204985,0.37931118912427564,0.21759888796269322
cg00701951,0.9575913079157425,0.9626405875599806,0.9630455389682042,0.29066012450083906,0.8412595502003238,0.9006457213759678,0.9554493890187601,0.9762796192454268,0.6098918111022735,0.936359773084745,0.9197254644814747,0.9744744324271226,0.8967268658539016,0.9037075268723807,0.9749813281034508,0.9115353639825403,0.9445421788583823,0.6084204644676594,0.10645632917692549
cg06001419,0.8618072219485271,0.9151703429518038,0.8972499863473342,0.5498700843608918,0.7288649160036405,0.6745144056214736,0.8401044243851965,0.888654245730508,0.5690942094217777,0.919561676803541,0.8972121402268087,0.8030002723555637,0.8965119148124256,0.8239934998687528,0.8421262499095387,0.5633992185363454,0.7175810073319447,0.49013774600160526,0.37892127728378155
cg00602811,0.7925353454043578,0.9276337628828311,0.945790391047048,0.23303257628264612,0.6956779787849048,0.7154932589284542,0.8900840647533246,0.8822251007688373,0.32555881378308865,0.7819622677681431,0.7014448509683566,0.45769315525268095,0.6699683665453651,0.9154508815790923,0.8872653765671279,0.46023434405524155,0.7243225722563866,0.4292696535121795,0.07626285752710427
cg09502149,0.9001387952603971,0.874088042312691,0.8656673922393352,0.43791737877142156,0.7831203163499111,0.6740663718721892,0.8383076917242169,0.8486134320629305,0.6835551556147523,0.5433498126802079,0.6453383249008715,0.8738293693367785,0.3950189332060764,0.4413918843269342,0.7325425211810941,0.6929341970356249,0.7125499538754152,0.4708812130935611,0.26135307361888843
cg08688907,0.9448877131821687,0.9221403496060915,0.9496117130347181,0.45185267679706187,0.840336096677646,0.584804658798223,0.942245075873471,0.94427057443022,0.43637238162172093,0.8649115108505974,0.9636955972775727,0.9409003466668532,0.4669394409601484,0.914981341600349,0.9349984235976898,0.6011649208065858,0.9194262351996674,0.4220783603919625,0.2731003093025015
cg01110616,0.9288513852299104,0.937747114390591,0.9445508237137602,0.3240719132482383,0.8416484295083353,0.8191045081822499,0.949286422330588,0.9654016185143408,0.6983561593313481,0.9645291489800317,0.9346982224127277,0.9462251803395726,0.9337751594789713,0.9184307157791619,0.965986585053829,0.807739913297586,0.9310794252799537,0.6543592412265156,0.13033200462619
cg08448711,0.7501884475642022,0.9424675988445579,0.9471676569205199,0.30319829786594,0.6580912397981435,0.5486505804573688,0.8508547245217923,0.9442645443383679,0.4147572829083329,0.9532970420287359,0.5045436445895509,0.5114167592838079,0.9219210747685715,0.9461886195971654,0.9400656352511433,0.31027545729225314,0.6524283616200998,0.21293099008713512,0.06524093280986554
cg07960624,0.8373498252974617,0.9280499465290188,0.9359134843288458,0.28764386775104267,0.6202594755875092,0.46572677899786524,0.8532557427393695,0.8612648076961513,0.594408909396563,0.5370861094245785,0.5361164482568588,0.7408629050876157,0.4651693389696175,0.48596180185776006,0.7672823628435322,0.5930724235233956,0.6083886152783875,0.30735909494540975,0.13334176822069377
cg22820108,0.5694088492069802,0.9048222041561342,0.9053015954946302,0.38823911204826805,0.4122828459784886,0.4842776948519412,0.867837266862145,0.8209070034381031,0.31121234899519573,0.8808914761994554,0.8406144958293681,0.3371906924608801,0.8461632459660239,0.9027482082402314,0.8432530040802275,0.319571426620606,0.8287172102951395,0.24397741585831761,0.15838404973385384
cg14565465,0.8773133466827887,0.6869396620071517,0.7542880660820557,0.18694177919298455,0.7497064792984999,0.3855371304894158,0.7919881421913919,0.741083602297397,0.39402957758952384,0.6725668853602252,0.9230202826299596,0.5715709498699337,0.660868557271035,0.3734146594838057,0.7008869808097418,0.43406678624262063,0.47682989724319697,0.1273550449325627,0.03656717568526098
cg22725222,0.9252391771421636,0.9397181187991357,0.9356727155203546,0.7201360709683948,0.875990389972999,0.835583667412106,0.9209025456013855,0.9179338656085028,0.8030029501468414,0.8936176419451609,0.7220024237208374,0.911214467422937,0.870237554813381,0.8806711154261411,0.9075860593712798,0.686345939507361,0.9107313261680938,0.7234691859915907,0.5788814727417761
cg19374752,0.6014692795703784,0.8272536619526369,0.8335859569442258,0.4814282179450611,0.4143768554293607,0.5211832571650852,0.7721986869649636,0.8339492211488133,0.27327430439533307,0.8047288562612084,0.8325231946217027,0.5188055715407274,0.7742347274494326,0.8154884408378642,0.8189023441781444,0.40783280617371653,0.7032084046945137,0.2967127971389277,0.1774916850979679
cg03139377,0.6296948086882304,0.6492869780717467,0.6317839571609347,0.21502073318293174,0.5545948100373264,0.46714428275568,0.6426655146573985,0.6944706778814961,0.5986714099731603,0.6928447799553794,0.686531026491178,0.712948859486291,0.6480859567510063,0.6278879610765233,0.6800018621135676,0.54987944449319,0.689981213339935,0.37896843860576723,0.08397510150898047
cg25369262,0.8896767908326241,0.9310597918386704,0.9189096615154881,0.5547397341856098,0.7284543255561451,0.7040684189119366,0.8831369482647348,0.8861730869754914,0.43626982677990106,0.7010797195518488,0.7046420482829799,0.6541398968899548,0.4469446907412127,0.5833149842607792,0.8380719177218543,0.477043686559161,0.504929604370557,0.3451958885199185,0.2104152830327895
cg03303585,0.9653198584234912,0.9565082260773281,0.9646686652585236,0.2851173601660894,0.8379698434414024,0.8355953189209295,0.9540729144110598,0.9576239880598467,0.7391985530892522,0.7532139894740539,0.8720811071851093,0.9375422579433297,0.7009390076815836,0.6696268260336957,0.9349395009167493,0.7727561281770998,0.9330990375069814,0.42752594198020555,0.05824767461173297
cg18589858,0.8635572634043354,0.8699335274501357,0.8717170325711975,0.24117465994641338,0.7251935127745117,0.7286786072835136,0.8434914862768801,0.9092697101725107,0.8165421561771311,0.8619478967207014,0.736903021167514,0.9029956265985413,0.8534135313001846,0.8337591323606216,0.8642543525427508,0.8313215066421197,0.8707818490267241,0.6615541917023331,0.12204467672019183
cg24304210,0.8472576941093288,0.8690535398620556,0.8640790968349119,0.15628409273420818,0.6479554721898513,0.5247372961255565,0.8265040171088291,0.8580857724003254,0.47386863535333207,0.829951982963006,0.838886490801022,0.7195866767089485,0.8044782598005265,0.8226851671250408,0.8700601817350097,0.4630706762400352,0.7456955024808534,0.35786394687003953,0.06390046574292163
cg06511330,0.9563021347931706,0.9392023885240353,0.9388584284684884,0.4626653893706678,0.965390988853633,0.8669090475218915,0.9572037343704859,0.9376518963903961,0.9703313422884192,0.9395230535390513,0.5301188176970472,0.9437264396065215,0.9480038112503246,0.8776488003859659,0.9155362526853315,0.9291965283097121,0.9490143100837556,0.7953977033834105,0.28129007642627796
cg24318728,0.6539512536731581,0.7199164313926613,0.6832559273871243,0.32234456304927656,0.2748843009964911,0.456201968382652,0.6412743211977545,0.6321962128889117,0.18460090707565074,0.5139605717848931,0.29479173195082387,0.35668434687497574,0.3142520644187345,0.403457505403864,0.5083104238709182,0.21280810332443972,0.3948691052935529,0.171492509439426,0.06830666773704908
cg13597554,0.4721536879804703,0.8503078564627806,0.8428434708599954,0.20635096298717398,0.488696384287164,0.3856298897741228,0.6002464028775392,0.6653048449291249,0.3500557543707796,0.5738818711088519,0.643924186954393,0.26908215803528185,0.38147546456249903,0.637236035613062,0.6145664662292147,0.35893351024173004,0.49047979566727784,0.2036881702785626,0.06593656241525503
cg19734190,0.755090197841898,0.8996212213776322,0.8621530843186669,0.2146870195817159,0.9241260024879742,0.7771943137450008,0.8831264534663558,0.9044407044932355,0.12708960987493872,0.943119701848869,0.8670388206999542,0.5321723923753705,0.935903246657265,0.9464415412678919,0.8225578126980881,0.1822204096740789,0.7229894396266336,0.229069294670301,0.06568047149424294
cg27549186,0.9488887799431833,0.9456201250000212,0.9328553144031917,0.4995604897173108,0.9201082681610869,0.9420761432037673,0.9383312345110363,0.9308783208566253,0.9605219968622625,0.8445169809545697,0.7663999815645335,0.9292338603379703,0.8014393919531462,0.7506132622270211,0.9358540946581182,0.951108164337892,0.9252464152980783,0.930009125792076,0.32810992748056456
cg24911283,0.9320462256859414,0.9204585215304351,0.9221341337198532,0.7991591232319042,0.7778276683020493,0.8551957027703703,0.9208713619601705,0.9341868333523917,0.9508526460473946,0.7193854085762627,0.8356574611128058,0.9394440200472769,0.6173266806056737,0.6799624520148854,0.9305780970295694,0.9431332539265527,0.9155635414270487,0.6705236707900231,0.5213512096346749
cg00546897,0.8891975610573698,0.8864495663702081,0.8818916639602661,0.21195200196109618,0.8664487293023627,0.590277119489266,0.888833143333259,0.8291043640823722,0.71267066563232,0.836662132216159,0.7823686625184932,0.803397867547277,0.8310948784610707,0.8269581660812753,0.812711473665854,0.6383782578519919,0.8334270088473812,0.33140609840658347,0.10123092510599774
cg04878826,0.7982516423734465,0.920284745382989,0.907935458483389,0.45560616070419024,0.5005797298704326,0.5548778960374019,0.4080400727691231,0.8778041637584199,0.19063953572298126,0.7651430256832636,0.4264401495145438,0.565343704282474,0.8866818490922197,0.4518483633789768,0.7859494772626898,0.16574185955598272,0.21185909106065037,0.17361441483605386,0.08896727971575003
cg03140135,0.3352916094142924,0.5126516123950661,0.49388322685514957,0.24883981263825822,0.37024317480788504,0.382646756875067,0.39029952103612175,0.4766287061957047,0.17546692355312593,0.583792572790992,0.41043327873356034,0.19645276893391406,0.5027272077397446,0.4904872598979095,0.3847539190302365,0.1438720251712326,0.25447804288627457,0.139404036782674,0.05613749659951883
cg23436960,0.46483338938609975,0.536833924368705,0.5081752886917326,0.17018626313285645,0.3182017417938213,0.28678980103652074,0.44740601430652177,0.4969347821338962,0.18051174580062052,0.5411924684561891,0.4851601814244898,0.3648625300941498,0.5396309563007818,0.49862633076335927,0.4218095722601839,0.19140488856911975,0.3276517998746034,0.14180337406050023,0.05937175961723906
cg09244312,0.9473482414077978,0.9401408388787817,0.9487531107889731,0.4847161105943709,0.7163450538004478,0.7194660044655539,0.8772939402200814,0.9399117846996574,0.602874369619774,0.7699068617766702,0.8978794759707814,0.9427598750944768,0.7170269455056074,0.7126036135483008,0.9146158398023208,0.7965902599369346,0.830484896432377,0.5873581647991264,0.34912224802130765
cg26262576,0.880888830741734,0.7428626064312416,0.7795660662208656,0.1466991755624132,0.5912384230720336,0.5670266611933996,0.6748468310863944,0.6441215456636791,0.4584050268923435,0.4565894038357205,0.41821204716929306,0.8324975050020416,0.21686186754167214,0.41506129942205666,0.6212518074806381,0.48162723959343445,0.5305759494555284,0.4319506431193215,0.07011667737101845
cg17827328,0.9696524311739156,0.9678977620154091,0.9700989197671673,0.858789971914614,0.9174373408390296,0.962581637455554,0.9487286807800241,0.9720002145577429,0.9603652438832634,0.9775130802627184,0.9685191267651525,0.9775302818563584,0.9680366933027555,0.9679923012302164,0.9728277942535305,0.9667125033367409,0.9458050743644506,0.9465759535704785,0.717129095179332
cg09225701,0.9333821895656834,0.9275239493877734,0.9265836694501444,0.8087081174719242,0.9160685288578359,0.9000911172133123,0.9388647114984666,0.9048151155083667,0.9222211744199775,0.9365144730820305,0.9483412431965694,0.9430449240918612,0.927335162667289,0.9236439800860218,0.9197268674829888,0.9302692742122969,0.9366823686949652,0.7873259670884646,0.6177676497654268
cg04864592,0.7906296806436802,0.8003626772172766,0.7787843326188526,0.5083975525541773,0.6044450900639163,0.7005528673741663,0.7610283796968869,0.7608473338203068,0.7331232359935513,0.693631100082713,0.6258696171133072,0.7687221986457917,0.666516041572526,0.6683871389307339,0.7576930892720366,0.7028656012815009,0.7392799313619884,0.5859644798079637,0.42777479892761394
cg03097134,0.9209118194699826,0.921650066124224,0.9177625183127269,0.38459568347893197,0.8334413073885178,0.8053899576473309,0.9179915356792108,0.8834628482905212,0.8419541045264644,0.9133293837303167,0.9371812001226925,0.903188902661743,0.9080167091463035,0.90344141966978,0.8760473946985451,0.7657943025357135,0.8721503788235458,0.610915437880851,0.18574025528480023
cg25291653,0.9632497174461382,0.9277397737060186,0.9253178506787934,0.5020896969191789,0.8863064822259917,0.9241820921318182,0.9206135096611322,0.9767543716518228,0.964487959101882,0.9680832928699982,0.9793603839072361,0.982287816969222,0.9620944877562296,0.9345082328980503,0.9676713939426804,0.966604964540088,0.961610195523012,0.8764798614932185,0.33658940271221716
cg20938359,0.6355695075533667,0.6947955656373691,0.6850038241925307,0.2872319761472445,0.40023284931429914,0.4233387795531379,0.6358447999464838,0.527195090801714,0.3626346407270704,0.548096910312531,0.4103893382787812,0.43790902838120516,0.46922286297766114,0.47957736501108733,0.4439583594050705,0.22461867783390277,0.45168235474506985,0.19768704838367607,0.1259965488919233
cg26828842,0.42557689412801847,0.491161867571136,0.4849423038312818,0.20301534178636083,0.46214909349052136,0.3378761487714499,0.28406414310383227,0.6276670456326288,0.3134023576080584,0.3205165619073016,0.5831338506337355,0.5729168982582683,0.4351073663442174,0.2931205906877875,0.570581683589142,0.3133647715123277,0.3505781028471894,0.3133580316610538,0.13395145957893737
cg27642528,0.45477566125829805,0.5191733676987951,0.5176128466972081,0.27560555278966403,0.39417593768814846,0.41341599152960234,0.47530053225138624,0.32428618333030856,0.11422740966180547,0.26738193512464464,0.28507673253203497,0.2182590897287804,0.26398933151733706,0.35877416090806774,0.2784219429661361,0.11666455930872835,0.2575522592377033,0.1291762405091333,0.04847531120179416
cg20212077,0.8994526925643003,0.9160925550268794,0.9149704443226498,0.5030190209319467,0.7068349110460822,0.8617712379987839,0.8586620100403197,0.8969841235849186,0.660098311487804,0.7902040555060214,0.6921466395209852,0.8768583424307572,0.6992689862441595,0.7146164782690549,0.8657786535359324,0.7614484461267419,0.7810152492691645,0.7727153529492842,0.2548168820961203
cg08210681,0.8590885256446337,0.8517484377077517,0.8475845445269561,0.7376828081753024,0.7401468604825416,0.8373001294934095,0.8420099697618687,0.7974581166955517,0.8222256051741175,0.7213707960834398,0.7140858155314567,0.8710042529239945,0.7075649964162377,0.7410316370036092,0.81277711571881,0.792578340405659,0.8151698494675315,0.8159780664662787,0.574685326995863
cg23007087,0.8896861420947285,0.9445467342624007,0.9472726937117983,0.18521247765118204,0.8838368559566427,0.3627094834730634,0.9277173647152888,0.9547842908705342,0.733145504620318,0.9633333394883211,0.9639566944206517,0.8784662578792375,0.9615386997602824,0.9431809695953204,0.9545705239494737,0.5917618944368623,0.9312583546610624,0.2093190934076814,0.0761090835776056
cg17611647,0.9420415022893021,0.9395570758564545,0.9370229814746011,0.7556378051892846,0.9098054608625719,0.8673342886440021,0.9223692010079749,0.9402079541598546,0.7981731567690806,0.9475124185486348,0.9472172503101146,0.9621166577379888,0.9351793483601838,0.9365675640381133,0.9428198624116816,0.8187724476223578,0.8460214283385417,0.629372763825579,0.5058659718781074
cg26547816,0.8296378409685172,0.9531636060778053,0.9503406699305268,0.5194136840144805,0.6727574980905912,0.5091183093323202,0.8883669277851451,0.9656409361052822,0.4915487894651072,0.9654002786962518,0.9675481354494824,0.8318821446207473,0.9709187051084223,0.9661069125121012,0.9552589286970019,0.5289736300534014,0.9045999019551512,0.3140974662278945,0.2269240285628994
cg09010791,0.9622451764811742,0.9641975046306714,0.9638107582672757,0.5474433759512773,0.9024305074451558,0.6549928887686829,0.9431720913070485,0.9678417053473246,0.9010700608641448,0.9735492550770765,0.8591529263096215,0.9776665412144875,0.967859042419776,0.9707009830132647,0.9711525193647939,0.561499700729939,0.9200005364004057,0.46587681673440273,0.3392818111881184
cg13396318,0.8299423772791319,0.8276522140028549,0.8057596863105146,0.5303080035479382,0.6871395333649588,0.7539748448834452,0.8262575639830991,0.7789411583775128,0.7923397702561319,0.7437835129500436,0.790119043268267,0.8421485547376844,0.616022186595642,0.7470930641376137,0.7786735457874271,0.7689257256413264,0.8009798328534182,0.6488937054326792,0.3475847292352406
cg26894079,0.901825565653597,0.7238181712918035,0.8801373281425222,0.21157490003470591,0.7501380938238197,0.5316928389200288,0.8881887818013308,0.31797464915922,0.6108968522580567,0.1456959836169356,0.8858039750796969,0.8846738306398638,0.16995301059873782,0.22303032898106526,0.5805873237820776,0.6181733465947644,0.7422211436835311,0.35967590077883493,0.08843696773511311
cg01994750,0.9216841749805202,0.908467708729077,0.9262175055163073,0.5532097254275601,0.9157928655879167,0.7694113518499439,0.9250066736387095,0.9577428567355961,0.8591949044151899,0.9543455925991786,0.8400157593612174,0.9265398373777614,0.9392552236032988,0.9465905141386767,0.9664225366926142,0.8898184031825375,0.9299503260193376,0.6952177344852362,0.4087579793828231
cg00280235,0.8717278332141697,0.892630318413256,0.8948765504925489,0.2886666364728445,0.5711009632624006,0.42133045257421,0.8607102556598696,0.7472320391452292,0.29988975908809445,0.46545124934514936,0.45525472797868194,0.6305873714134416,0.28557708147497785,0.4234698192174893,0.767898642573722,0.3659379397412727,0.5742207885994559,0.19005322560196672,0.08953120653960445
cg06898549,0.8069209235162038,0.8159469313017818,0.8205196020921774,0.5350810663416288,0.7408535720445973,0.6899596874776186,0.8191324440609684,0.8571196499190734,0.7992769644081424,0.7843758615898545,0.7543220628332061,0.889256850085347,0.6823271318021238,0.748453658068823,0.8440372302567996,0.6792424585078407,0.8472583953850296,0.5310210122429921,0.29123008825503127
cg17936145,0.9671477950774104,0.9642119654910213,0.9675278449087913,0.8127018152628969,0.89059279283621,0.9420494994475297,0.9678029477503511,0.9751610613463376,0.9550731988341902,0.9744720241125553,0.9758121760385385,0.9746659114312262,0.94569677304936,0.9557949767590481,0.9624456119583134,0.9371226841875915,0.9624103681649245,0.9134446067515225,0.7316039159942312
cg17829810,0.9427702822743256,0.9399208838032617,0.9387209551260858,0.5857313005461899,0.8814684153786871,0.9460765631904854,0.9366756058507062,0.9418475558571802,0.9508743027332223,0.9218419609194344,0.930323206065233,0.9602099518388099,0.9077442721723754,0.8473491777097127,0.9357754189800181,0.9729153645110388,0.9269511005918146,0.9344676453691451,0.4291681806698987
cg07705835,0.7888982526731303,0.8361250213239697,0.8493084535774531,0.6884863835671273,0.7254910492002694,0.6987324676697811,0.8595937810783543,0.806051388060942,0.6365229664992869,0.7639030158974214,0.6836772372169674,0.6107422854848348,0.6858776666463429,0.7032634843268836,0.7911334023710919,0.656898711927396,0.8400878043598242,0.513266878249337,0.4589245876956636
cg09152259,0.873186018110859,0.8277227914492841,0.8412098445953746,0.32954531930903996,0.44063615448940746,0.6548986783000509,0.7537428402231499,0.5639407786095852,0.26794077841199826,0.3544558352803854,0.5584476029288555,0.5134963707035158,0.12031074816988685,0.26348970252634113,0.4805700838113207,0.24043433381342047,0.32472118153606644,0.2927788629434095,0.06881780027188333
cg09366519,0.928810175550944,0.9331427199853886,0.936719196185414,0.4522281407233738,0.7050899094766336,0.8779034211259786,0.917762118659793,0.935926042763099,0.8779886488918315,0.8903029255910736,0.9297388728019135,0.9476459369208547,0.9021122758854823,0.8087388714545412,0.9430335488134791,0.8973217183966884,0.8752718427382867,0.8228435009417527,0.300840782149231
cg07807757,0.885659308096546,0.8273941264855054,0.8635062153102768,0.3938914797818853,0.6426311571011027,0.6290160267236561,0.7860888483736184,0.7874629215403877,0.584733687586966,0.48207334827242776,0.6588570121579557,0.8856496305246231,0.3424414038871976,0.3443733060352684,0.640678783878033,0.5240930271416596,0.6804222406374233,0.5353800236440405,0.21160890479639982
cg15538607,0.47754504584983504,0.6892468746823864,0.7457050427050864,0.264586407474917,0.4616131380956233,0.34797615066555737,0.6778009859927882,0.6703574347923014,0.2106029530624525,0.7605146406388642,0.6686085626705591,0.3083114866795139,0.7371641226188974,0.7854447338844401,0.6805750757142334,0.2296915703388105,0.6073792045329047,0.14663775096506587,0.11288566243194192
