CpG_ID,CD4Tnv,Baso,CD4Tmem,Bmem,Bnv,Treg,CD8Tmem,CD8Tnv,Eos,NK,Neu,Mono
cg13745692,0.22184411663764408,0.9321958189298816,0.6497312272876887,0.9239914685881682,0.8328946739314178,0.701921390613622,0.9300007126553015,0.8717323173645684,0.9218158270893171,0.9333567600608316,0.9178424657071023,0.9339565828480927
cg15667493,0.3017395108186003,0.8656329513514751,0.7287983056537339,0.9194994375684964,0.9324784418871139,0.8563513094620451,0.8220258444200115,0.6544454049343282,0.9168153096476803,0.8622388921999397,0.8704480859272405,0.9094337069024977
cg21936454,0.39746657656958595,0.9685953908023115,0.9402058149818453,0.9730083043249572,0.9783690734291928,0.9501332090806613,0.9625599385043849,0.8312034598736617,0.9794946457249866,0.8815334334947474,0.9404565424602183,0.9604386307695012
cg15163862,0.3557280779109654,0.9103543946280672,0.7774939991397978,0.9214782455853114,0.9086817266041378,0.8279833969735221,0.8996355069053414,0.7869008387072653,0.9399747971193216,0.9052413948162599,0.9090480302587209,0.9198614923562248
cg19111287,0.45331990353930074,0.9515009977947709,0.7307274762265419,0.9551410458014649,0.944011833227294,0.9303401539296061,0.8780626645532604,0.8899405935307243,0.8810506256800419,0.9281844145752258,0.7693111044062813,0.8858433202244678
cg03132824,0.4027671022290546,0.9265135858634894,0.7478759558198811,0.9360113123887416,0.9248421740989461,0.9270744590219799,0.9339629457326564,0.9400029609536181,0.9290456808730136,0.9329040414614107,0.9207711497501954,0.9230769230769231
cg09119854,0.4492712712825754,0.8981517346866414,0.885693116781525,0.88535893508269,0.8998539955329354,0.8954955414351806,0.8939213095919043,0.8355385693380226,0.9142855462379071,0.9037902678415214,0.876506770402121,0.8837062828091233
cg04887735,0.43220317709802375,0.948729281297815,0.9282650701771131,0.940035839313691,0.9307832551492847,0.9589995193641269,0.945044406632124,0.6902479712942282,0.953691388765322,0.9384844246269872,0.9354954154571096,0.9403746855780926
cg08486432,0.3631633335058302,0.9048697088241476,0.7803743449663331,0.9418946198582268,0.9102823347105153,0.804946876639943,0.91204994176839,0.7254158738371062,0.9196747844716153,0.9241097918116755,0.913580870666613,0.9045014977937651
cg18578898,0.5921088013953231,0.9059400960931199,0.9150860760998801,0.9490942633930058,0.9428144936661775,0.8689884315502197,0.9349723247130084,0.8400624287663221,0.9228678083846307,0.9363514475681631,0.8646959623121265,0.9203266634445719
cg16375820,0.1852545877905975,0.9251806259879161,0.6146546539161087,0.9586736357976764,0.9385298857507745,0.6517820176019989,0.965479812178198,0.4991551344109534,0.9319457070528103,0.9287701406970827,0.9413487620024671,0.9170704300600188
cg11523325,0.5851802125571475,0.9448930908927283,0.966829561880454,0.9384060223714308,0.9591652781276588,0.964056513275778,0.9764765867956926,0.8329158807821313,0.9679229213556068,0.9601315040800986,0.9461669156993233,0.9606411208930803
cg24160371,0.47913073697412395,0.9707164433580533,0.8224414130848492,0.9804285205816428,0.9766241207306633,0.958199502978306,0.935305798476466,0.9470980299343936,0.9759063693620115,0.956667129384213,0.9617711103787836,0.9668586488572991
cg05931551,0.2986045450868171,0.9570406835965,0.6212285162851772,0.8587240221222083,0.9616363999220532,0.6784291042640231,0.8024359069290559,0.7727943960434165,0.9472264737216433,0.9496787067032115,0.9440888348031049,0.946386335520687
cg03888645,0.701406027747411,0.9318977595468909,0.9651395587184645,0.9687113940892492,0.9668213079585368,0.9634422059140479,0.9652461227319784,0.9500671208840148,0.986859000298342,0.9669018827162622,0.9676217292131506,0.9693420505319671
cg11840035,0.4170723900596681,0.9535123529198439,0.8845320257805243,0.9511943304957103,0.9450910231501701,0.9024200253391479,0.8936430639744458,0.6743011910183379,0.9593526868777457,0.9245199164915718,0.9538202558163285,0.9562606979048007
cg21747310,0.043136567900203704,0.8133113884425269,0.2556811167216467,0.948162759466814,0.9108247261990764,0.28792577444604295,0.4136580895728313,0.28304334697206696,0.9027645162843745,0.7737157551117788,0.8453429159463998,0.8955252616714479
cg07728865,0.0652962745768928,0.9433421042243091,0.3253046438264159,0.8921872420337976,0.9687935103266547,0.4327178589187738,0.7631550199093025,0.2550528107666711,0.9380089296593286,0.8178050396447571,0.9166689334612363,0.9507386253476129
cg19084822,0.19372972346007322,0.8389686178629419,0.6824942775830651,0.7923019213481742,0.8944931287123463,0.6615841738771298,0.7493994625927389,0.38462048863829057,0.6724869286583215,0.7579144273275542,0.77204701688242,0.8748172803431007
cg17894779,0.059962000012367844,0.9135091321356299,0.38798574984448786,0.3011727300023812,0.5553946864414634,0.3168731428114192,0.5451850886292045,0.4679206428547089,0.9110129277836054,0.6729596893225362,0.9063205839738417,0.9010403972922845
cg24503957,0.4929409175185946,0.791489407808393,0.749998893627528,0.8540436708649837,0.9229005358206626,0.8502264418040981,0.7709303766542916,0.8458744065828758,0.8474912393829206,0.8357535850253226,0.890481340305234,0.9219196956634246
cg14138047,0.2884032682337178,0.8121694962965216,0.5339230462375391,0.6372788121760675,0.7453208726387492,0.5713212121246273,0.6197149029915201,0.5705457581335589,0.7508023835945622,0.7439592045377921,0.7435336704570129,0.7203724188780702
cg00694660,0.724376470064141,0.9617976565531542,0.9583625629981223,0.961063294113929,0.9511122070654012,0.9468027237462368,0.9503534215182892,0.9450510321719425,0.9695847357656262,0.9595275275351647,0.9555132847519567,0.9614216949864349
cg13484324,0.14443502733162972,0.978211789804015,0.8296506661690369,0.9608564703337541,0.9719948962436273,0.7382854253743076,0.9697239774407779,0.35457461152316005,0.9832195542146643,0.9611895372925738,0.9117632817776762,0.9561250284733981
cg01364581,0.2956119551940812,0.8080388568590531,0.6078591696029733,0.6966958197822125,0.9090481539391206,0.8183791264190827,0.6656695468832086,0.6475089517419887,0.9045065618898627,0.8809438194882628,0.8756576784966241,0.8983674573617192
cg02725065,0.7425053591614049,0.9264179403195749,0.9054717815669331,0.9653834284567575,0.9647219200198351,0.9246220915162681,0.9481648459999334,0.9548063543012686,0.9148604518860728,0.9329093183456487,0.9359570525473699,0.9544015928312841
cg07133479,0.17648004004018086,0.7808584562580034,0.4880369007255152,0.8891828638891152,0.9517972756333795,0.4618553302009766,0.6900277955090451,0.6495560545916153,0.4704281133132275,0.8572376735910305,0.8653707374163153,0.9153582852831362
cg02280893,0.7827352592884287,0.9811677650225621,0.9654476893754502,0.9627972833684054,0.9753497765646773,0.9564166782125851,0.9736653390230519,0.9659509856043529,0.9721344586970817,0.9663488488494716,0.9636355490641257,0.9438879853100999
cg03069943,0.7037913624951593,0.9752619557753764,0.9562384860744384,0.9800789364348583,0.9781958441149723,0.937938411609244,0.964531047163119,0.9094362961677455,0.9618479314201747,0.962116387860595,0.9263125016032359,0.9604022488873599
cg07643762,0.06860092785682437,0.8333703599135626,0.27453633396526966,0.968809702819521,0.9475927124165353,0.3146066499131515,0.43391801325470936,0.39736551866122855,0.8475075613553822,0.6652407375244497,0.8835640842391295,0.910477920650448
cg21200667,0.3103802185758941,0.9036247812259839,0.5920623610307428,0.9412150664977765,0.9535175525623056,0.729072305197824,0.8421250014681527,0.48979564598475683,0.9078987968980761,0.9387080383614673,0.9161455930624887,0.9076030071250027
cg06828418,0.5961242762832504,0.9526998400275463,0.9414732295216147,0.9607800141636011,0.9492915975387304,0.9388356733375679,0.9538834530543279,0.8364683881086119,0.9640571023972344,0.9464914831534117,0.9282291291691245,0.9463826107713734
cg17824906,0.30350261689768215,0.9239852201473184,0.5060460338951398,0.8302883946033821,0.9334261503886956,0.5167704062066728,0.7557519527097916,0.4538264751496174,0.9119815362292272,0.9169523606818655,0.9106396602839428,0.928233305156382
cg00378228,0.7111489611377358,0.944988681405805,0.9257277386378435,0.9286305369574591,0.9428993250401261,0.9064895632383299,0.8946663948273238,0.9010658052207122,0.9601948980162412,0.8912158295835653,0.9367637899220479,0.9325815820662207
cg24463664,0.5046753978939476,0.7618862363938466,0.8746179446794973,0.9594407250293908,0.9047044342424795,0.8690394535664426,0.948446608127304,0.8928561710017522,0.8067347098403255,0.8911575660547223,0.8757195219845084,0.9022579274561192
cg18984002,0.6742435424354244,0.9206681031343642,0.8318148951554591,0.9380489105495011,0.9619876301433874,0.9060378706680957,0.9040141281745451,0.8625797245013778,0.9313150306338039,0.925073059636818,0.9255354900568822,0.9342208300704777
cg10091155,0.5148910177937518,0.8227138425057176,0.8457114529677979,0.7554342645049229,0.8739142124469823,0.8370798595066264,0.875850309889777,0.8740676620341215,0.8061776418301276,0.930915377534695,0.8862584640222408,0.911642774827366
cg09177577,0.22633390705679862,0.7018208112165654,0.4663488502523836,0.7951170316818921,0.8287675942737512,0.7132632035570979,0.7823744203447103,0.421501156354107,0.7852752178820354,0.8114495340051404,0.7956017777917554,0.8390822537849227
cg11840104,0.7290951183281453,0.9684428501072778,0.8862131526182373,0.9469272353917171,0.9783290921066286,0.9116110711651941,0.9450666321003148,0.9209959805509561,0.94674173525694,0.9598316559358818,0.9390761462323998,0.9519759073665522
cg15958839,0.7158535223761036,0.925860246919008,0.9140487205746667,0.9424409253724407,0.9619016024421736,0.9165012261892391,0.9251941294943006,0.9358619563067045,0.9201855848545968,0.9410065334425781,0.9461106316156626,0.9543443611637112
cg16192197,0.043693877678408044,0.789736309401549,0.44053330514541733,0.8732185768877274,0.9360692479586528,0.57538198880663,0.5613817795752278,0.17815622030769723,0.7318369324528842,0.7879863827541891,0.6583901023523189,0.5437448415697823
cg13104185,0.13534397670784326,0.8125215032999888,0.4898567212532299,0.8805759531960682,0.9060321089952403,0.4256325340027085,0.5808517964958195,0.33027777423494453,0.563849120573968,0.44695871067036164,0.6179583651607049,0.6026930735931434
cg15009294,0.10933716719496356,0.9819219206643566,0.5084145584902151,0.9647165709634271,0.9682398123599413,0.8218354494779037,0.8664409830594366,0.29331311852566455,0.9756622631864336,0.9656666932436878,0.9652218211394157,0.968222855416637
cg00629382,0.6639070760582433,0.9712190445591276,0.9074471725453404,0.9732338071469895,0.9566936585997085,0.9533220328531598,0.8587347692331481,0.933013746941544,0.9795652484447748,0.9408580460011808,0.9648062006652536,0.9612254024270545
cg00705661,0.734621689241653,0.9609251687468581,0.8930825242718446,0.9630643451159362,0.9626726556577512,0.9182788134599601,0.9447776874694545,0.9414413448694693,0.9570774537223707,0.9486777918275866,0.9448774132985213,0.9486918456683294
cg00208274,0.39716941650030835,0.9571684073093173,0.6347849164504077,0.9557912053650444,0.9830775343020806,0.5525767719653082,0.8849687906684394,0.7712285625747327,0.9562518756898101,0.9625535341498018,0.9541076144519439,0.9725662307643466
cg24211304,0.6011224174330354,0.9608778180187596,0.758423013582754,0.9229432973321333,0.9737797034821472,0.7508750248853514,0.874352365385003,0.8290518691161356,0.9673789940973779,0.9503230856548812,0.9447963277036063,0.9500201604562861
cg20558320,0.161930862060676,0.8500410471201696,0.4681548139087891,0.8864525529666429,0.9319221592151634,0.8406015037593985,0.7007804883518574,0.27317236877193346,0.9134226400351599,0.672571467530926,0.885063507264999,0.9112809436783519
cg04073934,0.5107269359379814,0.9440377120037913,0.62586299435289,0.9379081224884123,0.9439558626390578,0.8528129040988146,0.8346838280575621,0.696982492411914,0.9596568567706939,0.9459019801728943,0.9160841856777873,0.938608573484552
cg05158109,0.18687622518023395,0.5271762242358968,0.377986068250725,0.8727511045719936,0.9136730344987956,0.5045923618457328,0.6592931478458128,0.3791911678794253,0.6404330811265664,0.8671676286541574,0.8752713053671376,0.9167392866949173
cg21081729,0.9820416253778348,0.0459859083592003,0.9826935712219073,0.9474207733162137,0.9679081394867859,0.9617761102483806,0.9620990629589927,0.9812707735460459,0.8974332365165343,0.9491760984534452,0.9559723912501433,0.9653703000059858
cg12087639,0.9753890012787961,0.05994007376191668,0.9850105906706671,0.9822896545554327,0.9839555832588149,0.9821425158329634,0.9753440378691869,0.9690737465215814,0.940363381711807,0.9570522786116891,0.9683045109002706,0.9696150322954009
cg24791846,0.9733682405820695,0.07804700929379221,0.9769586270435552,0.975198255929064,0.9741496001036485,0.9738433062529571,0.9729161511267277,0.9665112225585966,0.9473264292569183,0.95978981182514,0.9513288423733,0.9547889820806719
cg02329886,0.9461768246745093,0.06939207301240496,0.9634844423060455,0.9696020894069349,0.9778608878281003,0.9527773890984755,0.9540069386191751,0.9661866900132379,0.932657793297092,0.955454728002711,0.9451477544901086,0.9555727193979243
cg11294011,0.9233787214401108,0.17884933714777662,0.9316644113667117,0.9469495162158843,0.9324483881989836,0.8961230876216968,0.9226025244327609,0.9307252907143386,0.9080186480463475,0.9085246760733141,0.9254204833617968,0.9257920732441874
cg23639055,0.9449969901419838,0.07267600364915672,0.9457356759627294,0.9565226985569114,0.9572352650220997,0.9452050748241235,0.9356405395139644,0.9390536747337144,0.8673595943760418,0.9374930153235306,0.9310166154260164,0.9373047871847295
cg25422758,0.9650711107322585,0.28116212358401216,0.9575282284329898,0.9617005565988879,0.9759509075260124,0.9523519140105767,0.948056749035,0.9585257798549582,0.9587334924738522,0.9541330321472685,0.9668960471010868,0.9625390919555126
cg09622285,0.9674457502496712,0.193149975419826,0.9457915925457606,0.9582065245276306,0.9735947812425053,0.9440339675236463,0.945671381587014,0.9649429162647584,0.9233272882127581,0.9467868830765509,0.9621917442665964,0.9517957333583033
cg26673070,0.9786515905016766,0.06145150153203216,0.9725893717698014,0.9632604614655517,0.9833387634608213,0.9711480802709339,0.978516165126089,0.9805924696281448,0.8483732526459389,0.9699552861620617,0.9647410257618029,0.971206960274963
cg04988216,0.9896337374998136,0.145060103194308,0.982120936778092,0.9850586093161993,0.9819247439218408,0.989486801163089,0.9779042073699789,0.9827070982208879,0.9604050910940598,0.9670640192750559,0.973805506755117,0.9696017000972319
cg09940675,0.8778884973633396,0.06958444692487886,0.9025346953536831,0.8423971730475198,0.9470460823405497,0.8607356717800798,0.8881833603035015,0.898542524875483,0.8933166518289333,0.8385966931361469,0.9107487986945357,0.9321040691577986
cg15192986,0.9529521739884523,0.10277124381089153,0.967543508044509,0.9617713367714529,0.9613058132007928,0.9683000263594285,0.9586416855301205,0.9501667117294051,0.9075775246287352,0.947451166089675,0.9418390183924841,0.9435435598039977
cg23033014,0.9598516236438488,0.19951703593496967,0.9585198752076001,0.9769445061527949,0.9691085142885899,0.9061434692104681,0.9557576106129073,0.9467887048382463,0.9666704446683172,0.9644509750340142,0.9647196432626329,0.9718788270831369
cg14030593,0.9747775987218593,0.19246172402421174,0.9825294367993956,0.9836594448427061,0.9867909292530583,0.9817155529704372,0.9791892437614979,0.9779076620087366,0.939539486957085,0.9733867915137431,0.9745812677134051,0.976637741255563
cg26676468,0.9737876802096985,0.17876061245776542,0.976915974145891,0.9739527523539386,0.9664330035977313,0.9864135492276196,0.9787317789129535,0.9668226481813208,0.941199996262294,0.9478787710960839,0.9572550940667703,0.96563210919727
cg19699264,0.9693331596021819,0.103947653524191,0.9327542260604209,0.9549030652888513,0.9779517859911883,0.8950475651996515,0.9325172811057287,0.9618294124069303,0.9505800171355718,0.96052415826578,0.9592301841483188,0.9691432509638273
cg17170133,0.9580118196042533,0.231980665720902,0.9658859856375002,0.9647651969985725,0.9690414762435045,0.9292318100698758,0.9674256325105623,0.9593617303494189,0.9614190080239853,0.9612593978508088,0.9553240321164387,0.9495118534183685
cg12037509,0.9869763578808868,0.05790760472249662,0.9841097525976047,0.9877557353073337,0.9915819229170814,0.9829513055326994,0.9804084363669069,0.9867801692216069,0.8834086349293511,0.9787520039300265,0.9724352732401157,0.9750661894245538
cg03380342,0.9558111681837991,0.03938750001378552,0.9650638387652313,0.9793562580412521,0.9658921639282555,0.9560327997485779,0.9593812573001468,0.9515341085105802,0.868247084116317,0.9538744080318533,0.9414000607147386,0.9587766696964044
cg24736010,0.9456310157629089,0.08562109624073189,0.8742622325052011,0.9460785411025951,0.9548660762316843,0.8909014409391316,0.8841211510731714,0.9421965508429133,0.8321391088735769,0.9334488067162026,0.9429351711735745,0.9615557858464487
cg17436460,0.9615867206485565,0.29199568244733887,0.9723597160245697,0.9567370383831784,0.9666940010415144,0.9673836976295224,0.9742550148659315,0.9656371171654241,0.9302766602367338,0.9572209249838728,0.9603571154529704,0.9679036705002392
cg18469148,0.9600344391341983,0.27158750740121695,0.9530327183036074,0.9662472828367017,0.9592553397201886,0.925207837898024,0.9316368061826887,0.9506552036451603,0.9430133880847797,0.9422367744402372,0.9403361688510337,0.9469157340490413
cg24496563,0.978664080804505,0.2170065753459472,0.9514122077754931,0.9478316375515696,0.9841682263131839,0.9747655356630662,0.9459657252749532,0.9767832129183676,0.8710743217259609,0.9621823783342429,0.9392062439684088,0.9649312724915762
cg21039188,0.9570815650493877,0.22343052874899677,0.9656877101185095,0.9715170382866452,0.9708539681624527,0.9635276748751975,0.9597590813442372,0.9548531177338877,0.9633350103813385,0.935536242936982,0.9563414868902881,0.9627414957566482
cg05506809,0.9624537886076678,0.12395835599878774,0.9232880572326072,0.9652072243314123,0.9504146795670507,0.935752894923946,0.9180450206718782,0.9496250702149804,0.8817453453536203,0.8941244587090321,0.925603792019212,0.9413369969786385
cg00712106,0.9624262931008067,0.21235575120912142,0.9687859258912976,0.9775122207059811,0.9750622088883648,0.9580681293707476,0.9687911407044971,0.9743356245310975,0.9695714198814316,0.9626478873609634,0.9621214746905979,0.9645601863869739
cg12646067,0.948372504671059,0.12049020167959507,0.9372440509131157,0.9592183407043776,0.9547585815139246,0.9430199430199431,0.944168357299101,0.9532469057407355,0.8502467254494652,0.9352568581166001,0.937828836486915,0.9523445853062471
cg03184452,0.9450715201314015,0.11293920149097653,0.8224200385032665,0.9693675568349899,0.987702103266116,0.8615253611569164,0.9096246278416164,0.9524167435362063,0.9450488437513143,0.9338346698182829,0.9654603050459486,0.9698903383431084
cg07862744,0.982444469821366,0.18998258208869567,0.9742999305877366,0.9775801928532409,0.9589519748094089,0.9788095129110493,0.9843486437470569,0.975523073274047,0.9882095997872631,0.9755802873458916,0.970384285776863,0.972795293212636
cg14633252,0.9763548656108202,0.0776895096005436,0.940935973662817,0.9642189301800792,0.9859528080466954,0.9223228792448445,0.8807633183989482,0.8260245147994931,0.7666493987794702,0.9443212691901453,0.9266669908571906,0.8490566618346009
cg17282428,0.9604973184006619,0.20106912458622497,0.9210474726123229,0.9286070133869463,0.9394838022952794,0.8545376631989299,0.892639602128263,0.9661563118431965,0.9440234364863811,0.916601048438326,0.9475319440464203,0.95592552260068
cg02587120,0.9362508824821877,0.14998695569183795,0.9410825865185507,0.9405172840783245,0.9451457183092201,0.9228121462456462,0.9255863646476192,0.9336116147862581,0.8807240262294591,0.9178036398369767,0.9209656954590079,0.9406224768049272
cg00551398,0.9381457622668127,0.2979545695449872,0.9428359921764408,0.9578116432534414,0.9555330917985398,0.9376072106894817,0.9446859000438754,0.9467107655049993,0.8975897357794371,0.9516360918835378,0.9398560263889689,0.9521270069024629
cg26009797,0.9300094294949848,0.037500790369058845,0.8345121464555358,0.9239626544955788,0.9421754973330829,0.7017934392256437,0.9066236659484408,0.9279500552529811,0.7604931098874766,0.9263208825814204,0.9076415445777464,0.9197776009667628
cg00086283,0.9031119892738692,0.2572929627118083,0.8978027593254982,0.9097395835261948,0.899453784810989,0.9126232084186467,0.9167154452808984,0.9068839366995474,0.852452295120978,0.9062899954756078,0.8995993534346352,0.9141747797867409
cg09275783,0.9695816666560401,0.05505206139353891,0.9140007034294174,0.9393932122856472,0.9754083928099503,0.8877236325430828,0.8926771794664528,0.9679272624614044,0.7783213430676681,0.9325786431025851,0.9518964579689875,0.9627104724632096
cg15106420,0.971850506448234,0.4059784586579746,0.9889166672986627,0.9831520419823482,0.9797311941951903,0.9859046363276758,0.9766586849259173,0.9824332137733314,0.969402080483946,0.9765338813927854,0.9681958118848606,0.960101584499322
cg22197708,0.9688137189655518,0.06968682210824367,0.9407469045547575,0.9469114262853526,0.9667395758015374,0.947990038377317,0.941454685898933,0.9578484973511685,0.8164241138244188,0.9440528303411199,0.9517533839575081,0.9592404921014129
cg15003763,0.9731283831664272,0.19266229996678746,0.9360895780688221,0.9353700180556986,0.9750336508737705,0.8371880659266686,0.9093562018687731,0.9594444897296002,0.8977790817038505,0.9598317225987832,0.9354350410432273,0.9550770290816006
cg01782059,0.9528714676390155,0.16427616125515582,0.9705018216006581,0.9542496221413383,0.9633378232723031,0.9452843317097855,0.947961228094756,0.9431217148123823,0.806228377328964,0.9465690995387759,0.9350467235004025,0.9496898022489337
cg13894852,0.8157755426151403,0.12206907550715301,0.8286434271314573,0.8231228480394677,0.7888316566667759,0.7592225307417692,0.8213631349748329,0.8076757112557595,0.747172260553715,0.7971973232766483,0.7495570763495449,0.7757671125098348
cg09131332,0.9300861960285307,0.08797101161903476,0.8571962535091325,0.929515003589669,0.9479680159623015,0.8078877512540813,0.8673605484312925,0.9046898062099589,0.7875509492800884,0.935029745886068,0.9288039764523814,0.9354006216487258
cg07188551,0.9716845248839854,0.08329702914933912,0.9498783345763544,0.9566916413271036,0.9717150335277267,0.9301097009235906,0.9576479175477999,0.9613772159994147,0.8242344741176291,0.914080389199734,0.9548479273841342,0.9639404168617607
cg26252958,0.9094052060232396,0.368520626923801,0.9285745918822532,0.9332939019253196,0.9313715243312638,0.9145593925997256,0.9183214919787315,0.9183068779418829,0.9003946494395296,0.9148422208417819,0.9193704103984821,0.9304183238584759
cg06706029,0.8559417987955689,0.35244820058831006,0.857789980349775,0.8914028592016028,0.9053226258132616,0.8430425345161416,0.8739665714403828,0.8597567482464521,0.859248193711663,0.8863053266232139,0.8632955138836891,0.8906516611575369
cg13394713,0.9542637126973732,0.2961043336919989,0.9116562292307827,0.9330592419449513,0.9603767206930718,0.8545148535369216,0.9178785235864613,0.9612874134578419,0.8880403407314861,0.9223781007738978,0.9123978355613845,0.9396508504076162
cg26603598,0.9748047782501719,0.4042047472963751,0.962556088093447,0.983509295287504,0.9759234065865173,0.9720353649822353,0.9700918844278568,0.9742222568257142,0.9760873271952025,0.9672802135406999,0.9567568014631183,0.968420795177708
cg05201777,0.9338565022421524,0.14475360265363618,0.9189033189033189,0.9144280357301688,0.9074996540749966,0.8514213915501806,0.9175026778718789,0.9320753403785818,0.7564251489915933,0.8702448401456899,0.8727757974140671,0.8849793739383645
cg11809342,0.9625906348409459,0.0563471767925135,0.9450616148010926,0.9401947905796257,0.9771878071377441,0.9193054060444699,0.9555120559822236,0.9631814726941568,0.7638660591439101,0.9375858960077563,0.9386462457079655,0.9588410725324685
cg23743708,0.941007303846618,0.29698727970207334,0.8467633719690247,0.9665536352176809,0.9595214276964298,0.8899716989989994,0.8990665122255767,0.9497174937910218,0.9745893774450025,0.9541957463654918,0.9489395812455665,0.9611480768960361
cg25437005,0.7985162046075752,0.9191602474751179,0.363314447592068,0.8698474939595768,0.9041789847873702,0.7925192728657086,0.6968021235440409,0.840461633371689,0.8891785844832314,0.8464415297233092,0.8804244533618779,0.8909598072777989
cg19811231,0.8305177366004449,0.96332248629696,0.3712471525145489,0.8603628031539359,0.972538009125677,0.8449094958159781,0.7202560456017277,0.9664319009963545,0.9388471513451491,0.947687173455173,0.9098339347454807,0.9243322522901074
cg26304744,0.938496220516964,0.9482597111185774,0.6065791389369211,0.9802790404353441,0.9678796160105863,0.9015115418373464,0.9127873890381896,0.9437389346866002,0.9665225547572862,0.9629522433613065,0.9437409644602915,0.9551855417837907
cg27572854,0.8072829344857518,0.9170099590036468,0.3739020556587501,0.900039596296807,0.9013401391825059,0.8000134683729969,0.6809487122069311,0.8897659258297591,0.9012367239280854,0.8902872546804854,0.8817327508235968,0.8908164529127583
cg27359629,0.6898716032600087,0.9257661143622696,0.13925583243972328,0.8688406160948003,0.9606606218111189,0.4075338956326572,0.5347655342575097,0.524060947067658,0.9292320986794054,0.8472303304571158,0.9106144243311796,0.9006278130970437
cg08012294,0.8347809211382129,0.9247646572659992,0.37396486937514334,0.9574056251437564,0.9651485355026754,0.5984283753585761,0.9311644158155455,0.9498128169769006,0.975567258563229,0.9565038012944505,0.9511479050854983,0.924165402420373
cg11887733,0.590772539503133,0.9414762363760715,0.35022409668236587,0.8534774131339256,0.9451497518884838,0.6568556432710505,0.6621823662773509,0.8650659725616205,0.9491818156258247,0.9331458444593586,0.9386156683476388,0.9413143464716841
cg12047375,0.47952386576578965,0.9756583211652241,0.16315926839395678,0.9073802231077116,0.9607789903787322,0.37965258622589226,0.5509622027526322,0.8852297962973104,0.985997217827483,0.8660310664926472,0.9727788970647712,0.9605976211126184
cg23777479,0.9121117981399953,0.8901729587908498,0.26539493228936634,0.9307077613985405,0.8913187405613769,0.4470697966333329,0.581294605685359,0.8933087982850134,0.8185238945897222,0.8118724890360892,0.6296577025108692,0.8600739742840943
cg15149205,0.9379482682565081,0.9672959153251073,0.5806234052726028,0.9582426028072393,0.9689220485407273,0.8181262239352608,0.8926595858336169,0.9415901227059167,0.9712142395004292,0.9446153892029201,0.9549385288650866,0.9528363385975395
cg07627628,0.6053741308556987,0.9694854788709291,0.25066456077493077,0.9688225730105009,0.9671449298036147,0.4346157140937267,0.5080622667210597,0.6462943981521416,0.9690347202608094,0.9388801537110183,0.944343731703664,0.9655677926964069
cg24379742,0.8523628630800646,0.9301801412529872,0.2976609204877826,0.8583561672315487,0.960186776210439,0.48608717407482216,0.47342096882579204,0.8496750637342567,0.9524925926358214,0.8720705272230278,0.9279693384089402,0.9386002232955839
cg00944599,0.8013245033112583,0.9275771488072699,0.18064876957494408,0.8008129328543387,0.9207162645218946,0.3443754313319531,0.5628909328981317,0.840935133461107,0.8088320871460861,0.9093517418814727,0.8854653687977854,0.9093913043478261
cg15001636,0.5858895705521472,0.8378498109130199,0.4355018735549709,0.8987384669920471,0.916165744192937,0.6127197223960408,0.689078314226311,0.7491691058580533,0.8364147522733641,0.8772998336276665,0.8086628805940623,0.8875376779960503
cg13680246,0.9274710590938553,0.9604411107042348,0.6055452347521371,0.9209911681290148,0.9356004526171273,0.7580472220459451,0.8697602099296509,0.9222037257897575,0.9657628529073317,0.9522642374482948,0.9393640147883686,0.9539758403041558
cg12761472,0.6647184796672909,0.8046827739375763,0.39512355227679996,0.792878526660932,0.8149103788603964,0.6143081540524503,0.6276690497829351,0.6100464205687026,0.9022079138333472,0.6758844622171881,0.8375762781552449,0.8608974653231546
cg00843117,0.9340331238180429,0.9636540548782013,0.6937964214907114,0.9212889967863813,0.9719212180255746,0.8761334385866167,0.851523595511019,0.9472925736807671,0.9778584974221278,0.968003078190733,0.9643927439088786,0.971753333271193
cg17964575,0.9127971270839119,0.9493833977851434,0.39785949703155854,0.822991659297154,0.9455684942016281,0.8061564630092278,0.7348625335443049,0.8937085953896178,0.9225967606831389,0.9379269258810194,0.8748400576023155,0.890462552577986
cg26950756,0.9780959595876287,0.9857141498653412,0.59721971253313,0.8587931877689646,0.9845962752198603,0.780642412013461,0.7460109318465056,0.9675797270028064,0.9827341202086302,0.9638010094752597,0.9740840824398185,0.9794578428538813
cg07880190,0.9473625675439471,0.9177750239878786,0.502339814238174,0.9388954072966058,0.951070183309888,0.660609760808559,0.8927546083121439,0.9507279580838233,0.9494932696503601,0.945398387689272,0.9207395309096695,0.9217115071759152
cg26129027,0.6201183173723761,0.7774648191727238,0.4237788378534139,0.8235435331258316,0.7130128321582835,0.8355612231208024,0.7406415993634556,0.7191723293168291,0.7395484164018856,0.8889326677935925,0.6724085720036401,0.6930889248010937
cg15683542,0.8880281836547811,0.9445619606666021,0.2998643496946871,0.7498665744600614,0.9269888812903757,0.5439944318140691,0.5465607017527425,0.9003545442827552,0.9352741159253157,0.8965735971155715,0.9203596222560904,0.9043758934057268
cg10583651,0.749385155409439,0.9124906590521162,0.2845340614214029,0.9046647050567809,0.9392704838303341,0.6515772329063414,0.5326502092947178,0.8642029169565413,0.9172978266500976,0.9066052237433633,0.9147841235124242,0.9149253682745214
cg18289508,0.7598805387173571,0.9613618402277117,0.410522405786788,0.9534404425333856,0.9462987671579113,0.5731241609994211,0.8552199672602107,0.8930001752989374,0.9666832645367158,0.9438064864257709,0.9518710826065124,0.9524334851270113
cg23005797,0.9671084588161821,0.9733940256657058,0.534782878027628,0.9645467058530002,0.9761597296579583,0.6779994631833229,0.8971662185103504,0.9611446490435303,0.9805551329649944,0.96739064692842,0.9680234279859277,0.9707697459694781
cg07784293,0.8621117280294581,0.9365314428735179,0.45309636397139796,0.8509797578045548,0.9349390285906535,0.5761517379782262,0.6024838896389562,0.876281792578732,0.9611747439634213,0.9297350369137605,0.945013139721978,0.9566953182478403
cg09222732,0.9491097138155962,0.9392363241784658,0.6866076696165192,0.9224051208740938,0.971612788259065,0.8745270688587742,0.8545023218878556,0.9388392358985573,0.9478773835150162,0.9493604775281921,0.9519070983541553,0.9494498959262563
cg16497398,0.7817799395293809,0.8308049400966178,0.34997737215266256,0.8488139381935866,0.9074246871631448,0.6629940119760479,0.5400473166794335,0.7799914741516234,0.8573034160828277,0.7118331266544123,0.8669764952633738,0.8492812219227314
cg02619107,0.7849126376468832,0.9356660548450759,0.6461885232994081,0.9566299205885207,0.9408503598985585,0.8316080827792882,0.8678565762008759,0.8284188370379468,0.9482424300996768,0.9264515636201236,0.9284108627733854,0.9441813984981446
cg12419766,0.7028810348206703,0.9574336556360271,0.539805722732552,0.9564239867184734,0.9630029202750474,0.7449523938145722,0.8445579683248363,0.914021211948111,0.9708459341067124,0.9492210647100637,0.9460521627406228,0.9453129540303364
cg07340499,0.8058001929851993,0.9304107035897293,0.604694065862365,0.9564457347964107,0.959455866623139,0.7505340630010828,0.8694188262988121,0.8828780776092227,0.9408769434119928,0.9499548951615212,0.9405051425998898,0.9445440107550549
cg06828613,0.6179923041389932,0.9247698220488618,0.269224286032942,0.8793267116085332,0.9665695780092504,0.4229283160414372,0.5979293476426928,0.8597359926746133,0.9461257562417993,0.9087490117509773,0.9285389512919625,0.9396003290847774
cg23635663,0.9480808672721945,0.9596685403470451,0.5500227634873662,0.9514023432154265,0.9619456679232703,0.7452625488210618,0.8349695800755654,0.9273543272538904,0.9604298145015718,0.947796667873988,0.9513501085177386,0.9569386647367468
cg23506728,0.8951677566155593,0.9559946896368013,0.4447117109027429,0.9668947724851067,0.966596164524972,0.7225357360907633,0.8535366600022518,0.9499457566583519,0.9566470941261274,0.9364181629185506,0.9425770187892146,0.935473695756517
cg27297043,0.9296362090863719,0.9434792842576979,0.546430163732457,0.882599070058232,0.9755106696337448,0.7084453264156694,0.7351967719350849,0.9112358158526066,0.9551376490054793,0.8971106871634995,0.9490768189368148,0.9335889084172604
cg24525744,0.9569032460423683,0.9591426242661025,0.6219971698962523,0.9080470298651134,0.9532276576032248,0.8003081235901048,0.8189067870066413,0.9604211462880015,0.9317787641125443,0.9469608616041536,0.798067396846464,0.9381729904654174
cg06288253,0.7685873123084117,0.7996456474668748,0.4882027235995411,0.7549536301734499,0.8556577807808661,0.6557188461649075,0.622652151580717,0.7666973880097424,0.7745762584539917,0.804653398646271,0.7786850104751208,0.8202818601042968
cg25404597,0.9559586884261404,0.9610135533805975,0.8293071430235051,0.9749560849863053,0.9749091324319666,0.9610542181092055,0.9424331652215014,0.9728364109861858,0.9627860296935604,0.9609422738498026,0.9680162101715211,0.9717048655357504
cg21814995,0.9336859060906555,0.9216835401238468,0.5487677900385997,0.7506905151010157,0.9596557999382599,0.9103021552474642,0.7229263507887463,0.887399487380619,0.9528431969182936,0.9188761308116616,0.9148099135266736,0.9467817885320707
cg00292305,0.4672721917774127,0.829460074926326,0.15865885998179333,0.8599252509335158,0.8138851961305107,0.5179074674389608,0.6897224311343554,0.8660337173868503,0.8439013854005899,0.8942582733397438,0.8521507959196715,0.8520392886081791
cg19622138,0.9506456290606002,0.972475355806474,0.5993782872176371,0.9677820061900617,0.9605543368993559,0.7176487576364521,0.8636670030027744,0.9475010431360149,0.9620759390563367,0.9470146831519619,0.9484667566571163,0.947004881594562
cg18303608,0.864370373727211,0.9462071039277236,0.702089663224884,0.8836363208339262,0.9576905289604268,0.9313510117428594,0.8215597230906548,0.9309648774758821,0.9632897944761758,0.9220451757426574,0.8846590561891725,0.8556900479606258
cg27518047,0.9517449412531539,0.9362296613579544,0.7307799942758282,0.9590393044142169,0.9515876181461718,0.9023196364891507,0.880625427327201,0.9441798566341734,0.9497014479743248,0.9230211470468087,0.9382744876782103,0.9369693754280904
cg18835815,0.4991056005848298,0.9503969380485515,0.14594454393774273,0.76833117197985,0.9071054488884961,0.33434007493011353,0.5578010100168445,0.8270681155270002,0.9435757163358396,0.8467078574293904,0.9269565259986412,0.7021023091694117
cg18051361,0.8850788172917983,0.9192312412020158,0.6336951594928845,0.9371499618793409,0.9162671601030858,0.7531324670431494,0.7268564460122505,0.8714707568562017,0.9217511448624733,0.9050789183082358,0.9026448384320522,0.9264820240489333
cg10295609,0.9318097123924529,0.9455495565924802,0.7342990239037063,0.9505442394567806,0.9703042186863451,0.8424147920882842,0.9376197332746101,0.9504333466997342,0.9626031827270582,0.9586736334237498,0.9248025791907613,0.9498421363787255
cg05519606,0.8651113927757064,0.9246382140762854,0.27064025033463596,0.7728138385103666,0.9486026767653775,0.44824059531270166,0.5620386851876066,0.8607871490690038,0.9534891941881323,0.9320698005175195,0.9200838884539935,0.8356254725236634
cg23271530,0.779873520219353,0.8126272666948811,0.23658564849496266,0.8316842622962102,0.809478897762165,0.3789053135704322,0.5015276982053394,0.7660927504455772,0.7726650107055402,0.7534761148895313,0.7551299739006121,0.7726492493876698
cg13011976,0.7385159010600707,0.874811077193165,0.2981479704442952,0.5668615360028284,0.8491512580079954,0.502653399668325,0.6746767574623556,0.8165974920435521,0.8577935634442801,0.8312889778227808,0.855196164181011,0.8574731626754748
cg09449150,0.8741274681244586,0.9138274138664765,0.7532289715080387,0.9343106497786837,0.9806992204188231,0.8790298731734443,0.9063970751664195,0.9573036064785514,0.9117522446855129,0.9313400287098188,0.8808781773973247,0.9242828518592567
cg18395354,0.9661532718900983,0.9600881594572386,0.9642515344162115,0.1068850882519774,0.8968865415263987,0.9677965577419534,0.923938236705677,0.9679720269658771,0.9352944486436243,0.9415832987406949,0.9410990341604109,0.9473970193562498
cg26960322,0.9670872809686515,0.9164840557807006,0.913036520304211,0.031205124090749246,0.8649165211010406,0.8725654599037671,0.8614109801479953,0.9354715573172977,0.8387761705742647,0.9116053170108627,0.93429193256733,0.9165405697381744
cg10287321,0.9448096160325026,0.954246269082323,0.9404021424747683,0.06169709608080898,0.8460687657906476,0.8419906609620509,0.9410528177980131,0.915513087108891,0.9650145781656008,0.9469629459794067,0.9393659966764139,0.9430290565574272
cg00601124,0.980380710205001,0.9852551518937178,0.9527086832591253,0.05487765581214832,0.8909333465107236,0.9581718215239187,0.9352901957583416,0.9795010641669281,0.9556541660020409,0.9556913841414375,0.9630062773470267,0.9634416720933825
cg04923194,0.9834575454227446,0.9470860642761485,0.9524280340256014,0.03138616743302095,0.8734248303897126,0.9165831951401728,0.9365988696555689,0.9739127285734099,0.936697358430274,0.9460517016475456,0.9231684310874371,0.9468736117643907
cg14733637,0.9276940256839754,0.9302643062386103,0.9454984477406002,0.08660818388199634,0.8640067200197284,0.8803721754541427,0.8923882724130023,0.9030053381247112,0.9033806178663137,0.8934281148278652,0.8970810689109775,0.8920254057868737
cg14495399,0.9323742186843608,0.9304828740771778,0.8873608394997046,0.11253356111814233,0.8568735865455115,0.9040363251031568,0.8550003134890873,0.9232019995112257,0.9203525097801462,0.894134099661289,0.930291153050553,0.901628760520084
cg03653880,0.9359315508691155,0.9402910541429234,0.926156202111942,0.17128095585311282,0.8976056021854335,0.9329969673010655,0.9314344989271869,0.9350678782241423,0.9545839853699966,0.9380026041547784,0.9375179949346166,0.932061703244302
cg24128943,0.9051900444784715,0.9280162752418954,0.8997549480354171,0.07583524175887774,0.8165799192318126,0.9164269637467213,0.904116723933925,0.8995571283784739,0.9353498394466606,0.8887526358903142,0.9148070160176955,0.9161026681812688
cg26510178,0.927170868347339,0.9540711198721707,0.9242922374429223,0.1436972239931522,0.8483994314037269,0.8884620856451843,0.9040572210556642,0.9219730133594761,0.9472411137194225,0.9198101673589516,0.9293125021282067,0.9428593640674804
cg20976977,0.9781692109045556,0.9844204171963137,0.9852333017259441,0.10948750152142504,0.8953270349350364,0.9771718353744664,0.9813114015138651,0.9809185888868115,0.9864364849055796,0.9715173747053356,0.9687350971621064,0.97772060754032
cg07316730,0.897575740507517,0.9334733508470144,0.9294371150462658,0.15312330836222676,0.8442427724464849,0.8971914584398744,0.8973756598273166,0.8859113720988085,0.9209581577576297,0.9226693553663872,0.9158089061564272,0.9074758022949743
cg00148025,0.949822476245479,0.9508816722017126,0.9362883869518023,0.10890219161477971,0.9078619953855009,0.9177422057657117,0.8804252871497708,0.951501367425342,0.9459416306039499,0.9487707113582626,0.9355310221162443,0.9408534235353909
cg25382573,0.9199413263336679,0.9255103557985992,0.8312251869633459,0.06260906095935984,0.8128229785307335,0.8429783462074205,0.8807145353116881,0.9200739895772249,0.939501840048736,0.9086450914695163,0.9131866926277944,0.9165386227126694
cg15829423,0.9518887035266279,0.9681904675268792,0.9622050825647998,0.05587916687304734,0.8543121750203637,0.9373313696549759,0.951453320106714,0.9449477868289475,0.9772920794172747,0.9535408548062458,0.9566016346460376,0.9311616682927699
cg08220696,0.9716652577291197,0.9750596697990958,0.9387564049040024,0.1226396550518184,0.8993378194930083,0.9579524193800139,0.8883807645035194,0.9524954724907616,0.9516669788277667,0.967369779715906,0.9634638576773782,0.9660000857328446
cg26383838,0.925529141429291,0.9380461660709057,0.8857406397300586,0.04479467248102348,0.8196098005412307,0.7711519191327088,0.8813435527173903,0.9065378267261357,0.9333910032825457,0.9213682741960066,0.9225593951910668,0.9198832083948051
cg22084515,0.9726798708646878,0.9756065031693222,0.9520065550252645,0.0465763293940516,0.8240924941335113,0.9662837306209293,0.967651512756323,0.9715549653849721,0.9719524484341566,0.9585078267852594,0.9655017325354114,0.9699611527990197
cg07960360,0.9616395165528113,0.9656248070165031,0.9637329998436768,0.044904596488985385,0.7900449721995234,0.9581076599977894,0.9221562611987651,0.9665891841114196,0.950853534120701,0.9316425088945648,0.9441290018253765,0.938246536072623
cg09241714,0.977507800147483,0.9655624765838384,0.9101311247383049,0.14899255364656006,0.9108140512120624,0.9404134142337303,0.9265123017639958,0.963518496868625,0.936846593577868,0.9110644930832934,0.9393752375373181,0.9407493854317347
cg08761324,0.9795806337314217,0.9713587622993769,0.9169813206635666,0.04767361650298063,0.8809165588456833,0.9092650604347785,0.9007186068417898,0.9727740746357809,0.9746719820048981,0.976726884681723,0.9714804217905944,0.9711121055654993
cg01884715,0.9619968070629342,0.9404166110182453,0.9134956784159454,0.018706094633169443,0.7832206221262743,0.9117172274011192,0.9160070251770032,0.9563843056021009,0.8999951183088238,0.9445084363411174,0.9140889691724996,0.9343996312279106
cg07044414,0.8631291695953248,0.889380578598869,0.8798609851540178,0.09597601245668486,0.8022635627560297,0.8809968632048569,0.8955977440735725,0.8451787278317457,0.8403105107900828,0.8852024067212401,0.8285336657830997,0.862294757882531
cg03680932,0.9734534631164026,0.9656646352748618,0.9783498349834984,0.1531287813614603,0.8881654535766029,0.9816606299573609,0.9699395067123707,0.9738755124456643,0.9820780379165217,0.9638574101109547,0.9567420250504011,0.945681042114582
cg06369076,0.9653189178091895,0.9554275410256342,0.9657801600363957,0.07730184237933319,0.8167921888945232,0.9582981392025173,0.9564957753374559,0.9610858282548741,0.9633133327317756,0.9598997344790015,0.9598877092878442,0.9589795465791703
cg04330057,0.9433700844492603,0.9093637474362084,0.8857295717013214,0.03956891642161858,0.7318207519828778,0.8971965304000252,0.8989447591355142,0.9309432178936652,0.9255506164510785,0.9085817733080522,0.9133073867733577,0.9162833698759658
cg00083596,0.9406975344742271,0.9494124443682346,0.7944215401680105,0.031967049682738474,0.8514495362009216,0.6968038139222904,0.7143545185238034,0.936656073348068,0.9398318226410649,0.9076235353979164,0.927093666304068,0.9373048354427738
cg27576271,0.9475896929668878,0.9529883478707183,0.9236503387402325,0.04612611928409299,0.8272971713135535,0.8430039118207504,0.9347292132296214,0.9510976056020995,0.9531108533774174,0.935865409059884,0.9371908855962423,0.9288084990758975
cg13678009,0.9330157237789998,0.9001278867269682,0.9281840078281945,0.11685131937793364,0.8490367976862603,0.8990902024228206,0.910150139317986,0.9272330059775267,0.8257392629438809,0.8994976530813807,0.8486419136840264,0.8794360588255247
cg14101687,0.9574926748398178,0.9740198287525377,0.9619103687248767,0.19445776242789087,0.8801466755291952,0.9696684115592509,0.9648672706731313,0.9619501849318141,0.9744244558694308,0.9605919577468953,0.9581352696422321,0.953950916002184
cg20561261,0.9552341514757094,0.9454107017223139,0.950021141393457,0.05934548890086455,0.7907999725576111,0.9203284622750258,0.9192155820349521,0.9418952215368068,0.9322264261949462,0.9363979254778064,0.9308620522009117,0.9337502818740746
cg27157619,0.9375026625029945,0.9303282586047674,0.8687531321573232,0.13068272144714277,0.8562211956981112,0.8436696311806338,0.8001715646272571,0.9271456116185042,0.7940986262160593,0.9253886104509202,0.9177529253747904,0.924795041388724
cg23900696,0.9507560398304723,0.9401450215155959,0.9338053374243437,0.07220906660832604,0.812931315427444,0.8993574046146892,0.9022464465093266,0.9446187961712907,0.9444407270450643,0.9187834187060602,0.9397427603272008,0.9507825399287458
cg12208691,0.9633800224796226,0.9663938812264231,0.9694847482560058,0.073288598367522,0.8774510528227379,0.9494577086973194,0.9728305936511802,0.9657571605357178,0.9644898661283736,0.9560696489847991,0.9609650052620039,0.9611170273968273
cg18822703,0.9409243353583657,0.967545964071151,0.942452837953764,0.03997551036059638,0.776156887075061,0.9310006951583213,0.9304428568238791,0.9340007346834487,0.9592181308865431,0.9521513504693182,0.9521340503361652,0.9569108230547556
cg04329659,0.9468449794975675,0.9604497947825517,0.891374323803775,0.08347156634463998,0.8513323356909308,0.7988617587878039,0.8374034462273576,0.9588097558483153,0.9776995235062607,0.9540526171930646,0.9511528151056745,0.9419285647616836
cg13551330,0.9703312423129407,0.9761496364466848,0.9665158872833365,0.2765200236988765,0.9338483124440111,0.9519060150005363,0.9539899360790837,0.9691164620624646,0.9667952745886176,0.9477487573848314,0.9569617294516672,0.9579931194816932
cg03822267,0.9636186142611572,0.880312499066191,0.8058050362532269,0.030791395635601237,0.783917684568566,0.7725301885483659,0.7237485341854722,0.9117471303209503,0.8184702675487041,0.922607328673068,0.8088121424839916,0.7691950257960917
cg27416848,0.9526278283345111,0.9619593712007113,0.9544835573714296,0.060411293950267286,0.8412407930938846,0.9507926801545379,0.9606323890086517,0.9460695095486111,0.9600732899910452,0.9504302988637222,0.9332571783689338,0.9475566454432525
cg00087511,0.8588919958369565,0.8901346616680661,0.8920419905968375,0.21077193454508358,0.8169660619463646,0.8450216715659953,0.8596213722644384,0.8682700448661824,0.8966626516793015,0.8906024699219857,0.8996670709824492,0.9090057273047003
cg19277389,0.9355558924957512,0.9181483011118251,0.9475748152079573,0.08227733203269338,0.7347819141994124,0.9071948050254528,0.9096500637040162,0.9055161431371648,0.9293107192050192,0.928040721709479,0.9047490193381988,0.9189022067717997
cg03717570,0.9780878451410042,0.9717638369085237,0.9825011452130096,0.05717576328330153,0.8243130117047316,0.9714032855799546,0.9722932108214306,0.9742468666054092,0.9731884852043793,0.9613142429977735,0.9586679454864065,0.9586944984963736
cg06099459,0.9708493951689832,0.9834500756180626,0.9018946993236245,0.1475731132553214,0.8621493052392519,0.8938067721366793,0.9364013653244452,0.9684023431526673,0.9785854340998686,0.9674154339146143,0.9662172059737691,0.9648626625508988
cg06541733,0.987719220223836,0.9793278580975568,0.9194982557253528,0.17259523345769195,0.9589589361183293,0.9228661185127792,0.944951057828997,0.9798803265394509,0.9756839201333709,0.9738563151622792,0.9754794557435345,0.9757369038047061
cg23731501,0.9089844043510962,0.9479275960962081,0.9528829317146394,0.17731832679679332,0.8459821995733208,0.9010607483292861,0.9094710068187111,0.9366587120503413,0.9305390097470252,0.9189251788406376,0.9279084470214163,0.920905831146441
cg02079700,0.8404257391807594,0.8546050262169972,0.8278750579513378,0.09975402002788086,0.7382264764919484,0.8007631325997765,0.8012865249251137,0.8421959879056788,0.8559539758184033,0.8264619244847656,0.8354460917512899,0.8253827287224895
cg06419212,0.9777481501692251,0.9801150167284287,0.9813010661660465,0.15344311375903943,0.8115623159060605,0.980015355061365,0.9587556325978317,0.9825299572353181,0.9824896675259949,0.9698927557374342,0.9756869137134725,0.9795679201576346
cg18861762,0.8876794814224924,0.8885214335835145,0.8411518104353506,0.08931097968225832,0.767015572299324,0.7848756030146387,0.7848252810023792,0.8772552156964397,0.828737430244384,0.9046776685149953,0.9026869236138106,0.8940667054018328
cg27317694,0.9743632178396395,0.9636442740917657,0.9474218519248045,0.0692930860930428,0.7299963323836065,0.9703527756064664,0.9588814408244988,0.9491149967765842,0.9428405441285198,0.9500771652974083,0.950160613603571,0.9456051860780295
cg06013895,0.9442356599507166,0.9605940092813646,0.9592734800031184,0.22155064934283597,0.8912076925475059,0.9497894390046332,0.9556718727257396,0.9514002653788388,0.9531094028886178,0.9588811169086977,0.9457702613932253,0.9449782116198691
cg25099065,0.9544395927078432,0.905973658997972,0.9602790577660664,0.9260214539081006,0.10127251864080627,0.9550466736970459,0.9621960590963894,0.9430598350223074,0.9160303119221873,0.9539488065848709,0.9254292567729198,0.9374080140407834
cg07076850,0.8547727825880063,0.9062672949347067,0.9368972607992345,0.908267713270454,0.1362928014668117,0.9216823778231007,0.886759033190833,0.8462548803499365,0.8631518458665863,0.8791420135143467,0.7862398417253138,0.8400089059744221
cg05484949,0.9643304130162703,0.960764185547075,0.9621867881548974,0.8425088850419026,0.1779568320787795,0.9614325068870524,0.964991553690796,0.9661310740920608,0.9515328652692414,0.9593888872956717,0.9444547000478092,0.9550925925925926
cg13429555,0.9685226207742967,0.9775236058160699,0.9702209912673907,0.7883475288652091,0.13136521627769615,0.9716813213683613,0.9626694521495269,0.9635622312652137,0.9820505088262419,0.9611502206699444,0.9532755136619162,0.96251586910719
cg07373578,0.9549443138284799,0.9498410272533263,0.9558578735826806,0.8256580313895547,0.18554993753241492,0.9522316610389503,0.9390925288308762,0.9411556315272851,0.9319194780294138,0.9306635588125892,0.9231490581266053,0.9283071483253014
cg13918228,0.8145524909670682,0.8605216593135812,0.9529855693056346,0.9517072436040918,0.18709349022772062,0.9600581432342826,0.9619027590646412,0.9260814560892597,0.950422679338637,0.9376803637561786,0.9403656714482405,0.9527620559608615
cg17634650,0.9486182098525728,0.9579186495434078,0.9194525247325681,0.768538614455446,0.19624732800835448,0.927304928417656,0.9435626263865955,0.9545401240469249,0.9617184779868686,0.9486372271311616,0.9383629000484615,0.9486773777370838
cg00476430,0.9204915543335594,0.9218020656796564,0.9269048401459403,0.779040562713724,0.11652869083851547,0.8947302551416554,0.9327663687156201,0.9308870714901587,0.9192111426661838,0.9134312878690887,0.910702819024148,0.9041349741219223
cg02522485,0.9301075808957623,0.9467014725396725,0.9295365573035826,0.8871948254479829,0.3413903086242896,0.9349297905179835,0.9470647892956137,0.9436097180690501,0.9599049034795047,0.9370679621155008,0.9365345640213179,0.9398002142670069
cg19776833,0.9391034913373288,0.8967425700028215,0.9414847161031693,0.8690146468909284,0.22988789564742707,0.9564675123861693,0.9695352186359405,0.9584644985262247,0.7667766974503265,0.9632131313739302,0.954205737997363,0.9652586288946693
cg05816398,0.8803755135704152,0.7492916911383265,0.8533911317046525,0.6655591226040852,0.09774437447796572,0.7114186059724301,0.8973210242756784,0.8941838693070474,0.8349238532098471,0.9164975688079191,0.9135041188583708,0.9155083335025391
cg02641941,0.9214316450915884,0.9039068183449217,0.9475039882184085,0.7759575030371282,0.2228677972492334,0.9309638949162498,0.9488183897764341,0.9416513173554069,0.9409414933102276,0.925940278246236,0.9365952048297486,0.9378067033638922
cg26330304,0.8608346622143601,0.9501433349078003,0.9341433827589428,0.7944390051498205,0.26443208662556383,0.9360766710270961,0.9467813478670295,0.7598831394372365,0.7549081777703075,0.8120450048324711,0.9115803631000883,0.952915760456351
cg27436324,0.9660602687441836,0.9740730011816392,0.9726101749723743,0.8088607840489523,0.17897520139818618,0.9696741955210749,0.966986207101442,0.9687459905237401,0.9656026531923398,0.9555617491853068,0.960870532923606,0.9648498797374576
cg25735823,0.9093004171378508,0.9133808483257299,0.9336294816240305,0.6896313537522087,0.1763589029892565,0.9169447278183531,0.9106542089322633,0.8839437021795591,0.7615129682504037,0.9079638929377405,0.7110799688691478,0.8410977936296465
cg10809134,0.9112474031151419,0.9363196696515536,0.7537237042581023,0.7872256898055783,0.12004506774090044,0.6605758146339951,0.6697613816712367,0.8986186140798111,0.943436648722765,0.8697107800558532,0.9145692012120976,0.93622276829684
cg27184438,0.9334264432639588,0.9643492337531163,0.962623108494568,0.8026991437473976,0.3244436279729383,0.9024402584483947,0.9115064152835692,0.9152444418196212,0.949581028618536,0.9338252942633465,0.9318720059242217,0.9402987398180822
cg10361659,0.6519941054515438,0.8664257653412388,0.9122137638327964,0.5874476932056674,0.054279601880492134,0.8854711586306192,0.8864501490568236,0.729447223838321,0.8609558037199914,0.8152275960881369,0.8374789870198018,0.7983502374326488
cg03653817,0.8548873092484724,0.6097321921026515,0.9292815133929566,0.678952221803528,0.09128693821444556,0.9072543132739477,0.9277724465140704,0.8691367058211215,0.6421432033139274,0.8531169844236242,0.5996462649797172,0.704050735953223
cg03328673,0.954823540008246,0.9555192731091477,0.9441658016102839,0.6184122746827567,0.08268125184134284,0.8759636908988124,0.9186723488440468,0.9446474655099705,0.9437696074026924,0.9344406422483124,0.9077680766636302,0.9345529522329319
cg17453767,0.9735598059922775,0.963022993463357,0.9338280149022525,0.677814093307946,0.11811491194016636,0.8442992786757235,0.8800998347507005,0.9660303499292566,0.8956951988077835,0.897563314445667,0.931260378998586,0.9532847248845235
cg08246318,0.8733987731965323,0.9050770805728279,0.8353062864188179,0.6276409088550571,0.16576568712620485,0.7614552594885933,0.7810681385161362,0.8666211995239224,0.828223518985139,0.8955157180489353,0.7956159708751877,0.8444479342756661
cg00649632,0.8453836257919016,0.8483713147883511,0.8562412103718909,0.7996405355176384,0.26485249836468305,0.8048793318282272,0.8228541311280115,0.8399068043788875,0.8781753011971535,0.8722269576293782,0.8288429313432711,0.8545729995327334
cg13276502,0.6614396895259517,0.6987996227196596,0.881207367731358,0.8007324059051266,0.11165379246939365,0.8140558165224865,0.889204085409828,0.6967595858268836,0.7733733309956956,0.6142061755847426,0.7299312604689934,0.5579056165903578
cg20847766,0.8531623603083153,0.9011204785196203,0.8400345971195073,0.7210294183439271,0.1950973280781983,0.8669607956081773,0.890866595498103,0.8816575634156498,0.9034265167886395,0.8149370580225337,0.8092271869235168,0.8924255989474938
cg03386536,0.9697764582808841,0.963680354935988,0.9720304114054267,0.9702313025824595,0.4875467525733688,0.9683190520965552,0.9682282874456061,0.9750911556205433,0.9592049602228958,0.9626969389413247,0.9587159309252746,0.9627667806794397
cg01598421,0.9580598103574034,0.9582998872574064,0.9480100020837674,0.6580463728660239,0.09792620231869913,0.9689072733540158,0.9636001724030703,0.9642370388506463,0.9629994280309715,0.9413917061287829,0.9503292525920433,0.9486436448522901
cg14422093,0.9281936804061743,0.7645960452057421,0.9283041836424182,0.6939663271756069,0.19550838554490216,0.9078311185685817,0.9141812345365518,0.9278655604607311,0.7958598637004293,0.9031823707231055,0.7825435353178919,0.827785038920579
cg16098726,0.9396123731897889,0.8600648672180022,0.9511378780481077,0.6789387554714228,0.1080427485960366,0.9512515854455628,0.935882469742447,0.9417057950840175,0.7923749869695074,0.9434061187148056,0.6937783240529103,0.7893832773639511
cg03238899,0.9280994664612708,0.939886994782178,0.9347271511222508,0.5558516174211341,0.07293704828215175,0.930857861867239,0.9328851492792166,0.9161979220423485,0.9384595042558193,0.9055075008910168,0.918427669440723,0.9262286323548989
cg08986727,0.9681133316289589,0.9082869869907758,0.9750828289251986,0.9369265467453564,0.3997002544923228,0.9771218866045753,0.9765477282756099,0.9666004254705064,0.9536347702337038,0.9596275727178778,0.8054215868552044,0.8366063027751499
cg00374717,0.9565917841723106,0.958298159750777,0.969683723823179,0.9319733098452165,0.5075452002686481,0.9599584952533646,0.9646541567706706,0.9532686389637891,0.9674150785319896,0.96085014002695,0.9575878071116352,0.9646501043335292
cg00863309,0.8237958408804129,0.9262177050580027,0.8956139816491879,0.69391304874617,0.15218645101334047,0.9116807537844653,0.8880144496067718,0.7453003980561169,0.9672852726277787,0.6019690740437004,0.9650447184032507,0.9626282371892034
cg10678215,0.43626841274088257,0.868874741747254,0.6519543706844295,0.4463859552735786,0.04429469111674683,0.5815659557034523,0.7446423514966544,0.41602303286270065,0.8123459349547311,0.6473223218137742,0.6864669400416368,0.5425976676398339
cg14905514,0.8814751348568188,0.8938360378130754,0.9032606895249419,0.5711908717043757,0.10976973831145875,0.8065497352701463,0.8598813964519424,0.8583447964992199,0.8888513092323997,0.8966072919695327,0.8634485842924634,0.8812684886160508
cg15552491,0.9730237616906067,0.9654763981334119,0.9189069938765366,0.5119231334443278,0.07190422271621749,0.812721583072928,0.9156640250123999,0.9663149139767447,0.962708747830628,0.9520311701557085,0.9427906232101799,0.8489999878397996
cg04074908,0.792105030947905,0.7696904259189383,0.8205432854922343,0.5155234500942976,0.06445753771751961,0.7759442275395582,0.7761106918243728,0.8049039326309015,0.7623753427997477,0.809439782843206,0.7660166679372524,0.778687537000688
cg25107522,0.8498364621718589,0.9018282760092171,0.9286382770406054,0.7680216589058428,0.2791413424082291,0.8536111302674207,0.8639380330378903,0.6851256641750709,0.8640224756952226,0.8580789504447267,0.8702465297025319,0.9236576884106495
cg07433769,0.8636352019687629,0.8809706860989404,0.902570542836716,0.6350941928055758,0.17202688546206185,0.8744495076166847,0.8833946621203128,0.8629717212338851,0.8642507634782709,0.89597448568042,0.8861490215480994,0.8926857701288071
cg16586807,0.9811063742981982,0.9831112023697072,0.9857722393078272,0.6487784575931341,0.10520923182830799,0.9809755718241437,0.9685186529012976,0.9748992223756343,0.9850427712006086,0.9721646673191187,0.9692765126601255,0.9756898926104627
cg02563364,0.9701288907911035,0.9515042727215995,0.9357134787955574,0.7896062179427804,0.41088988781066177,0.9396570181425712,0.9304081172340324,0.9612087803223063,0.9304175337723013,0.9354156651919939,0.9286056862062199,0.8879916672645906
cg11972721,0.925297961441015,0.9315793353998021,0.9192344377705765,0.5856584062707837,0.11304875257457758,0.9269885694451057,0.9328831822370176,0.9198765084163014,0.9241410636791763,0.9335629691843669,0.9146942877599349,0.9299014840814923
cg12796332,0.9476071236409443,0.9391528808516882,0.9861673176428059,0.9010511865740566,0.4601722411839074,0.9726543540209773,0.9431531373567066,0.9430241341914098,0.9587510353390076,0.9346821998455984,0.9398055205767947,0.9420254719818602
cg22528123,0.9265063313037464,0.6876597224041641,0.9425812227540652,0.9005842016905792,0.22025204802799264,0.9256018396134507,0.9414782489091815,0.9394963114354447,0.7959138498576479,0.9261202467500477,0.7183063191034267,0.6187189012736779
cg16417374,0.7959420532795889,0.525342022698138,0.9487451825202069,0.5260648633526047,0.10287860743740171,0.9535938596702358,0.9601932490640003,0.8875278018394601,0.641633205439866,0.8499723273198603,0.540527608539935,0.5919843327440117
cg23325384,0.975540679677795,0.6733714943196683,0.9807978728904382,0.5860710016352233,0.07276271585230903,0.9722869010550915,0.9721690924166725,0.9589380051146965,0.4350741748604963,0.9174967328235386,0.5758930064283749,0.6435185164865673
cg06916059,0.8100002004449635,0.9387082308747909,0.9384723981038668,0.6982925712567678,0.21987375032308934,0.9271120886948471,0.8990173075305841,0.832643012837673,0.893947204596585,0.8781306716989572,0.8743233564492447,0.9225316459273936
cg09299082,0.9080301462332053,0.7979273432712817,0.822375106513332,0.44980674856850245,0.04558120662039106,0.6815028836528145,0.7978026504260423,0.911381013085879,0.8906717344819597,0.7866471849387302,0.8933713326532411,0.8929254649705134
cg05776861,0.9451464228316035,0.9819430241434092,0.982507256150866,0.4823513274270814,0.06394800014208342,0.97650728553133,0.9743802661172094,0.9393451124941967,0.9828390656675358,0.6635744864612294,0.9669329053404595,0.9664170450675968
cg01502811,0.8411967019785322,0.8586214351612492,0.8768957115044295,0.5475176274618847,0.1378531897077097,0.8656370573391362,0.8378611470241715,0.8554650701263745,0.9114117671801081,0.8647003103685661,0.8510711817840655,0.8622475622654353
cg05501327,0.9715383078392581,0.977871779791473,0.8819261848664444,0.9792488345407899,0.9778662400209683,0.15095564140327564,0.9678576255216467,0.9701557300125839,0.9785557170974231,0.9683041874132261,0.9653857201979428,0.974623436678345
cg22572158,0.9521187066803962,0.9234424804732436,0.8177789646375155,0.9551078935593678,0.9626548754305155,0.1537796488388884,0.9496864096760146,0.9494932145530789,0.9130363492364049,0.932631386610637,0.9402321848755455,0.9493548052465652
cg23516026,0.9745031369627191,0.9712802499385131,0.8885144296997949,0.9343216220105799,0.9828649483346499,0.290422870741636,0.9524757705204727,0.9752651331600803,0.9710766329938518,0.9629594902535641,0.9649250977761494,0.9676630620685108
cg25844471,0.9768013334149583,0.9725952021920466,0.7891985045275954,0.9152387637658894,0.9489195768936212,0.153724576372233,0.9133517363387649,0.9704276853626259,0.9547590187698238,0.9664681705133304,0.9565595183452686,0.9507966825088402
cg08445080,0.9720495060559503,0.9780404641458894,0.9055236201851871,0.9540023470719102,0.9776588283707189,0.21723926134720303,0.9317832574316732,0.9562594957168431,0.9754886548308035,0.9665492567547193,0.9665833373954122,0.9686647887516545
cg15921515,0.9560302463314783,0.9636770227328623,0.8944198197560372,0.9663804313513649,0.9667131014355561,0.2973469261379533,0.9662269303629627,0.9630645099024736,0.9626154040215911,0.9564938060328524,0.9543644583723263,0.9587803468492324
cg03922997,0.9636066281564263,0.9444460799311358,0.9054020601388633,0.8823458325629602,0.9584271958966857,0.204841577944861,0.86770929569203,0.9461527477888918,0.946399293153785,0.9335378954076989,0.9387219964296883,0.9285481541050918
cg15033776,0.956221949025677,0.9472751594187516,0.7782920466491391,0.9520869164783721,0.9583025819648782,0.1428225170291766,0.9600677388708498,0.9685499986752351,0.9414046612271075,0.9526723309016122,0.9504093371457318,0.9569064874200122
cg07003611,0.9588749015165963,0.9545675467268775,0.9275505827208674,0.9248181002414917,0.9699749346394657,0.2968994741385255,0.9618186537250094,0.959037761648025,0.9623197202535135,0.9546844929392888,0.9490387320663024,0.950759265128024
cg16255804,0.9403208609461237,0.9697319999819276,0.8715595661603822,0.8734099075921206,0.9449937240799813,0.2758339146401945,0.9033088638562723,0.9437066293229028,0.9613111009924593,0.9417194590313602,0.9421912723272574,0.9522097469741395
cg03833097,0.9132906099739465,0.8946351195670911,0.6958729557204966,0.9389097183044703,0.9534536488960833,0.14839352701131203,0.8144326976674401,0.9183772594572677,0.9037161909625824,0.9308276844582142,0.9212471595409554,0.9278396185594724
cg05106785,0.8548901439146113,0.890484277833829,0.548867061808767,0.7618102212625028,0.9217849888029168,0.05052649439306722,0.5848033354219553,0.8211867927561397,0.878935501233199,0.8530560556725341,0.8199431957723278,0.8589977508878988
cg10208609,0.9370393793339001,0.8648582158312665,0.6677027546205243,0.775547994604437,0.9415057256442558,0.08780371256602815,0.9459411476999011,0.9438722506016715,0.8921971900977239,0.9297821083598075,0.9355848599743084,0.9345002811255682
cg02033323,0.9664670370081574,0.9796451257160301,0.9215218285448366,0.9784128681375623,0.9746112930666428,0.44205778095147974,0.9631891719175194,0.9718917846176446,0.9795248860435886,0.9743533122882424,0.96873100290724,0.983664617756743
cg00052246,0.9623122414826395,0.9828453068932053,0.7032708499464482,0.8540933926082002,0.9667473114004412,0.2412261474257612,0.9073076844214081,0.9636610128171391,0.9781521872478864,0.9644628700371604,0.9700945139488301,0.9774461889869018
cg02148547,0.7959859764241844,0.9300673628219636,0.542675242255346,0.8317599639571143,0.9317377875589596,0.09750016776837467,0.6097411594736801,0.7968871100106877,0.841853748372039,0.915094772616297,0.8720396162497812,0.896232444802462
cg26408382,0.9343470267341065,0.9572488344486499,0.8663612388121725,0.9488732952307646,0.9370000296469787,0.4097593901619265,0.9299600475486471,0.921983838719443,0.9580541803140946,0.9191078632250635,0.9323168580137438,0.944507505521038
cg08562111,0.9222203837074031,0.9518700674015101,0.720683522682386,0.8037108946016647,0.9010194291722973,0.12124050320283764,0.6165057337986057,0.8626368447510389,0.9509223994888754,0.921048235853826,0.9120509670093366,0.9217844727677892
cg22360028,0.8270105385078104,0.8970467412605712,0.7928246947287648,0.8465330038663446,0.8534503420403563,0.20053370040299331,0.8143460025484994,0.8779403871793277,0.8718936029919342,0.9043225097991319,0.8874971370340199,0.8877639408761646
cg09490124,0.8460237528566563,0.8615760158552336,0.617892487341023,0.7818331389600757,0.9186533610748906,0.09968045109772494,0.6144019820591657,0.8162220076086892,0.8561421850607788,0.8510636409407724,0.9040248032460474,0.9182892777211793
cg09197075,0.6952027948791635,0.9403067447821765,0.5763413637722579,0.9316249647986463,0.9598172225842857,0.10230168086558933,0.6027993270206512,0.6872712598257198,0.9331927678863526,0.8721543827613292,0.9322737236448289,0.9507868451252273
cg18124517,0.9154579356522099,0.7997698161912227,0.5683458927818839,0.9158754277850479,0.9439250999742477,0.05383386875969176,0.5841168087518755,0.8707116734828741,0.6311802284081831,0.7346480864175342,0.4842872266286504,0.6492970562531003
cg05878535,0.957155272650176,0.6735847102925568,0.5047553171251288,0.898708693535831,0.9331402220783193,0.03204263819624467,0.7863071040074703,0.9329380588276405,0.8314335302715115,0.9032954593433158,0.9073004749365284,0.905407911641793
cg23519969,0.9322252900339056,0.9660351622307789,0.7644002636502967,0.967896017213467,0.9616696814991943,0.216828774542264,0.9217595795736577,0.8983800047845347,0.9555405706634502,0.9422559637034602,0.9395386849042198,0.9558213568569014
cg17498667,0.9603447698475556,0.9094441910569357,0.8262846905872663,0.9683593933262731,0.9722290726058102,0.3995072458519806,0.8688193225475498,0.948263195971458,0.9544539114321668,0.9396973940523393,0.9492477294858639,0.9535352273830916
cg00463840,0.93445856819579,0.9035097931013467,0.8111538288331346,0.9496723446724966,0.9415476225432107,0.35379803696394274,0.922201830510639,0.9315208811841421,0.9027173087070536,0.9484059709256869,0.9120353205997327,0.9387332834284583
cg09642378,0.9445195009100584,0.9306736101111648,0.7253238680633791,0.8715979054173566,0.9215785912796366,0.17563332475615037,0.7924721783415021,0.8845472766311141,0.9382162412640864,0.7041117273231952,0.9262856266347039,0.9379468757540566
cg02397552,0.8580147798092808,0.8456258521669813,0.7142494694705259,0.8054781555696442,0.8022353071246042,0.13539735258686858,0.9428624366016072,0.8876754761767119,0.7907334504292616,0.915248492393018,0.7935348919464353,0.8055107628543832
cg19876232,0.9664242297471282,0.848039448116585,0.9271430864549535,0.9701993588451105,0.972068352194676,0.3633476187387341,0.8630844510913889,0.9604382421821049,0.9160683194671262,0.9612748518411028,0.9562215631517331,0.9663951487788898
cg12485044,0.9425826286821055,0.8690457496035766,0.7394436050200434,0.7918185719925069,0.9266327557403535,0.2481149005179643,0.7777147600308771,0.951511160189368,0.9591031929201013,0.9337812900144158,0.9564995535377825,0.9596187620288021
cg13345122,0.9347323567265098,0.936832336507524,0.6707661631237837,0.7885345954724721,0.9655954998776766,0.2901128894431684,0.7876039339546639,0.9186400200674213,0.9002571606760089,0.9063323306505715,0.754811455940451,0.9352047825577108
cg17392230,0.8541663326571141,0.8790276462918086,0.5890455489081651,0.8509194907283069,0.9373461627843588,0.17222522206728766,0.802240833371461,0.9156842756062815,0.8676067289174201,0.925925836570961,0.8865982128306877,0.9288739802260222
cg01554304,0.963719228664067,0.9653036521207177,0.9065151055793848,0.854122526926613,0.9586911118225496,0.40471771359764164,0.8834927290041696,0.9725508707392301,0.9737204527912273,0.9479936528817393,0.9567768234388625,0.954756875682807
cg25557227,0.8814338647523998,0.9112707442916816,0.8011363992064238,0.9117659795638724,0.9463513920235549,0.37593576231276826,0.7976253001936191,0.9395725567320845,0.8978479176594449,0.8876904220274867,0.8868361221424597,0.8977184375830616
cg23541811,0.9300122112189275,0.9287168394065928,0.7817059433514254,0.9012521697445224,0.9429413455365468,0.36769188324623137,0.8243471311379761,0.930477058237741,0.9328664734574117,0.9223819865377945,0.932160626824756,0.9230675126323061
cg03873220,0.8313908592721568,0.8832712774492437,0.6408795687037832,0.7386306324629601,0.9125004842300877,0.23002167698091475,0.761009706373702,0.8579459701280727,0.855932336821658,0.8820596220695445,0.8966219440570304,0.8941990020563233
cg16685586,0.7837452605940841,0.8881184285516412,0.5863027782249401,0.6322720706030687,0.9558711418289203,0.1750097499706674,0.8548785317339596,0.8546772563334613,0.8922657933811524,0.9290804537194375,0.8869660237782367,0.8938470745400232
cg02979010,0.9799430698470817,0.9638802718893433,0.7997183414082075,0.9596505190587215,0.963583703672216,0.427350186317517,0.953464818157997,0.9755766001501698,0.9545332491558418,0.9556918152373205,0.9601382040891979,0.955666175854538
cg06840801,0.9310093413733658,0.9440521957735019,0.46170938725366817,0.8179162130461776,0.9588374258009029,0.034797189804442685,0.5718518423401855,0.9291523357754777,0.9444059092441369,0.9213016278631583,0.9324020050148027,0.94654653794243
cg01865118,0.9554928808794532,0.9342339133190698,0.6744512347053245,0.6907685916693125,0.9427641044957116,0.12734826568129676,0.7441380195330145,0.9468465205052506,0.9131471984064914,0.9002456657286697,0.9426302395583883,0.9421433960044755
cg01436550,0.9461527397613549,0.9450384650177072,0.8485649452401359,0.9266281332291302,0.9427646556703894,0.4545382412418708,0.911068939291212,0.938006358276908,0.887545172681288,0.9189685830572438,0.888777553365319,0.93629485168128
cg11812071,0.9619902248218779,0.9787121328678092,0.8530090597767472,0.9432782112552587,0.9764745288514627,0.4577045771167582,0.8904689351536903,0.965941478948952,0.9667988136643759,0.9428200139391292,0.948202599212877,0.9615362592267083
cg16637690,0.9588498691479733,0.9770098917484786,0.7913626363528004,0.8667639223125998,0.9650975497144341,0.4104706830834953,0.8438538191827766,0.9592594806461809,0.9732309927225362,0.9542290964352316,0.961836531860221,0.951956022863687
cg22980427,0.9106944964871093,0.8566119541392269,0.7151415542903469,0.8802198213087364,0.9544987080338249,0.2679435590939225,0.8748102743165593,0.9273953976129015,0.8934908065764203,0.8913753467329901,0.9073764078221391,0.8792277675519098
cg22577252,0.9045231503605263,0.8323176663092376,0.515402212349593,0.9392330670625373,0.9469638394676951,0.14037943291935018,0.638637814539412,0.9182829570682843,0.8280793880153985,0.8676457902879076,0.8135057038823814,0.8443939578149523
cg07805771,0.9620360454576126,0.9042040350189403,0.7219182862069885,0.6983072272938766,0.9476336346925153,0.2771396244289891,0.858177314333813,0.9438923491048705,0.9393050700228203,0.9187645135174116,0.9273787518999936,0.9229859583058582
cg24599709,0.8073288150227843,0.9389478791031438,0.7697392605422496,0.9666215945750867,0.9658683686028948,0.4199018862520142,0.9571915103517546,0.9072612313893782,0.9491743908980785,0.9586453233663553,0.9384848808760051,0.9220316181939968
cg02272851,0.9195040043181776,0.9079269710315517,0.5407097970563673,0.8649315560594948,0.938750770452419,0.14232390104532933,0.773618913112545,0.9251767391352114,0.9316101152783726,0.9395458544930173,0.9295779629753839,0.896144903377828
cg24847035,0.970924255658172,0.9435220671796332,0.7959251417718495,0.8384429756526517,0.9645896284791609,0.3694494654657554,0.7523753975660474,0.9390173048128003,0.946144462425925,0.9144769296532278,0.920629233644275,0.9227656562767099
cg07793163,0.814787828209335,0.9706710180103898,0.7183969050517073,0.9548099633553468,0.9486882983060025,0.2008504640423447,0.7397815192671197,0.8787022438084036,0.9614104409547772,0.9456197169776832,0.9422166786269682,0.9397915209951914
cg20063728,0.9468021029928128,0.9555027418482578,0.8131544725867117,0.8599833179859494,0.9492473639236939,0.9273814309301115,0.16275036712444219,0.8554381323687998,0.9533587589825339,0.8935929551365216,0.9265621336686989,0.9412617051987957
cg20652042,0.8973634379716247,0.7439702829565509,0.7356604447133085,0.8876557059815811,0.8992001161465315,0.8146861762425436,0.11323668699352019,0.7255841816795483,0.7086409955169883,0.7811838846356691,0.6942475703153761,0.7472661524936808
cg05892024,0.9056765332819379,0.9048035092233482,0.7383063442234427,0.7584161784995924,0.9275647346562719,0.843689755248199,0.1270499135507342,0.7742988561106764,0.9006767020874094,0.8211084735710745,0.8657517543856565,0.8743645671676561
cg25918166,0.950168864167684,0.9448430603682563,0.5669475245869848,0.6513777229558029,0.9543433077760085,0.6003573864816005,0.11570314777971202,0.8622271228607234,0.9467733527414359,0.8576939440107276,0.9409785256828278,0.9392180119783335
cg16613029,0.7971640582895163,0.8789468104243399,0.71873925478882,0.8916470712308961,0.8975024738925839,0.7653893867408313,0.30127694643290254,0.7194566737907545,0.8022260911534145,0.7974613187947295,0.7457803088036238,0.8530598171065192
cg13452923,0.9230412840148601,0.9684902829091987,0.6456814150258362,0.7068423795008929,0.9485316335523359,0.5376389747585455,0.16592332351114275,0.7609317335048165,0.9716746544158641,0.6610251372511915,0.9576003027169584,0.9577129631795882
cg11249120,0.8921990335237173,0.9589467540361682,0.7145828129166895,0.94614880309539,0.9504423325472029,0.6439128108629596,0.16300669061554435,0.8694804436284167,0.9135129328326808,0.6798757866834249,0.9203555520808324,0.9060598375075302
cg04467549,0.9607441405244246,0.9812789710246806,0.9496071439896762,0.9792059362890432,0.9894495286994618,0.9730293856201309,0.16730562240772204,0.7593459844949274,0.9826503050385126,0.6420190688677861,0.9701469381703645,0.9756074076004184
cg01850245,0.9078670655216401,0.8928276290620788,0.4498683882322958,0.5585859243281777,0.9112683494873235,0.5567984152755081,0.09401445999840052,0.823740262853037,0.9054653929451758,0.8645539683475799,0.8995602536549194,0.8674292538134103
cg04705866,0.8687727310837099,0.843754535209873,0.8540049539221382,0.7814115367703224,0.8384015538990847,0.9625100407212304,0.26216574314562563,0.8658054548231728,0.8716736707243795,0.8000922309333922,0.8553251028516329,0.8262117043693533
cg24240349,0.9515577214817675,0.9592149984951592,0.8984745034045275,0.9653877934524603,0.961339734695577,0.9308336370313051,0.5238866480130036,0.9212457238336733,0.9576724528370801,0.9324020884640861,0.9480637332112882,0.9377317058215566
cg12695059,0.8867781444978745,0.972101062748666,0.8721811507527634,0.9789752721846635,0.9849766643644994,0.9135222163715349,0.35135996193674046,0.7726739417154149,0.9724039465577703,0.8973094926167737,0.9526777045669059,0.9661439295593203
cg05982017,0.9631908782483438,0.969664347393751,0.8888038492369509,0.9700233025752831,0.9743140924782634,0.9634219268869954,0.45903599186645083,0.9253220813583214,0.9467685060015164,0.9195262762120813,0.9617166362902732,0.9664299762449772
cg09856271,0.9209072633062148,0.9516730192242803,0.7386990642243684,0.7407557210195108,0.9354573837031248,0.6745697174499954,0.24639018017123607,0.8969469519296001,0.9173706765925824,0.8148134673770834,0.9172538545639561,0.9147396822338032
cg22755579,0.927503523374027,0.9486304997069754,0.7728825299329516,0.9438985115541605,0.9579684603477565,0.9044087812917097,0.427745504779545,0.8833714752486341,0.9513707255289738,0.7713232037358939,0.9260953032252668,0.9337996567338005
cg05689028,0.9301175506168682,0.9490499593008811,0.9185006098007527,0.9332093554100445,0.9383396636861587,0.9215742010806375,0.5315100576265052,0.9179903929491792,0.9307226602156728,0.906924146856166,0.9416208690487913,0.9408628344803471
cg05471842,0.9520762495752519,0.9505490519919865,0.7479108009580587,0.8538369256384848,0.9343951588272719,0.6915581546792811,0.29809621409294995,0.8810544793733006,0.9054742233155462,0.9153006559744221,0.924057415271185,0.9225481853509431
cg00639010,0.820927430382329,0.8397190241165805,0.4245749393853464,0.5878381197124212,0.9193155823193938,0.4200926133422315,0.0816497592819656,0.6544644945988344,0.848235472407151,0.6152919957339698,0.8473672761871894,0.8384040075842768
cg03501128,0.9733797213163443,0.9682546491582908,0.9058912731205168,0.9748704104903723,0.971153433461805,0.9570530051877637,0.45798840982368705,0.9519577523112216,0.9609644309097238,0.8844359882169626,0.960075374364507,0.9667026029981114
cg04657000,0.9433541319415024,0.9122296463376331,0.59653733646136,0.8861807178031516,0.970756434788159,0.540923598894408,0.1631127617012611,0.8036044788799233,0.9411762880519169,0.5072270253058662,0.9307937435391729,0.9564739899516905
cg24037746,0.9702990562129925,0.9587125156003767,0.6906978887997012,0.65096765494118,0.9434892336421691,0.5924096044833037,0.1795146559229157,0.8896353788686858,0.9529636526263997,0.6907101498310924,0.9532667054565666,0.9385236500380838
cg00460916,0.9263870685889034,0.9222055839531926,0.7350697184951328,0.7527039592388852,0.9546537540334323,0.6218836565096952,0.2225497552243052,0.7622948004921193,0.9179449287388105,0.6265958050683768,0.904843273198945,0.9158230007962689
cg24618739,0.9076234682989311,0.9459277224307017,0.7743070911910742,0.9525655876991523,0.974342811852491,0.8646173313742553,0.48123628005813057,0.9273553939616852,0.9512503652432223,0.8949776232080249,0.9379714713468439,0.9593720559830169
cg09736286,0.9176450220234853,0.9428346040714285,0.7907490719156279,0.9511652774089308,0.9461701193881221,0.9014622128711431,0.4056905554894197,0.820370176194291,0.935777717882505,0.7339181708539357,0.9214013511856447,0.9340373175613607
cg12983578,0.9534554948017611,0.9543381014347125,0.9280554785497932,0.9183436508020569,0.9671135411901604,0.9462789900386639,0.346607793742397,0.8356264812456384,0.9211243639285607,0.7235371669073826,0.9513900472817742,0.9663467037620642
cg20417024,0.9366973084284353,0.947294418891524,0.5220983634756562,0.46281393965711726,0.9364113418051325,0.7750554237702321,0.0849693128426392,0.7365651337247571,0.9513415357826887,0.5855992551831688,0.8653081424764898,0.9342016201790762
cg23320693,0.930371428300658,0.9376456939835162,0.8883413862466999,0.8171858192078183,0.9281097813023769,0.9493268720698512,0.28938151494555625,0.727380331189752,0.9095953829296451,0.7493229481092789,0.8736226967098644,0.8883530008453576
cg13805183,0.944393038142187,0.9231334018987287,0.8383480112302337,0.9096144800281755,0.9393315117788907,0.7986519904147118,0.45404867558662837,0.9171147999462701,0.9484773581945026,0.9294210761123725,0.9182404539857606,0.9382196335177397
cg08035195,0.8155625417678336,0.8631500396467505,0.6191039669132143,0.7968531249652251,0.9079237227942186,0.8431642222881727,0.273926826383202,0.6608684408915235,0.8806926601358,0.7074967595690185,0.9053399062348702,0.9259020563082178
cg09096234,0.9601277992064516,0.9572282283485077,0.9143773035407422,0.9477947396406994,0.9626372076091102,0.9447609781035481,0.5178496907939907,0.8991995276516536,0.9519942543572801,0.8699173456662268,0.9598703645038607,0.9617516245432465
cg11161150,0.8864802150005856,0.864131002279106,0.7123601340570168,0.8445816809323514,0.9036732808312654,0.7699592204739616,0.4001899434069022,0.8164941730473553,0.8708239198918831,0.7949432002959158,0.8509315576222842,0.8534572434294903
cg17542594,0.9803109422588263,0.9656993320935031,0.9780246961202548,0.9765313807209021,0.9704737710140656,0.9115873381233912,0.565320412458445,0.9731240832170147,0.976647628764357,0.9565565298190855,0.9637746837044818,0.9724246321191234
cg10335493,0.8954893778515751,0.940830057231161,0.9336467052620747,0.9562578748278303,0.9377249619216679,0.8897766602325643,0.5679633580144807,0.8677862758258876,0.9589633796768087,0.9024059813230765,0.9212356680933953,0.9415981794821311
cg14776168,0.9408188078619566,0.9406338644399984,0.6934279458218295,0.8677772282098299,0.9550575090484984,0.8621161769481804,0.411332679836153,0.8598118901483597,0.9474970860188063,0.8163978691502045,0.9210287801640707,0.9245668114120438
cg02763540,0.7035863037726611,0.9021735173498925,0.6895309186426176,0.8709389524933541,0.8630773262913959,0.6419933009217187,0.20039678243228443,0.508148850312053,0.7954926240194515,0.6807960064616692,0.8518553172393628,0.8617494348972188
cg16946840,0.7811210629902866,0.7759923764528018,0.5837385535938431,0.9019921040335028,0.8852358221131302,0.7245029729408434,0.2272718837705282,0.5731005393287794,0.7273418207012535,0.5152082803914224,0.7512332987041777,0.7420479100752584
cg03315940,0.7619402657992032,0.8270754842669092,0.4574502059397013,0.5306443447968582,0.7749772743881436,0.5101371863026468,0.06847136094678208,0.7424336170669044,0.767079563984223,0.7097385836301264,0.8366790397594095,0.7960189497360818
cg01356867,0.9515519683543409,0.9615562108931275,0.9080656403060434,0.9110326102607891,0.9589384688771896,0.9383212513453607,0.6083966086874222,0.9391847827314445,0.8853792392428237,0.8871653269108266,0.9410752162556475,0.947839751949026
cg02586198,0.7781286180402063,0.8279127971954905,0.4237356275629171,0.8210853006978195,0.8879290636037649,0.5711880458802483,0.12471284440810623,0.49854829771391873,0.8009384852363539,0.7712650974751175,0.8302039384099618,0.8690001897173212
cg25503323,0.9430031089610229,0.9504684844216007,0.6137210792278603,0.7841956573187506,0.9335589498554014,0.7452076627515549,0.18995056139224475,0.8468975531460614,0.9366437789432797,0.8536194145326441,0.8603034507257918,0.9287851913396101
cg12524168,0.831709292574462,0.8504714619487255,0.45857897896932387,0.4086561596782805,0.845275433556104,0.6018160191702056,0.08516106104609455,0.6387651982560214,0.8489577126490995,0.49483643933367355,0.8060695175303813,0.8560253960740293
cg26509305,0.9691937650990561,0.6680561223768562,0.6227189356688144,0.8090557648874483,0.9781493692810673,0.747884733691772,0.30623361968462715,0.9253602560764831,0.817553026470517,0.8964946839487449,0.8797822888890515,0.7849718917177522
cg07109551,0.697329117151842,0.9031855378183713,0.5773289143149236,0.9118688168474285,0.9251678059282514,0.7840665217578495,0.2423399885526108,0.5135730810733037,0.9339130835854997,0.744173973445186,0.9390830048903022,0.9361534556768596
cg02205013,0.9052111616907672,0.9487100204874241,0.9389809913139076,0.9573269176157024,0.9512452376685423,0.9272649328192989,0.4658800904859224,0.8012598034597609,0.9296630452548396,0.8111129946960691,0.9333899246725206,0.9393684396034597
cg19884600,0.9678907478310401,0.9721553444083304,0.7400343802506739,0.9450578699503303,0.9661493632179023,0.6127553610136587,0.2813758111905538,0.9437264764306379,0.9734087562059328,0.5511665843961706,0.9524382948491157,0.9605128414639472
cg09088625,0.9125419735427082,0.8932986004314303,0.923843670758455,0.9205567739845155,0.9338291094986986,0.9079082157243393,0.4911615234637785,0.8917147327641406,0.9385863947826899,0.8815860234935179,0.9333785234429195,0.9371879225242031
cg03534847,0.9731787081184832,0.9750470431637979,0.8944769466359972,0.919436747511801,0.9808211853342471,0.900546383921624,0.6005710366963848,0.9289277610093438,0.968303215705016,0.929404518093625,0.9554026425482256,0.9733713275930622
cg08877257,0.8390614695401288,0.9271456543189679,0.5090320544192981,0.7447586777351388,0.913195556752295,0.5108853361572738,0.2478971899395855,0.6784371074518416,0.8772231083098649,0.8667695040805607,0.8756961501204188,0.8947513494220145
cg12159213,0.9682430393008709,0.9783878919198953,0.8319927703542501,0.7332518459565549,0.9556317201169244,0.8858813042864236,0.36342667614685414,0.9230623491869887,0.9675084019746599,0.8709332334102446,0.9519547022328623,0.9468990136607537
cg05905180,0.973911098230024,0.9740387794202929,0.9575423887414956,0.975953074212052,0.9801278775714518,0.977950469695199,0.6022841006520412,0.9604306845973787,0.9718780927139573,0.9257999628817788,0.9541825641176195,0.955396422118862
cg24422171,0.8733614042275114,0.9615357532691502,0.9488689047156976,0.9576507921882411,0.9471268804616989,0.9856861177447079,0.7988416814106829,0.29905173267164187,0.9354147584792221,0.9205284432375765,0.9268325451217216,0.9551355044251063
cg10587583,0.9357707115730358,0.9720666370784262,0.9640205604271268,0.8548870125330281,0.9135640426346117,0.6840918875307777,0.8971034077466788,0.17321406424556712,0.9560246418860789,0.9324881518218253,0.9491224868308366,0.9662172667411513
cg05478809,0.9375577707572099,0.9650400727239563,0.9525277747942879,0.9475693465907633,0.9581055987059781,0.9641186907886619,0.7881609809182539,0.24804746324492244,0.9444196675399669,0.9454045455159024,0.9331673838871326,0.9501599568355026
cg22556056,0.8581630576603514,0.9620349641911161,0.915921784020622,0.959451324166815,0.9593515490941499,0.9455370746267029,0.9262706037126274,0.3386004001567376,0.9430307329473175,0.918021619937211,0.9295019524082728,0.957682110533443
cg07702659,0.8358343089157285,0.9124943629582362,0.7345674142079216,0.9252899067880773,0.8796198436762336,0.6849720940191248,0.5975312618337818,0.1707338118218958,0.9321456454612016,0.8960474557300394,0.9143122117474896,0.9073844279468122
cg17351376,0.5894322799848262,0.8445585523813042,0.7986840889248787,0.9124149232348528,0.8211796674338254,0.8524481513775356,0.8028967470097159,0.1864733151833275,0.838577081287025,0.8604333123947792,0.7613720900131098,0.8133112240389981
cg07707056,0.9356377518950485,0.9691004354096125,0.9572984897769486,0.9725752571151114,0.9643606966627689,0.952277340771032,0.8731133235942307,0.35720653018413995,0.9519632833938261,0.9542915742753036,0.9581345465961599,0.9693079128648103
cg20697519,0.7966385644424067,0.8312655413684624,0.8517909948105871,0.854285530543852,0.8584243539606391,0.8034225614847728,0.7555579219463077,0.37622355617256753,0.7941522257738016,0.8090563483169776,0.8325328173218185,0.8366829026292775
cg04394724,0.6554388549989372,0.9571460035336987,0.6337195098848847,0.9491996980611928,0.9606893833244574,0.7822687614066484,0.5470667408168498,0.17695065779640323,0.9529467612475757,0.6319375964653159,0.9503656345385666,0.9639720070816089
cg00644351,0.5554749818709209,0.8822545417844292,0.7788944723618091,0.8822280598517604,0.9039561129311455,0.891863332159211,0.775794605999792,0.1498154119231496,0.8917862001528319,0.8904218285849311,0.8722591385181611,0.9105243857719105
cg13693582,0.6417749425876391,0.9501625198665437,0.8776362861897351,0.949598954996722,0.9707448119079694,0.9459211505334817,0.893918077263645,0.16626169113569797,0.7444479388654209,0.946222436403043,0.6028427487134433,0.9660617853910867
cg23172664,0.8933940492920189,0.9642927222997724,0.8209859306237711,0.966530382279138,0.9695866237446553,0.8344559849266091,0.9621278025241129,0.46059294884694657,0.9673612744774917,0.9665908177192697,0.9485914447400305,0.9615287332556294
cg16596052,0.5768180551685707,0.943542394828337,0.7725472614510946,0.9444007090109813,0.945557075648499,0.9127846790890269,0.6350017902978942,0.19381292804996397,0.949734752146608,0.9445516248179647,0.9256673943646956,0.945447229248103
cg14027234,0.72440304928655,0.6713070490212631,0.7492763359395406,0.7431339335131826,0.7276034619419107,0.7095110854807105,0.5204134058555149,0.17456560180858344,0.6072606043978812,0.7721051902441584,0.6878841773913938,0.7132038693498343
cg01002223,0.6896801142356883,0.9838938706622722,0.9289385129713303,0.9817098882275881,0.9836287738851995,0.9746775497792733,0.6259234076969127,0.14434120456873933,0.9881106178237986,0.9607153939319453,0.9688109869980532,0.9696842481240995
cg16253157,0.6805048862789315,0.7984885215534512,0.9090256268273498,0.9469446887805206,0.9491601342255614,0.922789146031885,0.8944449237138464,0.39432779349903674,0.8060301993817884,0.7883286256343842,0.9039979979061354,0.9329923759903356
cg12043508,0.8490049355774768,0.6962313312699702,0.866811680428401,0.7000520771974557,0.8075816807661605,0.9223001699369648,0.7723188450934857,0.26191789765726314,0.6922564422770555,0.6215823211854424,0.7127445645527024,0.7430084509763579
cg16704246,0.6435922767526522,0.8023543812506158,0.8120176205874744,0.9245290767828659,0.8618011717183108,0.5257431971301677,0.7743297959115523,0.2263450960153801,0.8182462152103858,0.8295093127251016,0.8144277098457506,0.8323226183684908
cg12152193,0.6208983161775239,0.6755713792553303,0.6563777572583975,0.7209499964511684,0.7238519081920933,0.5044159473208402,0.5128526041889102,0.15782377164250727,0.6209622117350027,0.6132097928259506,0.6344872578941518,0.6683046566151964
cg06419846,0.9011837066264361,0.9607917748380155,0.9103848503359805,0.946201502144531,0.9680478185967735,0.9153729798582916,0.5752026145436202,0.2707984365453179,0.9580688942385348,0.9543872115945551,0.9434328478803629,0.9595751969852689
cg19792099,0.5537305851300902,0.9254841588540171,0.6371221280287117,0.8254801243313026,0.9240797078807369,0.5607617548941883,0.7384307390220868,0.25815346758984853,0.9409890465833919,0.6000564162984139,0.9423906384786302,0.9490538810858911
cg14110920,0.658462603771941,0.9492821113899245,0.7484769651890946,0.9378181647728672,0.960142577665605,0.7802608258227797,0.6549120380501483,0.29284704806268747,0.9500120500010345,0.8885265468618526,0.9394640088317576,0.9503707932239294
cg20560862,0.7069658843359895,0.7084372958463272,0.7429895073070807,0.8065133154954847,0.9772527941529265,0.6987963960604289,0.7099862698965969,0.355428764810804,0.7347220782495427,0.8223838585325709,0.6762021300677108,0.8021526216800311
cg07756788,0.4279537028081052,0.9058677969436817,0.4744671465287843,0.7713952429802685,0.940037738061414,0.4018892855789292,0.45989499746485596,0.12477097771350701,0.9305438634786989,0.8124595929339051,0.9098240669634762,0.9080148400165221
cg25235205,0.5471554081247415,0.8996264137441732,0.6815120063775794,0.8491928419100838,0.914208161166779,0.5814665565968733,0.40381198352625913,0.1273849332615952,0.8792545790096236,0.8911377937348647,0.8717573720824976,0.9007051928034747
cg01949403,0.8580995709262411,0.9148543499342672,0.9037732335398272,0.931305529804417,0.9295317861564332,0.8811639526900977,0.64251626844554,0.23177320503172144,0.91493775653101,0.8917875268358881,0.8992206752622425,0.9303189558499037
cg14507427,0.9193405946423314,0.9325088061907978,0.9351011863224006,0.9223238065286948,0.9146627027789413,0.9169576059850374,0.9204188633597934,0.5602629472814582,0.9118341878853762,0.9063208189584484,0.9120176874434542,0.9214624238320921
cg05496363,0.804485098849218,0.860652408518864,0.7606974598086357,0.7826702145969906,0.8855685391622464,0.7555273122037758,0.4615320199695671,0.21697625880170412,0.8711247584644936,0.8513738781445379,0.8531550560442883,0.8787861204595567
cg09872088,0.6611097931374967,0.9768827213514795,0.9193504216034625,0.977773502466492,0.9828391391063429,0.9373019644889391,0.9096118187778828,0.40486384885319165,0.9687208257145583,0.9452193487077667,0.9580238017679732,0.9695028357310644
cg23463186,0.5492078169570981,0.9724619672712118,0.9376664384460713,0.9461433688931682,0.7042988264929761,0.9547461127350539,0.9202804777501881,0.24371580648178917,0.9354038083836995,0.6300026041426772,0.8247298737175068,0.9173110509581492
cg14468508,0.6476861348715602,0.9188380467530992,0.9371823697918709,0.9127423765618417,0.7098860183043495,0.8857868101462205,0.904626389419344,0.3168996224934364,0.9146580050780571,0.7600537978441552,0.9077845829898896,0.9206916548036473
cg20367218,0.9384983963035727,0.9649732971750763,0.9378881181325847,0.9606345785019051,0.9721923089885587,0.9428662195113232,0.6430339376119714,0.3381773807505354,0.96750983240155,0.9551278243294979,0.9562076303296918,0.9694507284267985
cg12221970,0.5326735927386101,0.9774815004031463,0.9005798630544589,0.6174007884367063,0.8421654371749456,0.8855178418208474,0.857082622088414,0.25005794594131264,0.9716230152868437,0.9590743891113492,0.9669943745693692,0.9717989317926767
cg26856443,0.7118748949496319,0.8207892151355706,0.9278249793794009,0.956835504674526,0.9775746051897312,0.94074557321036,0.9423939052786228,0.34072584841870573,0.8528627826623986,0.6585554438309958,0.8733940699651512,0.9317705073143127
cg09628822,0.7401251655732838,0.9677929629219333,0.9491189617596516,0.9784647028313289,0.9672617642230026,0.9675846012779907,0.7171204314110915,0.41448176326912073,0.9700854113375873,0.9326532900368498,0.9458817580237494,0.951385798743498
cg12655059,0.3085600664216056,0.921957818077418,0.5730773598347572,0.9423949492257264,0.9543190762606555,0.431172074086369,0.3896118560760281,0.09157617866194157,0.9285253397431323,0.9095979253562678,0.9206316360266118,0.9364246708197271
cg08585614,0.6535442244084819,0.7888130028741005,0.8101001204449264,0.89502137740917,0.9469228127379803,0.7514889229047221,0.7788318608974067,0.3977990137185068,0.8706687034023332,0.6766324331364097,0.8312052873528337,0.8617859617361843
cg26668000,0.6421402039597222,0.8933068066900562,0.7888673884458021,0.9295566113974763,0.9119634224044921,0.8636173114578461,0.6283261356353023,0.2618121567585051,0.8917483285743368,0.9006476474547805,0.868027682658438,0.9178430607652549
cg16359142,0.8030874080974915,0.8843896817631545,0.8315401806769483,0.8852231486991765,0.8785324662187903,0.8655481729451067,0.80739648645056,0.5390078093030557,0.8730344069639502,0.8945907476107486,0.8544668497991708,0.8885307126397404
cg11067179,0.8368580248370676,0.8974809728668898,0.8359632407477474,0.8010222983693933,0.8747897348309059,0.8388463737530497,0.36008421217069864,0.1063466951156562,0.9275744246815003,0.920840079062978,0.8959600344296171,0.9369315873347623
cg09127592,0.9022461246440999,0.7191680880981339,0.8883495145631068,0.8815390297425096,0.8791730326902527,0.8362484157160963,0.7733524649162922,0.19645331181997222,0.5590438222369309,0.7735851283703791,0.5910321538394459,0.672962962962963
cg10365743,0.690153826407477,0.7773743914811371,0.834908808869517,0.9104623731863296,0.937760005970147,0.7780982250151244,0.7212047322691959,0.3275562003461675,0.5548096422435456,0.8219440530842292,0.7466553281348933,0.8636431487542102
cg19556572,0.4537312231076137,0.9533196186077939,0.9863048844019828,0.9527974070322557,0.9687231752086403,0.9805128528126763,0.9621552923351078,0.24593518957261012,0.9512972412750114,0.938247771542971,0.8347941285930383,0.9242325006779478
cg09586583,0.6295697798959458,0.8581633224844681,0.8818800947174248,0.816611118726065,0.8868551767043857,0.8277695166852164,0.8503125462266624,0.41440086251233077,0.8631851160892576,0.7519803988800061,0.8784851733004893,0.8907135498559491
cg22213242,0.8556166535742341,0.8544320914780237,0.843281177270937,0.8122990215003842,0.8494311867419182,0.8455447411212971,0.6632644070779685,0.44168070969352213,0.887349276679293,0.8859321754336477,0.8808194584673292,0.8869999422732783
cg03788408,0.41011931454562733,0.5808735339558324,0.6124678550181041,0.8618964940164742,0.8206010907544699,0.5720982165801407,0.462595882535253,0.16521325610453816,0.4949445433440642,0.6728759815697449,0.528842320785448,0.7123128019493845
cg06748978,0.6434139326116527,0.8780158644527059,0.8387199203957301,0.7887251315236573,0.9227702233396982,0.7280206795583971,0.7365398801993136,0.41246217810059005,0.8575672531011687,0.7758702832235715,0.8715934473328374,0.8978487461480021
cg26354221,0.6532611035373467,0.9160595863335018,0.8862724935732648,0.9191766199357064,0.9055796676181733,0.8069641328132433,0.7520879962555188,0.4404732683392031,0.9365114177131202,0.9238496412071224,0.9356186634290307,0.9438652766639936
cg14537031,0.4438392261929405,0.9269158919616131,0.7218194573514184,0.8510307286328057,0.9673830282800417,0.783320114307703,0.6830216088962753,0.19070275093648228,0.9485061894496316,0.5721506445887723,0.9340629464343301,0.9520415471885477
cg20681184,0.8750237209481024,0.9559451022701759,0.9242096844485558,0.9590574817747279,0.9759068498850545,0.956952873074156,0.9537078773413226,0.5322687012816645,0.9322269847840958,0.9343599575468337,0.8879662862318745,0.9384792056744722
cg19764973,0.9538535805450599,0.9678102929662775,0.9734960631931097,0.9696883815484341,0.9708023956866038,0.9643588706465765,0.9574036812156055,0.9620915518184968,0.05156130183946328,0.9634194822192013,0.9143555811378329,0.9600456596282687
cg17960717,0.9727114861493031,0.952414833833554,0.9804895323463546,0.9752411210585222,0.9750789262625601,0.9710884249774974,0.9741430202014305,0.9711135214299711,0.09989878532949384,0.9675944239745218,0.8933863934708749,0.9628160251962641
cg00006459,0.966827546260467,0.8326205453522866,0.9348842399602335,0.9296771680474465,0.977001416049091,0.953693698954425,0.941772240259662,0.9645022270533263,0.027852863807421392,0.9221908247175997,0.8927332880120104,0.9444037827857009
cg11668148,0.906590727452719,0.9366496904454632,0.8647244850874939,0.9465192110510086,0.9423433406467985,0.8316551245859918,0.8530143498787691,0.9062704125875275,0.028315052637854485,0.925680803140597,0.8412316512928529,0.9257032970030172
cg09596645,0.9363610059865066,0.9269645568810723,0.9187468689939086,0.8806833373529143,0.9546040352164467,0.8059255768089859,0.8908346462878075,0.9457730545748309,0.05457988409687892,0.942009249190811,0.8972571367670319,0.9556357006007513
cg22106847,0.9808951618206297,0.9744646433058519,0.9755617913310245,0.97570102568905,0.959998516480792,0.9819284486489941,0.9726608043396362,0.9815652219442116,0.09670542841821578,0.9561488228707753,0.8559504655641124,0.9548378112414151
cg07033790,0.9695074040216065,0.9259534845829456,0.9679770335477089,0.9673968115415538,0.9731013557021652,0.9512915116235933,0.9602519340857071,0.9720530417590204,0.12549700319978357,0.941180816868748,0.8999124950266344,0.9574708762550923
cg02803925,0.9782339846648528,0.9592840475279005,0.9465336212674064,0.9759337876512062,0.9693645331914955,0.9783457199379778,0.9685490650524561,0.982885175349969,0.037229407270543455,0.9698976857859511,0.8476837496591869,0.9723216877963805
cg14084609,0.9570366020663424,0.947368294331556,0.940627312929154,0.9599686705090367,0.9685017750684248,0.9434094243689444,0.9604069921451743,0.9734531348303874,0.09441926139234175,0.961006181899084,0.9302755284316162,0.9682534791610479
cg16909341,0.9527493450263885,0.8184944539847224,0.9169888752766722,0.8452496188628988,0.9163786388565516,0.8938535502034464,0.8326689844590576,0.9410738357390176,0.03591735237013832,0.8905657756181662,0.8293826555254298,0.8912619104662234
cg05736642,0.9658003070869061,0.9604250604009361,0.9789565554864418,0.9790949336168562,0.9776541523190727,0.9686829127655976,0.9691214172375577,0.9641819675615312,0.040334278339528684,0.9675138636192535,0.854393321620195,0.9691298194008189
cg13531735,0.9810231675498614,0.8403553916394387,0.980834975952686,0.9760755419136817,0.9791442509710901,0.9679851405633385,0.9674713474813474,0.953170273111162,0.07342841424211943,0.9715305158782441,0.9073347173016606,0.849936309869784
cg12910830,0.954276474386808,0.8056542420262536,0.9626310466992891,0.9613062514748165,0.9459228687340051,0.9776627918227726,0.9707624510109563,0.9684400071125614,0.037846615879021606,0.9586664063140615,0.8799477526792168,0.9563936728929439
cg15090899,0.9804732368481507,0.9697606674903492,0.9805250831998028,0.9632933529972201,0.9534796855557005,0.979750068411931,0.9796203373476383,0.9719434626951207,0.02030667248293342,0.8067573654859499,0.7711831151468449,0.9367962608880391
cg24732344,0.9684106099665175,0.955249064532963,0.9829495744139898,0.9624112561545233,0.9521560948625043,0.9770836075607258,0.9744134097223275,0.9779684328462972,0.10812690210229689,0.9603244573137646,0.9427739276891626,0.9391031752539167
cg08077807,0.9621631042415484,0.7345961270034336,0.9542027930076563,0.9723237116973864,0.9721132607280814,0.9183181817989724,0.9230623338791543,0.952712002954645,0.02408353747729039,0.8668169804481494,0.920542180124902,0.9599831644214869
cg00637085,0.9680576874740625,0.9092937528508128,0.9418924218263287,0.9340259772381341,0.9717156581691049,0.867596826315334,0.9493734015959712,0.9671098755908927,0.12449658542740755,0.9477050537677363,0.8752451954922411,0.9535206615379852
cg26156120,0.9638134162701761,0.8948277683524234,0.9694095761817864,0.9580788636263117,0.9561459234633123,0.9556803137993,0.9606183844841751,0.9573675230356175,0.1723727983282832,0.9569264782453515,0.8887322305488277,0.9291128953296262
cg21237481,0.9775708649108066,0.8449309931821437,0.9837917773907187,0.9817653175047268,0.9864243602344651,0.9754225448352116,0.976811413125414,0.9780114888868605,0.013912189439972446,0.9752042705524859,0.7373605318357629,0.9225885121137318
cg23153546,0.9653098592714693,0.952855452585299,0.9762848285639417,0.9753287667977202,0.9512641424820392,0.9611266640021462,0.9550870685805929,0.9589573876005704,0.15714744385221388,0.9529457764788509,0.8871497513250479,0.9366743516227691
cg25203627,0.9773147252009908,0.9528696734951974,0.9756991527322122,0.9537266952042639,0.9562633408962546,0.9622015071489389,0.9501242331105129,0.9688354029222859,0.13278606295823397,0.9512678220363229,0.8531021086649981,0.9501022581626314
cg18550847,0.8926445151439995,0.9305540200005166,0.9225138785590616,0.9516608585872015,0.9276515269713559,0.9225162819905901,0.9286152907457255,0.9239637923729119,0.1069553307379523,0.9296861454519332,0.8563401410130587,0.9390897044893984
cg04538585,0.9450818599673594,0.9296110360779914,0.9445480667800874,0.962641055482147,0.9587562497751064,0.9425852920984459,0.9386899394258871,0.9483928367955438,0.06022356074727838,0.9559929874573445,0.8036426591900452,0.9474811668947627
cg06680065,0.8995542194195755,0.8955075465331436,0.919541013302623,0.9380304760388187,0.9314979500902535,0.9171437573606241,0.9146586590445425,0.9210778735208733,0.08203882993833331,0.9215472675398724,0.8106592383585782,0.910109703088659
cg00391067,0.9502931454727179,0.7598439333267083,0.8457909020222616,0.757296868474346,0.9627602428624294,0.84478215822745,0.8249246260114034,0.9460151134005262,0.043654896719212466,0.9463023567522175,0.7471890489938438,0.7832924916913729
cg11197258,0.9602004310702088,0.8442347759200057,0.981113780554535,0.9784901520499116,0.9810892883068416,0.966867446987846,0.9694134433681179,0.9698115526840906,0.08216497934936795,0.9654198516934759,0.90289078564583,0.9634571397771395
cg16362140,0.9416897312174676,0.7503246220274185,0.9614377875324381,0.8042928312521663,0.9162101152509615,0.9565810644886255,0.9495491050414928,0.947815795631203,0.05219472034535394,0.9461908498822433,0.8847548876616187,0.9412755221077522
cg06315149,0.8830280504218208,0.8007684434201296,0.9111286567579235,0.9094037531741733,0.887586702269564,0.8726922033759831,0.8981840950992783,0.8819529241168583,0.13011115418462127,0.8526873630634755,0.8407702694606595,0.9182679352865625
cg00170714,0.8741732785322546,0.8308935267694446,0.8499209125648853,0.8297112334972201,0.8934658682368837,0.8306250936574928,0.8051567105971786,0.849646927929765,0.033738767847134754,0.8674851948864024,0.7063384591072226,0.8401630569516612
cg07410597,0.9397903911597009,0.8442930103378948,0.9522032685143302,0.9604666828178419,0.9617035998710819,0.9448988247789472,0.9022244716605774,0.9268188353685072,0.06521258158465398,0.7303568188937033,0.8713595756729311,0.9101866518972002
cg08061334,0.9518920319814507,0.8747717755651053,0.9694831136112095,0.9494067328278324,0.9584931394769013,0.9616189456998887,0.9624649592537806,0.9627427077608182,0.09717216903921078,0.9420401749715359,0.767385733915465,0.8825322708987502
cg14209186,0.9660496228068153,0.8111082210576299,0.9710464995831559,0.9635449267821938,0.9782493309108984,0.9676991162992519,0.9604712200313962,0.9578613316520083,0.046834435586056544,0.9485239026188306,0.7765724061236372,0.9321387083640794
cg25578728,0.9732143708265246,0.935017345886477,0.9734577042452615,0.971245832095404,0.972631109310365,0.9820172222082098,0.9716574620231183,0.9664659834561247,0.05612789756023323,0.9556082072062149,0.8185333490148436,0.9537750262010167
cg14697334,0.9550266496376892,0.9591146699453875,0.9682137356963694,0.9618742353461955,0.9537795126031794,0.9272529376081943,0.9574771409941938,0.9512921473113745,0.09451447926063,0.9440111746152046,0.8336485397168287,0.937657607479326
cg27000590,0.9448592386662688,0.948634387408155,0.964156527216091,0.7534570880416398,0.9504074062373777,0.9612322945658301,0.9418323788276455,0.9523202103987012,0.04646509504857044,0.9672803477927536,0.819969675262763,0.8537999064915666
cg25381747,0.9262315421072302,0.7590562908207696,0.9321400712078054,0.9064785052421566,0.9486108713397595,0.9288582526941037,0.9016383232441674,0.9295404786544381,0.024296695143260272,0.9183856534531122,0.8791356440114788,0.9414693834365979
cg24706564,0.9622005304202996,0.8939546536092757,0.9720704892424664,0.9722460736140008,0.9721896585287657,0.9845047948081538,0.9726431962820422,0.9651358469063783,0.13260773395275288,0.9546432597178545,0.7962459766977725,0.8915636310535449
cg20315954,0.9439414044606128,0.921092851680049,0.9488628419857821,0.9382254187381804,0.943923567610021,0.9384192204172958,0.9243910637337767,0.9378742379769719,0.25458867987095135,0.9399540765086696,0.8641012316976254,0.947012618021621
cg07766916,0.953362307120436,0.8927379573671653,0.9550457887254,0.9526626837805944,0.9656455121626268,0.9460560979626019,0.9566263532689643,0.9547279698750479,0.2103996696158592,0.9587313929938595,0.8765182114940984,0.9440266956191383
cg17732216,0.9531804972554084,0.9120076497727395,0.9450472523626181,0.8677464250550229,0.9036210678019969,0.9361944549943031,0.9299086765593918,0.9282907094279145,0.037215880811891075,0.7342304311273138,0.7025647737317737,0.8473473473473474
cg19788934,0.9023311117094497,0.8343206467374311,0.9164068892979277,0.9004059204150361,0.9296170393423553,0.9030158365683641,0.9118010222766888,0.9053051991001777,0.021473354520772595,0.9164652763181476,0.6734637281356062,0.8874303538853543
cg08969102,0.9176018914549096,0.7667071512214878,0.9376833612431343,0.919485912138082,0.9445209480022612,0.9284967804835048,0.9257933175689632,0.9108410865444334,0.08872047292845925,0.9253934535962987,0.7371354624091211,0.8845933987660888
cg15427040,0.9273726851851852,0.8944693929910971,0.9362416107382551,0.8965113447734521,0.9340911922916533,0.9324107501002807,0.9248853461838945,0.9248124724479314,0.22524855039760144,0.8825207665475627,0.8453233345075937,0.8636693255982596
cg17738684,0.9613599362161174,0.7892484024768867,0.9371524160639082,0.9084392218562116,0.9402599702029942,0.9410103010362767,0.9444999565682133,0.9526960548772213,0.07446805333697398,0.9467008717406689,0.9120213729442993,0.9488047647811301
cg19968199,0.9316560809506798,0.8394331350887227,0.9577528933634922,0.9665165188253824,0.9595342231456776,0.9444916435581268,0.9326422874458375,0.8341551851436007,0.09149776160077977,0.8913083650086275,0.9021979481257996,0.9490346614587651
cg24459209,0.9582799898611224,0.9244632359544788,0.9474544993016598,0.9354113670505855,0.964536536515542,0.9350919359373836,0.9119607662720913,0.9597731693885281,0.2903114878938249,0.9639542376420978,0.94012155133198,0.9683722492651037
cg20240243,0.9390643761524909,0.7120312947809663,0.9689197080359959,0.8963652078446049,0.9561320626204854,0.9794399157770315,0.9566898903636141,0.9548336420777919,0.09599511234494756,0.9278739774058545,0.9219135589368288,0.9295823468592018
cg16472853,0.9905605583172545,0.9676527228066777,0.9894536522611224,0.9876618319529056,0.9858872606230884,0.9859359917755258,0.9804316695348828,0.9819474816421911,0.24559719847388664,0.972122702682779,0.9474155345358931,0.9486157432393358
cg07201450,0.9765133129786089,0.8766654148471585,0.9561159924471035,0.9591747008383928,0.9784083317787795,0.939224054790278,0.9479141070152919,0.9710199586894507,0.1607766914353937,0.946549982651421,0.9098068102532639,0.934512584147512
cg01820584,0.9828555945286521,0.9124628086561243,0.9849101559563358,0.9767271753719593,0.9746402390943067,0.9825949680554675,0.9870502697842041,0.9673405264345782,0.19045277720141132,0.9688850621758838,0.8944411545059943,0.878913810286186
cg27274718,0.9481144753066153,0.9532158833774249,0.9608984041413046,0.9660681558854656,0.9594425503765117,0.9555963648477142,0.9445328052191182,0.9515483015980839,0.9482667404177596,0.08376421030602843,0.939691043274619,0.9434284293955446
cg05875239,0.9652047256837676,0.9448017230844434,0.9518835616438356,0.8940710716188314,0.8954255639089146,0.9336979722518677,0.9164180055781376,0.9623859157195183,0.9314331326285621,0.06395109799914422,0.921875468337453,0.9125693893735131
cg13617280,0.9714876643521938,0.8949736446223129,0.9750801515593122,0.9290768082733908,0.9655272719127701,0.9630723781388478,0.9273508437814975,0.9591008401624639,0.9401980568006245,0.07248000707170196,0.8980105304545922,0.9546674067906374
cg24410690,0.9876890565118568,0.9610282380072217,0.9866817667333403,0.956255463159646,0.9765972508550071,0.9682591354734245,0.9691482696928189,0.9860634991406745,0.9693162276644702,0.1304892213052858,0.9352542193329905,0.9474510011111902
cg05355684,0.9513761308142599,0.9594817065395539,0.9437435855634634,0.9707933438106333,0.9766036224639315,0.9159118467523693,0.8970908837650368,0.9456098605507874,0.9548491426571135,0.08182147499723669,0.9437581933709789,0.9626063772747713
cg26275360,0.9484494210879401,0.9439528696599049,0.8935337167139502,0.8623907001168818,0.9346734604926765,0.9057788334244117,0.7961089908946255,0.932113448905918,0.9529107193300106,0.06233221731781785,0.9438053437034025,0.9363882345357883
cg08326410,0.9449991671005509,0.9594617125550429,0.9530355395962492,0.9689533425334966,0.9716621394525897,0.9630299409821034,0.8984478149855416,0.9432465594813957,0.9717226486196153,0.08256462678532961,0.9577134166486811,0.966090143231792
cg15956469,0.9512812721563861,0.9663274881298429,0.9591687399385336,0.9598822130542031,0.9609950707759451,0.9364987454159429,0.8684128249700194,0.9268133719808394,0.9550542840624865,0.12563439733525225,0.9359908471997862,0.9502182498441073
cg27040968,0.9323427600184518,0.9493506522284274,0.9178016749646691,0.8995971128169911,0.9096444734377864,0.8736731977887116,0.8891547336590292,0.8972636431709209,0.963320970727277,0.11655822682919074,0.9194263554364742,0.920437267903063
cg10206039,0.92571063998782,0.9375888181390754,0.9541532809069773,0.9605977075234506,0.9542304646820656,0.9427880737144749,0.9441162556324671,0.9445014413366697,0.9513983754195626,0.20767284757974144,0.9436933038229984,0.9496324083947829
cg09304968,0.9299976937991247,0.9400663076716618,0.9454046655089834,0.9588244230236336,0.9553824919191809,0.9295794830823478,0.9203842575649479,0.9351504243966424,0.961946124977211,0.1840796417719745,0.9419957141645655,0.9519837073719388
cg25386954,0.9311120453462575,0.9217778102548102,0.9275793688590851,0.9133711716125723,0.9430647015190732,0.9332022535138473,0.8354517083208353,0.9373597704512173,0.8969327121659949,0.12294789776080906,0.9065920845232647,0.914117309719496
cg03368758,0.9681673097906954,0.9491386415494281,0.973252789711729,0.9262614024530531,0.9489492709086831,0.947746383195658,0.9656827925501408,0.9477702481969317,0.9096727445866963,0.19894492220475907,0.920095945850955,0.9277294182303547
cg14058851,0.9417829767409414,0.7480434511324977,0.9612563602039204,0.9707134648468877,0.9580324529499192,0.9423445431305153,0.9293716215129404,0.9411502385568338,0.8803934219564965,0.06405060266792872,0.7832585913866001,0.8371654635758901
cg01416168,0.9650841527430699,0.9612880542823798,0.9479148995389433,0.9544139481645517,0.9778745157443907,0.934138730663838,0.7787904290937275,0.9685363258896411,0.9623979008540012,0.1053232396122013,0.9560786312298037,0.9562167145947736
cg03538296,0.9723957693070372,0.9739494883635329,0.9512102623174133,0.9565617667058428,0.9550039878543459,0.9390991221722692,0.7990109383075573,0.9458130943826069,0.9690605719260277,0.050155481251714665,0.9561329999480068,0.9633808824217466
cg17211761,0.9045009134695233,0.8939065866469946,0.9096034921789742,0.8938241155029117,0.893036662193641,0.8565759637188208,0.8675387002264594,0.9072226009848604,0.916464657896652,0.14868113374994016,0.89385707235513,0.8856106027137899
cg21180201,0.9366305957429141,0.8411384514202529,0.8740078924843989,0.7591628058816392,0.9432162646260532,0.9300281152205097,0.8170575230450936,0.9519737931381619,0.9008645391331278,0.06816772627557027,0.9157701066913557,0.9275703483760263
cg21275838,0.9698615202144547,0.9301355360310686,0.9787472733028431,0.9497211987141825,0.9501795373376272,0.9701075772973318,0.9607218346957649,0.9656177543489881,0.951407104443126,0.23784769847709494,0.9525375105807055,0.9513017296622381
cg16360310,0.8813275156212237,0.8357755277817369,0.8945296335165434,0.8453695137657293,0.9087837697953431,0.8574342197393503,0.8437098236619143,0.8928096673705312,0.8191794529339773,0.150088105842773,0.8476332423247619,0.9010471444983148
cg24137511,0.9658688484552448,0.9638264192591043,0.9610364182221642,0.9745272023312636,0.9753084500737192,0.9581095233269147,0.9252750313763167,0.9611063085928342,0.9780152449382431,0.25819692111778264,0.9612558783725953,0.9691336373202385
cg16316183,0.9691354256788152,0.825782963281001,0.96860473532365,0.9497627666977475,0.968923145734998,0.964954012374615,0.9162771507444708,0.9533794011519321,0.8724314989235931,0.07782805207621879,0.7563623201706798,0.9177973774813051
cg04992852,0.9727201621614838,0.9750078075092139,0.9714117083768696,0.9773492297097977,0.9757850865700501,0.9772785251906595,0.945872202650641,0.9629448406100769,0.9672972528904239,0.2862037013130625,0.9587041435571225,0.9534007064779951
cg25846372,0.9030532204162223,0.8766849652805979,0.9377704120742001,0.9480044279539563,0.9101215319605258,0.916043146872524,0.9081515701248402,0.8990994520398834,0.8634477773579117,0.22584903230457673,0.8806321298388433,0.9169990898371153
cg07802362,0.9559984013273521,0.9565038806697153,0.9670717095904657,0.9739524997476519,0.9450682070873908,0.9587588055936409,0.7873088893911422,0.9572154727341613,0.9662518635672317,0.1515131137825545,0.9489613835312217,0.9586959649555367
cg13254203,0.9329446133325894,0.9309119835672837,0.8896166135994271,0.8768714889921135,0.9422372117566442,0.8396542655273656,0.7980217957617992,0.9174218885959327,0.9160067310548176,0.18630217138239502,0.9265274489211677,0.9237051224400048
cg01112784,0.9303287266981763,0.8765232066830362,0.927689163901005,0.9145157421875186,0.942855406653641,0.8934618624281343,0.845424886599395,0.92724675056927,0.7827169148705329,0.16900772729863742,0.8884325551014688,0.9311207834519446
cg05253716,0.9686110532571508,0.9598166382451108,0.9685742617624191,0.976035448918074,0.9781641865037265,0.9678392824597278,0.9671016297807589,0.9638772630773037,0.9780191426871949,0.2956649476121006,0.9668098111193562,0.9703459556240809
cg15705930,0.9640743835867485,0.9685669338965917,0.9592082604875505,0.9646980465669657,0.9740634719972088,0.9644150637314218,0.7831700016904447,0.9542643555508172,0.9429295678327976,0.1798054450059214,0.9482677580542556,0.9338646390374916
cg18087143,0.9483468627059919,0.8917295429137826,0.9031857639429758,0.8364515190580637,0.9348864772419713,0.831791713043311,0.8626989838773571,0.9405740487038424,0.8988473057508857,0.1784389084670135,0.8735841749372962,0.9021635683320518
cg23001370,0.9322046452857582,0.8588910561041116,0.9412331530542304,0.9178169695080363,0.9456998833484124,0.9257171507231329,0.8965251716500191,0.9481968477863214,0.9208959617312947,0.28036884779354665,0.8741763673886176,0.8806622829956086
cg07873128,0.9363852502719834,0.9652213135000645,0.9190797123660355,0.9116413329071071,0.9596527097053822,0.8579920700173094,0.9285384202620033,0.9498436975900135,0.9521773922286283,0.29173765331982404,0.9370155024515425,0.9530928773744494
cg10830795,0.8209604926702067,0.9535797183973254,0.8579329303041622,0.9160092601141011,0.9465166967015434,0.8148347614739495,0.7598556027005844,0.835824876720163,0.955885816664519,0.15082181102755637,0.9365910804755675,0.9347234644880027
cg03891962,0.8821994838193542,0.9059709404095329,0.8854312599611521,0.7778324180707138,0.8879264038989756,0.8875539476492122,0.8228143361204069,0.8696602528321751,0.9282989789206655,0.19918173142448947,0.9013348458545088,0.9081791866472598
cg09278623,0.9525046841076128,0.9495374533875813,0.9470158770516425,0.9216661368431058,0.9584000888550203,0.944954366989945,0.8424259538395922,0.9533891085643543,0.9265469475008403,0.24182877846585482,0.945734121250526,0.9523427107492718
cg03055021,0.9271622331087712,0.9217070782148176,0.9161549094767385,0.9425632265827977,0.9437927522498114,0.9115150688598503,0.88144997787247,0.9272871204735025,0.9389527974944637,0.3221956153616904,0.9220499725799163,0.9288748913592874
cg25029657,0.9013365877853983,0.825533909999421,0.9247373665066387,0.9447105503399835,0.9296177205046083,0.9210533183033552,0.8372797040989619,0.8768361588939638,0.7871433532877041,0.1408944906631775,0.8951838591243229,0.9103367635024633
cg17169982,0.9703868346360319,0.960132009610577,0.9799061886271258,0.9499253026980772,0.9526894625794535,0.979765534163224,0.9410841876049738,0.9725807645791874,0.9601606369273127,0.2905440090170166,0.9437106169727189,0.9533858731156828
cg10157558,0.9008089300148204,0.8971109631138467,0.8604266234157704,0.7144407807005297,0.7148150833244675,0.9397797040048882,0.8600384086876475,0.9113720737346436,0.6394556711308622,0.07905702780574303,0.9199782506068985,0.9593765074943743
cg00515905,0.9424662548792497,0.9613733159456014,0.9205995528308345,0.9263501818606628,0.9504748241902636,0.9058180625820162,0.8918553263138421,0.9320148604191324,0.9457876120960502,0.3181296951599866,0.9447902971901827,0.9572122926596082
cg23617121,0.947141595259295,0.9209427985693744,0.9380030151108314,0.9422470322478841,0.96547926766462,0.9013717390957198,0.8655117559558436,0.9303296576542055,0.906302142733541,0.3438364222985533,0.8930266249589696,0.9435140475683188
cg27309871,0.9713959001339597,0.971779706598193,0.9541709523134143,0.9604718738291899,0.9479227696673236,0.9639108100144943,0.617147638962849,0.9118960873495408,0.9670628379399182,0.05267515692438218,0.9524862058630487,0.9594686799843998
cg21777154,0.911882466110367,0.7404621914155088,0.8427407082760621,0.8315527410766819,0.8754205204581877,0.7471018252114152,0.8106662301936972,0.8997086631265417,0.7406681314864372,0.1503164003449896,0.7626044920686188,0.7913974562668652
cg07123481,0.8574860532652913,0.9009140809803462,0.8425254468268528,0.8795224620685419,0.8669385617279425,0.7826620497572401,0.7402152817006201,0.8335903299046941,0.9041873924441215,0.21253194596253078,0.8998979571947183,0.9022945783928972
cg22917487,0.9508849796788498,0.9403093991971364,0.9260803364447631,0.9384743189556974,0.9646697159525437,0.8148023586175509,0.7922334682987013,0.9467704539534287,0.941790120895454,0.1319468776613552,0.9452077649264857,0.9439356760261552
cg16220743,0.9523739149021413,0.9716229674392323,0.9660053701243665,0.9733188331612537,0.9715645697524264,0.9389960497528456,0.939005685382892,0.9539830168365004,0.967580742477714,0.39657431785561736,0.9593955812283856,0.9538026480472175
cg03956353,0.9122160970494382,0.926252131951954,0.8894550040754664,0.933237795529194,0.9290719758036752,0.8856799214114608,0.8932736694912308,0.9041109527437368,0.9236296099290067,0.35490935868892576,0.9209511389013542,0.9164559703418165
cg04718702,0.917580361354284,0.927653296104997,0.9122091839943032,0.9293639911560312,0.9163725645574203,0.8923192562694724,0.8735419304378302,0.878022392254189,0.9262268420879496,0.2926767122055167,0.9253520455642933,0.9304865728387947
cg01830256,0.8623815916504891,0.7803149275404013,0.848103627902221,0.7574816952478535,0.8952126413813722,0.8104720865318236,0.7715991565614028,0.8686022370373354,0.7385565992652566,0.19129099041029388,0.8684369978165001,0.8875656021592466
cg11790417,0.9323170742053395,0.9194162185981007,0.9073999091384298,0.9166592056769347,0.946905185214074,0.8527041121267565,0.9045141430929009,0.9264108331266324,0.9524374083828471,0.27719773835809963,0.9222076988851313,0.9296362405508396
cg25600606,0.9754304156982895,0.9689033179824168,0.9760924047837031,0.9833689451733919,0.9751119062409757,0.9740331239118512,0.9754140666594262,0.9648908091070927,0.886353273671257,0.9637713299800785,0.11233098197605226,0.9339355714284975
cg13468144,0.9360729162774101,0.9780199874137397,0.9176970093195345,0.9810377359024742,0.9619736494768003,0.9530801793176918,0.9453828594006037,0.9514589289327916,0.8602978558772447,0.9579285795888954,0.0869628617145854,0.963414744685992
cg23338668,0.9592719636844459,0.9426291727596232,0.8985949254204953,0.9716404341767013,0.9692478073341131,0.9319401371383489,0.9030835758294613,0.9521658703330134,0.9555006101530386,0.9622277718917636,0.11709690488149185,0.9258067865861079
cg22400420,0.9416465915032148,0.9483472264478235,0.934851811551192,0.9481984825396549,0.9454150244315334,0.9005311781620264,0.897024407857322,0.9473624226682662,0.9299592625706006,0.9253108258964765,0.13927728021536306,0.9278441443201695
cg10934870,0.9039524444633906,0.9631061981901612,0.9005173195086588,0.8877051499219022,0.9590969283959937,0.9157523857905645,0.8904733228948409,0.9263995994332432,0.9670420445872117,0.9378158206368001,0.12440880614084227,0.8757329324036185
cg01923724,0.933413381437532,0.9460640579151618,0.912153886086593,0.9104653841412423,0.9604865430470634,0.9109583952872662,0.8950565326066562,0.9253922867086135,0.879093368732192,0.9054772574772201,0.13488210125840244,0.9166089797967016
cg04036920,0.975034610868047,0.97267732541118,0.9646350101677992,0.9793405065126495,0.9789207147004834,0.973304309482695,0.9463246455527647,0.9626279304171275,0.95426923922754,0.9615040320110575,0.2300409830351126,0.9115548147626136
cg01699630,0.9332152429592211,0.9561307441022895,0.9271728159644964,0.9454185947488043,0.9603386876572487,0.927020623695731,0.8968634042282397,0.9251289476681737,0.8030961802084675,0.9385742773505027,0.11677864314170944,0.9461724319152749
cg25790531,0.9501099654441905,0.9477466128714296,0.9308463938708496,0.9613329507415591,0.9426798066773543,0.9140897712673111,0.9381492483557022,0.9302263347701485,0.8964475180835244,0.9155564020842171,0.1835841299754753,0.9116934132962239
cg19619956,0.9339854727931132,0.8868199731764344,0.926783532819619,0.939809813999137,0.9671085706790779,0.9086622858001473,0.9104739501049977,0.9328799789123072,0.8357015444869418,0.9318064529352377,0.18670306426007147,0.9246717916323517
cg26396370,0.900018973545501,0.9077856604483494,0.9660856800536687,0.9447336329852296,0.9497064992161319,0.9663913505333082,0.9546574966402084,0.8929838951548695,0.8064277179221743,0.9313869111074498,0.15137413292988972,0.8345005600128562
cg08091050,0.9371392770121966,0.8648406849935271,0.9442289714221132,0.8918762580628206,0.9380509239345154,0.8843536587296001,0.9331267506409058,0.9297645727547494,0.8722845074431307,0.901027893201163,0.18082001490188312,0.8278918762386844
cg24131359,0.9351014040561623,0.906545956382407,0.9383585164835165,0.9362609241242481,0.9278518816530583,0.9476881886520441,0.9198753041815536,0.9293933542021309,0.9130133069273958,0.9118543310500153,0.21681197617380982,0.910279053338043
cg25757820,0.940660867577853,0.9580046859651005,0.9552673296037079,0.966881351717211,0.9690211960383929,0.962037197481208,0.9663529201072836,0.954406767544078,0.8936098583465335,0.9499954112258928,0.15648659789602806,0.7830308993900259
cg17331920,0.913394015290701,0.9776959856988976,0.8924586718776888,0.9736008591074117,0.9617423167484518,0.9485372710055147,0.9570493853082405,0.9685138046835378,0.9706491294221363,0.9677447667768736,0.18169982230192439,0.9727839401062884
cg23911433,0.9578830130561257,0.9267825192058876,0.8853295101358801,0.8863363948740381,0.9488856649153311,0.7474944470351463,0.8371172881924696,0.9536750766608897,0.9057501808738777,0.8934482963816823,0.10646053249321996,0.8769205009142333
cg09694051,0.9586579921512319,0.93361231109537,0.9506928064373745,0.8019062821254945,0.9284870983514713,0.9287811868755678,0.8994719862364857,0.944973426870736,0.7670939177374319,0.9406127284709371,0.12268048304818119,0.861113017920272
cg13633625,0.960838700570376,0.8889123189928473,0.9680207475176607,0.8289046753140126,0.9670632820892257,0.9457144776063322,0.9550814955133091,0.9512651485662755,0.7477569177102454,0.95738311342068,0.08818123989375715,0.6666624915151617
cg17078883,0.9192021217009366,0.8000146227734433,0.8925214072406781,0.9393665761605167,0.9475940049857967,0.8726275516433333,0.8637760461581563,0.8956435361700144,0.7460440373525333,0.9069639124933219,0.12843827516505477,0.779660181221797
cg17322118,0.9782968914758519,0.9756280813107896,0.9825479092351087,0.9761004955635667,0.9777403460629361,0.9634521447972939,0.9753556640467408,0.9726361156729291,0.9447155446395169,0.967585143873164,0.25439867032994207,0.9023396139028219
cg07079231,0.9681999501112094,0.9588772514645112,0.9698810854000263,0.9725194596991384,0.969029269350985,0.9720553264797706,0.954798313014561,0.947735963406086,0.8054060100411728,0.9681087672579478,0.22046133755195202,0.8727271331381354
cg01632240,0.8916049048988012,0.8661121864945178,0.786386433333023,0.8450511969008987,0.9153571353671379,0.7634037397229934,0.8327173135891668,0.8852438249369493,0.7302155202349567,0.9235679665743435,0.1669247178558977,0.7874099381145572
cg13785123,0.9786832946635731,0.9616169183606111,0.9696136051019132,0.9666134972411342,0.9753980565249296,0.9727511998761418,0.9756270494634642,0.9839845684255286,0.8630213443731083,0.9581303189197155,0.21156091797439652,0.7838620050937717
cg02969426,0.9454077497948637,0.9536457677148419,0.9552595906305561,0.9710518171349074,0.9632030789706905,0.925971392904171,0.9643473647505261,0.9453396557760483,0.9417235946536162,0.9537652611497092,0.3473167488197193,0.9321008916430533
cg17567562,0.942691856691697,0.9368159778441134,0.9575628625799535,0.9130945448657868,0.8940233738833538,0.9700108118067049,0.928126697485796,0.9254920750373079,0.8041503720888667,0.9062279017520463,0.2021957580247803,0.8374233149790437
cg15457217,0.9698616212628375,0.9752848691115819,0.969800537724842,0.9805787431249158,0.9839966389016848,0.9655531272071048,0.9774815020170066,0.9677741529569351,0.9500491786963632,0.9724089197587829,0.23947859542147065,0.8517769583846684
cg15169266,0.9162608986281804,0.9166683105683004,0.8327252592054392,0.8657735901154742,0.9301793530100639,0.7530237554915049,0.7734341011223236,0.9132012856046017,0.8048454479303795,0.909556895710136,0.18560832813596795,0.841814906448937
cg07052231,0.9202996831400344,0.9132171116848578,0.9271006082026177,0.9607133729178612,0.91954271684602,0.9209003796694611,0.9460724740736433,0.9333496693396873,0.8398811402845162,0.9369080881049676,0.1792645975488023,0.7884058504166167
cg16102040,0.9277433821352183,0.9338416372961147,0.9189740976104297,0.9641972532586481,0.9502140866325315,0.861259377889551,0.9250403251122021,0.9436125713980535,0.8982270856687106,0.9399091605470962,0.21283449747080607,0.8068833064960518
cg11525409,0.916622798233423,0.8630949862319447,0.8690053376485439,0.9148535674202487,0.9387608935405559,0.8367438644988046,0.7971106168491273,0.916493187878856,0.7669820570779315,0.7966427261680693,0.162351563578027,0.7681395104359007
cg13618969,0.9516974582036831,0.9358637301997129,0.9379608713183196,0.9393803116339647,0.953823159514454,0.9381110870700107,0.9428190538907391,0.9452363342377252,0.8152480326155875,0.9492350477483487,0.14399934661030994,0.9386633446215668
cg00591421,0.9382133058278463,0.9440458932688975,0.9265095931592635,0.9311853323323056,0.952178912756501,0.9168171624423177,0.8975341196835321,0.9209589481427713,0.896806312804679,0.9365403673297863,0.28168059319948535,0.9164605704833009
cg09166556,0.9798089741061755,0.9502450413622935,0.9743311343660396,0.9500955537156183,0.9224934072497417,0.9719558898581929,0.9713814274155372,0.9719448637320431,0.6732757133985001,0.9657762397268281,0.10595308335563161,0.7214942996508126
cg06494464,0.8967145590477319,0.9357296632268678,0.9254787728499312,0.9390634616390197,0.9106555539434619,0.8785629649655673,0.890782809287689,0.8745224298642789,0.9033473477047215,0.9233049719986969,0.3343524709318981,0.8999810677749295
cg07804973,0.9781923448054036,0.9802951406065566,0.9809523809523809,0.9841105911887852,0.9846542928731697,0.9842338429464906,0.98624976326258,0.9810045738072551,0.9636751815593352,0.9738655173929838,0.37090470430661077,0.9720119614989253
cg25693317,0.9633567165177092,0.9697061275137082,0.9603530474495574,0.9630265197347585,0.9675022437503558,0.9370847238986237,0.9431705062459759,0.957549825830088,0.7982933902674758,0.9462155871526051,0.1348188924045996,0.861580143815095
cg13589463,0.944936673289245,0.9581328238784187,0.8794694613840474,0.816418547898166,0.9582868797243812,0.8041247454793023,0.7861539843222255,0.9193925951320744,0.7903515941120578,0.9379094706414182,0.16250604412742262,0.9145218727389106
cg21772826,0.9663112303130903,0.948441734670511,0.9736521660656363,0.9602374472301665,0.9559782724375552,0.9761341267156465,0.9754285008778486,0.9644374223925412,0.9103429405943019,0.9528960278714622,0.3163379011505201,0.839569937050277
cg11809958,0.9426301840861486,0.9129024766900998,0.8494619706150659,0.908824486414326,0.9118682565222921,0.8298977415769548,0.829884948939646,0.9222622006665294,0.6272189763822625,0.9161663098622221,0.1332636903035681,0.8329608346103405
cg02279108,0.8928610835264261,0.8930679869992353,0.777350324597259,0.8294517569620958,0.9415411714569569,0.7746466845992912,0.7499085863848794,0.866155962181191,0.8298478446889037,0.8665830948037831,0.17868780649365912,0.8913843489555147
cg06784232,0.9103223187203219,0.9039088160728164,0.9171610230211004,0.9324174981941102,0.9216020737334102,0.9168563928653457,0.859084854412088,0.8921578658784757,0.9105249173830156,0.8894634720496877,0.28851052008178135,0.8803831823206361
cg05492904,0.946673443734977,0.904930488880783,0.8786879586360365,0.8769298239310426,0.9666975197619243,0.7504057597911465,0.8135220902312358,0.9264264722975448,0.9209547443729675,0.8995046956821762,0.21176800883437505,0.8794931270435673
cg14523804,0.9776784664177346,0.8427554425901342,0.9859185895567149,0.9866809292143193,0.9794256605618485,0.9912583360585687,0.9792505210255003,0.9685456696901222,0.9652178204412798,0.9675809114217648,0.27286386271308904,0.8532834860111915
cg14249174,0.954188159576507,0.9568581293910238,0.9581506354477962,0.9735031431095292,0.9644221481926734,0.952835103429806,0.9562405516639166,0.9338287385056274,0.8451405774288316,0.9548982326289008,0.18517483362417791,0.702946836650274
cg05006942,0.9744765633848844,0.9709364006032379,0.9738799247004077,0.9691219106543515,0.9807255232103113,0.9251853579534507,0.9219990395753442,0.9436763901884994,0.9179418663180765,0.9691194658747767,0.39319706424689044,0.9000810349948057
cg18619616,0.9707141387849391,0.9717748551161125,0.9752817934787356,0.9806173346253313,0.9826152235561374,0.96470265916385,0.9600980849072623,0.9648319100010508,0.9578951189208855,0.9683197234326774,0.37234724579189005,0.9348086767804356
cg25539505,0.9228678449452838,0.9466495878156018,0.8002228119117357,0.9153640150087616,0.953381861593545,0.8511584509488348,0.7650253799630986,0.9000295244463998,0.9164862612841533,0.9215877533932777,0.15897310872408218,0.6441920681031019
cg09948350,0.9492089691375027,0.9628954680446211,0.8399285507697606,0.8619593727082329,0.9499584313010738,0.8572422897197558,0.8006274631425241,0.9361823025355958,0.6750991939760329,0.9420648899842717,0.129117781581239,0.8998460835982741
cg27466532,0.9173290937996821,0.8869042845376949,0.9018879932117098,0.8791361165943021,0.9230683113828217,0.8839832789326003,0.874994149888953,0.9213674761996048,0.7615563713173097,0.9100040611837487,0.3050339669201896,0.8194458043669832
cg17547928,0.8073822174229487,0.8014109345084146,0.76638546617975,0.8072385559617281,0.8503630067116751,0.7767141898170564,0.7336098774451356,0.8059377550862854,0.7666044616841527,0.8428699950558886,0.15011592833864995,0.6276962075499625
cg10480329,0.9696070267538577,0.9714558084256133,0.9807070127586468,0.9504703846043882,0.9694344696179023,0.9779661196093588,0.9795204900712606,0.9784759858596656,0.9199305502006929,0.9720535461399371,0.8702407180979806,0.06535869815912843
cg18066690,0.9721079255313927,0.9827099545562239,0.9776376041534101,0.9698256244754841,0.9841490972425517,0.9819151888829379,0.9843955248895857,0.9777257001068166,0.9827485020917452,0.968718219368764,0.9582254085375437,0.14052394334182697
cg02244028,0.9346594844772167,0.9584748855973853,0.9588959051688685,0.9596485810688169,0.9672413908387489,0.9379993118358413,0.9341032375992826,0.9422736682866496,0.9525620280900005,0.9422732041196666,0.8982562161820076,0.10821782405326244
cg22675702,0.9151218686267881,0.9174043111197188,0.9357753783574143,0.8491688955002052,0.9149459806311289,0.9177060340300698,0.9199748750202597,0.89101427033444,0.8524237187329434,0.9283463159723983,0.872346213876187,0.06596870086253048
cg26872907,0.9381343644272595,0.931541319694045,0.96764771961357,0.9379638080703003,0.9434034493874919,0.9613943639029158,0.9485394650233506,0.9462281919764481,0.9562186506936154,0.9357540669952988,0.9337045677431248,0.05549160962016114
cg23244761,0.9747723132969035,0.9584600217635557,0.9698581560283688,0.9726097053580596,0.9741821784476817,0.9799843780511619,0.9729120085073895,0.9837168062803432,0.968172835075406,0.9605675834409289,0.9550698769322693,0.10380519325116669
cg16636767,0.9668088137693936,0.9727719751341808,0.9847028746707732,0.8930649601793968,0.9664765312761503,0.9771916172766792,0.9860021642191106,0.9711273821582225,0.9662198454733123,0.9542879618145934,0.9405299320303542,0.08429978498532886
cg10624395,0.9607350807278373,0.9134156261608865,0.9168175538587928,0.8904511245810388,0.960369922147355,0.8978426801839248,0.9273010856622393,0.9656449122530761,0.9440367854711138,0.9640936313286146,0.9472446461135107,0.09214187197696144
cg05923857,0.8060859188544153,0.8399208115849983,0.8398268398268398,0.9086882139570137,0.9306731025682369,0.8775022031977842,0.838667560559397,0.8750990200175424,0.8316693178972795,0.9218699016295461,0.7973645347338622,0.1026098901098901
cg03963853,0.9671150971599403,0.9476037862406931,0.9657367136947067,0.9689130901120662,0.972161527279742,0.9700629250619717,0.9532115265550083,0.9248382266597914,0.9624469312441264,0.9247383537768916,0.9267904448724871,0.21513235875148162
cg04851465,0.9628255582376816,0.9406388759956562,0.9728026664800872,0.9657166508919046,0.9499876747471698,0.9582600616577557,0.9516816421713234,0.9329807324878266,0.8758508849774199,0.9428970439799388,0.8375134480813091,0.1557970764212431
cg21459713,0.8600193610842207,0.8894086628031247,0.8419389870668378,0.8741446451962502,0.8775037767505247,0.823689200963559,0.8070242281836922,0.8351356408812617,0.8981095312091947,0.8884428299822158,0.8598121831829599,0.15391891891891893
cg05242065,0.7995123193141604,0.9271005717912227,0.7418207062154394,0.9087728632442905,0.956238264332825,0.7834733066924237,0.9638157645929086,0.8552710833099362,0.9037854696852858,0.964588353205672,0.8510006347526169,0.12964354373773862
cg08908131,0.9357292595847415,0.9327314192412979,0.8248026235601557,0.7978542512331531,0.9383487883239197,0.784802786104136,0.729640412711737,0.9281319780305363,0.9143645627250259,0.8884759387307826,0.8706936189420744,0.06290041438465921
cg27366072,0.9551646384127407,0.9227786170557759,0.9650534439653962,0.7778499880088754,0.931042886786575,0.9619480586965968,0.9441392322489819,0.9565709599559863,0.7629843068303548,0.9367795151374236,0.7685027103022453,0.08188695164234094
cg19301114,0.8947435108336318,0.8945818057702258,0.8368755487215398,0.7593568085707366,0.9053181619638164,0.9211645660723791,0.7640142979269944,0.9255776511379628,0.8819664322019591,0.8616810407855962,0.8789226312816875,0.08223208555309325
cg24788483,0.835505965532479,0.8422279158291079,0.8709334749701235,0.9422679043020774,0.9568814698426309,0.9112807295796986,0.88416808611647,0.9093637257680287,0.883676714374802,0.9422903796684214,0.8413037673920607,0.1736466919135665
cg07002540,0.9011830453544158,0.9402070681142864,0.8227918339758709,0.9344266977763018,0.9659468324726462,0.8287287689012155,0.8767245980406677,0.9278630605466198,0.8859668058067998,0.8802224485847043,0.7185097147868486,0.06370593675006953
cg26124526,0.886167708004346,0.8314989378917043,0.8251841996320511,0.9141026544919257,0.9136431717941063,0.6920039925776715,0.8277187441054353,0.8882133042059723,0.8264629099443712,0.8921189892529241,0.6603179946613648,0.07382554446483636
cg01041239,0.6808062299587724,0.8764692418785422,0.9296487712266639,0.8414987840662312,0.7808989248933063,0.9089249029901849,0.925356766025347,0.71202040118423,0.8902914984341326,0.9182875461500062,0.787199490140891,0.10161937305006685
cg18589858,0.9092697101725107,0.8165421561771311,0.8619478967207014,0.736903021167514,0.9029956265985413,0.8534135313001846,0.8337591323606216,0.8642543525427508,0.8313215066421197,0.8707818490267241,0.6615541917023331,0.12204467672019183
cg07125725,0.7271111625496756,0.9299729207884164,0.7898873846277061,0.6810695008283405,0.702074189858665,0.8410170115188933,0.8802089275831495,0.7820300878137488,0.9176336524368327,0.9416704829102833,0.8317796372700994,0.12165932124127486
cg12655112,0.9530081879672482,0.9064738488218491,0.7971331655542182,0.82036486746231,0.9350283834729765,0.6446511627906977,0.9518874257109113,0.9464751062650418,0.7108241696520954,0.9417583007083733,0.6791046206020307,0.0625346315206206
cg16356013,0.9295722124727825,0.8720521082832517,0.9494463742406708,0.9504976662228046,0.9475917962810622,0.9471685430589963,0.9324894723601536,0.9191011143658429,0.8678820528643738,0.9460545828551297,0.7678582688573183,0.17619157432659271
cg25376491,0.9279811605996553,0.8384998899805156,0.930993402606484,0.951886391985826,0.9502695400083431,0.9189335114839876,0.9184220076985279,0.9327861399518265,0.7520172974297508,0.9282903508167691,0.7002243083499777,0.1255269846876766
cg25898577,0.9105793450881612,0.8495128678515026,0.8436924819481807,0.8946464359749151,0.9124388080663755,0.8558228219419185,0.8645107087591613,0.9211511532080233,0.8632335544565103,0.8442306288435033,0.7146806946234427,0.1624406779661017
cg20641531,0.9733818835654328,0.9524551055962519,0.9825684572026978,0.9450925998913173,0.9716254006722633,0.9680973373910908,0.9626778756988204,0.9657206568722125,0.962995670466771,0.9554836410473766,0.672421997178887,0.10984614126110903
cg14043316,0.9086511149417167,0.8253158086937934,0.8625357634649296,0.8241491582464531,0.7279008304838552,0.7460225381351495,0.8770001118704204,0.9211397741460869,0.7915486631805029,0.8755154985305218,0.6195615233932665,0.08376926107098803
cg05452742,0.9723659133937258,0.9561027953300536,0.9753422929915654,0.9480634583930346,0.9675565099891372,0.9638110926107888,0.9630620973577817,0.9685094868525491,0.9564005065629847,0.9660054116673498,0.9462575495063748,0.388009625124136
cg16728323,0.9034088806329713,0.9114438488503565,0.870959294922089,0.9121735463805103,0.9403556008485279,0.8977029131049692,0.8911243712312736,0.9264836445668683,0.9232514664264755,0.9114988097308598,0.8827218604958385,0.28374658900661753
cg08694574,0.9771737591080049,0.9522486362603134,0.9639099747783152,0.9715347504989414,0.9688460792353489,0.961815088196284,0.9622395062963987,0.9661780269713199,0.8488128559442378,0.9601291934103564,0.68512713801544,0.11817710411852134
cg23719713,0.894927182093637,0.8638360706499233,0.8348750246014565,0.7862728985099119,0.9066629845455245,0.8447809278350515,0.8112599289951123,0.9001754291039277,0.8794301591696132,0.8644838792770729,0.8600309204485996,0.2587393147543262
cg00646216,0.9253281029844227,0.757681978613683,0.9107381096145272,0.9389221401735469,0.951515937925882,0.8385974838605637,0.9085724282385357,0.9462137135692326,0.9211675177430874,0.9515984881644117,0.8559773056385986,0.202999512270218
cg13290254,0.9666021321655365,0.9777563415952643,0.96784074542376,0.7564017585731532,0.953441500604781,0.9669361535406542,0.9586082552797378,0.9793702962311304,0.9726586953082885,0.9608226540125215,0.876721888625186,0.18429874372395066
cg25517015,0.943498479027745,0.6770191278068513,0.8920921502342986,0.9364398932629899,0.9685416431384168,0.8425656259425509,0.8854225969066509,0.932579889698437,0.8379139732042566,0.9178520703751533,0.7000341583701322,0.09408509842317281
cg16766036,0.9425511197663097,0.9446550374594656,0.943558810857389,0.9394868332953961,0.945523917227966,0.9175046373132871,0.9134276352403032,0.9382183327209701,0.9472913377974674,0.938203989355393,0.9373252108311998,0.34709229433889477
cg20918393,0.9736352608168217,0.9553891586476287,0.9681002777152293,0.9710485199751631,0.9733412901065837,0.961941324233376,0.9424072536669815,0.9746962019319269,0.9573463080385953,0.961823976401452,0.8581265029970776,0.2772973670624677
cg25291653,0.9767543716518228,0.964487959101882,0.9680832928699982,0.9793603839072361,0.982287816969222,0.9620944877562296,0.9345082328980503,0.9676713939426804,0.966604964540088,0.961610195523012,0.8764798614932185,0.33658940271221716
cg07505901,0.9373292929303203,0.944650825588315,0.9639209340023767,0.92353343449931,0.9233306292721382,0.9686189421998377,0.9612896082632454,0.962623590998611,0.9489311975032841,0.9463897924208688,0.9068437843130281,0.3391520954649209
cg03567939,0.9314766620136355,0.8315447478835439,0.9330231777568176,0.9691357450927038,0.9509155092671387,0.9160210863639096,0.9118942185331325,0.9310162816262755,0.8990419803605352,0.9531621782741301,0.8960517658838434,0.17990557087586836
cg25765315,0.9781092452873421,0.9543458101731415,0.9385575480050276,0.8553061520579464,0.9413503694428874,0.943797355874326,0.9511816508607052,0.9604899343676649,0.9570980550825094,0.9700866769498332,0.9240464180064791,0.349973481686478
cg14872074,0.8277872285205685,0.7859585869718774,0.8305938682405362,0.789596305363134,0.8338168673006036,0.7950138643057304,0.8196505492043147,0.8411085600811632,0.7817928384889614,0.8527742999801441,0.6909372131776425,0.1639571246526938
cg18770149,0.9206964854998508,0.8965702408951173,0.7622120957506068,0.8788342290141433,0.9546594606538332,0.6161656499430086,0.6981141096348096,0.9192470904246662,0.9474896006471509,0.8863034472691693,0.8841457445182057,0.09940488532053748
cg23391288,0.9787415947461224,0.9708921901521579,0.9040548308421467,0.8294095011487634,0.9743978649990988,0.6837410469305107,0.8535339435979602,0.9709028104016404,0.976861354456774,0.9581980671033754,0.9568473470141576,0.13143170675075608
cg21983607,0.9887859735283536,0.9715683866291795,0.9879947144603571,0.95207098396137,0.9705387800113583,0.9678869078645908,0.9761323402153133,0.9870579705577053,0.9246856258998009,0.9750200938023762,0.817374822271149,0.18496475835224865
cg12037947,0.8678863258370092,0.7685737332661498,0.8155873493975904,0.7544723738999091,0.8125351389721036,0.8371063403224459,0.8294422688876818,0.8655986615187443,0.7803297526340612,0.7796451337535621,0.6212734536923245,0.14230440967283073
cg26953469,0.9384983004743634,0.8195836266432303,0.9425700983277125,0.9558255230571804,0.9354957742652561,0.940826985620593,0.9288071682593945,0.938655913940895,0.8252180330957937,0.9092236944633763,0.8527064820349528,0.2615428503537797
cg01024962,0.9648071665557495,0.9344628109188542,0.9641808672010148,0.603468017209887,0.7936463347772844,0.9665481913970139,0.9537252681795474,0.9602747937095388,0.9519808504971748,0.8898702280507744,0.893121392281006,0.10658581135003231
cg02780988,0.9186776315907591,0.9060484658063082,0.8657972817267162,0.5481110412036146,0.9134899288805471,0.8868009434297726,0.8341618345010133,0.9222656432197882,0.9096693997242031,0.9031960824563474,0.8819516291818092,0.06220316076909538
cg14428166,0.937326004711257,0.9047945900811658,0.9181336656800124,0.9505864309679587,0.9349305221848012,0.9123225259588896,0.9094561079401888,0.9364648241843332,0.9492551713874806,0.9331402622716651,0.8588156791861863,0.265611685940353
