cpg,d_GSE51057,d_GSE51032,mean_abs_d,concordant
cg00002749,0.06724017510686416,-0.49110178714159364,0.2791709811242289,False
cg00004883,0.2761730342481456,0.255390278818267,0.2657816565332063,False
cg00006459,-0.5212101876732161,-0.5773089500775542,0.5492595688753852,True
cg00009088,-0.8780536506964981,-0.14163952475478506,0.5098465877256416,False
cg00011460,-0.13801951721805328,0.21709258176437238,0.17755604949121284,False
cg00011754,-0.7989976918754172,0.4368825027771285,0.6179400973262729,False
cg00013655,-0.057226300481730455,-0.1886716071320982,0.12294895380691434,False
cg00018696,-0.09414562351232894,0.03069401977488234,0.06241982164360564,False
cg00021152,-0.3913167678444818,-0.28444556244752023,0.33788116514600103,False
cg00025439,-0.703204787430251,-0.5847812852697862,0.6439930363500186,True
cg00027570,-1.0615010407012098,-0.46967787256466664,0.7655894566329382,True
cg00031063,0.17531458739742553,-0.04469958385743964,0.11000708562743258,False
cg00035000,0.5872419180700463,0.8497315436504403,0.7184867308602434,True
cg00040016,-0.45535785526123385,-0.009265558369493491,0.23231170681536367,False
cg00040047,-0.08733902078262717,-0.1280400273382728,0.10768952406044999,False
cg00041047,-0.04935220374033982,-0.3281749845655937,0.18876359415296676,False
cg00045114,-0.2255218709854548,-0.3142196139738418,0.26987074247964826,False
cg00047147,-0.056693158867220504,-0.5930828783690434,0.32488801861813194,False
cg00049868,-0.8401256860131232,-0.2792730471479437,0.5596993665805334,False
cg00052246,-1.039098937171961,-0.6132067207578482,0.8261528289649046,True
cg00054525,0.3751231581885124,0.39625348271063293,0.3856883204495727,True
cg00058449,-0.2915539966226871,-0.5124465101604525,0.4020002533915698,False
cg00066668,-0.37320720846539496,0.31722969556120345,0.3452184520132992,False
cg00067742,0.31626064161805106,0.17353487459703457,0.24489775810754283,False
cg00072407,-0.8349100558328473,-0.44065797385919553,0.6377840148460214,True
cg00076195,0.892839394220706,0.43911702120774393,0.665978207714225,True
cg00077281,-0.3405153046118604,-0.4976587806422693,0.41908704262706487,True
cg00077898,-0.2614608230527296,-0.5160837730968743,0.38877229807480196,False
cg00083535,-0.18237859148708604,0.18247945335537832,0.18242902242123218,False
cg00083596,-0.4350061842802889,-0.4562057141654713,0.4456059492228801,True
cg00083616,-0.9522263476959744,0.07737454565163247,0.5148004466738034,False
cg00088880,-0.7428367451799707,-0.71542202029159,0.7291293827357803,True
cg00091349,-0.365721629485925,-0.3095112403637067,0.33761643492481586,True
cg00095276,-1.320844885148441,-1.2184794231271912,1.2696621541378161,True
cg00103299,-0.820101784881372,-0.4847694510277548,0.6524356179545634,True
cg00103855,-0.46533561761137476,-0.323016718699774,0.3941761681555744,True
cg00107970,0.007939086325304746,-0.2177944892365239,0.11286678778091432,False
cg00114012,-0.3262338893637286,0.3879922528912281,0.35711307112747837,False
cg00114694,-1.166892319296316,-0.44747025375063243,0.8071812865234742,True
cg00116234,0.2457128300094422,-0.2364071893848896,0.2410600096971659,False
cg00117005,-0.3839576898203043,0.4259479601363278,0.4049528249783161,False
cg00117172,0.582350423407472,0.1191625319656673,0.35075647768656965,False
cg00123762,0.20480317315853433,0.17325809445787566,0.189030633808205,False
cg00129651,1.23481398197177,0.13952023102735978,0.6871671064995649,False
cg00132135,-0.2788409825474661,-0.2891841275004791,0.2840125550239726,False
cg00132509,0.21976102053701052,-0.21556772861431514,0.21766437457566284,False
cg00133204,0.47284187924847115,-0.008468203556802023,0.24065504140263658,False
cg00136477,-0.4930322087879337,0.065860645946266,0.27944642736709985,False
cg00138325,-0.49701341482114675,-0.3979995760008483,0.4475064954109975,True
cg00141925,-0.5207977147975791,-0.24102340237822908,0.38091055858790407,False
cg00144425,-0.22496295435701152,-0.06806429510652892,0.1465136247317702,False
cg00146565,-0.3078715032881069,0.06207208330648673,0.18497179329729682,False
cg00146928,-0.7019808621543533,-0.618326024099892,0.6601534431271227,True
cg00147638,-0.10924960600880256,-0.45276307514124814,0.2810063405750253,False
cg00148025,-0.7322247063544213,-0.162288312932939,0.44725650964368013,False
cg00149473,0.5151455900961861,0.5197188188216989,0.5174322044589426,True
cg00150231,-0.31356164918414386,0.5943529714762966,0.45395731033022024,False
cg00150245,-0.2207645093078478,0.1181094942859415,0.16943700179689464,False
cg00154950,0.1894587178951558,-0.029525657150132893,0.10949218752264435,False
cg00159523,-0.596942264594776,-0.4779008679793519,0.537421566287064,True
cg00159953,-0.5196476279170675,0.1196450764592805,0.319646352188174,False
cg00160302,-1.2039738335073509,0.026186831223600562,0.6150803323654758,False
cg00162673,0.308398006313787,-0.07201608592175066,0.19020704611776884,False
cg00164462,-0.8463987589260821,-1.4703161959462252,1.1583574774361536,True
cg00169184,-0.31387238646009713,-0.045857731031964985,0.17986505874603106,False
cg00184032,0.0626907409162515,0.07902748072441051,0.070859110820331,False
cg00185189,-0.5399194944482482,-0.08801388999675212,0.3139666922225001,False
cg00187129,-0.8844973388915851,-0.29843778101969326,0.5914675599556392,False
cg00208012,-0.13399212665888025,0.13165509044806775,0.132823608553474,False
cg00208274,-0.7519297129774781,0.16368468996404084,0.4578072014707595,False
cg00219921,-0.21704734887156074,-0.12829791781619765,0.1726726333438792,False
cg00225902,-0.6414052414479725,-0.19251698775719098,0.41696111460258173,False
cg00226849,-0.17207486619585355,-0.16763273330975229,0.1698537997528029,False
cg00226904,-1.0326523668568592,-0.24704473077349734,0.6398485488151783,False
cg00226923,-0.43509906359667494,-0.10955691784604665,0.2723279907213608,False
cg00227665,-0.16007802491860665,0.027080533015742897,0.09357927896717477,False
cg00228281,0.0758256702535884,-0.9443510733088032,0.5100883717811958,False
cg00229257,0.2123992394307761,0.5757991174243019,0.394099178427539,False
cg00232092,-0.5712045610839238,0.00563109403963783,0.2884178275617808,False
cg00232535,-0.9896602579693488,-0.16078615696711873,0.5752232074682337,False
cg00235484,0.22091563227422648,-0.03346151561158962,0.12718857394290806,False
cg00238318,0.013764195881883082,0.4297337923419895,0.2217489941119363,False
cg00239353,-0.16296379642229944,-0.3937786320382661,0.27837121423028277,False
cg00240378,0.1273381879333829,-0.8215517610743622,0.4744449745038726,False
cg00242786,0.5176360971735813,-0.4986788623647027,0.5081574797691419,False
cg00245885,-0.10342151100468244,-0.2689956278860106,0.18620856944534653,False
cg00246768,0.06968989884416964,-0.22158317023741242,0.14563653454079103,False
cg00248302,-0.4005292047790136,0.15727218061894027,0.27890069269897694,False
cg00252733,-0.7998314501510266,-0.0632778888757322,0.4315546695133794,False
cg00253339,-0.38944498701606306,0.2205420855284038,0.3049935362722334,False
cg00253681,-0.09151483504502565,0.22033171574992202,0.15592327539747383,False
cg00257659,-0.5829554320483052,0.1876050517736808,0.385280241910993,False
cg00259404,-1.0526660660695721,0.2172526123548954,0.6349593392122338,False
cg00263619,0.004982012493812773,0.05553406280153614,0.030258037647674457,False
cg00266566,-0.3445499603878889,-0.9290332666718646,0.6367916135298768,True
cg00270093,0.017878813266241852,-0.1948341102898216,0.10635646177803172,False
cg00277591,-0.25012610025560417,0.00892497891534211,0.12952553958547314,False
cg00282731,0.11566116784438324,0.6048488583141611,0.3602550130792722,False
cg00287713,-0.719415536489962,-0.033628467656973596,0.3765220020734678,False
cg00288598,0.02208939211820473,-0.21795117539098427,0.1200202837545945,False
cg00290355,-0.8772184660049559,0.019354879407980398,0.44828667270646816,False
cg00292305,0.039484356287580596,-0.17063643414027632,0.10506039521392846,False
cg00293189,-0.1725203366855456,-0.022453221987970656,0.09748677933675812,False
cg00294025,-0.7154119821950408,-0.4450176618698109,0.5802148220324258,True
cg00294814,-0.2652924840583365,-0.40934086659022456,0.33731667532428056,False
cg00306851,-0.6117864078661193,-0.3511599968129442,0.4814732023395317,True
cg00308936,-0.5511029677224494,-0.1497374569557404,0.35042021233909487,False
cg00311799,-0.6134698030771344,0.4186015056055348,0.5160356543413346,False
cg00319661,0.12025253265109473,-0.2438981210662208,0.18207532685865777,False
cg00320216,-0.8973235971336573,-0.3997967714137294,0.6485601842736933,True
cg00320539,0.7980700833281057,0.3832785779401244,0.590674330634115,True
cg00321911,-0.05225175737208993,-0.06024494331658555,0.05624835034433774,False
cg00324108,-0.6242322001220358,-0.56003700924843,0.5921346046852329,True
cg00326300,-1.1446165893828857,-0.31650243830107955,0.7305595138419826,True
cg00332822,0.05971487312773177,-0.6047339306308218,0.3322244018792768,False
cg00333364,-0.5050044580494795,-0.5586757018524917,0.5318400799509856,True
cg00342590,-0.677015396009351,-0.23968249439792952,0.4583489452036403,False
cg00343906,-0.30172622812196626,-0.6403633859014052,0.4710448070116857,True
cg00351554,-0.31168611873575136,-0.5617234130716509,0.4367047659037011,True
cg00357837,-0.43942468959810477,0.2885150574137645,0.3639698735059346,False
cg00362818,0.03196866653878023,-0.03251183974393616,0.0322402531413582,False
cg00366435,-0.4068672381042111,-0.148539747868452,0.27770349298633157,False
cg00367863,-0.6376328711046066,0.14844130104503941,0.393037086074823,False
cg00371195,-0.12291508039698841,-0.017923095302054513,0.07041908784952146,False
cg00375581,-0.014525483920015991,0.3134258289909499,0.16397565645548295,False
cg00376816,-0.5311682133236979,-0.40663124574527937,0.46889972953448866,True
cg00381974,0.25703959694418604,-0.47906823237506235,0.3680539146596242,False
cg00388905,0.1743215296012637,0.32196722425764696,0.24814437692945535,False
cg00391067,-0.7365411109190886,0.03888082023977273,0.38771096557943063,False
cg00400547,0.322045927307657,0.6040856486086615,0.4630657879581593,True
cg00401471,-0.9863362439045033,-0.5425429658287293,0.7644396048666162,True
cg00405190,-0.651233161361692,-0.2719077891695985,0.4615704752656452,False
cg00409636,-1.0891383738679983,-0.6131455156587515,0.8511419447633749,True
cg00420348,0.06363031729635642,-0.4397598748147436,0.25169509605555,False
cg00421164,-0.11306481956737896,0.15656879894676043,0.13481680925706968,False
cg00427150,0.09538383543916301,0.22643291846742666,0.16090837695329485,False
cg00437969,-0.52866085145276,-0.19570073305075844,0.3621807922517592,False
cg00438215,0.16234603293058536,0.12699843930463697,0.14467223611761115,False
cg00439089,-0.6425958984334635,-0.14540541127191448,0.394000654852689,False
cg00439981,-0.5461803786403244,-0.798346230571699,0.6722633046060117,True
cg00442430,-0.9721845514922166,-0.37840577228855526,0.675295161890386,True
cg00446123,-0.4448491105663932,-0.5066723010879078,0.4757607058271505,True
cg00447324,-0.599170908209356,0.06377555317686137,0.3314732306931087,False
cg00448868,0.3322594554654804,0.0028633041245355226,0.16756137979500796,False
cg00449344,0.30103411995689394,0.0989243543908612,0.19997923717387756,False
cg00458454,-0.4064458106738542,-0.04788127675659416,0.22716354371522418,False
cg00459623,0.04261094357168315,-0.09488361231953236,0.06874727794560775,False
cg00460916,-0.14064893373637818,0.0030451732367604736,0.07184705348656933,False
cg00460944,-0.4375439748403898,0.4706540191012705,0.45409899697083017,False
cg00460983,0.5511841774133276,0.2792140950062119,0.4151991362097698,False
cg00464927,-0.2443730494093264,0.47720211683723857,0.36078758312328246,False
cg00466840,-0.41692148470869755,-0.5708591724137037,0.49389032856120063,True
cg00467244,,1.590186100845609,,False
cg00467547,0.21349758083627718,0.05884078254740376,0.13616918169184047,False
cg00469083,-0.1616744625775454,-0.5723928596146379,0.36703366109609165,False
cg00471190,0.14149483372074914,0.09119181370859002,0.11634332371466957,False
cg00471371,-0.04167734778280436,-0.224700034141653,0.13318869096222868,False
cg00473624,-0.54066682699525,-0.6940062610506575,0.6173365440229538,True
cg00476430,-0.6653156735744548,-0.23239690094287888,0.44885628725866683,False
cg00485707,-0.5111588344000119,-0.2203480443847831,0.36575343939239746,False
cg00487989,-0.5188592316171037,-0.5802764707522015,0.5495678511846526,True
cg00491350,-0.17631725883867663,-0.669800210053649,0.4230587344461628,False
cg00500359,-0.5746471474236078,-0.4769006128384889,0.5257738801310483,True
cg00515905,-0.8936261974847516,0.051462121119923494,0.47254415930233756,False
cg00517080,-0.21985367810108805,0.14200396044572206,0.18092881927340504,False
cg00529757,-0.21723245288110637,0.041296056326114834,0.1292642546036106,False
cg00532449,0.5812269412545931,-0.29958263469139446,0.44040478797299376,False
cg00532451,-0.8672233336769606,-0.6822586179944701,0.7747409758357153,True
cg00534684,-0.5380737904147229,-0.7456376050717901,0.6418556977432566,True
cg00535785,0.28212743663175044,-0.9216926355356816,0.601910036083716,False
cg00546897,-0.181931854038956,0.32944361756447893,0.25568773580171744,False
cg00551957,0.3903517043671861,0.029276687229411024,0.20981419579829855,False
cg00552087,-0.14417426731124217,-0.25424468424200786,0.199209475776625,False
cg00562139,-1.0267474756168766,-0.45596373882576835,0.7413556072213225,True
cg00583147,-0.10837850959763416,0.2929055757805688,0.2006420426891015,False
cg00584840,-0.7925348773293538,-0.657773350818529,0.7251541140739414,True
cg00590152,0.3816967124336684,0.22587220026978216,0.30378445635172524,False
cg00590251,0.4179199050175118,0.6268987456688314,0.5224093253431716,True
cg00595022,-0.5515048207708253,-0.1566799791578445,0.3540923999643349,False
cg00601124,-0.26303294776566993,-0.7333908855068157,0.49821191663624287,False
cg00610205,-0.620186536399733,-0.07290736611914239,0.3465469512594377,False
cg00611301,1.0335043287695982,0.14309097258675227,0.5882976506781752,False
cg00612828,-1.0260149131652372,-0.2087223863883512,0.6173686497767942,False
cg00620024,-0.253810653433381,-0.2878869116247404,0.2708487825290607,False
cg00625963,-0.21125768285455654,-0.15915521813206165,0.18520645049330908,False
cg00634652,-0.42063751292522344,-0.2132889577842405,0.316963235354732,False
cg00635382,0.2894606544774735,0.006936704994439951,0.1481986797359567,False
cg00636427,0.42684017054227663,-0.5980853973931988,0.5124627839677377,False
cg00637085,-0.507709382440902,-0.4137691443568223,0.4607392633988622,True
cg00639010,0.08619930723411132,0.6612762287696174,0.37373776800186437,False
cg00644351,-0.12616806764500793,-0.09819379010475585,0.11218092887488189,False
cg00647881,-1.031279029831053,0.2666183881870905,0.6489487090090718,False
cg00648558,-0.8482998053263554,-0.030367057863006183,0.4393334315946808,False
cg00661673,0.24416026977814442,0.14794210806447639,0.1960511889213104,False
cg00663519,-0.518363793121288,0.6811653589183119,0.5997645760197999,False
cg00674043,0.04986296335166003,0.44780264980939566,0.24883280658052784,False
cg00674415,-0.5606037287622396,-0.5665393686690731,0.5635715487156563,True
cg00675569,0.619451171987769,1.008524343497315,0.8139877577425421,True
cg00675891,-0.769115981883829,-0.5126438061550403,0.6408798940194347,True
cg00678709,-0.3508476745922488,0.03069198835261832,0.19076983147243357,False
cg00679209,0.12898056087786364,-0.18387554045588803,0.15642805066687582,False
cg00691266,-0.1931758449660566,-0.2943928350247796,0.2437843399954181,False
cg00701951,-0.6060694024548837,-0.5245305169171458,0.5652999596860148,True
cg00703902,-0.32407329122598305,-0.9649405377568494,0.6445069144914162,True
cg00705730,-0.6840070788470033,0.021088330147888832,0.35254770449744605,False
cg00707610,-0.06283016479210463,0.05879565949758845,0.060812912144846534,False
cg00712106,-0.7883276323702151,-0.3031847344788031,0.545756183424509,True
cg00713870,0.33851752141329855,-0.035203017942447686,0.18686026967787311,False
cg00713972,-0.8369946778923009,0.10660634323011099,0.4718005105612059,False
cg00714713,-0.19887818226306964,0.37075246901686343,0.28481532563996653,False
cg00719568,-0.7937288137642895,-0.41170845421135865,0.6027186339878241,True
cg00725777,0.20101906964480282,-0.4743244856326499,0.33767177763872636,False
cg00732166,-0.5059670399210116,-0.0012955287310546196,0.2536312843260331,False
cg00736406,-0.2781923525616748,-0.09644834306391084,0.18732034781279283,False
cg00737556,-0.15251802415270493,0.12694250879143537,0.13973026647207015,False
cg00739624,0.19826327052550397,-0.5724536009285839,0.3853584357270439,False
cg00747241,-1.2924146272003099,-0.5409685084638681,0.916691567832089,True
cg00754552,-0.31590130400133565,0.10529943810601117,0.2106003710536734,False
cg00756734,-1.2983474649234021,-0.5550634753037367,0.9267054701135694,True
cg00756845,0.49189784577155243,0.3177126770742791,0.40480526142291573,True
cg00760938,-0.5955174140235351,-0.7754392515242805,0.6854783327739078,True
cg00762029,0.3139108975420645,-0.001732097564631046,0.1578214975533478,False
cg00764632,-0.6245406178562128,-0.20263746986658118,0.413589043861397,False
cg00771217,-0.591459926661174,-0.766788541837982,0.679124234249578,True
cg00779602,-0.2745781167511536,-1.762546752917227,1.0185624348341902,False
cg00779797,-0.13229802181000577,0.2371916904694692,0.18474485613973748,False
cg00783706,-0.09336865623015325,0.29620459872005916,0.19478662747510622,False
cg00788354,-0.7075171851821481,-0.5156181435403109,0.6115676643612296,True
cg00794055,-0.25343353300816024,-0.3186997050620706,0.28606661903511543,False
cg00798796,0.4950395799975484,-0.23112137659278373,0.36308047829516604,False
cg00804179,-0.0467515587038409,-0.14902301273527224,0.09788728571955657,False
cg00805874,-0.6495522955668606,-0.14891657495604294,0.39923443526145175,False
cg00807366,0.7202790151842823,0.26769213397460745,0.49398557457944486,False
cg00810292,-0.5045268244093086,-0.599618565752803,0.5520726950810558,True
cg00811132,-0.011822975313983176,-0.20134040920166346,0.10658169225782332,False
cg00815484,-0.42275829898900363,0.11836866940417053,0.2705634841965871,False
cg00819233,-0.4951375265784399,-0.5314933275981998,0.5133154270883198,True
cg00820740,-0.25000341914725,-0.04915826420480522,0.14958084167602761,False
cg00828556,0.06653552372874398,0.07327512954301148,0.06990532663587773,False
cg00829063,-0.28681443780119764,0.03273810541639884,0.15977627160879823,False
cg00832923,-0.5508046296720993,-0.7002118891409111,0.6255082594065052,True
cg00834537,-0.14482791051947924,-1.4111917571858044,0.7780098338526418,False
cg00842582,0.4368883493480448,0.08416591894846458,0.2605271341482547,False
cg00844277,-1.4320884409812082,-0.4739203938010624,0.9530044173911353,True
cg00848945,0.7392767781401,0.023833619821257503,0.38155519898067874,False
cg00854314,-0.2948824507174448,-0.17963901208667934,0.23726073140206205,False
cg00855923,-0.8602210205807898,-0.47031724918889867,0.6652691348848442,True
cg00859755,-0.38180642262289705,-0.3333439221399193,0.3575751723814082,True
cg00863309,-0.7942934790878486,-0.5364080709043837,0.6653507749961162,True
cg00867406,-0.8113000620180636,-0.3733833669403396,0.5923417144792016,True
cg00869668,0.6057971026117691,-0.42384168376835923,0.5148193931900642,False
cg00874051,-0.05594515963599189,-0.3899612701759479,0.2229532149059699,False
cg00874877,-1.0164194072584365,-0.11859292081945082,0.5675061640389436,False
cg00877958,-1.2071720149231406,-0.34100335539467863,0.7740876851589096,True
cg00878516,-0.2793277568823691,0.21770120469022922,0.24851448078629917,False
cg00881168,-0.5024292727187883,0.45753582811160953,0.47998255041519894,False
cg00891191,-1.0769817341898544,-0.2223852881900157,0.6496835111899351,False
cg00892353,-0.09853705776985792,0.6936711886178275,0.3961041231938427,False
cg00892792,-0.3738093094111589,0.3112343456136826,0.3425218275124208,False
cg00898447,-0.08273635301933704,0.5307887582206691,0.30676255562000304,False
cg00900735,-0.4428998846761594,-0.5022993027678633,0.4725995937220113,True
cg00902153,0.08199337816587247,0.012235087380784989,0.04711423277332873,False
cg00902464,-0.19429111419635514,-0.10563393717357518,0.14996252568496515,False
cg00910015,-0.17520055962498837,-0.03201067493578342,0.10360561728038589,False
cg00912247,0.1132139205972146,-0.39024226176591376,0.2517280911815642,False
cg00922841,0.3831710709120215,0.019695432091196414,0.20143325150160896,False
cg00929658,-0.1568483697853669,0.41251573744243164,0.28468205361389926,False
cg00944599,-0.35279020521941296,0.016435616166274175,0.18461291069284358,False
cg00952054,-0.32906867762766606,-0.8927117087512675,0.6108901931894668,True
cg00953201,-0.4557522262293097,-0.6494423674060059,0.5525972968176578,True
cg00954771,-0.4246169763459453,0.3443012219314571,0.38445909913870124,False
cg00973397,-0.3797810145396806,-0.23979141067927398,0.3097862126094773,False
cg00984967,-0.8206065014213143,-0.2642317423229944,0.5424191218721544,False
cg00989157,-0.3498287101425216,-0.118925115935118,0.2343769130388198,False
cg00996377,-1.0919574404828116,-0.6503618561177741,0.8711596483002928,True
cg01002223,-0.07882995356024922,-0.14462189172453846,0.11172592264239384,False
cg01012308,-0.1658188076927489,0.2297957723219467,0.1978072900073478,False
cg01012879,0.45369275566600076,-0.01456163451554447,0.23412719509077262,False
cg01020475,-0.5772062810444338,-0.5224402837333736,0.5498232823889038,True
cg01022219,0.5446593294269182,-0.2510942157873659,0.39787677260714205,False
cg01023672,-0.2387863892751883,-0.4236693027013478,0.33122784598826804,False
cg01024069,0.402232752560879,-0.5477008730743391,0.47496681281760905,False
cg01024458,0.17186639921219993,0.3513706379686155,0.26161851859040774,False
cg01024962,-0.2927397720341628,0.07839978050932492,0.18556977627174387,False
cg01025095,-0.3488225030798912,-0.5394278330076719,0.44412516804378155,True
cg01029592,-0.3164647860951541,0.401026863144031,0.3587458246195926,False
cg01035238,-0.3923869098256491,-0.5131952916509326,0.4527911007382909,True
cg01038738,0.47575348699084535,1.0415296275579637,0.7586415572744045,True
cg01040649,-0.927369740729969,0.14151572677678614,0.5344427337533776,False
cg01040749,-0.2832504597827119,-0.1345756590551371,0.20891305941892452,False
cg01040779,-1.1823224554100966,-0.47432132988692693,0.8283218926485117,True
cg01043759,-0.26930302812893064,-0.5662267672185224,0.4177648976737265,False
cg01054454,-1.3322509666114897,0.17311083442471328,0.7526809005181014,False
cg01057573,-0.36751799455748874,-0.6105226985728336,0.48902034656516113,True
cg01064265,1.4112088153848945,0.311853624508252,0.8615312199465732,True
cg01066220,-0.012401406616731236,0.09142811681788794,0.05191476171730959,False
cg01070197,0.32529713909077507,0.0892097548473452,0.20725344696906012,False
cg01070560,-0.04771008203500469,-0.1078546327625619,0.0777823573987833,False
cg01071314,-0.28707435109076923,-0.1779125266203372,0.23249343885555324,False
cg01074104,-1.078732966067154,-0.27425707894573814,0.6764950225064461,False
cg01077501,0.1504449757447779,-0.28131629570771416,0.21588063572624602,False
cg01081737,-0.39554494645023625,-0.06386035231333821,0.22970264938178722,False
cg01085399,0.32239284611813285,-0.17521564309193358,0.2488042446050332,False
cg01086369,-0.7277654113774528,-0.8657808698507017,0.7967731406140772,True
cg01088404,0.19670628757023711,0.10801344345142733,0.15235986551083222,False
cg01090834,0.1180490936544978,0.13578059132668513,0.12691484249059146,False
cg01095157,-0.051782760094133455,0.2914687564230416,0.17162575825858753,False
cg01096487,-0.4719237115955221,-0.4377712006663134,0.45484745613091776,True
cg01101472,-0.5107487498690675,-0.0019691968409840284,0.2563589733550258,False
cg01104425,-0.5453683191393854,-0.1768255869658121,0.36109695305259876,False
cg01104549,-0.2635712556241032,-0.0015437989001842321,0.13255752726214373,False
cg01119718,-0.6169738772446536,-0.5419326909088071,0.5794532840767304,True
cg01128511,-0.03117544368709299,0.34086740198458165,0.18602142283583734,False
cg01134758,-0.0319687655414068,-0.5129547497150712,0.272461757628239,False
cg01142668,-0.4385121338311818,-0.567271937797007,0.5028920358140945,True
cg01146539,-1.153072688205106,-0.46150383684785784,0.8072882625264819,True
cg01146875,0.5810759693292118,-0.061133537194464495,0.3211047532618381,False
cg01148073,-0.06279441353607355,0.42940763196457155,0.24610102275032256,False
cg01149677,-0.40693094260220986,-0.3694610211153789,0.38819598185879434,True
cg01154505,-0.404458144402403,0.2036901244719201,0.3040741344371616,False
cg01154721,0.10715917193252265,0.1709064069708427,0.13903278945168268,False
cg01162108,-0.6209708681778678,-0.3666435719947386,0.49380722008630323,True
cg01166685,0.2679339258557988,0.034582085728966525,0.15125800579238266,False
cg01167323,0.6002676560277703,-0.21800757476234112,0.4091376153950557,False
cg01170124,-0.27939965016999774,-0.11078068105554492,0.19509016561277132,False
cg01178899,-0.8245795337467555,-0.3800162477388087,0.6022978907427821,True
cg01183595,-0.07964668381136042,-0.16977810941826166,0.12471239661481104,False
cg01189638,-0.5585264595794396,-0.06475436303164787,0.3116404113055437,False
cg01196123,0.1742880054196933,-0.36434628549913,0.26931714545941166,False
cg01199327,-0.2687453024426343,0.3716262450550281,0.32018577374883117,False
cg01211852,-0.33870537512153615,0.4101809827127769,0.3744431789171565,False
cg01215963,-0.20415577883144143,0.2546285420548921,0.22939216044316676,False
cg01217601,-1.1633917756165064,-0.7388453554527612,0.9511185655346338,True
cg01219549,-0.38058384972987686,0.10936794694784681,0.24497589833886182,False
cg01221209,-0.5916561538552941,-0.059470048913495305,0.3255631013843947,False
cg01224949,-0.35129813221231343,-0.7690933232926677,0.5601957277524905,True
cg01232969,0.4496280701535531,0.1561824091694299,0.3029052396614915,False
cg01244015,-0.09649662752287226,0.126871819800032,0.11168422366145214,False
cg01248385,-0.3144228716946616,-0.6027477868274664,0.458585329261064,True
cg01249016,-0.3901783068113076,-0.11562955804638043,0.252903932428844,False
cg01251360,-0.02108608344610666,0.16813737267517348,0.09461172806064007,False
cg01254707,-0.1929332536755749,-0.06912559447310686,0.13102942407434087,False
cg01263942,-1.3897326482478731,-0.4555250880321338,0.9226288681400034,True
cg01278596,0.28801558215465134,0.0056318300100500285,0.14682370608235068,False
cg01281038,-0.8827227038198011,0.09797061687675493,0.490346660348278,False
cg01284881,0.26001515394061725,-0.20605368350858047,0.23303441872459885,False
cg01303236,-0.635545464043357,-0.11263928842127584,0.3740923762323164,False
cg01311470,-0.22926412679298047,-0.34465199093915677,0.2869580588660686,False
cg01312997,0.0337697080521339,-0.8664393764136276,0.4501045422328807,False
cg01313422,0.1607502680845627,0.49421994848957695,0.32748510828706984,False
cg01321220,-0.5202193276842177,-0.23878558167736583,0.3795024546807918,False
cg01321962,-0.34823819935079703,-0.6783283856481436,0.5132832924994704,True
cg01330991,-0.04134874464434383,0.44256554180548974,0.2419571432249168,False
cg01332882,0.3973885487260939,0.3507093212556366,0.3740489349908652,True
cg01333788,-0.9016187515478433,-0.18046418901149303,0.5410414702796682,False
cg01342411,-0.19209111385256464,-0.04334276628373937,0.117716940068152,False
cg01346158,-0.5789802023776247,-0.008596623323914214,0.29378841285076945,False
cg01349691,-0.528872668224113,-0.9706153835124125,0.7497440258682628,True
cg01356872,-0.3199948167005171,-0.21964774486486624,0.2698212807826917,False
cg01357222,-0.5148659084020364,0.28598834810686086,0.4004271282544486,False
cg01357429,0.46194205071538663,0.30567510202655906,0.3838085763709729,True
cg01357771,-0.6007031247830532,-0.062496604502835666,0.33159986464294444,False
cg01360627,-0.06473079355359786,0.4570026189122492,0.2608667062329235,False
cg01362515,0.14714524153699074,0.208982112900259,0.17806367721862487,False
cg01364833,0.009431903007567266,0.24341672475288473,0.12642431388022599,False
cg01366941,-0.36218669253051045,-0.14337528101320207,0.25278098677185623,False
cg01367992,-0.2654942106190462,-0.2717582525575391,0.2686262315882927,False
cg01382181,-0.8667114836789509,-0.1660646589432388,0.5163880713110949,False
cg01386080,-0.39716374015244016,0.03589588207011997,0.21652981111128006,False
cg01392776,-0.46389465372564465,-0.646616404995233,0.5552555293604389,True
cg01400750,-0.3543948350216022,-0.5547399526879325,0.45456739385476735,True
cg01409709,-1.312742258077636,-0.5557029703044117,0.9342226141910239,True
cg01409985,-0.3260533886932043,0.10999097926302792,0.21802218397811612,False
cg01416168,-0.7063742759547402,-0.37729962789432625,0.5418369519245332,True
cg01417692,-0.8251979381318597,-0.7023138163000794,0.7637558772159696,True
cg01418951,-0.4330065932422707,0.06164895281195994,0.2473277730271153,False
cg01419713,-0.2358567527784513,-0.31635381394571194,0.2761052833620816,False
cg01424562,0.08926923936696704,-0.06378343746904573,0.07652633841800638,False
cg01425666,0.41025795610373705,0.6179443789385405,0.5141011675211388,True
cg01432945,0.0033138275279313125,-0.11170718774307363,0.05751050763550247,False
cg01443488,-0.6069815511903502,0.029423694674445718,0.318202622932398,False
cg01446393,-0.7419230695503495,-0.23977598237746262,0.4908495259639061,False
cg01453157,-0.442896641431653,-0.27259851855729816,0.3577475799944756,False
cg01453814,-0.17413112568826397,-0.6443597277927396,0.4092454267405018,False
cg01454237,0.06678454016739879,0.02676231426638729,0.04677342721689304,False
cg01473816,-0.254941321260803,0.16870052105623415,0.21182092115851858,False
cg01476222,-0.5772547565159498,-0.048915555206163454,0.3130851558610566,False
cg01487494,0.0610870969759309,-0.208731405512835,0.13490925124438297,False
cg01490728,0.2202496769425452,0.18674520305551454,0.20349743999902986,False
cg01493379,-0.5528602032559673,-0.07639306098975197,0.31462663212285963,False
cg01499988,-0.008272739317996837,-0.02668302547834758,0.017477882398172207,False
cg01500527,0.3908417794875792,-0.29580285828182584,0.34332231888470255,False
cg01502811,-1.3617637920186343,0.4224231594053971,0.8920934757120157,False
cg01512719,0.15387952545296604,-0.021178857466490647,0.08752919145972834,False
cg01515732,0.1875668646847565,0.029860181489116976,0.10871352308693674,False
cg01519464,-0.03866528062452808,-0.45370494153182217,0.24618511107817512,False
cg01520563,0.4968170874312177,0.9910910658022776,0.7439540766167476,True
cg01525879,-0.4869513441656763,-0.30258008207553055,0.39476571312060343,True
cg01529588,-0.5686606853637066,-0.08083598489375586,0.32474833512873125,False
cg01534390,-1.3522174143227905,-0.6268968944249969,0.9895571543738937,True
cg01537769,-1.418123390718927,-0.44520925259558747,0.9316663216572573,True
cg01539849,-0.7023867969201822,-0.33167566573289037,0.5170312313265363,True
cg01542023,-0.4608578309071172,0.402032459825105,0.4314451453661111,False
cg01543184,0.6235090238796939,-0.28466047371221126,0.45408474879595256,False
cg01544157,-0.012978464447496002,0.1389968201151814,0.07598764228133871,False
cg01548562,-0.3891032034426161,0.34952895097128167,0.3693160772069489,False
cg01551729,-0.35323352416871084,0.35838957684151634,0.3558115505051136,False
cg01553653,-0.27193943715835783,-0.19820381098957726,0.23507162407396753,False
cg01559561,-0.4506526601847225,-0.6803450024063937,0.5654988312955581,True
cg01565918,-0.6555147542994302,0.14446606478397772,0.39999040954170395,False
cg01568433,0.07170733300208003,0.1114763503090953,0.09159184165558767,False
cg01577745,-0.1421129858486185,-0.04660598184789258,0.09435948384825554,False
cg01585094,-0.19399643394213212,-0.4288382866743816,0.31141736030825684,False
cg01586506,-0.5638841294296183,0.033946964067280566,0.29891554674844945,False
cg01590338,-0.2742346069633288,-0.13491778268612353,0.20457619482472617,False
cg01591579,-0.08107550579980138,-0.05823401646243428,0.06965476113111783,False
cg01591881,-0.2850265809083836,0.7040139131247695,0.49452024701657654,False
cg01594685,-0.37739353971388473,0.40336224360973444,0.3903778916618096,False
cg01595997,-0.2087429139098425,-0.2591797931419599,0.2339613535259012,False
cg01598421,-0.0528642953586963,-0.4972517440788481,0.2750580197187722,False
cg01598675,-0.40598467965829294,0.1422485885916508,0.2741166341249719,False
cg01602345,-0.4788198909135122,0.10049404900120709,0.2896569699573596,False
cg01603395,-0.30026360292520793,-0.11807294841486789,0.2091682756700379,False
cg01610123,-0.15473360201216318,-0.4441428761778947,0.299438239095029,False
cg01612095,0.058915039540178835,-0.5026848329941863,0.2807999362671826,False
cg01614759,-0.644933615794623,0.24696727590567288,0.445950445850148,False
cg01622606,-0.6351804800748813,0.11426006057708014,0.3747202703259807,False
cg01624197,-0.1806947874369911,-0.2656120196769991,0.2231534035569951,False
cg01632865,-0.41504097008784463,0.2152270290322299,0.3151339995600373,False
cg01640506,-0.1780267251802704,-0.3142032678328028,0.2461149965065366,False
cg01640991,0.576738984431081,0.6404950817781606,0.6086170331046208,True
cg01649611,-0.584038515352804,-0.2544404045253549,0.41923945993907946,False
cg01650818,0.2675425393666676,0.5527730327242003,0.41015778604543396,False
cg01655008,-0.32198545901531056,-0.016684362937064063,0.1693349109761873,False
cg01666796,0.01885969083641035,-0.20264655388626382,0.11075312236133708,False
cg01679512,-0.4641629563437831,-0.4640934194979426,0.46412818792086286,True
cg01680010,0.517447827688269,0.8528859779095422,0.6851669027989056,True
cg01684901,-0.727262054859406,0.011653360819415369,0.3694577078394107,False
cg01691696,-0.05714269699592127,0.07000375337212512,0.0635732251840232,False
cg01692110,-0.2732202820829617,0.10372490246268022,0.18847259227282095,False
cg01692842,-0.27118721859329725,0.19349816247154086,0.23234269053241907,False
cg01693138,0.10162937248193284,0.3082192899602406,0.20492433122108672,False
cg01699430,-0.522061933591751,-0.12141656108140861,0.3217392473365798,False
cg01699630,0.28376963893820345,-0.028769639885370336,0.1562696394117869,False
cg01704947,-0.4341649351070827,-0.19704438919820705,0.3156046621526449,False
cg01706943,-1.2301267367781636,0.16953571994632166,0.6998312283622427,False
cg01728682,0.30305947693198865,0.29541791453679067,0.29923869573438966,False
cg01728830,-0.47079559790276637,-0.03626041610977889,0.25352800700627265,False
cg01730834,-0.861220784762571,-0.4920526934062334,0.6766367390844023,True
cg01735277,-0.30216329191872077,-0.4311230838986697,0.3666431879086952,True
cg01737554,-0.13692176246641033,-0.18787661340642323,0.16239918793641678,False
cg01742370,-0.5912557106743946,-0.3251614925105456,0.4582086015924701,True
cg01743020,0.05368235881411,-0.03387320195045672,0.04377778038228336,False
cg01749347,0.23133715496331808,0.03887776677633515,0.1351074608698266,False
cg01751584,-0.2922925419865906,-0.19498079402240007,0.24363666800449535,False
cg01754009,-0.005783606001066329,0.27619657856992974,0.14099009228549803,False
cg01754267,-0.4416672828413445,-0.41553797289174776,0.4286026278665461,True
cg01754790,-0.10839966438011442,0.538984124447724,0.3236918944139192,False
cg01769273,-0.20758549099067528,0.152568684510162,0.18007708775041864,False
cg01773518,-1.088358570999421,-0.1948460240008513,0.6416022975001362,False
cg01782059,-0.1983395797186693,-0.09113633064608781,0.14473795518237856,False
cg01782709,-1.0449014130329026,-0.8533354631651437,0.9491184380990232,True
cg01783195,-0.3395467474696554,-0.6390297894381501,0.4892882684539028,True
cg01787285,-0.555230155943158,-0.3465211035234754,0.45087562973331674,True
cg01797036,0.5753389460871718,-0.2846497572071652,0.4299943516471685,False
cg01797169,-0.32877516621086644,-0.08056119718628231,0.20466818169857437,False
cg01801643,-1.2328211811525327,-0.710997949548144,0.9719095653503383,True
cg01802545,0.09760572548617796,0.47297900289080164,0.2852923641884898,False
cg01803771,-1.0113785475228887,-0.8933644597479854,0.952371503635437,True
cg01804183,-0.01123651397006803,-0.10531505439780861,0.05827578418393832,False
cg01805890,-0.7653413371089371,0.17752201930658687,0.471431678207762,False
cg01807820,1.031468067635143,0.8532074745999734,0.9423377711175582,True
cg01810471,-0.11378162355232038,-0.4388212513795682,0.27630143746594427,False
cg01810907,-0.7397114222115613,-0.40015440260121976,0.5699329124063905,True
cg01813877,-0.07824769138331115,0.32359558707344527,0.20092163922837822,False
cg01820934,-0.12207102386011395,-0.11462587203589449,0.11834844794800423,False
cg01831771,0.015517846889263592,-0.07372194024401452,0.044619893566639056,False
cg01833122,-0.4096848835135715,0.17530896212426292,0.2924969228189172,False
cg01836910,-0.4404342756423861,-0.37008547188307866,0.40525987376273237,True
cg01850245,-0.6212042699869668,-0.2877899575254529,0.4544971137562098,False
cg01865118,-0.17081377954833316,-0.3853111317932819,0.27806245567080756,False
cg01868869,0.1760092004829264,-0.5391706875154595,0.35758994399919297,False
cg01869288,-0.7201298881959158,-0.4336613862720554,0.5768956372339856,True
cg01870865,-0.10074103013319617,-0.12522749979611056,0.11298426496465336,False
cg01871963,-0.4207156717967554,0.4806638348266809,0.4506897533117181,False
cg01874152,-0.7209242250842369,-0.604831920148421,0.662878072616329,True
cg01879591,-0.35537005545825556,-0.3724335645750081,0.3639018100166318,True
cg01884715,-0.26863899062369523,-0.025615968877892904,0.14712747975079407,False
cg01886810,-0.8301475296053208,0.01807457075256089,0.42411105017894085,False
cg01895333,-0.9349074308812879,-0.7191165443382436,0.8270119876097657,True
cg01909245,-0.3617145927928303,0.20234589639927253,0.2820302445960514,False
cg01914107,-0.3980560541832678,-0.17989813878009217,0.28897709648167996,False
cg01920980,-0.20058076618445636,0.08911183908780126,0.1448463026361288,False
cg01922485,0.2881869360396727,-0.06680641905574938,0.17749667754771103,False
cg01923473,0.13476699809135798,-0.05412736608341763,0.09444718208738781,False
cg01923775,-0.17540460576226424,-0.2078277707830537,0.19161618827265897,False
cg01924223,-0.5999327792425907,0.028746691024381262,0.31433973513348595,False
cg01925950,-0.41625374588748504,-0.017719985973363613,0.21698686593042432,False
cg01937819,-0.4786713739708185,-0.0971630052097231,0.2879171895902708,False
cg01939825,-0.5474048726370286,-0.12129094063119157,0.3343479066341101,False
cg01940139,-0.27398251230673193,-0.6937502363432535,0.4838663743249927,False
cg01945840,0.17004002218254552,-0.36820722619414353,0.2691236241883445,False
cg01949403,0.45214377526036864,-0.1423171432550021,0.2972304592576854,False
cg01953317,0.16330417033772635,-0.2969911700843398,0.23014767021103305,False
cg01961447,0.2492244584565685,-0.2122645568903618,0.23074450767346516,False
cg01962471,0.14827215967626642,0.08037480430850047,0.11432348199238344,False
cg01963906,-0.22209350497050573,-0.02724267807884019,0.12466809152467295,False
cg01967073,-0.5308925685572178,-0.4675955244873965,0.49924404652230714,True
cg01969759,-0.07118370469506449,0.13223655583716035,0.10171013026611242,False
cg01977863,0.03327330076089502,0.19411587528616994,0.11369458802353248,False
cg01986767,-1.834157654341568,-0.4254085359328595,1.1297830951372139,True
cg01987702,-0.7571820779025887,-0.41155180630764654,0.5843669421051176,True
cg01992684,-0.07102248478954477,0.32238449991726664,0.1967034923534057,False
cg02006324,0.09436243954453619,0.3083998714669782,0.2013811555057572,False
cg02015582,-0.24522566332896387,0.018036509810333647,0.13163108656964875,False
cg02021919,-0.035705871520210736,0.14858977233022033,0.09214782192521553,False
cg02027263,-0.3711366789297436,-0.0164431508908489,0.19378991491029626,False
cg02030454,0.10966277583111098,0.15426622752917937,0.13196450168014517,False
cg02045894,-0.03461215634026885,-0.28236369569946285,0.15848792601986586,False
cg02046562,-0.907590064783369,-0.24654742159445073,0.5770687431889099,False
cg02056135,0.7801852061190486,-0.15346935557222183,0.46682728084563524,False
cg02057160,-0.0488140994415956,-0.3465103362590386,0.1976622178503171,False
cg02057688,0.918130054115898,-0.786357224537856,0.852243639326877,False
cg02058628,-0.2934107843613075,-0.7086955833022831,0.5010531838317953,False
cg02060717,-0.4230531364096013,-0.19023969757924197,0.30664641699442163,False
cg02071579,-0.040602144042378004,-0.9806453676421383,0.5106237558422582,False
cg02073763,-0.3751221246196305,0.11795338530161545,0.24653775496062297,False
cg02083428,-0.28417240932511073,-0.0006763004557349848,0.14242435489042285,False
cg02087383,-1.20844064742291,-0.1867145138638419,0.6975775806433759,False
cg02089452,-0.016531735930453307,0.03381297876781321,0.025172357349133256,False
cg02090762,-0.11077323626619252,-0.10782558172396244,0.10929940899507748,False
cg02092295,-1.3027239632130356,0.1865105544222566,0.7446172588176461,False
cg02092514,0.028888126504489374,0.10599224539207906,0.06744018594828421,False
cg02092790,-0.7932837794989712,-0.6276016839850274,0.7104427317419992,True
cg02103895,-0.030799087585061623,-0.10547673216888694,0.06813790987697428,False
cg02111865,-1.3575254823071037,-0.6239900049096316,0.9907577436083677,True
cg02118390,-0.5139820532724851,-0.5642345167805177,0.5391082850265014,True
cg02126424,-1.1917916720356243,0.05318942005671178,0.622490546046168,False
cg02131967,0.5787088805689511,-0.17090312028718127,0.37480600042806617,False
cg02136460,-0.482273546123606,0.291156726674362,0.386715136398984,False
cg02141358,0.1285712334375342,0.2921671796961137,0.21036920656682395,False
cg02148547,-0.9547280089383006,-0.4473930796421863,0.7010605442902434,True
cg02150207,0.23064931767238875,0.3302780037966947,0.2804636607345417,False
cg02150910,-0.6517000083411675,0.03434956075622637,0.34302478454869695,False
cg02159489,0.2739836289621037,-0.023733184314559216,0.14885840663833147,False
cg02167837,-0.8108205296765765,-0.19330184111861842,0.5020611853975975,False
cg02169279,-0.1583996892518779,-0.6682726219924928,0.41333615562218534,False
cg02171718,-1.0557443024439686,-0.5160418516241673,0.785893077034068,True
cg02182476,-0.09605404141525993,-0.010602685567662749,0.05332836349146134,False
cg02190353,-0.3355055900407354,-0.4994774279343837,0.41749150898755955,True
cg02194243,-0.12594895372996065,-0.47741423495851526,0.30168159434423797,False
cg02197669,-0.35839918243532093,-0.20702576398013067,0.2827124732077258,False
cg02202923,-0.13114044053533092,0.23368484624673888,0.1824126433910349,False
cg02203656,-0.21083204189519725,0.07963749594818825,0.14523476892169274,False
cg02211825,-0.25837384756207127,-0.44315469188953344,0.3507642697258023,False
cg02212280,-0.45803508856116937,-0.1742667705218895,0.31615092954152946,False
cg02212339,0.07819008753188514,0.3977743500938915,0.23798221881288834,False
cg02212836,-0.29072031765268735,-0.036258764957649556,0.16348954130516846,False
cg02213045,-1.176243833356284,-0.5041022975256052,0.8401730654409445,True
cg02222982,-0.17902435135149444,0.15482007142683407,0.16692221138916424,False
cg02225988,0.18782444184218913,-0.1256702252599159,0.15674733355105253,False
cg02227036,-0.4149463524904279,-0.26222308651234144,0.3385847195013847,False
cg02227188,-0.5851929073731391,-0.1342394996976525,0.3597162035353958,False
cg02231062,-0.5611800145454188,-0.2431608837484702,0.4021704491469445,False
cg02231601,-0.16355516546364102,-0.35049611925690316,0.2570256423602721,False
cg02231767,-0.31426874478117495,0.07832934229516894,0.19629904353817196,False
cg02235041,-0.21582843991926048,-0.17028523708094187,0.1930568385001012,False
cg02237415,-1.1341819750641824,-0.7533116205912699,0.9437467978277261,True
cg02240030,-0.9036788643619924,-0.574752517546235,0.7392156909541137,True
cg02242345,0.061298442012678214,-1.0681348710761023,0.5647166565443903,False
cg02244028,-0.03855469225059303,0.21730984686180563,0.12793226955619932,False
cg02247300,-0.5808709380684394,-0.5926118693729745,0.5867414037207069,True
cg02251850,-0.11000197749103789,-0.029148608162263487,0.06957529282665069,False
cg02255950,0.03365848628896545,-0.15888822614716896,0.09627335621806721,False
cg02261780,0.06091146923483002,0.3233505826828938,0.19213102595886192,False
cg02264990,0.20640933464176253,-0.11298251174975217,0.15969592319575734,False
cg02265690,-0.14858616246383202,0.19217196789802224,0.17037906518092713,False
cg02268013,-0.6756547946592857,0.016962007905414748,0.34630840128235024,False
cg02268965,0.1252214370669304,-0.06165893592082113,0.09344018649387577,False
cg02275040,0.1420035019253785,0.6891896466508473,0.41559657428811286,False
cg02281446,-0.7134307446146728,-0.29510449344012396,0.5042676190273984,False
cg02284900,-0.40326001685761115,-0.5029910002628436,0.4531255085602274,True
cg02287105,0.1826502165004944,0.35172513300853264,0.26718767475451355,False
cg02287325,-0.8996716167348242,0.12191044700392063,0.5107910318693725,False
cg02288825,0.019653336234027,0.23274939686973695,0.12620136655188197,False
cg02291020,-0.5330089357554275,-0.07960175374018297,0.30630534474780524,False
cg02297709,-0.3714673552212783,-0.05723709536990212,0.2143522252955902,False
cg02299195,0.8197828015933206,0.17913987688053373,0.49946133923692715,False
cg02305651,-0.7881397081028296,0.47000891372139597,0.6290743109121129,False
cg02319986,-0.180882619439583,-0.02234755366765688,0.10161508655361995,False
cg02324835,-0.05922671140666936,0.23457439884378667,0.146900555125228,False
cg02326806,0.30464167034203077,0.23961238898147635,0.27212702966175356,False
cg02327522,-0.6892456679712791,-0.19517759921027927,0.4422116335907792,False
cg02328807,-0.30352965482759664,0.3224548270335753,0.312992240930586,False
cg02329386,-0.48600980393620896,0.03230407071739265,0.2591569373268008,False
cg02329886,-0.014834455756649316,0.35413301447204204,0.18448373511434568,False
cg02331198,-0.40006434337198643,-0.016560627538859014,0.20831248545542272,False
cg02338345,-0.38729524814146105,0.1097938418170916,0.24854454497927633,False
cg02338538,-0.8901385696229587,0.16147911714610474,0.5258088433845317,False
cg02349468,0.39554889562199513,0.18237857670584556,0.28896373616392035,False
cg02352716,0.013400699529167625,-0.22909132825600123,0.12124601389258442,False
cg02355787,-0.3701442279086588,-0.2065319312296171,0.28833807956913793,False
cg02358761,-0.2556237209324377,0.1740322457257334,0.21482798332908554,False
cg02359773,-0.5336668378143467,-1.0259107916014787,0.7797888147079126,True
cg02375178,-0.9183755949978598,0.0680311735640824,0.4932033842809711,False
cg02379684,,-2.02842395496455,,False
cg02380585,-0.5474896273579444,-0.617337338651846,0.5824134830048953,True
cg02381965,0.024663516240285868,-0.11697142920721508,0.07081747272375047,False
cg02382666,-0.3880031063436213,0.11818483686584848,0.2530939716047349,False
cg02383323,-0.3793000896143564,0.1855582169781798,0.2824291532962681,False
cg02384859,-0.00016812185206701612,-0.007501079242642754,0.003834600547354885,False
cg02387618,-0.7044202751824302,-0.5065249561145265,0.6054726156484784,True
cg02388378,1.0756514220078266,-0.045551827451596784,0.5606016247297116,False
cg02390319,0.7141199654144362,-0.04770798201446393,0.38091397371445007,False
cg02393092,-0.907147157032273,0.10390860841853206,0.5055278827254025,False
cg02394753,-1.098754435738417,-0.18436363399792668,0.6415590348681718,False
cg02401399,0.5280644313892705,0.2565969034858894,0.39233066743757994,False
cg02402436,0.08026476588620367,-0.3401163949411457,0.2101905804136747,False
cg02416333,-0.9133668830047214,-0.010725589890172567,0.46204623644744697,False
cg02423817,-0.6332623255866469,-0.13107824687242978,0.3821702862295383,False
cg02424670,-0.5073895103477299,-0.41062128966878064,0.4590054000082553,True
cg02425372,-1.3691746637669233,-0.41181691724017383,0.8904957905035485,True
cg02426324,-0.6618446956698648,0.17000622210042787,0.4159254588851463,False
cg02428538,-0.7584970581538374,-0.14799109325919071,0.45324407570651404,False
cg02433671,0.13878171333806474,-0.5064268871378472,0.322604300237956,False
cg02449762,-0.6178603519320832,-0.241090920264524,0.42947563609830364,False
cg02450124,-0.7256750258529955,-0.5189530328608079,0.6223140293569016,True
cg02453348,-1.093665575753013,-0.3600528981570513,0.7268592369550322,True
cg02466008,-0.16186139726744475,-0.6049600806350639,0.3834107389512543,False
cg02469909,0.002086680971219742,-0.5142357601061203,0.25816122053867,False
cg02474926,-0.7653984134253493,-0.5296853148071187,0.647541864116234,True
cg02479468,-0.04487802359221039,-0.3982490623195645,0.22156354295588743,False
cg02501155,-0.2546877677423334,-0.844259262302864,0.5494735150225987,False
cg02512860,-0.6047368755134385,-0.12214608034925856,0.3634414779313485,False
cg02516134,-0.08113186932614347,0.09219194743764364,0.08666190838189355,False
cg02518899,-0.7103867596336647,-0.09251569003301313,0.40145122483333895,False
cg02519948,-0.8812077724962912,-0.11516258958187146,0.4981851810390813,False
cg02520020,-0.5749893700901734,-0.12109131534887542,0.3480403427195244,False
cg02520593,-0.8393706083984049,-0.3001788879161687,0.5697747481572868,True
cg02520816,0.022277953932979083,-0.26734514798173986,0.14481155095735948,False
cg02538070,-0.5418368685693183,-0.6360681348540241,0.5889525017116712,True
cg02541125,-0.5574088992084386,-0.04044903199057606,0.2989289655995073,False
cg02546601,0.6049852779693419,-0.5185459713364023,0.5617656246528722,False
cg02548132,-0.02852973130587213,-0.05568858554464168,0.04210915842525691,False
cg02553516,0.554969357785129,-0.266923195059259,0.410946276422194,False
cg02555923,-0.6906701434644895,-0.3245679640495757,0.5076190537570326,True
cg02561103,-0.14036932884473288,-0.7433068253788104,0.44183807711177164,False
cg02561425,-1.4272086039441967,-0.6736165291761731,1.050412566560185,True
cg02562005,-1.441486145680498,-0.11430439079227199,0.777895268236385,False
cg02563906,-0.8019202876378517,0.38540160852445987,0.5936609480811558,False
cg02564124,-0.20281309121862562,-0.4138963536778532,0.3083547224482394,False
cg02571204,0.1583378101962955,-0.8315983047647125,0.494968057480504,False
cg02571835,0.44394962231768337,-0.3155780736759419,0.3797638479968126,False
cg02573357,0.17176175983743508,0.40781805608707805,0.28978990796225657,False
cg02577240,-1.0857745800493166,-0.35940314261056144,0.722588861329939,True
cg02578087,-0.491701398187049,-0.20749581467326006,0.3495986064301545,False
cg02582213,-0.2829378284999285,-0.6557611994552867,0.4693495139776076,False
cg02582391,-0.763288035405818,0.4218296873296692,0.5925588613677436,False
cg02582848,-0.3471277193404184,-0.394473741703531,0.3708007305219747,True
cg02583465,-0.889513771609523,0.14633348803475005,0.5179236298221366,False
cg02586198,0.10466157024619549,0.1995206533259596,0.15209111178607754,False
cg02592525,0.16189366675476244,-0.32793479732830055,0.2449142320415315,False
cg02597644,,0.2394741893192057,,False
cg02598071,-0.5002978065474276,-0.376860559630631,0.4385791830890293,True
cg02600394,0.08684342404067395,-0.20462690690808474,0.14573516547437934,False
cg02606840,-0.7743005426300357,-0.1907856244030058,0.48254308351652075,False
cg02610106,0.1414429021266846,0.23331706154219947,0.18737998183444204,False
cg02612270,-0.7915148630118543,-0.05271887992916467,0.42211687147050947,False
cg02615468,-1.1499272437684596,-0.09972931893765195,0.6248282813530558,False
cg02616489,-0.24416893276938864,-0.19133264490763607,0.21775078883851234,False
cg02617285,-1.0012601068287237,-0.8164909023088753,0.9088755045687995,True
cg02618229,0.11840422395432455,0.3026562727957089,0.21053024837501672,False
cg02621030,-0.2993196725091279,-0.10528732776923296,0.20230350013918041,False
cg02622601,0.7207166145565824,-0.16653344461339825,0.44362502958499034,False
cg02633729,-0.28214058908312234,-0.07735031650361175,0.17974545279336704,False
cg02634421,-0.012194329701746675,-0.25009124322981785,0.13114278646578226,False
cg02639667,-0.3593183362370311,-0.29405725471291594,0.3266877954749735,False
cg02641941,-1.1468151930395436,-0.7272172240789535,0.9370162085592486,True
cg02647247,-0.986014374873929,-0.27472722324685617,0.6303707990603926,False
cg02647874,-0.36582162625290754,-0.15584927022463874,0.26083544823877314,False
cg02650121,0.007674965293727141,-0.07506887133345669,0.04137191831359192,False
cg02654411,0.017227517031916408,-0.0786865943104451,0.047957055671180755,False
cg02654859,-0.5288958508164491,0.084807898849769,0.30685187483310905,False
cg02658330,-0.6521173170380583,-0.39348240457852207,0.5227998608082902,True
cg02661095,0.11889836098200371,-0.005828499357511246,0.062363430169757476,False
cg02661764,-1.3082859534699889,-0.4930168225402173,0.900651388005103,True
cg02663352,-0.5615135898574416,-0.05749718919517581,0.3095053895263087,False
cg02665297,0.019845531604760405,-0.3789045202610434,0.19937502593290188,False
cg02668822,-0.3136741772349798,0.5200007901752085,0.41683748370509416,False
cg02670123,0.4827450265245021,-0.06421972525312467,0.27348237588881336,False
cg02673323,-0.04216221200841049,-0.10332083514607289,0.07274152357724169,False
cg02682457,0.34989942288419096,-0.08560346717567938,0.21775144502993515,False
cg02685484,0.16166618146743164,0.7162974176655947,0.4389817995665132,False
cg02687026,0.25209357123466,0.11205783875504516,0.18207570499485257,False
cg02689072,0.6189410257506424,-0.9107348117283962,0.7648379187395193,False
cg02691035,0.6784805054418078,-0.5012999724581291,0.5898902389499685,False
cg02694990,-0.8402593392247052,-0.7176488093781842,0.7789540743014447,True
cg02696428,-0.20258056524063875,-0.5133598868023328,0.35797022602148576,False
cg02715021,0.1499611266013141,-0.9117078702663222,0.5308344984338181,False
cg02720618,0.1406005084936156,-0.5621077918004534,0.3513541501470345,False
cg02722672,0.6055949227109559,0.19790499571241654,0.4017499592116862,False
cg02723372,-0.8570836474186202,0.16547689251975298,0.5112802699691866,False
cg02730156,-0.1524904684122966,-0.5169917410146317,0.3347411047134642,False
cg02735733,-0.21759697219253074,0.4661619610637115,0.34187946662812113,False
cg02735736,-0.3973423190719282,-0.06066189196684694,0.22900210551938757,False
cg02740007,-0.6919607996020046,-0.2630679197813579,0.47751435969168127,False
cg02740435,-1.1454870397371772,0.3265697593764989,0.7360283995568381,False
cg02742418,-0.2019604566822762,0.088174169667722,0.1450673131749991,False
cg02744699,0.650353307263306,0.2353137546541872,0.44283353095874656,False
cg02751731,-0.8894524085390542,-0.19206818956932006,0.5407602990541871,False
cg02752174,-1.331901095010323,-0.6119921536326816,0.9719466243215023,True
cg02752529,-0.7516400913211964,-0.2132362776595705,0.48243818449038345,False
cg02754763,-1.0410982146921475,-0.806955998694816,0.9240271066934818,True
cg02763540,-0.5985076821530075,-0.37215841437704406,0.48533304826502577,True
cg02765177,-1.0618776742870757,-0.7546307101800704,0.9082541922335731,True
cg02770835,-0.26791984476927155,-0.7404733318011891,0.5041965882852304,False
cg02775230,-1.0727582077232487,-0.07451402923358885,0.5736361184784188,False
cg02775489,-0.9812508151297471,-0.5779351701096443,0.7795929926196957,True
cg02780988,-0.6628944524867109,-0.16293549712703975,0.41291497480687533,False
cg02786378,-0.9828631559571732,-0.1624509044021672,0.5726570301796702,False
cg02796279,-0.23358436635125707,0.44602385411721096,0.339804110234234,False
cg02797569,-0.6668269811077155,-0.019659870237764242,0.3432434256727399,False
cg02800334,0.13455647474135135,-0.1203713342568235,0.12746390449908743,False
cg02803925,-0.8109358604878726,-0.14065045894928205,0.47579315971857733,False
cg02809940,-0.4978359859320739,0.12946867081892346,0.31365232837549867,False
cg02814691,-0.36637060815752126,-0.42996242091068027,0.3981665145341008,True
cg02817770,-1.0234447896223546,-1.287365713317416,1.1554052514698854,True
cg02818910,-0.40636579221345814,-0.3174587333004681,0.3619122627569631,True
cg02820413,-1.0354196009082097,0.5283569786932135,0.7818882898007116,False
cg02827029,0.07469294890608211,-0.7389624274057763,0.40682768815592923,False
cg02827061,-0.5976361314409301,0.2794665230165964,0.4385513272287632,False
cg02830467,-0.5045552876558369,-0.1824194065353937,0.3434873470956153,False
cg02831955,-0.30667429764093457,-0.1393480477907343,0.22301117271583443,False
cg02832512,-0.3505251035039584,0.14344960227834916,0.24698735289115376,False
cg02838309,-0.7092238854318346,-0.12374155229864212,0.41648271886523835,False
cg02840828,0.1719787041093084,0.4818348575094366,0.3269067808093725,False
cg02860199,-0.17403814932995182,0.43268409881262304,0.30336112407128746,False
cg02861504,-0.20541860598308392,0.08559345526508207,0.145506030624083,False
cg02861541,-1.2086180168648908,-0.12898097544009024,0.6687994961524906,False
cg02862467,-0.1765594514167493,-0.1715618087553227,0.174060630086036,False
cg02862886,0.23967118162868656,0.30379471250296053,0.2717329470658235,False
cg02867514,0.11572897258999512,-0.16564154969384745,0.1406852611419213,False
cg02869156,0.45907675863841235,-0.678928911469445,0.5690028350539287,False
cg02870147,0.06177936137447247,0.28907217442969607,0.17542576790208428,False
cg02882375,-0.136396195189799,0.37749719511446445,0.25694669515213175,False
cg02883161,0.34512593467827335,-0.20833001170880971,0.27672797319354153,False
cg02883621,0.11445825928644868,0.5042475619397818,0.30935291061311526,False
cg02894966,-0.7108690131958891,-0.11518468896932123,0.4130268510826052,False
cg02896872,-0.4652700051957096,-0.3445161205992842,0.40489306289749694,True
cg02898500,0.2595475085418429,-0.6817311129872491,0.470639310764546,False
cg02898977,0.3866080372675518,0.15726131891914819,0.27193467809335,False
cg02899346,0.4654714715900226,-0.14317038673164825,0.3043209291608354,False
cg02903589,0.1333855471754397,-0.12220218092648863,0.12779386405096416,False
cg02906939,-0.5791928698775729,0.0009215397843214333,0.29005720483094716,False
cg02909176,-0.5730689184492613,-0.036844120516011304,0.3049565194826363,False
cg02909929,-0.547924392686853,0.4028630909898517,0.47539374183835237,False
cg02915865,-1.0009832504312963,-0.5347398730176758,0.767861561724486,True
cg02918648,-0.6963199644859793,0.2908466587640893,0.4935833116250343,False
cg02919368,-0.8531634428119114,-0.40065237515230007,0.6269079089821057,True
cg02922913,-0.312348239835969,0.19111301062326222,0.2517306252296156,False
cg02925367,0.19693451901368692,0.19319918509676753,0.19506685205522722,False
cg02926397,-0.7005468887185043,0.26961641279054643,0.48508165075452536,False
cg02927821,-0.5014780057560638,-0.20213498763947005,0.3518064966977669,False
cg02931644,0.17710117816155105,0.46360444532320344,0.32035281174237723,False
cg02936347,-1.2852022028123706,-0.3427870246593872,0.8139946137358789,True
cg02936752,-0.30345695795687033,-0.6963719273107829,0.4999144426338266,True
cg02937751,-1.2934969579130415,-0.11811272481738971,0.7058048413652156,False
cg02947276,-0.2842768683448071,-0.010535940183262295,0.1474064042640347,False
cg02952918,-0.5844133529978399,-0.3666748571551095,0.4755441050764747,True
cg02957433,-0.7897204972487479,-0.1844989561191824,0.4871097266839652,False
cg02959939,0.22924303603494364,0.09836014622935006,0.16380159113214685,False
cg02960488,-2.458284974248408,-1.4422802319979446,1.9502826031231764,True
cg02963229,-0.3298531149296927,-0.5050651369330228,0.41745912593135776,True
cg02964172,-1.0488245760568815,-0.9308529895682319,0.9898387828125568,True
cg02965411,-1.003963356587409,-0.2257801865948114,0.6148717715911103,False
cg02966153,0.7611495932446606,0.304852730551717,0.5330011618981888,True
cg02966200,-0.4323127585155164,-0.2021756421823518,0.3172442003489341,False
cg02966841,-0.3255737462242077,0.6054784636403018,0.46552610493225477,False
cg02970551,0.22264070013713663,-0.5627028798124974,0.39267178997481705,False
cg02971920,-0.20488662681878095,-0.3894889288860215,0.29718777785240125,False
cg02972768,-0.016265350668907146,-0.4921817468530464,0.25422354876097675,False
cg02974085,-0.06386439602022777,-0.0632769789313069,0.06357068747576733,False
cg02975223,0.10769332008395756,0.3359784160772921,0.22183586808062483,False
cg02979203,-1.0621166663759414,-0.14669843894464246,0.6044075526602919,False
cg02981071,-0.15003870409877587,0.15114233094985244,0.15059051752431415,False
cg02991571,-0.005594910339790253,-0.4153100155224055,0.21045246293109787,False
cg02994066,-0.12050822530022104,0.20600746798526556,0.1632578466427433,False
cg02995877,0.1499926024509645,-0.812398217803752,0.4811954101273582,False
cg03000485,-0.6237957760310283,-0.6355243102026384,0.6296600431168333,True
cg03002526,-0.3884589519750902,-0.6981117242467084,0.5432853381108993,True
cg03002688,-0.19539743819761068,-0.10829928682518748,0.15184836251139908,False
cg03003217,-1.1616428944907717,-1.1907314883632465,1.176187191427009,True
cg03015498,-0.5908439036361577,-0.09189534243056223,0.34136962303335994,False
cg03016153,-0.33491874454463355,-0.23239971092085687,0.2836592277327452,False
cg03022926,-0.2434694644437054,-0.40501877283606597,0.32424411863988567,False
cg03025986,,-0.8354693355517772,,False
cg03031520,0.09578286986394541,-0.10435468304036646,0.10006877645215594,False
cg03032816,-0.20214312502053552,-0.6523709500220601,0.42725703752129784,False
cg03035213,0.8511748562444678,0.5895651064402327,0.7203699813423503,True
cg03043709,-0.09935292652395927,-0.39130929289456634,0.2453311097092628,False
cg03054387,-0.05344868377115652,-0.6031166892369704,0.32828268650406345,False
cg03070236,0.6820666518690607,0.49964630898743195,0.5908564804282463,True
cg03074214,-0.4227927322028893,-0.7321768679895442,0.5774848000962167,True
cg03074244,0.21485535940971498,0.0513021989388427,0.13307877917427885,False
cg03079771,-0.3241023943062644,-0.3146991791042731,0.3194007867052687,True
cg03101580,-0.6680271093877808,-0.2828562193997042,0.47544166439374247,False
cg03113800,-0.4491703880984829,-0.11320703341285916,0.28118871075567103,False
cg03114585,-0.2939432470335216,0.4684686018105573,0.38120592442203943,False
cg03114845,-0.6851531562878621,-0.3864952285452961,0.5358241924165791,True
cg03116030,0.3310480018388054,-0.23533862910536707,0.28319331547208626,False
cg03119829,-0.5542359946374407,-0.5802480247011182,0.5672420096692794,True
cg03123424,-0.041581928840659046,0.0746892356799318,0.05813558226029542,False
cg03132824,0.07084119903691885,-0.31119999690230526,0.19102059796961207,False
cg03142586,0.12398443492404296,0.4338239462840845,0.27890419060406374,False
cg03146219,0.06260336451276188,0.017520952425630263,0.04006215846919607,False
cg03148084,-0.1404737194851617,0.3139306083251695,0.22720216390516562,False
cg03149311,-0.46526609278930353,-0.005616697144749066,0.2354413949670263,False
cg03149970,0.08275019050399535,-0.366277834473912,0.22451401248895367,False
cg03151709,-0.6441875411963112,-0.26363807017533875,0.4539128056858249,False
cg03158310,-0.4696953464612517,0.4514152682034335,0.4605553073323426,False
cg03165378,-0.28918132639578475,-0.009731722535871465,0.1494565244658281,False
cg03171795,-0.750322894145181,-0.06472964759339644,0.4075262708692887,False
cg03172657,0.7345864838837546,-0.5162765911781937,0.6254315375309741,False
cg03172971,-0.3133749134334315,0.14032332532481295,0.22684911937912222,False
cg03184452,-0.17342967459172015,-0.09656180866319136,0.13499574162745576,False
cg03193847,-0.7051074996074963,-0.06751874822805942,0.38631312391777783,False
cg03202545,-0.6278008031587425,-0.8227412994252692,0.7252710512920059,True
cg03205046,-0.7619519232451805,0.002753273448956961,0.3823525983470687,False
cg03205238,-1.1470119658963318,-0.4063389455790898,0.7766754557377108,True
cg03218837,-1.020305412247262,-0.4998249432698566,0.7600651777585592,True
cg03219838,-0.27362233171701833,0.6701436357280449,0.4718829837225316,False
cg03219922,0.6982043372266561,-0.9810977829231046,0.8396510600748803,False
cg03228516,-0.7343457998836732,0.18068928910651988,0.4575175444950965,False
cg03234661,-0.3707134454865482,-0.49741541972474723,0.43406443260564775,True
cg03238075,-0.16661651597683025,-0.6066618401882816,0.38663917808255593,False
cg03238162,0.2751813781298103,0.14824217270784676,0.21171177541882852,False
cg03238899,0.1325985330057331,-0.20418801296975525,0.16839327298774417,False
cg03242905,-0.1458077693440801,0.24381813175991104,0.19481295055199557,False
cg03243362,0.26403498103386225,0.6323305448806079,0.4481827629572351,False
cg03248292,0.28777447625941643,-0.018530857163986857,0.15315266671170163,False
cg03260530,-0.40221726056864093,-0.1243326283637111,0.263274944466176,False
cg03261800,-0.2996669210061421,-0.26732298768878077,0.2834949543474614,False
cg03269757,-0.8062228973848867,0.060618124129457704,0.4334205107571722,False
cg03272195,-0.673036763846077,-0.3350856420759744,0.5040612029610257,True
cg03274669,-0.05211408797066612,-0.0377916616526974,0.04495287481168176,False
cg03285468,-0.25856916427969395,0.18769988859637887,0.2231345264380364,False
cg03290602,-0.6688682071072739,0.249928947311031,0.45939857720915245,False
cg03303585,0.17414233130293275,-0.09894730485390552,0.13654481807841912,False
cg03306486,0.4578308375186925,0.03021878263914919,0.24402481007892085,False
cg03310874,-0.4662805429688889,0.08856889224483092,0.2774247176068599,False
cg03313271,0.0011775644363406278,0.10360737489060264,0.05239246966347163,False
cg03314029,0.05341079975126665,0.05007570086448025,0.051743250307873453,False
cg03314100,-0.22487190396549836,-0.2320669416801421,0.22846942282282023,False
cg03315456,-0.3434438520691005,-0.21266398967100528,0.2780539208700529,False
cg03315940,-0.39860541323662463,-0.05508755511329423,0.22684648417495942,False
cg03324175,-0.20603662987943855,0.037238387230750215,0.12163750855509438,False
cg03325598,-0.3015694498959293,0.20603007649446525,0.25379976319519726,False
cg03328673,-0.7678468871369207,-0.5309756452015244,0.6494112661692226,True
cg03329572,-0.3820892378611165,-0.11559116559387264,0.24884020172749455,False
cg03329755,0.6208148660895604,-0.021127686383167914,0.3209712762363641,False
cg03333590,0.8950976501825074,0.0658708244359372,0.4804842373092223,False
cg03337482,-0.26689304274212156,0.2427553863955439,0.25482421456883275,False
cg03339668,-0.7738170803278674,-0.9928703993661411,0.8833437398470043,True
cg03339817,-0.44792515770059865,-0.5553802148882235,0.5016526862944111,True
cg03340036,-0.695771209790089,-0.5894440659622509,0.6426076378761699,True
cg03347632,-0.4125331311642704,-0.15883467255461858,0.2856839018594445,False
cg03347739,-0.8857624824792406,-0.7396975192509347,0.8127300008650877,True
cg03352153,-0.11074752265240288,0.176983432456096,0.14386547755424944,False
cg03355781,-0.8120359980568964,0.0906999748129102,0.4513679864349033,False
cg03356494,-0.9524611415784648,-0.28894011777550466,0.6207006296769848,False
cg03361789,-0.5345548510490468,0.4163198442658019,0.4754373476574243,False
cg03361973,-0.5750420293786004,-0.7107080316181514,0.6428750304983759,True
cg03364108,-0.1260539748969633,-0.4614020583496987,0.29372801662333103,False
cg03380342,-0.8086497538094923,-0.6141248419739899,0.711387297891741,True
cg03381604,-0.25353726113058994,-0.35167434280184573,0.30260580196621784,False
cg03382805,0.2876022101895352,0.11608888495208754,0.20184554757081136,False
cg03383006,-0.2950941861434277,-0.08055027464370376,0.18782223039356571,False
cg03388043,-0.1558309512919839,0.2803394194762319,0.21808518538410793,False
cg03396324,-0.5292759110842402,0.6252001863362167,0.5772380487102284,False
cg03396826,0.17407550365400382,-0.14183898329289296,0.1579572434734484,False
cg03405781,-0.029675805668889284,0.6940714055601022,0.3618736056144957,False
cg03406844,-1.006870167383908,-0.15897296127886026,0.5829215643313841,False
cg03413097,0.18148783335822727,-0.09789654875934475,0.139692191058786,False
cg03416601,-0.6676259514555203,-0.09425714276394188,0.3809415471097311,False
cg03421440,0.3909946558793258,0.48152937032313,0.4362620131012279,True
cg03422204,0.7920765600907623,-0.43885883981426105,0.6154676999525117,False
cg03423112,0.3250654333129219,0.27329518892506605,0.299180311118994,False
cg03427577,-0.5762881478860828,-0.7049435254600769,0.6406158366730799,True
cg03443360,0.32146745768817925,0.25625507282017834,0.28886126525417877,False
cg03445653,0.015287936786196733,-1.0857515430073248,0.5505197398967607,False
cg03464896,-0.6745008775055775,0.24649598838073902,0.4604984329431583,False
cg03466237,-0.9096976644049448,-0.39332395342304755,0.6515108089139962,True
cg03482221,-0.06725715418782514,-0.4180417589355047,0.24264945656166492,False
cg03483046,-0.6261692561426007,-0.17044921308301694,0.3983092346128088,False
cg03483654,0.4651083812508809,0.5614182353431818,0.5132633082970314,True
cg03487027,0.17343258045112442,-0.3100306212863663,0.24173160086874537,False
cg03488422,0.14761776891838188,0.1607508390987237,0.1541843040085528,False
cg03490200,-0.4488505851616942,-0.10251577187140098,0.27568317851654756,False
cg03498175,-1.0155761133790722,-0.5984070680166218,0.806991590697847,True
cg03498559,-1.184506200713396,-0.8342566076062495,1.0093814041598228,True
cg03508348,-0.5116577155552083,0.07585814246632862,0.29375792901076847,False
cg03517146,-1.6230032344830418,-0.63610280534135,1.129553019912196,True
cg03517252,-0.7566134938219733,-0.2589574538481456,0.5077854738350595,False
cg03526468,-1.2262009219503807,0.3927799171397915,0.809490419545086,False
cg03528118,-0.8972906080386763,-0.6577183643839934,0.7775044862113349,True
cg03529043,-1.5131909066816605,-0.21475903180076425,0.8639749692412123,False
cg03529598,-0.06326912921904473,-0.24951243089594427,0.15639078005749452,False
cg03531810,0.19120098799249727,0.4362597881774334,0.31373038808496534,False
cg03532253,-0.3479295675094556,0.06868359555753269,0.20830658153349413,False
cg03538296,-0.9191600562040578,-0.6007456432790412,0.7599528497415495,True
cg03541934,-0.19339051971847382,0.03510988593258219,0.114250202825528,False
cg03545575,-0.89139525786315,-0.24716142389073195,0.569278340876941,False
cg03547062,0.0069709771230139226,0.6353298709218346,0.3211504240224243,False
cg03549146,0.11195623173748938,-0.11821963518387524,0.1150879334606823,False
cg03550864,-0.628922472816176,-0.37834339303425546,0.5036329329252157,True
cg03560879,-0.6083419179270827,-0.9508977090883677,0.7796198135077252,True
cg03562788,-0.33223432428446315,0.04814082682418102,0.19018757555432209,False
cg03564204,-0.41606427256239825,-0.5651480678127274,0.4906061701875628,True
cg03568039,-0.5836008585932216,-0.06511460375847444,0.32435773117584804,False
cg03574364,-0.4622060293705515,-0.580010434216616,0.5211082317935838,True
cg03579551,0.12125492618722647,1.0321080041062425,0.5766814651467345,False
cg03581271,-0.19446586333499583,0.10873839525335272,0.15160212929417427,False
cg03586240,-0.5467747689605933,-0.312640271576327,0.42970752026846015,True
cg03600270,-1.179175390318087,-0.28693502650595176,0.7330552084120194,False
cg03605686,-0.6099462313605784,-0.33665468113598795,0.47330045624828315,True
cg03608515,-0.15182066649588874,-0.19882296787578738,0.17532181718583806,False
cg03610629,1.172235466485264,-0.2038871779777343,0.6880613222314992,False
cg03611307,-0.743553408605818,-0.39043852025917103,0.5669959644324944,True
cg03614381,-0.44810491649575385,-0.16083304730255693,0.3044689818991554,False
cg03616722,-0.48637679119467075,-0.13737774063875663,0.3118772659167137,False
cg03635073,0.013240116478853044,0.2151995099880244,0.11421981323343872,False
cg03637815,0.5184816126077197,0.16483569768465423,0.341658655146187,False
cg03638937,-0.8763283034597724,-0.12622453877683557,0.501276421118304,False
cg03639864,-0.680316189244578,-0.2737630635915913,0.4770396264180847,False
cg03641722,-0.00297828825814416,-0.10981001009301944,0.0563941491755818,False
cg03653399,-0.2666274991095664,-0.32420035255736407,0.29541392583346526,False
cg03653817,-0.795609645020874,-0.19316388228303685,0.4943867636519554,False
cg03654391,-0.0472699325112831,-0.1997368163809735,0.1235033744461283,False
cg03663120,-0.4140640568249522,-0.3281087960400343,0.37108642643249323,True
cg03667862,0.3960855327056315,0.36266222020885347,0.3793738764572425,True
cg03667968,0.8155224111394566,1.081573486777279,0.9485479489583678,True
cg03673016,,-0.7221040058683462,,False
cg03673624,-0.7842930304978052,-0.4019445360426266,0.5931187832702158,True
cg03680932,-0.39160871704664046,-0.3993705425409727,0.3954896297938066,True
cg03680996,-0.8828500373926021,-0.26681261401451095,0.5748313257035566,False
cg03681150,0.42192803366206405,0.027257903848780313,0.22459296875542217,False
cg03683497,-0.11000358977318785,-0.1754731554690458,0.14273837262111683,False
cg03684062,0.4823352055602165,-0.6572539624009469,0.5697945839805817,False
cg03693069,0.07129397209630095,-0.1770423020791623,0.12416813708773163,False
cg03706175,-0.7129953648847615,-0.3680088719899301,0.5405021184373457,True
cg03708221,0.23385627335707643,-0.041403689367545383,0.13762998136231092,False
cg03711944,-0.4086769917292333,-0.0491967994964624,0.22893689561284783,False
cg03717570,-0.7620587004347057,-0.8684276869393861,0.8152431936870459,True
cg03728296,0.4084100998375895,0.17858712078561115,0.29349861031160035,False
cg03729521,-0.5506908834071498,-0.38410120034074763,0.4673960418739487,True
cg03743861,-0.7944298216358149,-0.6853706847356431,0.739900253185729,True
cg03744893,-0.7393429220282266,0.2030249284879676,0.4711839252580971,False
cg03747003,-1.0593782448286353,-1.0963081916481132,1.0778432182383741,True
cg03760490,-0.2665613976896297,-0.2135630704075736,0.24006223404860166,False
cg03761891,-0.05367918823181515,0.12866432387619992,0.09117175605400754,False
cg03764051,-0.2720304512168155,0.8432870309435655,0.5576587410801905,False
cg03764259,0.4962273059060027,0.4371352411892671,0.4666812735476349,True
cg03766872,-0.7342056750193302,0.5239874980885814,0.6290965865539557,False
cg03775163,-0.6535241935666635,-0.032504629069247296,0.3430144113179554,False
cg03775632,0.31096271546596854,-0.118105120152267,0.21453391780911776,False
cg03775901,-0.4017700206720684,0.10967289762812574,0.2557214591500971,False
cg03776082,-0.8135425534896201,-0.208498966233591,0.5110207598616056,False
cg03776878,-0.496711171260972,-0.2650263728788595,0.38086877206991576,False
cg03793055,-0.268822259251736,-0.028664987825488996,0.14874362353861248,False
cg03798336,0.1285469207034254,-0.22358793727033666,0.17606742898688105,False
cg03799283,-0.0745132474573529,-0.32447186637752456,0.19949255691743872,False
cg03799835,-0.6051938445087467,0.4000902548647227,0.5026420496867348,False
cg03804136,0.11144308331992124,-0.05056451639074703,0.08100379985533414,False
cg03807298,0.33288998507093137,-0.35037476235732024,0.3416323737141258,False
cg03819515,-0.38542132084437863,-0.2029302013795479,0.29417576111196325,False
cg03831847,-0.04355601851021741,0.5875366621243895,0.31554634031730344,False
cg03833097,-0.633942601732925,-0.13783275866039535,0.3858876801966602,False
cg03834767,0.2439389788535564,0.010755523737055631,0.12734725129530602,False
cg03845435,-0.6254064360503118,-0.2514860294369106,0.43844623274361116,False
cg03850529,-0.04787103622055902,-0.20674080441715795,0.12730592031885848,False
cg03852659,-0.9049174854647463,-0.05953924260131386,0.48222836403303004,False
cg03855388,-0.6905401818226198,-0.4150650635967209,0.5528026227096703,True
cg03856401,0.23317385364071408,-0.21461498778966145,0.22389442071518778,False
cg03859306,-0.019036628235705903,-0.5196816285493526,0.2693591283925293,False
cg03860768,-0.6524154681173546,-0.41704929495556564,0.5347323815364602,True
cg03872623,-1.0081385945063097,-0.6867636243990399,0.8474511094526749,True
cg03887092,0.22677898226082766,0.10526759420805668,0.16602328823444218,False
cg03889542,0.18259314009845723,-0.36852779009444264,0.27556046509644994,False
cg03892356,0.44816544146808845,0.3791849403027443,0.4136751908854164,True
cg03907313,-0.07708262143245281,-0.5853474073195246,0.3312150143759887,False
cg03920544,-0.5001700574166078,-0.8131464740864189,0.6566582657515134,True
cg03922997,-0.6494877814347282,-0.6598324145467616,0.6546600979907449,True
cg03923561,0.37332673255453125,-0.39126933020588284,0.382298031380207,False
cg03930965,0.18322045675975,-0.003560603134911289,0.09339052994733064,False
cg03941531,-0.40163496294840434,0.06904096910881198,0.23533796602860815,False
cg03956353,0.07889275785133652,0.32833863582351824,0.2036156968374274,False
cg03960326,-1.257986570569942,-0.4964124964138228,0.8771995334918824,True
cg03962214,-0.41638590761275496,-1.0276601863533277,0.7220230469830413,True
cg03963853,-0.02606656313656157,0.0607889408692737,0.04342775200291764,False
cg03967329,-0.4976078003389035,-0.21551728330536093,0.3565625418221322,False
cg03968436,-0.7996003172292099,-0.06290022681574815,0.431250272022479,False
cg03968911,0.0806614878498273,0.1350796781897725,0.1078705830197999,False
cg03976326,-0.016211709020721672,-0.19177949138101852,0.10399560020087009,False
cg03976645,0.3392518772057248,-0.0792565111791814,0.2092541941924531,False
cg03980424,-0.6914284315193984,-0.4740411527736132,0.5827347921465058,True
cg03981727,-0.18129080514013715,-0.43290161709483,0.3070962111174836,False
cg03984502,-0.02522204760217127,-0.07977224083891975,0.05249714422054551,False
cg03987847,-0.24629223348690626,0.14053492380846247,0.19341357864768438,False
cg03991152,-0.7761643516213784,-0.4251586737827905,0.6006615127020845,True
cg03998066,-0.33358276159012223,-0.27767247723413363,0.3056276194121279,False
cg04003615,-0.5519756053063422,0.048299604806112464,0.30013760505622733,False
cg04004768,-0.213307369165127,-0.1923518369754657,0.20282960307029635,False
cg04006143,0.34132594017342255,-0.07411768263853921,0.2077218114059809,False
cg04011497,-1.1930937705179676,0.09428016528080273,0.6436869678993852,False
cg04012618,0.3273277253281289,0.7046082195298741,0.5159679724290015,True
cg04012857,0.24149521596058593,0.19485845116617184,0.21817683356337889,False
cg04013561,-0.2885696678904684,0.08193734538371529,0.18525350663709184,False
cg04016431,0.3254091608787445,0.2895948172448235,0.307501989061784,False
cg04022912,0.20873456867487492,0.07605317230944574,0.14239387049216032,False
cg04025970,-0.8843199518506649,-0.31891929127959867,0.6016196215651318,True
cg04029366,0.3512943502781542,-0.1951974427337272,0.27324589650594067,False
cg04042333,-0.01689975746786198,-0.3913957939502009,0.20414777570903145,False
cg04043957,-0.6731709269461167,0.08147411024840903,0.37732251859726285,False
cg04053163,-0.34378506372506784,0.08068752661402163,0.21223629516954473,False
cg04065304,-0.43582163063244356,0.09922278905265143,0.2675222098425475,False
cg04073296,-0.9499444258661083,-0.4592380193342273,0.7045912226001678,True
cg04074908,-0.3902044452682478,-0.23063605353429373,0.3104202494012708,False
cg04079883,-0.8521787790845892,-0.3803385647214179,0.6162586719030035,True
cg04085571,-0.18592255881904884,0.024453860755742837,0.10518820978739585,False
cg04088524,-0.1995309202587834,-0.9980023157730109,0.5987666180158971,False
cg04093349,-0.7201088754476808,-0.09166553989343947,0.40588720767056014,False
cg04105511,-0.07965086608960655,0.10186966170996886,0.0907602638997877,False
cg04107707,-0.5979918621590822,-0.6744692870155737,0.636230574587328,True
cg04111611,-0.4569510174951653,-0.5906971441549582,0.5238240808250618,True
cg04112742,-0.7818795075572377,-0.4068762722848308,0.5943778899210342,True
cg04115185,-0.05989885571600067,-0.29241710098077706,0.17615797834838887,False
cg04116354,-0.7899117329835452,-0.42230902705464773,0.6061103800190965,True
cg04120520,-0.45234950974785565,-0.0568078229452485,0.2545786663465521,False
cg04123310,-0.2789577889390378,0.08091751996653042,0.1799376544527841,False
cg04125586,-0.4319009725751379,-0.038592271802043776,0.23524662218859083,False
cg04127867,-1.2170010960666109,-0.6709220665781143,0.9439615813223625,True
cg04127903,0.25055301985623657,0.2188864703124806,0.23471974508435858,False
cg04127998,-1.0997491532623758,-0.2669717803479481,0.6833604668051619,False
cg04128884,0.05977516199771999,-0.45306160814090024,0.25641838506931014,False
cg04128967,0.13281516278482114,0.018232261495452453,0.0755237121401368,False
cg04141129,-0.049130636418080145,0.06667353468445125,0.0579020855512657,False
cg04143347,-1.327306201355306,-0.3379090550003618,0.832607628177834,True
cg04153882,0.264617207804691,0.06323305228734985,0.16392513004602044,False
cg04161137,0.009650766222108703,0.29779060602547947,0.15372068612379408,False
cg04161784,0.6255270271212323,-0.16875040935696922,0.39713871823910074,False
cg04162316,-0.21786720153017106,0.12420977619268693,0.171038488861429,False
cg04167126,0.06948439361059004,-0.562584974428583,0.3160346840195865,False
cg04173586,-0.11084594517626613,-0.3796102684085048,0.24522810679238546,False
cg04180114,0.08550992121990099,-0.12832092043578888,0.10691542082784494,False
cg04185382,0.04674030723393899,0.3382588477758301,0.19249957750488456,False
cg04194494,0.016000971241202984,0.4247931203673229,0.22039704580426295,False
cg04201367,-0.6244862850338392,-0.5093775614396613,0.5669319232367502,True
cg04204188,-0.4910639886708772,-0.5570021675881316,0.5240330781295044,True
cg04205655,0.2796979616030347,0.3568906229655524,0.3182942922842935,False
cg04205715,-0.11492376918949339,-0.2833975521390313,0.19916066066426233,False
cg04210254,-0.6028924058829651,-0.5347523348202609,0.568822370351613,True
cg04215238,-0.42800976317077827,0.12127253227538998,0.2746411477230841,False
cg04215385,-1.1370775516019873,-0.42035953400468096,0.7787185428033341,True
cg04216051,-0.2498147853965289,0.039317179200992244,0.14456598229876058,False
cg04217515,-0.1728785917288933,-0.3711520815224824,0.2720153366256879,False
cg04221886,0.8774266482782623,0.0891791179191024,0.48330288309868236,False
cg04223671,0.7142197052228021,0.7522450652507172,0.7332323852367597,True
cg04228042,-0.4506537034791549,-0.036183296875912756,0.24341850017753383,False
cg04231085,-0.13943482353406464,-0.1661543751369988,0.15279459933553172,False
cg04244970,-0.112247989428262,0.39183998312771656,0.2520439862779893,False
cg04246521,-0.8789378111652222,-0.49877499240428597,0.688856401784754,True
cg04251828,-0.23530426896998327,0.197705250074879,0.21650475952243114,False
cg04254916,-0.36777829881869395,0.26804677220920586,0.31791253551394993,False
cg04258102,0.041238949808614936,0.03762825688415951,0.03943360334638722,False
cg04264908,1.4107880983937686,0.5808879964800296,0.9958380474368991,True
cg04276669,0.361260902538038,0.30193124128718224,0.3315960719126101,True
cg04285019,0.06903336922722464,0.421507552257564,0.2452704607423943,False
cg04304687,0.05052160737253471,-0.42237697311401806,0.23644929024327638,False
cg04305653,-0.5062666999249095,0.4917447765161224,0.49900573822051597,False
cg04306507,-0.06208351542966382,-0.14638251471783817,0.10423301507375099,False
cg04315214,0.20892623598588844,-0.07967212199590241,0.14429917899089542,False
cg04315923,-0.12260510337167742,0.39590874738937626,0.25925692538052686,False
cg04317926,0.11533259990436373,0.036228353624174786,0.07578047676426926,False
cg04319429,-0.7471536070329141,-0.605018041819632,0.6760858244262731,True
cg04329146,-0.9357086735626003,-0.5577285164816442,0.7467185950221222,True
cg04329351,-0.5742614884905619,-0.273585204410736,0.423923346450649,False
cg04329510,-0.6755531819371697,0.12633716692964117,0.40094517443340544,False
cg04329659,-0.20496584873997478,-0.10240756660739807,0.15368670767368642,False
cg04330057,-0.32059120360509197,-0.03920423418452052,0.17989771889480624,False
cg04334499,-0.4581706314242846,0.21625297375240624,0.33721180258834543,False
cg04334751,0.14130640978131304,0.0765136614724154,0.10891003562686422,False
cg04340595,0.12473129134513819,-0.28163072454302973,0.20318100794408395,False
cg04341806,-0.5760020548273646,-0.12383233910656179,0.34991719696696316,False
cg04345766,-0.05266695012024382,-1.0100196282282845,0.5313432891742642,False
cg04348305,-0.2830961686053501,-0.010435947351886786,0.14676605797861844,False
cg04350520,-0.24292297554517453,0.2979875808985932,0.27045527822188387,False
cg04354393,0.33945862393462695,-0.4858166733452577,0.41263764863994234,False
cg04354689,-0.015937890304852542,-0.07011736327329428,0.04302762678907341,False
cg04355077,-0.12662272893847018,-0.2550408969893324,0.19083181296390128,False
cg04371413,0.1969127097744399,-0.324021332753095,0.2604670212637675,False
cg04373487,-0.5229090487255467,-0.4373792757596335,0.48014416224259004,True
cg04376709,0.023690004943604844,-0.0794999066233033,0.05159495578345408,False
cg04384689,-0.5782218799079577,-0.7061527947213612,0.6421873373146594,True
cg04389994,-0.21601696616729574,-0.09117133531842621,0.15359415074286098,False
cg04392234,0.17587636393602846,0.04781706448806244,0.11184671421204545,False
cg04392554,-0.5636070959215818,0.008028734966524105,0.28581791544405294,False
cg04394724,-0.12110257066674818,-0.2011036654164165,0.16110311804158234,False
cg04396791,0.18155342010334555,-0.19822538524256494,0.18988940267295523,False
cg04410987,,-2.5389452262708754,,False
cg04413148,-0.8873274800483252,-0.30849639343707314,0.5979119367426992,True
cg04422741,-0.1190191413212459,0.2776404801922593,0.1983298107567526,False
cg04426802,0.06728120422871092,-0.4080660409643116,0.23767362259651126,False
cg04428290,-1.0561608138126801,0.13105394064601597,0.5936073772293481,False
cg04436818,-0.3373019935335663,-0.4126553087238126,0.37497865112868944,True
cg04441857,-0.3964257715525743,0.06424358454827697,0.23033467805042562,False
cg04449108,0.18851838497080423,0.28987628419104566,0.23919733458092496,False
cg04450994,-0.15038528290209216,-0.09474373415185156,0.12256450852697186,False
cg04456219,1.143172227526581,0.33070608731405676,0.7369391574203189,True
cg04458368,0.1015914648714807,-0.2603864392871439,0.1809889520793123,False
cg04458919,-0.046768649999453994,-0.5507488394600051,0.2987587447297295,False
cg04466898,0.5125458232574173,-0.41577416529633215,0.4641599942768747,False
cg04467549,-0.08970319544915019,-0.5060217180447159,0.297862456746933,False
cg04471935,0.2580277060485585,-0.6441376756768521,0.4510826908627053,False
cg04481715,-0.332574804796692,0.0509184212500248,0.19174661302335838,False
cg04497116,-0.0066305476557504935,0.08858182297453594,0.04760618531514322,False
cg04498775,-0.7204959817515002,-0.6101230975289825,0.6653095396402413,True
cg04499011,-1.2456196235068893,-0.20065657812995327,0.7231381008184212,False
cg04503318,-0.4468265410384987,-0.8470469175759823,0.6469367293072406,True
cg04522310,1.0748434097194062,0.8837915223792076,0.9793174660493069,True
cg04522691,-0.2853591290442377,0.09561832623103944,0.19048872763763858,False
cg04527989,-0.4922527200438763,-0.3514403173690081,0.4218465187064422,True
cg04528720,-0.6713587792967405,0.4102877349095625,0.5408232571031515,False
cg04538585,-0.7936333868195582,-0.4154948674989514,0.6045641271592548,True
cg04545398,-0.15520321976505394,-0.22490122301687862,0.19005222139096628,False
cg04548956,-0.3521713892171025,0.04487564699050181,0.19852351810380214,False
cg04561261,-0.6720467262587836,-0.7251904119751824,0.6986185691169831,True
cg04572930,-0.04788455694198797,-0.4205196671364198,0.23420211203920388,False
cg04576021,-0.36402770227342124,0.1042193599356784,0.2341235311045498,False
cg04581004,-1.030769710971037,-0.1154497608774141,0.5731097359242255,False
cg04586041,-0.19544793048508075,0.6360709610710327,0.4157594457780567,False
cg04586126,-0.384122645742047,-0.5127485612342033,0.44843560348812517,True
cg04588969,-0.281615544831576,-0.4747595669613041,0.37818755589644004,False
cg04592226,-0.20625070765644685,0.22419130021720513,0.21522100393682597,False
cg04600831,0.01669744331180776,0.4649298549357075,0.24081364912375763,False
cg04603730,0.736882835399264,0.4635584783395751,0.6002206568694195,True
cg04605532,-0.5620838229711764,-0.19394282279122527,0.3780133228812008,False
cg04609694,-0.23541781055042812,-0.08167889965387556,0.15854835510215184,False
cg04611218,-0.28557588212864726,-0.6147639906088387,0.450169936368743,False
cg04616571,0.2130951177001675,0.4698659912703343,0.3414805544852509,False
cg04625873,0.009857540320086068,0.4612910471458799,0.23557429373298297,False
cg04633922,-0.650321252728609,-0.5228325471363586,0.5865768999324839,True
cg04639421,-0.08277622286625244,-0.2586497921833594,0.1707130075248059,False
cg04640747,-0.4912876185133208,0.3624487156546693,0.42686816708399505,False
cg04646987,0.20680789874776134,-0.8765292757055063,0.5416685872266338,False
cg04650653,-0.09489755668902437,-0.08663957068650559,0.09076856368776498,False
cg04655804,0.15487159056206323,-0.281116675582366,0.21799413307221463,False
cg04657000,0.04774403557022494,-0.3141568690947975,0.18095045233251122,False
cg04661002,-0.34393472894306104,-0.10649457248233446,0.22521465071269775,False
cg04664897,-0.6931146361394523,-0.06661992825152699,0.37986728219548965,False
cg04666911,-0.5945031007675735,0.3633423419258567,0.4789227213467151,False
cg04679072,0.666247117187978,-0.05532664683346135,0.3607868820107197,False
cg04685813,-0.3906429034382429,-0.4707193685690839,0.4306811360036634,True
cg04692506,-0.96444403887541,0.36632089714612237,0.6653824680107662,False
cg04693329,-1.157726831223617,-0.5322193607364252,0.8449730959800211,True
cg04701618,0.2422850213868025,-0.6284346254017111,0.43535982339425683,False
cg04704531,0.13243140266249476,-0.08418385490537539,0.10830762878393507,False
cg04708313,-0.931301846595951,-0.5904695694167877,0.7608857080063693,True
cg04712122,-0.4900328756671737,-0.4350436404405461,0.4625382580538599,True
cg04712892,0.20586442923277865,-0.04435786254229917,0.1251111458875389,False
cg04714466,-0.32593673967937115,0.2060125219073868,0.26597463079337896,False
cg04719634,0.07034081910126619,-0.03817698679958691,0.05425890295042655,False
cg04722215,-0.18001468105776083,-0.5909053547750744,0.38546001791641765,False
cg04727071,-0.08836806576194005,-0.42858813121631045,0.25847809848912523,False
cg04728413,0.44071905788484383,0.9944459370140611,0.7175824974494525,True
cg04737131,0.23499860613902088,0.10834841860514341,0.17167351237208214,False
cg04738220,-0.5435409836273257,0.16484230523629115,0.35419164443180845,False
cg04738774,-0.7395867289608504,-0.4269191399369399,0.5832529344488951,True
cg04739306,0.03436617857778899,-0.05267770007962469,0.043521939328706835,False
cg04739747,-0.3335266356177154,-0.3100372364305803,0.32178193602414784,True
cg04741516,-0.957624719223143,-1.166582725226547,1.062103722224845,True
cg04743106,-0.5160081300551845,-0.36670005383659265,0.4413540919458886,True
cg04745079,0.11551861836478579,-0.3551819318940344,0.2353502751294101,False
cg04757389,-0.262153440253177,-0.02410106899257914,0.14312725462287806,False
cg04759756,-0.5316310436382748,-0.22027950238271854,0.3759552730104967,False
cg04768315,-0.16261857589709755,-0.4825429621200905,0.322580769008594,False
cg04776231,-0.0867822812948245,-0.4807125982180372,0.28374743975643085,False
cg04777551,0.018277512025995164,0.09067244344935864,0.0544749777376769,False
cg04780380,-0.24539565095580426,-0.2444591506194784,0.24492740078764133,False
cg04784315,-0.08116521553765636,0.1467007353845481,0.11393297546110223,False
cg04785213,-0.24249841014294754,-0.0010042040953137747,0.12175130711913065,False
cg04786287,0.6178265800454088,-0.31934148142420526,0.46858403073480703,False
cg04791421,-0.6425631189173419,-0.5643866387761453,0.6034748788467436,True
cg04792216,-0.3395851452250236,-0.37690379037313926,0.3582444677990814,True
cg04807739,-0.5950408326003082,-0.16857812407680395,0.38180947833855605,False
cg04813697,-0.2853411663559645,-0.43480456881166735,0.36007286758381596,False
cg04816311,0.038724145119722074,-0.10801495074198923,0.07336954793085565,False
cg04819180,-0.2772479097100392,0.05376711989335859,0.1655075148016989,False
cg04828493,-0.28881270694121985,-0.3263275651616912,0.30757013605145556,False
cg04832557,-0.7484833442400126,-0.2744535920264718,0.5114684681332422,False
cg04833731,0.39105556587381857,-0.4033247976301652,0.3971901817519919,False
cg04834608,-0.08429227497567794,0.5797505791939251,0.33202142708480153,False
cg04836151,1.0215238860039457,0.6646530949074736,0.8430884904557097,True
cg04838847,0.10302273592588902,0.0770556105692208,0.09003917324755492,False
cg04841371,0.08948199551462838,0.6964592032607272,0.39297059938767775,False
cg04845347,-0.9647549080609198,0.028661311476864397,0.49670810976889207,False
cg04850059,-0.49000531143806575,-0.6039143842082354,0.5469598478231505,True
cg04851465,-0.705659663341326,-0.04303834588998936,0.3743490046156577,False
cg04851471,-0.6545452492551915,-0.5870405648952159,0.6207929070752037,True
cg04853571,-0.13814013021007862,0.15357614647186418,0.1458581383409714,False
cg04855216,0.2687642243978571,0.8030953395868816,0.5359297819923694,False
cg04855678,-0.09732968111906055,-0.36382676527221647,0.2305782231956385,False
cg04858164,-0.2536779156014408,-0.3053880288048734,0.2795329722031571,False
cg04863968,-0.6648598748078547,-0.21912845572391837,0.44199416526588653,False
cg04865319,-0.562742135975281,-0.05290207421254016,0.30782210509391056,False
cg04867491,-0.8311575778201135,-0.35991205232920565,0.5955348150746596,True
cg04869122,-0.23613413249495663,0.43179888487987933,0.33396650868741795,False
cg04869949,-0.5450490190493614,-0.08025698730252848,0.31265300317594497,False
cg04871472,0.04377017900997864,0.36872054209942723,0.20624536055470294,False
cg04879832,0.3817078936678492,0.2681603484455102,0.3249341210566797,False
cg04886934,-1.0141087383307514,-0.7033262086255023,0.8587174734781269,True
cg04891924,-0.1662208181642077,0.25779078663332394,0.21200580239876582,False
cg04896048,0.1972271805016861,-0.051038480562145896,0.12413283053191601,False
cg04897892,-0.29735337388610317,-0.5575363165911853,0.42744484523864423,False
cg04903759,-0.615424237382253,-0.21633920090845882,0.41588171914535593,False
cg04903883,-0.004429282192517782,-0.34643567434590167,0.1754324782692097,False
cg04912712,0.45530212765941164,0.2981698932653892,0.3767360104624004,False
cg04923194,-0.6326403831017269,-0.5111892641468789,0.5719148236243029,True
cg04927360,0.13430389408342797,0.0635478160398972,0.09892585506166258,False
cg04933208,0.1275089459184791,0.7728275766560638,0.4501682612872715,False
cg04945668,-0.3635063343264092,0.17072894345665385,0.2671176388915315,False
cg04947052,-0.5921286791312859,-0.19918867552033148,0.39565867732580867,False
cg04957307,-0.027232339657903677,0.20473260092918413,0.1159824702935439,False
cg04963153,-0.1535203533777231,-0.12283828483585311,0.1381793191067881,False
cg04963424,-0.3360990879401333,0.2516026271501534,0.2938508575451434,False
cg04978470,-0.30869083753663923,0.06264160028313384,0.18566621890988655,False
cg04983687,-0.9541520108278695,-0.1888148071101771,0.5714834089690233,False
cg04987122,0.20193118108489327,0.3418378132599114,0.2718844971724024,False
cg04988216,-0.2571361115116098,-0.25483757677829083,0.2559868441449503,False
cg04992588,-0.6863508281826878,0.11012832813669494,0.39823957815969135,False
cg04999824,-0.32462406926282983,0.935134333143328,0.6298792012030789,False
cg05003723,0.27512140840795496,-0.41346385663684265,0.34429263252239883,False
cg05005073,-0.024291006870161936,0.010793819450263847,0.01754241316021289,False
cg05012676,-0.6001536283029701,0.19001542524836293,0.3950845267756665,False
cg05023415,-0.042165989348047696,0.14323099061463254,0.09269848998134012,False
cg05027125,-0.4501350895470014,-0.2271869637065408,0.3386610266267711,False
cg05037360,-1.1243913570460193,-0.01827245196951164,0.5713319045077655,False
cg05039004,-0.14010511973554313,0.6766507481972116,0.40837793396637734,False
cg05039671,-0.021471283765424416,0.27883116624766985,0.15015122500654712,False
cg05051393,-0.515322549586629,-0.18322346549760576,0.34927300754211743,False
cg05053403,0.05073311808151186,0.25694966441168154,0.1538413912465967,False
cg05055703,-0.8690990625333235,-0.25586387468978106,0.5624814686115522,False
cg05056497,-0.7753027549738302,-0.18618768456077958,0.4807452197673049,False
cg05056979,-0.019786034167168093,0.3105271147825182,0.16515657447484317,False
cg05060949,0.36420450243302294,0.7511001773792597,0.5576523399061413,True
cg05074138,-0.5865009314228803,-0.20708063519364367,0.396790783308262,False
cg05075473,0.20050011852167732,-0.005364776988034716,0.10293244775485602,False
cg05078091,0.03422998125551293,0.029920010393616015,0.032074995824564474,False
cg05087948,-0.07427442019801885,-0.1428882195705295,0.10858131988427416,False
cg05098343,-0.21441170266095896,-0.33588994321469334,0.27515082293782617,False
cg05106785,-0.07786898467586421,0.05733583752388074,0.06760241109987247,False
cg05109729,-1.125273300558286,-0.00494665213264944,0.5651099763454677,False
cg05127899,0.3070864543901016,0.5484312890266877,0.42775887170839466,True
cg05129094,-0.4405511191201243,0.011425140627681681,0.225988129873903,False
cg05142634,-1.1776470337030733,-0.6348458048770316,0.9062464192900525,True
cg05148385,0.15047439917080005,-0.20685736957160508,0.17866588437120257,False
cg05152479,0.42796765796083314,-0.17680170682408786,0.3023846823924605,False
cg05163268,0.12066805884830409,-0.3114308554119412,0.21604945713012264,False
cg05167251,0.5202983379620492,-0.2446725598907559,0.3824854489264025,False
cg05171937,0.058015177407422444,0.10458177675287339,0.08129847708014792,False
cg05182503,-0.3520885511068363,-0.16283838839744033,0.2574634697521383,False
cg05185038,-0.34007364169585247,0.025206496819332794,0.18264006925759263,False
cg05186188,-1.0167110316224843,-0.2570952906831145,0.6369031611527994,False
cg05194102,0.3574317102874068,-0.1605161729424023,0.25897394161490456,False
cg05194864,-0.5803888423883046,-0.2516050235072002,0.4159969329477524,False
cg05195129,-0.3676337842360589,0.03817740571238612,0.2029055949742225,False
cg05197133,-0.11542964951520615,-0.2904796212259409,0.2029546353705735,False
cg05201777,-0.6923614441778613,-0.8623289968777708,0.777345220527816,True
cg05202822,-0.3602063818611167,-0.28385044470802234,0.32202841328456955,False
cg05205074,-0.4032107580820278,-0.794706985248589,0.5989588716653084,True
cg05210398,0.027666821394231322,0.3194290531550167,0.173547937274624,False
cg05213414,-0.4164542979106619,-0.45504652660402256,0.43575041225734223,True
cg05220090,-0.3632561454095183,0.04494588276342062,0.20410101408646944,False
cg05221264,-0.6108505791931563,0.1973447891674785,0.40409768418031744,False
cg05224741,0.34926015150349493,0.4004941309165137,0.3748771412100043,True
cg05224770,-0.42444195713297855,-0.2422136733332351,0.33332781523310684,False
cg05224922,-0.12171248648321056,0.09386398480434424,0.1077882356437774,False
cg05228802,0.41237919648683297,-0.7475737172250385,0.5799764568559358,False
cg05234415,0.13081576413744028,-0.048145593291796185,0.08948067871461823,False
cg05236530,-0.5346310921299755,0.042472749165756725,0.2885519206478661,False
cg05241571,0.10049066245402828,0.06779542897904721,0.08414304571653775,False
cg05244153,0.1762251462623381,0.13630122815769746,0.15626318721001778,False
cg05256584,-1.1395040501929183,-1.0701143109104392,1.1048091805516789,True
cg05258935,-0.4670884939540829,-1.4589482387892883,0.9630183663716856,True
cg05262463,-1.0511638578644615,-0.6015038655463707,0.8263338617054161,True
cg05264881,-0.6346465016728823,-1.1722938700415986,0.9034701858572405,True
cg05269534,-0.42410691028209235,-0.12220114535958436,0.27315402782083836,False
cg05274944,-1.188461856316243,-0.23954034659331608,0.7140011014547796,False
cg05276338,-0.3943377802977153,0.4614568941437984,0.42789733722075685,False
cg05286196,-0.5742319930453197,-0.0828694717225943,0.328550732383957,False
cg05294276,-0.4479470922253182,-0.033180855961730496,0.24056397409352434,False
cg05297437,-0.5683833989013275,-0.4661164492304335,0.5172499240658806,True
cg05299077,-0.6529089573779345,-0.01097364932520377,0.33194130335156913,False
cg05302100,-0.7296607456325613,-0.342942252764863,0.5363014991987122,True
cg05305413,-0.5610601066672972,-0.8014188839736134,0.6812394953204552,True
cg05307864,0.5207810948358641,0.9882315432560016,0.7545063190459329,True
cg05308436,-0.4430136956383256,0.03839190824625539,0.2407028019422905,False
cg05308792,-0.5171147427780984,-0.07803750465632368,0.29757612371721104,False
cg05308979,-0.7594628495172681,-0.10563778297338694,0.43255031624532747,False
cg05309760,0.06748845074514036,-0.028258859648752084,0.047873655196946224,False
cg05314142,-1.019269183777616,-0.9142249470346182,0.9667470654061171,True
cg05314350,-0.35296052107728937,0.13859691255507323,0.2457787168161813,False
cg05315276,-0.5977006599321839,-0.4542226806654996,0.5259616702988418,True
cg05315365,-0.051412893378202165,0.4918393854682225,0.27162613942321234,False
cg05318705,-0.3835675012158714,0.10040430380785884,0.24198590251186514,False
cg05320607,0.406982386953028,-0.14002944378095844,0.2735059153669932,False
cg05337743,0.4258469591357546,1.1036546280548938,0.7647507935953242,True
cg05343689,0.8364620489248475,0.6409285533821129,0.7386953011534803,True
cg05344747,-0.009413225422899447,0.13600786029093723,0.07271054285691833,False
cg05345249,0.05540071010877484,0.3269306831161228,0.1911656966124488,False
cg05349077,-0.5248726482873703,-0.01051705493670208,0.2676948516120362,False
cg05351785,-0.797885921321893,-0.31150616085324506,0.554696041087569,True
cg05355684,-0.3677261836153054,0.04308928192110576,0.2054077327682056,False
cg05356800,0.19699274163943872,-0.1599966635495935,0.1784947025945161,False
cg05357209,0.10325168741981755,-0.06130888948723626,0.0822802884535269,False
cg05357660,-0.6047485766054336,-1.022507663187365,0.8136281198963993,True
cg05364072,-0.27035316742355436,-0.32792268939862473,0.29913792841108955,False
cg05364747,-0.3096790112800136,-0.4403867255412567,0.37503286841063516,True
cg05369582,-0.5698957886340057,-0.32089635329321525,0.44539607096361045,True
cg05374783,-0.2330028024123613,0.2915559264787848,0.26227936444557304,False
cg05376477,-0.726763530742619,-0.2794597368836095,0.5031116338131143,False
cg05377120,-0.16186306658307667,-0.5513921830983637,0.3566276248407202,False
cg05380759,0.09370176615404534,0.3820285709721406,0.23786516856309298,False
cg05390144,-0.4974110755173568,0.04560073318187445,0.27150590434961563,False
cg05391892,0.03555270262469472,0.023091163476785075,0.029321933050739896,False
cg05392293,0.0794908134697785,-0.26818645256685497,0.17383863301831673,False
cg05398700,-0.04365300029031167,-0.3203242332550746,0.18198861677269312,False
cg05403655,-0.21659819957559714,-0.6543002614728763,0.43544923052423673,False
cg05408649,-0.3121468073057993,0.09319501654303824,0.20267091192441877,False
cg05409131,-0.6834709628833149,-0.9649864057029762,0.8242286842931456,True
cg05409391,,-0.3066555404354243,,False
cg05418105,-0.9280468184436574,-0.5379683997856499,0.7330076091146537,True
cg05421097,-1.2494552856258891,-0.4573323607652183,0.8533938231955538,True
cg05433111,0.24224683919794082,0.5079044662001839,0.3750756526990624,False
cg05434397,-0.08894559196008955,-0.30800875124290594,0.19847717160149775,False
cg05438837,0.16842650028548636,0.5029634802151984,0.3356949902503424,False
cg05441651,0.3911761137893434,-0.3651736594413441,0.37817488661534376,False
cg05443390,-0.9866907368055899,0.00133929899350021,0.49401501789954505,False
cg05445326,-0.13744205400297593,0.1849636851882522,0.16120286959561408,False
cg05455680,-0.33220227082988735,-0.1902029008257097,0.26120258582779854,False
cg05460329,-1.2181191972490424,0.13982160891806092,0.6789704030835516,False
cg05460716,-0.24053005689427073,-0.30509030754904576,0.27281018222165826,False
cg05468917,-0.8791113187878657,-0.20355027964310704,0.5413307992154864,False
cg05473987,-0.6375772294281087,0.3290063996999721,0.48329181456404036,False
cg05477517,-0.42261714743618584,0.277358668293607,0.3499879078648964,False
cg05480110,0.2339251451270872,-0.2619137048431249,0.24791942498510605,False
cg05480350,-0.40077627605028016,0.11226274348177392,0.25651950976602705,False
cg05484949,0.3211572810234113,0.559113170647287,0.44013522583534914,True
cg05485379,-0.4528875612176718,-0.23163845398606742,0.3422630076018696,False
cg05486872,-1.1039087776827834,0.04370523383102361,0.5738070057569035,False
cg05488459,-0.609733730645632,-0.3005641457548185,0.45514893820022523,True
cg05498726,-0.5938578764966536,0.2234460556298794,0.4086519660632665,False
cg05501327,-0.7115696331572546,0.04958943537535736,0.380579534266306,False
cg05506809,-0.7723350296109297,-0.32814475501710494,0.5502398923140173,True
cg05511733,-0.8303893945837778,-0.49685497409958673,0.6636221843416823,True
cg05511752,0.13294025096345674,0.5486552042087252,0.34079772758609095,False
cg05519606,-0.7509490964745867,-0.3515944524206645,0.5512717744476257,True
cg05526731,-0.3337372237272575,0.1383394214610328,0.23603832259414514,False
cg05529156,0.10399641003302466,0.04913706167400318,0.07656673585351392,False
cg05544715,0.054701325831081206,-0.21609815288901119,0.1353997393600462,False
cg05552184,-0.018167612882643354,-0.4795379870633216,0.24885279997298249,False
cg05556923,-0.7849742871823656,-0.5530446641107961,0.6690094756465809,True
cg05557291,-0.14648477222536294,0.03803265716760008,0.0922587146964815,False
cg05558399,-0.580495775000062,-0.22805642562751013,0.4042761003137861,False
cg05560472,-0.30356627583100404,0.0994131827715975,0.20148972930130077,False
cg05567628,-0.6672633975662916,-0.5043459045013186,0.5858046510338051,True
cg05567734,-0.16871031059628433,0.15765381114590915,0.16318206087109674,False
cg05573109,0.2897214936558121,0.6741536099852989,0.48193755182055553,False
cg05574053,-0.8885801319430305,0.03869946510557393,0.46363979852430226,False
cg05579731,-0.31562283175840783,-0.12906636926252915,0.2223446005104685,False
cg05581469,-0.12543451370779235,-0.12947100240672788,0.1274527580572601,False
cg05582690,-0.16345510012445438,0.1352437993219821,0.14934944972321823,False
cg05589691,-0.7151363592930461,-0.7382499669254866,0.7266931631092663,True
cg05592114,-0.5818226183237882,-0.06593376695797365,0.3238781926408809,False
cg05593759,-0.5787994481904893,-0.17548669080519455,0.37714306949784193,False
cg05597850,-0.8769695849292723,-0.4316012827118985,0.6542854338205855,True
cg05609445,-0.7276703962553562,0.15857112997240427,0.44312076311388027,False
cg05613718,-0.047253547057063666,-0.18653972072870487,0.11689663389288427,False
cg05617027,-0.7635764859929913,-0.4649380387953062,0.6142572623941488,True
cg05618401,-0.708275231894607,-0.14364154103563226,0.42595838646511963,False
cg05618647,-0.41127330088967795,-0.07732981296782963,0.2443015569287538,False
cg05624196,-0.7752335202820995,-0.594315631221447,0.6847745757517733,True
cg05627557,-0.8161185450917491,-0.30151606166009975,0.5588173033759244,True
cg05627765,0.04528050703035489,0.05015014063290773,0.04771532383163131,False
cg05633152,-0.32715337116846804,0.06630606629186613,0.1967297187301671,False
cg05637113,0.742312250117553,0.27329244096241195,0.5078023455399825,False
cg05639246,0.7043084181199628,0.44979983355896375,0.5770541258394633,True
cg05640992,0.09085045744852888,-1.0597395828286675,0.5752950201385982,False
cg05643592,0.07640814556945115,-0.3909539614730728,0.23368105352126198,False
cg05643988,-0.967741425226437,-0.31069989838365925,0.6392206618050481,True
cg05644151,-0.2687561133688723,0.4221360307017994,0.34544607203533584,False
cg05647431,-0.6858356847350388,-0.5115282919508947,0.5986819883429667,True
cg05653887,-0.04304224814126804,0.16321761898135043,0.10312993356130923,False
cg05655915,-0.4769970463907656,-0.5666316971945168,0.5218143717926412,True
cg05655953,-0.5090027177832925,-0.5001608551401989,0.5045817864617457,True
cg05659314,-0.6873926475157905,-0.2119499415643571,0.4496712945400738,False
cg05659526,-0.30889477106698093,-0.007444918987092366,0.15816984502703665,False
cg05664039,-0.06325200355417372,-0.19752285218594784,0.13038742787006077,False
cg05664225,-0.3116582115137821,0.4444730892217031,0.3780656503677426,False
cg05669832,-0.9722561464265609,-0.33978754837808706,0.6560218474023239,True
cg05676341,-0.18808081860118228,-0.5551180439277164,0.37159943126444933,False
cg05683999,-0.019709774704157045,-0.3615457319610873,0.19062775333262216,False
cg05688616,-0.15241016897963205,-0.1436195116394569,0.14801484030954448,False
cg05705140,-0.2147881174503338,-0.4343042163738709,0.32454616691210236,False
cg05705964,-1.5493547528187983,-1.556382683674431,1.5528687182466148,True
cg05706173,-0.4132070187184072,-0.3716980814438903,0.39245255008114877,True
cg05706189,-0.13023386786237473,0.05048190939683455,0.09035788862960464,False
cg05708385,-0.820332945134225,-0.7477028814086772,0.7840179132714511,True
cg05711023,-0.6729410699645519,-0.7778668599708402,0.725403964967696,True
cg05720721,-0.23199755858559729,0.3212534602227979,0.2766255094041976,False
cg05726118,0.24926105157804404,0.1947247896978931,0.22199292063796858,False
cg05736642,0.002215499961104477,0.032895085331105384,0.01755529264610493,False
cg05749271,-0.8791538128222384,-0.3214912364205181,0.6003225246213783,True
cg05749855,-0.2096902746708196,-0.11519380756299048,0.16244204111690505,False
cg05749969,-0.12278386345376396,-0.17836810705945266,0.1505759852566083,False
cg05757474,-0.7332095094132925,-0.9907028895930662,0.8619561995031794,True
cg05776861,-0.8318575095242324,-0.14246833293890124,0.48716292123156685,False
cg05787507,-0.7830935336187163,-0.16571385681328976,0.474403695216003,False
cg05788089,-0.5217739652996464,0.3325554785904547,0.4271647219450505,False
cg05798147,-1.011304683857019,-0.8603663477375474,0.9358355157972832,True
cg05800321,-0.4033221756832677,0.34360660994642334,0.37346439281484556,False
cg05807291,-1.0768797846334286,-0.6654262535862853,0.8711530191098569,True
cg05809668,0.657743178043411,-0.05408367170180301,0.355913424872607,False
cg05813673,-0.17167068100738725,0.2137920795778133,0.19273138029260029,False
cg05816398,-0.2873460848908625,-0.09943058848465336,0.19338833668775793,False
cg05825244,-0.01479240205164252,-0.087210795600252,0.05100159882594726,False
cg05829548,-0.48220980770191174,-0.007009408070166675,0.24460960788603922,False
cg05838308,-0.49448603762288373,-0.18814424765198914,0.34131514263743645,False
cg05840533,-0.5746659364053969,0.008150967762033718,0.2914084520837153,False
cg05840741,-0.29776933601434935,0.09472180789629989,0.1962455719553246,False
cg05842260,-0.670526046725963,-0.6773994500388395,0.6739627483824013,True
cg05844798,-1.4377848672489892,-0.02477588875910331,0.7312803780040463,False
cg05851240,-0.4229909761458162,-0.16775777791375313,0.29537437702978464,False
cg05875239,-0.747888349609945,-0.29553502628674994,0.5217116879483474,False
cg05878535,-0.5120594130633004,-0.008011834453851946,0.26003562375857614,False
cg05881698,0.13108197271951172,-0.8661665035328767,0.4986242381261942,False
cg05888551,-0.15087435438923008,-0.24874228162926973,0.19980831800924992,False
cg05891759,-0.23614345852900692,-0.4165343481961382,0.32633890336257254,False
cg05892024,-0.12423510796439317,-0.35299332453873244,0.23861421625156282,False
cg05892806,-0.3514721061088847,-0.11212083461878782,0.23179647036383624,False
cg05893843,-0.34311218724964065,-0.22426081658224428,0.28368650191594247,False
cg05897169,0.1836167223663597,-0.4450855098792813,0.3143511161228205,False
cg05899984,-0.07083059775395528,0.05162994708496619,0.06123027241946073,False
cg05907238,,-1.4980009634725475,,False
cg05916707,0.8570780436382132,0.3586740949441938,0.6078760692912035,True
cg05917633,-0.25439033619399093,0.19319970799030864,0.2237950220921498,False
cg05917732,0.40723335206464767,0.05608875577426412,0.2316610539194559,False
cg05919238,0.28566769811798426,0.02492395904632849,0.15529582858215638,False
cg05920870,-0.28748364634747764,0.39364885228412755,0.3405662493158026,False
cg05921138,-0.07243157738551145,-0.07817727601722127,0.07530442670136636,False
cg05921699,-0.08165915889400176,-0.2753246333185983,0.17849189610630004,False
cg05922384,0.17268849349337267,-0.07526957863880897,0.12397903606609081,False
cg05923857,-0.2205463192368947,0.06733704478100287,0.14394168200894877,False
cg05925497,-0.15449616639292316,-0.24563363803600144,0.2000649022144623,False
cg05930881,0.23372986894767825,-0.3880098234533353,0.3108698462005068,False
cg05931551,-0.2992113434857696,-0.323491820818321,0.3113515821520453,False
cg05934015,-0.24709114274948588,-0.2731421617516909,0.2601166522505884,False
cg05936004,-0.3058714236840829,0.07479798453775828,0.19033470411092057,False
cg05937392,-0.2622265251074301,-1.0299760413509895,0.6461012832292098,False
cg05949181,-0.23816899367613414,0.051222634420945844,0.14469581404853998,False
cg05956769,-0.42842616749833684,-0.3517735186869412,0.390099843092639,True
cg05966978,0.11486390043511202,0.657190904591487,0.3860274025132995,False
cg05967596,-0.3801503992760362,-0.7885329086045628,0.5843416539402995,True
cg05971678,-0.27762566198886157,-0.3494978552581604,0.313561758623511,False
cg05973488,-0.5262430851373129,-0.12097539607330982,0.3236092406053114,False
cg05974816,0.02447011834512266,0.4238402628762453,0.22415519061068398,False
cg05979433,-0.13561050470043495,-0.6114007805695281,0.37350564263498154,False
cg05983405,-0.6278921337759154,-0.44921747303536746,0.5385548034056414,True
cg06003022,0.007059723179011513,-0.12392790621454486,0.06549381469677819,False
cg06003429,-0.7889857898883493,-0.6548742593327755,0.7219300246105624,True
cg06006623,-0.03446294967274603,0.0036013373957314186,0.019032143534238724,False
cg06013113,-0.34730463392219824,-0.20001232009107822,0.27365847700663826,False
cg06021865,-0.20359891179645298,0.10255355728992246,0.15307623454318772,False
cg06022561,0.19567780797065445,-0.4488228305442968,0.3222503192574756,False
cg06023661,0.21654374921031685,-0.36029245643783997,0.2884181028240784,False
cg06030219,-0.37044036405433023,0.4010506333958574,0.3857454987250938,False
cg06037693,-0.8265564406268481,0.05398866708849002,0.44027255385766906,False
cg06038358,-0.024839488882608927,0.05467845812060512,0.03975897350160702,False
cg06040872,-0.15916892261962684,0.21646545955743773,0.1878171910885323,False
cg06043512,-0.8032148364935826,-0.18883037299536498,0.4960226047444738,False
cg06044751,-0.2047791529832056,0.2094658175850003,0.20712248528410293,False
cg06045757,-0.4036007386049005,-0.37618643489232423,0.38989358674861235,True
cg06048910,-0.461115759361461,0.06447203733350194,0.26279389834748146,False
cg06055044,-0.167962452860241,0.4916759167224237,0.3298191847913324,False
cg06065245,-0.5773527907549669,-0.05176858213372768,0.3145606864443473,False
cg06066251,-0.734822845206562,-0.6380165546784171,0.6864196999424896,True
cg06081580,-0.5949787647231852,-0.30046143294361105,0.44772009883339814,True
cg06091647,-0.515718763641144,-0.29043802849371386,0.4030783960674289,False
cg06099459,-0.3503381645554343,-0.2022777406982644,0.2763079526268494,False
cg06103624,-0.28986829064047803,-0.3689552126331117,0.32941175163679487,False
cg06112967,-0.8449848862578065,-0.30187640036882607,0.5734306433133163,True
cg06117133,-1.1615402835510982,0.17286526401320568,0.667202773782152,False
cg06125903,-0.46728837344572305,-0.24138128019090335,0.3543348268183132,False
cg06126721,0.20681607521765236,-0.4409134638587446,0.3238647695381985,False
cg06133921,-0.5378172662175855,-0.45098505647550974,0.49440116134654766,True
cg06137032,-0.6860762095063231,-0.30246348282844354,0.49426984616738334,True
cg06139099,0.4701072874433092,0.07596963533546339,0.2730384613893863,False
cg06151968,-0.2744847719155046,-0.2554501737919886,0.26496747285374656,False
cg06156260,0.17500147565653795,0.015925902093973175,0.09546368887525557,False
cg06164961,-0.8870299637423094,-0.215353557004303,0.5511917603733062,False
cg06173481,-0.2720440539856789,-0.6952957203848082,0.48366988718524356,False
cg06183287,0.007022772844306842,0.1555955616102616,0.08130916722728422,False
cg06188908,0.3272535244484029,0.1584932707408262,0.24287339759461454,False
cg06193412,-0.8741205379783835,-0.08068518069869406,0.47740285933853877,False
cg06200001,-0.44855456528269944,-0.050376453119139776,0.24946550920091962,False
cg06201680,0.1204225256129421,0.12715309383602952,0.1237878097244858,False
cg06202778,0.43511861736016966,0.030497452425519947,0.2328080348928448,False
cg06208288,0.06287660357042618,-0.0249406498785293,0.04390862672447774,False
cg06213626,-0.9458443039534558,-0.19532796234398908,0.5705861331487224,False
cg06215041,-0.4037993519458927,-0.28843982364457554,0.3461195877952341,False
cg06219103,0.06019732529856991,0.5997849550436788,0.32999114017112435,False
cg06243084,-0.04576083779899313,0.17275892781767282,0.10925988280833297,False
cg06244417,0.2985651033585034,0.49011627935074703,0.39434069135462524,False
cg06252276,-0.10230903374133855,-0.03839068226886551,0.07034985800510203,False
cg06252810,-1.1386222885264377,-0.5244461991957622,0.8315342438611,True
cg06253229,-0.5496323448780714,-0.43882861424143904,0.49423047955975524,True
cg06270401,-0.7588189983955519,-0.05230370382580771,0.4055613511106798,False
cg06277849,0.32526610538155454,0.3503414720524114,0.33780378871698297,True
cg06282270,0.86982792816617,0.44275607072831724,0.6562919994472436,True
cg06284586,-0.2608325853633419,-0.0666991173981832,0.16376585138076255,False
cg06286604,0.12571728461601808,-0.021531459158849815,0.07362437188743395,False
cg06289802,-0.7537290919822942,0.04981676126439519,0.4017729266233447,False
cg06294561,-0.1945415767440812,-0.5644264335083704,0.3794840051262258,False
cg06295071,-0.6685837963361525,-1.5685962863959622,1.1185900413660574,True
cg06297318,-0.814377156326144,-0.41759878354668584,0.6159879699364149,True
cg06298244,-2.419997954946745,-0.8861504785626162,1.6530742167546806,True
cg06303168,-0.39899432384393807,-0.1592320783741615,0.2791132011090498,False
cg06315607,0.6341939258700501,-0.20261615683091042,0.41840504135048023,False
cg06318013,-1.4347857847371672,-0.6335086248776481,1.0341472048074076,True
cg06322323,-0.39252306205709075,-0.6272131475519208,0.5098681048045057,True
cg06323049,-1.040475672616018,-0.53420484960921,0.787340261112614,True
cg06338697,0.2507874432135104,-0.018217016653046394,0.13450222993327837,False
cg06339505,0.6975332520586172,0.005573688098998671,0.35155347007880794,False
cg06342416,0.01338784650499469,-0.6622830802402034,0.33783546337259907,False
cg06344952,-0.5574651938684533,0.07775711200372046,0.3176111529360869,False
cg06348619,0.5517900177677223,0.5385324571215675,0.5451612374446448,True
cg06350097,-0.7601987638391187,0.06876049865345014,0.4144796312462844,False
cg06353098,-0.08057561437389027,0.1331112039379208,0.10684340915590554,False
cg06357908,-0.2535070061703067,0.029328067731397258,0.14141753695085196,False
cg06358218,-1.302415991150881,-0.18436675873917702,0.743391374945029,False
cg06360527,-0.8507574100339812,0.4515637904050915,0.6511606002195364,False
cg06360976,-1.7404814956295986,-1.2535879213464332,1.497034708488016,True
cg06366833,-0.4267676273847586,-0.4210311683572898,0.4238993978710242,True
cg06369076,-0.3457160757890886,-0.2822473151808652,0.3139816954849769,False
cg06372175,0.4209938191086413,-0.1531064424637828,0.28705013078621205,False
cg06373940,-0.08652406296575128,-0.058353433027188414,0.07243874799646985,False
cg06375539,-1.0347609907335684,0.09724275709152641,0.5660018739125474,False
cg06376238,-0.8352115541594547,0.16566952912743077,0.5004405416434428,False
cg06377278,0.5096272451425627,-0.0038412869837099227,0.2567342660631363,False
cg06378617,-0.526831588478347,-0.08237203546349285,0.3046018119709199,False
cg06390484,-0.14488581407979423,-0.6523417893662273,0.39861380172301075,False
cg06390790,-0.6588814047487999,0.20334311623824453,0.4311122604935222,False
cg06402330,-1.133131401381546,-0.05891493131562013,0.5960231663485831,False
cg06403317,-0.8679822818782337,-0.701183288649934,0.7845827852640839,True
cg06408559,-0.5500371549307141,-0.1576456603003163,0.3538414076155152,False
cg06410591,0.34650682462293225,-0.31407776428003403,0.3302922944514831,False
cg06412759,-0.7873414083478992,-0.42520785695754215,0.6062746326527206,True
cg06414842,-0.27808750557062106,0.058646186312938414,0.16836684594177975,False
cg06419212,-1.182157763968993,-0.44103608804248184,0.8115969260057374,True
cg06420512,-0.5537169112751869,-0.4315385899387916,0.4926277506069892,True
cg06421238,-0.6756697336386664,-0.30818249260147135,0.4919261131200689,True
cg06422261,0.44095675318379174,0.15453691353596752,0.2977468333598796,False
cg06426087,0.4271334398561095,-0.6198396731020231,0.5234865564790663,False
cg06426961,0.054383854788588856,0.2644212186234007,0.15940253670599477,False
cg06428163,0.8276529810483421,0.46843800149829,0.648045491273316,True
cg06430465,-0.49864041822592076,-0.07973275052927715,0.289186584377599,False
cg06442673,-0.8522015353644478,-0.19808843356308395,0.5251449844637659,False
cg06444891,-0.058635313948449584,-0.18125486949612535,0.11994509172228747,False
cg06456031,0.4211370594332451,0.06995720690209445,0.24554713316766977,False
cg06465076,0.29088418947667616,-0.2847023287134245,0.2877932590950503,False
cg06466782,-0.4544147981864095,-0.12053999471016938,0.28747739644828946,False
cg06468166,-0.9844609404097161,-0.03856416792253037,0.5115125541661232,False
cg06470804,-0.6101599512292633,0.16090070738661313,0.3855303293079382,False
cg06477663,-0.1507432118734796,-0.2801751199370924,0.215459165905286,False
cg06482904,0.0622323292988045,-0.013808165917858684,0.038020247608331594,False
cg06482989,-0.807349263839134,-0.19501332387491843,0.5011812938570261,False
cg06491415,-0.16442325907730382,0.5289888861689602,0.346706072623132,False
cg06504636,-0.19200996169676554,-0.2215801129288243,0.20679503731279492,False
cg06506078,0.6234585701995624,0.5231355120301867,0.5732970411148746,True
cg06509223,-1.1358940770420776,-0.782490193550262,0.9591921352961698,True
cg06514727,-1.3759075663221492,-0.6717914892886144,1.0238495278053819,True
cg06515235,-0.169480506338886,-0.46551911480224956,0.31749981057056775,False
cg06516150,0.2338535767536123,-0.08906234477814631,0.16145796076587932,False
cg06522679,-1.025753822321972,-0.37970558690857514,0.7027297046152736,True
cg06524213,-0.6346788840791467,-0.5629660034103086,0.5988224437447276,True
cg06526020,-0.35696123974771915,-0.5322899891249017,0.44462561443631043,True
cg06528803,-0.03748969003294904,0.03550673949541029,0.036498214764179665,False
cg06530347,-0.2824170331364559,-0.27258829596291184,0.27750266454968386,False
cg06531517,-0.14964212925836579,-0.6619754649030486,0.40580879708070716,False
cg06532528,-1.112956249881865,-0.2463862949682113,0.6796712724250382,False
cg06550177,1.1441162279826842,1.5187310615770548,1.3314236447798695,True
cg06550420,-0.5166129768481562,0.02472077385095895,0.2706668753495576,False
cg06551822,0.058860478580270506,0.30052642592413464,0.17969345225220257,False
cg06554120,0.5365490093857572,0.001945494558640891,0.26924725197219906,False
cg06584433,-1.2861559822701938,-0.4172696828168782,0.851712832543536,True
cg06593910,0.13051917895969492,0.15365563041213678,0.14208740468591585,False
cg06598256,-0.9870608542701874,-0.03169295820143823,0.5093769062358128,False
cg06598591,-0.5068058997471014,-0.07249715780159961,0.2896515287743505,False
cg06601579,-0.3866757832336634,-0.7296086164748168,0.5581421998542401,True
cg06601993,0.08242145937372033,0.16288784192974773,0.12265465065173403,False
cg06611115,0.03205462629613772,0.059806458247635495,0.04593054227188661,False
cg06620397,-1.398640872520278,-1.2150596001560403,1.306850236338159,True
cg06620541,-0.1460965973339232,-0.07404976916449668,0.11007318324920994,False
cg06620896,0.19495865040769067,-0.048436040532127946,0.1216973454699093,False
cg06622404,-0.7469144183824743,-0.32923979258241315,0.5380771054824437,True
cg06623899,-0.015893683696663902,-0.23027279623937863,0.12308323996802127,False
cg06625077,-0.9563633677462139,0.14049320830915596,0.548428288027685,False
cg06625916,-0.19675967052741072,-0.02280494106028493,0.10978230579384783,False
cg06634961,-0.8182101346219588,-0.8488967050703297,0.8335534198461443,True
cg06641279,-0.36789736830921044,0.47980979840536603,0.42385358335728823,False
cg06641366,-0.5363913054052383,-0.21433492569345716,0.3753631155493477,False
cg06654549,0.05525494217097678,-0.10205229861842201,0.07865362039469939,False
cg06657462,-0.5317129963525113,-0.26250959757861636,0.39711129696556385,False
cg06659338,-0.687368162097916,0.1569099853126842,0.42213907370530007,False
cg06682185,0.0034919911130420586,0.08462523464465914,0.0440586128788506,False
cg06688182,-0.6822717874766817,-0.6101839006673123,0.6462278440719971,True
cg06689039,-0.23790345423745557,0.03721808238738497,0.13756076831242026,False
cg06691250,-0.8237976401615835,-0.21278158354167692,0.5182896118516302,False
cg06701892,-0.5407104512233597,-0.022758389257303367,0.2817344202403315,False
cg06708390,-0.22468483004196851,-0.3823841905373014,0.30353451028963496,False
cg06717750,-0.05402878720669838,0.1269748593202995,0.09050182326349894,False
cg06721411,-0.042141410532449956,-0.20324516223595834,0.12269328638420415,False
cg06721601,-0.011273019773072053,-0.9226111238374807,0.46694207180527636,False
cg06732667,-0.7958081360045205,-0.09848763837214178,0.44714788718833115,False
cg06733794,0.29924033977744574,-0.19004409973909697,0.24464221975827136,False
cg06740995,-0.5736049871601819,0.1175707525886932,0.34558786987443757,False
cg06752633,-0.22014573392754133,-0.026007407403736502,0.12307657066563892,False
cg06753398,-0.7670923035296148,-0.6013456034753184,0.6842189535024665,True
cg06756211,-0.198664444468924,-0.6151097862275529,0.4068871153482384,False
cg06760904,0.1688894573064143,-0.5422270849245484,0.35555827111548133,False
cg06765217,1.005889615657951,-0.10589752584670489,0.555893570752328,False
cg06766034,-0.9253012590766135,-0.6818858544447951,0.8035935567607043,True
cg06766427,0.12572762870792498,-0.19702089931387803,0.1613742640109015,False
cg06768361,0.6359083446127622,-0.06992675513659087,0.35291754987467655,False
cg06769708,-0.7287962715313285,-0.29748624597128986,0.5131412587513092,False
cg06775361,-0.2833131396299723,-0.3459127208045326,0.31461293021725245,False
cg06780308,0.13970624632105333,0.04332031960502446,0.0915132829630389,False
cg06788321,-0.8295047846210758,-0.8651111559493367,0.8473079702852062,True
cg06796869,-0.38854266447480185,-0.06840114024739408,0.22847190236109796,False
cg06797389,-1.112360886365195,-0.34816288894566977,0.7302618876554324,True
cg06801994,-0.8246693839945015,-0.571946168368018,0.6983077761812597,True
cg06807966,0.22736917839374582,-0.007215229394864482,0.11729220389430516,False
cg06815737,-0.4290428820132747,-0.4192439854961173,0.424143433754696,True
cg06816077,-0.2956605241941458,-0.4325955510812248,0.3641280376376853,False
cg06817737,-0.6753589672371592,-0.3868468223344663,0.5311028947858127,True
cg06819230,-0.12018580966985142,-0.02060200607371505,0.07039390787178323,False
cg06820412,-0.32493555434053745,-0.06804668956538237,0.19649112195295992,False
cg06820621,0.08800297062108554,-0.14012834666781554,0.11406565864445053,False
cg06828613,-0.4276583722887759,-0.25453304388042136,0.34109570808459866,False
cg06829969,0.06862399428419315,-0.2521881819469189,0.160406088115556,False
cg06832183,-0.7285200250762662,-0.6922042510471264,0.7103621380616962,True
cg06834177,,-0.20876228211817077,,False
cg06840801,0.12426456080724975,0.2546953353127862,0.18947994806001797,False
cg06848185,0.4699836634194501,0.016563347865732037,0.24327350564259106,False
cg06848735,-0.582694301428858,-0.16762000714742104,0.37515715428813956,False
cg06857116,-0.4281727229780266,0.018373719412011495,0.22327322119501905,False
cg06862374,1.2483504692824747,1.2297683698099573,1.2390594195462161,True
cg06864391,-0.6420043319390886,0.016696617515355512,0.32935047472722206,False
cg06864895,0.18874566918179925,0.08762969596243868,0.13818768257211897,False
cg06867755,0.08911708524834361,0.14985024594697655,0.11948366559766008,False
cg06872286,0.14812336472738405,0.1590841397916909,0.15360375225953748,False
cg06874891,-0.183857010978897,-0.2690746384527952,0.22646582471584611,False
cg06876040,-0.06814431516819287,-0.3321027662397649,0.2001235407039789,False
cg06880930,0.5032476911178901,0.5377835313016487,0.5205156112097694,True
cg06885823,-0.3117423338522279,0.025161355214282498,0.16845184453325518,False
cg06889975,-0.5091830371600164,0.1225634015167198,0.3158732193383681,False
cg06892006,0.6631694669240255,0.4269588232270918,0.5450641450755587,True
cg06895218,-0.4373773972532341,-0.5659040438144286,0.5016407205338314,True
cg06905387,-0.6830775168231242,0.2319918656968411,0.4575346912599827,False
cg06915826,-0.32540406663089366,-0.02775903262091756,0.1765815496259056,False
cg06918506,-0.5214944340693464,0.14606587543813346,0.3337801547537399,False
cg06928797,-0.04496463140549529,0.13603242053468648,0.09049852597009088,False
cg06935361,0.007122748656381491,-0.07200197966684263,0.03956236416161206,False
cg06942450,-0.5832569045934055,-0.04914714191372208,0.3162020232535638,False
cg06942637,-0.6078749186750092,-0.254268448631358,0.4310716836531836,False
cg06948222,-0.3326591649989578,-0.38308142771641573,0.35787029635768675,True
cg06950392,0.1310773464426479,0.5395429250266018,0.33531013573462487,False
cg06955998,-0.8517025643736559,-0.7121805379260846,0.7819415511498702,True
cg06958535,-0.7794307793342529,-0.12368796952924369,0.45155937443174826,False
cg06959135,-1.3913742904741,-0.5902422002072122,0.9908082453406561,True
cg06960356,-0.9329542345271781,-0.1787841352689495,0.5558691848980638,False
cg06963205,0.07569210946787484,0.15758747008295668,0.11663978977541575,False
cg06963711,-1.024609364508625,-1.0334125947895234,1.0290109796490743,True
cg06966660,0.15581013031044186,-0.05643574423137795,0.1061229372709099,False
cg06980932,-0.05999828406454219,-0.4703789321931837,0.26518860812886297,False
cg06988336,0.1722718464697254,0.15011318518237024,0.16119251582604782,False
cg06993307,-0.19537264140015523,0.21811738528007005,0.20674501334011264,False
cg07006818,-0.23638848394596498,-0.36371505230147644,0.3000517681237207,False
cg07008701,-0.920289249127078,-0.30013589678668207,0.61021257295688,True
cg07015485,-0.5304091364576845,-0.058498450425031254,0.29445379344135786,False
cg07015784,-0.5248978694668145,0.15048971673894534,0.33769379310287995,False
cg07015803,-0.025661484655580432,-0.19889822527038306,0.11227985496298175,False
cg07020540,0.10846205344453932,-0.17811068734927435,0.14328637039690684,False
cg07023317,-0.42532946317906617,-0.4247685844765103,0.4250490238277882,True
cg07023852,-0.6993700526289274,-0.36466372139181524,0.5320168870103713,True
cg07025678,-0.16602466722520118,0.11962899860565937,0.14282683291543027,False
cg07026910,0.258564501591758,0.17139446207042677,0.2149794818310924,False
cg07028620,-0.6560280955584407,-0.5215360309204878,0.5887820632394642,True
cg07029854,-0.6829896142139469,-0.37110567686119217,0.5270476455375696,True
cg07033722,-0.7442774385738077,-0.20617966429134718,0.4752285514325774,False
cg07033790,-0.4632803298613339,0.08707861857907341,0.27517947422020367,False
cg07039113,-0.04475914755581828,0.1278984292678951,0.08632878841185669,False
cg07049086,-0.34840763063264424,-0.7922940076625552,0.5703508191475997,True
cg07050712,-0.09214550514272622,0.38229811608056585,0.23722181061164604,False
cg07053114,-0.049433417626045736,-0.4081540235439895,0.22879372058501762,False
cg07054904,0.42362884359950553,0.37213325468171055,0.39788104914060807,True
cg07060204,0.10001477776529887,0.08480277255330931,0.0924087751593041,False
cg07062847,-0.07085310605005717,-0.3664055386091493,0.21862932232960325,False
cg07065759,0.021456038547957322,-0.06725813308914301,0.04435708581855016,False
cg07070934,0.547579557820494,-0.3112856772170277,0.42943261751876083,False
cg07076850,-0.5268299094022397,-0.13074004436251513,0.3287849768823774,False
cg07080653,-0.31287449530919836,-0.31922324266581836,0.3160488689875084,True
cg07085815,-0.8117196402146438,0.11516176303395544,0.4634407016242996,False
cg07100595,-0.47763319109498764,-0.9673517017125332,0.7224924464037604,True
cg07102397,-0.2593768919649147,0.43054028240264425,0.3449585871837795,False
cg07109332,-0.40349843978538874,-0.4985392738033881,0.4510188567943884,True
cg07110356,0.3171537776413264,-0.12305966208163363,0.22010671986148,False
cg07110949,0.14166326929300224,-0.345220827958252,0.24344204862562713,False
cg07121721,-0.05483368525411746,0.2561647233146955,0.15549920428440647,False
cg07129067,-0.29520529958445085,-0.6165354883020661,0.45587039394325846,False
cg07133479,-0.38835310340873536,0.17408786764449402,0.2812204855266147,False
cg07139301,0.73858722029043,-0.18226871090084384,0.4604279655956369,False
cg07140250,-0.665871678190864,-0.1372771700290733,0.4015744241099687,False
cg07145038,-0.35341517196549205,-0.351068408865109,0.3522417904153005,True
cg07147204,-0.3566857776940708,-0.28160357333480923,0.31914467551444003,False
cg07153978,0.4467214251356766,-0.03762538522931554,0.24217340518249605,False
cg07160540,0.3475799634744739,0.7198417719474326,0.5337108677109532,True
cg07170302,-0.8569047171219204,-0.39952202406382903,0.6282133705928747,True
cg07173484,-0.390376560470358,0.03365499543311778,0.2120157779517379,False
cg07178278,0.0035966144072044435,0.00822905976189474,0.005912837084549592,False
cg07178379,-0.9019738404385024,0.0020019795054346643,0.4519879099719685,False
cg07181406,0.3888736913864093,0.07791914021075277,0.23339641579858106,False
cg07185119,-0.12576916425443638,0.04948188901998995,0.08762552663721317,False
cg07188551,-0.5004341481180977,-0.12544419200457846,0.3129391700613381,False
cg07189332,-0.028414867934141847,0.19996310630312158,0.11418898711863172,False
cg07189962,-0.9807709407188325,-0.8715113360603175,0.926141138389575,True
cg07200871,0.06428843099627704,0.22927825302587623,0.14678334201107662,False
cg07201450,-0.4187148223445754,-0.004037301132024676,0.21137606173830004,False
cg07205203,-0.24107070869747566,-0.2210554776907438,0.23106309319410973,False
cg07211155,-0.44226191482001703,-0.18220904160936213,0.31223547821468955,False
cg07211212,1.2530548422552674,0.5783146384918119,0.9156847403735396,True
cg07218880,-0.306259193044398,-0.27690715375676866,0.2915831734005834,False
cg07236146,0.09062664786509997,0.08928466403542262,0.0899556559502613,False
cg07236781,-0.10831030716473465,0.20643279950974522,0.15737155333723993,False
cg07243141,0.28541863007478496,0.1784902630489597,0.23195444656187234,False
cg07245635,-0.8700218615895946,0.35198831983224727,0.6110050907109209,False
cg07248223,-0.6103162058735118,-0.5708483103038879,0.5905822580886999,True
cg07248377,0.017746507415816584,0.41955658451511735,0.21865154596546696,False
cg07249433,-0.13990368604653555,0.29619050982767653,0.21804709793710603,False
cg07262247,-0.8767543955234263,-0.3650202622127251,0.6208873288680756,True
cg07268332,-0.35851587098619353,-0.46826986542681087,0.41339286820650223,True
cg07275179,-0.6987928706600478,-0.08601907889300167,0.3924059747765247,False
cg07276550,-0.24034638635565309,-0.5126632125179146,0.37650479943678383,False
cg07281377,-0.004910934435497503,-1.3690355685306457,0.6869732514830715,False
cg07283015,-0.32676674964106195,-0.5253658743136242,0.4260663119773431,True
cg07283816,-0.061199588679840586,0.02612336337816225,0.04366147602900142,False
cg07284632,-0.319611287403406,0.19841982402885763,0.25901555571613183,False
cg07289306,-0.4308547233030449,-0.5766771475954756,0.5037659354492603,True
cg07297681,-0.08692509162076202,-0.20462811050415922,0.14577660106246063,False
cg07298177,-0.8799428441932641,-0.14215945318775006,0.511051148690507,False
cg07300060,-0.12089348244305283,-0.6160197270461509,0.3684566047446019,False
cg07301508,-1.341274217658387,-0.708906043047723,1.025090130353055,True
cg07302959,-1.1055216414611297,-0.311480460865487,0.7085010511633083,True
cg07307830,-0.23140405336542094,-0.42676359597016617,0.32908382466779357,False
cg07311566,-1.1518944247741079,-0.7695617201420387,0.9607280724580733,True
cg07317602,-0.16971740585600345,-0.26853914653853084,0.21912827619726716,False
cg07326288,-0.7743514872710588,-0.5622542951769567,0.6683028912240078,True
cg07331725,0.1389259245219189,0.14243209875579424,0.14067901163885657,False
cg07332880,-1.312778839687341,-0.9288266602982873,1.1208027499928142,True
cg07334509,-0.3115873194183678,0.08487502785325884,0.19823117363581333,False
cg07335435,-0.5132022777939813,0.10120209024481702,0.30720218401939914,False
cg07337602,-0.6667265310185904,-0.09483339366919862,0.3807799623438945,False
cg07338715,-0.7418401784731784,0.016379208437928134,0.3791096934555533,False
cg07345934,0.31675257685276836,-0.0020625920071720085,0.1594075844299702,False
cg07347431,-0.4448221185787523,0.06412971390548815,0.25447591624212024,False
cg07347645,-0.4048371086243085,0.19266229823409428,0.2987497034292014,False
cg07348591,-0.549930485711807,0.07552637851375944,0.31272843211278323,False
cg07349805,,-1.4972903373799709,,False
cg07350040,-1.0361265946306972,-0.3061176705857098,0.6711221326082035,True
cg07352016,-1.1035403895181741,-0.2616415592733698,0.682590974395772,False
cg07353253,-0.6119187617471586,0.15322331552547744,0.38257103863631803,False
cg07355507,-0.27410755968522166,-0.7747375238449354,0.5244225417650785,False
cg07356283,0.18564374811056403,0.014447075904413248,0.10004541200748863,False
cg07356342,-0.6911165995786578,-0.11582957047120147,0.4034730850249296,False
cg07356876,-0.0656480258094178,0.31157160240251497,0.1886098141059664,False
cg07361385,-0.2171189392155503,-0.04051204713985862,0.12881549317770447,False
cg07365452,-0.030429670743547455,-0.09436645201055416,0.062398061377050805,False
cg07373578,-0.5019666439286515,-0.30917303532867424,0.4055698396286629,True
cg07375256,0.0143445868351704,-0.4847291871436843,0.24953688698942736,False
cg07385694,0.15386102566714377,-0.028277615131981477,0.09106932039956263,False
cg07395969,0.18953694546944877,-0.3442236094459608,0.2668802774577048,False
cg07396047,-0.03660719084672145,-0.19748413695373268,0.11704566390022707,False
cg07402639,-1.2049989181744527,-0.6532421673435794,0.9291205427590161,True
cg07402729,0.22602124779600719,-0.5161007189256739,0.37106098336084054,False
cg07409629,-0.38141402658837276,-0.4158386597258125,0.39862634315709267,True
cg07411420,-1.3289842706205748,-0.455219671128648,0.8921019708746114,True
cg07417146,-0.1578342650697612,-0.5504022851612014,0.3541182751154813,False
cg07418126,-0.858979826382766,-0.20234527539955405,0.53066255089116,False
cg07425109,-0.14157188315457328,0.05892346708754157,0.10024767512105742,False
cg07433769,-1.1548582786918993,-0.03607801962043038,0.5954681491561649,False
cg07435449,-0.17818410104792617,0.15774783753393354,0.16796596929092986,False
cg07437033,0.4412796916539875,-0.48652625145307515,0.46390297155353133,False
cg07454640,-0.2797874571707365,0.12588147613159764,0.20283446665116706,False
cg07464206,0.09084731026964982,0.5228757931692406,0.3068615517194452,False
cg07466651,-0.6910933830168171,-0.5571238935412199,0.6241086382790185,True
cg07468327,-0.26290434041923805,-0.010378766013450768,0.1366415532163444,False
cg07472373,0.041137986068614435,-0.15277742341715037,0.0969577047428824,False
cg07474957,0.626248638632916,0.6208151627086634,0.6235319006707898,True
cg07475178,-0.1662212700631435,0.05648771660848869,0.1113544933358161,False
cg07477924,-1.0176114388551485,0.2420066961567481,0.6298090675059483,False
cg07479709,-0.27263252476445304,0.21988636533023198,0.2462594450473425,False
cg07488259,-0.7853725807185005,-0.4841010853466634,0.634736833032582,True
cg07497190,-0.5654814485334024,0.036043429058950915,0.3007624387961767,False
cg07499142,0.3342720262990935,-0.41568911809796166,0.3749805721985276,False
cg07501747,-1.2317428856329087,-0.27496527179550256,0.7533540787142057,False
cg07502358,0.047754746411621245,0.22646756309583868,0.13711115475372995,False
cg07502782,-0.1862133719978819,0.29720470941031507,0.2417090407040985,False
cg07516556,-0.5014655561883709,-0.17696714716499706,0.33921635167668396,False
cg07521193,0.2744393390209287,0.20234582849035007,0.23839258375563938,False
cg07523071,-0.3001425854429191,-0.011149628906777837,0.15564610717484847,False
cg07529658,-0.1464618794731211,-0.06534729776229442,0.10590458861770775,False
cg07531268,0.12457772567418247,-0.21584539334259453,0.1702115595083885,False
cg07532183,-0.02963609677861367,-0.779968041980838,0.40480206937972585,False
cg07536914,-0.6801614468225136,-0.8400647538383029,0.7601131003304082,True
cg07538364,-0.9450152984181273,-0.10922877549913446,0.5271220369586309,False
cg07539108,-0.29195290348981745,-0.4582708408506557,0.37511187217023656,False
cg07542864,0.35619847254695874,-0.14262015153196672,0.24940931203946273,False
cg07545925,-0.2114222496060346,-0.0007585662866079748,0.10609040794632128,False
cg07551054,-0.2894380347005908,-1.5685485139670998,0.9289932743338454,False
cg07558837,-0.1580163894224402,0.5087085400648594,0.33336246474364983,False
cg07568203,-0.38261300469207465,-0.27331982780050046,0.32796641624628753,False
cg07569939,-0.3445966109753253,-0.3740424775959989,0.3593195442856621,True
cg07571928,-0.5833374884401737,-0.13953549391084166,0.3614364911755077,False
cg07572233,0.32470409843702175,0.34742980463451206,0.33606695153576693,True
cg07572435,-0.2069964913216822,-0.13791189654730945,0.17245419393449585,False
cg07573020,-0.3332261019130414,-0.15466641336078316,0.2439462576369123,False
cg07578439,-0.12402837876112939,-0.10724750144841724,0.11563794010477332,False
cg07587610,-0.42979100060906616,-0.20073448606041722,0.3152627433347417,False
cg07590102,-0.09944941475019249,-0.09778280206861022,0.09861610840940135,False
cg07591090,-0.12699755736933457,-0.08061897322116197,0.10380826529524828,False
cg07591885,-0.572257427940277,-0.34836726855016553,0.46031234824522127,True
cg07595134,-0.7559135071940926,-0.2521688051955703,0.5040411561948315,False
cg07597976,-1.242914854997099,-0.49854118232769185,0.8707280186623954,True
cg07604565,-0.11520641291514835,-0.021743869368858835,0.06847514114200359,False
cg07605143,-0.4339686202986861,-0.23983318211994167,0.3369009012093139,False
cg07612928,-0.2795018145003352,-0.022854322966230533,0.15117806873328285,False
cg07615087,-0.3216195605583573,-0.4140469197377553,0.3678332401480563,True
cg07616471,-0.2481464376325874,0.1628274774576097,0.20548695754509855,False
cg07618110,0.06435017578537204,-0.018355004966008337,0.04135259037569019,False
cg07619683,-0.9164566325761929,-0.7565794439718264,0.8365180382740096,True
cg07625383,0.1001519148029938,-0.5874948980391455,0.3438234064210696,False
cg07627491,0.16999910805194765,-0.31965369460181625,0.24482640132688194,False
cg07627628,-0.9322862986474169,-0.7967709166083071,0.864528607627862,True
cg07629844,0.24908692620451123,-0.7035249757289712,0.4763059509667412,False
cg07630255,-0.389987938963231,-0.30849913245015637,0.34924353570669364,True
cg07634195,-0.929906666605175,-0.8822276660190755,0.9060671663121252,True
cg07636952,-0.6283204949446414,-0.4276500211396184,0.5279852580421299,True
cg07643762,0.0467752080859624,-0.3309293254151216,0.188852266750542,False
cg07646467,-0.7985097436478283,-0.4822470191227534,0.6403783813852909,True
cg07649206,-0.03319628355918581,-0.339721448514075,0.1864588660366304,False
cg07651316,0.24961199586429983,-0.4185638828359184,0.3340879393501091,False
cg07652788,-0.6545732020174554,-0.22834288164094074,0.44145804182919807,False
cg07658640,-0.8298986050805196,-0.20832301876391549,0.5191108119222175,False
cg07661660,-0.3336128143279293,-0.14334154046052608,0.2384771773942277,False
cg07661835,-0.3970255023923732,-0.29851165550465963,0.3477685789485164,False
cg07665466,-0.29577579964650375,-0.22231370042857704,0.2590447500375404,False
cg07670266,-0.8031107765160187,-0.17739538911916153,0.4902530828175901,False
cg07671858,0.45143334538859253,0.1898284906521245,0.32063091802035854,False
cg07673807,0.43126124616631684,0.23377699471846217,0.3325191204423895,False
cg07675031,0.4792803359544794,-0.740110827401568,0.6096955816780236,False
cg07679948,-0.3269314372209439,-0.6709840535956304,0.4989577454082872,True
cg07688213,-0.20448888147552244,0.02745206428349586,0.11597047287950915,False
cg07691874,0.5558544417158492,0.2325625396590224,0.3942084906874358,False
cg07692288,-0.8968625401874227,-0.6010719326405094,0.7489672364139661,True
cg07697891,-0.5050816263952457,-0.3814017249614541,0.4432416756783499,True
cg07698804,-0.19905467622820555,-0.33998850981987055,0.26952159302403805,False
cg07700741,-0.14264199014662085,0.07859294067801334,0.1106174654123171,False
cg07702659,-0.25414453350574256,-0.18772452763370176,0.22093453056972218,False
cg07703790,-0.778250742361774,-0.02639119717530273,0.4023209697685384,False
cg07706695,0.21519682868930282,0.1563826796283716,0.1857897541588372,False
cg07713946,0.19281062270633395,-0.05915600074709664,0.12598331172671529,False
cg07721872,-0.4365400977632761,-0.6323897580082392,0.5344649278857576,True
cg07728865,-0.7509105570608877,-0.6619623220569454,0.7064364395589166,True
cg07728874,0.2684865631066374,0.36257728156813873,0.315531922337388,False
cg07732644,-0.5950403631971558,-0.21349709683800835,0.40426873001758207,False
cg07734159,-0.5113355422140242,0.043753302703765956,0.2775444224588951,False
cg07734975,0.3844503208295373,0.043531106258920156,0.21399071354422872,False
cg07737063,-0.2472541915321142,0.0035892350004993836,0.1254217132663068,False
cg07737292,-0.25063839251496123,-0.25305683439001164,0.2518476134524864,False
cg07744618,-0.49229581203108586,0.3399193994806489,0.41610760575586736,False
cg07748159,-1.0086477026153982,-0.8855838036877339,0.947115753151566,True
cg07748255,-0.42236706757511044,-0.151825256125383,0.2870961618502467,False
cg07756788,-0.14415555589553242,-0.2023987697881303,0.17327716284183137,False
cg07757007,0.08742516698954099,0.10811163708852879,0.09776840203903489,False
cg07759570,0.9341346209643137,0.5886947825790686,0.7614147017716911,True
cg07768103,-0.39653682631965276,0.17536483757042776,0.28595083194504023,False
cg07769015,-0.6217302075128309,-0.22640389155669757,0.42406704953476426,False
cg07774045,0.49862343777215684,1.077991181067207,0.7883073094196819,True
cg07778290,-0.3297149339274023,-0.5564413278054932,0.44307813086644776,True
cg07781401,-0.2913381321011546,0.1111948937930011,0.20126651294707787,False
cg07783183,-0.20412410175690843,-0.017479808492950617,0.11080195512492952,False
cg07786657,-0.36021059233541103,-0.22745827947411476,0.2938344359047629,False
cg07790752,-1.1926484354555114,-0.9856119920260545,1.089130213740783,True
cg07791585,-0.35072278274269614,-0.19998962799620568,0.27535620536945093,False
cg07795168,-0.10465284446827514,-0.5212099500320106,0.3129313972501429,False
cg07795964,0.09976728066635376,-0.7523324591007158,0.42604986988353477,False
cg07798602,-0.2983848061600302,-0.23518692425695722,0.26678586520849373,False
cg07802350,0.5808959548487269,0.38940922187067806,0.4851525883597025,True
cg07802362,-0.031115027990490155,0.1818601630470284,0.10648759551875928,False
cg07804577,-0.6457022799299682,0.29578480215135994,0.47074354104066407,False
cg07804773,-0.16175511360950326,0.07544081550746931,0.11859796455848629,False
cg07809301,-0.20980536906834735,-0.2524152224196875,0.23111029574401742,False
cg07810927,0.24801721851155037,0.058086128858109175,0.15305167368482978,False
cg07812059,0.09141172184318329,-0.542919617624696,0.3171656697339396,False
cg07813851,-0.4956775044123151,-0.3723142166183276,0.43399586051532135,True
cg07814567,0.34857448923177436,-0.1960290766085421,0.2723017829201582,False
cg07821160,-1.2373794027546825,-0.8588294726230208,1.0481044376888518,True
cg07823670,-0.3335085710250689,0.35516193829302006,0.34433525465904447,False
cg07829804,-0.7231725610375942,-0.20406944839596103,0.4636210047167776,False
cg07837085,0.37600372953448025,0.12311153800583417,0.24955763377015722,False
cg07840446,-0.483774950871302,-0.9014376827424501,0.692606316806876,True
cg07842409,0.2948034634030593,0.03882997255051494,0.16681671797678713,False
cg07856071,-0.3035993032768432,0.05010985496969902,0.1768545791232711,False
cg07858195,0.3037321104360185,-0.04869556576447194,0.1762138381002452,False
cg07859439,-0.5635873635197208,0.3053160494581129,0.43445170648891684,False
cg07861456,-0.34876814149689167,-0.6216464877236226,0.4852073146102571,True
cg07862744,-0.016080820962631952,-0.030025956964781417,0.023053388963706685,False
cg07878191,-0.5856224545850622,-0.15963576339138327,0.37262910898822277,False
cg07880943,-0.402813501941712,0.18770343508597448,0.29525846851384324,False
cg07883722,-0.9766936455535905,-0.1024014736913005,0.5395475596224455,False
cg07889936,-0.4247025483934355,-0.42637762122474443,0.42554008480909,True
cg07890797,-0.001694935442583932,-0.26141869954238567,0.1315568174924848,False
cg07890882,-0.48775252651150336,0.03790442026701041,0.26282847338925686,False
cg07895203,-0.11321744838051193,-0.3935738849005773,0.25339566664054464,False
cg07899997,-0.1288083147359084,-0.15127748851103506,0.14004290162347172,False
cg07900259,-0.5727910432895795,-0.2795158979422851,0.42615347061593234,False
cg07906331,-0.07599877340927841,0.3034197078147287,0.18970924061200356,False
cg07908229,0.8964893799782301,0.08294645660464679,0.48971791829143846,False
cg07908984,-0.7821583614055255,0.24412944604262815,0.5131439037240768,False
cg07909128,-0.4874746299886917,-0.16160015778472656,0.3245373938867091,False
cg07918933,0.017412581870829943,0.3416810442085677,0.17954681303969883,False
cg07927953,-1.1150551557653292,-0.48589127986921876,0.800473217817274,True
cg07930673,-0.4252242089836914,0.16231952547341716,0.2937718672285543,False
cg07930752,-0.07139778551152298,0.43607364086751993,0.2537357131895215,False
cg07930875,0.010697477773032319,-0.24966900531752034,0.13018324154527633,False
cg07931411,0.332836100684817,-0.06967784793128108,0.20125697430804904,False
cg07935320,-0.003669924258772702,-0.4876821451106947,0.2456760346847337,False
cg07938743,-0.4783595357712838,-0.2606956177011544,0.3695275767362191,False
cg07950798,-0.005361010759044708,0.2638244138872386,0.13459271232314166,False
cg07955754,-0.7876291095586797,-0.36562944251499235,0.576629276036836,True
cg07960360,0.08930599283002982,0.08883851740458971,0.08907225511730976,False
cg07963705,0.18388616555856666,0.5036064226844696,0.34374629412151814,False
cg07970040,0.3321659433098987,-0.21987350872578287,0.27601972601784075,False
cg07970799,-0.05038054768928291,-0.33481927323658367,0.1925999104629333,False
cg07973162,0.2340155174619025,0.2821606974514469,0.2580881074566747,False
cg07979388,-0.13171133859056003,-0.5642241623482969,0.34796775046942846,False
cg07985890,0.6987709234134709,0.2770116965789679,0.48789130999621944,False
cg07986378,-0.47826568435077277,-0.2742755214720716,0.3762706029114222,False
cg07990556,-0.1674852361131946,0.26874153168322185,0.21811338389820822,False
cg07992457,0.04631918462920047,-0.8207084964470136,0.43351384053810704,False
cg07993350,-0.39393245519460524,0.0709184955175287,0.23242547535606697,False
cg07999738,0.1375789745577029,0.3672888119980193,0.25243389327786114,False
cg08000684,0.3707847926507491,0.022962993490634725,0.19687389307069192,False
cg08004365,-0.37758454436527267,-0.5793572224477818,0.4784708834065272,True
cg08010331,-0.8278167296964553,-0.33458899936860187,0.5812028645325286,True
cg08012045,0.05847382785420823,0.5001670266425525,0.27932042724838035,False
cg08018572,-0.44899092888547776,0.03138183058699214,0.24018637973623494,False
cg08028035,-0.5870530948813673,-0.36382474303825374,0.4754389189598105,True
cg08029189,0.18357710289115461,0.8376150898787227,0.5105960963849386,False
cg08032088,-0.43085791015890296,-0.4966461185874615,0.46375201437318225,True
cg08032619,-0.30653307673384295,0.19539229427986793,0.2509626855068554,False
cg08036492,-0.07410925721425028,-0.017398816670237165,0.045754036942243725,False
cg08043048,1.2041143456294991,0.7632940491515422,0.9837041973905207,True
cg08057432,-1.1269058861238537,-0.18964268509284152,0.6582742856083476,False
cg08057475,-0.21427465472849636,0.0557471852264175,0.13501091997745693,False
cg08061524,0.09500923346736778,-0.021625835260264053,0.05831753436381592,False
cg08068820,0.4236146916467798,-0.24798116822951213,0.33579792993814594,False
cg08073133,-0.15404207467407405,-0.24844814616251426,0.20124511041829415,False
cg08074555,0.17979205701504833,0.4131895787072533,0.29649081786115083,False
cg08077807,-0.6506632221475156,0.05181901338055721,0.3512411177640364,False
cg08092258,-0.15827952141949975,0.44816527375376997,0.30322239758663483,False
cg08093959,-0.485546713547348,-0.16299711440848924,0.32427191397791866,False
cg08107352,-0.4622786275909007,-0.4057887921774411,0.4340337098841709,True
cg08109681,-0.11192470543810175,-0.3040465047850264,0.20798560511156405,False
cg08131059,-0.3574379974504594,-0.7946631096499698,0.5760505535502146,True
cg08137669,-0.08809461377731172,0.3930074033204955,0.2405510085489036,False
cg08148488,-0.07277217573960777,0.20879220904855625,0.14078219239408202,False
cg08148801,-0.5497326309497239,-0.37297119567226833,0.4613519133109961,True
cg08151063,0.2284952451741285,-0.11750884847985181,0.17300204682699016,False
cg08154437,0.16504659594493482,0.04440337839763411,0.10472498717128446,False
cg08154963,-0.6353167661527936,-0.04216583979004644,0.33874130297142,False
cg08168689,-1.1143001570006335,-0.24948377142408765,0.6818919642123605,False
cg08169020,-0.47791234218396433,-0.6703201124846797,0.574116227334322,True
cg08170141,-0.5951916339475037,-0.7131497314907722,0.654170682719138,True
cg08171667,-0.934506993641449,-0.3127136579956056,0.6236103258185273,True
cg08173110,0.3753981082489873,-0.2037471940242402,0.28957265113661373,False
cg08174715,-0.4658279063220265,-0.08472152921315415,0.2752747177675903,False
cg08179431,-0.4334401924862892,-0.5275805383440232,0.4805103654151562,True
cg08182975,0.9974857777551692,-0.02485184922126304,0.5111688134882161,False
cg08188893,-1.617242786071707,-0.7522644084030596,1.1847535972373833,True
cg08193551,-0.703948835492581,0.22228465344687595,0.4631167444697285,False
cg08198280,-0.5373359171879215,0.39862086844463696,0.46797839281627923,False
cg08198430,-0.8277411278981711,-0.697645846239061,0.7626934870686161,True
cg08215318,0.6631324481255896,0.25019577446419106,0.4566641112948903,False
cg08216584,0.6818790728676393,-0.16598557905245379,0.42393232596004654,False
cg08217163,0.8561702330046111,0.6261497800588005,0.7411600065317059,True
cg08217716,0.48867811638476105,-0.17699508715520787,0.3328366017699845,False
cg08220696,-0.18721755595680137,-0.39124240837174185,0.2892299821642716,False
cg08221288,-0.05003230868137892,-0.1795924414841977,0.11481237508278831,False
cg08223760,-0.6409409726956088,-0.8483081223214917,0.7446245475085502,True
cg08223771,-0.042314828881203526,0.37275200176574663,0.20753341532347508,False
cg08224160,0.26863658642443045,-0.16766064009650605,0.21814861326046825,False
cg08235413,-0.590544329745096,0.189440690306376,0.389992510025736,False
cg08240529,0.13464857687622056,-0.20726418020646215,0.17095637854134135,False
cg08240652,-1.6259785781993668,-0.9550911009867582,1.2905348395930625,True
cg08241321,-0.4300630159066081,0.11147562413723819,0.27076932002192317,False
cg08244303,-0.6244099306130658,-0.11120733619574809,0.36780863340440695,False
cg08245249,-1.196684028827233,-0.5811463573073177,0.8889151930672753,True
cg08246318,-1.6268024964078558,-0.4427682707615075,1.0347853835846816,True
cg08251025,-0.7796776348457367,-0.18738965331497182,0.48353364408035426,False
cg08251901,-0.0034527530543996426,0.8476961773725028,0.4255744652134512,False
cg08253808,-1.0805724714649576,-0.7543668484865178,0.9174696599757377,True
cg08255475,-0.14121904649570297,-0.07389869942449692,0.10755887296009994,False
cg08264805,-1.2644396641271214,-1.1811641485485345,1.222801906337828,True
cg08266852,-0.8722780163106477,-0.38589775892925343,0.6290878876199506,True
cg08269974,0.01564791023585175,-0.500335818351847,0.2579918642938494,False
cg08279189,-0.6879361257658851,-0.3343687136822905,0.5111524197240878,True
cg08280368,-0.09098876365812257,-0.013511756589775195,0.052250260123948886,False
cg08287334,-0.8093284480378922,-0.37503990352704974,0.592184175782471,True
cg08294986,0.9722488523933892,0.8394913840833321,0.9058701182383606,True
cg08300930,0.15339010577534587,-0.18928268715868526,0.17133639646701557,False
cg08326410,-0.3971494701947218,-0.10931788006871578,0.2532336751317188,False
cg08338281,-0.009976534951980117,-0.026501334861757115,0.018238934906868617,False
cg08339159,-0.8597918013869287,-0.14836112333721035,0.5040764623620695,False
cg08341924,-0.5589479208181839,0.1209034051960839,0.3399256630071339,False
cg08342691,0.34604368710728145,-0.06960634665969379,0.20782501688348762,False
cg08395842,0.10907216499724792,-0.017672719376236393,0.06337244218674215,False
cg08399733,-0.1368996338287127,0.1290125119894464,0.13295607290907957,False
cg08400494,0.789408189574506,0.20207550218585502,0.4957418458801805,False
cg08401628,0.23392119271103015,-0.3757281833963724,0.3048246880537013,False
cg08411049,0.11196045053544368,0.32205777780642203,0.21700911417093285,False
cg08411881,-0.4512296296898128,-0.2654497608404899,0.3583396952651513,False
cg08413427,-0.22172385684632218,0.07869371678213381,0.150208786814228,False
cg08415156,-0.2488473260994808,-0.1277531547232035,0.18830024041134213,False
cg08418978,-0.3910096677017501,-0.36362224050480085,0.37731595410327545,True
cg08420572,0.4396354025231581,-0.243004457139403,0.34131992983128057,False
cg08425796,-0.46655735389232655,-0.25476437748008474,0.36066086568620565,False
cg08428868,-0.5282735920725897,-0.47808066437555147,0.5031771282240706,True
cg08434186,-0.2681453217287724,-0.39654779421460323,0.33234655797168783,False
cg08445080,-0.016882361496887776,0.05655939447101984,0.036720877983953806,False
cg08446038,-0.5089147697477874,0.3320060280795507,0.42046039891366904,False
cg08447520,0.29933832599967225,0.17737461409752212,0.23835647004859717,False
cg08449164,-0.46037221546551277,-0.11217122155793618,0.2862717185117245,False
cg08450017,-0.4471475249147012,-0.6401777742308719,0.5436626495727865,True
cg08452456,-0.5551973891482119,-0.615561982173571,0.5853796856608915,True
cg08455073,-0.3805676666929278,-0.31675870826054114,0.34866318747673447,True
cg08458745,-0.3669047902197637,-0.37920317931182285,0.37305398476579327,True
cg08463848,-0.6861609454238603,-0.12636448186103896,0.40626271364244965,False
cg08463932,-0.3967904523558847,0.2859032078717598,0.3413468301138223,False
cg08468741,0.15535742949546155,0.08268118067332142,0.11901930508439149,False
cg08469834,0.32162434620581176,0.0001672724436704328,0.1608958093247411,False
cg08469845,-0.382730089793842,0.09509758002491854,0.23891383490938026,False
cg08471734,-0.2975435544457364,-0.3220671866602511,0.30980537055299373,False
cg08474603,-0.31636192938277086,-0.1828781982125282,0.24962006379764953,False
cg08476843,-0.4234701282517155,-0.32277503278255976,0.37312258051713765,True
cg08485158,-0.4559871189465185,-0.31813521096631653,0.3870611649564175,True
cg08489309,0.17424415142958094,-0.019125071205040096,0.09668461131731051,False
cg08490233,-0.6575216167821119,0.14218805586489786,0.3998548363235048,False
cg08509991,-0.07423616937905456,0.05923803263695224,0.0667371010080034,False
cg08521225,-0.10170349836895154,0.06043788577496797,0.08107069207195976,False
cg08531365,-0.3771494315754983,0.45465181139990635,0.41590062148770235,False
cg08538581,-0.22298768295764804,-0.2716360211724784,0.24731185206506323,False
cg08539965,-0.5249027702575512,-0.4924243299078811,0.5086635500827161,True
cg08544331,-0.4023570292520771,0.21259055357197715,0.30747379141202713,False
cg08546278,-1.0691391213800527,-0.27258489747120096,0.6708620094256268,False
cg08547211,-0.19545272751327986,0.1847390696593213,0.19009589858630058,False
cg08549282,-0.49712224509344766,0.13639578650497425,0.31675901579921095,False
cg08552167,-1.6532744614484836,-0.9097932475478537,1.2815338544981687,True
cg08555924,0.07961143557089127,-0.5770104321240619,0.32831093384747656,False
cg08559120,0.3304774614681933,0.38765629555440245,0.35906687851129787,True
cg08561825,-0.3147602789445294,-0.5769367040136413,0.44584849147908534,True
cg08562111,-0.9393109708858814,-0.14702004636016658,0.543165508623024,False
cg08574140,-0.7860774547716246,0.11016711709316448,0.44812228593239456,False
cg08577953,-0.009924579844480388,-0.16425512069551773,0.08708985026999906,False
cg08594606,0.1334245946218653,0.24620844135616415,0.18981651798901472,False
cg08599635,-0.5887602277030959,-0.4213883801531515,0.5050743039281237,True
cg08604785,-0.39235286916328577,-0.9300097210809181,0.6611812951221019,True
cg08609400,-0.6875497175929686,0.046052117190223174,0.36680091739159587,False
cg08612871,-0.3635985031182763,-0.6295228577852742,0.49656068045177526,True
cg08622675,-0.8217555694777564,-0.8378352039092684,0.8297953866935124,True
cg08622923,0.20710397338531217,0.3262114391423663,0.2666577062638392,False
cg08623515,-0.3926628470425575,-0.547040065442152,0.46985145624235475,True
cg08625617,0.11485347988391875,-0.2558612844787179,0.18535738218131834,False
cg08626004,0.06549557178224077,-0.18855937506230966,0.12702747342227522,False
cg08628635,0.14652063058020756,0.7259706096215384,0.436245620100873,False
cg08637514,0.23890584075671864,0.4692079458393197,0.35405689329801915,False
cg08639389,-0.37388502798821277,-0.08930736995746268,0.23159619897283773,False
cg08640475,-0.369780947584678,0.19314315064035434,0.28146204911251615,False
cg08643472,0.6823201822665638,0.49920919212564274,0.5907646871961032,True
cg08644356,-0.19836696524342884,0.19681179805101573,0.19758938164722228,False
cg08653114,-1.127932745105694,-0.14727577677552925,0.6376042609406116,False
cg08653292,-1.5026995592466277,-0.735598798725928,1.119149178986278,True
cg08656816,0.16763968228170398,0.04743954651598598,0.10753961439884498,False
cg08659421,-0.5341956014677347,0.07248906292213426,0.3033423321949345,False
cg08661450,-0.150557007667452,-0.6130447929899632,0.3818009003287076,False
cg08667024,-0.6128011083019413,0.06787782993359688,0.34033946911776913,False
cg08667740,-0.05987347476821025,-0.0016986153997536205,0.030786045083981934,False
cg08670658,-0.184215164955108,-0.3812258686953108,0.2827205168252094,False
cg08681473,-0.6378315474127044,0.4466177154641902,0.5422246314384473,False
cg08684663,0.1495324029483195,0.20501194555836363,0.17727217425334157,False
cg08687540,-0.21591336775928166,-0.15179179728843092,0.18385258252385628,False
cg08688659,-0.0819250127656796,-0.5665753885975928,0.32425020068163624,False
cg08689708,-0.5901492030114605,-0.2120673141546903,0.40110825858307536,False
cg08698854,-0.7716037355817164,-0.17662819591549403,0.4741159657486052,False
cg08705647,-0.38464870774539,-0.967856665883602,0.676252686814496,True
cg08710757,-0.2565064875766527,-0.22090610655571194,0.2387062970661823,False
cg08718097,0.7791311628465148,0.07592656399406125,0.42752886342028806,False
cg08730070,-0.011282697165150712,-0.0903014282114729,0.0507920626883118,False
cg08734237,-0.7099056446495768,0.01599100554641765,0.36294832509799724,False
cg08752080,-1.1478099721962245,-0.6370232561346048,0.8924166141654146,True
cg08755026,-0.2731399362623622,-0.19310912495899038,0.23312453061067628,False
cg08759957,-0.6021815661067605,-0.39837521053439895,0.5002783883205797,True
cg08760493,-0.7035820574649446,0.2500309548809976,0.4768065061729711,False
cg08761324,-0.6082360716340772,-0.3166504266329134,0.4624432491334953,True
cg08762253,-0.039899755307125105,-0.2648977358918775,0.15239874559950128,False
cg08763705,0.9225615096322382,0.4107002028778098,0.6666308562550239,True
cg08767044,-0.3833109058447826,0.30268166062032364,0.34299628323255316,False
cg08767743,-0.1266872306778348,-0.03823859414894768,0.08246291241339124,False
cg08769073,-0.5207599309831974,-0.31745677449355025,0.4191083527383738,True
cg08777095,-0.5181065438126518,-0.21564041754577168,0.3668734806792117,False
cg08780166,-0.5449516827586208,-0.7535124800798482,0.6492320814192345,True
cg08783253,0.21583273361917563,0.06280826157442662,0.13932049759680112,False
cg08785871,-0.3498155952804763,-0.08089701388993138,0.21535630458520383,False
cg08786003,-0.24989513899958157,-0.1943397008269711,0.22211741991327633,False
cg08791424,-0.0945388539415549,0.06577273637191473,0.08015579515673482,False
cg08796240,0.1445929404813598,0.05687657937968662,0.10073475993052321,False
cg08813545,-0.757469531745978,-0.7997469817067185,0.7786082567263483,True
cg08815398,0.9440081728511149,1.2127332818417058,1.0783707273464103,True
cg08817507,-0.42856625875348814,-0.1687651979962258,0.29866572837485694,False
cg08820401,-0.3708573437143774,-0.0073570416904465705,0.189107192702412,False
cg08822360,-0.16271497892989895,0.43540859066647836,0.2990617847981887,False
cg08826040,-0.7287847838775242,0.11743531833220211,0.42311005110486316,False
cg08829024,-0.8073483564285604,0.21611753543806583,0.5117329459333131,False
cg08832723,0.12069679350881019,-0.6774215141557502,0.3990591538322802,False
cg08839808,0.33256222996875634,-0.23665934375297656,0.28461078686086644,False
cg08842021,-0.815611202226596,-0.07118811823556442,0.44339966023108024,False
cg08843517,0.1522396617900792,-0.46151813996514435,0.30687890087761177,False
cg08843850,-0.005648985021150794,0.036779412023849684,0.021214198522500238,False
cg08846870,-0.4342855653527712,-0.6545097225747134,0.5443976439637424,True
cg08847737,0.1479980363140399,-0.3154483158428874,0.23172317607846366,False
cg08848753,-0.3926939242270282,-0.34183991923012763,0.3672669217285779,True
cg08848958,-0.04711250388618985,-0.4273421146100873,0.2372273092481386,False
cg08853572,-0.3846693359387497,-0.6408754876644203,0.512772411801585,True
cg08864105,-0.10036018080839895,-0.3829069711239641,0.2416335759661815,False
cg08864944,-0.33012484556579713,0.12786648105415185,0.2289956633099745,False
cg08865625,-0.6985387037082437,0.04692290082402296,0.3727308022661333,False
cg08871711,-0.20801565056871504,-0.27757697580134494,0.24279631318502998,False
cg08876437,-0.16989985088702997,-0.2217171566062222,0.1958085037466261,False
cg08876481,0.45212802024568777,0.06251357631320548,0.25732079827944665,False
cg08879111,0.6329277639320606,0.12666710850982446,0.37979743622094253,False
cg08884193,0.14452195788613198,-0.47173164413352386,0.3081268010098279,False
cg08884752,-1.0093768566220687,0.10743966159696196,0.5584082591095153,False
cg08890627,-0.39492035126194164,-0.38741903032023217,0.3911696907910869,True
cg08900101,0.11872126343011494,0.1425904742826911,0.130655868856403,False
cg08908131,0.3997776860564293,-0.008368471340007608,0.20407307869821847,False
cg08913013,-0.6098534781141849,0.40324826562023197,0.5065508718672085,False
cg08920233,-0.5926488802962812,-0.45826168565472225,0.5254552829755017,True
cg08920458,0.33534176838685725,-0.2905218783507205,0.3129318233687889,False
cg08923054,-0.37340781894753006,-0.19884066732851108,0.28612424313802054,False
cg08924619,0.2542477079163794,0.06903885621653565,0.16164328206645753,False
cg08929133,-0.7971120865512746,-0.06467120431234485,0.43089164543180974,False
cg08932533,-0.23828529058115572,0.2460562327872169,0.2421707616841863,False
cg08934660,-0.8366814588199666,-0.001735281929746927,0.41920837037485675,False
cg08937612,-0.5979325867178714,-0.33537570002475353,0.4666541433713125,True
cg08939052,-0.779140299081817,-0.22943431223960448,0.5042873056607108,False
cg08939850,-0.48603462705321737,-0.028030733620324055,0.25703268033677074,False
cg08944986,-0.5024255177520754,-0.23170948357729404,0.36706750066468474,False
cg08950375,-0.31373177831869925,-0.8066258269624177,0.5601788026405585,True
cg08952424,-0.3218832865786735,0.45736147689989254,0.389622381739283,False
cg08955462,-0.09758844083325756,-0.00048132252323820093,0.04903488167824788,False
cg08957605,0.05365157597568416,0.2837491865753522,0.16870038127551817,False
cg08958656,0.083466397719812,0.20905882106692403,0.14626260939336802,False
cg08958715,-0.6578165291125967,0.7332423288546426,0.6955294289836196,False
cg08960448,-0.888769101903449,-0.05090437418940917,0.4698367380464291,False
cg08967456,-0.4396285765941805,0.4224875230279955,0.431058049811088,False
cg08969102,-0.28834081074103396,0.6568823090575717,0.4726115598993028,False
cg08970648,-0.6837170093178224,-0.03279236426346695,0.3582546867906447,False
cg08971334,-0.15036095288780787,-0.4558360669794533,0.3030985099336306,False
cg08971769,-0.9659803480922035,-0.2710459287763181,0.6185131384342608,False
cg08975164,-0.23475215331497035,-0.2948103731377323,0.2647812632263513,False
cg08978665,-0.09075301119793425,0.20789489234291972,0.14932395177042698,False
cg08986727,-0.20855254582441662,-0.1910122910697294,0.199782418447073,False
cg09004691,-0.8807395413403559,0.17187337858576898,0.5263064599630625,False
cg09007841,0.38126370149861655,0.08852494084909267,0.23489432117385461,False
cg09010699,0.10291617464456514,-0.1244194453914726,0.11366781001801887,False
cg09014626,0.16461702648680895,-0.2811844486774297,0.2229007375821193,False
cg09015921,0.895997128265292,-1.1218120790972277,1.00890460368126,False
cg09016797,-0.20483810426444443,-0.5583722215945185,0.38160516292948143,False
cg09018107,-0.7719809989526359,-0.2834160638998967,0.5276985314262663,False
cg09024023,-1.270883128114774,-0.6093501741540741,0.9401166511344241,True
cg09029409,0.00798020290640174,0.14904765563342498,0.07851392926991337,False
cg09032544,0.04546663888739375,0.7381636036544658,0.39181512127092977,False
cg09037341,-0.6875187506080592,-0.3055456522707622,0.4965322014394107,True
cg09038962,-0.21148086996310808,0.005359960614866257,0.10842041528898717,False
cg09040942,-0.42353869437888475,0.10826857110298016,0.2659036327409324,False
cg09043941,0.5280320897145695,-0.11782320151988926,0.32292764561722936,False
cg09050670,-0.13466922782530802,-0.6314319809535239,0.38305060438941596,False
cg09051630,-0.06261409909368609,0.5878242751822405,0.3252191871379633,False
cg09061733,-0.1701264676026058,-0.019794045070883306,0.09496025633674456,False
cg09066997,-0.46645646781239086,0.14360385905753711,0.305030163434964,False
cg09070760,-1.11586754042068,-0.25836429220814444,0.6871159163144122,False
cg09073989,-0.5823071755797918,0.1812662051107997,0.3817866903452958,False
cg09075137,-0.6061319936123747,-0.5213464328630143,0.5637392132376945,True
cg09086987,0.5639660176345928,-0.1119770969804901,0.3379715573075414,False
cg09088496,-1.5726357353131133,-0.40995717312280366,0.9912964542179585,True
cg09088836,-1.130937577116229,-0.551113524222205,0.841025550669217,True
cg09092054,0.4169316547313759,-0.1879451932087846,0.30243842397008025,False
cg09096234,-0.8570503114172727,-0.088061058082772,0.47255568475002235,False
cg09099572,0.4606534945670173,0.43816937046883825,0.4494114325179278,True
cg09102257,-0.4200896737594106,-1.0439332489526683,0.7320114613560395,True
cg09109411,-0.2810862814484643,0.06534104888051798,0.17321366516449116,False
cg09109553,-0.681783839862361,0.1503517331684199,0.41606778651539045,False
cg09115646,-0.22480692063314672,-0.6763729531452423,0.45058993688919446,False
cg09115713,-0.09367419334145095,0.04248304404103574,0.06807861869124335,False
cg09121928,-0.2992111939332608,-0.26000434591797394,0.27960776992561737,False
cg09127592,-0.09542848842225489,-0.5019122795026607,0.2986703839624578,False
cg09130077,0.2873817943730957,0.2161698288152397,0.2517758115941677,False
cg09131332,-0.5401193110430792,-0.06428516311734651,0.3022022370802129,False
cg09132577,-0.876753367349432,-0.5066506640504275,0.6917020156999297,True
cg09139762,-0.7052203373144019,-0.42923684564817677,0.5672285914812893,True
cg09142117,-0.4867730479911863,-0.0981865869800384,0.29247981748561236,False
cg09144004,-0.45482623983339104,-0.051796547100114755,0.2533113934667529,False
cg09145126,0.40862810040353403,-0.3027547333532552,0.3556914168783946,False
cg09149525,-1.220531291591742,-0.3689958895847476,0.7947635905882448,True
cg09149974,-0.2516260773939454,-0.3205349049050716,0.2860804911495085,False
cg09163720,-1.1596637862384909,-0.6127219071528619,0.8861928466956763,True
cg09166556,0.015206018607870865,0.44029605943516675,0.2277510390215188,False
cg09168939,-0.979650778225089,0.04402571774510061,0.5118382479850948,False
cg09174502,-1.4347036262342407,-1.1209476448641376,1.2778256355491893,True
cg09178970,-0.21923528143065896,0.021442260822034327,0.12033877112634664,False
cg09179987,0.1055619871106245,-0.9961172733065959,0.5508396302086103,False
cg09201499,-0.2930512208653718,-0.2601724017573661,0.2766118113113689,False
cg09210336,-1.38122847681382,-0.8368711221907505,1.1090497995022854,True
cg09227533,0.13462112034315052,-0.7308516234127675,0.43273637187795905,False
cg09232358,-0.2607421927978238,-0.28232157106153266,0.27153188192967825,False
cg09234252,0.15576197696784563,0.05822823084949741,0.10699510390867152,False
cg09234454,,-0.530521522684042,,False
cg09235535,-0.8377040030886159,0.18300333788974496,0.5103536704891805,False
cg09237521,-0.6398874410979416,0.07484559156857319,0.3573665163332574,False
cg09245302,-0.707308689734059,-0.5787761210435222,0.6430424053887906,True
cg09246749,0.15783814646590813,-0.3663766737472784,0.2621074101065933,False
cg09250149,-0.43501398884316206,-0.31088084574366254,0.3729474172934123,True
cg09251197,0.10360469702511634,-0.5289611765629548,0.3162829367940356,False
cg09253931,0.06028335353105234,-0.5847390432059294,0.32251119836849085,False
cg09259182,0.7729969099159247,-1.1390038529698658,0.9560003814428952,False
cg09261289,0.41231663291582205,0.3205220072226997,0.36641932006926087,True
cg09275783,-0.6255290431275697,-0.24480729417199684,0.4351681686497833,False
cg09276315,0.3413696658219895,-0.040116974405493236,0.19074332011374137,False
cg09278623,-0.6138296678218871,-0.2294723808298844,0.42165102432588575,False
cg09284949,0.14217913386491352,-0.11726021598183123,0.12971967492337239,False
cg09299082,-0.6811649673713905,-0.15143871540485626,0.41630184138812343,False
cg09303293,-0.4695573801795782,-0.5535165584365302,0.5115369693080543,True
cg09305503,0.14419438245888866,-0.02640624722878819,0.08530031484383843,False
cg09312904,-0.7374111802196587,-0.7763056150026288,0.7568583976111438,True
cg09314155,-0.12410173243203755,-0.036079984712728115,0.08009085857238284,False
cg09322573,-0.4985518182512919,-0.5590328652970339,0.5287923417741629,True
cg09324735,-0.05927654543018683,-0.08996740930398694,0.0746219773670869,False
cg09334558,-1.4782538943848806,0.14664757349665353,0.8124507339407671,False
cg09337563,0.15931283712326152,0.15298320058983544,0.1561480188565485,False
cg09342997,-0.44319814259718465,-0.1986434716022413,0.320920807099713,False
cg09345868,-0.16589332275142007,-0.36237526700025047,0.2641342948758353,False
cg09354050,0.18273404719396275,0.18795555796334537,0.18534480257865404,False
cg09357140,0.43644165867836004,0.38032006294419013,0.4083808608112751,True
cg09381805,-0.1585895036332864,-0.033352332226864366,0.09597091793007538,False
cg09381917,-0.5812420891329677,-0.5853295424820876,0.5832858158075276,True
cg09382002,-0.005080840449367809,0.4495666600180358,0.2273237502337018,False
cg09386458,-0.8819784515857912,-0.41775732078746786,0.6498678861866296,True
cg09406989,-0.2514680303200885,0.05987155638734544,0.15566979335371697,False
cg09411730,0.3660762101576794,0.42560852045929465,0.39584236530848704,True
cg09414827,0.19509259020755126,-0.0016193522470455575,0.09835597122729842,False
cg09417937,-0.2921477502974963,0.231767094745373,0.2619574225214346,False
cg09424006,-0.6085997728871683,-0.32435357378050994,0.46647667333383913,True
cg09425228,-0.6386347627539957,0.20583674181710218,0.42223575228554894,False
cg09431058,-0.0004883037638654998,0.02701359228752872,0.01375094802569711,False
cg09432775,0.007733120867948734,-0.8131303427910268,0.4104317318294878,False
cg09435929,1.0977143477361389,0.5531657934799054,0.825440070608022,True
cg09436823,-0.1494760115132145,-0.2571586033890458,0.20331730745113014,False
cg09440385,-0.6310504836657584,-0.3948572048270757,0.5129538442464171,True
cg09446465,-0.06512831017311264,0.41889980243591474,0.2420140563045137,False
cg09446908,0.8162808250238006,0.2749449515709601,0.5456128882973803,False
cg09447435,-0.13222357245227578,-0.39835702655780814,0.26529029950504196,False
cg09451457,0.34729152369820976,-0.021725614505545207,0.1845085691018775,False
cg09452568,-0.22437010996076376,-0.35438258589499994,0.28937634792788186,False
cg09453312,0.016619503525174054,-0.5429319044816943,0.27977570400343416,False
cg09455182,0.49056243153352574,0.058490138845793134,0.27452628518965944,False
cg09462924,0.7190621625809281,-0.0560720464114334,0.38756710449618076,False
cg09467433,-0.32742234384659563,0.019198238327525922,0.17331029108706078,False
cg09469554,0.8250070113772665,0.2799260248675285,0.5524665181223976,False
cg09469986,-0.5121519701529229,-0.1927435435749872,0.352447756863955,False
cg09473249,-0.8725466690269388,0.061361580028793154,0.46695412452786594,False
cg09473364,-1.1624630272597685,-1.433404343261127,1.2979336852604477,True
cg09475813,-0.5682784786885692,-0.1441302229775413,0.35620435083305524,False
cg09476149,0.9610535849332371,1.2804397806759436,1.1207466828045902,True
cg09476997,0.10311069810014717,0.02327894415055018,0.06319482112534867,False
cg09479452,-0.7232945188078275,-0.522565922092209,0.6229302204500182,True
cg09484077,-0.6234208094964241,-0.3061701111349961,0.46479546031571006,True
cg09500002,-0.6292198434398192,-0.19963104612850546,0.4144254447841623,False
cg09505233,-0.849069013296087,-0.4333840781650628,0.6412265457305749,True
cg09511662,-0.2742529428741772,-0.08352452412033542,0.1788887334972563,False
cg09535526,-0.15522716028831865,-0.12446963067972061,0.13984839548401962,False
cg09542250,-0.5701047734318325,0.48666572427869587,0.5283852488552642,False
cg09544630,0.10856000932127367,-0.283450513188777,0.19600526125502535,False
cg09550768,-1.0608577678569227,-0.6411592047553817,0.8510084863061522,True
cg09552510,-0.6183810991658849,-0.3747073709086999,0.4965442350372924,True
cg09557149,-1.2415087510214995,-0.1830216848095845,0.712265217915542,False
cg09559196,-0.12165729719618612,-0.9778805352611324,0.5497689162286592,False
cg09591072,0.5310425387122486,0.49292298027139214,0.5119827594918204,True
cg09596645,-0.9122625886061565,-0.017255137459574882,0.4647588630328657,False
cg09596707,-1.0910262024052655,-1.131460036455644,1.1112431194304548,True
cg09602288,1.107050967137496,0.09209258885494104,0.5995717779962185,False
cg09610311,-1.382234291850437,-0.7999636727446318,1.0910989822975343,True
cg09621572,0.4440353252771362,0.005190009523483319,0.22461266740030975,False
cg09622285,-0.67105321112254,-0.6098194329389102,0.6404363220307251,True
cg09632273,-0.3803305426160079,-0.0046573292689214155,0.19249393594246467,False
cg09636715,-0.4140076257335819,-0.14942401794259777,0.28171582183808985,False
cg09645818,0.17541552124903503,0.15511951850612649,0.16526751987758076,False
cg09646983,-0.18139628332596078,-0.2415662033872889,0.21148124335662483,False
cg09652652,0.6485834912518454,0.5962151197073665,0.622399305479606,True
cg09657963,0.5955032124196986,0.5336124889917563,0.5645578507057274,True
cg09662916,-0.48517350976100976,0.014084128557947015,0.24962881915947838,False
cg09682051,-0.8606227040202209,-0.6521139262703458,0.7563683151452834,True
cg09684338,-0.5141813795230152,-0.3831006375920527,0.44864100855753397,True
cg09686298,-0.26383582420487695,-0.07803191955787106,0.170933871881374,False
cg09688422,-1.2440778706137983,-0.6983964729253805,0.9712371717695893,True
cg09692355,-0.14315088664017034,-0.43048726962228256,0.2868190781312264,False
cg09692449,-0.34713445836887913,0.00678708185802177,0.17696077011345046,False
cg09694606,0.6010497538172995,-0.07776524412104886,0.3394074989691742,False
cg09695307,-0.24276042514630597,-0.2556520238511522,0.2492062244987291,False
cg09696385,0.08261306511231611,0.4409866800200868,0.26179987256620146,False
cg09714919,-0.4846466131399848,0.3425245277264832,0.41358557043323396,False
cg09717146,-0.5257538576747292,-0.48678916141564016,0.5062715095451846,True
cg09720701,0.4384505210978291,-0.15245614249664546,0.2954533317972373,False
cg09722826,-0.48200712496685166,0.2544485573864671,0.3682278411766594,False
cg09727050,-0.27319644563655077,-0.051156876317638406,0.1621766609770946,False
cg09732282,-0.31694540246759006,-0.6831539926770397,0.5000496975723149,True
cg09736959,0.07953697951113059,0.0917620465874846,0.0856495130493076,False
cg09745864,-0.30528858821268967,0.2571075461207451,0.28119806716671736,False
cg09747827,-0.09504374991331621,-0.32570724900654197,0.2103754994599291,False
cg09749364,-0.3209220902020554,-0.02315976816007128,0.17204092918106334,False
cg09755397,-0.37425950388829715,-0.1679392158420606,0.27109935986517886,False
cg09761352,1.0953799555176944,0.6186753106636819,0.8570276330906881,True
cg09762533,-0.7966059578500904,-0.25985986815960754,0.528232913004849,False
cg09766355,0.08893506458512955,-0.2678046257747797,0.17836984517995463,False
cg09768617,-0.26413471728952503,0.31523434010476775,0.2896845286971464,False
cg09773473,-0.3374319480751626,0.08790869737363939,0.21267032272440098,False
cg09775930,-0.6616419550496908,-0.6611140354546511,0.661377995252171,True
cg09784259,-0.21577350162113074,-0.7618012332255103,0.4887873674233205,False
cg09787381,-1.1551523745320669,-1.2084703357656086,1.1818113551488376,True
cg09788082,0.30906096328081256,0.35273159307600516,0.33089627817840883,True
cg09788778,-0.597686591483522,-0.06555372680089418,0.3316201591422081,False
cg09791111,-0.19163034292060843,-0.13263556770538532,0.16213295531299687,False
cg09797433,-0.8263765032306967,-0.34238167442071027,0.5843790888257034,True
cg09800974,1.0575481435425613,-0.18864160019939277,0.623094871870977,False
cg09813647,0.3259508905819246,-0.033627802694539646,0.17978934663823212,False
cg09821685,-0.5829267145404534,0.4215469443605985,0.502236829450526,False
cg09824255,0.10511403480881158,-0.8075591300322595,0.45633658242053554,False
cg09836187,-0.34235982935477915,-0.21995561330763927,0.2811577213312092,False
cg09837037,0.06541480902323937,0.4651585493442378,0.2652866791837386,False
cg09838701,-0.39495779749864296,-0.24811568990429508,0.321536743701469,False
cg09844292,-1.2222186070810066,-0.4482623512447923,0.8352404791628995,True
cg09846625,-0.8182799447970868,-0.007747545252716003,0.4130137450249014,False
cg09851951,0.3090077376631141,-0.27837727773376636,0.29369250769844024,False
cg09856271,-0.6725046600863108,-0.004623298106779731,0.3385639790965453,False
cg09856274,0.16574868896778075,0.10987043483478645,0.1378095619012836,False
cg09858862,-0.6477575781159041,-0.2529094423306436,0.45033351022327384,False
cg09859659,-0.2323807510653707,0.3966167706543841,0.3144987608598774,False
cg09866303,-0.5379796556329149,-0.5374218960338758,0.5377007758333954,True
cg09883851,-0.0490947650586386,0.07405254396493727,0.06157365451178794,False
cg09885622,-0.4414550914001634,-0.44122044090000745,0.44133776615008546,True
cg09887906,0.012286470903967714,-0.1667554419090683,0.089520956406518,False
cg09891221,-0.6391995176173552,-0.5394772902561308,0.589338403936743,True
cg09892454,-0.33290557259285225,-0.015206862389345406,0.17405621749109884,False
cg09893465,0.005606029963928372,-0.3052744595538217,0.15544024475887505,False
cg09895920,0.12888872944468435,-0.09820090223054195,0.11354481583761315,False
cg09899564,-0.2918923296962894,0.10866422434630917,0.2002782770212993,False
cg09908110,-0.15387318727812258,0.09472605363082506,0.12429962045447382,False
cg09909069,-0.003913074747197432,-0.4781359464798276,0.24102451061351252,False
cg09911314,-0.444906720896614,0.25950618595561625,0.3522064534261151,False
cg09913449,-0.7765451855936985,-0.15665366771823436,0.46659942665596643,False
cg09920557,0.3150864835322278,0.2348094141630606,0.2749479488476442,False
cg09921821,0.07820294234005495,-0.25892097737120884,0.16856195985563188,False
cg09927251,0.04326673202402969,0.07160474337881677,0.057435737701423226,False
cg09940675,-0.8941665822491269,-0.2001245271495959,0.5471455546993614,False
cg09941017,0.38143088252248436,0.11446507765929513,0.24794798009088975,False
cg09941406,0.4620116841388117,-0.12350625110860881,0.2927589676237103,False
cg09950389,-0.1156354770200961,0.121291085224672,0.11846328112238405,False
cg09956037,-0.37744934874065833,-0.3771247959963763,0.37728707236851733,True
cg09965668,0.12698641623740556,-0.39859101921305284,0.2627887177252292,False
cg09968723,0.8678147391263731,0.3040576393654312,0.5859361892459021,True
cg09972405,-0.11458192448286278,-0.06553966736541282,0.0900607959241378,False
cg09973663,-0.47428534486415097,-0.5361180021471122,0.5052016735056316,True
cg09975620,0.6064623346013237,-0.016269334676778675,0.3113658346390512,False
cg09993021,-0.3848056662219271,-0.44254908411221006,0.4136773751670686,True
cg09993145,0.0227435635965206,-0.29764928712003297,0.16019642535827677,False
cg09997530,-0.2006739354212826,-0.2849663892736033,0.24282016234744294,False
cg10002860,-0.3248372722052613,-0.4020089664493239,0.3634231193272926,True
cg10006956,-0.2429214831538074,-0.6907923324625016,0.4668569078081545,False
cg10007534,0.42023838402694086,-0.6770190630751698,0.5486287235510553,False
cg10012599,-0.6234114983768492,-0.06757496790433183,0.3454932331405905,False
cg10013501,-0.46635483440931147,0.1605111852077386,0.31343300980852506,False
cg10015974,-0.36761924639994714,-0.2134680005645369,0.29054362348224205,False
cg10018933,-0.6430187470745703,-0.5899030556189988,0.6164609013467846,True
cg10019392,-0.20886883442003884,-0.4039664495431215,0.30641764198158017,False
cg10021411,-1.1805984860794065,-0.10233760422573483,0.6414680451525707,False
cg10022248,-0.32676855887303563,0.39902601430914303,0.36289728659108933,False
cg10024484,0.05779499223031323,0.04166160744007334,0.049728299835193286,False
cg10029905,-0.2947103568791291,-0.3964831868657749,0.34559677187245197,False
cg10034364,0.5612740631380426,0.5001798497663151,0.5307269564521788,True
cg10037494,0.6327318385710277,-0.2679831289299174,0.4503574837504725,False
cg10040131,-0.7411767838251686,-0.5924557793101884,0.6668162815676786,True
cg10047173,-0.2542362859612552,-0.28684857988917495,0.27054243292521507,False
cg10069493,0.6204915404133299,-0.13930446724556672,0.37989800382944827,False
cg10069691,-0.7842613056936063,-0.22595828871594156,0.5051097972047739,False
cg10095533,-0.1717503543725927,0.1105074676158035,0.1411289109941981,False
cg10096519,-0.4744151468204932,-0.5169969720844351,0.49570605945246415,True
cg10099827,-0.2920098729067234,0.0047751814522882085,0.14839252717950582,False
cg10103857,0.1545182647954803,-1.0681456625576762,0.6113319636765783,False
cg10106804,0.19781995084305312,-0.28492513121634944,0.2413725410297013,False
cg10108888,-0.2451909048880497,-0.0614608716252862,0.15332588825666796,False
cg10110271,0.09912402906384715,-0.13535034515460304,0.1172371871092251,False
cg10111816,-0.6456221968180522,-0.5375488896352264,0.5915855432266393,True
cg10118908,-0.35430602401236866,-0.2818860073471203,0.3180960156797445,False
cg10120897,-0.7582480447533612,-0.41898971769934595,0.5886188812263535,True
cg10122187,-0.8605392009791891,-1.0046138285178363,0.9325765147485128,True
cg10126205,0.39114505440419683,-0.2508231768276108,0.3209841156159038,False
cg10130374,-0.22250875391146355,-0.6224178865932777,0.4224633202523706,False
cg10133674,-0.28598939743705537,0.15590415247130737,0.22094677495418136,False
cg10140583,0.09869666420050335,-0.04075361485998384,0.06972513953024359,False
cg10141261,-0.38060427410509257,-0.630273751199199,0.5054390126521457,True
cg10143751,-0.15486736936951526,-0.25371132125235923,0.20428934531093723,False
cg10143811,0.875235577143256,0.08407611053117751,0.4796558438372167,False
cg10147394,0.08733797018533894,0.07916145429608328,0.08324971224071111,False
cg10157558,-0.11002262269327083,-0.11432298527996779,0.1121728039866193,False
cg10157926,-0.43550860546842096,-0.5802627118879836,0.5078856586782023,True
cg10168330,-0.8350012851823027,-0.7674649855916078,0.8012331353869553,True
cg10169812,-0.5347220066065749,-0.24331939628809132,0.3890207014473331,False
cg10170654,-0.09749007601214993,0.06276640559756157,0.08012824080485575,False
cg10175203,-0.49054750845554285,-0.09358347631739651,0.29206549238646967,False
cg10178270,-1.2723006313565413,-0.7921419171092055,1.0322212742328734,True
cg10180440,-0.7381535872148921,0.10917210246458568,0.4236628448397389,False
cg10184889,0.6077145589871906,-0.1650742318292695,0.38639439540823006,False
cg10186131,0.007823110309796913,-0.01905072856638694,0.013436919438091926,False
cg10194160,0.6134993265181446,0.35421309457463557,0.4838562105463901,True
cg10196001,-1.0471455742943176,-0.675066434229634,0.8611060042619758,True
cg10202544,-0.7313226910654055,0.09292805778704567,0.4121253744262256,False
cg10207609,0.0928254554583947,0.03932952319585666,0.06607748932712568,False
cg10208609,-1.2679542167462294,-1.0376645138276435,1.1528093652869364,True
cg10214132,-0.11509404312785233,-0.20216042373041196,0.15862723342913215,False
cg10219783,-0.33375722006263125,-0.2151750436921172,0.27446613187737423,False
cg10222823,0.3426386211190371,-0.1576258015622628,0.25013221134064995,False
cg10235116,-0.29216442323537195,-0.023966368406082485,0.1580653958207272,False
cg10235741,-0.38358998337866973,-0.20357685498055736,0.29358341917961356,False
cg10240150,0.47990540279847416,0.3699317468264733,0.42491857481247375,True
cg10241005,-0.5462089388963979,-0.08044146472404912,0.3133252018102235,False
cg10243322,0.17665853517968458,-0.3659589807823473,0.27130875798101595,False
cg10244976,-0.17793623413364681,-0.07402283680236295,0.1259795354680049,False
cg10248785,-0.7191807837541906,-0.5219312826495447,0.6205560332018676,True
cg10249637,-0.02253226323399143,-0.3666031339222391,0.19456769857811526,False
cg10256733,-1.0185554939630002,-0.6243610094874877,0.821458251725244,True
cg10259004,0.5799762145892167,0.9412393789176234,0.76060779675342,True
cg10283825,0.3239034025168259,0.40782119769871844,0.3658623001077722,True
cg10284310,0.030732143726043607,0.07691352353387344,0.05382283362995852,False
cg10287321,-0.8371225650859091,-0.10883122033081129,0.4729768927083602,False
cg10287814,-0.302103677671569,0.5878294237325411,0.44496655070205504,False
cg10301695,-0.45163298939796453,0.05787763144249999,0.25475531042023225,False
cg10305311,0.9660131435463963,0.961296921244767,0.9636550323955817,True
cg10305797,-1.0202013761322906,0.01849506164516288,0.5193482188887267,False
cg10315334,-0.5542318876463332,-0.14921229196001928,0.35172208980317626,False
cg10321119,-0.8377037101140838,-0.15231266725304762,0.4950081886835657,False
cg10330847,-0.6139558212465364,-0.09120260705854366,0.35257921415254,False
cg10331073,-0.459904531978879,-0.23290346741217455,0.34640399969552677,False
cg10332367,-0.572574570168804,-0.20522602176420976,0.3889002959665069,False
cg10336039,0.2439800345063045,0.07356057716208489,0.1587703058341947,False
cg10342963,0.47678152948113706,-0.18351512096251063,0.33014832522182386,False
cg10353108,0.6357919357130459,0.28962372196957015,0.462707828841308,False
cg10356463,-0.13395167570991579,-0.15781522491791294,0.14588345031391436,False
cg10361659,-1.0188611744525065,0.09341685764410136,0.556139016048304,False
cg10367330,-1.2077980815553448,0.029785452183944287,0.6187917668696445,False
cg10369955,-0.2043810117390387,-0.27289829540458166,0.23863965357181016,False
cg10375016,-0.44858383263497104,-0.17123921370006973,0.30991152316752035,False
cg10376161,0.1367566243754769,0.26887589945076856,0.20281626191312274,False
cg10382494,-0.0329315575868982,0.29416253315811225,0.16354704537250522,False
cg10390473,,-0.3069286860770905,,False
cg10393811,-0.03765556587661358,-0.35454204076997253,0.19609880332329305,False
cg10398761,-0.3998702807501192,-0.30691429906891976,0.3533922899095195,True
cg10402321,0.05912687449967546,-0.23683498825158447,0.14798093137562995,False
cg10408731,-0.35745591073380434,-0.7201945220568734,0.5388252163953389,True
cg10410365,-0.299274476600294,-0.6010181313100239,0.450146303955159,False
cg10414881,0.036921037716063476,-0.11295034608597035,0.07493569190101691,False
cg10415442,0.005825216754817556,-0.33195440082301436,0.16888980878891596,False
cg10443146,-0.05622063383000595,0.09389321094162047,0.07505692238581321,False
cg10443421,0.040747520347723755,0.05665025639223489,0.04869888836997932,False
cg10443500,-0.5356097747679374,-0.7251876928971933,0.6303987338325654,True
cg10446356,-0.39579879818037067,-0.17244478221665793,0.2841217901985143,False
cg10449409,-0.9882861793941997,0.09798275884302435,0.5431344691186121,False
cg10451262,-0.4781841938516559,-0.2330435053251731,0.35561384958841447,False
cg10452060,-0.3770264393451813,-0.6169513344680214,0.49698888690660137,True
cg10456459,-0.7980464483353291,-0.2231309439062308,0.51058869612078,False
cg10456990,-0.06686900881895838,-0.531410709289747,0.2991398590543527,False
cg10466421,-0.31023140972987384,-0.018907955280376785,0.16456968250512533,False
cg10467352,-0.05712708085072901,0.2631140438186512,0.16012056233469013,False
cg10469906,-0.3379455146247984,-0.3060514537727595,0.32199848419877897,True
cg10471574,0.7003979802450344,0.04481674584849011,0.3726073630467623,False
cg10473369,-0.36948395558197633,0.15198101712467343,0.2607324863533249,False
cg10480329,0.03640389385643534,0.1632500179537784,0.09982695590510686,False
cg10487428,-0.3935919989126356,0.17279790404971662,0.2831949514811761,False
cg10489672,0.6398894136928445,0.3533927942892915,0.496641103991068,True
cg10499974,0.2815952949843629,-0.004903262019722206,0.14324927850204255,False
cg10501360,-0.2418113013290993,-0.0720289193693132,0.15692011034920625,False
cg10502149,-0.708288146692051,0.044402553934318766,0.3763453503131849,False
cg10505610,-0.9892017528721642,-0.4475519865777585,0.7183768697249613,True
cg10505658,-0.18612690564316545,0.04837540847585616,0.11725115705951081,False
cg10507156,0.23580829627096614,-0.8089894315597792,0.5223988639153727,False
cg10514237,0.009365025703950402,0.10957151208555405,0.05946826889475222,False
cg10521650,-0.780065560138665,-0.6754618893465254,0.7277637247425952,True
cg10531986,-1.0221766646004722,-0.4116122942243561,0.7168944794124141,True
cg10538533,-0.13232854128905674,0.06740780769982105,0.0998681744944389,False
cg10550245,-0.713047981482171,-0.23290136284344976,0.47297467216281036,False
cg10550308,-0.8484157944293361,-0.466673654477994,0.6575447244536651,True
cg10552106,-0.25880469850344284,0.023297007654785942,0.14105085307911439,False
cg10553894,-0.3100200812691187,0.26896597581399717,0.2894930285415579,False
cg10555744,-0.0069335496582391696,0.20853307200947757,0.10773331083385837,False
cg10558740,-0.5874916988167523,-0.27120355234906807,0.4293476255829102,False
cg10571824,0.12040260041934017,0.016599461576946684,0.06850103099814343,False
cg10576280,0.7170165566053993,0.45674021332550985,0.5868783849654546,True
cg10581012,0.08417117037593687,-0.341886934029336,0.21302905220263643,False
cg10581375,-0.7874134077154084,-0.06313952391580273,0.4252764658156055,False
cg10584478,-0.18218677749070117,0.10460596324712684,0.143396370368914,False
cg10585941,0.01815680355385705,-0.13478346011196055,0.0764701318329088,False
cg10587583,-0.6275475501798242,-0.38239631438447297,0.5049719322821487,True
cg10589396,0.31969068845598564,-0.07196422500038523,0.19582745672818544,False
cg10592494,0.15627387670441467,-0.12251973557269959,0.13939680613855712,False
cg10592926,-0.18212803394048974,-0.30788607421213426,0.24500705407631201,False
cg10600367,-0.7308974088025046,-0.2309059527977759,0.4809016808001403,False
cg10607485,0.09502344927704516,0.9553913429236475,0.5252073961003463,False
cg10607603,-0.14210562827800136,-0.7256317726220318,0.4338687004500166,False
cg10611016,-0.23052188936913837,-0.5002757049330714,0.3653987971511049,False
cg10612492,0.3194050048553296,-0.1172433693378316,0.21832418709658058,False
cg10612751,0.45935544553127433,-0.4270609238098287,0.4432081846705515,False
cg10614856,-0.5230442252080054,-0.7730910682710121,0.6480676467395088,True
cg10624395,-0.5363120217457961,-0.08920371909087337,0.3127578704183347,False
cg10626625,-0.45621710874038607,-0.15628389668477957,0.3062505027125828,False
cg10628201,-0.3414507888368342,-0.8328417400973303,0.5871462644670822,True
cg10631356,-0.5946628850109558,0.05565631838504337,0.32515960169799957,False
cg10638604,-0.6429937822382087,-0.41364383186443576,0.5283188070513223,True
cg10640168,0.2748843526963854,0.15288209512099685,0.21388322390869113,False
cg10643493,-0.742909921435488,-0.13813795791229339,0.4405239396738907,False
cg10648455,-0.18524749818017033,-0.4574542367584355,0.3213508674693029,False
cg10658703,-0.9200116188110035,-0.6484743714368545,0.7842429951239289,True
cg10660844,-0.30416690421860876,0.5817114582141929,0.44293918121640086,False
cg10663408,0.4762838343383491,-0.8130025240264936,0.6446431791824214,False
cg10664272,-0.7481910158309187,0.32743506839381664,0.5378130421123677,False
cg10666081,-0.4863147130262891,-0.3273387410691868,0.4068267270477379,True
cg10668363,-0.2768636796191631,0.1160984455376049,0.196481062578384,False
cg10669449,0.3338418838388773,-0.42226646837658083,0.37805417610772907,False
cg10678215,-0.3900005707108214,0.1926649009452116,0.2913327358280165,False
cg10682155,0.19599858119480473,0.08539039312010534,0.14069448715745503,False
cg10690440,0.5013347475988208,-0.5497809280934746,0.5255578378461476,False
cg10699171,-0.5172568034864765,-0.3558384396706271,0.4365476215785518,True
cg10703506,-1.3111821929917717,-0.6696663177360261,0.9904242553638989,True
cg10708271,-0.3382434813178362,-0.5176508814632297,0.42794718139053295,True
cg10709350,-0.2932146037409029,-0.09443061225129572,0.19382260799609932,False
cg10709708,-0.14464080650807482,-0.2640330511778896,0.2043369288429822,False
cg10715905,-0.25912813809567026,0.02989284976619111,0.14451049393093068,False
cg10717148,0.2876846828581971,-0.3879899747584582,0.3378373288083276,False
cg10718056,-0.03267367226047147,-0.14932980602125134,0.0910017391408614,False
cg10721090,-1.448562528590465,-0.3314939520608744,0.8900282403256697,True
cg10730425,0.3212296556702626,-0.24824946714548254,0.2847395614078726,False
cg10743102,-0.1797004032893284,-0.09622478255929344,0.13796259292431093,False
cg10744200,,-1.2542548326628293,,False
cg10754561,0.5343481973861252,-0.4718294806933113,0.5030888390397182,False
cg10761708,-0.5372425095671751,0.4166311427337861,0.4769368261504806,False
cg10762511,-0.2904716232147679,0.029286244044603577,0.15987893362968572,False
cg10765387,-0.4697952754838109,-0.8715514661445511,0.670673370814181,True
cg10766289,-1.3326480282474926,-1.0652970951802807,1.1989725617138867,True
cg10768932,-0.108204111927981,-0.3950832075925597,0.25164365976027037,False
cg10773745,-0.4081765023806759,-0.4472378740518655,0.4277071882162707,True
cg10787442,-0.09981675970973827,0.3429217011884585,0.2213692304490984,False
cg10792302,0.022924513252536312,0.12882214345444434,0.07587332835349032,False
cg10796068,-0.3611699811806473,0.036984505124354854,0.19907724315250108,False
cg10798745,-0.4032118994088663,-0.22550179301778628,0.31435684621332627,False
cg10800989,-1.3708121344038122,-1.1468455623663503,1.2588288483850811,True
cg10802680,-0.3395444393516134,-0.06858494395482422,0.2040646916532188,False
cg10803714,-0.8203112178963087,-0.06830201392102632,0.4443066159086675,False
cg10805850,0.10416004377136891,0.1463830976791462,0.12527157072525755,False
cg10807560,-0.6277327310977998,-0.25485413922568095,0.44129343516174035,False
cg10807894,0.12210940589841573,0.0037410412254606897,0.0629252235619382,False
cg10809134,-0.4625671782685443,-0.2531842326631401,0.35787570546584224,False
cg10813908,-0.38854531161051814,0.03358144529886875,0.21106337845469345,False
cg10817916,-0.022492545841510777,0.24059148326450794,0.13154201455300935,False
cg10819238,-0.4517525742809985,-0.5231828192619095,0.48746769677145396,True
cg10820084,-0.7505289072135026,-0.24824426660064575,0.49938658690707416,False
cg10823804,-0.39389563455091986,0.21223185159013944,0.30306374307052963,False
cg10826999,-0.6549364003970429,-0.2541617487738018,0.4545490745854224,False
cg10827094,-0.34003102940542723,-0.2643640026325757,0.30219751601900147,False
cg10830145,0.2541923188258559,0.08819215120396225,0.17119223501490907,False
cg10830795,-0.5989224842211767,-0.38891429982227715,0.49391839202172694,True
cg10831212,0.04389311197651905,-0.6776727735287503,0.36078294275263467,False
cg10832476,0.07191588209252958,0.6790759586757361,0.3754959203841328,False
cg10837404,-0.30710919625003064,-0.32996339122683077,0.31853629373843073,True
cg10846328,-0.33003026475510544,-0.4954134734523069,0.4127218691037062,True
cg10854528,-0.7650596210086171,-0.49923570197116923,0.6321476614898932,True
cg10858415,-1.112170563374687,-0.3522626142247329,0.73221658879971,True
cg10861751,0.3513792007583362,0.752569619466216,0.5519744101122761,True
cg10861897,0.08190085402752792,0.11231126605945807,0.097106060043493,False
cg10864951,-0.5347743222452244,-0.5758009966028467,0.5552876594240355,True
cg10872847,-0.4035262093582707,0.5052303028459616,0.45437825610211613,False
cg10877430,-0.7657063241206908,-0.08637801311325173,0.4260421686169713,False
cg10881600,-1.0348137639122874,-0.24167700095559091,0.6382453824339391,False
cg10900049,0.5448312718278912,-1.0817978354375741,0.8133145536327326,False
cg10904972,0.09415774908146915,0.027888144928802542,0.061022947005135844,False
cg10911365,-0.5951985157295815,0.28885877908216906,0.4420286474058753,False
cg10912292,-0.210202856348207,-0.03016695377197014,0.12018490506008858,False
cg10916651,0.05998456356571863,-0.11082782500500245,0.08540619428536053,False
cg10926148,0.03836099668246614,-0.6391838628909609,0.3387724297867135,False
cg10928544,-0.32325909391149266,-0.4322590471323308,0.3777590705219117,True
cg10933959,-0.5828770380427085,-0.14490715363336057,0.36389209583803456,False
cg10939650,0.03055389343005041,0.06280003034960036,0.04667696188982538,False
cg10951736,-0.570292606299296,-0.050619617487801805,0.31045611189354894,False
cg10951873,0.04674647485812828,-0.6906944104637514,0.36872044266093984,False
cg10952925,0.2724419618254054,0.7690052802576363,0.5207236210415208,False
cg10954654,-0.8735668485260111,-0.21994356116717476,0.5467552048465929,False
cg10958126,-1.036526629861808,-0.6162273377737895,0.8263769838177988,True
cg10967866,0.1904221964350682,0.3691208449716433,0.27977152070335576,False
cg10970751,0.10415895468472318,-0.6097376102752666,0.3569482824799949,False
cg10977115,0.2565450269675626,-0.36746449989421487,0.31200476343088873,False
cg10983470,-0.6332341598140112,0.05993471880750463,0.34658443931075794,False
cg10983853,0.35350103386301157,0.055333810279900024,0.2044174220714558,False
cg10987788,-0.24111366674879672,0.1621300134426778,0.20162184009573725,False
cg10993460,0.00074483922168917,0.004257232377250783,0.0025010357994699767,False
cg10993488,-0.979607604634365,-0.025373620363918135,0.5024906124991416,False
cg10995297,-1.0847161902714164,-0.4760892762207926,0.7804027332461045,True
cg11002033,0.37611082679733493,0.6582310269980626,0.5171709268976987,True
cg11005831,0.21864059551775414,0.6203489080113418,0.419494751764548,False
cg11010552,-0.20349965977200876,0.4856147794106857,0.3445572195913472,False
cg11011533,0.2445765566748061,0.024926574848573937,0.13475156576169,False
cg11013793,-1.112190681118631,0.15240895568067722,0.6322998183996541,False
cg11018723,0.7287941216387724,0.025009693538872616,0.3769019075888225,False
cg11020333,-0.47677262829132583,-0.21031207329371032,0.34354235079251805,False
cg11037576,-0.2660944564515939,-0.0022542087946771576,0.13417433262313552,False
cg11037787,-0.42646407244826257,-0.2335797459138827,0.33002190918107266,False
cg11055449,-0.7777143351698879,-0.13908902864488729,0.45840168190738756,False
cg11058932,-0.9360141275705872,-0.04245736254195285,0.48923574505627004,False
cg11064454,0.15906500477927918,-0.21438616743959116,0.18672558610943518,False
cg11067179,-0.2860301900939287,0.48065281745747157,0.38334150377570014,False
cg11069338,0.06241653511397729,0.5814791215941767,0.321947828354077,False
cg11070172,-0.3242185703686294,-0.7781438194452814,0.5511811949069554,True
cg11076714,-1.1567966649529853,0.21399467065462185,0.6853956678038036,False
cg11080915,-0.157027873234957,0.18479628625647704,0.17091207974571704,False
cg11081638,-0.9948944173804812,-0.25958736272897004,0.6272408900547256,False
cg11086127,-0.21734196758003327,0.08462410302459786,0.15098303530231555,False
cg11090364,0.06832637796745705,-0.04640904468247368,0.05736771132496536,False
cg11093640,-0.33748557502986726,0.49557748625644066,0.41653153064315396,False
cg11098622,0.505552527318548,-0.47006508889457627,0.48780880810656213,False
cg11112615,-0.6611867857301147,-0.06232649125858327,0.36175663849434897,False
cg11116288,-1.2080880045019984,-0.28005818565814833,0.7440730950800734,False
cg11137673,-0.5375469823432842,-0.26172408257083757,0.3996355324570609,False
cg11143131,0.04968349268050278,-0.4663031054685429,0.25799329907452284,False
cg11152302,-0.10761002345259299,0.3236521529397333,0.21563108819616317,False
cg11152959,-1.104033930572376,-0.5050785817231561,0.8045562561477662,True
cg11153071,-0.09336042835257607,-0.42687112920282766,0.26011577877770187,False
cg11153969,0.0006231921167619797,0.22261462356440143,0.1116189078405817,False
cg11160572,-0.447493885451275,0.02590197384134303,0.236697929646309,False
cg11160673,-0.6990058514746126,-0.46935768832884356,0.5841817699017281,True
cg11162888,-0.3775631954195153,-0.12712361966193392,0.2523434075407246,False
cg11179184,-0.8396755457704739,-0.11125792611200545,0.47546673594123967,False
cg11179518,-0.46117523981815833,0.013999708793034317,0.23758747430559632,False
cg11179625,-0.7204532016936842,-0.10748032530293045,0.4139667634983073,False
cg11186858,-0.5389536872050896,-0.055913980450189,0.2974338338276393,False
cg11193201,-0.356901932845515,-0.14210586670112535,0.2495038997733202,False
cg11199827,0.16376323391949596,-0.67724769409646,0.420505464007978,False
cg11204876,-0.2969702815491922,-0.1203827421670563,0.20867651185812425,False
cg11207270,-1.2643228221164557,-0.8026240407104497,1.0334734314134528,True
cg11210357,0.22410311550522702,0.34999188672510495,0.28704750111516597,False
cg11212451,-0.6878727065286899,-0.09729510569416999,0.39258390611142996,False
cg11223184,-0.33789434487115233,-0.5944474330985184,0.4661708889848354,True
cg11226901,-1.0822429132655285,-1.4573963792676987,1.2698196462666136,True
cg11231069,0.004557723137659407,0.1080978015263345,0.056327762331996954,False
cg11236515,0.04740126012114487,1.0352113647845222,0.5413063124528336,False
cg11239575,-0.7540483682342127,-0.2687874894875166,0.5114179288608647,False
cg11249120,-0.13115258401947172,0.5273678960109515,0.3292602400152116,False
cg11251215,-0.45242342143074094,0.06985677208961273,0.26114009676017685,False
cg11253913,-0.4680514717865505,-0.36581764141430034,0.41693455660042544,True
cg11256445,-0.28904427750839384,-0.42253220452539614,0.355788241016895,False
cg11257888,-0.9250264368414961,0.11380179165410627,0.5194141142478012,False
cg11261655,-1.5254800327788682,-0.14966252468418184,0.837571278731525,False
cg11265836,0.14869539113921093,-0.3073096412735248,0.22800251620636786,False
cg11274337,-0.01396080238323258,-0.2477443185001101,0.13085256044167135,False
cg11276053,0.17303887653072028,0.15436523192150403,0.16370205422611217,False
cg11282844,0.7747905858748558,0.5999353663531636,0.6873629761140096,True
cg11294011,-0.5429943447139461,-0.45603124441285214,0.49951279456339914,True
cg11305134,-0.33396109069765556,-0.4501286922330441,0.3920448914653498,True
cg11308046,-0.6889052525795449,0.14607834695468497,0.4174917997671149,False
cg11310812,-0.004926226963274801,0.046603497246097234,0.025764862104686016,False
cg11310863,-0.9946835667307549,-1.137677022643543,1.066180294687149,True
cg11314274,-0.037357197075317504,-0.16727344224979557,0.10231531966255654,False
cg11314310,-0.06342773931194828,-0.9746538491471675,0.5190407942295578,False
cg11323985,-0.3106813996024825,-0.19190549799947093,0.2512934488009767,False
cg11327657,0.06241677121371822,-0.02616323102190892,0.044290001117813574,False
cg11335172,-0.31381596570453335,-0.04919313481722449,0.18150455026087892,False
cg11336311,-0.19547572055718473,0.004217410925626249,0.09984656574140549,False
cg11337525,-0.1258375601716937,-0.5557238433720268,0.34078070177186026,False
cg11343506,-0.2555256640584829,-0.14422234801589742,0.1998740060371902,False
cg11348106,-0.4492310228828395,0.04150727658552412,0.2453691497341818,False
cg11351958,0.1779979502888922,-0.16948545497215703,0.17374170263052463,False
cg11354682,0.027591046569389783,-0.04674257050455866,0.037166808536974225,False
cg11357013,-0.5863455573613471,0.2232467703368719,0.4047961638491095,False
cg11357542,-0.4872446304218107,-0.346646151943533,0.4169453911826718,True
cg11358405,-0.13386311229055198,-0.7215043758111868,0.4276837440508694,False
cg11361895,-0.39574487050424306,-0.19764105846951863,0.2966929644868809,False
cg11374732,-0.23795481828271897,0.6629989487467788,0.4504768835147489,False
cg11389756,-1.2098576770255813,-0.7427897906381722,0.9763237338318768,True
cg11390541,-0.40387010321936156,-0.10890186518931169,0.2563859842043366,False
cg11391970,-0.058752857487857114,-0.8760888589348632,0.46742085821136015,False
cg11408395,0.15566964686119994,-0.016647099927541608,0.08615837339437077,False
cg11409361,0.1422873879991592,0.27967000194580394,0.21097869497248156,False
cg11411884,-0.4849746045157685,0.0021938696568222695,0.2435842370862954,False
cg11413443,-0.016111984543534682,0.33467737760433586,0.17539468107393527,False
cg11415491,-0.560653614535967,-0.12987046979840042,0.3452620421671837,False
cg11416243,0.3359747435900342,0.11026837677105844,0.22312156018054632,False
cg11417667,-0.6609910386643184,-0.24006755640087638,0.4505292975325974,False
cg11425149,-1.318142171531934,-0.21717735166301996,0.767659761597477,False
cg11432488,-0.7401674264895403,-1.1845154695589768,0.9623414480242585,True
cg11433622,0.8734816179826598,0.35692676439839643,0.6152041911905282,True
cg11434614,-0.3142469654709691,0.04770362966113401,0.18097529756605155,False
cg11436027,-0.2497007777436679,-0.4193816040905605,0.3345411909171142,False
cg11437465,-0.5178077013976459,-0.04674251903566845,0.2822751102166572,False
cg11450827,-0.8946243062652323,-0.2853233260665248,0.5899738161658785,False
cg11452329,-0.9605690674543875,-0.8131849559197716,0.8868770116870796,True
cg11463427,0.5610544875183424,0.3249667793633335,0.44301063344083796,True
cg11464842,-0.7423973565520311,-0.7168601652571148,0.729628760904573,True
cg11465943,0.26327444694758906,0.12764582453681847,0.19546013574220378,False
cg11466837,-0.08689885070128925,0.05047180787224721,0.06868532928676824,False
cg11486865,-0.37342283618599,-0.4923238920796766,0.4328733641328333,True
cg11487526,0.43917559018277674,0.01911324281687978,0.22914441649982825,False
cg11489765,0.29841663684331515,0.8128350489560315,0.5556258428996733,False
cg11492932,-0.3728228187686076,-0.20039526483194436,0.286609041800276,False
cg11494616,-0.46918829719354,-0.630999445917839,0.5500938715556895,True
cg11531557,0.1620776577932296,0.21199408733010702,0.18703587256166831,False
cg11532179,0.5867136097110504,0.5155316369374148,0.5511226233242326,True
cg11532431,0.18283029730122552,0.01687091227400019,0.09985060478761286,False
cg11535839,-0.1751633687614348,0.06550165836982377,0.12033251356562928,False
cg11536474,1.0422502225924606,0.2707296238013771,0.6564899231969188,False
cg11547724,-0.47199320603758377,-0.20828686418283401,0.3401400351102089,False
cg11553868,-0.5860969216626194,0.01320035382622541,0.2996486377444224,False
cg11557901,-0.6661300110693896,-0.7773198159726527,0.7217249135210211,True
cg11566183,-0.26714065414378735,-0.27238286092863867,0.269761757536213,False
cg11568379,-1.2568474012536626,-0.5030666685270445,0.8799570348903536,True
cg11570233,-1.0824739421417664,-0.3571978182010388,0.7198358801714027,True
cg11580575,-0.44322057956538335,-0.09214865358948691,0.26768461657743514,False
cg11584936,-0.6445680867879932,-0.2862719841377004,0.46542003546284677,False
cg11586857,0.30369919594111583,-0.16239071917318448,0.23304495755715016,False
cg11597277,-0.13587189936159189,-0.1336190837290396,0.13474549154531573,False
cg11597902,-0.6514847420755582,-0.6158406423134203,0.6336626921944892,True
cg11599864,-0.36588372129768193,-0.41698880147815054,0.3914362613879162,True
cg11599981,-0.8649451802649651,-0.17826097498027269,0.5216030776226189,False
cg11609668,-1.0245918071591125,-1.1235212623729787,1.0740565347660456,True
cg11611448,-0.3476480483208255,-0.08780976872415557,0.21772890852249055,False
cg11613015,0.4107201324048371,0.4806005197937153,0.4456603260992762,True
cg11615029,-0.3929898980790829,-1.039753330049713,0.716371614064398,True
cg11633126,-0.07047010728546282,-0.0004286696086817066,0.035449388447072266,False
cg11637084,-0.1561011789387919,-0.024591652520374218,0.09034641572958306,False
cg11639950,0.4118352623340458,0.3910117951114442,0.401423528722745,True
cg11640008,-0.30896212262683137,0.12797043022845986,0.2184662764276456,False
cg11641391,-0.048815264743135266,-0.40837017318833985,0.22859271896573755,False
cg11642891,,-1.8375449931442025,,False
cg11661493,-0.434177906489493,-0.3831548554583928,0.4086663809739429,True
cg11668148,-0.6492852550110157,0.10473243920136253,0.37700884710618915,False
cg11671363,0.09867236216800472,-0.5045613723502855,0.3016168672591451,False
cg11675225,0.15507168240583483,0.17819640385284938,0.1666340431293421,False
cg11683242,0.018160182872835343,0.4799953380910875,0.24907776048196142,False
cg11690666,-0.5983237684763593,-0.05714793794748362,0.32773585321192145,False
cg11693019,-0.1636380531048331,0.221360762990512,0.19249940804767254,False
cg11696200,-0.43298394693179204,-0.08224825890838383,0.25761610292008796,False
cg11697440,-0.019785320492197823,-0.6675672603998257,0.3436762904460118,False
cg11699517,-0.12991892784173018,0.20528727938686614,0.16760310361429814,False
cg11707310,-0.8150475965949284,-0.7316693127060578,0.7733584546504931,True
cg11710595,-0.24204946980694378,0.17072599484240317,0.20638773232467347,False
cg11712187,-1.1090769180986926,-0.29147305398105106,0.7002749860398718,False
cg11715147,-0.049568426501792794,-0.5915793903409959,0.3205739084213944,False
cg11717552,-0.25055105369869585,-0.17044152776876312,0.2104962907337295,False
cg11721194,-0.45173073584179874,0.031987612449395866,0.2418591741455973,False
cg11724984,-0.5054955126429995,-0.37391010761904253,0.439702810131021,True
cg11726530,-0.4874732154709678,-0.5086564558659696,0.4980648356684687,True
cg11729019,-0.5721777578450533,0.13164937226240564,0.3519135650537295,False
cg11729107,-0.042331026318428874,-0.583016699408151,0.31267386286328996,False
cg11731793,-1.3354905205557026,-0.12003287585965132,0.727761698207677,False
cg11737030,0.170299895782825,0.09678298933215364,0.13354144255748931,False
cg11738724,-0.8447354900296292,-0.39031263202801625,0.6175240610288227,True
cg11740348,,-1.3662434880831875,,False
cg11749672,0.47516147599192465,0.4676054790431245,0.4713834775175246,True
cg11751101,-0.4306259643943669,0.18478897223975324,0.3077074683170601,False
cg11753157,0.08382350275014909,0.12033069490594105,0.10207709882804507,False
cg11760500,-1.1408165666392762,-0.5023638099292816,0.8215901882842789,True
cg11761622,-0.42378785003513325,-0.497416715994401,0.46060228301476713,True
cg11764937,-0.2375156977013554,-0.002826566515958492,0.12017113210865694,False
cg11771383,-0.3154645100825648,-0.10543392264166533,0.21044921636211508,False
cg11774624,-0.1839954714448123,-0.271433596359171,0.22771453390199164,False
cg11777611,0.034735964322245266,-0.3981679281369676,0.21645194622960645,False
cg11777870,-1.1870218691984158,-0.03481442127630159,0.6109181452373587,False
cg11786459,-0.6875242490832746,-0.15062649924550797,0.4190753741643913,False
cg11787626,-0.2926011479022142,-0.20656933245886996,0.24958524018054207,False
cg11787791,0.13897237119124042,0.49242231802550507,0.31569734460837273,False
cg11802583,-0.6347456151496078,-0.3546763932363288,0.4947110041929683,True
cg11802666,-0.24906848994084066,-0.3218785839400123,0.2854735369404265,False
cg11804414,-0.1506523959163173,0.03222841209596411,0.0914404040061407,False
cg11809342,-0.2540935118169888,-0.1764839464976505,0.21528872915731967,False
cg11813810,-0.32353455459914743,0.1802838998518962,0.2519092272255218,False
cg11814087,-0.17074230225024953,-0.13174608162216198,0.15124419193620575,False
cg11816229,-0.3648897908270724,0.12062692140436453,0.24275835611571847,False
cg11821702,-0.4117953898315227,-0.3486146289087772,0.38020500937014995,True
cg11826008,0.37152299473663203,-0.3626298369683865,0.3670764158525093,False
cg11828104,-0.2055913892424852,0.037540582936131585,0.1215659860893084,False
cg11840035,-0.26182871803722496,-0.09222716030201805,0.1770279391696215,False
cg11844315,-0.3668966164504856,-0.19276134376742476,0.2798289801089552,False
cg11844856,-0.2784447616893103,0.020735786944056575,0.14959027431668345,False
cg11848015,0.27175903680403446,0.057828314097007574,0.164793675450521,False
cg11848483,-0.20378615514629292,-0.19232406401983163,0.19805510958306227,False
cg11851792,-0.050427751641559944,-0.40615277978819553,0.22829026571487773,False
cg11857997,0.8435847949748838,0.2880462146224647,0.5658155047986743,False
cg11862144,,-0.5726281322235575,,False
cg11867552,-0.12048658319416979,-0.3616842497740036,0.24108541648408668,False
cg11870455,-0.7235613756416567,-0.5140945900870626,0.6188279828643597,True
cg11872504,-0.15792411333574488,-0.01207285639887904,0.08499848486731196,False
cg11874976,0.6009630883449288,0.39584732767303704,0.4984052080089829,True
cg11875459,-0.27771649080132654,-0.14908211936910312,0.21339930508521482,False
cg11893955,-0.001775806467061636,0.4011043603697113,0.20144008341838648,False
cg11896104,-0.7537551123852207,-0.028011057462024782,0.3908830849236228,False
cg11899596,-0.938622542281071,-0.03525324424931391,0.48693789326519243,False
cg11900509,-0.07145170846358898,0.018550207465783262,0.04500095796468612,False
cg11904686,-0.4114961121569923,-0.4116133134877222,0.4115547128223572,True
cg11909467,-0.3016408128604314,-0.3543940567371548,0.3280174347987931,True
cg11910759,-0.6082835013953495,-0.1252357315502072,0.3667596164727783,False
cg11915444,-0.4240988680572766,-0.45920926012528573,0.44165406409128116,True
cg11922563,-0.24251832352272207,-0.2023595285031534,0.22243892601293774,False
cg11925907,-0.662976446124728,-0.2724653975172507,0.46772092182098934,False
cg11926444,-0.931835084703472,-0.9085075145625296,0.9201712996330008,True
cg11938080,-0.5494270517158345,0.04183909145464814,0.2956330715852413,False
cg11939496,-0.07832726513467313,-0.018846891659712515,0.04858707839719282,False
cg11944324,-0.8585071320831348,-0.12987371999695627,0.49419042604004554,False
cg11946165,-0.6132171841647663,-0.2034045397392712,0.40831086195201877,False
cg11946583,0.12254402414446125,-0.42629377391360396,0.2744188990290326,False
cg11972721,-0.17210566426676882,-0.11368674963607898,0.1428962069514239,False
cg11977716,0.19756040997788052,-0.43906547606213,0.31831294302000523,False
cg11978441,-0.1363013003888631,0.1523984900636522,0.14434989522625763,False
cg11983325,0.25863443945311865,0.20352622246641836,0.2310803309597685,False
cg11985341,-0.06116480960536272,0.02758960552544399,0.04437720756540335,False
cg11987455,-0.8807940792439773,-0.10176930084685339,0.4912816900454154,False
cg11988476,-1.2573548857419765,-1.0552050913403566,1.1562799885411665,True
cg11991516,-0.20197696665380693,0.20293544116344203,0.20245620390862448,False
cg11993636,-0.141117670049721,0.6022116923886975,0.37166468121920926,False
cg11994630,-0.8112939341864366,0.012527563608991474,0.411910748897714,False
cg12001078,0.2997862049889789,0.03293392640843725,0.16636006569870807,False
cg12006794,-0.8727770604952171,-0.30630316478278863,0.5895401126390029,True
cg12017722,-0.6888495940333639,-0.2543389042872425,0.4715942491603032,False
cg12018777,-0.16802138497695276,0.21767531998828238,0.19284835248261756,False
cg12019109,-0.28680189239464243,0.14265948850161655,0.21473069044812948,False
cg12019801,-0.419394487364445,-0.6233228400251822,0.5213586636948137,True
cg12020396,-0.09663656026392115,0.15063157666322938,0.12363406846357526,False
cg12023625,0.8222733985997506,0.19588476303115976,0.5090790808154552,False
cg12024828,0.06667193303347767,0.17076557951036908,0.11871875627192338,False
cg12026967,-0.3306717308742071,0.2515253206266711,0.2910985257504391,False
cg12027248,0.10698699585542706,-0.07057157133172341,0.08877928359357523,False
cg12031346,-0.9122477013350504,0.04839323636496108,0.48032046885000573,False
cg12032198,-0.19397088771565227,-0.2995469559912802,0.2467589218534662,False
cg12037340,0.03930602997440695,-0.4567385376162252,0.24802228379531607,False
cg12037509,-0.3884286795039819,-0.23864771556317274,0.3135381975335773,False
cg12042590,0.2689681293678794,-0.2908104188642786,0.279889274116079,False
cg12043732,0.08461488718234786,0.5757525584813102,0.33018372283182906,False
cg12044599,-0.9523726336104642,0.8375003115880207,0.8949364725992425,False
cg12047375,-0.4764519866890663,-0.28179491813288876,0.37912345241097756,False
cg12054453,-0.2903512578410352,-0.31799932072027776,0.3041752892806565,False
cg12056017,0.015292906011991608,-0.4632860726907338,0.2392894893513627,False
cg12058385,-0.5904701864637117,-0.5777526666801169,0.5841114265719143,True
cg12058490,-0.4430822562008162,-0.5290755120608477,0.48607888413083195,True
cg12058875,-1.454835415973999,-0.5974470940783659,1.0261412550261824,True
cg12059303,-0.7624054020351095,-0.05188859076250855,0.407146996398809,False
cg12065228,-0.2078560189349083,-0.27727046842661374,0.24256324368076101,False
cg12069132,0.7897836717464882,0.09194068213570729,0.44086217694109775,False
cg12070011,0.38976322042055467,0.18569686975630326,0.287730045088429,False
cg12073436,-0.25106403991289694,-0.3233600523859157,0.2872120461494063,False
cg12074585,0.6829183726814011,-0.058861446948409085,0.3708899098149051,False
cg12076546,-0.6997985260111852,-0.923128923283889,0.8114637246475371,True
cg12077963,0.32766415090397244,-0.49530666695395636,0.4114854089289644,False
cg12081870,-0.203345182625824,0.21209956793614554,0.20772237528098475,False
cg12083644,-0.5488754769870094,-0.3509789754564877,0.4499272262217486,True
cg12087639,-0.35421798931580734,-0.45707778068764066,0.405647885001724,True
cg12089204,-0.3363353895448258,0.40349459520073744,0.3699149923727816,False
cg12092309,-0.1497747169211534,0.07473956288256228,0.11225713990185784,False
cg12101498,0.24741721438873548,-0.038273878775461255,0.14284554658209836,False
cg12102235,0.028972012823283433,0.0846467337708893,0.056809373297086366,False
cg12107530,-0.5697905840825971,-0.7111856505373417,0.6404881173099695,True
cg12111137,0.011944839328000396,0.09379851081618833,0.052871675072094365,False
cg12112151,-0.22694936728729143,-0.4727179816855192,0.34983367448640534,False
cg12112870,0.18240225566511567,0.09407838340684821,0.13824031953598193,False
cg12121075,-0.08082998643227904,-0.2807583450536162,0.1807941657429476,False
cg12121765,-0.11992262094913098,-0.444763953067913,0.28234328700852196,False
cg12123019,0.12732243271569474,-0.061132815068851064,0.0942276238922729,False
cg12128262,-0.3019165565543735,-0.5995865386782588,0.4507515476163162,True
cg12131419,0.049739232215798276,-0.1223255851789942,0.08603240869739623,False
cg12136764,-0.6364288520322531,-0.6975530390096996,0.6669909455209764,True
cg12137206,0.4059182392260122,-0.5529980422522623,0.4794581407391373,False
cg12141218,-0.11325597301596002,0.01960687469404328,0.06643142385500166,False
cg12142865,-0.3235161911712475,-0.3677372952330421,0.3456267432021448,True
cg12149986,-0.1248305425512407,-0.16583476405416764,0.14533265330270417,False
cg12152443,0.1151240731228763,-0.761686854217052,0.43840546366996413,False
cg12156512,-0.170993769248772,0.06847980741265164,0.11973678833071182,False
cg12157761,-0.39344406248098934,-0.1972339826019696,0.2953390225414795,False
cg12159992,-0.629965472193471,-0.28224480989719924,0.4561051410453351,False
cg12168926,-0.34884808386665694,-0.5782457614394056,0.4635469226530313,True
cg12183978,-0.2577213916590608,-0.49279127407374884,0.3752563328664048,False
cg12187098,-0.39887474971953074,-0.13579976434337948,0.2673372570314551,False
cg12199031,-0.64194434047843,-1.0001487453466429,0.8210465429125364,True
cg12200038,0.32353225524532436,-0.25159005567948506,0.2875611554624047,False
cg12201660,-0.6106339702603737,0.4274514079040312,0.5190426890822024,False
cg12203957,-0.970619636981292,-0.91700356369274,0.943811600337016,True
cg12208691,-0.24753281309745379,-0.4206736952946053,0.33410325419602954,False
cg12209042,0.019595125558668946,0.045674640253222244,0.03263488290594559,False
cg12209876,-0.7159843106413363,-0.3775301502471216,0.546757230444229,True
cg12213680,-0.7044892331129085,-0.08851653980491676,0.39650288645891263,False
cg12221087,0.33098751348295247,0.24964015616765584,0.29031383482530415,False
cg12235073,-0.9050230299815727,-0.848595335332728,0.8768091826571504,True
cg12235622,-0.8228376676412618,-0.055734470618203934,0.43928606912973284,False
cg12245867,-0.0808513663510036,-0.41911161125104923,0.2499814888010264,False
cg12250062,-0.879515542219343,-0.23139987478051585,0.5554577084999295,False
cg12253469,-0.42390998431257915,0.008538479653411452,0.21622423198299529,False
cg12253845,-0.5320044198097799,0.22648994263934163,0.37924718122456075,False
cg12254648,-0.6231731630261228,-0.0735264829251852,0.348349822975654,False
cg12260801,,-0.17160863000713403,,False
cg12262395,0.13215178380513112,-0.0940082863808121,0.11308003509297161,False
cg12275871,-0.3861964049025786,0.21751888179985726,0.30185764335121795,False
cg12281517,-0.3281922418854352,-0.335494580606239,0.3318434112458371,True
cg12294633,0.3965611890544428,0.11731241159895167,0.25693680032669725,False
cg12303623,-0.06393209163976125,-0.3036341279619625,0.18378310980086188,False
cg12305588,-0.141475195939172,0.1483164899921337,0.14489584296565283,False
cg12306853,-0.5398574373289416,0.2466225839653972,0.3932400106471694,False
cg12313892,-0.05944942034238092,-0.9323933671524616,0.4959213937474212,False
cg12315959,-0.6799018403555952,0.3228330871885106,0.5013674637720529,False
cg12324598,-0.23965598632662588,-0.4867087831089479,0.36318238471778685,False
cg12329318,-0.32267883482150345,-0.19443634293575784,0.2585575888786307,False
cg12332083,-0.17511470137941237,-0.09743824027229737,0.13627647082585487,False
cg12332526,0.29354510809448153,0.31193834299577167,0.30274172554512657,False
cg12353589,0.07264058204628557,-0.22503578269976127,0.14883818237302343,False
cg12353788,-0.2691286792366377,-0.1700569437569462,0.21959281149679194,False
cg12362508,-0.47287094485333,-0.29742530026472697,0.38514812255902847,False
cg12368188,0.5474081447223591,0.19014823520327104,0.3687781899628151,False
cg12386575,-0.21792327735967068,-0.2727084391477113,0.245315858253691,False
cg12389346,-0.22138174553608234,-1.1117385121218737,0.666560128828978,False
cg12390895,0.33453130625464134,0.016603694733158276,0.1755675004938998,False
cg12391964,0.13960490563294112,-0.4174173304249746,0.27851111802895784,False
cg12404745,-0.3919964080959369,-0.10078411613101713,0.246390262113477,False
cg12405421,0.20814078457678045,-0.14153323143044097,0.1748370080036107,False
cg12413566,-0.13262143628578416,-0.32705177156563653,0.22983660392571034,False
cg12414653,0.4552941244666817,0.40416955467433624,0.429731839570509,True
cg12416416,-0.2967871333090326,0.26662549198674196,0.28170631264788726,False
cg12417807,-0.3546831007813907,0.022572480639769767,0.18862779071058022,False
cg12419318,-0.1157423424704401,0.26440754409987155,0.19007494328515584,False
cg12422199,-0.6391377243757111,0.2307920599635046,0.4349648921696079,False
cg12422539,-0.5607810059051381,-0.8666299448737427,0.7137054753894404,True
cg12423553,-0.7751840730463398,0.1287791163020422,0.451981594674191,False
cg12426092,0.1948432096856917,-0.35010725960151917,0.27247523464360546,False
cg12426496,-0.4433709086452908,-0.38439738290715386,0.41388414577622235,True
cg12429610,-1.0384940186280447,0.029669159021823786,0.5340815888249343,False
cg12432807,-0.12845583323882404,-0.006982081925733059,0.06771895758227854,False
cg12436377,0.2074989944414515,0.04917662959108519,0.12833781201626834,False
cg12443241,-0.16339390210701038,-0.0681338389578427,0.11576387053242654,False
cg12449211,0.3196836037532967,-0.12165047677868397,0.22066704026599032,False
cg12453623,-0.14255311625239245,0.11466127111623967,0.12860719368431606,False
cg12454245,0.02418050060637213,-0.26703196764323844,0.14560623412480528,False
cg12455187,-0.6727691302396246,-0.33150140383958854,0.5021352670396065,True
cg12459932,-0.8160143508978513,0.31711990729677214,0.5665671290973118,False
cg12462916,,-0.39966003505278513,,False
cg12465678,-0.7350921262876211,-0.20867215380553145,0.47188214004657625,False
cg12471053,-0.66970060186356,0.17932377325065774,0.42451218755710884,False
cg12474695,-0.3001728256447832,0.3621379993798761,0.33115541251232966,False
cg12483340,-0.6078681685811819,0.020712342955419565,0.3142902557683007,False
cg12484266,-0.7730790068837975,-0.4853704629983013,0.6292247349410494,True
cg12485793,-0.7822352041783974,-0.2895758429900827,0.53590552358424,False
cg12486498,-1.3736635582474124,-0.5082312123529766,0.9409473853001945,True
cg12492345,-0.13653907252738667,-0.6402678261328897,0.38840344933013815,False
cg12499316,-0.6432088976357415,-0.4945764319028869,0.5688926647693142,True
cg12500857,-0.8206286323247827,-0.5213206460231444,0.6709746391739635,True
cg12500949,-0.2320757489116462,-0.37564266207720454,0.30385920549442536,False
cg12509344,-0.7491730285994268,-0.5399718249482724,0.6445724267738496,True
cg12519783,-0.6081837105354075,-0.280906330113563,0.4445450203244853,False
cg12523691,-0.5163702626503387,-0.15627570801752677,0.33632298533393273,False
cg12524168,-0.30986171177018595,0.2307844003507131,0.27032305606044954,False
cg12528056,0.007833419867628009,-0.37839819494049143,0.19311580740405973,False
cg12531611,-0.6330339236786803,-0.12477844066004694,0.3789061821693636,False
cg12531838,-0.2442496161131694,-0.31981025097429,0.2820299335437297,False
cg12539796,3.257674332218341,1.925962083708975,2.591818207963658,True
cg12547959,-0.4715152968113081,0.4253699684763545,0.44844263264383133,False
cg12554476,0.24098598888000933,0.23115552909452744,0.23607075898726837,False
cg12554857,0.00946188029025646,-0.07088590956597021,0.04017389492811334,False
cg12555086,0.3707622209021918,0.08232962071678945,0.22654592080949063,False
cg12557254,-0.06260226707611942,0.187548940460592,0.12507560376835572,False
cg12557626,-0.6893147442028105,-0.7178252305752268,0.7035699873890187,True
cg12563935,0.38829208778489044,0.2669447923825705,0.3276184400837305,False
cg12564698,-1.112507881891625,-0.40911481311620124,0.7608113475039131,True
cg12565335,-0.6153926875355042,0.16036647860961045,0.3878795830725573,False
cg12573253,-0.5064651720595591,-0.3954540855598711,0.4509596288097151,True
cg12573674,-0.29719874760670995,-0.2809326898395057,0.2890657187231078,False
cg12580743,0.6393670213231197,0.08793218412665922,0.3636496027248895,False
cg12589486,-0.5062065649124924,-0.0267174248615826,0.2664619948870375,False
cg12603453,0.6579537309997766,-0.38008388787789144,0.519018809438834,False
cg12604490,-0.902725198999961,-0.28653382762799834,0.5946295133139796,False
cg12604858,-0.27239122355791007,0.020480376147978235,0.14643579985294414,False
cg12606455,-0.7473932968860963,-1.1840932524100132,0.9657432746480548,True
cg12623735,-0.032523186332514074,0.2773693922049912,0.15494628926875262,False
cg12628070,-0.5409123775652244,-1.0926020219017352,0.8167571997334797,True
cg12630018,-0.7070606703820913,-0.3900455213144053,0.5485530958482483,True
cg12646067,-1.0113243923114192,-0.20353302648344124,0.6074287093974302,False
cg12646952,-0.35530223710059433,0.023769156869628712,0.18953569698511152,False
cg12649539,-0.6458517125647517,-0.04995232928408982,0.34790202092442074,False
cg12650252,-0.9406428969418186,-0.5921216627326936,0.7663822798372562,True
cg12654790,-0.08169303933582558,-0.03420940225973556,0.057951220797780575,False
cg12655059,-0.3635496619232771,-0.5502560739908087,0.4569028679570429,True
cg12655112,-0.041711306968210037,-0.14180433464675932,0.09175782080748468,False
cg12656653,1.1577639534737745,-0.11102020911042756,0.634392081292101,False
cg12661964,-0.16218102724749997,0.3352685814863483,0.24872480436692412,False
cg12673499,-0.37188932408608266,-0.4793955233710914,0.42564242372858707,True
cg12678686,0.18154941436310554,0.3541097598946328,0.2678295871288692,False
cg12682872,-0.5108702273317357,-0.7069139128544821,0.6088920700931089,True
cg12684668,-0.14373641737132503,0.35867891055859563,0.2512076639649603,False
cg12691572,-0.046980551343602475,0.07545769743512354,0.06121912438936301,False
cg12711054,-0.4070379626928926,0.062319928257739944,0.2346789454753163,False
cg12715285,-0.4464596604058991,0.29804014399327255,0.3722499021995858,False
cg12737152,0.12824603307903745,0.07765306650777293,0.10294954979340519,False
cg12742432,-0.23172875949191854,0.04971323359664926,0.1407209965442839,False
cg12744859,0.5273533949026188,-0.15198578404734422,0.3396695894749815,False
cg12748491,-0.6948729906946801,-0.6500453388912278,0.672459164792954,True
cg12749468,-0.3733381895529609,-0.4108084784066083,0.3920733339797846,True
cg12753366,0.539395986277676,0.3101112304510709,0.4247536083643735,True
cg12754495,-0.5178076430593371,0.12195849110329984,0.3198830670813185,False
cg12768523,-1.2976297704673574,-0.2434350006698469,0.7705323855686022,False
cg12775479,-0.2293408200522075,-0.3128427216165175,0.2710917708343625,False
cg12775742,-1.4223446235315873,-0.629542291480454,1.0259434575060207,True
cg12775909,-0.7774389126665165,-0.8284055548621159,0.8029222337643163,True
cg12783819,0.6673314964810269,0.2931911147399682,0.4802613056104975,False
cg12793123,0.38232608525698536,-0.21650068997945526,0.29941338761822034,False
cg12793924,0.6250434646869126,0.45920694300242854,0.5421252038446706,True
cg12795208,-0.718202363412281,-0.25756522700458007,0.48788379520843056,False
cg12798524,0.04711981325655409,-0.3128176428624082,0.17996872805948114,False
cg12809098,-0.26252968953354583,-0.3829851921860154,0.32275744085978064,False
cg12810837,0.21612820651703646,-0.34004919274865275,0.2780886996328446,False
cg12811033,-1.1435178101794448,-0.41073040659985727,0.777124108389651,True
cg12811871,-0.10149328318666039,-0.2127831687139866,0.15713822595032348,False
cg12815916,-0.43335538732426654,-0.3107397807138442,0.37204758401905536,True
cg12815918,-0.5622990930186614,0.01742213629775122,0.28986061465820634,False
cg12827283,0.43101389378085575,0.8721643536983454,0.6515891237396005,True
cg12832565,0.2380692539402028,0.15806112001901598,0.1980651869796094,False
cg12839363,-0.6616344696917895,0.05580784827969821,0.35872115898574386,False
cg12839654,-0.679099797791083,-0.1717115820102995,0.4254056899006913,False
cg12842552,-0.7332054408755577,-0.05747109991854697,0.3953382703970523,False
cg12855166,0.08004202641046264,0.35571960724571206,0.21788081682808735,False
cg12861034,0.321693864470423,-0.3717541454868476,0.3467240049786353,False
cg12865381,-0.03240943826708422,-0.26412922694485325,0.14826933260596872,False
cg12866960,-0.47808409803969065,0.04470179719271434,0.2613929476162025,False
cg12868173,0.26051128014601016,0.45305092668677965,0.3567811034163949,False
cg12871463,-0.4333781152357423,0.06377514373713143,0.24857662948643688,False
cg12883629,0.8185909544840937,0.4535104891329553,0.6360507218085245,True
cg12888113,-0.9823459427712256,-0.8101767271754242,0.8962613349733248,True
cg12893736,-0.9048954339606273,-0.47525068503210743,0.6900730594963673,True
cg12903648,-1.5103553798040419,-0.5926001589747644,1.051477769389403,True
cg12910830,0.15825641434991736,-0.5258445373400773,0.3420504758449973,False
cg12910851,-0.673994585247707,-0.41892230141623144,0.5464584433319692,True
cg12911732,-0.04399691542136162,-0.2475183148496709,0.14575761513551627,False
cg12913832,-0.5118508619403208,0.2589366578958039,0.38539375991806235,False
cg12916671,-0.2832970476092788,-0.2042714876684406,0.24378426763885971,False
cg12922289,-0.23313867141769817,-0.4605419232810232,0.3468402973493607,False
cg12924936,-0.006521207488183329,-0.13610695408793494,0.07131408078805913,False
cg12929678,-0.7293066024073251,-0.25403342238083676,0.4916700123940809,False
cg12939797,-0.26216797751460685,0.14753372278227364,0.20485085014844023,False
cg12940781,-0.6439452464624842,-0.2989852107229145,0.47146522859269935,False
cg12947224,-0.25433373966599554,0.41985372748114386,0.3370937335735697,False
cg12965512,-0.5303206839870538,-0.09082431440290965,0.3105724991949817,False
cg12976793,-0.5722492910496347,-0.020537322101301044,0.29639330657546786,False
cg12980419,-0.5429407384717426,-0.05589712507266958,0.2994189317722061,False
cg12989342,-0.29981179826984666,-0.16249854279168294,0.2311551705307648,False
cg12992671,-1.2126865272322462,-0.8905850968572159,1.051635812044731,True
cg13001012,-0.710265039744205,0.2074906583184922,0.4588778490313486,False
cg13004280,-0.4060504360657562,-0.18320719675908423,0.2946288164124202,False
cg13007502,-0.5634878141861657,-0.6601266778585212,0.6118072460223434,True
cg13011976,0.1598615962176416,0.33075686500973794,0.24530923061368975,False
cg13015616,-0.7583152273559504,-0.3748197718596503,0.5665674996078003,True
cg13030503,-0.6609500353955778,-0.47920878761940994,0.5700794115074939,True
cg13043400,-0.7893119801197076,-0.08668376311822498,0.4379978716189663,False
cg13044675,0.1016827418631598,-0.17920527819506668,0.14044401002911325,False
cg13052101,-0.4401271008046636,-0.3435254880097366,0.39182629440720007,True
cg13053595,-1.4187862806847449,-1.1466153227409535,1.2827008017128492,True
cg13058457,0.4935026409066869,0.3782610709936843,0.4358818559501856,True
cg13060642,-0.24520376799492108,0.10648145565532346,0.17584261182512229,False
cg13068653,-0.30513979080053844,0.2408464783419425,0.27299313457124047,False
cg13079123,-0.0898758273985827,-0.3093844061825664,0.19963011679057455,False
cg13079571,-0.5430131591503802,0.30920140767883497,0.4261072834146076,False
cg13084677,0.09601266466402987,-0.33680699450864604,0.21640982958633795,False
cg13089599,-0.4640294873038188,-0.029755581771170967,0.2468925345374949,False
cg13092806,1.0520787150757214,0.4273619577103428,0.739720336393032,True
cg13093111,-0.3328289149068127,0.18082930912157136,0.256829112014192,False
cg13096701,-0.5042511897819156,-0.6280073386479637,0.5661292642149396,True
cg13120814,-0.05480841080704571,0.06238693402592584,0.05859767241648578,False
cg13149245,0.5719901443974428,0.14164633294163828,0.35681823866954054,False
cg13157980,-0.21532369651644717,-0.12074019272034052,0.16803194461839385,False
cg13159929,0.02497024245359214,0.1831124212197916,0.10404133183669187,False
cg13168221,-0.048266191646343826,0.245855703855783,0.14706094775106343,False
cg13170235,-0.8834048460701659,0.17812469860640126,0.5307647723382836,False
cg13175786,-1.4079136443731435,-0.2986738976455524,0.853293771009348,False
cg13178361,-0.15396994681505613,0.24376082087652276,0.19886538384578945,False
cg13181284,-0.19986793853885154,-0.21826872711378825,0.2090683328263199,False
cg13181974,-0.17338413300436736,0.3387219336228137,0.25605303331359053,False
cg13189671,-0.718425670299598,-0.1534062088148146,0.4359159395572063,False
cg13195218,0.7098997907241409,-0.2822774578963897,0.4960886243102653,False
cg13209739,-0.278033637117371,-0.12377578100643931,0.20090470906190516,False
cg13211559,0.1637910629513555,0.41380011601610284,0.2887955894837292,False
cg13217451,-0.04141185432775376,0.9177287242553946,0.4795702892915742,False
cg13225830,0.15276789799771218,-0.05630584699854111,0.10453687249812664,False
cg13228041,-0.04244379372747814,0.1981152154343439,0.12027950458091102,False
cg13228431,0.4635000912660931,0.2713172260187598,0.36740865864242644,False
cg13240326,0.3238091121780477,-0.012726864063156741,0.16826798812060223,False
cg13241681,-0.6246779126229536,-0.9165850036568151,0.7706314581398843,True
cg13253153,0.07147039068037742,-0.6978158183872231,0.38464310453380024,False
cg13255542,-0.5379311515519066,-0.48292586148103267,0.5104285065164696,True
cg13265572,0.013805774282877237,-0.14839591525938933,0.08110084477113329,False
cg13276502,0.36940603486474954,0.055087514503917016,0.21224677468433328,False
cg13285004,-0.35456142538299806,0.47539494730216053,0.4149781863425793,False
cg13292607,-0.1479425659271756,-0.03491186810483921,0.09142721701600741,False
cg13294849,-0.21170555202066857,0.07785154151614006,0.14477854676840432,False
cg13306478,-0.4363491206261892,-0.36565720381857847,0.40100316222238386,True
cg13309174,-0.5813774392597619,-0.4162173394989792,0.49879738937937057,True
cg13314863,-0.5658422947150239,0.13519034336928099,0.3505163190421524,False
cg13320257,-0.12386848225804313,-0.7027575763985783,0.4133130293283107,False
cg13350783,-0.6031102891257368,-0.17716324020250127,0.39013676466411906,False
cg13353325,-0.02330853073017317,-0.8463467527592815,0.4348276417447273,False
cg13355032,-0.7318944858919695,-0.2070408385962391,0.4694676622441043,False
cg13356455,-0.6662755108279698,-0.3453134907546654,0.5057945007913176,True
cg13363640,-1.335522330237295,-0.4676998550195938,0.9016110926284444,True
cg13364558,-0.6644094522701002,-0.2820748003455845,0.47324212630784235,False
cg13370010,-0.20589029771251302,-0.3037597459599363,0.2548250218362247,False
cg13375187,0.4887543957263625,-0.14149153505837567,0.31512296539236906,False
cg13376104,-0.3357763942862353,0.23806019575247553,0.2869182950193554,False
cg13390570,-0.11554985391050819,0.18000542776050554,0.14777764083550687,False
cg13392184,-0.26622591514220356,0.09824429565091979,0.18223510539656168,False
cg13395373,-0.5705353037453997,-0.28930586749130943,0.42992058561835456,False
cg13396713,-1.263586734585899,-0.1279357968225728,0.6957612657042359,False
cg13400443,-0.23574080352190407,0.27648846877648164,0.25611463614919283,False
cg13403369,-0.1895258884709315,0.02907590766797166,0.10930089806945158,False
cg13406893,0.1430657914653924,0.3478929078953106,0.24547934968035148,False
cg13410390,-1.6017353121595492,-0.3980349127023256,0.9998851124309374,True
cg13411507,-0.7916463851687685,-0.3612125218667827,0.5764294535177756,True
cg13411789,0.7318345698305316,0.6748301563142407,0.7033323630723862,True
cg13414750,-0.9492673824962635,-0.6428823434189329,0.7960748629575982,True
cg13415242,-0.6783035252771823,-0.3288760685572273,0.5035897969172047,True
cg13429555,-0.23625041869849217,-0.18992904485145884,0.2130897317749755,False
cg13430376,-1.0109635768088139,-0.36396106334143097,0.6874623200751224,True
cg13430807,-0.3187450795544256,0.3163549822518161,0.31755003090312084,False
cg13432010,-0.8203871258681805,-0.916217323347164,0.8683022246076723,True
cg13434497,-0.7892617678962872,-0.26286912173474064,0.526065444815514,False
cg13441142,0.1669962953425295,0.11114164436145171,0.1390689698519906,False
cg13446874,-0.7231634023738924,0.05430565224899512,0.38873452731144376,False
cg13448625,-0.2021978519987989,-0.02949587165179417,0.11584686182529653,False
cg13448978,0.21278585299584407,-0.493180030412989,0.3529829417044166,False
cg13451886,0.20116291917289153,0.011233764644821549,0.10619834190885653,False
cg13452923,-0.3013609696907262,-0.10306147234649851,0.20221122101861233,False
cg13453904,0.5926153836110767,0.5193294462908239,0.5559724149509503,True
cg13454542,-0.3478783658110702,-0.18658379566274205,0.2672310807369061,False
cg13458253,-0.5924046677599164,-0.36415801427807987,0.4782813410189981,True
cg13459217,-0.18245158916019563,-0.02752341088734416,0.1049875000237699,False
cg13460121,0.15986682219838272,0.32871621103010434,0.24429151661424353,False
cg13460556,0.014938477694350964,-0.47403688419065837,0.24448768094250467,False
cg13461622,-0.761842995833188,-0.6473563750228154,0.7045996854280017,True
cg13462909,-0.3523956764489842,-0.8024660520968367,0.5774308642729105,True
cg13466002,-0.03486531311994257,-0.32973742514042625,0.1823013691301844,False
cg13468144,-0.4413431945773381,-0.1550639599240885,0.29820357725071334,False
cg13468685,0.3290105435104988,-0.5126825032425282,0.4208465233765135,False
cg13473894,-0.4107736957265764,-0.2339034003844459,0.32233854805551115,False
cg13476204,-0.5398408688008332,0.3258225641963928,0.43283171649861296,False
cg13482010,-0.519864797536245,-0.10180736283794063,0.31083608018709286,False
cg13483984,-0.6838440766567573,-0.8219909988627854,0.7529175377597713,True
cg13484324,-0.1404163022647085,-0.4819916130138502,0.3112039576392793,False
cg13486082,0.154695759811143,0.041988067901189315,0.09834191385616615,False
cg13486532,0.24212100911073625,-0.509060858158287,0.3755909336345117,False
cg13488851,-1.0764643244531815,-0.6629909307323437,0.8697276275927626,True
cg13490117,0.16037079397829337,-0.0070751091561396615,0.08372295156721651,False
cg13490979,-0.02580407137657513,-0.37110140774974093,0.19845273956315804,False
cg13491945,-0.1779200278897714,-0.16137172217385928,0.16964587503181533,False
cg13495918,-0.7838332730207204,-1.251787721767086,1.0178104973939033,True
cg13495928,-0.6275065781342799,-0.018557933810256534,0.3230322559722682,False
cg13496119,0.2448822096172535,-0.6567550793692025,0.450818644493228,False
cg13500029,0.07699943081949558,-0.08044747768337349,0.07872345425143454,False
cg13500819,-0.3924987302862385,0.18293222651829877,0.28771547840226863,False
cg13501202,-0.19344417698112049,-0.1074783527749856,0.15046126487805306,False
cg13502716,-0.254258706776209,-0.07112183233636561,0.1626902695562873,False
cg13502931,-0.7220676352264881,-0.37541323929227116,0.5487404372593796,True
cg13507489,-0.4178851595636703,-0.1950411949216903,0.3064631772426803,False
cg13509918,0.17154160035279775,-0.7666978670565436,0.4691197337046707,False
cg13513411,-0.9459053838736715,-0.7735161252288734,0.8597107545512724,True
cg13517866,-0.13580089520904748,-0.9258260567943863,0.5308134760017169,False
cg13518121,-0.38998599891266755,0.09920749595496162,0.2445967474338146,False
cg13519900,-0.4500227303622786,0.06727539824179452,0.25864906430203655,False
cg13521018,0.12601247102677,-0.5688163233329376,0.3474143971798538,False
cg13521048,0.20606756062653983,0.45341554796430306,0.32974155429542146,False
cg13522776,-0.10220640185101146,-0.1889999261612696,0.14560316400614054,False
cg13527922,0.4439229752044941,0.0876750345961659,0.26579900490033,False
cg13531735,-0.5480176532921511,-0.5603128603640716,0.5541652568281114,True
cg13537346,-0.10238744078490239,-0.06213700222189143,0.0822622215033969,False
cg13539203,0.04814339765214208,0.2469432211143839,0.147543309383263,False
cg13544006,0.2974661919817892,-0.29273239758256464,0.2950992947821769,False
cg13544966,-0.31954651893641417,0.04697608643492364,0.1832613026856689,False
cg13545089,0.19307064458779727,-0.7241267551837729,0.45859869988578505,False
cg13545717,-0.23756144697602052,0.30408461920602997,0.27082303309102523,False
cg13549461,-0.37768370609765023,-0.29430526164865384,0.335994483873152,False
cg13553455,-0.48726569719137575,-0.0027864885910616716,0.2450260928912187,False
cg13554018,0.006176287155538204,0.12690777776471976,0.06654203246012898,False
cg13561081,-1.4858607884893207,-0.5938208503191984,1.0398408194042594,True
cg13573115,-0.8652956403445804,-0.445214313342903,0.6552549768437417,True
cg13573582,0.036827013746692894,0.11662460792371683,0.07672581083520486,False
cg13573653,-0.43953126997281605,-0.6261995722774175,0.5328654211251168,True
cg13573980,-0.5654062982486443,-0.35227009899308,0.45883819862086217,True
cg13574099,-0.01390666903760215,-0.4251760109468454,0.21954133999222375,False
cg13584531,-0.13815576989904463,-0.006312038713191886,0.07223390430611826,False
cg13586038,-0.4690283456359082,-0.08451576100595652,0.27677205332093235,False
cg13587802,-0.28188918647852806,-0.21626481075154852,0.2490769986150383,False
cg13595556,-0.08711544923596122,0.2802353735820649,0.18367541140901306,False
cg13603599,0.09706218768178541,-0.26928696410978004,0.18317457589578273,False
cg13606287,-0.1712292340511559,0.14444642117736262,0.15783782761425924,False
cg13607242,-0.28902629075408465,0.0736379741087196,0.18133213243140212,False
cg13613174,0.1757661700571255,-0.016293849350865374,0.09603000970399543,False
cg13617280,-0.21759092132647775,-0.1357646604989128,0.17667779091269528,False
cg13617561,-0.38957058120571664,0.49552981684487957,0.44255019902529813,False
cg13618516,-0.06541292021094797,0.4895131476023532,0.2774630339066506,False
cg13618969,-0.46311338796388074,-0.3153203858752782,0.38921688691957945,True
cg13619891,0.7751905990267552,0.5376885988658362,0.6564395989462957,True
cg13625403,-0.22922057835193346,0.36881800592868347,0.2990192921403085,False
cg13629563,0.6128972827170013,-0.6236882943936239,0.6182927885553127,False
cg13630239,0.12038806399991657,0.4041957186296996,0.26229189131480807,False
cg13633625,0.19796725531554152,0.03796043601653302,0.11796384566603726,False
cg13637886,-0.5637583467481161,0.13279111526330667,0.3482747310057114,False
cg13639016,0.07418157625558267,0.08883528508658683,0.08150843067108475,False
cg13643452,-0.060116805237352695,-0.04073639973075127,0.05042660248405198,False
cg13645409,0.34075108040225605,-0.12685828891921125,0.23380468466073365,False
cg13651908,-0.40718510605590064,0.6866736749033842,0.5469293904796424,False
cg13652954,-1.1113315078632209,-0.47807305982352394,0.7947022838433724,True
cg13654884,-0.0038964705714499524,-0.6575101398206015,0.3307033051960257,False
cg13657981,-0.243888947627895,-0.01661130381342823,0.1302501257206616,False
cg13662530,0.1408166279966864,0.14458466988267138,0.14270064893967888,False
cg13663978,-0.9645166398382871,-0.41001923342366187,0.6872679366309744,True
cg13666005,-0.41766975909515763,-0.21362391570738548,0.31564683740127153,False
cg13668207,0.19363192228902784,-0.04382859486828513,0.11873025857865649,False
cg13669740,-0.1739877683776424,-0.2068861503628723,0.19043695937025734,False
cg13675957,-1.0322039879608043,0.268143158737837,0.6501735733493206,False
cg13683667,-0.7502446727352907,-0.1366270059096398,0.4434358393224653,False
cg13686847,0.2688755567097111,-0.1224381646767522,0.19565686069323163,False
cg13687935,0.21633015800325983,-0.0701273022286294,0.1432287301159446,False
cg13693582,-0.5414619093179578,-0.21253280148880901,0.3769973554033834,False
cg13705674,0.20347527655681644,-0.5449936056102458,0.3742344410835311,False
cg13706784,-0.31547627056743005,0.3727527502050277,0.34411451038622887,False
cg13728108,-0.5795473698304101,-0.10852970750544408,0.3440385386679271,False
cg13728376,-0.05170157514319248,0.11200160554197941,0.08185159034258595,False
cg13729548,-0.15525858213678823,-0.18474492756857874,0.17000175485268348,False
cg13733394,-0.627857869865465,-0.7055300604329318,0.6666939651491983,True
cg13733923,-1.1848890547326143,-1.2690092642917994,1.2269491595122068,True
cg13735557,0.01566791373548126,0.11824963860958744,0.06695877617253435,False
cg13737776,-0.815203055167539,0.014920977875505876,0.4150620165215224,False
cg13738327,-0.4333974473949241,-0.3033673799745719,0.368382413684748,True
cg13738571,0.055927099906177245,0.3375522601079633,0.19673968000707026,False
cg13745692,-0.9448528088790796,-0.035324433302395576,0.4900886210907376,False
cg13747435,-0.47285840712026117,0.28432759507764177,0.37859300109895144,False
cg13749508,0.14646165889880583,-0.1699739779115995,0.15821781840520266,False
cg13750061,-0.3193058663354972,-0.6069748874701321,0.4631403769028146,True
cg13758960,-0.765800993745481,-0.7369468566819755,0.7513739252137283,True
cg13759446,-0.7570660585830288,-0.041921367454807415,0.3994937130189181,False
cg13764850,-0.6034229894201041,-0.36398989300892126,0.4837064412145127,True
cg13765961,-0.3289700654827431,0.03599436295406721,0.18248221421840516,False
cg13768347,-0.25535671077799976,0.27918868610350983,0.2672726984407548,False
cg13774505,,-0.6293496022050047,,False
cg13775629,-0.25624166739583565,0.2107812736954944,0.233511470545665,False
cg13777287,-0.34973666283019056,-0.32832739539776495,0.3390320291139778,True
cg13778140,-0.314959579703196,-0.45762722214209434,0.3862934009226452,True
cg13785123,-0.05658106997189683,0.2262523311903326,0.14141670058111472,False
cg13804171,0.39476163978838025,0.10106410323990563,0.24791287151414293,False
cg13805951,-0.4825482259929619,-0.07197245760939172,0.2772603418011768,False
cg13808936,0.12005804243032307,0.06991383711285312,0.09498593977158809,False
cg13810457,-0.42170370524391837,0.068276677533641,0.2449901913887797,False
cg13811328,-0.7302988450243028,-0.4404649047733474,0.5853818748988251,True
cg13815684,-0.01899633631531361,0.39739156153014915,0.20819394892273138,False
cg13821287,-0.381125124312005,-0.5655589242961845,0.4733420243040948,True
cg13823257,-0.427707393574977,-0.42721807962922903,0.427462736602103,True
cg13824319,0.18204270374180292,-0.15408241466592207,0.16806255920386248,False
cg13826564,-2.150993645760344,-0.591072860835529,1.3710332532979366,True
cg13828375,-0.42861414411923127,-0.12127856024617002,0.27494635218270064,False
cg13831106,-0.17958731131464872,-0.102903792079003,0.14124555169682587,False
cg13833527,-0.7910368060510856,-0.3774723954784277,0.5842546007647567,True
cg13846344,-0.4629436928342737,0.09635956828487631,0.27965163055957504,False
cg13846675,0.09995454534988839,-0.36564534074680827,0.23279994304834833,False
cg13851334,-0.21469677763609693,-0.9339839398363934,0.5743403587362451,False
cg13852536,-0.18222127525062914,-0.4242281694030439,0.3032247223268365,False
cg13853198,0.27003220944943956,-0.17661268768260094,0.22332244856602024,False
cg13853734,-0.14896565321114846,0.10658712842731038,0.12777639081922942,False
cg13857569,0.22194482152792036,-0.3531684770485431,0.2875566492882317,False
cg13858127,0.3224649707037897,-0.6977760829454315,0.5101205268246106,False
cg13860006,0.6226283428903686,0.024871454364222775,0.3237498986272957,False
cg13862853,0.2826691311517568,0.18110893463929711,0.23188903289552695,False
cg13863204,-0.46462172889746894,-0.33843591773189086,0.4015288233146799,True
cg13867039,-0.30803122656004284,0.0626473183178892,0.18533927243896603,False
cg13868216,-0.49960806886702824,-0.05616199847359882,0.27788503367031353,False
cg13871565,0.35610789613580496,-0.2937771360021284,0.3249425160689667,False
cg13880167,-0.5210991547270751,-0.397753634088896,0.4594263944079856,True
cg13888445,-0.2857107810251829,-0.07536873495716855,0.18053975799117572,False
cg13900737,-0.5347890428912838,-0.5736779388606874,0.5542334908759856,True
cg13902069,-0.5433352831822494,0.09232513167662006,0.31783020742943474,False
cg13904508,-0.2206896980410297,-0.31705390283397383,0.26887180043750175,False
cg13905298,-0.033425350625922355,0.06998718684344422,0.051706268734683286,False
cg13906823,0.2518339945518453,-0.10898161760463125,0.18040780607823828,False
cg13909661,-0.3756609671533244,-1.0710809679675382,0.7233709675604313,True
cg13914486,-0.26407654171136036,-0.11615007005774089,0.1901133058845506,False
cg13915752,-0.5682744917881699,-0.4370430519359465,0.5026587718620582,True
cg13918228,-0.814134321540123,-0.6233315359175504,0.7187329287288367,True
cg13918314,-0.3272378450641456,0.33158677603893755,0.3294123105515416,False
cg13922935,-0.23758850948125523,-0.052133195734739436,0.14486085260799733,False
cg13924996,0.3974528509786537,0.10004713070829169,0.24874999084347268,False
cg13926174,0.33530440726245997,0.19805211856407934,0.2666782629132697,False
cg13928485,-0.08482955294609665,0.1578439043100913,0.12133672862809397,False
cg13929970,-1.0187288873987204,-0.6927403636840371,0.8557346255413787,True
cg13931640,0.2067582975166209,0.3166849936246361,0.2617216455706285,False
cg13932501,-0.5143823835830524,-0.22170477101816136,0.3680435773006069,False
cg13945107,0.2867008611076423,0.12657204028706479,0.20663645069735354,False
cg13945749,-0.7027119028962467,-0.6358350757325525,0.6692734893143997,True
cg13960126,-0.8360998219416604,-0.7323554480324836,0.784227634987072,True
cg13964746,-0.04180815595105298,-0.14443775557823998,0.09312295576464648,False
cg13967936,-0.5538710839886364,0.28948858012705253,0.42167983205784443,False
cg13968061,-0.7609782375586741,-0.21924887908159352,0.4901135583201338,False
cg13974894,-0.06546424612508056,-0.28873816297335114,0.17710120454921585,False
cg13977235,-0.3969841777529358,-0.2276265832177143,0.3123053804853251,False
cg13980609,-0.1844020945610004,-0.26410191990792387,0.22425200723446215,False
cg13981319,-1.121350104457545,0.007242957470376475,0.5642965309639607,False
cg13982601,-0.6948914358187956,-0.5136262193982001,0.6042588276084979,True
cg13984169,-1.0645791249959922,-0.061594293254022124,0.5630867091250071,False
cg13984928,-0.10868438339578922,-0.6188456714364008,0.363765027416095,False
cg13986860,-1.2409671872619021,-0.27933915074774424,0.7601531690048232,False
cg13990351,0.7903548451175421,0.0056571303745152094,0.39800598774602863,False
cg13995453,-0.21833717068266478,-0.5265783177641826,0.3724577442234237,False
cg13995599,0.8351716427821038,-1.397187010652861,1.1161793267174824,False
cg13998890,0.1583617176694047,0.27786777957238035,0.21811474862089253,False
cg14001486,-0.3277023263814679,0.2269200621375854,0.27731119425952666,False
cg14004847,0.6107395987920732,-0.10410051757583114,0.35742005818395217,False
cg14011789,-0.010998746662787847,-0.5902130429439304,0.30060589480335914,False
cg14017077,-0.8716436288517495,-0.3624613186166825,0.617052473734216,True
cg14019323,0.9665809601539692,0.5705219099084958,0.7685514350312326,True
cg14023985,-1.1642123443211054,-0.5612614705139695,0.8627369074175375,True
cg14024788,-0.21740051615583936,-0.47206334810378925,0.3447319321298143,False
cg14028598,-0.5638566477538693,-0.03292090538183764,0.2983887765678535,False
cg14030593,-0.9785764567759748,-0.44326765079801056,0.7109220537869927,True
cg14030719,-1.1225298292966297,-0.7688759202324469,0.9457028747645383,True
cg14031465,-0.30280417910700264,0.06419477989964367,0.18349947950332315,False
cg14036303,-0.4320089690265095,-0.4180047995336407,0.4250068842800751,True
cg14041812,-0.5436603659879804,-0.4576821088214596,0.50067123740472,True
cg14044874,-0.26166461602199564,-0.22471460276151953,0.2431896093917576,False
cg14046477,0.3401590420272194,0.09775211468950024,0.21895557835835983,False
cg14049634,-0.35553543743111765,0.352019455899715,0.35377744666541633,False
cg14050824,-0.38776609745107204,-0.5713209217727337,0.4795435096119029,True
cg14054883,0.8081991847942452,-0.03729461515770094,0.4227468999759731,False
cg14057303,-0.7158154621044194,-0.02050883785873665,0.36816214998157804,False
cg14058851,-0.10251880499670707,-0.003397097245361138,0.0529579511210341,False
cg14058861,-0.8775682486527486,0.018226087608062037,0.4478971681304053,False
cg14059339,-0.8587327203050336,-0.6235316276995236,0.7411321740022786,True
cg14060402,-0.21779488163142044,-0.3172196564286564,0.2675072690300384,False
cg14060898,0.0678427968899562,-0.19181142353322778,0.129827110211592,False
cg14066207,0.5365679862362851,0.03523079780588141,0.2858993920210833,False
cg14066298,0.3252071656598787,-0.22556392361922223,0.27538554463955045,False
cg14074486,0.17041745443553855,0.27433885396283936,0.22237815419918894,False
cg14074896,-1.087583997769514,-0.6094790880070785,0.8485315428882962,True
cg14075627,-0.8078099458574297,-0.5151136879530058,0.6614618169052178,True
cg14075645,-0.4201693956483492,0.5823627519118448,0.501266073780097,False
cg14078687,-0.4436263585986413,-0.3555573026254372,0.3995918306120393,True
cg14083603,-0.32566522937985043,0.4015887544670418,0.3636269919234461,False
cg14084609,-1.106950012852278,-0.08089429188847469,0.5939221523703764,False
cg14086952,-0.9289608119042141,-0.34656651004626704,0.6377636609752406,True
cg14088921,1.1679877164715402,1.061763123391926,1.114875419931733,True
cg14090389,-0.9138259701826296,-0.006949741975292473,0.46038785607896104,False
cg14091677,-0.563199120592455,0.445127365291115,0.504163242941785,False
cg14093018,-0.8852924416449048,-0.06575185048071004,0.47552214606280746,False
cg14094409,0.15426625207973887,-0.10638277751152889,0.1303245147956339,False
cg14094498,-0.0473076265965619,0.04660055054791845,0.04695408857224018,False
cg14095720,-0.2777486508942544,-0.07323097624466539,0.1754898135694599,False
cg14097046,-1.1625560663948038,-0.3397534742832977,0.7511547703390508,True
cg14099812,-0.49316978089786045,-0.06879251810532859,0.28098114950159453,False
cg14101485,0.018200872029564726,-0.22663864539871773,0.12241975871414122,False
cg14102880,-0.1777157107600038,-0.42051354712894956,0.2991146289444767,False
cg14104148,-0.3534300983433377,-0.1948137730742291,0.2741219357087834,False
cg14108492,-0.5760300422147873,-0.3928638664301481,0.48444695432246765,True
cg14108894,-0.22419271797225535,-0.12128940193924442,0.1727410599557499,False
cg14129053,-0.9012067562966032,-0.6728038590440947,0.7870053076703489,True
cg14136214,-0.795644832655106,-0.10363574972728207,0.44964029119119403,False
cg14138235,0.5457474185930339,0.4845930259486163,0.5151702222708251,True
cg14151166,-0.7685468164174258,-0.3332303229797925,0.5508885696986092,True
cg14151976,-0.17382859842583817,-0.14667313261544201,0.1602508655206401,False
cg14164596,-0.8210965325885279,-0.17338344564186528,0.49723998911519657,False
cg14166189,-1.47214548562391,-0.9070344017864255,1.1895899437051678,True
cg14181576,0.20659815295769804,-0.3444598230264402,0.2755289879920691,False
cg14182610,0.04907123646660083,-0.09512851780934228,0.07209987713797156,False
cg14184369,-0.03679371529657724,0.0945343271162076,0.06566402120639242,False
cg14185860,0.07038870423770245,0.0342271329840751,0.05230791861088878,False
cg14185957,0.44466927505347414,0.11433301753794704,0.2795011462957106,False
cg14190128,-0.6007766225141297,0.0012834194258081163,0.3010300209699689,False
cg14196395,-1.0041999237498045,0.0647113687356433,0.5344556462427239,False
cg14200211,-0.6777944585631549,-0.6248268880314984,0.6513106732973266,True
cg14203426,0.41222673479777755,-0.09031113794335095,0.25126893637056424,False
cg14204784,0.2631592574019422,-0.12394835361180494,0.19355380550687357,False
cg14206626,-0.3093509836527937,0.3108360608861644,0.31009352226947906,False
cg14208013,0.019735675053822586,-0.38421505258180505,0.2019753638178138,False
cg14208859,-0.2143603959252156,-0.051247722514244864,0.13280405921973024,False
cg14209186,0.0251268649809791,0.3220098080074906,0.17356833649423486,False
cg14216672,-0.5958272796073838,0.31853695922383424,0.45718211941560905,False
cg14220262,-0.5167177524138922,0.2974658400448529,0.4070917962293725,False
cg14229207,-0.3009705447953238,-0.3200932006277814,0.3105318727115526,True
cg14230379,0.5547683330860668,0.3779319064981192,0.46635011979209295,True
cg14230810,-0.21214922892345153,0.05068465752901292,0.13141694322623224,False
cg14233878,-0.950407417084241,-0.02219000090889069,0.48629870899656585,False
cg14235271,-0.6904151866537176,-0.3496414321251595,0.5200283093894386,True
cg14245471,,-1.6223752403249427,,False
cg14250838,-1.1477206807209215,-0.4178290673090275,0.7827748740149745,True
cg14251312,-0.25034532503423473,-0.11603540393593459,0.18319036448508466,False
cg14254480,-0.5323807081820955,0.010673958560613194,0.2715273333713543,False
cg14256643,-1.3853668016146026,-0.12160401297895071,0.7534854072967766,False
cg14266927,-1.1425710766883883,-0.79090597072077,0.9667385237045791,True
cg14268557,-0.7373434919372723,0.08332152876129999,0.41033251034928614,False
cg14270002,0.02979962055328325,-0.14691908930887537,0.08835935493107931,False
cg14273093,-0.2087348438658619,-0.9859140452081717,0.5973244445370168,False
cg14273401,0.749895477630979,-0.3761964405435502,0.5630459590872646,False
cg14276120,-0.23675766855881902,-0.47941514747981634,0.3580864080193177,False
cg14278300,-0.5082426394694681,-0.027574088556281393,0.26790836401287477,False
cg14283140,-0.5071291534430498,-0.0766361188487699,0.2918826361459098,False
cg14284618,0.4255744120246744,0.3775563710157389,0.40156539152020665,True
cg14287022,-0.25548054008249416,-0.19463966930166524,0.2250601046920797,False
cg14288066,-0.30330927195728574,-0.3775576047566326,0.34043343835695916,True
cg14295437,0.27776394820844175,0.5878272902244721,0.43279561921645693,False
cg14302130,-0.25762113948332593,-0.14738075679798568,0.2025009481406558,False
cg14304073,-0.378521344220373,-0.783333459138079,0.580927401679226,True
cg14310198,-0.552840913215779,0.04968617706677544,0.30126354514127723,False
cg14315008,-0.2896213462403515,0.15538318557424677,0.22250226590729916,False
cg14316565,0.038078088490678036,0.07224954711885714,0.05516381780476759,False
cg14317609,-0.3166625431927722,-0.23186888034443306,0.27426571176860265,False
cg14328535,-0.6684738340574672,-0.22429560319635908,0.44638471862691315,False
cg14331899,-0.03940427592273308,0.02168729205721702,0.03054578398997505,False
cg14334014,-0.3989925693974274,-0.702658009500425,0.5508252894489262,True
cg14334584,-0.4373745788475659,0.11770938039085907,0.2775419796192125,False
cg14339867,-0.6254833092313373,0.1687053315125777,0.3970943203719575,False
cg14345154,-0.7142185333351744,-0.23573202593166534,0.47497527963341984,False
cg14347436,-1.3404323989155154,-0.9361997544092469,1.138316076662381,True
cg14348441,-0.34898177698481486,0.10325687045745902,0.22611932372113694,False
cg14350120,0.004550625254871119,0.525348756360152,0.2649496908075116,False
cg14359435,0.9232991911516538,0.5327639897794181,0.7280315904655359,True
cg14361969,0.1959131399005195,-1.2955919853780515,0.7457525626392856,False
cg14371731,0.0689878479757344,-0.1998141380900226,0.1344009930328785,False
cg14375121,-0.003982415651758336,-0.011301395583660738,0.007641905617709537,False
cg14384416,0.4401059308048838,0.12209396607290289,0.28109994843889335,False
cg14391419,0.09125464484057519,-0.20778875706121377,0.14952170095089448,False
cg14398731,-0.6225838674523918,0.35308999269955155,0.4878369300759717,False
cg14398860,,-1.001388704981664,,False
cg14407179,0.18531271906566218,0.06671107218221757,0.12601189562393988,False
cg14408173,-0.7099791584136805,-0.2022699279134915,0.456124543163586,False
cg14408938,-0.5029490988986655,-0.3268602717351583,0.4149046853169119,True
cg14414154,-0.5658812639700838,-0.22405525914948923,0.3949682615597865,False
cg14414203,-0.42222926164931146,-1.278795778131609,0.8505125198904603,True
cg14415956,-0.32262421496716426,-0.13785629831580165,0.23024025664148295,False
cg14418633,0.09489590092320747,-0.1395161844265453,0.11720604267487639,False
cg14418679,-0.7777146693900892,0.012061588448624753,0.39488812891935693,False
cg14420230,-0.1384897377857894,-0.13779894866107126,0.13814434322343033,False
cg14422093,0.08119300277130259,0.11540192026773448,0.09829746151951854,False
cg14423617,-0.14280835902474062,-0.077554075243732,0.11018121713423631,False
cg14425843,-1.0862384497932707,-1.0016747819775325,1.0439566158854015,True
cg14427243,-0.8685192085587398,-0.06907208325648363,0.4687956459076117,False
cg14431986,-0.7376560942608102,-0.30890858752334194,0.5232823408920761,True
cg14433609,-0.8123819742104268,-0.2561363213777952,0.534259147794111,False
cg14437551,0.3229624493429869,-0.37948933779490035,0.3512258935689436,False
cg14444376,0.17940981228277433,0.03441000282904807,0.1069099075559112,False
cg14450978,-1.2511511948491816,-0.8870762040656934,1.0691136994574375,True
cg14462906,-0.2692552706428343,0.5853662346673516,0.42731075265509294,False
cg14467181,-0.25274503020782074,-0.30060714076353984,0.2766760854856803,False
cg14469749,-0.7321641194823385,0.3659816154199929,0.5490728674511657,False
cg14473145,-0.0585374405520798,-0.7994125718656517,0.42897500620886575,False
cg14475554,-0.27103268921860685,0.495918567532816,0.3834756283757114,False
cg14476212,-1.5384883281591446,0.06815806480804182,0.8033231964835932,False
cg14477767,-0.2590280185661124,0.07469657390953333,0.16686229623782287,False
cg14477780,0.05220421704030682,-1.3280714921499157,0.6901378545951112,False
cg14479889,-0.4140746048454573,-0.22822640585166104,0.32115050534855916,False
cg14480046,0.37120277406504604,0.08859506659990257,0.2298989203324743,False
cg14488380,0.08821947290591958,-0.16228374143790308,0.12525160717191133,False
cg14488661,-0.2776370818541745,-0.110704409448898,0.19417074565153625,False
cg14489933,-0.5290254573704289,-0.617333113285053,0.573179285327741,True
cg14494620,-0.012792620708063335,-0.21689938684165022,0.11484600377485678,False
cg14494721,0.03988531320018684,0.8360003175610453,0.4379428153806161,False
cg14498227,-0.2281912300269624,-0.10754743787903544,0.1678693339529989,False
cg14498460,0.7922751227368955,-0.22253018077809086,0.5074026517574932,False
cg14498592,-0.14417454221322,-0.3824931012101733,0.26333382171169667,False
cg14506192,-1.0081300567674787,-0.4410534442407869,0.7245917505041328,True
cg14510299,0.2157672247732754,-0.18980186419821038,0.2027845444857429,False
cg14511739,0.1832990112466723,0.24041758339339744,0.21185829732003486,False
cg14515791,-1.102729275832679,-0.3233317926820819,0.7130305342573804,True
cg14516183,0.7737786738073039,0.25505727159971425,0.5144179727035091,False
cg14517217,0.7391170692007518,0.2950324917789045,0.5170747804898281,False
cg14519877,-0.044101572296514305,-0.15594674102445272,0.1000241566604835,False
cg14520829,-0.281850668697246,-0.3395604569629657,0.31070556283010586,False
cg14522718,0.020448604899798422,-0.19422327329386058,0.1073359390968295,False
cg14528751,-0.3710060593381924,-0.1477575661839569,0.25938181276107464,False
cg14529758,-0.9773096852972061,0.19195169664283346,0.5846306909700197,False
cg14537031,-0.8284229299618308,-0.4947411444853834,0.6615820372236071,True
cg14542367,-0.9375643344964948,-0.43239650240682465,0.6849804184516597,True
cg14546955,-0.5398359407482657,-0.7546169489161858,0.6472264448322258,True
cg14553765,-1.0587015703328329,0.07225585766333487,0.5654787139980839,False
cg14556851,0.16117553119349234,0.0017593513694051156,0.08146744128144873,False
cg14563129,-0.7945616626151185,-0.17096211381843643,0.48276188821677746,False
cg14564351,0.10970411620028495,-0.07825377492580553,0.09397894556304523,False
cg14564616,0.3985591504429687,0.11354879047257516,0.2560539704577719,False
cg14565440,-0.10667229594969628,0.5488668815523738,0.32776958875103507,False
cg14574910,0.22843222398991875,-0.136721743866903,0.18257698392841087,False
cg14575739,-0.5874943621841896,0.040419850591248044,0.31395710638771884,False
cg14578146,-0.7363188920060395,0.06839512062638434,0.4023570063162119,False
cg14578677,-0.7479666273218459,-0.04214767928242973,0.3950571533021378,False
cg14579184,-0.14590336150366784,-0.23382836841349092,0.18986586495857938,False
cg14591290,0.019618914180839577,0.13935833949888538,0.07948862683986248,False
cg14596823,-0.7825903891747427,-0.6629798625359623,0.7227851258553525,True
cg14597739,0.5472071310847441,-0.17494248060086937,0.3610748058428067,False
cg14606768,0.02369970199380326,-0.04217455416165612,0.032937128077729694,False
cg14614416,-1.649341144150203,-1.165905443706793,1.407623293928498,True
cg14622533,-0.2955791660657812,0.1341706183281009,0.21487489219694106,False
cg14623735,-0.2666518574158366,-0.2814201416114006,0.27403599951361857,False
cg14624950,-0.2700821853602672,-0.32593327272024697,0.2980077290402571,False
cg14628942,-0.8056253496300796,-0.7552811332573018,0.7804532414436907,True
cg14631896,-0.5657419315025506,0.23135512487045923,0.3985485281865049,False
cg14639567,-0.6982302224989869,-0.409678043699445,0.5539541330992159,True
cg14642045,0.18257669014801362,-0.15551968301989244,0.16904818658395304,False
cg14649267,-1.1579843085015318,-0.16009082566382532,0.6590375670826786,False
cg14651742,-0.42782868107297395,0.060370163925411446,0.2440994224991927,False
cg14652131,0.09530934491498824,-0.4588790565444797,0.27709420072973395,False
cg14662172,-0.416916728401581,-0.24102597516516383,0.32897135178337245,False
cg14664764,-0.008669971134001524,0.6020402675490177,0.3053551193415096,False
cg14671926,0.19583999650518116,-0.05186759131171598,0.12385379390844857,False
cg14672128,-0.15146955734026465,-0.4401146593484831,0.29579210834437386,False
cg14676272,0.6452539669682158,0.13787440588289973,0.3915641864255578,False
cg14687118,,-1.5641340723372181,,False
cg14691871,-0.765867099854648,-0.2955819128372635,0.5307245063459557,False
cg14699867,-0.5945183479760417,-0.8054753595685468,0.6999968537722943,True
cg14700325,-0.6657661855662739,-0.013187161359299647,0.33947667346278676,False
cg14703002,0.07106735856496949,-0.30093067484299135,0.18599901670398042,False
cg14705695,-0.33982367939881053,-0.36285170968151065,0.3513376945401606,True
cg14705934,-0.8561038784830924,0.007674070160050323,0.43188897432157136,False
cg14708360,0.07195059593603138,0.3641633923782671,0.21805699415714924,False
cg14716780,0.17011127113719549,0.10819930623746757,0.1391552886873315,False
cg14716933,-1.0146346128845352,-0.06286616129100422,0.5387503870877697,False
cg14717656,-0.26420323912936744,-0.40699403220180796,0.3355986356655877,False
cg14725537,0.109392973850286,-0.11124277875108214,0.11031787630068407,False
cg14725631,0.4458005930874722,-0.7907872010923039,0.6182938970898881,False
cg14728071,-0.6075641125987642,-0.039677923868008315,0.32362101823338624,False
cg14731391,-1.0237937860398567,-0.5326964407063504,0.7782451133731035,True
cg14733637,-0.4044055048636005,-0.900898470169368,0.6526519875164842,True
cg14737905,-1.2469960345931352,-0.18168076491940513,0.7143383997562702,False
cg14741399,-0.3911853315698477,0.6560032753514661,0.5235943034606569,False
cg14751679,0.09022653165821279,-1.0687091838621618,0.5794678577601873,False
cg14758218,0.16343494492463487,0.5042585370636397,0.33384674099413725,False
cg14766621,,0.1424624158470638,,False
cg14777768,0.3083371548060664,0.05314113795829548,0.18073914638218094,False
cg14778137,-0.0771511764651246,-0.2546967434975407,0.16592395998133264,False
cg14778235,0.46848931957159756,0.12320647441661561,0.2958478969941066,False
cg14789659,-0.23257874830184305,-0.18201961299706848,0.20729918064945577,False
cg14790552,-0.7199236185297639,0.016080139546267178,0.36800187903801557,False
cg14790739,0.4342515582024621,0.17161083355035706,0.3029311958764096,False
cg14791799,-0.7134346769705227,-0.041549459782368334,0.3774920683764455,False
cg14805174,-0.6598554320119552,-0.008468062086583902,0.33416174704926954,False
cg14813485,-0.13394953230777495,0.13989867786115387,0.1369241050844644,False
cg14822195,-1.4346444901542632,-0.7445008840247151,1.0895726870894893,True
cg14826031,-0.48593388525520076,-0.27411476113289224,0.3800243231940465,False
cg14832352,-0.11222578244581412,0.39011412468151613,0.2511699535636651,False
cg14833337,-0.989191679202896,-0.1295761008904984,0.5593838900466972,False
cg14834257,-0.6526574242469094,-0.7213986481342554,0.6870280361905824,True
cg14845962,-1.013610598137518,-0.3503571144986071,0.6819838563180626,True
cg14851140,-1.2888222055798044,-0.5758733599366462,0.9323477827582254,True
cg14851271,-0.7656417472694846,-0.10082300664395864,0.4332323769567216,False
cg14864022,-0.42701873882361235,-0.3601916100635353,0.3936051744435738,True
cg14866387,-0.7687230403470264,-0.1658383320525349,0.4672806861997807,False
cg14879397,0.006790105720321095,-0.0607543010023456,0.033772203361333346,False
cg14880527,-0.535204383538628,-0.16335299203680914,0.34927868778771853,False
cg14887335,-0.0025375571977559936,-0.31117812351021795,0.15685784035398698,False
cg14894368,-0.04342752183118055,0.03179167591999405,0.037609598875587305,False
cg14898243,-0.20070319939301332,-0.2618153417895486,0.23125927059128093,False
cg14905514,-0.05150330141859891,0.3415212572488909,0.19651227933374488,False
cg14905600,-0.18330032036695537,0.1644148959146976,0.1738576081408265,False
cg14913644,0.8539233991037163,0.26070001141589727,0.5573117052598068,False
cg14919455,-0.6305965779262748,0.16228653960886455,0.39644155876756965,False
cg14928451,-0.8172074194612068,-0.20809051596753364,0.5126489677143702,False
cg14930754,-0.5788513098657686,-0.32924206983377796,0.45404668984977326,True
cg14936008,0.11077639045331171,0.4441537894487557,0.2774650899510337,False
cg14940444,-0.12569907059515403,-0.567115256592159,0.34640716359365653,False
cg14947787,-0.8298980107540739,-0.6120062599304867,0.7209521353422803,True
cg14957089,-0.3756170557106366,-0.4764323625063268,0.42602470910848167,True
cg14960007,-0.6461229467203011,-0.6414040388065962,0.6437634927634487,True
cg14961988,0.508591224582016,0.5112839437486152,0.5099375841653155,True
cg14963724,-0.1973420458313825,0.5528820916193714,0.37511206872537695,False
cg14966346,-0.32382388866315026,0.22210871299521034,0.2729663008291803,False
cg14970597,-0.004185507949770751,0.33153066035595063,0.1678580841528607,False
cg14976569,0.03047032122182792,-0.27101930136591446,0.15074481129387118,False
cg14981422,-0.5117134957295012,0.08409853117022124,0.29790601344986123,False
cg14985891,-0.8380061749744724,-0.02890196299801891,0.43345406898624567,False
cg14986215,-0.8744530231942933,-0.6213667055517121,0.7479098643730027,True
cg14997711,-0.06293911150881656,-0.5786973143114565,0.32081821291013657,False
cg15002541,0.07063162306167942,-0.8591126457220116,0.4648721343918455,False
cg15009294,-1.263672211858798,-0.33218490302993553,0.7979285574443667,True
cg15010213,-0.4940076407834181,-0.10738531790416644,0.3006964793437923,False
cg15014975,0.4559608120723948,-0.11898050513603656,0.28747065860421567,False
cg15029631,-0.03609152344211667,0.12995283381792913,0.0830221786300229,False
cg15033269,-0.060391001544429605,0.32139436777718505,0.19089268466080733,False
cg15033776,-0.8809843409976436,-0.6088956448202263,0.7449399929089349,True
cg15034267,-0.7415438047566522,-0.5069070983150394,0.6242254515358459,True
cg15035590,-0.5549922237188194,-0.7727757323961146,0.663883978057467,True
cg15039797,-0.11866565490249933,-0.4822974748468184,0.3004815648746589,False
cg15040188,-0.04122403078689799,0.058942087516711344,0.050083059151804665,False
cg15044248,0.1656054970283526,-0.49310082634551167,0.3293531616869321,False
cg15044453,0.23377145794522297,0.10048451970069636,0.16712798882295965,False
cg15046489,-0.64186544464685,-0.12467672869361975,0.3832710866702349,False
cg15059065,-0.1758876458985535,0.013250315045833684,0.09456898047219359,False
cg15063726,-0.7427804068327153,-0.22299524485694358,0.4828878258448294,False
cg15064681,-0.4361314507172348,-0.09249412704712903,0.2643127888821819,False
cg15067127,-0.0607245270388407,-0.584217813907413,0.32247117047312684,False
cg15070677,-0.3775805719365848,0.138183245786273,0.2578819088614289,False
cg15070897,0.6810295621836684,0.19591649053399574,0.43847302635883206,False
cg15074032,-0.44601379021381093,-0.49763096974162874,0.4718223799777198,True
cg15079934,0.04740696882726823,-0.1534432346434582,0.1004251017353632,False
cg15085899,0.34231673619480874,-0.3995351847005031,0.3709259604476559,False
cg15087129,-0.27112439897723023,0.2974547686305998,0.284289583803915,False
cg15090899,-0.3538661694167179,-0.4222124511882723,0.38803931030249506,True
cg15093247,0.13877948988436004,-0.4099115142844204,0.27434550208439024,False
cg15098085,-0.38179078853312337,0.0768494395648988,0.2293201140490111,False
cg15106368,0.9829083335478429,1.1160820640401936,1.0494951987940182,True
cg15108430,-0.8972721269393732,-0.663339933321369,0.780306030130371,True
cg15111708,-1.3808764938442135,-0.69494840994406,1.0379124518941367,True
cg15115984,-0.6281475975551991,0.5390724301847821,0.5836100138699907,False
cg15116327,0.01752221394823691,0.44272325598713924,0.23012273496768806,False
cg15120555,-0.7910250873496454,0.08295810707533269,0.43699159721248904,False
cg15131001,0.07517756873107662,0.4199811306587075,0.24757934969489206,False
cg15139063,-0.8100088319999004,-1.2265057297931632,1.0182572808965318,True
cg15147841,0.5113717327061272,-0.4878986074880946,0.4996351700971109,False
cg15153684,0.38919969276306393,-0.5192348280222334,0.45421726039264865,False
cg15153976,-0.0383618378964566,-0.012283668501728542,0.025322753199092572,False
cg15156469,-0.25465215782713396,-0.1948845904890697,0.22476837415810183,False
cg15161959,0.20110270832043087,0.09602383970822037,0.14856327401432562,False
cg15170783,0.04034797911830876,-0.5769060554552059,0.30862701728675734,False
cg15173780,0.052037466995303386,0.36631510045948207,0.20917628372739272,False
cg15183660,-0.8145848405472207,0.3859718693315822,0.6002783549394014,False
cg15190451,-0.8480700981497711,-0.2106903485988514,0.5293802233743112,False
cg15192986,-0.7944865681922717,-1.0623571151932751,0.9284218416927734,True
cg15198788,0.35333948312693725,-0.2962234380913641,0.3247814606091507,False
cg15206981,-1.098450279175016,-0.4365585204598296,0.7675043998174228,True
cg15207091,-0.18042333957445908,0.43493080961078423,0.30767707459262167,False
cg15230985,-0.9183044793902606,-0.05071471336896962,0.4845095963796151,False
cg15232539,0.213593187503183,-0.23913118702249675,0.22636218726283988,False
cg15235922,-0.21528482279425984,-0.3082641017098294,0.2617744622520446,False
cg15239579,-0.44964840340239437,-0.07390232021498237,0.2617753618086884,False
cg15241519,0.9704309412178649,0.08459036209077085,0.5275106516543179,False
cg15241779,-1.034121115098786,-0.1977261379955262,0.615923626547156,False
cg15242630,-1.4188465936950152,-0.8636699337059719,1.1412582637004935,True
cg15251256,-0.3050519817263967,-0.1423003497131041,0.2236761657197504,False
cg15261270,-0.2800283084152873,0.44885368199425724,0.36444099520477224,False
cg15264904,-0.5376151310822195,0.0589483643057324,0.2982817476939759,False
cg15266530,-0.25989298429684937,-0.07234478488738698,0.16611888459211818,False
cg15273468,0.6543355099751152,0.412335865709129,0.5333356878421222,True
cg15287850,0.10343719414249301,0.7794657788288988,0.4414514864856959,False
cg15288326,-1.0496620901873228,-0.21612284120332054,0.6328924656953216,False
cg15293582,-0.09599777359474991,0.4923381451127911,0.2941679593537705,False
cg15294341,0.06322921911878328,0.3698311792379276,0.21653019917835542,False
cg15298666,-0.5746259053918313,0.11849177403146235,0.34655883971164686,False
cg15310349,-0.19846175386757675,-0.08699083261463163,0.1427262932411042,False
cg15310871,0.4564719881057864,0.24285023813380438,0.34966111311979536,False
cg15320905,-0.4554440153626152,-0.5833292166362772,0.5193866159994462,True
cg15322876,-1.3460058346948303,-0.5568606701259282,0.9514332524103792,True
cg15331855,-0.4155480207043155,0.3778339768812899,0.3966909987928027,False
cg15334250,-0.5054471517664164,0.07023561271236514,0.28784138223939076,False
cg15338159,-0.5949437335123446,-0.304685915583752,0.44981482454804833,True
cg15347156,-0.29330208198673063,-0.6391445498564091,0.46622331592156985,False
cg15348679,-0.06234594238183348,0.1472989373388325,0.10482243986033299,False
cg15353923,-0.5600305442986107,-0.27121431510049665,0.41562242969955365,False
cg15357078,-0.37193208792541804,0.2406938282956283,0.30631295811052317,False
cg15374515,-0.436826726557456,-0.336932636071936,0.386879681314696,True
cg15375424,-0.02923493199639039,0.33090564748133067,0.18007028973886052,False
cg15384867,0.14589026310524694,-0.05238109776602775,0.09913568043563735,False
cg15392364,-0.08915414150292836,0.05537733337069019,0.07226573743680928,False
cg15400471,-0.5865168900508276,-0.43325877442713856,0.509887832238983,True
cg15400591,-0.28929320407144465,-0.0502907740206598,0.16979198904605222,False
cg15402162,-0.909768913998563,-0.5060495186314801,0.7079092163150216,True
cg15409796,-0.8032272988551148,-0.41114795737579607,0.6071876281154555,True
cg15410236,-0.20279007343444902,0.07018882883881028,0.13648945113662964,False
cg15418419,-1.05198215329142,-0.5604602257362032,0.8062211895138116,True
cg15422147,-0.01243190797650264,0.3031638511607609,0.15779787956863175,False
cg15435765,0.48055006050356874,0.1671123419186922,0.32383120121113046,False
cg15441535,0.010046554642397678,-0.04828488301375498,0.029165718828076326,False
cg15441973,-0.6007367112942181,0.13872245577991865,0.3697295835370684,False
cg15457037,-1.0834089921745818,-0.24052152681516772,0.6619652594948747,False
cg15457217,0.14741098784481793,0.02711310650692417,0.08726204717587105,False
cg15458222,-0.9747450643512823,0.18943810851688583,0.5820915864340841,False
cg15461413,-0.5894970928592118,-0.2012083822330747,0.39535273754614325,False
cg15467116,0.40033460764134743,0.29585285912213405,0.34809373338174077,False
cg15467759,-0.013326416137609166,0.1366681119560822,0.07499726404684567,False
cg15468521,0.7260825858918472,0.1423079278428129,0.43419525686733,False
cg15471063,-0.4303850043817397,0.3908971733224248,0.4106410888520823,False
cg15481493,-0.46531677592447707,0.06587669604508552,0.2655967359847813,False
cg15498134,0.04348643249149796,-0.13674394134594967,0.0901151869187238,False
cg15501942,-1.0726082371207606,-0.9068281013704651,0.9897181692456128,True
cg15507787,-1.192353252408509,-0.4106498941547376,0.8015015732816233,True
cg15516226,-0.33816027825022965,0.05353654910574302,0.19584841367798633,False
cg15518113,-0.8710847625027437,-0.2960326904981335,0.5835587265004386,False
cg15520845,-0.036732447486259055,-0.5148101732432008,0.2757713103647299,False
cg15532942,-1.2736427139996167,-0.33223838053176546,0.8029405472656911,True
cg15543281,0.578068980453885,0.4539614266713948,0.5160152035626399,True
cg15549216,-0.15568013404307599,0.5598841208430527,0.35778212744306437,False
cg15552491,-0.0331501190184874,-0.17716665088568653,0.10515838495208696,False
cg15552843,-0.15457193759468957,-0.5407028159678852,0.34763737678128737,False
cg15553155,-0.09711613173393399,0.2706918390726772,0.1839039854033056,False
cg15558717,-0.3794855758845887,0.10611198027952697,0.24279877808205783,False
cg15562022,-0.3751717307860663,-0.18791246954539179,0.28154210016572906,False
cg15566448,0.1273401090676377,0.3404743014965352,0.23390720528208644,False
cg15571405,-0.33875579819080165,-0.020841636126799852,0.17979871715880075,False
cg15575375,-0.26145117463761164,0.11419003802160421,0.18782060632960793,False
cg15575914,-0.4435750486627182,-0.9145039111027411,0.6790394798827296,True
cg15586392,0.0754447800990301,0.016577353247256114,0.046011066673143114,False
cg15600279,-0.39262095727909724,0.16829122064740573,0.28045608896325147,False
cg15601071,-0.5930238649326844,-0.7358727098599371,0.6644482873963108,True
cg15602298,0.5025257772598957,-0.530087609222815,0.5163066932413554,False
cg15603885,-0.6081228814866995,-0.05012658349480171,0.3291247324907506,False
cg15604433,-0.023083788900603006,0.05132780142481023,0.03720579516270662,False
cg15605744,-0.24065371096553997,-0.15545163083057892,0.19805267089805945,False
cg15609237,-0.05768874563955185,0.15285626299496333,0.10527250431725758,False
cg15613420,0.4365668534612257,-0.048572106594668825,0.24256948002794726,False
cg15613534,-0.10887737609389643,-0.5060301966805977,0.3074537863872471,False
cg15617609,-0.5497693334454975,-0.3063511960926149,0.42806026476905623,True
cg15619820,-0.21981774672494625,-0.5307851391786982,0.3753014429518222,False
cg15629893,-0.9231313002951557,0.10737313330856504,0.5152522168018604,False
cg15633603,0.08968156260683889,0.25311493262654666,0.17139824761669278,False
cg15633912,-0.009578900517364132,0.02686814693694378,0.018223523727153954,False
cg15640993,-0.11134282222924362,0.040534722492620495,0.07593877236093205,False
cg15644610,-0.394931711141672,-0.0317269367108329,0.21332932392625245,False
cg15651152,-0.34134027518458415,-0.11341190850557184,0.227376091845078,False
cg15652280,-0.9108081257142994,-0.5154504654160044,0.7131292955651518,True
cg15665081,-0.7095610096761816,-0.8269788375909907,0.7682699236335861,True
cg15680603,-0.7787938331004095,-0.6337657542155818,0.7062797936579956,True
cg15683542,-1.2069954163682592,-0.7888658119863032,0.9979306141772812,True
cg15688197,-1.2425000087466473,-0.7628435665421399,1.0026717876443936,True
cg15689969,-0.5682417491354042,-0.0633673742282385,0.3158045616818213,False
cg15694422,-0.39294817412571237,-0.31559577645624365,0.354271975290978,True
cg15695435,-0.11883526806705076,-0.05915493309179419,0.08899510057942248,False
cg15699321,0.1519557893077182,-0.20702123147001103,0.1794885103888646,False
cg15700870,-0.4811596271279818,-0.27473290464301037,0.37794626588549607,False
cg15704358,-1.4564501743419993,-1.1214248405454241,1.2889375074437117,True
cg15707332,-0.14151123434383553,-0.4445822748014419,0.29304675457263873,False
cg15709214,-0.4323444327576039,-0.46752262667468747,0.4499335297161457,True
cg15715892,-0.18406011145624177,-0.1528663884678043,0.16846324996202303,False
cg15722603,-0.7713002458655841,-0.26952164693516883,0.5204109464003764,False
cg15724534,0.4202138402725758,0.3919156756335646,0.4060647579530702,True
cg15729230,-0.1727739609015033,-0.23507949773787673,0.20392672931969003,False
cg15730121,-0.9785804273693665,-0.42217327646836644,0.7003768519188664,True
cg15732840,0.3678900743884035,-0.0807639839741691,0.2243270291812863,False
cg15742700,-0.1050883404000392,0.279847975538534,0.19246815796928662,False
cg15747921,-0.13523626545111403,-0.2536178204693914,0.1944270429602527,False
cg15748407,-0.20815460021621196,-0.07738115692305808,0.14276787856963502,False
cg15751452,0.3421306375216106,-0.08422456719726268,0.21317760235943664,False
cg15752436,-0.06236636640504072,-0.6314130024278217,0.3468896844164312,False
cg15755426,-0.5707667703382225,0.10739039331782887,0.3390785818280257,False
cg15755476,-0.5849267200532826,-0.4898016495181604,0.5373641847857216,True
cg15757195,-0.5009798388785207,-0.23190791501535488,0.3664438769469378,False
cg15772361,-0.5666643531767067,-0.6589679542908657,0.6128161537337862,True
cg15775406,-0.2037065888532487,-0.5824154183722284,0.39306100361273855,False
cg15781838,-0.20545837989864585,-0.4689281656262789,0.33719327276246236,False
cg15793573,-1.0403155375802522,-0.6193283963458943,0.8298219669630733,True
cg15799791,-0.020485738794656625,0.09164837586280093,0.05606705732872878,False
cg15805540,0.12577589851244256,-0.3837942014747714,0.25478504999360696,False
cg15815843,-0.16177968035160967,-0.08210660075200381,0.12194314055180674,False
cg15823461,0.19682082073982687,0.5876461224860177,0.39223347161292227,False
cg15829423,-0.4800406718553189,-0.3267804736180833,0.4034105727367011,True
cg15831212,-1.264872784409536,-1.173597793296799,1.2192352888531675,True
cg15835339,0.07170976347329971,-0.08810817598807003,0.07990896973068487,False
cg15837470,-0.8394084080375654,-0.18566108050904945,0.5125347442733075,False
cg15840660,-1.1983506877446575,0.036691073441145534,0.6175208805929016,False
cg15856832,-0.221566930548731,-0.07184756239492783,0.14670724647182942,False
cg15878616,-0.20390120396559755,-0.37834259288355676,0.29112189842457714,False
cg15880738,0.045015872263518476,-0.12678011656479102,0.08589799441415474,False
cg15891546,-0.2639101022658128,-0.17765617886763593,0.22078314056672438,False
cg15893532,0.28562011402574894,-0.38652247732219025,0.3360712956739696,False
cg15900387,-0.7346795340614481,-0.6615672544416242,0.6981233942515361,True
cg15903666,-0.6483006009782781,-0.5436728101891878,0.5959867055837329,True
cg15905329,-0.9935987463970679,-0.14980081892876432,0.5716997826629161,False
cg15905979,-0.3235232969771899,0.1327305130921206,0.22812690503465527,False
cg15906007,0.364604550414054,0.8260013769480717,0.5953029636810628,True
cg15909006,-0.41596348331079214,0.6320907479528419,0.524027115631817,False
cg15921239,-0.7681134367867937,-0.5594828262980149,0.6637981315424043,True
cg15925478,-0.49639865178610776,-0.15464414520009734,0.3255213984931026,False
cg15935770,-0.6887665314643112,0.08547109002518863,0.3871188107447499,False
cg15939287,-0.5418117651541765,-0.16173629213622084,0.3517740286451987,False
cg15942185,-0.3262743468933605,-0.04936004103372837,0.18781719396354443,False
cg15952725,-0.1406190311559425,-0.07390139310642233,0.1072602121311824,False
cg15955277,-0.8273423672591923,0.09512709263143226,0.4612347299453123,False
cg15956469,-0.4682294873444086,-0.24311232664815022,0.3556709069962794,False
cg15958828,-0.4214582336732083,-0.1992291210138642,0.31034367734353624,False
cg15961716,-0.321032189082963,-0.23963944730256748,0.2803358181927652,False
cg15964132,-0.441460617178611,-0.22058166231612256,0.3310211397473668,False
cg15974642,-0.6893051343203098,0.5138114905950996,0.6015583124577046,False
cg15974698,-0.38083579351445696,-0.3203922700649008,0.35061403178967887,True
cg15982099,0.7865685471784292,-0.0729567218773206,0.4297626345278749,False
cg15982595,-0.0466662429808059,0.07555006373874128,0.061108153359773584,False
cg15982735,-0.6532029012061938,-0.5867792232379566,0.6199910622220752,True
cg15992563,0.7498701256112721,0.03475735229491364,0.39231373895309285,False
cg15997020,-0.18633503878880192,-0.32811299727040116,0.25722401802960154,False
cg15997393,0.04842285487613462,-0.13064772815420073,0.08953529151516768,False
cg15997512,0.012564085188326864,0.08011935064429987,0.04634171791631336,False
cg16001495,0.3840361704591845,-0.02248205259514357,0.20325911152716403,False
cg16017089,-0.10851404809524724,-0.013131917082252741,0.06082298258874999,False
cg16017492,-0.5063770322642978,0.06615982585435677,0.28626842905932726,False
cg16017979,-0.8246093484636807,-0.5478355001720087,0.6862224243178447,True
cg16018921,-0.4699215015898884,0.08041399246501968,0.27516774702745406,False
cg16019273,-1.3266229896107256,-0.05872249082558843,0.692672740218157,False
cg16023991,-0.4706228755398455,-1.017004792183898,0.7438138338618718,True
cg16029260,-0.16335689174994364,-0.3256999037024679,0.24452839772620577,False
cg16029351,-0.3597565202018105,0.1379856658735745,0.2488710930376925,False
cg16030869,-1.6275960847640054,-0.6173232914368608,1.1224596881004332,True
cg16034168,-0.07206354816711083,-0.15446180569016973,0.11326267692864028,False
cg16034991,-0.7846563288686701,0.06160642674617217,0.42313137780742116,False
cg16041412,-0.27528990731017705,-0.29905799822852425,0.28717395276935065,False
cg16046493,-0.03658174571287396,-0.2638070857801853,0.15019441574652964,False
cg16049391,-0.0008489272044165538,-0.0014626522497045034,0.0011557897270605285,False
cg16049941,-0.7580568696325225,0.08803628096796179,0.42304657530024214,False
cg16058105,-0.21400150581316188,0.16667289956486311,0.1903372026890125,False
cg16064623,-0.8758440434563111,0.03620864318798373,0.4560263433221474,False
cg16064925,-0.4034770714911853,0.10149797736538879,0.25248752442828704,False
cg16068063,0.7348273914572174,-0.07425170005768396,0.4045395457574507,False
cg16085171,-0.3171157957894639,-0.5590629480905465,0.4380893719400052,True
cg16087541,-0.20207002960030734,-0.3222207029928372,0.26214536629657226,False
cg16093065,0.030877447041102565,0.18026159864530378,0.10556952284320317,False
cg16093537,-1.1798875218616174,-0.4611691026295039,0.8205283122455607,True
cg16098726,-0.8720189957679815,0.09496852908286123,0.48349376242542136,False
cg16103203,-0.5367968470650556,0.1076686787225,0.3222327628937778,False
cg16105754,-0.7716135005887944,-1.0346253909344345,0.9031194457616145,True
cg16125725,0.22797684309126223,-0.21253951337848045,0.22025817823487134,False
cg16128096,-0.3427302738048217,0.0022231726927129515,0.1724767232487673,False
cg16135771,0.14113077494709927,-0.2783313588977247,0.209731066922412,False
cg16143796,-0.6426028299801674,-0.05470583918495672,0.34865433458256206,False
cg16145211,0.09773093091843812,-0.8390751059020959,0.468403018410267,False
cg16147221,0.5738988661564307,0.20973818078162246,0.39181852346902657,False
cg16148346,-0.40252998363757947,-0.3587965219121861,0.3806632527748828,True
cg16167877,0.026966640179116177,0.11365842909196218,0.07031253463553917,False
cg16168153,0.19297437579826232,-0.16575294969785165,0.17936366274805698,False
cg16178603,0.1740868298278989,-0.26462723090213,0.21935703036501442,False
cg16182447,0.12630534983078368,0.45423522311417347,0.29027028647247854,False
cg16185947,-0.08377024475570904,-0.3097065136193249,0.19673837918751697,False
cg16188537,-0.3169081805326221,-0.28244936244915353,0.29967877149088784,False
cg16192197,-0.15876418849498822,0.07046176510232251,0.11461297679865537,False
cg16193203,-0.5653492274696132,-0.3865333674233128,0.475941297446463,True
cg16193207,-0.3381188665163482,0.05521249896611037,0.19666568274122928,False
cg16197088,-0.7044195390562538,0.0022774806324847674,0.3533485098443693,False
cg16202600,-0.2434027163756897,-0.26574686546854376,0.2545747909221167,False
cg16206460,-0.08426098684645648,-0.1494672259124368,0.11686410637944664,False
cg16210395,-0.25300630214647213,0.09884549902790403,0.17592590058718807,False
cg16214153,-0.2647396624552635,-0.4128913370794294,0.33881549976734643,False
cg16214653,-0.20550231935674262,0.2706220293058347,0.23806217433128865,False
cg16219283,0.13661835678930925,-0.13153866839444456,0.13407851259187692,False
cg16222367,-0.40599997835837315,0.3059005575106378,0.35595026793450546,False
cg16230121,0.021149713285479002,-0.3742153991073139,0.19768255619639644,False
cg16232183,0.5117757662016511,0.12901046544107053,0.3203931158213608,False
cg16233515,0.2942617359702824,-0.09271080539047008,0.19348627068037622,False
cg16235962,0.04429549345277254,0.3632079922026409,0.20375174282770672,False
cg16237204,-0.37077844501682744,-0.21612150018753884,0.29344997260218314,False
cg16243359,-0.4255709637421812,-0.6892760347556777,0.5574234992489294,True
cg16245111,-0.8799818491506151,-0.17817683544197313,0.529079342296294,False
cg16248311,-0.8592963915159241,-0.9925891558033562,0.9259427736596402,True
cg16266126,-1.130713709758782,0.012713221537827163,0.5717134656483046,False
cg16266809,-0.22933284316345628,-0.3930053483781898,0.311169095770823,False
cg16270885,-0.2547258368952888,-0.1129040032048525,0.18381492005007066,False
cg16275739,0.24310705563574175,0.4859939659794534,0.3645505108075976,False
cg16275903,-0.39343110718468355,0.039205845147063705,0.21631847616587363,False
cg16278996,0.24465133637746275,-0.06425609234456227,0.15445371436101252,False
cg16280667,-0.1782023799551351,0.1717569684059175,0.1749796741805263,False
cg16283362,0.2171384172780381,0.2019805757519154,0.20955949651497674,False
cg16285566,-0.24966806066041808,0.14688354691487368,0.19827580378764587,False
cg16286735,-0.2705755944015093,0.4441333997425273,0.3573544970720183,False
cg16295133,-0.20160906058797565,-0.3707513289911382,0.2861801947895569,False
cg16302790,0.03136683039583479,0.12021467698000435,0.07579075368791957,False
cg16308790,-0.14564923255061354,0.1833640888420743,0.16450666069634393,False
cg16311344,0.4714415293437914,0.6479528658372605,0.5596971975905259,True
cg16314263,-1.1580332813344685,-0.878538098625406,1.0182856899799373,True
cg16316042,-0.8213997821898773,-0.046741249964481986,0.43407051607717967,False
cg16316183,-0.36745929251644255,0.0324895856692518,0.19997443909284718,False
cg16317947,-0.4905833636178221,-0.7868240192129243,0.6387036914153732,True
cg16320626,-0.4958292590803925,0.018374459400901218,0.2571018592406469,False
cg16328106,0.34321714610511894,0.5560779746137728,0.44964756035944586,True
cg16337574,-0.12166775632970843,-0.10612808729455038,0.1138979218121294,False
cg16343616,0.1960510846496838,0.03150122418529372,0.11377615441748876,False
cg16348316,0.13714220358154897,-0.3415421298160591,0.23934216669880404,False
cg16353632,-0.07584965793549237,0.16096761027249587,0.11840863410399412,False
cg16356013,-0.11702362035601656,-0.13402705090951025,0.1255253356327634,False
cg16356956,-1.2560336362435385,-0.1740178781362773,0.7150257571899079,False
cg16362140,-0.32292718341300947,0.4008092721524514,0.3618682277827304,False
cg16371080,-0.8488715805905167,-0.33809740229404345,0.5934844914422801,True
cg16373817,0.2858556732577763,-0.057027530234750885,0.17144160174626358,False
cg16374333,-0.6692236278950174,0.15721763195547195,0.41322062992524466,False
cg16386158,-0.2522223897023714,0.14703411111708312,0.19962825040972726,False
cg16387516,-0.16264535228768034,-0.2936813800115961,0.22816336614963822,False
cg16393012,0.3965247829614491,0.7915984011417495,0.5940615920515993,True
cg16393749,-0.31802196539643207,0.5436651506909888,0.43084355804371044,False
cg16394018,0.7075221048976614,0.4233959291113809,0.5654590170045212,True
cg16395911,-0.41724323296326704,-0.6336579179032735,0.5254505754332703,True
cg16397032,-0.16462790802144692,-0.000915078383384478,0.0827714932024157,False
cg16397176,-0.17874841462390617,0.02574652014775288,0.10224746738582953,False
cg16402452,-0.3899838105415067,-0.48067418904106923,0.435328999791288,True
cg16402758,0.08556889843376479,-0.29898974282535024,0.19227932062955752,False
cg16408049,-1.2207594887382653,-0.07500360690172414,0.6478815478199947,False
cg16408565,-0.019381027687844762,0.47888380295965,0.24913241532374739,False
cg16417028,-0.42402123786260254,-0.3185245662358741,0.37127290204923835,True
cg16417301,-0.1191269902530844,0.10810338344895222,0.11361518685101832,False
cg16420641,-0.6859773409184282,-0.5509819179351185,0.6184796294267734,True
cg16425038,0.5479994348299932,-0.2605071838045206,0.4042533093172569,False
cg16429499,-1.1588247156264986,-1.0308438204895234,1.094834268058011,True
cg16432009,-0.46723107791058643,0.369679648061432,0.4184553629860092,False
cg16433737,-0.0380714677331557,-0.4739998745738864,0.25603567115352105,False
cg16441347,-1.3599360502179028,-0.8707581974961327,1.1153471238570178,True
cg16442814,-0.28226400483856007,-0.21234977020616033,0.24730688752236019,False
cg16448702,0.07670378469008551,0.19459583300002367,0.1356498088450546,False
cg16451525,-0.5040785966970398,-0.697211157855631,0.6006448772763354,True
cg16452866,0.5397718357576597,-0.09126412947309429,0.315517982615377,False
cg16454852,0.10254563792093266,-0.8112906705880985,0.45691815425451554,False
cg16458838,0.1836646712938011,0.12688271941309331,0.1552736953534472,False
cg16464735,0.47203882917013995,-0.4758876787336479,0.4739632539518939,False
cg16466334,-0.9751697575634819,0.20689301630169105,0.5910313869325865,False
cg16467906,-0.25886848769031406,-0.41720393560514485,0.33803621164772946,False
cg16471167,-0.28232719302263176,0.151738906108725,0.21703304956567837,False
cg16477975,-0.8758195749939539,-0.2290428799373215,0.5524312274656377,False
cg16483326,0.14668319722655654,0.3083984493882697,0.22754082330741313,False
cg16489610,0.7672127393832857,-0.2365217223714739,0.5018672308773798,False
cg16492341,-0.27304626874554905,-0.361628653118355,0.31733746093195203,False
cg16496814,-0.0815559518605032,-0.2685739150953944,0.1750649334779488,False
cg16497626,-0.4672257208049099,-0.38459865680296035,0.4259121888039351,True
cg16506290,0.8578920116089547,0.035476202354100636,0.44668410698152766,False
cg16511494,-0.9289166801237313,-0.1107886873961162,0.5198526837599238,False
cg16514513,-0.5146352991520995,0.021924009505688357,0.26827965432889395,False
cg16516490,-0.777928851667975,-0.15103232318827273,0.46448058742812387,False
cg16516712,-0.5175698597306014,-0.4970157132294706,0.5072927864800361,True
cg16527693,-0.12870848570525462,-0.5471150047171063,0.33791174521118045,False
cg16529592,-0.20583033745679816,0.24057461575826355,0.22320247660753084,False
cg16531664,-0.17090426616003537,0.16856519367555367,0.16973472991779454,False
cg16553083,0.7583119802834366,-0.6508238973515954,0.704567938817516,False
cg16556145,0.8305164991854301,0.52678719020928,0.6786518446973551,True
cg16560824,0.39163123072286454,-0.014292036497387084,0.2029616336101258,False
cg16563454,-0.3772756325949167,-0.4753104404895627,0.4262930365422397,True
cg16570157,0.5065501251447839,0.1753736485564253,0.3409618868506046,False
cg16573251,-1.4167048934165136,-0.6736946587363717,1.0451997760764427,True
cg16574134,0.19522521124893266,-0.38094336478427776,0.28808428801660524,False
cg16575408,-0.2867741628558236,-0.006754088506860899,0.14676412568134223,False
cg16577707,-0.09020353649073663,0.41296159243618386,0.2515825644634602,False
cg16578883,-0.8832655078672244,-0.2903001459843974,0.5867828269258109,False
cg16580547,-0.5221137980334732,-0.03343121508771101,0.2777725065605921,False
cg16580837,-0.2581357615231832,0.04407471675105251,0.15110523913711785,False
cg16581179,-0.11435959619924668,-0.34434463876373467,0.22935211748149067,False
cg16583863,-0.4949251162526739,-0.0914216324093931,0.2931733743310335,False
cg16586807,-0.8579593170837869,-0.1152129617485642,0.48658613941617557,False
cg16589135,0.06268770479332494,-0.3274726667172002,0.1950801857552626,False
cg16589887,-0.41264890117383773,0.11457391382227165,0.2636114074980547,False
cg16596052,0.10299116154017678,0.0692375961293676,0.08611437883477219,False
cg16609181,-0.8967719240147998,-0.43794728300312996,0.6673596035089648,True
cg16620392,0.8328774342183285,-0.164425002824254,0.49865121852129124,False
cg16621196,-1.0409427112944283,-0.7007967539836453,0.8708697326390368,True
cg16624482,0.4216453020042995,0.05080354150249841,0.23622442175339897,False
cg16627309,-0.1816895163408912,0.3236619538669064,0.2526757351038988,False
cg16630989,0.18987709034265754,0.13835936390454467,0.1641182271236011,False
cg16634971,-0.5340093370604031,-0.23537456629750728,0.3846919516789552,False
cg16635874,-0.6259976638365027,-0.43166541523644353,0.5288315395364731,True
cg16636767,0.0852973254457609,-0.1536751837720527,0.1194862546089068,False
cg16638092,-0.3178144651166331,0.3691149670108369,0.34346471606373496,False
cg16642284,0.326206769166054,-0.14338217262145228,0.23479447089375316,False
cg16642517,-0.5443998028629595,0.3085108147269139,0.4264553087949367,False
cg16642695,-0.9290017103122848,-0.2686499587244092,0.598825834518347,False
cg16652920,-0.055272330789105414,-0.04593807944410081,0.050605205116603116,False
cg16653138,0.046475861199256924,-0.3237787138742805,0.18512728753676871,False
cg16654610,-0.1570085191176286,-0.17377947143712652,0.16539399527737755,False
cg16655291,0.1504858625643724,0.05010856470340863,0.10029721363389052,False
cg16666745,-0.8369324703001818,-0.27770026493460065,0.5573163676173912,False
cg16672562,-0.2904186459095531,0.11569303987809096,0.203055842893822,False
cg16674492,0.7887764610102825,0.2009632188819542,0.4948698399461184,False
cg16675872,-0.11215803396023365,0.19026195651109393,0.15120999523566378,False
cg16681083,0.22005877532024734,0.033116751588927025,0.1265877634545872,False
cg16693012,-0.5349907696238798,-0.4528318956295726,0.4939113326267262,True
cg16693870,-0.949138775236798,-0.18326359443066478,0.5662011848337314,False
cg16695253,-0.38092060353856905,-0.34525543256734187,0.36308801805295543,True
cg16707227,,-0.9887409578043264,,False
cg16708264,-0.029261379368654094,0.0037435193844618016,0.016502449376557947,False
cg16718263,0.939342303861542,0.3060787300143453,0.6227105169379437,True
cg16720619,-0.04287308896726115,-0.6683228365215663,0.35559796274441374,False
cg16725225,-0.44833238369550255,-0.30811420414559243,0.3782232939205475,True
cg16727006,-0.9148572520648133,-0.32141451811547517,0.6181358850901442,True
cg16727585,0.1961901719346953,-0.21634728817709556,0.2062687300558954,False
cg16730716,0.07953347760142165,0.1855111519489935,0.1325223147752076,False
cg16732654,0.3463950940330487,0.4723665514760296,0.40938082275453913,True
cg16736889,-0.1603828318757955,-0.16236638316419155,0.16137460751999352,False
cg16737267,-0.2275583323263671,-0.6793173438096465,0.4534378380680068,False
cg16749785,-0.788720174153048,0.04440283467394208,0.41656150441349504,False
cg16755475,0.279555757878752,0.40461419959555694,0.3420849787371545,False
cg16756854,-1.329471025424,-0.7554063017373754,1.0424386635806877,True
cg16758272,0.5614631869907805,-0.2270277472176474,0.39424546710421393,False
cg16760382,1.281664702095612,-0.24781513511795292,0.7647399186067825,False
cg16773043,-0.7990893246031371,0.0696894050113532,0.43438936480724516,False
cg16773741,-0.6001591526100282,-0.5112520208708277,0.5557055867404279,True
cg16775598,-1.0182549355020647,-0.7640659792139659,0.8911604573580153,True
cg16781647,0.9842176318398436,0.3274770512595744,0.655847341549709,True
cg16781907,-0.8094744312515864,0.06994942633516349,0.43971192879337495,False
cg16782174,-1.5521916568434833,-0.6463675086161417,1.0992795827298125,True
cg16783412,-0.24527563684223302,-0.47054663198184943,0.35791113441204125,False
cg16802439,0.011442689116552806,-0.4498977689695179,0.23067022904303536,False
cg16805291,-0.23737785552163918,-0.06608445488425535,0.15173115520294728,False
cg16808481,-0.5371493724948692,-1.093149876732121,0.815149624613495,True
cg16814808,0.40799676394575823,-0.08131432763013766,0.24465554578794796,False
cg16815625,-0.5101871046330338,0.21068902317674373,0.3604380639048888,False
cg16825290,0.3476791063014801,-0.14448781478226913,0.2460834605418746,False
cg16831085,0.1971177031186831,0.3237722037867118,0.26044495345269747,False
cg16831889,-0.5495971150406852,-0.19111991436703285,0.37035851470385905,False
cg16844053,-0.7781936183758801,-0.5508991930569967,0.6645464057164384,True
cg16849046,0.041682983497771595,0.17431713683477879,0.1080000601662752,False
cg16850192,-0.44594210000960244,-0.2514721007504626,0.3487071003800325,False
cg16851417,-0.28172387125245746,-0.9192302617579555,0.6004770665052065,False
cg16854917,0.5240161538351793,0.1317626892644347,0.327889421549807,False
cg16859968,-0.7271616721694784,-0.21030824810263404,0.4687349601360562,False
cg16863382,-0.5701725748211764,0.07023823227258305,0.32020540354687976,False
cg16864867,-1.079981020614854,0.15853737374886007,0.619259197181857,False
cg16874252,-0.22516331658405803,-0.16616391810276585,0.19566361734341192,False
cg16875554,-0.23478402002183707,0.11184451949202467,0.17331426975693087,False
cg16879936,-0.448047020740824,0.10466408221787968,0.2763555514793518,False
cg16884491,-1.4077003373689196,-0.7729488060181797,1.0903245716935497,True
cg16887420,-0.45883674038156597,-0.20278745734777176,0.3308120988646689,False
cg16891318,-0.6546997648009708,-0.027062437128002725,0.34088110096448676,False
cg16896618,-0.3227559607516538,-0.013972303951375373,0.1683641323515146,False
cg16897550,-0.3182064312715753,-0.1375346083334474,0.22787051980251133,False
cg16904430,-0.5433947742395044,-0.299186427342944,0.4212906007912242,False
cg16906456,-1.0921544024099687,0.039134922874862796,0.5656446626424158,False
cg16909293,0.09279572377026503,0.002822399308502032,0.04780906153938353,False
cg16909341,-0.7457276329108763,-0.9634786465423837,0.85460313972663,True
cg16914674,0.8687243472782643,-0.17573710895850625,0.5222307281183853,False
cg16916914,0.22355447685500587,0.10341770808508452,0.1634860924700452,False
cg16926316,-0.08936528367714891,0.4360490953469308,0.26270718951203986,False
cg16926502,-0.6318070722389065,-0.1979607025205312,0.4148838873797189,False
cg16931707,-0.724249410775142,-0.5556764655030872,0.6399629381391146,True
cg16932285,0.1350827326010081,0.06906719520416219,0.10207496390258514,False
cg16937769,0.11737208585667804,-0.2874043052807744,0.2023881955687262,False
cg16944964,-0.007993032210884227,0.24775482183418823,0.12787392702253622,False
cg16953816,-0.043554164904166505,-0.27368025874608776,0.15861721182512714,False
cg16954508,-0.31118720607343414,-0.4568088978737624,0.38399805197359826,True
cg16958939,0.23547149713391713,0.32495361689477653,0.28021255701434683,False
cg16970232,0.2112848034417903,-0.4609970832433169,0.3361409433425536,False
cg16971827,-0.4215982929300991,-0.07324456515504078,0.24742142904256995,False
cg16977858,-0.24090509077440828,-0.5804486779838633,0.4106768843791358,False
cg16985301,0.13062600729973373,0.2775477320482445,0.20408686967398912,False
cg16988611,-0.6096492192837563,-0.12819058414859333,0.3689199017161748,False
cg16992599,-0.020034721229064332,0.07758148621574036,0.048808103722402345,False
cg17000666,-0.13595777346862362,-0.5561320678452804,0.34604492065695197,False
cg17005319,0.41115064169405163,-0.3726777779793543,0.391914209836703,False
cg17006413,0.0456058584362164,0.573071853238505,0.3093388558373607,False
cg17016000,-0.5561342259374891,-0.2395977007165691,0.39786596332702906,False
cg17016175,0.09881146329267579,-1.1320472871541378,0.6154293752234068,False
cg17021988,-0.7470208187258701,0.15046130443564795,0.44874106158075905,False
cg17030820,-0.19591511468608938,-0.05092844260561815,0.12342177864585377,False
cg17031475,-0.9351565282667054,-0.6012432623820646,0.7681998953243849,True
cg17032081,-0.24390325123839962,0.11119682792339984,0.17755003958089974,False
cg17039645,0.10132019891976787,0.019978382005685726,0.060649290462726796,False
cg17052552,0.23274349201244626,-0.4856931160863429,0.3592183040493946,False
cg17053963,0.0833557732075165,-0.5624825980376446,0.32291918562258054,False
cg17056048,-0.3305563809381527,0.0932641638416064,0.21191027238987956,False
cg17062279,-0.07978405463500118,-0.4852744016611347,0.28252922814806797,False
cg17074014,0.6474307105149743,-0.23482586689609306,0.44112828870553367,False
cg17078393,0.26837523367387567,0.2906242228671827,0.27949972827052916,False
cg17080283,-0.9540320222423273,-0.17924294882837893,0.5666374855353531,False
cg17086773,-0.21038065842057835,-0.10163349542882122,0.15600707692469978,False
cg17090611,-0.5495269657775057,-0.1521522638253358,0.3508396148014208,False
cg17091967,-0.6982103990091679,-0.4217330734053118,0.5599717362072398,True
cg17094363,-0.0009424607750749233,0.33461117789615547,0.1677768193356152,False
cg17095147,-0.7710268807972925,-0.1566036462880854,0.463815263542689,False
cg17095315,-0.9181573311969715,-0.8248015335908734,0.8714794323939224,True
cg17098995,-0.44399481020767684,-0.5986741027908676,0.5213344564992722,True
cg17102325,-0.5201715152151717,0.26094526759623843,0.39055839140570503,False
cg17107017,-0.08075434510578143,-0.29094809845751746,0.18585122178164945,False
cg17107572,0.6021240689811451,-0.3443705515965754,0.47324731028886025,False
cg17117981,0.26324181412023384,0.5627900898682999,0.4130159519942669,False
cg17123327,0.18726554191477443,0.17588276775527015,0.1815741548350223,False
cg17124478,-1.2433405615309803,-0.9759900063279386,1.1096652839294594,True
cg17126924,0.0020259438405382845,0.10063701003993866,0.05133147694023847,False
cg17141696,-1.015399495138263,-1.0635748812905501,1.0394871882144066,True
cg17142183,-0.25467268589084235,-0.480394152604317,0.36753341924757965,False
cg17147526,-0.1714454397478059,-0.8578931866566704,0.5146693132022382,False
cg17151604,-1.4775623956652513,-0.3995492766599135,0.9385558361625824,True
cg17152436,0.04935663361367973,-0.6390807415927611,0.3442186876032204,False
cg17158941,-0.5790538011374349,-0.2502366280858366,0.4146452146116357,False
cg17159699,-0.502387695534143,-0.22769401630137187,0.3650408559177574,False
cg17160984,0.3501602985236998,-0.40421284215515463,0.3771865703394272,False
cg17165158,0.7168365333154645,0.06906594675041611,0.3929512400329403,False
cg17169196,0.5430072713584461,-0.19200421076336496,0.3675057410609055,False
cg17176005,-1.0203326718822214,-0.3112620447274091,0.6657973583048152,True
cg17176209,-0.625999623917905,-0.522094904874354,0.5740472643961294,True
cg17183174,-0.5386217723108049,0.1677844580095672,0.35320311516018604,False
cg17187595,0.13494034674852368,0.2498569423575363,0.19239864455303,False
cg17200768,0.4788737535742391,0.14361500548937728,0.31124437953180817,False
cg17200920,0.510700065130925,-0.1282431851994794,0.3194716251652022,False
cg17203290,-0.255247957681439,0.13717706493260576,0.19621251130702239,False
cg17206001,-0.9550850866123575,-0.10933928691105572,0.5322121867617066,False
cg17211761,-0.2674404617114195,-0.5341394114756366,0.400789936593528,False
cg17212304,-0.3288944527734447,-0.3972348189359663,0.3630646358547055,True
cg17214089,-1.0060353826306532,-0.5839328564359881,0.7949841195333207,True
cg17231494,-1.0879736937624849,-0.42603387033847556,0.7570037820504802,True
cg17231776,-0.5175542181231926,0.1343626071042272,0.3259584126137099,False
cg17232476,-0.3464466528659751,-0.06309849973991911,0.2047725763029471,False
cg17252645,0.23702270986819035,0.5555232752831906,0.3962729925756905,False
cg17257554,-0.39095340018608765,-0.6638388465952834,0.5273961233906855,True
cg17261508,-0.27299026028547124,-0.4584676214696534,0.36572894087756236,False
cg17268233,-0.7411424302161603,0.06026557296210897,0.40070400158913466,False
cg17272126,-1.2789652008384025,-0.4164850269702199,0.8477251139043112,True
cg17274072,0.008878179295014362,-0.374201434783578,0.19153980703929618,False
cg17274742,-0.8509933271323278,-0.10225533922564621,0.476624333178987,False
cg17275162,-0.12964509269866442,0.30009179667195046,0.21486844468530744,False
cg17276002,0.895638334256769,0.18375392486891576,0.5396961295628424,False
cg17278864,0.2033387496219121,-0.21708560020902876,0.21021217491547042,False
cg17282428,-0.1380945509552154,-0.3715836299113068,0.2548390904332611,False
cg17282688,-0.8373213909806155,-0.235230687820672,0.5362760394006437,False
cg17290508,-0.15746268288954995,-0.7327120822622839,0.44508738257591696,False
cg17298704,-0.2607027994824777,0.13195654522707304,0.1963296723547754,False
cg17299615,0.027526589834777734,0.3576096911714769,0.19256814050312732,False
cg17300544,0.06563809262809744,0.08675942234383946,0.07619875748596845,False
cg17304168,0.08803304315018474,0.01050600730611436,0.04926952522814955,False
cg17304276,-0.2653200790808222,-0.40156710386523414,0.33344359147302816,False
cg17307919,-0.6109674998607991,0.5288095896524821,0.5698885447566406,False
cg17311865,-0.22414415614690741,-0.19264103602568783,0.20839259608629762,False
cg17331920,-0.6178811645703325,-0.2510760746506146,0.4344786196104735,False
cg17334372,-0.7204278266712054,-0.3959665153526591,0.5581971710119322,True
cg17363387,-0.49629868087407236,0.3889783124066393,0.4426384966403558,False
cg17382048,-0.43709847414984637,0.06310106073798841,0.2500997674439174,False
cg17384124,0.1046432841398794,-0.748954479368632,0.42679888175425573,False
cg17391877,-0.40239935246351055,-0.5134301075704273,0.4579147300169689,True
cg17392018,-0.3101241273522238,-0.07533936162644574,0.19273174448933475,False
cg17405586,-1.2437702884000328,0.09072252663244335,0.6672464075162381,False
cg17407629,-1.4324478372857998,-0.7819200173777033,1.1071839273317516,True
cg17415355,-0.47697796020825184,-0.7577674982684189,0.6173727292383354,True
cg17417720,0.15613824226133896,-0.17982202927624252,0.16798013576879073,False
cg17431922,-1.1257618123294038,-0.2916800698411223,0.7087209410852631,False
cg17440757,0.14992022471014355,0.2286429105206268,0.18928156761538517,False
cg17444479,-0.014378201777346137,-0.014065235691043312,0.014221718734194724,False
cg17445845,-0.4377264029718836,-0.6444039891419551,0.5410651960569193,True
cg17453671,0.12994036000154832,0.5042600276028596,0.31710019380220394,False
cg17453767,-0.46140009299008666,0.0936248119472577,0.2775124524686722,False
cg17458693,-0.39288183775848,-0.10474284015561622,0.24881233895704813,False
cg17459215,-0.5939086080928485,-0.5455777732399564,0.5697431906664024,True
cg17459635,-0.4624996146641189,0.08208952363031491,0.2722945691472169,False
cg17461670,-0.9538936194952085,-1.5983824180532413,1.2761380187742248,True
cg17465884,-1.0136996709417552,-0.624338532017569,0.8190191014796621,True
cg17470397,-0.48466663753304956,-0.005284383534562888,0.24497551053380623,False
cg17477578,-0.1622120073263003,-0.04854969462682998,0.10538085097656515,False
cg17479280,-0.009914464702162064,-0.3574084988293138,0.18366148176573793,False
cg17480467,-0.005692794017049419,-0.5090615218269331,0.2573771579219913,False
cg17482963,-0.10742648264402173,-0.14699404615186035,0.12721026439794103,False
cg17490981,-0.524681317567792,0.009770174361595189,0.2672257459646936,False
cg17501754,-0.5285451619451773,-0.08562797597081859,0.30708656895799796,False
cg17503786,-0.5326190417455225,-0.20480146723339424,0.3687102544894584,False
cg17504394,-0.5159733849336218,-0.6926953566012413,0.6043343707674316,True
cg17505469,-0.38860026897003247,-0.20021091157783286,0.29440559027393265,False
cg17510385,-0.5195534695993469,-0.48120796873468097,0.500380719167014,True
cg17514665,-0.6161012098510106,-0.5069475916008388,0.5615244007259247,True
cg17515767,0.06913919511236373,0.5202641595423751,0.29470167732736946,False
cg17516330,-0.6012357473801355,0.20009689551247214,0.4006663214463038,False
cg17517480,-0.21699201749826125,0.7050637808244115,0.46102789916133635,False
cg17518965,0.37781470585991433,0.261132262239317,0.3194734840496157,False
cg17519645,0.20447923937906085,-0.29833775613689273,0.2514084977579768,False
cg17525495,0.22868308806129023,0.04259054153084249,0.13563681479606637,False
cg17528559,-0.2938957270990353,0.10821531738641577,0.20105552224272552,False
cg17541002,0.06866310074825675,0.18176817704973267,0.1252156388989947,False
cg17543112,-0.46999978721082825,0.3685891660549498,0.419294476632889,False
cg17547742,-0.5799675543954298,-0.08020337769691192,0.33008546604617084,False
cg17552759,-0.42472642722758097,-0.1272691874260692,0.2759978073268251,False
cg17552869,-0.008042149030425232,-0.2838228783223782,0.1459325136764017,False
cg17565279,0.0670014441127097,0.7561495116608589,0.4115754778867843,False
cg17566718,-0.3548508724797556,-0.21878632157248898,0.2868185970261223,False
cg17572056,0.16656385367605947,-0.5121058306979921,0.3393348421870258,False
cg17573813,0.4385296862217319,0.2886171348785954,0.3635734105501637,False
cg17577122,0.8363376578297879,-0.2103310480459789,0.5233343529378833,False
cg17578755,-0.06904821032452513,0.2689917108576961,0.1690199605911106,False
cg17583256,-0.7642440468948104,0.0693120533378587,0.41677805011633456,False
cg17583844,-0.49874071620728866,-0.3255271294466475,0.4121339228269681,True
cg17589319,-0.2247821343641632,-0.27687755415622006,0.2508298442601916,False
cg17589883,0.08400741092311309,-0.22734276459021752,0.1556750877566653,False
cg17603288,0.09857337312722317,-0.15219367541204606,0.12538352426963462,False
cg17610929,0.9474825632330492,0.6185293298655641,0.7830059465493067,True
cg17615629,0.10780002706859805,-0.21247599451723478,0.16013801079291642,False
cg17626301,-0.43899721493204,-0.5588712659101542,0.49893424042109713,True
cg17626960,-0.06581352091049003,0.03230507590776717,0.0490592984091286,False
cg17629929,0.27605669811558303,0.03131917728852008,0.15368793770205155,False
cg17631779,-0.40920481107681494,-0.1689934791076415,0.2890991450922282,False
cg17633015,0.047522132929693255,0.02446070485520415,0.0359914188924487,False
cg17634650,0.3618403538384585,0.13423265686564345,0.24803650535205096,False
cg17652998,0.14671228283673274,0.33478897790663825,0.24075063037168548,False
cg17660833,0.012381868977035089,-0.41049137147132586,0.21143662022418047,False
cg17675311,-0.8719103359570777,-0.3629854044969677,0.6174478702270227,True
cg17676806,-0.26622121828722706,-0.6841890013748648,0.4752051098310459,False
cg17677524,-0.26126823148072265,0.04727346659150282,0.15427084903611274,False
cg17685004,-0.5902957640956139,0.07040364040127185,0.3303497022484429,False
cg17693222,0.3304733003192153,0.5353634971829745,0.4329183987510949,True
cg17697483,-0.6296918254784325,0.022585782689696545,0.32613880408406454,False
cg17701168,-0.04036586901743894,-0.4598780278805758,0.25012194844900737,False
cg17702388,0.00819668820861315,-0.5439541553343877,0.27607542177150046,False
cg17709873,-0.4012206756646828,0.0368968999805567,0.21905878782261973,False
cg17714010,-0.08707807139909923,-0.8166952975766849,0.45188668448789204,False
cg17725364,-0.4706306423830024,-0.6237887538451311,0.5472096981140667,True
cg17727929,-0.26754953320097524,-0.3193187403375241,0.2934341367692497,False
cg17731243,-0.5143058564133408,-0.12760834448516856,0.3209571004492547,False
cg17731973,-0.3922248924327098,-0.7082219382445237,0.5502234153386167,True
cg17732216,-0.5681748702532695,-0.5974681005264872,0.5828214853898783,True
cg17738010,-0.6308511492965602,-0.1663727848495881,0.3986119670730741,False
cg17738521,0.3403735017148083,0.5723508882657278,0.45636219499026803,True
cg17738684,-0.5564584496253089,-0.2379355676554267,0.3971970086403678,False
cg17741993,-0.29305715200162635,-0.1187921306169525,0.20592464130928942,False
cg17754510,0.5612079376142962,0.26227525429263704,0.4117415959534666,False
cg17766305,-0.5130286573807025,-0.17575097902606768,0.3443898182033851,False
cg17768491,0.844323140739837,-0.0680714769826732,0.45619730886125515,False
cg17768768,-0.18751556703727473,0.07191407180662086,0.1297148194219478,False
cg17774559,0.1107036930027171,-0.3023707152388026,0.20653720412075985,False
cg17784922,-0.7487481716207178,0.10705511215989731,0.42790164189030755,False
cg17797395,-0.16586137831027725,-0.430556441351391,0.29820890983083415,False
cg17799295,0.33916110016124573,-0.41577572569270554,0.37746841292697564,False
cg17800870,-1.6394979201358535,-1.0729765740558652,1.3562372470958595,True
cg17811994,-1.0443842018505318,0.203132087336059,0.6237581445932954,False
cg17813891,-0.3410717704869987,-0.06608041459350243,0.20357609254025058,False
cg17820878,0.23374319432410454,0.27190441475921057,0.25282380454165754,False
cg17826168,-0.1754964409697822,-0.6849412160103867,0.43021882849008447,False
cg17826530,0.0383667367166657,-0.28494434665947405,0.16165554168806986,False
cg17828255,-0.2638209300169512,0.33965169463316786,0.30173631232505954,False
cg17838182,0.4147636023051668,-1.2334271839888211,0.824095393146994,False
cg17846016,-0.4902627422912661,-0.1842735699525868,0.33726815612192645,False
cg17854654,-1.04933342880126,-1.2494432466711627,1.1493883377362113,True
cg17855595,-0.45003041712230196,-0.19349488120120023,0.3217626491617511,False
cg17868320,0.10414569667928796,0.5457696412006036,0.32495766893994577,False
cg17869472,0.015246703458485085,0.14841889830017876,0.08183280087933192,False
cg17893934,0.11746058634909215,0.002462557675712693,0.059961572012402424,False
cg17895018,0.8098776279380031,0.01821325688692922,0.41404544241246616,False
cg17895080,-0.6604979325852015,-0.46870452143137903,0.5646012270082903,True
cg17895496,-0.5371062229830388,-0.4537883295397887,0.4954472762614137,True
cg17896897,-0.9265138535727487,-0.14814011018477785,0.5373269818787633,False
cg17907628,-0.4684915487815174,-0.39939891547522377,0.43394523212837055,True
cg17914107,-1.2576290183922776,-0.40335016101261867,0.8304895897024481,True
cg17917529,-0.6026895478400495,-0.4472970028484215,0.5249932753442355,True
cg17918270,-0.18959253551783187,-0.3700337759470983,0.27981315573246507,False
cg17925084,-0.31047296686854436,0.03182680569729795,0.17114988628292116,False
cg17930505,0.23611716860687001,-0.18604514064102734,0.21108115462394866,False
cg17932662,-0.43153695432507,0.26250612197924744,0.34702153815215875,False
cg17937497,-0.44864315449247294,-0.7664558673627822,0.6075495109276275,True
cg17939040,0.2918237115654112,-0.21890324286993373,0.2553634772176725,False
cg17944981,-0.25163892545322797,0.21972751651935085,0.2356832209862894,False
cg17945976,0.2516632507325903,0.07832351794144987,0.1649933843370201,False
cg17947174,,-0.5235256672613318,,False
cg17947175,0.20974987372110415,0.2577867977368498,0.23376833572897698,False
cg17947992,-1.0565893607042711,-0.6377466854924398,0.8471680230983555,True
cg17949727,0.20522949779173813,-0.11950174925030731,0.1623656235210227,False
cg17950435,0.5193896606728321,0.04157665487999691,0.2804831577764145,False
cg17952661,0.7035610250558688,0.7601697178456233,0.731865371450746,True
cg17960717,-0.8648839498118286,0.06860992549981663,0.4667469376558226,False
cg17961200,-0.2537464282549094,0.35544092309999276,0.3045936756774511,False
cg17961943,-1.1327059518726648,-0.3565028812510236,0.7446044165618442,True
cg17965712,0.5421446182675138,0.7757386687645612,0.6589416435160376,True
cg17969853,0.35227174435071584,0.08515871678871005,0.21871523056971295,False
cg17970328,-0.13814080609104035,-0.021018854149982835,0.07957983012051159,False
cg17971587,-0.48028386974205856,0.42975021391339635,0.45501704182772745,False
cg17976191,0.725535278362828,0.05932431831704685,0.39242979833993746,False
cg17976229,-0.3920304867753968,-0.19495770973599041,0.2934940982556936,False
cg17976576,0.17342735359477734,0.01435813634893096,0.09389274497185415,False
cg17979616,-0.2610019439373027,-0.3019212329326858,0.28146158843499425,False
cg17984638,0.040750396909775534,-0.14975514677067536,0.09525277184022544,False
cg17989952,-0.5889689613142804,-0.030314837029207294,0.3096418991717439,False
cg17991206,-0.3565150765491665,-0.5656493424113793,0.4610822094802729,True
cg17991430,-0.5474926677173265,-0.20431079334899405,0.3759017305331603,False
cg17994840,-0.29746486607739797,-0.050954875539435986,0.174209870808417,False
cg17995557,-1.151014783220295,-0.4286604642325224,0.7898376237264088,True
cg18000693,-0.07560937037731191,-0.7623839232614787,0.4189966468193953,False
cg18003970,-0.6054641019102294,-0.03090632153182415,0.31818521172102676,False
cg18008451,-1.0390582516359124,0.002135348882511336,0.5205968002592118,False
cg18011064,0.045064363166478764,0.4326689523643047,0.23886665776539173,False
cg18011872,-0.24709986367289835,-0.3033178219523203,0.2752088428126093,False
cg18017849,0.45949128182905113,-0.5746559257391013,0.5170736037840762,False
cg18023065,-0.0036020717528306044,-0.5040849056724496,0.25384348871264006,False
cg18024037,0.27814525651838146,0.1725159439821391,0.22533060025026028,False
cg18031239,-0.33772461617641175,0.048660505496080086,0.19319256083624592,False
cg18037893,-0.582153773525393,-0.25381142483051444,0.4179825991779537,False
cg18040181,0.21245880300417555,-0.22648117777795815,0.21946999039106685,False
cg18050634,0.16786053167835863,-0.18136883849658902,0.17461468508747383,False
cg18061579,-0.2035700751938585,-0.1944206628527202,0.19899536902328935,False
cg18066690,-0.4254036873854549,-0.22930877583911963,0.3273562316122873,False
cg18067069,0.08287801417862233,-0.4529602844158994,0.26791914929726085,False
cg18067520,-0.7680873911443276,-0.33209017358541637,0.5500887823648719,True
cg18067859,-0.15808593163661425,-0.07556186387940622,0.11682389775801023,False
cg18069290,1.3293502723248949,0.7400928567043598,1.0347215645146273,True
cg18070812,-0.6490834132579913,-0.31584687848640647,0.4824651458721989,True
cg18074611,-0.6389483793273506,-0.6718347945623134,0.655391586944832,True
cg18075011,-0.0454464402774897,0.5426418302437118,0.29404413526060075,False
cg18075666,-0.8528540511652741,-0.14075166751176788,0.496802859338521,False
cg18080532,-0.8797449449737057,-0.1327661200372957,0.5062555325055007,False
cg18085869,-0.6066350402100624,-0.7438358321906258,0.6752354362003441,True
cg18090970,-0.5063398140351154,-0.8915021589271085,0.6989209864811119,True
cg18095675,-0.5488270443959097,0.36105207698372827,0.454939560689819,False
cg18099408,-0.5873245631116307,-0.1845416021670479,0.38593308263933934,False
cg18100734,-1.5502287593628452,0.11082537844039987,0.8305270689016225,False
cg18104645,0.0781825545205281,0.14200286770277973,0.11009271111165392,False
cg18104979,-0.8149970988123914,0.04138234798605458,0.42818972339922295,False
cg18112681,-0.5185379933830867,0.09037930021180705,0.3044586467974469,False
cg18114890,-0.08524361813183975,0.04576489201606284,0.0655042550739513,False
cg18118503,-0.0998750108650913,0.06322768332002333,0.08155134709255732,False
cg18119644,-0.3789101417737494,-0.22174625776943677,0.3003281997715931,False
cg18121066,0.20815251132583243,-0.31109869388695827,0.25962560260639533,False
cg18121684,-0.9885124419227287,0.10024818679814561,0.5443803143604371,False
cg18134731,-0.25619353689315394,-0.46335167857662324,0.3597726077348886,False
cg18137598,-0.9340006924667247,-0.2682552480299395,0.6011279702483321,False
cg18145937,-0.4970549183393793,-0.008636582312485394,0.2528457503259324,False
cg18148314,0.06966982779001137,-0.04150474304952391,0.05558728541976764,False
cg18149119,-0.6863460890571421,0.06672543770349662,0.37653576338031935,False
cg18150584,-0.5260360972854258,0.20420703633775733,0.3651215668115916,False
cg18165707,-0.22745393622468643,-0.20379267814811897,0.2156233071864027,False
cg18168751,0.41881870323629744,-0.5219656305452406,0.470392166890769,False
cg18169971,-0.3115224949653401,-0.0628015078005285,0.18716200138293432,False
cg18179075,0.0498193624244305,-0.08415752851523775,0.06698844546983412,False
cg18182548,-0.2680443396707321,0.21855485109281686,0.24329959538177448,False
cg18184053,-0.30511646264595793,-0.21672945402362923,0.26092295833479356,False
cg18185987,-0.559073190170245,-0.9265125314362189,0.7427928608032319,True
cg18186081,-1.4355585226062126,-0.631784617943605,1.0336715702749089,True
cg18196829,-0.40116679299606184,0.02297693166955112,0.21207186233280648,False
cg18207099,,-1.2112716171594535,,False
cg18210365,-1.0059347058254366,-0.22416081479504368,0.6150477603102402,False
cg18221336,-0.5273997987789713,-0.17871456131219926,0.3530571800455853,False
cg18222083,0.10698778814460902,0.15562934779036092,0.13130856796748497,False
cg18224445,0.006755666550567696,0.03257576001726296,0.019665713283915327,False
cg18229820,-0.03461791728883906,-0.22628864754843503,0.13045328241863705,False
cg18231267,-0.7067954886412794,-0.5481641136251614,0.6274798011332203,True
cg18238570,-0.5097076201244077,-0.02728405684412568,0.2684958384842667,False
cg18247172,-0.514885756814019,-0.4492140841593124,0.48204992048666573,True
cg18262591,-0.28094742058629946,-0.8249555725834052,0.5529514965848523,False
cg18262801,-0.6376579699675415,0.3601675935730278,0.49891278177028464,False
cg18297349,-0.6885922861600735,0.057088178037334944,0.3728402320987042,False
cg18297538,0.535178830293311,0.6586130277151718,0.5968959290042415,True
cg18303215,0.42431791030269084,0.11435136445615143,0.26933463737942115,False
cg18305583,-2.012605650189513,-0.6513954467302495,1.3320005484598814,True
cg18307928,-0.3955970858028279,0.6774729646840811,0.5365350252434545,False
cg18310515,-0.30358974613445433,0.36746594362945906,0.3355278448819567,False
cg18325315,-0.5023648797420801,0.1378366908845839,0.32010078531333197,False
cg18327319,-0.4156509981984308,-0.08533848628066282,0.2504947422395468,False
cg18346544,-1.0581871166462982,-0.05897064123676379,0.558578878941531,False
cg18349022,0.488371660745484,-0.2666593361469594,0.3775154984462217,False
cg18352710,-0.1350856400285798,-0.16641659159900585,0.15075111581379283,False
cg18365383,-0.519872701634598,-0.785952477156977,0.6529125893957874,True
cg18368411,0.36242908484494707,0.17836226966454405,0.27039567725474556,False
cg18380211,-0.0864196282170846,-0.13145848611380037,0.10893905716544248,False
cg18383680,-1.3447347218907324,-0.3481699698338147,0.8464523458622736,True
cg18395354,-0.20861518692312692,-0.1830630881607991,0.19583913754196303,False
cg18395917,0.8648523819869345,-0.03538559223305681,0.45011898710999565,False
cg18403285,-0.43260641626804885,-0.5988916324279087,0.5157490243479788,True
cg18405262,-0.6076508649389842,0.30391207471595366,0.4557814698274689,False
cg18406852,-0.5042768897911912,-0.8077089781449396,0.6559929339680655,True
cg18413025,-1.0796553760450387,-0.9048493090221391,0.992252342533589,True
cg18430255,-0.5030462478519269,-0.460059836594314,0.48155304222312045,True
cg18432768,-0.9204055679700154,-0.6618508079136998,0.7911281879418576,True
cg18436810,-0.41942716795326274,-0.4409361813375693,0.430181674645416,True
cg18442362,-0.8848258131741663,-0.5011484641239478,0.692987138649057,True
cg18445715,-0.563433227255393,-0.3438209935202159,0.45362711038780446,True
cg18449135,-1.0762671017006835,0.11984532301371398,0.5980562123571987,False
cg18450582,0.019734351441983055,-0.3533724824908872,0.18655341696643513,False
cg18460120,-0.009272885005161165,0.1289240854427773,0.06909848522396923,False
cg18461635,-0.14099901573565707,0.31452001993068096,0.227759517833169,False
cg18463607,-0.4004653880062107,-0.048503549301536115,0.2244844686538734,False
cg18465245,-0.2163406860440678,-0.5392596324482988,0.37780015924618326,False
cg18466378,-0.15887511348192862,-0.31302756911227336,0.235951341297101,False
cg18468019,-0.2664142629205263,-0.07507276373503906,0.17074351332778268,False
cg18468726,0.4922168316661186,0.22436206989219373,0.3582894507791562,False
cg18469148,-1.0825833818265984,-0.47121948302508526,0.7769014324258419,True
cg18470038,0.041157083769111466,-0.09270886123278113,0.06693297250094629,False
cg18470456,0.21666869409598857,0.38623643966479376,0.3014525668803912,False
cg18476478,-0.4554629315116836,0.009602678839793191,0.2325328051757384,False
cg18476766,-0.10429910585350823,-0.10199439009051942,0.10314674797201381,False
cg18483549,-0.40784354008189383,-0.7276178695465626,0.5677307048142282,True
cg18492803,-0.13303765588684116,0.7031968102307519,0.4181172330587965,False
cg18493214,0.04545513492412348,-0.029410965094673,0.03743305000939824,False
cg18494190,-0.2247404164944446,-0.33595288794523437,0.28034665221983945,False
cg18498684,-0.569111965380038,-0.17706808286661566,0.37309002412332687,False
cg18502618,0.3498478839578019,0.1901685774470676,0.27000823070243474,False
cg18502917,0.027261927475108104,0.49635399756336607,0.2618079625192371,False
cg18507018,-0.14773427995206745,-0.024013967713772278,0.08587412383291987,False
cg18508525,-0.0660960491885214,-0.18629022464913092,0.12619313691882617,False
cg18509239,-0.36068397721645473,-0.13185004139584955,0.24626700930615214,False
cg18516150,-0.13286574772724116,-0.009944815427775158,0.07140528157750817,False
cg18517540,-0.05013953517927603,0.18662651276212064,0.11838302397069833,False
cg18536123,,0.3183205611290031,,False
cg18538900,0.11654422267061725,-0.2869113167337174,0.20172776970216733,False
cg18546037,-0.153391454692339,-0.025967780375603915,0.08967961753397145,False
cg18550847,-1.242798291745396,0.17955165999471817,0.7111749758700571,False
cg18553732,-0.037605107324788854,-0.44506087858426907,0.24133299295452895,False
cg18554976,-0.8266498746682838,-0.24319997540918237,0.5349249250387331,False
cg18556420,-0.9349463193274491,-0.5067993348657467,0.7208728270965978,True
cg18557212,-0.402677791273505,-0.3400063895210097,0.37134209039725735,True
cg18563812,-0.3004622327753992,0.25759762425738253,0.27902992851639086,False
cg18564727,-0.7686123333306899,-0.7717812086940183,0.7701967710123541,True
cg18564849,-0.4925428452671463,0.2293064735133342,0.36092465939024027,False
cg18574995,-0.12393009555739068,0.18476532836264614,0.1543477119600184,False
cg18579761,-0.0009204328749150161,-0.4246818868452331,0.21280115986007406,False
cg18588835,0.8835385193757124,-0.7413735955894097,0.812456057482561,False
cg18590335,-0.39286893916427995,-0.42668062794149414,0.40977478355288705,True
cg18590995,-0.46400917053546925,-0.4699684017669083,0.4669887861511888,True
cg18592294,-0.02966343516019193,-0.6000505996893596,0.3148570174247758,False
cg18593727,-0.6433815045421174,-0.24364176146935998,0.4435116330057387,False
cg18594033,-0.5609184806350497,0.19245015486403427,0.376684317749542,False
cg18596689,-0.25461817678150467,0.20806514845583576,0.23134166261867023,False
cg18602928,-0.30404194274984925,0.07912265146278466,0.19158229710631697,False
cg18612612,-1.1415620164601339,-0.5332810400476218,0.8374215282538778,True
cg18632189,-0.6385341191893786,0.1569294038195724,0.39773176150447553,False
cg18636698,0.05900933604848254,0.220490793218401,0.13975006463344178,False
cg18637238,-0.6432372118422165,-0.3381664187619969,0.49070181530210666,True
cg18641463,0.16887076660496417,0.1337481720195025,0.15130946931223332,False
cg18645647,-0.5434200562520105,-1.1366407371413152,0.8400303966966629,True
cg18659483,0.08646340457771573,-0.6408398298058268,0.36365161719177125,False
cg18661550,-1.3476067039679986,-0.5632095726717139,0.9554081383198563,True
cg18664915,-0.4649186132583892,0.14860386232982553,0.30676123779410736,False
cg18672716,-0.163906874339247,0.32312744442324226,0.24351715938124463,False
cg18679190,-0.08927302631957686,-0.05743003949466452,0.07335153290712068,False
cg18684207,0.44907881726003207,0.24321997531341913,0.3461493962867256,False
cg18685915,-0.41949762765861753,-0.17463633732636458,0.2970669824924911,False
cg18703066,-0.09821997250103681,0.38295057280849015,0.24058527265476348,False
cg18703721,-0.9811145338546571,-0.8907125815601564,0.9359135577074067,True
cg18715193,-1.0058800521401672,-0.6009057172954522,0.8033928847178097,True
cg18724912,-0.5307812681589337,-0.472563897638359,0.5016725828986464,True
cg18725348,0.012972973999492151,-0.07517919447904985,0.044076084239271,False
cg18731460,-0.2603994705660818,0.10617602790082709,0.18328774923345445,False
cg18733315,-0.37267870308503753,0.09705578591105272,0.23486724449804514,False
cg18734095,-0.6874964144743164,-0.2958037159739069,0.4916500652241117,False
cg18735089,-0.18274684799472404,0.035858258268994414,0.10930255313185923,False
cg18737136,-0.059717051001173034,-0.21610154730478928,0.13790929915298117,False
cg18744355,-1.1049235520889504,-0.17750672351168253,0.6412151378003165,False
cg18749563,-0.5385866415431598,-0.6550535826920156,0.5968201121175878,True
cg18758433,0.0434176644731448,-0.5504103536317696,0.2969140090524572,False
cg18763100,0.10123266187970853,-0.18362360674859898,0.14242813431415374,False
cg18765133,-0.9995299836749056,-0.5609619795169424,0.780245981595924,True
cg18771538,-0.6639198716156766,0.1768074912661366,0.4203636814409066,False
cg18773129,-0.3748065106364558,-0.36903620759180517,0.3719213591141305,True
cg18782488,-1.0660303747861763,-0.5237934554268793,0.7949119151065278,True
cg18792131,-0.26277271779007405,-0.35059224507937164,0.3066824814347229,False
cg18792365,-0.0739731604490292,-0.21770529030711014,0.14583922537806968,False
cg18800235,-0.5144238961956594,-0.2700666473970585,0.39224527179635893,False
cg18805066,-0.20802000324204936,-0.012264871733245156,0.11014243748764727,False
cg18805164,0.37669526759475597,-0.04191081812722465,0.2093030428609903,False
cg18809729,-0.5887894244028475,0.26282805994755976,0.42580874217520365,False
cg18810983,-0.7145592125814912,-0.47952901883399235,0.5970441157077417,True
cg18811130,-0.3249593833037884,-0.7873851688803667,0.5561722760920775,True
cg18813928,0.07251003786313945,0.19864796995364722,0.13557900390839334,False
cg18817654,-0.42292402097255943,0.12061268276976264,0.27176835187116105,False
cg18822703,-0.4286050072632903,-0.24940007225943306,0.3390025397613617,False
cg18833822,-0.38324432013242715,-0.26658813047539653,0.32491622530391184,False
cg18835472,-0.6383888707731823,-0.36564334176532554,0.5020161062692539,True
cg18835815,-0.838317994688469,-0.5798879198980481,0.7091029572932586,True
cg18845377,1.2558128027796198,0.919621242199207,1.0877170224894135,True
cg18849169,0.04813677060796536,-0.1471577442694082,0.09764725743868678,False
cg18856388,0.8057035614327993,0.6268647645605028,0.716284162996651,True
cg18856478,0.11642991815395434,-0.34747366535134944,0.2319517917526519,False
cg18856501,0.6027016069571727,-1.0329884421874174,0.817845024572295,False
cg18857618,-0.691816353429022,-0.1568812415488385,0.4243487974889303,False
cg18860854,-0.6294856784235862,-0.17558105481521621,0.4025333666194012,False
cg18873763,-0.10655710699454922,0.43812344340430953,0.2723402751994294,False
cg18892132,-0.7813037333287204,-0.4468209309131661,0.6140623321209433,True
cg18892808,0.2708267628664647,-0.5064429021638254,0.388634832515145,False
cg18907098,-0.9528935934286605,-0.3544397600992675,0.6536666767639641,True
cg18909596,-0.6605696004155579,-0.3507074202826345,0.5056385103490962,True
cg18913923,-0.09908385347416411,0.012369071502608126,0.05572646248838612,False
cg18917643,-0.12998641080560341,0.3115268550925685,0.22075663294908596,False
cg18917957,-0.7706078362999698,-0.701735956995649,0.7361718966478094,True
cg18936997,-0.7963190746470965,-0.2326505613317583,0.5144848179894274,False
cg18937330,0.2236502512320025,0.0947902061473679,0.1592202286896852,False
cg18951862,-0.5576791437306836,-1.4013461895476764,0.97951266663918,True
cg18964954,-0.23957390747225565,-0.21376090998636527,0.22666740872931046,False
cg18976418,0.04409617858588728,0.03931604557741884,0.04170611208165306,False
cg18990407,-0.07816332094533524,-0.06926819876822424,0.07371575985677974,False
cg18993626,-0.5637238365081337,-1.0625917524100432,0.8131577944590884,True
cg18997983,0.19957607640670502,0.01922756634301252,0.10940182137485877,False
cg18999185,-0.8812991252387721,-0.7158702521902891,0.7985846887145306,True
cg19001909,0.29425185217526423,0.496318344556778,0.3952850983660211,False
cg19010850,-0.666238425734568,0.42944754902276605,0.547842987378667,False
cg19011001,-0.3158644819628553,-0.22939937938652222,0.27263193067468877,False
cg19015511,-0.8143219758503077,0.1590658160717914,0.48669389596104956,False
cg19016062,-0.36984211056834415,-0.026041817551555897,0.19794196405995002,False
cg19016273,-0.71783451381441,-0.4570912453795652,0.5874628795969876,True
cg19022006,-0.664182639059668,-0.7372407046647413,0.7007116718622046,True
cg19022254,-0.3283919253412743,-0.14045599583747992,0.23442396058937712,False
cg19023589,-0.16908726603914032,0.4078961636528518,0.28849171484599606,False
cg19029214,-0.8185479355400735,-0.5401553711398517,0.6793516533399626,True
cg19033555,-0.6121386923038185,-0.03807389172797144,0.32510629201589497,False
cg19037107,-0.545559448535582,0.32774137563135025,0.4366504120834661,False
cg19037467,-0.21218479169321958,0.00783842262769849,0.11001160716045903,False
cg19043778,0.044016037302027244,-0.17142185248797742,0.10771894489500233,False
cg19046730,-0.6684584198094998,-0.14375301999141707,0.40610571990045846,False
cg19047868,0.5781221394495927,-0.0003577891913079636,0.2892399643204503,False
cg19055390,-0.6285829121614671,0.08207903077783586,0.3553309714696515,False
cg19055828,0.7467397407203684,-0.16976407860952025,0.45825190966494433,False
cg19074493,-0.8208740757755106,-0.3751996080275531,0.5980368419015318,True
cg19082496,0.17708754268559537,0.2880436451673972,0.23256559392649628,False
cg19082708,0.18563021874758479,-0.1210863300680035,0.15335827440779415,False
cg19086309,-0.05712347274375184,-0.13610666884815006,0.09661507079595096,False
cg19087039,-0.652145718187742,-0.21713068002575828,0.43463819910675017,False
cg19087171,-0.02640949976802398,-0.21681398138411107,0.12161174057606752,False
cg19096849,-0.32779882411248007,-0.06971602973712958,0.19875742692480483,False
cg19111712,-0.4972890518049779,0.6291131635274269,0.5632011076662023,False
cg19135352,-0.45837113034031035,0.09286651169763598,0.27561882101897317,False
cg19147428,-0.3158241652275695,-0.39805744731646125,0.3569408062720154,True
cg19149899,-0.792804898020299,-0.050426126097635714,0.42161551205896736,False
cg19165942,-0.14593879470271756,0.04606166643641363,0.0960002305695656,False
cg19190487,-0.3755245007938292,-0.6832856984066382,0.5294050996002337,True
cg19192280,0.5146703229458586,0.30385084376622606,0.4092605833560423,True
cg19193135,-0.3649619097462801,-0.3927569295739577,0.37885941966011893,True
cg19201019,-0.047608552106929734,-0.06454584890110523,0.05607720050401749,False
cg19210276,-0.9238570403085916,-0.619518647502112,0.7716878439053518,True
cg19214331,-1.2337568243934331,-0.3163499436684788,0.7750533840309559,True
cg19222405,-0.5179593855649821,-0.06368410178994376,0.29082174367746294,False
cg19223190,,0.8748379087448123,,False
cg19225280,-1.3311036373858667,-0.6838299797832669,1.0074668085845668,True
cg19232164,-0.6717788994871942,-0.47815650609170757,0.5749677027894509,True
cg19236493,-0.5490267623782714,-0.19799368629078315,0.3735102243345273,False
cg19237600,-0.9941209571586086,0.18608735783420105,0.5901041574964048,False
cg19238824,-1.034948828002017,-0.0538402232168187,0.5443945256094178,False
cg19240637,0.3046148023338298,0.12230381422320803,0.21345930827851892,False
cg19251500,-0.43557979710493505,0.05405907007521871,0.24481943359007688,False
cg19252369,1.0409138175808073,0.25432630605351747,0.6476200618171624,False
cg19253743,-0.8808362991411016,-0.37021634143182597,0.6255263202864638,True
cg19255818,-0.14448424552338565,-0.12555241982885224,0.13501833267611896,False
cg19257200,-0.0771215119332822,0.4200993602778506,0.2486104361055664,False
cg19260718,-0.18447851428664083,-0.27319347368173175,0.2288359939841863,False
cg19263069,-0.17500705598397756,-0.23591244988685342,0.2054597529354155,False
cg19270505,0.38011864638504933,-0.13212873528666227,0.2561236908358558,False
cg19272547,-0.8883541444465417,-0.13607390435241642,0.512214024399479,False
cg19276014,-0.5534306149041323,-0.6076425206258033,0.5805365677649678,True
cg19277389,-0.12813032975074048,-0.5236674514245709,0.3258988905876557,False
cg19287320,-0.6888587902528387,-0.24439519765592063,0.4666269939543797,False
cg19289461,-0.042570076373190144,0.006842510892859063,0.024706293633024602,False
cg19299162,-0.07405247642257956,0.12188156977484535,0.09796702309871246,False
cg19300307,0.030173204561338,0.028650437191601933,0.029411820876469964,False
cg19301114,-0.2147175889375406,-0.2619831409325881,0.23835036493506434,False
cg19305111,0.8247012983668489,-0.1771923604330001,0.5009468293999245,False
cg19311431,0.10472497619192372,-0.5538041856550573,0.32926458092349054,False
cg19314834,-0.3877738834772114,-0.041255925209642164,0.2145149043434268,False
cg19314866,-0.9999049792490184,-0.26575612883760497,0.6328305540433117,False
cg19322825,0.1842475957484761,0.3548362358665324,0.26954191580750425,False
cg19326543,-0.5868461652584043,-0.4520511773346881,0.5194486712965461,True
cg19333963,0.4971832259701342,-0.023962678626883168,0.2605729522985087,False
cg19351350,-1.0793999198373814,-0.8527057341237704,0.9660528269805759,True
cg19351604,0.18109772022519896,0.2765370601547534,0.22881739018997616,False
cg19351954,0.010005384840572862,0.11643186772507329,0.06321862628282307,False
cg19358202,-0.13636465775041248,-0.17246692103476727,0.15441578939258988,False
cg19364068,0.18641684795225816,0.33008859357930764,0.2582527207657829,False
cg19369424,-0.8313452026520678,-0.2516817496392762,0.541513476145672,False
cg19371203,-0.3132186880450915,-0.05074531012383528,0.1819819990844634,False
cg19372975,-0.6353495030506022,-0.6665418648983774,0.6509456839744898,True
cg19382157,0.07273154632713404,-0.10646544301232168,0.08959849466972786,False
cg19389641,0.09417400968676799,0.4500307518202563,0.2721023807535122,False
cg19400601,-0.5575882798005171,-0.10837280497570462,0.3329805423881108,False
cg19410609,0.3260524826121717,0.40214470503652217,0.36409859382434695,True
cg19411729,-0.21740105229566267,-0.34353255216111517,0.28046680222838893,False
cg19412478,0.2789629467829929,0.24545558058107453,0.2622092636820337,False
cg19414630,-0.5367775478353103,0.01748874386189392,0.2771331458486021,False
cg19415383,-1.2584711721557955,-0.4258938432213377,0.8421825076885666,True
cg19419739,0.16280207185513937,-0.13892382392263422,0.1508629478888868,False
cg19429405,-0.2744557929061493,-0.07377705107436389,0.1741164219902566,False
cg19431009,-0.29331594301168007,-0.6925965644621673,0.4929562537369237,False
cg19434199,0.043769066024991546,0.08809772486268387,0.06593339544383771,False
cg19435547,-0.09400673420340776,0.11915943597509678,0.10658308508925227,False
cg19442149,-0.8252408548846453,-0.042663791174552004,0.43395232302959863,False
cg19452276,-0.8426908644267103,-0.7383149038869994,0.7905028841568549,True
cg19453686,-0.6563537210721653,-0.18400088855973015,0.4201773048159477,False
cg19456938,-0.18074222350603342,-0.24085488526130786,0.21079855438367062,False
cg19458233,-0.7434523721680203,-0.2682333712024259,0.5058428716852231,False
cg19460836,-0.07452662766449043,-0.21028206630471186,0.14240434698460114,False
cg19464484,-0.1496563543505806,0.2922439461821824,0.2209501502663815,False
cg19465159,-0.46321846905355063,-1.1457921027446034,0.804505285899077,True
cg19478558,-0.28527658290308705,0.4070786221600727,0.34617760253157986,False
cg19480724,1.0070383417153725,0.18292165980837716,0.5949800007618748,False
cg19481052,-0.6113346051548763,-0.11837815702410531,0.3648563810894908,False
cg19493250,-0.2669630265040956,-0.6753243449446069,0.4711436857243513,False
cg19498960,-0.462439897106703,-0.5144265481134047,0.48843322261005384,True
cg19507217,-1.142573725534454,-0.920967073075218,1.031770399304836,True
cg19508561,-0.39221406317642854,0.46969719945405664,0.4309556313152426,False
cg19513582,0.24817748072485604,-0.092073339414213,0.17012541006953452,False
cg19514148,-0.6656729831256503,-0.33059618586305933,0.49813458449435477,True
cg19514905,-0.6369969226109691,-0.24339893624302164,0.44019792942699537,False
cg19520879,-0.20799112574363487,-0.11326439157188986,0.16062775865776235,False
cg19525780,,-2.2096253176701346,,False
cg19528797,-0.5891924295708433,0.143781739154963,0.3664870843629031,False
cg19529732,0.43345151862846193,-0.3674437890436567,0.4004476538360593,False
cg19529842,-0.6266728950383688,0.05333714929484102,0.3400050221666049,False
cg19530831,-0.1321890039928383,0.05109808459474057,0.09164354429378944,False
cg19533955,0.11421152884922064,-0.041846894550045484,0.07802921169963306,False
cg19547972,-0.11806549008153205,-0.03232018785858006,0.07519283897005606,False
cg19556572,-0.47898194397435184,-0.372228396999259,0.42560517048680546,True
cg19569684,-0.7247891015512193,0.26989063398818136,0.49733986776970035,False
cg19586199,-0.2561435388508289,-0.15291395469696137,0.20452874677389515,False
cg19590532,0.18020449855707527,-0.54056657994811,0.36038553925259265,False
cg19590591,0.10275442645726715,-0.38179710120125676,0.24227576382926197,False
cg19592231,0.45835464255270747,0.508384511880996,0.4833695772168517,True
cg19592502,-0.11422000013050011,-0.062400047067323675,0.0883100235989119,False
cg19602479,-0.9829825789896535,-0.5009564800413091,0.7419695295154813,True
cg19607165,0.5810488978721099,-0.12268523728292433,0.3518670675775171,False
cg19610383,-0.3170215281881662,-0.19994510632148318,0.2584833172548247,False
cg19619206,-0.9330006009969914,-0.5590071327681916,0.7460038668825915,True
cg19628988,-0.8126107462431625,-0.5608831655495671,0.6867469558963648,True
cg19629216,-1.0672528852260796,-1.028041171724796,1.0476470284754378,True
cg19640299,-0.8959094531394698,-0.6603031907877979,0.7781063219636338,True
cg19641266,-0.6280581815965377,-0.14986404586701116,0.38896111373177444,False
cg19646204,-0.3445785373915913,-0.4096166404687996,0.3770975889301954,True
cg19656820,-0.41479876184905207,0.29626448427281205,0.35553162306093206,False
cg19664267,-0.041068026540063175,0.49249764605597013,0.26678283629801663,False
cg19673329,-0.6506349676796152,-0.1725727313728275,0.4116038495262213,False
cg19677739,-0.188747868690076,0.1780335798981544,0.1833907242941152,False
cg19679250,-2.0054548201909776,-0.7961502100846977,1.4008025151378376,True
cg19679865,0.10851693434782146,-0.10314989989376497,0.10583341712079322,False
cg19682870,0.618755029500142,-0.0013863810875412693,0.3100707052938417,False
cg19685521,-0.19138631355476757,0.4186259663481449,0.30500613995145626,False
cg19689330,-0.15599366633170075,-0.345906971212233,0.2509503187719669,False
cg19694519,-0.4557105654633229,-0.4238791328834641,0.4397948491733935,True
cg19694798,-1.5750182057364437,-0.47421888653705524,1.0246185461367494,True
cg19696012,-0.18622981083252357,-0.24207114576581135,0.21415047829916745,False
cg19696227,0.05980553041877794,-0.4509722148038495,0.2553888726113137,False
cg19696718,-0.9682136396673686,-0.9239295033528763,0.9460715715101224,True
cg19699264,-1.2132644993523958,-0.355943020478994,0.7846037599156949,True
cg19708418,-1.2579938842528493,-0.6391099737011148,0.948551928976982,True
cg19712586,-0.05075012505245102,0.08817414698101592,0.06946213601673347,False
cg19717347,-0.9457419988180977,0.20860866292948785,0.5771753308737928,False
cg19727767,-0.01448901579840243,-0.35604519111076155,0.185267103454582,False
cg19733736,-0.28993475004305486,-0.054306792239227075,0.17212077114114097,False
cg19734190,-0.5031156639980272,-0.14783902700017104,0.3254773454990991,False
cg19734822,-0.1342582204818127,0.38318813803985385,0.25872317926083327,False
cg19740707,-0.0916724181614031,-0.5450942626043823,0.31838334038289273,False
cg19740859,-0.1978647776437328,-0.4421815104812571,0.32002314406249494,False
cg19753641,-1.0702417194200164,-0.0060951481578794585,0.538168433788948,False
cg19755815,-1.032977234253968,-0.4355938290062324,0.7342855316301002,True
cg19760666,-0.5229801111260318,-0.4440996828594978,0.4835398969927648,True
cg19764973,-0.3885748974064659,-0.0800205812197183,0.2342977393130921,False
cg19771469,-0.941991094075087,-0.6376701084439999,0.7898306012595434,True
cg19774288,-0.7434137960141127,-0.06457838917728928,0.403996092595701,False
cg19774846,0.08612123377153018,0.7613163938322867,0.4237188138019084,False
cg19780308,-1.0850909669435564,-0.6266365936537195,0.855863780298638,True
cg19780563,-0.012985479803289594,0.15817920807563232,0.08558234393946096,False
cg19782686,-0.08037629112881405,0.02294582777066338,0.051661059449738714,False
cg19786751,0.038171057074083976,0.4910864105390231,0.26462873380655355,False
cg19788934,-0.23935606927902064,-0.08677425690619149,0.16306516309260607,False
cg19790877,-0.05878343247058833,0.19825380840826617,0.12851862043942724,False
cg19795594,-0.17236806854258765,-0.2901991304966663,0.23128359951962696,False
cg19797304,-0.8218459666096165,0.45012360415069996,0.6359847853801582,False
cg19800026,-0.5231252723404589,-0.9146182434178812,0.7188717578791701,True
cg19808587,-0.2155226595303359,0.13999785836653153,0.17776025894843372,False
cg19811231,-0.8316981091187685,-0.06407297732765722,0.4478855432232129,False
cg19817118,-0.4497621567293299,-0.12962793256646504,0.28969504464789747,False
cg19819595,-0.4120477131597531,-0.3013986775858571,0.35672319537280506,True
cg19819654,-0.4803508881488332,-0.5868397716680575,0.5335953299084453,True
cg19823512,-0.6625842280604919,-0.2759443523807055,0.4692642902205987,False
cg19828970,-0.2444390153674695,-0.13878453123508286,0.19161177330127618,False
cg19835973,-0.44209371193794816,-0.1374318828599164,0.2897627973989323,False
cg19836174,-0.8918163122800714,-0.06586305633658406,0.47883968430832774,False
cg19841653,-0.6906097166433202,-0.7067306988462387,0.6986702077447795,True
cg19846609,0.6627757194080283,0.1371682992402852,0.3999720093241567,False
cg19848813,-0.8346513874310129,-0.42566493474911676,0.6301581610900648,True
cg19849557,0.16377735182215516,-0.2869691041798791,0.2253732280010171,False
cg19850275,-0.16287290828542328,0.11063923993030486,0.13675607410786406,False
cg19851574,-0.6531336251580393,-0.5172914626821469,0.585212543920093,True
cg19851816,0.29160869065476164,-0.2983465640318177,0.2949776273432897,False
cg19854900,-1.057921926977826,-0.3187127825994521,0.688317354788639,True
cg19872681,0.035071249494162134,0.1930450537420926,0.11405815161812737,False
cg19881895,-0.40742032618695123,-0.1277230795111714,0.2675717028490613,False
cg19884629,-0.11500302346966541,0.3932833723559774,0.2541431979128214,False
cg19896129,-0.25497694486074163,-0.7085535633585188,0.4817652541096302,False
cg19910654,-0.1705511274516176,-0.18689301661586047,0.17872207203373902,False
cg19915997,-1.5941703251207227,-0.5808073045761509,1.0874888148484367,True
cg19918022,-0.24610389847211975,-0.48038062006011717,0.3632422592661185,False
cg19921917,-0.6629289243119498,-0.44716886223965285,0.5550488932758013,True
cg19923393,-0.36427468473564195,-0.11632192780558383,0.24029830627061288,False
cg19935471,0.09624748209342532,-0.1255499313592415,0.11089870672633341,False
cg19937061,0.01722679284729834,-0.07750373611215937,0.04736526447972886,False
cg19939503,-0.6185887926104829,0.5063877569774246,0.5624882747939537,False
cg19940194,-1.0484760122223156,-0.8620047316067728,0.9552403719145441,True
cg19942083,-0.5354402772651977,-0.88687096267392,0.7111556199695588,True
cg19960891,-1.3024739806779628,-0.41279162272984815,0.8576328017039054,True
cg19968199,-0.2989792665457768,-0.5977309754044191,0.44835512097509794,False
cg19972193,-0.7841363378284498,-0.18942766896385402,0.4867820033961519,False
cg19975025,-0.9587032991015362,-0.3163299907527242,0.6375166449271302,True
cg19975645,-1.1191758226932034,-0.25298772992201846,0.6860817763076109,False
cg19977683,-0.5664233267713553,-0.6049995137871458,0.5857114202792506,True
cg19980260,-0.3529575324618738,0.07853208629030134,0.21574480937608756,False
cg19982684,-0.539845149170759,0.17410834257382163,0.35697674587229034,False
cg19990264,-0.7624886389242757,-0.48117210239326624,0.6218303706587709,True
cg19994968,-0.3115438905101104,0.02781992002920044,0.1696819052696554,False
cg20019524,0.4286824253688913,-0.2785531185758941,0.3536177719723927,False
cg20024757,-0.5227114010070624,0.21889543222120503,0.3708034166141337,False
cg20033771,-0.9703747816331056,-0.6349134671488509,0.8026441243909783,True
cg20042612,-0.1738548514803665,-0.35376100807872396,0.26380792977954526,False
cg20043649,-0.474382330030797,-0.23119648370188242,0.3527894068663397,False
cg20047076,0.29155489798969725,0.3996255046586673,0.3455902013241823,False
cg20054182,-0.8080700799614521,-0.7838510780675632,0.7959605790145077,True
cg20056908,-0.2930240074735835,-0.029013295734247702,0.1610186516039156,False
cg20062806,-0.1901191046702382,0.20075792158835698,0.1954385131292976,False
cg20063728,-0.42964303185382313,-0.2860795519647926,0.3578612919093079,False
cg20070768,-0.35694683567798857,0.10432315188830692,0.23063499378314775,False
cg20073320,-0.5364991746190745,0.0030802853079756557,0.26978972996352507,False
cg20080548,-0.06054341220855063,-0.042061504251728464,0.05130245823013955,False
cg20086916,-1.0329268338065993,-1.016133723543188,1.0245302786748938,True
cg20095124,1.0748771630753986,0.7876085528051993,0.9312428579402989,True
cg20099449,0.04674466998050429,-0.1984451424083143,0.1225949061944093,False
cg20099968,-0.04532606914317785,-0.11744623686530566,0.08138615300424175,False
cg20100745,-0.07799283344356216,-0.2094784813227288,0.14373565738314548,False
cg20105257,-0.5979538543898224,-0.05048107118618935,0.3242174627880059,False
cg20107506,-0.2863122915891102,0.12251902072869014,0.20441565615890017,False
cg20113693,-0.7590383900899147,-0.4447134521081948,0.6018759210990547,True
cg20114113,-0.5406112691080419,-0.1666695348073904,0.3536404019577162,False
cg20118717,0.2361669939460145,-0.6259466378962308,0.43105681592112266,False
cg20127207,-1.2217863523413668,-0.18999284993837073,0.7058896011398688,False
cg20143393,-0.21080055876886203,0.433552162755784,0.32217636076232303,False
cg20149898,0.12441056831881277,-0.28624747421918617,0.20532902126899946,False
cg20161655,-1.1992959870912199,-0.5256710509322593,0.8624835190117396,True
cg20161976,0.13804319561655867,-0.005444136163909675,0.07174366589023418,False
cg20162822,-0.6996732989809112,0.0034616503960355825,0.35156747468847344,False
cg20168806,0.6533052613070472,0.5752413263614278,0.6142732938342375,True
cg20171453,-0.4165565871165069,-0.2609222427127668,0.3387394149146369,False
cg20181887,0.6665108617004586,-0.29426023710708343,0.480385549403771,False
cg20194314,0.31979218118686403,-0.5733158862916282,0.4465540337392461,False
cg20203469,-0.4468454675800041,0.089754520044334,0.26829999381216907,False
cg20208129,-0.9024002415531546,-0.5751280280402743,0.7387641347967144,True
cg20216982,0.43663708875879065,-1.1616012418789508,0.7991191653188707,False
cg20219100,-0.25698969970360985,0.14309997455052417,0.200044837127067,False
cg20221020,-0.20996638624199182,-0.7119612632207698,0.4609638247313808,False
cg20224285,-0.7042805420653122,-0.2562825696960284,0.48028155588067034,False
cg20227471,-0.136191921484149,0.5162608311596305,0.3262263763218898,False
cg20240243,0.5469274036673276,-0.6747220976355158,0.6108247506514217,False
cg20249071,-0.4397381160017419,-0.4379871172818991,0.43886261664182047,True
cg20249882,0.5126250194759201,-0.37294997545673986,0.44278749746632995,False
cg20253172,-0.790636818411427,-0.2727736104252529,0.53170521441834,False
cg20267005,-0.06347577340079302,-0.3313106737681381,0.19739322358446557,False
cg20267398,-0.7012388076108877,-0.6420335287945824,0.6716361682027351,True
cg20267828,-0.20353751356478475,0.2017922268264647,0.20266487019562474,False
cg20268054,-0.6124484371561036,0.11662806737616202,0.36453825226613285,False
cg20274267,0.018290292631737072,-0.13529123200464363,0.07679076231819035,False
cg20275528,-0.04192761838682457,0.15447670724044144,0.098202162813633,False
cg20278383,0.11307872519522684,-0.18152359263362275,0.1473011589144248,False
cg20278790,-1.1615178071970813,-0.6096397552582722,0.8855787812276767,True
cg20281962,-0.0977860949945585,-0.05653412398191231,0.0771601094882354,False
cg20286261,-0.49221250716730414,-0.011186745506797787,0.25169962633705095,False
cg20293609,-0.0015268102788722926,-0.9419494157982418,0.471738113038557,False
cg20299002,0.9687615874976461,0.6125474571026632,0.7906545223001546,True
cg20302572,-0.16482047582502243,0.25737190455093883,0.21109619018798065,False
cg20311501,0.5872070068361733,-0.20238323184691334,0.3947951193415433,False
cg20315954,-1.2160341393679746,-0.14002708311178927,0.678030611239882,False
cg20315995,-0.3725962132860032,-0.33641409797709165,0.3545051556315474,True
cg20319945,-0.7693811830578128,-0.5392582582850061,0.6543197206714094,True
cg20325921,0.00444196414816038,0.04661573146842888,0.02552884780829463,False
cg20333727,-1.3627394947419944,-0.007394142123069,0.6850668184325317,False
cg20335906,-0.6454763594433159,-0.0009002232001413408,0.32318829132172866,False
cg20340866,0.48061983632178884,-0.12588961162992068,0.30325472397585473,False
cg20343375,-1.026090537108803,-0.6417612706346785,0.8339259038717407,True
cg20358227,0.04977389079476666,0.11543502162913256,0.08260445621194962,False
cg20361429,-0.16437228456524536,-0.3336500695830962,0.24901117707417075,False
cg20364187,-0.157525736508991,-0.6330300132647653,0.39527787488687816,False
cg20373176,-0.937652880354469,-0.2967404093806021,0.6171966448675356,False
cg20385508,0.16798711969841087,0.046825127283683855,0.10740612349104736,False
cg20390450,-0.8466966124612599,-0.24377824049045935,0.5452374264758596,False
cg20390545,-0.4672404974597454,-0.36218974685923416,0.4147151221594898,True
cg20391058,0.3472769984881562,0.03858748172817913,0.19293224010816765,False
cg20395646,-0.1953472275348853,0.647665057764176,0.4215061426495307,False
cg20405019,-0.4860698485019139,-0.2848204402383292,0.38544514437012156,False
cg20405742,-0.39501640786292813,0.4130922124063213,0.40405431013462473,False
cg20407483,0.49179445350541046,0.3137633333327509,0.4027788934190807,True
cg20417024,-0.2607392993971298,-0.0146710009852682,0.137705150191199,False
cg20424065,-0.23412027803652533,-0.47888508325664275,0.356502680646584,False
cg20424833,-0.13077743198836844,-0.1298325308523302,0.13030498142034933,False
cg20428976,-0.41612502133562396,-0.09607450362884841,0.2560997624822362,False
cg20429104,0.2556437572408007,-0.24019714390151753,0.2479204505711591,False
cg20432475,-0.6307984211436288,-0.21597841764304276,0.4233884193933358,False
cg20435345,-0.2976836542026058,-0.27628268603518674,0.2869831701188963,False
cg20449048,-0.1378062404983823,0.13473501460763318,0.13627062755300773,False
cg20455854,0.7439820658087953,-0.24344357110725875,0.49371281845802706,False
cg20464535,-0.21036708819780775,-0.47484553313749156,0.3426063106676497,False
cg20468586,-0.5728376190854935,0.0696639549031619,0.3212507869943277,False
cg20471736,0.03152939046607974,0.21645080966908417,0.12399010006758196,False
cg20482113,0.15568941264122835,0.43148677193925306,0.2935880922902407,False
cg20486569,-0.31072727523201354,0.5044081120904097,0.4075676936612116,False
cg20487608,-0.13666338748147897,-0.026152009975847813,0.0814076987286634,False
cg20490031,-0.3576078125831161,-0.12507462464565028,0.24134121861438318,False
cg20495404,0.7096466474795341,1.1150026672417745,0.9123246573606543,True
cg20496526,-1.1289182272073135,0.1585621150449689,0.6437401711261412,False
cg20504474,-0.041508640010871116,0.3041436978849461,0.17282616894790861,False
cg20535085,-0.1697844477127666,-0.15620089776984006,0.16299267274130333,False
cg20536209,-0.5138533868631423,-0.45551770495442895,0.48468554590878565,True
cg20541456,-0.5697686123261164,-0.32813719590344714,0.4489529041147818,True
cg20543681,-0.07461010956402678,0.0834540606628653,0.07903208511344603,False
cg20544852,-0.37455954755825616,-0.191551942292912,0.28305574492558405,False
cg20553524,-0.91515751217524,-0.38845980695667487,0.6518086595659575,True
cg20553577,0.39192880691773646,-0.05392341975296734,0.2229261133353519,False
cg20558320,0.14775031786655668,0.34098917876626217,0.24436974831640942,False
cg20559385,-0.15151982007375905,0.09064410243990179,0.12108196125683042,False
cg20561261,-0.5233879816236453,-0.6196273458166964,0.5715076637201708,True
cg20574550,-0.944591139401133,-0.5068289713241622,0.7257100553626477,True
cg20576510,0.3023516007461428,-0.28695981672407495,0.2946557087351089,False
cg20584198,-0.4559050199740438,-0.014419225042285997,0.2351621225081649,False
cg20600205,-0.011158391350279037,-0.13636786068726262,0.07376312601877083,False
cg20602300,-0.24172986464859114,-0.13161879774775997,0.18667433119817556,False
cg20603543,-0.5164437673684428,-0.6167587674936936,0.5666012674310682,True
cg20607169,-1.1530956931246992,-0.31240542031854707,0.7327505567216231,True
cg20609803,-0.8384292424341244,0.10401763161540531,0.4712234370247649,False
cg20610950,-0.6976005827460786,-0.4411619434266896,0.5693812630863841,True
cg20618651,0.07083750361184986,-0.2134621535702806,0.14214982859106523,False
cg20629021,0.07654656817561616,0.2208630304205483,0.14870479929808222,False
cg20631628,-0.6781597599907982,-0.375791991942592,0.5269758759666952,True
cg20640373,0.08270350902605701,0.2788259384826431,0.18076472375435004,False
cg20640374,-0.26136960648035884,-0.14309458174488418,0.2022320941126215,False
cg20641531,-0.191224142480532,0.07383271743593495,0.13252842995823347,False
cg20642462,-0.3900924613184899,-0.4464548094915112,0.4182736354050005,True
cg20643952,0.4614876873215125,0.2384516397466005,0.3499696635340565,False
cg20644425,0.18119797288684178,-0.026564167216823042,0.1038810700518324,False
cg20651018,-0.020515601087983414,-0.08967047261724918,0.055093036852616295,False
cg20651644,-0.2850191823376414,-0.424639845653621,0.35482951399563123,False
cg20652042,-0.7589284013463593,-0.14458977559622,0.45175908847128965,False
cg20655220,-0.30954081887629425,-0.38417630628547594,0.3468585625808851,True
cg20655548,-0.34308089410218084,0.11690744803127942,0.22999417106673015,False
cg20657030,-0.19270650129027378,-0.012228931832102123,0.10246771656118796,False
cg20657383,-0.517677515300545,0.20635958909056035,0.3620185521955527,False
cg20657709,-0.3095358607287783,-0.3075301647000496,0.30853301271441397,True
cg20660011,-0.4135148374604812,0.4309800077722839,0.42224742261638254,False
cg20661080,-0.4383533392426163,-0.27739334060923393,0.3578733399259251,False
cg20666585,-0.5528640861246373,-0.10357682395553643,0.3282204550400869,False
cg20668546,-0.9126563706601624,-0.21578958429582953,0.564222977477996,False
cg20668644,0.6159857538489965,0.42676521143728136,0.5213754826431389,True
cg20675439,-0.35464322801410975,0.20169738176162472,0.2781703048878672,False
cg20676350,0.07278337454765396,-0.2658098346577724,0.16929660460271317,False
cg20680669,-0.5133332078505672,-0.8174034286389493,0.6653683182447583,True
cg20686203,-0.798710706950125,-0.32802129773022765,0.5633660023401763,True
cg20691436,-0.24697992562146856,-1.151650394606677,0.6993151601140728,False
cg20694820,-0.597661527986031,0.04787123520034155,0.32276638159318627,False
cg20699157,-0.8773244249412498,-0.4129317645172365,0.6451280947292432,True
cg20700740,0.3821594208633202,-0.23176999154692762,0.30696470620512395,False
cg20701457,-0.5578287964577868,0.49083435767685746,0.5243315770673221,False
cg20702802,-0.16140578771178812,-0.41583402336619857,0.28861990553899336,False
cg20705882,-0.892068722572309,-0.6978418946771767,0.7949553086247428,True
cg20707409,-0.1701247071163279,0.029868145623771467,0.09999642637004968,False
cg20707679,0.5812234327680479,1.056541618493583,0.8188825256308154,True
cg20716174,-0.01952830193832389,-0.023591532886364844,0.021559917412344365,False
cg20735914,0.3252261712623211,-0.5399069995333832,0.43256658539785214,False
cg20741293,0.09107108363031681,0.05458340724589079,0.0728272454381038,False
cg20746815,-0.5239502871758123,-0.41063844001282773,0.46729436359432,True
cg20751345,-0.12592771731351626,-0.08259378265507399,0.10426074998429513,False
cg20754145,0.2865623127589559,0.030905161667428654,0.15873373721319228,False
cg20761187,-0.2926700412212685,-0.08569765368496643,0.18918384745311745,False
cg20765716,0.5549862932300049,-0.023625509893736917,0.2893059015618709,False
cg20770572,0.016018429050886237,0.1259822142807291,0.07100032166580766,False
cg20771687,-0.6872046938892564,-0.44614787776235587,0.5666762858258061,True
cg20771846,-0.6815707771957629,-0.8123458846134247,0.7469583309045937,True
cg20781216,-0.4991624588058752,-0.26390469493126806,0.3815335768685716,False
cg20781238,-0.12059457675763036,-0.06027104269041392,0.09043280972402214,False
cg20790998,-0.38663998219239554,-0.10123833808101357,0.24393916013670455,False
cg20797270,0.5525113230240314,0.05972282351220587,0.30611707326811866,False
cg20801718,0.1958300369244088,-0.5125344747300186,0.3541822558272137,False
cg20806040,0.44314576086288054,-0.33222789073986453,0.38768682580137254,False
cg20806175,-0.6539450474087625,0.043274508360357955,0.3486097778845602,False
cg20810993,-1.0525455796394179,-0.8316228519944471,0.9420842158169325,True
cg20827629,-0.5036419619106858,-0.26787230518488947,0.3857571335477876,False
cg20832875,0.29637576583737596,0.20726111902748173,0.25181844243242885,False
cg20836212,-0.4804535493717519,0.06529491709521848,0.2728742332334852,False
cg20837735,-0.5498751536029857,-0.2073464233040035,0.3786107884534946,False
cg20847766,-0.7142648647295823,-0.0668581374694325,0.3905615010995074,False
cg20848979,-0.07165857420244717,0.45422793109694,0.2629432526496936,False
cg20849025,-0.7943194214574992,-0.2706499346837458,0.5324846780706225,False
cg20850275,-0.8272201036649367,-0.7449313826635969,0.7860757431642669,True
cg20856504,-0.6646890011605052,-0.09413451891270255,0.3794117600366039,False
cg20862496,-0.4035733490494211,0.15959723786355756,0.2815852934564893,False
cg20864636,-0.30472173441943,-0.38436748364441653,0.3445446090319233,True
cg20866785,-0.8551417128839808,-0.33301560154440346,0.5940786572141921,True
cg20878780,-0.674946063064199,-0.2164687121977175,0.44570738763095824,False
cg20883137,-0.2061998842646889,-0.0024660326057221816,0.10433295843520554,False
cg20889818,0.3862369084739745,0.10149485833095664,0.24386588340246557,False
cg20894640,-0.3984911171563341,0.03947772131779377,0.21898441923706394,False
cg20908789,-0.6792321247286768,-0.15926472050481585,0.41924842261674633,False
cg20911707,-0.037691268759568713,-0.5830321168867325,0.3103616928231506,False
cg20911718,-0.2722999782692332,0.3211600599174303,0.29673001909333174,False
cg20912923,0.10766459172641585,-0.2739501556516519,0.1908073736890339,False
cg20926720,-0.16327804673365853,0.09428626392330239,0.12878215532848047,False
cg20927547,-1.2182131395949771,-1.3781383004398498,1.2981757200174133,True
cg20935023,-0.5564827532033175,0.001516783355578399,0.27899976827944795,False
cg20936529,-0.2675929666773301,-0.1314221792157702,0.19950757294655017,False
cg20937750,-0.44088265168492174,-0.579649365216155,0.5102660084505384,True
cg20942286,-0.3110128688764812,0.011031108497356524,0.16102198868691886,False
cg20945212,-0.13509141193762278,-0.4088884958938223,0.27198995391572256,False
cg20947866,-0.4707557698285199,-0.3975731605430534,0.43416446518578666,True
cg20953047,-0.5700571983057565,-0.06797960258582522,0.3190184004457909,False
cg20955688,0.5800034613320842,-0.31406753000686516,0.4470354956694747,False
cg20956594,-0.20876909052005416,-0.351153585829922,0.2799613381749881,False
cg20957796,-0.01799654877201314,-0.12112423801319894,0.06956039339260604,False
cg20959189,0.33571717633657844,-0.3152648042168817,0.32549099027673006,False
cg20964248,-0.13547635464910668,-0.5526227932262658,0.34404957393768626,False
cg20966357,-0.40321773756817164,-0.6216989927191927,0.5124583651436821,True
cg20976977,0.22353990580118996,-0.19224249177176722,0.2078911987864786,False
cg20979153,0.2779337314852989,-0.4914292985835138,0.38468151503440634,False
cg20979233,1.8191047532457996,0.23307212502581032,1.026088439135805,False
cg20981615,0.06340732765267981,0.14759943651726154,0.10550338208497068,False
cg20983329,-0.0858351435505066,0.2250771954506023,0.15545616950055446,False
cg20985067,0.09743060161322482,0.42063805866843657,0.2590343301408307,False
cg20985897,-0.36788534514087096,0.07068024729202625,0.2192827962164486,False
cg20986726,-0.7515709440517069,-0.06482641544029889,0.4081986797460029,False
cg20987610,-0.356079158859415,-0.2935554459217638,0.32481730239058937,False
cg20990694,0.38761770795523215,0.6003232447677336,0.49397047636148284,True
cg20997320,-0.0845925084203532,0.23272948776150998,0.1586609980909316,False
cg21002146,0.1730383442903944,-0.013004553196961015,0.09302144874367771,False
cg21005369,-0.8722103065650477,-0.364287872463657,0.6182490895143524,True
cg21013395,-0.8923313638597685,-0.2246877826683862,0.5585095732640774,False
cg21017775,-0.07273208737655003,0.07830019893417531,0.07551614315536267,False
cg21033494,-0.3729978091989044,-0.027721603196814697,0.20035970619785956,False
cg21037006,-0.4752936295145581,-0.22065462397660637,0.34797412674558226,False
cg21039188,-0.43994227086881293,-0.21180630546089346,0.3258742881648532,False
cg21041775,0.6174383853776995,0.1108031364685861,0.36412076092314277,False
cg21046874,0.0905164322043097,-0.6585070459874551,0.3745117390958824,False
cg21054703,-0.21104391916655274,-0.11543289461410002,0.16323840689032637,False
cg21055948,-1.32936348850185,-1.07526949681945,1.20231649266065,True
cg21077049,0.319784818892401,-0.09836551343042449,0.20907516616141275,False
cg21079946,-0.24154317302404957,-0.15892664178039292,0.20023490740222125,False
cg21081729,-0.6447798628181264,-0.4244392360924018,0.5346095494552641,True
cg21082678,0.06955730956162164,0.1537494888982672,0.11165339922994441,False
cg21084260,-0.8618480633267404,-0.24660457833831392,0.5542263208325271,False
cg21095286,-0.6783451416210369,0.16728722490025796,0.4228161832606474,False
cg21099419,-1.181155400890296,-0.7865573365195355,0.9838563687049158,True
cg21102746,-1.0673323708816014,0.15228833557075566,0.6098103532261785,False
cg21104363,-0.8701315480254473,0.1583115847003871,0.5142215663629173,False
cg21112485,-0.19204794512210135,0.2579282983233361,0.2249881217227187,False
cg21128940,0.08371619533029868,0.1567340864091851,0.1202251408697419,False
cg21136443,-0.2576759575749921,-0.07916095170079208,0.1684184546378921,False
cg21138012,-1.194623993759366,-0.609473960136022,0.9020489769476939,True
cg21141089,-0.8806649663607689,-0.4275346865017823,0.6540998264312756,True
cg21150921,-0.7224200208255844,0.41411662613244477,0.5682683234790146,False
cg21166445,-0.47551221736628674,-0.4049676712374744,0.44023994430188057,True
cg21167817,-0.13183167627240408,-0.464506355538003,0.29816901590520356,False
cg21167963,-0.31504918505735235,-0.5199590590833181,0.4175041220703352,True
cg21170029,-0.6019652906880938,0.35039777097176933,0.47618153082993153,False
cg21175823,-1.0558636950002953,-0.14618353179393478,0.6010236133971151,False
cg21178851,0.12493807551902655,0.4090264429854858,0.26698225925225616,False
cg21180201,-0.5841560986890326,0.056181583959799164,0.3201688413244159,False
cg21185242,-0.0725307224978751,0.1310871816198819,0.1018089520588785,False
cg21193639,-0.7381895987372751,-0.2683684256028782,0.5032790121700766,False
cg21194776,-0.6374006982654407,-0.48053191927057265,0.5589663087680067,True
cg21204588,0.08888965740797838,-0.3093803661954285,0.19913501180170345,False
cg21206180,-0.02359986552483681,0.608949814744548,0.3162748401346924,False
cg21209691,0.32954369994227534,0.06646825538264176,0.19800597766245853,False
cg21211645,-0.34831983471221484,-0.09838795576399106,0.22335389523810295,False
cg21217092,-0.9288894927224671,-0.6576941346812559,0.7932918137018615,True
cg21220387,0.15360095096952492,0.10084707335853767,0.12722401216403129,False
cg21232015,-0.19600164877473364,-0.17349753832034095,0.18474959354753728,False
cg21237481,-1.0935713451453652,-0.018870568426830586,0.556220956786098,False
cg21245492,0.15970863297203688,-1.0023140513392914,0.5810113421556642,False
cg21248060,-0.07642714459380034,-0.16041521817242607,0.11842118138311321,False
cg21250356,0.27750467214679114,-0.5854060361500213,0.4314553541484062,False
cg21254135,-0.558475392661674,-0.3076243010753573,0.43304984686851566,True
cg21261158,0.26415404995782615,-0.020027192584434233,0.1420906212711302,False
cg21266845,-0.5783291966942584,-0.7638786757306526,0.6711039362124556,True
cg21272996,-0.5312663398545275,-0.17536056409065273,0.3533134519725901,False
cg21274607,-0.46833264715699946,0.1436966745741587,0.30601466086557905,False
cg21287554,-0.650291269317825,-0.40723736103065267,0.5287643151742388,True
cg21291134,-0.13756701915219452,-0.40438698980085436,0.27097700447652445,False
cg21291880,-0.47924387491725445,0.05199205050948357,0.265617962713369,False
cg21292909,-0.10230233389485803,-0.45960475507346366,0.2809535444841608,False
cg21308545,-0.9511553415404174,0.25470643316313235,0.6029308873517749,False
cg21311175,0.7073193378510152,-0.047226857014324594,0.3772730974326699,False
cg21328643,-0.45255705432739884,0.1769843321635007,0.31477069324544976,False
cg21330949,-0.32980209635446445,0.15061380449196377,0.2402079504232141,False
cg21331947,-0.21210955213896607,0.013409859482577623,0.11275970581077184,False
cg21333217,-0.08791152428979299,-0.19924408612146535,0.14357780520562918,False
cg21338523,-0.7037148911961103,-0.38258578724612463,0.5431503392211174,True
cg21339799,0.10379369600735859,-0.008765387469928118,0.05627954173864336,False
cg21341487,-0.21392418628406598,0.03394024026147547,0.12393221327277072,False
cg21346154,0.06952391386621133,0.15157354033122003,0.11054872709871569,False
cg21347053,0.808434613821957,0.5864174609806405,0.6974260374012988,True
cg21351483,-0.6129277853064959,-0.9238057432580785,0.7683667642822872,True
cg21351834,-0.10469742495188185,0.00528792270474563,0.05499267382831374,False
cg21353144,0.050279478270170395,0.11720501907331202,0.08374224867174121,False
cg21356259,-0.8985673634195225,0.15384162475739357,0.526204494088458,False
cg21367783,-0.34932653265180963,-0.22371587189760492,0.2865212022747073,False
cg21373806,0.2157532601033193,0.7115064672925948,0.46362986369795706,False
cg21386952,-0.3160557443438283,-0.4030411137152161,0.3595484290295222,True
cg21394039,0.11724842814972519,-0.04134094844357156,0.07929468829664837,False
cg21399040,-1.3468875247905692,-1.2292017275740772,1.288044626182323,True
cg21400549,-0.05753881133306912,0.030298482676907722,0.043918647004988424,False
cg21407196,0.2524864825545616,0.4536635252617253,0.35307500390814345,False
cg21408294,-1.0086341364294509,-0.6188595102107324,0.8137468233200916,True
cg21410080,0.12456348788812249,-0.06671664993087366,0.09564006890949808,False
cg21414595,-0.44056774877267696,0.2656690482903506,0.3531183985315138,False
cg21426759,-0.6609578694889678,-0.20274020695691725,0.4318490382229425,False
cg21441590,-0.9903538895199121,-0.7993925784092505,0.8948732339645813,True
cg21445541,0.1777485109136448,0.27762333640044196,0.22768592365704338,False
cg21451309,-0.1450635848226024,0.17995398104668667,0.16250878293464455,False
cg21451930,-0.8211941232859545,0.001328127000171132,0.41126112514306284,False
cg21459215,-0.5316241913055811,-0.2447087431373031,0.3881664672214421,False
cg21465236,-0.7972372677224283,-0.2960019654162123,0.5466196165693203,False
cg21468889,-0.9538193674510944,-0.6455285934925407,0.7996739804718176,True
cg21472506,0.4720589587215922,0.37827149237061813,0.42516522554610514,True
cg21472517,-0.48449500796440176,-0.182662924028704,0.3335789659965529,False
cg21473183,-0.2548065575749609,0.16350377166115787,0.20915516461805939,False
cg21474838,0.02406631641565425,-0.25368764043162245,0.13887697842363836,False
cg21475076,-0.0719156616808978,0.10014979706932209,0.08603272937510995,False
cg21492378,-0.09860800228990144,-0.13067927150846168,0.11464363689918156,False
cg21492877,-0.5807460306239308,-0.2521391595533444,0.4164425950886376,False
cg21494075,-0.6307737845091322,0.027500026460165153,0.3291369054846487,False
cg21496948,-0.35398708357143543,-0.2612377030036098,0.30761239328752266,False
cg21516763,-0.07920080319467047,-0.07712847802710161,0.07816464061088604,False
cg21519654,-0.8729516587687618,-0.1888430252544858,0.5308973420116238,False
cg21519701,-0.047970259310258966,0.038567381596776765,0.04326882045351786,False
cg21523564,0.8981804722214635,0.7966057121541148,0.8473930921877891,True
cg21531416,-0.9734391573936836,-0.3426499166309271,0.6580445370123054,True
cg21531908,0.11774709803986527,0.32761272341499625,0.22267991072743076,False
cg21533331,0.5829727337814988,0.30335099347591127,0.443161863628705,True
cg21534584,,-0.3063058931577918,,False
cg21536783,-0.5960929228099342,0.0024869791304355827,0.2992899509701849,False
cg21536925,-0.13555300681220964,0.10930428270258365,0.12242864475739665,False
cg21538208,0.005648972101222402,0.05254231344564795,0.029095642773435175,False
cg21539842,-0.15220172377591243,0.45967548232634386,0.30593860305112813,False
cg21544975,-0.8408621525804507,0.4433931143193044,0.6421276334498776,False
cg21545611,-0.4893065831536248,-0.3979381495447333,0.44362236634917906,True
cg21555085,0.20971140732510943,0.11916694021029965,0.16443917376770453,False
cg21561712,-0.027754756116408003,0.5952994735712144,0.3115271148438112,False
cg21569714,0.09779363240451099,-0.020382162840881957,0.05908789762269647,False
cg21575951,-0.24917496544220294,-0.3588405749695862,0.3040077702058946,False
cg21577598,-0.15087218294634508,-0.10758993730048388,0.12923106012341448,False
cg21583694,-0.24190655149315302,0.04418945801535262,0.14304800475425283,False
cg21596290,-0.2722459367307231,0.21723503565796062,0.24474048619434186,False
cg21596498,-0.5716961530338882,-0.4944276142426886,0.5330618836382884,True
cg21602882,0.2155028340591774,0.24822346860170297,0.23186315133044016,False
cg21619287,-0.163484161719982,-0.02117303014018308,0.09232859593008254,False
cg21620356,-0.810780855132761,-0.07162673388361543,0.4412037945081882,False
cg21622202,-0.12082331685633478,0.11140129907667405,0.11611230796650442,False
cg21634628,0.3042931565727338,0.12531771709962702,0.21480543683618042,False
cg21643045,-0.26192387830790087,-0.018801020099876144,0.14036244920388852,False
cg21645113,-0.1844765623611364,0.3371441780259058,0.2608103701935211,False
cg21656824,0.0870223089591467,-0.09294586571173345,0.08998408733544008,False
cg21660392,-0.25077234257650594,0.026214696803149737,0.13849351968982784,False
cg21663666,-0.5906055002012652,-0.38184849669449744,0.4862269984478813,True
cg21668391,-0.58237196265849,-0.6934495771429894,0.6379107699007397,True
cg21674927,-0.08168898322847155,0.4236324755302871,0.25266072937937933,False
cg21677258,-0.5540839276853746,0.25929298846133936,0.40668845807335696,False
cg21678478,-0.39907614329148344,-0.44845895006367903,0.4237675466775812,True
cg21685770,-0.44430670938070205,-0.12793534399129305,0.28612102668599754,False
cg21693321,-0.2318069336987617,0.4492015599288983,0.34050424681383,False
cg21694591,-0.25179220538579755,-0.4191264646728854,0.33545933502934144,False
cg21696012,-0.05288168690671733,0.1895959486115835,0.12123881775915041,False
cg21697851,0.39550617020858136,0.27925311168847133,0.33737964094852635,False
cg21715896,-0.8357305114448929,-0.13069258958806879,0.4832115505164808,False
cg21717324,-0.7433734231812512,-0.08353040704740008,0.41345191511432566,False
cg21722639,-0.10661365543131805,0.13760808379050668,0.12211086961091236,False
cg21741679,-0.13676123085078323,-0.03159877158648519,0.08418000121863421,False
cg21743182,0.2352815574909762,-0.14441456483804122,0.1898480611645087,False
cg21746261,-0.12098113996718862,0.0829743966693884,0.1019777683182885,False
cg21758446,-0.29739630829411057,-0.14339552942461303,0.2203959188593618,False
cg21762680,-0.2303348789858199,-0.06786597429482291,0.14910042664032142,False
cg21768884,-0.959682481605995,-0.4856315102334165,0.7226569959197058,True
cg21777154,-1.066620749144926,-0.1591763566912831,0.6128985529181046,False
cg21787835,0.6799279107727685,-0.2075919317572274,0.44375992126499797,False
cg21788045,-1.5030601159313823,-0.7908107369103868,1.1469354264208846,True
cg21790626,0.00025551017239256775,-0.21298458062705905,0.1066200453997258,False
cg21792134,0.30506280965837473,-0.16131848495423298,0.23319064730630384,False
cg21798060,-0.32442860849746935,0.1427331060871071,0.23358085729228822,False
cg21805118,-0.21179354316344565,-0.12908758032786422,0.17044056174565492,False
cg21807034,-0.9092477968044229,-0.6187154928763908,0.7639816448404069,True
cg21809160,-0.8600754330368824,-0.09624936123257825,0.4781623971347303,False
cg21817833,0.419744640306216,0.3526217500959614,0.3861831952010887,True
cg21818891,-0.13667298314094875,0.05427743430263422,0.0954752087217915,False
cg21822146,-0.842007617321691,-0.4925214601023714,0.6672645387120313,True
cg21828319,-0.4550836306967359,-0.5979646925070438,0.5265241616018899,True
cg21833158,0.00433260289534346,-0.2070687708263571,0.10570068686085028,False
cg21834032,-0.8894974634375478,-0.574959932564691,0.7322286980011194,True
cg21839504,,-1.622228712987301,,False
cg21843262,0.12762157139649533,-0.25489465242329257,0.19125811190989395,False
cg21845300,-0.2270611445428012,-0.33440815653321315,0.28073465053800717,False
cg21845390,-0.6189150887652648,-0.1361005046925331,0.37750779672889895,False
cg21847118,-0.4120550353196871,0.34634661744784445,0.3792008263837658,False
cg21852550,-1.1292745778920057,-0.329874184282401,0.7295743810872033,True
cg21855816,-0.5021220065040805,0.05830157474917312,0.28021179062662677,False
cg21857123,-0.3526676083383953,0.3802228639924343,0.3664452361654148,False
cg21861305,-1.4329717345619055,-0.4307210253484294,0.9318463799551675,True
cg21872764,0.39464659573388694,0.0344829272247518,0.21456476147931935,False
cg21874706,-0.24383255442410665,0.09225345648860747,0.16804300545635706,False
cg21885317,-0.09381920427281915,-0.6341919709290226,0.36400558760092083,False
cg21897676,0.16418674554344168,-1.38390342578366,0.7740450856635508,False
cg21900495,-0.06216541112404168,0.774878663470785,0.4185220372974134,False
cg21901386,-0.5768693722642328,-0.41901891810393843,0.49794414518408564,True
cg21902966,-0.3499717673916843,-0.26725358576735475,0.3086126765795195,False
cg21905167,-0.42535019279336067,-0.20958496993704084,0.31746758136520076,False
cg21908129,-0.7886820021268891,-0.13426595666910054,0.46147397939799484,False
cg21922577,-0.35398186714514257,-0.15610618107365415,0.25504402410939836,False
cg21927314,-0.5447934190277374,-0.90974210175402,0.7272677603908787,True
cg21929771,0.29083709668282837,0.2772735813424179,0.28405533901262314,False
cg21951612,0.4691260790960666,0.28635944149004766,0.3777427602930571,False
cg21957905,0.2708849624144729,-0.3393333259553176,0.30510914418489526,False
cg21966319,-1.3728440085967437,-1.0873378424309517,1.2300909255138477,True
cg21983192,-0.5555807002653214,-0.006183225076315009,0.28088196267081816,False
cg21991396,-0.11019147373261746,0.005644531266589456,0.05791800249960346,False
cg21992044,0.29709416182955983,-0.2251426985318838,0.2611184301807218,False
cg21999229,0.5856790854364878,-0.18848457261868484,0.38708182902758637,False
cg22004774,-0.30856668082873895,-0.16051354106317306,0.234540110945956,False
cg22005145,-0.9053394839282349,-0.5746272048964942,0.7399833444123646,True
cg22006288,-0.18481162626343386,-0.061185371755919135,0.12299849900967649,False
cg22014983,-0.7714115997446994,-0.10716759931656153,0.43928959953063046,False
cg22016513,-0.28548994892959373,-0.3343178734996151,0.3099039112146044,False
cg22016995,-0.26693412259156496,-0.10655415918173973,0.18674414088665234,False
cg22029856,-1.0931906827089226,-0.043620123025131255,0.5684054028670269,False
cg22032366,-0.14878986781628178,0.45043153048816836,0.29961069915222505,False
cg22034203,-0.568078688901292,-0.026189549119130302,0.29713411901021114,False
cg22035501,0.2642862394435454,0.5355520140351447,0.39991912673934504,False
cg22043296,0.0419316928404885,0.055076951073376776,0.04850432195693263,False
cg22043652,-0.7388353004839111,-0.08919992056442874,0.4140176105241699,False
cg22043936,-0.6932237681448992,-0.28410610743873876,0.48866493779181897,False
cg22045055,-0.6744717942804961,-0.4206570313253864,0.5475644128029412,True
cg22049858,-0.1524391987174162,0.08695299476913677,0.1196960967432765,False
cg22052672,-0.8952253441749631,0.2718523339151265,0.5835388390450448,False
cg22061831,0.3586612731102264,0.0026006200674923087,0.18063094658885934,False
cg22073332,-0.7654124891632869,-0.23406465015017142,0.49973856965672914,False
cg22078451,0.1304548821151435,-0.31543591290187306,0.22294539750850828,False
cg22078710,0.5335705932206829,-0.06841022519676412,0.3009904092087235,False
cg22079102,-0.4768536583629536,-0.5317029433223286,0.5042783008426411,True
cg22084515,-0.3934889380919463,-0.892520455384575,0.6430046967382607,True
cg22092114,-0.2866778543968421,-0.30600580105715397,0.296341827726998,False
cg22095507,0.3229986739521996,0.6424945541740544,0.482746614063127,True
cg22102703,-0.05730860244493533,0.045053080320168366,0.05118084138255185,False
cg22106847,-0.3819561504568349,0.059075584153707415,0.22051586730527115,False
cg22107164,-0.5002272623356625,0.1750982166766986,0.33766273950618053,False
cg22109530,-0.8453286181541138,-0.22780317108465908,0.5365658946193864,False
cg22118168,-0.04500052103132574,0.43665589647028963,0.24082820875080768,False
cg22122715,0.02560085921421848,-0.04067817088008644,0.03313951504715246,False
cg22131726,-0.6208233805602387,-0.6575638091946493,0.639193594877444,True
cg22138216,-0.3019039511607003,0.045402949684137044,0.17365345042241867,False
cg22138388,-1.2364058354687075,-0.32768303398340326,0.7820444347260553,True
cg22142329,-0.21786697853476825,-0.14468158789313057,0.1812742832139494,False
cg22143387,-0.10069122448762338,0.5607570123913422,0.3307241184394828,False
cg22143684,-0.32708600325392356,-0.09135139588564237,0.20921869956978295,False
cg22152887,-1.23012194890275,-0.8816161668932997,1.0558690578980248,True
cg22157525,-0.2700753574532846,-0.15055262875678252,0.21031399310503357,False
cg22159421,-0.24469344326412243,-0.16686063150923305,0.20577703738667774,False
cg22160073,-1.1217353786830764,-0.6908001215589654,0.9062677501210209,True
cg22180738,-0.9403445425787034,-0.34769955190665114,0.6440220472426772,True
cg22185977,-0.16009185002842696,0.0976309624492025,0.12886140623881473,False
cg22193912,0.5382199775745165,-0.23822916719170442,0.3882245723831104,False
cg22197708,-0.750376161883774,-0.06578892501803245,0.4080825434509032,False
cg22203628,0.03590979001739737,-0.8168364685387963,0.42637312927809684,False
cg22212560,-0.4478340307740914,-0.4362714733269658,0.44205275205052863,True
cg22213042,-0.40884866208680376,-0.1704325109657542,0.289640586526279,False
cg22220722,-0.5791060069673203,-0.26805075226012387,0.4235783796137221,False
cg22221575,-0.609664440614013,-0.24889575375577663,0.42928009718489485,False
cg22247792,0.49174667836010716,0.29683560150692095,0.39429113993351406,False
cg22249612,-0.14050318286839203,-0.34805709503701954,0.24428013895270578,False
cg22252469,-1.6003989586182314,-0.8146201290040608,1.207509543811146,True
cg22257336,-1.1943441572708686,0.02507831752931822,0.6097112374000935,False
cg22259797,0.24621156470039215,-0.13304510738802902,0.1896283360442106,False
cg22262702,-0.33388094833273274,-0.2043144536842032,0.26909770100846797,False
cg22274745,-0.16941573509952731,-0.022920999757173686,0.0961683674283505,False
cg22277485,-0.3350396354210505,-0.3987665702756507,0.3669031028483506,True
cg22278901,-0.4056525264043225,-0.3416048805744908,0.37362870348940663,True
cg22281206,-1.4668517838251147,-0.08349275407147945,0.775172268948297,False
cg22286382,-0.1265821025462472,0.011897120190631858,0.06923961136843952,False
cg22286978,0.2738570704508592,0.05129537654499516,0.1625762234979272,False
cg22288309,-1.024188039225795,-0.6856810904767636,0.8549345648512793,True
cg22289831,0.5185047091715802,0.3292610290653511,0.4238828691184656,True
cg22292713,-0.5638104117033206,0.12409751100834365,0.3439539613558321,False
cg22307508,-0.4687068917561811,-0.2947518752500665,0.3817293835031238,False
cg22310133,-0.9482680010843249,-0.7701439065149688,0.8592059537996468,True
cg22324981,-0.016224021538813187,-0.42804916968539614,0.22213659561210466,False
cg22328512,-0.19518721040370163,0.251440093120572,0.2233136517621368,False
cg22328837,-0.592860069832118,0.0021357585740574003,0.2974979142030877,False
cg22329286,-0.14155801731084647,-0.10240812145524598,0.12198306938304623,False
cg22332276,-0.5994899007634772,-0.48651799251445155,0.5430039466389643,True
cg22346429,,-0.10122594615825113,,False
cg22353369,-0.8538330368116435,-0.2733029381786681,0.5635679874951558,False
cg22359162,-0.1416869715935995,-0.2331508026009813,0.1874188870972904,False
cg22360028,-0.5217827357420927,-0.496558598445913,0.5091706670940028,True
cg22363400,-0.2949217100835189,0.3147883891352588,0.30485504960938886,False
cg22365240,-0.10721974555950259,-0.5536902332315377,0.3304549893955201,False
cg22369318,-0.7550453825757141,-0.24041392657287544,0.49772965457429474,False
cg22374415,0.13767163500950835,-0.44184427587374975,0.2897579554416291,False
cg22374586,-0.6027830617990948,-0.18827502857571154,0.39552904518740317,False
cg22381196,-0.5091171204095645,-0.32301214778941434,0.4160646340994894,True
cg22381248,-0.6973715574371395,-0.12328398955501679,0.4103277734960782,False
cg22381282,-0.27703894279619307,-0.007456389538153404,0.14224766616717324,False
cg22386311,0.22485862012882857,0.10680401066941046,0.16583131539911952,False
cg22389121,-0.3164936041026419,-0.023380372843714834,0.16993698847317837,False
cg22389317,-0.6267818400264432,0.1412159568280158,0.3839988984272295,False
cg22406334,-2.289865631961624,-0.8580380422890242,1.5739518371253243,True
cg22413388,0.25133350278566624,-0.04943490085083365,0.15038420181824994,False
cg22416376,0.1071026091232607,0.48080099144645033,0.2939518002848555,False
cg22416916,-0.34935220302522196,0.26549310302391144,0.3074226530245667,False
cg22417879,0.761728340977061,0.2384219949671779,0.5000751679721195,False
cg22424284,-0.5135950775478435,-0.5117359984916628,0.5126655380197531,True
cg22430036,-0.9965579457925392,-0.41900486464361464,0.7077814052180769,True
cg22433862,-0.21488208291851607,0.17036617722746528,0.19262413007299067,False
cg22446709,0.3808557655110558,0.5753104258115251,0.4780830956612905,True
cg22449698,-0.4983543216427292,-0.42109802102127447,0.45972617133200183,True
cg22452170,-0.8480286387643843,-0.6221812136434582,0.7351049262039213,True
cg22452650,-1.074369076983583,-0.5066685499266221,0.7905188134551026,True
cg22453113,1.05654834697248,0.048163103636649385,0.5523557253045647,False
cg22460173,-0.5975310879899819,-0.5648474399943897,0.5811892639921858,True
cg22469020,-0.5449874020388763,-0.4250873230706141,0.48503736255474517,True
cg22481448,-0.327953695120192,-0.4270829089075818,0.3775183020138869,True
cg22483095,0.18033842312887557,-0.5137288383011697,0.34703363071502263,False
cg22488278,-0.6977981091157919,0.04291697548415923,0.37035754229997553,False
cg22497575,-0.2738046593676436,-0.19640520262861622,0.2351049309981299,False
cg22498365,0.0745187856471729,-0.2683767827239004,0.17144778418553666,False
cg22498784,-0.662270348020568,-0.30874380720851646,0.4855070776145422,True
cg22503106,-0.6181074473277465,-0.5159220033535968,0.5670147253406717,True
cg22506453,-0.06386833579690024,-0.2810842017958204,0.1724762687963603,False
cg22511877,0.45207078480252116,-0.20265771499565582,0.3273642498990885,False
cg22512531,-0.3286417129334997,-0.3043024799331201,0.31647209643330987,True
cg22515937,-1.2531465960348913,-0.3762577193093858,0.8147021576721385,True
cg22518433,-0.9460366283787441,-0.3021157263179049,0.6240761773483245,True
cg22521333,-0.33182731986053204,0.20586246218738846,0.26884489102396025,False
cg22522961,0.24652966655630143,-0.7874905104201503,0.5170100884882258,False
cg22528270,0.8824409714285132,-0.08259203158746377,0.48251650150798847,False
cg22530146,-0.6988869171362925,-0.40540181394487096,0.5521443655405818,True
cg22541735,-0.012054213509598111,-0.2134945568893792,0.11277438519948867,False
cg22545356,-0.9087843776741055,-0.2712229511646346,0.59000366441937,False
cg22558673,-0.708276921846158,0.07836546584433687,0.39332119384524744,False
cg22572158,-1.2409289198670836,-0.1537658846491614,0.6973474022581225,False
cg22588546,-0.1506391680825529,0.10643413662803533,0.1285366523552941,False
cg22591465,-0.24992149681106154,-0.04076007762697166,0.1453407872190166,False
cg22598744,-0.22800917500952295,0.3150381003590544,0.27152363768428867,False
cg22605290,-1.1039686416729608,-0.8532048734061208,0.9785867575395408,True
cg22608492,-0.17156420739882083,0.14015377931332465,0.15585899335607273,False
cg22611120,0.17216999799151841,-0.09182909588491835,0.1319995469382184,False
cg22614759,0.5942418974024847,0.5841045436541255,0.5891732205283051,True
cg22615910,-0.7480321559173924,-0.48261844038515034,0.6153252981512713,True
cg22621686,-0.46316200466557567,0.07794392327434332,0.2705529639699595,False
cg22622899,0.1918733463317169,-0.3166462507016806,0.2542597985166988,False
cg22648015,-0.32559298724736957,-0.24684728442775075,0.2862201358375602,False
cg22652849,-0.007720319784718415,0.23909699594239217,0.12340865786355529,False
cg22656544,-0.5474403002529323,-0.43463087028701775,0.49103558526997504,True
cg22658846,-0.5261495656589527,-1.1909627197725232,0.858556142715738,True
cg22659852,-0.8544881223515876,-0.29363256607112176,0.5740603442113547,False
cg22662844,-0.2150300794431749,0.041345423260144044,0.12818775135165947,False
cg22664614,-1.0025266505477586,-0.3159341823733754,0.659230416460567,True
cg22666015,-0.3801433304224048,0.15566451433942113,0.267903922380913,False
cg22668906,-0.6493168486329299,-0.5355576503071966,0.5924372494700633,True
cg22673826,-0.8910034330005937,-0.008704157805096525,0.4498537954028451,False
cg22674699,0.13165781271654733,-0.3227159522540457,0.2271868824852965,False
cg22684969,-0.6431194645107817,-0.2677131504511074,0.4554163074809445,False
cg22689323,-0.5048046187027325,-0.5860303722406294,0.545417495471681,True
cg22695711,-0.49849351632983296,-0.07410146919271679,0.28629749276127486,False
cg22697239,-0.04742109629253333,0.4055935349018537,0.2265073155971935,False
cg22706334,-1.0341715464544412,-1.3050670256652595,1.1696192860598504,True
cg22717323,-0.46841769595600313,-0.15464982949542955,0.3115337627257163,False
cg22722454,-0.7484169105475406,-0.48880849454824055,0.6186127025478906,True
cg22726414,-0.6446336372617096,0.44967458504268054,0.5471541111521951,False
cg22731981,-0.780161050093445,-0.419242087630577,0.5997015688620111,True
cg22736037,-0.35162837159707455,0.20911531773598574,0.28037184466653015,False
cg22736682,-1.0285850135966537,0.06881367688165764,0.5486993452391556,False
cg22737001,0.5953324654568705,-0.13562151852516208,0.36547699199101624,False
cg22738440,-0.4220925918298183,-1.1837990831860312,0.8029458375079248,True
cg22742001,-0.22175361370292146,0.0015565074227104267,0.11165506056281595,False
cg22747076,0.8223299141359278,0.3670298642693287,0.5946798892026283,True
cg22747480,-1.7841252918100068,0.0844390856885198,0.9342821887492633,False
cg22749642,-1.247276023354593,-0.6238065208894056,0.9355412721219993,True
cg22749736,-0.4903079331528624,-2.0102099543937255,1.250258943773294,True
cg22749810,0.9316012039089376,1.1219385832193554,1.0267698935641465,True
cg22750001,-0.7008257237558659,-0.10833629734716123,0.4045810105515136,False
cg22764380,-1.255489842265759,-0.051637247272677364,0.6535635447692182,False
cg22765299,-0.5377836827635831,-0.4781265112654559,0.5079550970145195,True
cg22768676,-1.2817576069705663,-0.49811292711923777,0.889935267044902,True
cg22773555,0.5157311290387325,0.8697717741056488,0.6927514515721906,True
cg22782070,0.39611336384126156,0.07656527724850966,0.2363393205448856,False
cg22787311,-0.5057484550081179,-0.24086565481647013,0.37330705491229405,False
cg22795345,-0.6369867851565378,-1.4330819469392038,1.0350343660478707,True
cg22795586,0.362406741139312,-0.07131346272129765,0.2168601019303048,False
cg22797031,0.8485367068831835,-0.03837696962421131,0.4434568382536974,False
cg22798223,-0.7705577131106228,-0.45039442679072955,0.6104760699506762,True
cg22798362,-0.6496429820816657,-0.09611979674262214,0.37288138941214394,False
cg22800400,-0.4317069024926288,0.04943052100417828,0.24056871174840352,False
cg22801217,-0.47823643394490284,0.14127819449694348,0.3097573142209232,False
cg22802461,-0.15954171033811324,0.25410095934103716,0.2068213348395752,False
cg22805594,-0.026974441355264965,-0.033750024024083405,0.030362232689674185,False
cg22809315,-0.6912654305524939,-0.09272463334404467,0.3919950319482693,False
cg22815785,0.30690500687057165,0.8553551787575139,0.5811300928140428,True
cg22820108,-0.565544588916223,-0.6436267559446864,0.6045856724304547,True
cg22822893,0.14616383420490828,0.5634473230953757,0.354805578650142,False
cg22826986,-0.3182680443904097,-0.01258057463238545,0.16542430951139755,False
cg22828340,-0.08917904134610785,-1.0462241442965217,0.5677015928213147,False
cg22834542,0.1962397232839705,-0.16621061717570262,0.18122517022983656,False
cg22840234,-0.6672941208411273,-0.02511306898221169,0.34620359491166947,False
cg22840361,0.22759642081929274,0.07381920245536557,0.15070781163732916,False
cg22841286,0.07980641459141276,-0.5010819815729595,0.29044419808218613,False
cg22842717,-0.3782797516118533,0.3552560552772629,0.3667679034445581,False
cg22842855,-0.17882346052398537,0.16734770383510292,0.17308558217954415,False
cg22843424,-0.23178086941956919,0.2714679395117232,0.2516244044656462,False
cg22850968,-0.21342369872011552,-0.2613367675624325,0.23738023314127402,False
cg22851683,-0.10666275672150016,0.44967333130500103,0.27816804401325057,False
cg22855393,-0.058896741961716556,-0.7603182787887794,0.409607510375248,False
cg22861794,-1.5566062334834838,-0.4482525560127343,1.002429394748109,True
cg22867729,-0.01968829790183908,0.25216835710426544,0.13592832750305225,False
cg22877570,0.49689116062867594,0.8607783511560778,0.6788347558923769,True
cg22884541,0.057847804371961346,-0.13238830120463296,0.09511805278829716,False
cg22897715,0.4417922109573385,0.36946595928828646,0.4056290851228125,True
cg22900360,-1.359683310643882,-0.04748777643693346,0.7035855435404077,False
cg22907103,-0.47509441434620864,-0.14638211838761792,0.31073826636691326,False
cg22907739,-0.10623721116350192,-0.052205211558050156,0.07922121136077603,False
cg22911315,-0.2450796041462058,-0.0664534593313746,0.1557665317387902,False
cg22911687,-0.5528057014801879,-0.3138884995535857,0.43334710051688685,True
cg22917487,-0.4004131758099398,0.010501289391804303,0.20545723260087204,False
cg22920404,-0.5539916772061102,-0.43108733154110224,0.4925395043736062,True
cg22932313,0.06618803973718723,-0.2742966825969418,0.1702423611670645,False
cg22932819,-1.1813850494907159,-0.7633934756847763,0.9723892625877462,True
cg22943986,0.2002380937016376,-0.0662600674271214,0.1332490805643795,False
cg22944062,-0.7091135654690501,-0.1715988992860807,0.44035623237756544,False
cg22950598,-0.16152136116488097,0.32528472772608025,0.2434030444454806,False
cg22961241,0.09319476116688548,0.11805704614712241,0.10562590365700394,False
cg22963164,-0.5078981090283178,-0.3239117075896622,0.41590490830898996,True
cg22964918,0.5227402173394413,0.24869581090646808,0.3857180141229547,False
cg22973172,-0.8308555930068647,-0.10996985344154506,0.4704127232242049,False
cg22976533,-0.6980458651909937,0.2520640793323995,0.4750549722616966,False
cg22977745,0.7050670630247605,-0.2600571418698542,0.48256210244730735,False
cg22982767,-0.09887071744972484,0.31786178113269536,0.20836624929121011,False
cg22989407,0.43230711750217954,-0.4115020091083741,0.4219045633052768,False
cg22994634,-0.5761561401518076,0.09597010913864545,0.33606312464522653,False
cg22999502,-0.2705655206203968,-0.08096970787207537,0.17576761424623608,False
cg23012855,-0.14602037817800528,-0.5355660221212784,0.3407932001496418,False
cg23013309,0.7655287007399134,-0.05679422956685885,0.41116146515338614,False
cg23017002,0.25629149884660557,-0.19455406417108204,0.22542278150884382,False
cg23018755,0.7533221862816708,-0.0693463468498667,0.41133426656576877,False
cg23027704,-1.2915418871965985,-0.35265646574826265,0.8220991764724306,True
cg23033014,-0.5274827868124304,-0.24017201658677045,0.38382740169960045,False
cg23035226,-0.7034928180048141,-0.42562616110835855,0.5645594895565863,True
cg23037265,-1.6514847917780173,-0.4890129029392976,1.0702488473586576,True
cg23039807,-0.31464168457642094,0.16716203474093755,0.24090185965867925,False
cg23042151,0.06850900917461922,0.18611688862781442,0.1273129489012168,False
cg23044178,-0.31723806525511034,0.21993577511435314,0.26858692018473174,False
cg23049737,,-0.47735744180663015,,False
cg23060465,0.024196956664753952,-0.05915861830327501,0.04167778748401448,False
cg23060513,0.07202306732278961,-0.11973670009316627,0.09587988370797794,False
cg23060646,0.5399835881241611,0.21231255626795775,0.37614807219605945,False
cg23064554,-0.862642703021944,-0.4055418155580914,0.6340922592900177,True
cg23072908,-0.38662045913112375,0.2917880211997152,0.3392042401654195,False
cg23074048,0.2750752156376041,0.528800071024627,0.4019376433311156,False
cg23074881,-0.6531771050840528,-0.020137388548002604,0.3366572468160277,False
cg23076550,-0.3301506089729366,-0.04263942436789301,0.1863950166704148,False
cg23080287,-0.05776125525787339,-0.36445893168290405,0.21111009347038873,False
cg23087108,-0.2112165973576675,-0.3768739823398263,0.2940452898487469,False
cg23090159,-0.2542914191645062,-0.1697222167971221,0.21200681798081417,False
cg23095383,-0.8894870812510415,-0.03934194984308044,0.464414515547061,False
cg23098912,0.28944638477873336,-0.6756256216682334,0.48253600322348333,False
cg23102483,-0.10341997464355958,0.15147261353377614,0.12744629408866787,False
cg23111655,0.08332089750299593,0.30822926806044065,0.1957750827817183,False
cg23117085,-0.41491221354208246,-0.18651585635448042,0.3007140349482814,False
cg23118964,-0.4041069242526851,-0.43432119853405354,0.4192140613933693,True
cg23128056,-0.7636439331336878,0.2831599859824864,0.5234019595580871,False
cg23128584,0.4298678240050091,-0.1293342103204832,0.27960101716274616,False
cg23136645,-0.5241860089268745,-0.6058489016762473,0.5650174553015609,True
cg23136742,0.2255636610165802,0.15981270134648695,0.19268818118153358,False
cg23138608,-0.555426136505252,-0.7631520491052479,0.6592890928052499,True
cg23144445,0.5916628315547243,-0.26868137227159306,0.4301721019131587,False
cg23144852,0.09011400363145419,0.09248493607265464,0.09129946985205442,False
cg23146741,-0.6513225206630489,-0.27236077650847007,0.4618416485857595,False
cg23151413,-1.2845752646255633,-0.3517824950145065,0.8181788798200349,True
cg23153546,-0.3919198683378077,-0.4691486939790906,0.43053428115844916,True
cg23169883,0.3949103791489632,-0.1871428357817724,0.2910266074653678,False
cg23189692,0.45642957259149075,0.08173463318711409,0.2690821028893024,False
cg23190719,-0.12880130951101879,-0.1367652875454905,0.13278329852825466,False
cg23194880,-0.3130742764918412,-0.5384466710495555,0.42576047377069837,True
cg23195763,-0.19247341896598633,-0.2345219103495835,0.2134976646577849,False
cg23196781,-0.8707361974524882,-0.8413374667056607,0.8560368320790744,True
cg23205629,-0.2058072831597223,0.13749839501648964,0.17165283908810597,False
cg23205949,-0.5708244465102973,-0.6350307383144558,0.6029275924123765,True
cg23208909,-0.27254333022956395,-0.3116462141384821,0.292094772184023,False
cg23212579,-0.14858373893618104,0.056713613617797046,0.10264867627698904,False
cg23216101,0.23268503676483987,-0.887827480583884,0.560256258674362,False
cg23217386,-0.5076144563315705,-0.3699703932491178,0.4387924247903442,True
cg23219762,-0.6085098313036328,0.11287115520075915,0.360690493252196,False
cg23226397,0.06289905828048871,0.5159948279997555,0.2894469431401221,False
cg23228609,-1.1485149004676858,0.10547765918443695,0.6269962798260613,False
cg23230554,-0.2712942097491423,0.49127892819385066,0.3812865689714965,False
cg23238315,-0.0877307083883981,0.11071158670180614,0.09922114754510211,False
cg23239971,-0.8636516277218995,-0.3811864548369048,0.6224190412794022,True
cg23240927,0.2918905179706043,0.6293805555621097,0.460635536766357,False
cg23244761,-0.022117913254314524,0.05973067938424978,0.040924296319282155,False
cg23246666,-2.7992988216455013,-1.8673767561625496,2.3333377889040254,True
cg23249922,0.5029476884784727,-0.08555138437453942,0.2942495364265061,False
cg23259384,-0.6657356813960924,-0.6921700510259129,0.6789528662110027,True
cg23265009,-0.27247376795360306,-0.08730027585482468,0.17988702190421388,False
cg23280807,-0.6737648987887864,-0.23129486262217938,0.4525298807054829,False
cg23281307,-0.4312588695707683,-0.6040079938223393,0.5176334316965538,True
cg23286646,0.49698953707109045,-0.04877953647500194,0.2728845367730462,False
cg23291280,0.5163066058092732,0.2896327901523526,0.40296969798081295,False
cg23293256,-0.4505685068907267,-0.4465601156368486,0.44856431126378765,True
cg23300494,-0.23422308287375893,-0.27627082038371764,0.2552469516287383,False
cg23305567,0.42276800371574863,0.005523369923844669,0.21414568681979665,False
cg23311800,0.5060478087412629,0.6049801169349835,0.5555139628381232,True
cg23312431,-0.30483784246280515,0.17273013035450127,0.23878398640865323,False
cg23318020,-0.6619153348308237,-0.49827366404744566,0.5800944994391346,True
cg23325384,-0.6335790499060424,-0.32982450862357604,0.4817017792648092,True
cg23328404,0.6386870780249957,0.5663786747700946,0.6025328763975452,True
cg23334433,-0.6228215059909014,-0.35749158030871087,0.4901565431498061,True
cg23338668,-0.654699996601412,0.02239625220327812,0.33854812440234505,False
cg23338753,0.18231783715777422,-0.559022372154225,0.3706701046559996,False
cg23344706,-0.40385203176777323,-0.43218403545374523,0.41801803361075923,True
cg23345631,-0.3050081017661643,-0.20109511598202218,0.2530516088740932,False
cg23348155,-0.5495755847721087,0.18834119699112978,0.3689583908816192,False
cg23349014,-0.7185118697879239,-0.5391469749730926,0.6288294223805082,True
cg23349798,-0.2831435979050571,-0.21416016142263947,0.24865187966384827,False
cg23351724,-0.29018163738268354,-0.020282185554066866,0.1552319114683752,False
cg23353543,0.17567675132373495,-0.7274489053452142,0.4515628283344746,False
cg23357533,-0.9745372068420781,-0.45746765963793,0.7160024332400041,True
cg23361579,-0.8014727990942874,-0.7101498905031715,0.7558113447987294,True
cg23361969,-0.45226677648490743,-0.3762276441727254,0.4142472103288164,True
cg23363263,-0.22916404393356907,0.3393372114207741,0.2842506276771716,False
cg23366404,0.13264549382620486,-0.7358116870015898,0.43422859041389733,False
cg23366752,-0.6136168016008915,0.34751147613793737,0.4805641388694144,False
cg23367857,-0.46982276163458736,-1.10758957947332,0.7887061705539536,True
cg23369555,-0.656433460918582,-0.2729624913162604,0.4646979761174212,False
cg23387401,-0.6407290135229267,-0.2461858077471979,0.4434574106350623,False
cg23391288,-0.42218328115349496,-0.4916283370208381,0.4569058090871665,True
cg23393728,-0.31935275661573914,-0.09639732585412393,0.20787504123493153,False
cg23398076,1.2334986250264866,0.3553936341923598,0.7944461296094232,True
cg23401796,-3.641704252786805,-0.9713772089441458,2.3065407308654753,True
cg23403750,-0.34421809804198467,-0.291361572560867,0.3177898353014258,False
cg23403895,-0.8140496137207791,-0.25128943814402904,0.5326695259324041,False
cg23411240,-0.8600911018979598,-0.07599101243217883,0.46804105716506933,False
cg23412797,-0.31243615440283656,-0.36656292059475787,0.33949953749879724,True
cg23415212,0.35451041385359516,-0.34567915473658706,0.3500947842950911,False
cg23417677,-0.7173575105857423,-0.541556597899579,0.6294570542426606,True
cg23418066,-0.5765757160734576,-0.28987489224773455,0.43322530416059607,False
cg23424357,-0.8348933282654104,0.1381518579036604,0.4865225930845354,False
cg23430634,-0.42342523812724964,-0.29031592085219093,0.3568705794897203,False
cg23434428,0.21968155220762525,0.2356962333332169,0.2276888927704211,False
cg23435821,0.3904803906934047,0.7286256367033644,0.5595530136983846,True
cg23436058,-0.656008276001053,-0.03281735795306982,0.34441281697706144,False
cg23456595,0.0022467438042157156,0.6485367760285462,0.325391759916381,False
cg23457280,-0.9750564730141982,-0.4334615076021868,0.7042589903081925,True
cg23461824,-0.06874781421737068,0.21969719276351216,0.1442225034904414,False
cg23463186,-0.7532756148743616,-0.7515107089187397,0.7523931618965507,True
cg23467008,0.2514749183854655,-0.4379881668554907,0.3447315426204781,False
cg23468927,-0.23559503272968227,0.9001055961731449,0.5678503144514135,False
cg23470598,-0.8491458442063767,-0.5558168323834116,0.7024813382948942,True
cg23474801,-0.1890241538410287,-0.3753832891809446,0.28220372151098666,False
cg23474890,-0.24160674331304008,-0.5721835553430759,0.406895149328058,False
cg23475755,-0.20669037341278187,0.25688699704067924,0.23178868522673057,False
cg23478225,0.38548439789801936,-0.379090706131196,0.3822875520146077,False
cg23478547,-0.032462187428017174,-0.31241817622355766,0.1724401818257874,False
cg23483894,-0.8180417866756868,-0.30045569270591554,0.5592487396908012,True
cg23490396,-0.3111370334593669,-0.7196261813253219,0.5153816073923444,True
cg23498755,-0.7695199072248681,-0.5762939123276999,0.672906909776284,True
cg23501520,-1.516241752252492,-0.8406440649238429,1.1784429085881674,True
cg23503691,-0.6014791392522683,-0.02452780837146211,0.31300347381186516,False
cg23511432,0.5840782810408873,0.935367038375869,0.7597226597083782,True
cg23513252,-0.6519592567297277,-0.12495577437487694,0.3884575155523023,False
cg23514375,0.19515142951292613,0.09195755376225555,0.14355449163759085,False
cg23515942,0.9139322254108083,0.6212442153318755,0.7675882203713419,True
cg23519969,-0.23226071864047718,-0.4728235632766211,0.35254214095854913,False
cg23521138,-0.660218348971459,-0.38827535064856805,0.5242468498100136,True
cg23521905,-0.46112595700039716,0.39359063276251766,0.4273582948814574,False
cg23524184,-0.6696644086749375,-0.006423934272305998,0.33804417147362176,False
cg23525243,-0.2711730152003001,0.19069090621830925,0.2309319607093047,False
cg23530917,-0.00531875657531439,-0.04231080606240633,0.02381478131886036,False
cg23532980,-0.09051999743280714,0.22546496175658326,0.1579924795946952,False
cg23540819,0.4285274585046499,0.21476611743757446,0.3216467879711122,False
cg23544472,-0.13467550527048042,0.28575698552068307,0.21021624539558176,False
cg23547048,0.18735724682739632,-0.23845005072043643,0.21290364877391638,False
cg23558764,-1.299851639846847,-1.2725041829901267,1.2861779114184868,True
cg23571839,-0.4880224099917404,-0.5109607757455519,0.49949159286864614,True
cg23580509,-0.5238994230673147,-0.3862364605820797,0.45506794182469723,True
cg23590159,-0.5240523220573318,-0.013114546621277055,0.2685834343393044,False
cg23595055,0.008163320795870066,0.04108634298648426,0.024624831891177163,False
cg23595571,-0.8424843175773529,-0.2233780130710269,0.5329311653241899,False
cg23617848,-0.1563457235646276,-0.9006469123122551,0.5284963179384413,False
cg23627022,-0.23265921654884775,0.29272945864795363,0.26269433759840066,False
cg23632333,-0.0819282133213797,-0.20995504001811593,0.1459416266697478,False
cg23635663,0.21550858163418013,0.16447625767112675,0.18999241965265345,False
cg23639055,-0.38138929244402586,-0.2702305406502466,0.3258099165471362,False
cg23641108,0.006050609946981493,-0.017372598712558484,0.01171160432976999,False
cg23642827,-0.41837961116896955,-0.40101753746673685,0.40969857431785317,True
cg23642875,-0.1347781477967375,-1.0120979744746963,0.5734380611357169,False
cg23643814,0.7972468384679937,0.14264907890903625,0.46994795868851497,False
cg23644437,-0.6205573792313284,-0.3838751507108428,0.5022162649710856,True
cg23645091,-1.142058280571826,-0.16603983844053252,0.6540490595061793,False
cg23659062,-0.46760874032607025,-0.12850550753179812,0.2980571239289342,False
cg23659592,0.09202788760853473,1.4564458499946096,0.7742368688015722,False
cg23661483,-0.016659375698153282,0.33028277308447485,0.17347107439131407,False
cg23661721,-0.2591354631009924,0.07421030734461376,0.16667288522280307,False
cg23663533,-0.41742496427785253,-0.368469695832259,0.3929473300550558,True
cg23671196,-0.8478962475426799,-0.9565233264123831,0.9022097869775315,True
cg23674202,0.2549723153834449,0.1632080168794088,0.20909016613142684,False
cg23678565,-0.409094379917406,-0.37881931270109576,0.3939568463092509,True
cg23681745,-0.6750558964961545,-0.40778149535777963,0.5414186959269671,True
cg23683962,-0.35572326980116054,-0.3810220544221097,0.3683726621116351,True
cg23684878,0.32117489336181065,1.0270958879334566,0.6741353906476336,True
cg23689722,-0.3383676470981744,0.018650437450379833,0.1785090422742771,False
cg23693289,0.43049143694005415,0.5291527479807112,0.47982209246038265,True
cg23695184,0.15465743623262798,0.3893316691678177,0.2719945527002228,False
cg23696550,-0.6981966493221881,-0.170698611084186,0.434447630203187,False
cg23698536,-0.3469035879492069,-0.10204744581321248,0.2244755168812097,False
cg23704802,0.11871949555018806,0.44929548212039877,0.2840074888352934,False
cg23709617,0.47422619315376974,-0.33062081875818167,0.4024235059559757,False
cg23720929,0.1848082228782089,-0.25784246935057864,0.22132534611439375,False
cg23723793,-0.4492484355853859,0.550298890654264,0.49977366311982496,False
cg23723835,-0.7192074671810937,-0.5435362334589646,0.6313718503200292,True
cg23725210,-0.5784561056004973,-0.2463390157766804,0.41239756068858885,False
cg23725394,-0.8229282872316637,-0.3149591492091195,0.5689437182203916,True
cg23729331,-0.7628538710309813,-0.2332823535131861,0.4980681122720837,False
cg23730277,0.16886059976180756,-0.24123884673159005,0.2050497232466988,False
cg23730408,-0.07801775661502919,-0.003556420315187555,0.040787088465108375,False
cg23730606,-0.041188470731192334,0.6800162179182565,0.36060234432472443,False
cg23732024,-0.34399332497476337,-0.2436522282719894,0.2938227766233764,False
cg23745290,-0.14721113556475965,-0.4189582896094459,0.28308471258710277,False
cg23752651,0.29519523823989907,-0.3723653280093878,0.3337802831246435,False
cg23752963,-0.1812138695305813,0.3940473527082481,0.2876306111194147,False
cg23752985,-0.12682899155538543,0.39350281105522705,0.26016590130530626,False
cg23755933,-0.12628219763054294,-0.0843189850894465,0.10530059135999473,False
cg23756872,-0.5689366036941182,0.06845923010794373,0.318697916901031,False
cg23760103,-0.7318735889619498,-0.21016880361942883,0.4710211962906893,False
cg23770271,-0.41741680803263415,-0.14713465200392542,0.28227573001827977,False
cg23778370,0.08091555532770367,0.11735543034975883,0.09913549283873124,False
cg23792485,-0.6747428661020614,-0.21675799364974624,0.4457504298759038,False
cg23796243,0.3354639072528486,-0.009859352495673197,0.1726616298742609,False
cg23797615,-0.6364644166626883,0.5639766111076463,0.6002205138851673,False
cg23808182,0.20467422532076907,-0.5502613615864742,0.37746779345362164,False
cg23811811,-0.24850880743429235,-0.16940092890253294,0.20895486816841263,False
cg23819411,-0.5334154748397508,-0.4633489862724811,0.49838223055611597,True
cg23824713,-0.5953523166146473,-0.10565967103844463,0.35050599382654596,False
cg23825480,0.9251371580289687,-0.17760364790316305,0.5513704029660659,False
cg23828876,-0.9375870579725787,-0.22564422380654367,0.5816156408895612,False
cg23829024,-0.15017120796445463,-0.29984281415592895,0.22500701106019177,False
cg23844325,-0.3672419840211302,-0.4031536500025543,0.38519781701184225,True
cg23873415,-0.37195525199498947,-0.4952737050889512,0.4336144785419703,True
cg23875509,-0.6869244974574455,-0.5452981661494384,0.6161113318034419,True
cg23878564,0.5011358792914338,-0.14564756528215161,0.3233917222867927,False
cg23879263,0.10835083833075962,-0.2177176065527358,0.1630342224417477,False
cg23882186,0.1029982471248064,0.041524658101955464,0.07226145261338093,False
cg23883738,0.2295099169380834,0.14633730146105475,0.18792360919956907,False
cg23886378,-0.5958631152731407,0.28305740814129743,0.4394602617072191,False
cg23893629,-0.9260493102999776,-0.3717277430843341,0.6488885266921558,True
cg23896695,-0.8727798690502836,-0.09260947407118304,0.4826946715607333,False
cg23900696,-0.3495578587244681,-0.08519754268967461,0.21737770070707135,False
cg23910243,-0.8313609910291461,-0.05911535480170086,0.44523817291542345,False
cg23911097,-0.12769187716853733,-0.17244791930902056,0.15006989823877895,False
cg23911229,-0.0452483214533215,-0.23784684731674133,0.1415475843850314,False
cg23914535,-0.11307184095898307,-0.2617507541208953,0.18741129753993918,False
cg23918130,0.2753745437344939,-0.5460636911410144,0.41071911743775413,False
cg23928165,0.4885170697497222,0.965013144814673,0.7267651072821977,True
cg23938220,-0.1430063770950116,-0.3412214388160044,0.24211390795550802,False
cg23939866,-1.0246311669860755,0.07458572186802698,0.5496084444270513,False
cg23942599,0.02157089486850181,0.06270918023269001,0.04214003755059591,False
cg23948703,-1.1576703160076312,-0.7293383873354087,0.9435043516715199,True
cg23949969,-1.0119906217944175,0.0026007923458738133,0.5072957070701456,False
cg23955200,-1.0972457324095968,-0.4433000092379149,0.7702728708237558,True
cg23961922,-0.9735461160883431,-0.43960149561741363,0.7065738058528783,True
cg23966363,-0.1565609804795716,0.5208888494141058,0.3387249149468387,False
cg23975355,-0.43585840453417035,-0.4346300812470342,0.43524424289060226,True
cg23976499,0.03420671262018028,-0.5106720456761169,0.2724393791481486,False
cg23990557,0.044396212389376806,-0.050588316441716505,0.04749226441554666,False
cg24004055,-0.11557012475568737,0.1503656204294705,0.13296787259257892,False
cg24008435,-1.2393040037616352,-0.7009091881628706,0.9701065959622529,True
cg24008893,-0.703532945987761,-0.0523116613620565,0.3779223036749087,False
cg24010658,-0.5135121752499906,-0.2853153899671669,0.39941378260857874,False
cg24011073,0.6096187509979994,-0.028778444325311323,0.31919859766165537,False
cg24015472,-0.5047402229592868,-0.34368576965219466,0.4242129963057407,True
cg24024661,-0.5455716851088801,-0.22975696210601398,0.38766432360744707,False
cg24026570,0.007750957825877038,0.15082376976278158,0.07928736379432931,False
cg24032269,-0.09313225187411299,0.26033021186827604,0.17673123187119452,False
cg24033224,0.19619585235906228,-0.12916841861648568,0.162682135487774,False
cg24035682,0.3121932116403856,0.6285717884431206,0.4703825000417531,True
cg24037651,-0.7406288469146005,-0.3138906085556862,0.5272597277351434,True
cg24037746,-1.2650260705905814,-0.43568397377074347,0.8503550221806624,True
cg24057615,-1.2200161071610838,-0.47050971427497584,0.8452629107180298,True
cg24059694,-0.40427125462906804,-0.22318795950862844,0.3137296070688482,False
cg24060938,-0.401001543398973,0.4134055328361479,0.40720353811756044,False
cg24062526,0.08768947843341479,-0.31569907008189196,0.20169427425765338,False
cg24066980,-0.2990418661804872,0.3907304714809585,0.3448861688307229,False
cg24067150,-0.5271673819726753,0.09463639346608252,0.31090188771937893,False
cg24068972,-0.002901531402066676,-0.1379518223462005,0.07042667687413358,False
cg24080247,0.056797416160694544,-0.5393050192519215,0.29805121770630805,False
cg24087438,0.5118894642882553,-0.09272525182800004,0.3023073580581277,False
cg24090529,-0.03333072100935616,-0.5372206213357068,0.2852756711725315,False
cg24096540,-0.4338067988630893,-0.04122314042443364,0.23751496964376148,False
cg24096745,-0.8300727217089947,-0.35924221621893304,0.5946574689639639,True
cg24096828,-0.9010422656667161,-0.48547549621407754,0.6932588809403968,True
cg24099605,-0.3059175383839715,-0.14464221027865745,0.22527987433131447,False
cg24101638,-0.9783337512722272,-0.05244414134357935,0.5153889463079033,False
cg24108508,-0.9562742136305374,0.010260783868586481,0.483267498749562,False
cg24113439,0.4147445208481546,0.6546583101147505,0.5347014154814526,True
cg24130564,-1.3233172322015212,-0.8804660397137416,1.1018916359576314,True
cg24131359,0.5770060625924273,-0.049236943781823556,0.3131215031871254,False
cg24135685,-0.6780228845136836,-0.3126834927326436,0.49535318862316363,True
cg24137448,-0.07447233306392848,0.129745143177229,0.10210873812057873,False
cg24137511,-0.5450966410120409,0.08002192202190629,0.3125592815169736,False
cg24137774,-0.2226402648685658,-0.16803261104700412,0.19533643795778496,False
cg24138325,0.18896337507773925,-0.04421279964832901,0.11658808736303414,False
cg24140200,-0.7233330230834644,-0.33336020679284717,0.5283466149381557,True
cg24145118,0.5834412148604532,-0.37339001079080825,0.4784156128256307,False
cg24150051,-0.4750876160376178,-0.4578545665915356,0.4664710913145767,True
cg24154024,-0.31507580240897365,-0.48170189280069353,0.3983888476048336,True
cg24157392,-0.015515038490800515,-0.6183022593046689,0.3169086488977347,False
cg24157814,-0.5870390767786461,-0.38224957601063125,0.48464432639463867,True
cg24161057,0.10954484308415186,0.07631775018827738,0.09293129663621462,False
cg24164238,-0.6373812149753255,0.2493785306948261,0.4433798728350758,False
cg24169315,-0.21307783423688453,-0.5298895366392142,0.3714836854380494,False
cg24188017,-0.3561734651266572,-0.23810472953297218,0.2971390973298147,False
cg24193411,-0.831268243445952,-0.7118736724139825,0.7715709579299672,True
cg24194201,-0.25919399156241457,-0.32802390323786823,0.29360894740014143,False
cg24216966,0.12860131993740237,0.004680863231982202,0.06664109158469228,False
cg24219128,-0.44148209186513815,0.1710015939814917,0.3062418429233149,False
cg24223075,-0.5336964447115384,-0.11449796430678616,0.3240972045091623,False
cg24230696,0.12017102321333577,0.080920705222142,0.10054586421773888,False
cg24231380,-0.1597077540172244,0.32960252801591094,0.24465514101656766,False
cg24234141,-0.9643486838160854,-0.43872205616001514,0.7015353699880502,True
cg24239420,-0.4558156550344807,-0.2522058555136897,0.3540107552740852,False
cg24242290,-0.4550496493528585,0.15456786008457035,0.30480875471871444,False
cg24249031,-0.8098115139476523,0.06974470653769987,0.4397781102426761,False
cg24253136,-0.4737251925074619,0.02298620904410661,0.24835570077578425,False
cg24282845,0.18732128653062222,-0.06130667242812835,0.12431397947937528,False
cg24284369,1.2598154169214126,0.3052583628840686,0.7825368899027406,True
cg24288527,-0.017919867641287966,-0.8146344051268951,0.41627713638409153,False
cg24290948,-0.2785883033630294,-0.3523310273181458,0.3154596653405876,False
cg24292487,-0.9188764114648945,-0.6967640667307887,0.8078202390978416,True
cg24297418,-0.6556279080940293,-0.7150817874826151,0.6853548477883222,True
cg24301480,-0.5073736868896996,-0.6510299772218406,0.5792018320557701,True
cg24302235,0.42956183106085993,0.10862545787757358,0.26909364446921674,False
cg24304050,-0.9351509390658034,-0.02640832240271231,0.48077963073425783,False
cg24304658,-0.17939867810591822,-0.1451804361580169,0.16228955713196758,False
cg24307117,0.2919983520698718,0.31634615353469625,0.304172252802284,False
cg24309040,-0.085818227063264,-0.1934068579516212,0.1396125425074426,False
cg24310395,-0.6274064418548753,-0.22806816933783797,0.4277373055963566,False
cg24314434,-0.4027525825678147,-0.13924356351761108,0.2709980730427129,False
cg24314564,-0.128825884661091,-0.05418708229474029,0.09150648347791564,False
cg24315840,-0.2379429872897176,-0.345149587188944,0.2915462872393308,False
cg24317086,0.3907483674598211,0.15313879066654856,0.27194357906318484,False
cg24319651,-0.24065707525496668,-0.43227126804523325,0.33646417165009995,False
cg24327132,-0.39427729069461354,-0.10924820951407103,0.2517627501043423,False
cg24334334,0.2364270320023123,0.05803911743800794,0.14723307472016012,False
cg24336808,-0.21998984043107603,-0.16117810250018208,0.19058397146562905,False
cg24336989,0.9359692300805812,0.2249620337015309,0.580465631891056,False
cg24337215,0.001762859507508328,-0.06000425699524329,0.030883558251375808,False
cg24351076,-0.5947930523362805,-0.1656747570819824,0.3802339047091315,False
cg24352618,0.08176135104559458,-0.3087586073308491,0.19525997918822183,False
cg24354581,-0.12334851070224676,-0.025042835487775403,0.07419567309501107,False
cg24361391,-1.4490068886642329,-0.2386545637582559,0.8438307262112443,False
cg24369185,0.4479048381998781,-0.28346021139037286,0.3656825247951255,False
cg24371954,0.23370825318173877,0.03143719209702727,0.13257272263938302,False
cg24374161,0.1057095570572321,0.6438969189208007,0.3748032379890164,False
cg24377694,-0.48127996704967696,0.09206124175583208,0.2866706044027545,False
cg24379742,-0.5221002217227573,-0.11949748959205024,0.32079885565740374,False
cg24380653,-0.0618639891698532,0.04825208875095053,0.055058038960401866,False
cg24389599,-0.21501930648616677,0.016836225907554486,0.11592776619686063,False
cg24390871,-0.44415850828842784,-0.32914205987403383,0.3866502840812308,True
cg24397874,-0.3917642350833975,-0.559440375863945,0.47560230547367127,True
cg24402372,-0.7579033084256726,-0.2512795862684024,0.5045914473470374,False
cg24402975,-0.13347196700193864,0.40175259181455786,0.2676122794082483,False
cg24404329,-0.2146870757638396,-0.47329629149663355,0.3439916836302366,False
cg24404823,-0.28660652618089505,-0.5949286367892233,0.4407675814850591,False
cg24404878,-1.0401474461063858,-0.8601628283690812,0.9501551372377335,True
cg24405716,-0.2854764673450231,-0.08168045131864325,0.18357845933183317,False
cg24408769,0.32631894554091123,-0.48033614320746104,0.40332754437418616,False
cg24410690,-0.809332910669191,-0.6737760803822449,0.741554495525718,True
cg24415213,-0.7688829228592875,-0.47831384931200643,0.623598386085647,True
cg24419520,-0.07449890322601249,-0.5089049757685853,0.2917019394972989,False
cg24420366,-0.3092531722879068,0.2233321336461858,0.2662926529670463,False
cg24422489,-0.7157747266298689,-0.31974604710429305,0.5177603868670809,True
cg24425531,-0.054766684593562515,-1.0433985699055952,0.5490826272495789,False
cg24429974,0.17514033422894043,0.15532289182356018,0.1652316130262503,False
cg24430034,0.3210072247482962,0.10071255480793226,0.2108598897781142,False
cg24436715,0.45114008652755766,0.40621168837242044,0.4286758874499891,True
cg24441911,-0.3610388792796968,0.26794395221622036,0.3144914157479586,False
cg24446326,0.19113543979512324,0.41085965118805384,0.3009975454915885,False
cg24448340,0.2051323614763926,0.1594674713502497,0.18229991641332116,False
cg24452128,0.27917957979349806,0.12478710555979226,0.20198334267664517,False
cg24452181,0.43029187541273445,0.5268388655462645,0.47856537047949943,True
cg24455148,-0.8352129924388718,0.1592811136680584,0.4972470530534651,False
cg24456340,-0.5444430557021389,-0.11635283040500478,0.33039794305357184,False
cg24458300,0.8837019872321069,0.19732181515770428,0.5405119011949056,False
cg24459792,0.3326341382753516,-0.11190560367576746,0.22226987097555953,False
cg24461337,-0.6393069506365706,-0.41939811185763337,0.529352531247102,True
cg24462702,0.021374149757469863,0.36059375412546146,0.19098395194146567,False
cg24463471,-0.4444331377847388,-0.3328272588562117,0.3886301983204753,True
cg24465224,-0.08884828989223856,-0.35891967407520975,0.22388398198372417,False
cg24465943,-0.15611537573807002,-0.8612469195639331,0.5086811476510016,False
cg24466100,-1.1320594764564575,-0.46775103398359147,0.7999052552200245,True
cg24470657,-0.4405561118817389,0.40840353015877146,0.42447982102025517,False
cg24477102,0.21667779234701787,-2.159907433447956,1.188292612897487,False
cg24477778,-0.5116998228656545,-0.47388471144822303,0.4927922671569388,True
cg24478966,-0.39746943936342627,0.2527993242529142,0.3251343818081702,False
cg24480277,-0.6942069923583446,-0.24030118866644568,0.46725409051239514,False
cg24496563,-0.07727212175654162,-0.2529993692398808,0.16513574549821122,False
cg24496841,0.6403564233527528,-0.020120206222540276,0.33023831478764654,False
cg24504014,-0.38703192847850126,0.22223319447476414,0.3046325614766327,False
cg24504349,-0.6179738167533305,0.07035428576100672,0.34416405125716865,False
cg24505884,0.14678316761797025,0.2368594904354221,0.19182132902669619,False
cg24508208,-0.4944714796938926,-0.4930434078948144,0.4937574437943535,True
cg24508976,-0.716393972564564,0.2289603815138586,0.4726771770392113,False
cg24515095,-0.1508877013812344,-0.6345162473982283,0.39270197438973137,False
cg24517175,-0.5240684038887315,-0.5371937060236724,0.530631054956202,True
cg24525457,0.03068899987659614,0.1762021752194323,0.10344558754801422,False
cg24526056,-1.1157652105592655,-0.06652376015042259,0.591144485354844,False
cg24526433,0.09391869705495304,-0.4607980630574096,0.2773583800561813,False
cg24527636,-0.6584168084937131,-0.3996837956155311,0.5290503020546221,True
cg24536163,-1.0858355754106739,-0.05724610489211703,0.5715408401513955,False
cg24539500,-0.8428428022620301,-0.678536551204974,0.7606896767335021,True
cg24540710,0.14337187650783323,0.6525314963709729,0.39795168643940304,False
cg24543596,-0.41904303280472643,-0.5125478505270594,0.46579544166589293,True
cg24552015,-0.2412292969260273,0.6910901642649113,0.46615973059546933,False
cg24555763,1.345455483890978,-0.23458813642625354,0.7900218101586158,False
cg24559044,-0.05894465432566962,0.28590915624078345,0.17242690528322654,False
cg24563967,-0.4604661149373697,0.149683419438555,0.30507476718796234,False
cg24568082,-0.7031648770085503,-0.11787403217822462,0.41051945459338746,False
cg24574819,-0.3602836756674737,-0.31285093348130005,0.3365673045743869,True
cg24581183,-0.6503033440546008,-0.46449322736875404,0.5573982857116774,True
cg24590655,0.4573038513135727,0.7749182005598058,0.6161110259366892,True
cg24591770,0.09007361212205929,-0.6380080450371054,0.36404082857958237,False
cg24602704,-0.4644821925929256,-0.6102662441095774,0.5373742183512515,True
cg24603576,0.2427318699258357,0.242174335448988,0.24245310268741185,False
cg24612198,-0.9701413344413296,-0.2360385115237286,0.6030899229825291,False
cg24617203,-0.2905587622343444,0.018818075813140853,0.15468841902374264,False
cg24620635,-0.3585641587842894,0.13538372985152383,0.2469739443179066,False
cg24626312,-0.13469142711572826,0.05626387334771653,0.09547765023172239,False
cg24630516,0.29534724597389844,-0.660451693244975,0.47789946960943674,False
cg24633648,0.4356247736343619,-0.24964537940751902,0.3426350765209405,False
cg24633745,-0.17513360129104066,-0.6204210851493562,0.3977773432201984,False
cg24636258,-0.2672801951591231,-0.07615254692480829,0.1717163710419657,False
cg24654177,-0.5015338927579694,-0.25961876379587967,0.38057632827692456,False
cg24655012,-0.4837205158575608,-0.3711710760485899,0.42744579595307536,True
cg24659328,-0.09817135058530668,-0.3779694208632659,0.2380703857242863,False
cg24662823,-0.3559913285402905,-0.12945764461939377,0.24272448657984214,False
cg24667510,0.17126483705205553,0.18051315006591978,0.17588899355898766,False
cg24669786,-0.0984972681692848,0.02332636084117721,0.060911814505231004,False
cg24672685,-0.7751843725461954,-0.3146692845422052,0.5449268285442004,True
cg24673600,-0.2466642083820688,0.1497100334308541,0.19818712090646146,False
cg24677002,0.19592342527506043,0.4041989964650318,0.3000612108700461,False
cg24681845,0.4561897394362034,0.7045196320563913,0.5803546857462973,True
cg24685134,0.5333662841139687,0.35629590043168563,0.44483109227282713,True
cg24688939,0.03314635355592375,-0.07845142726376639,0.055798890409845064,False
cg24689585,-0.4892526800094639,0.2896996799222807,0.3894761799658723,False
cg24696728,-0.05485868381672315,0.19363986427188565,0.1242492740443044,False
cg24702147,-0.7815717683662324,-0.17137926350787444,0.47647551593705345,False
cg24706505,-0.16034976437386067,0.19099124548027513,0.1756705049270679,False
cg24713259,0.265526837308141,-0.12888353580154835,0.19720518655484465,False
cg24716664,,-1.4835327482853147,,False
cg24718773,-0.3941623069463582,0.08770744044142668,0.24093487369389244,False
cg24720777,-1.2587486217461339,-0.14874213278700005,0.7037453772665669,False
cg24736010,-0.5864313324331951,-0.44516866756504725,0.5157999999991212,True
cg24736559,-0.6509609123112108,0.3161380047559748,0.48354945853359277,False
cg24737761,-1.2164552130732749,-0.19127463654186258,0.7038649248075687,False
cg24738036,0.26162501526774945,0.17374662551199058,0.21768582038987,False
cg24745816,-0.08882060633830949,-0.19116873453108324,0.13999467043469638,False
cg24747122,-0.9462392522252401,-0.21368297592844154,0.5799611140768408,False
cg24757310,0.38216617533944397,0.17760649738585002,0.279886336362647,False
cg24765079,-0.25177187944285284,0.11939787726448042,0.18558487835366663,False
cg24769158,0.09168598777892367,-0.47568847847006324,0.28368723312449345,False
cg24776343,-1.0328080530040258,-0.23637614722123113,0.6345921001126285,False
cg24777950,-0.45718333499816993,0.04793697510639868,0.2525601550522843,False
cg24784416,0.3080151038463595,0.20959829886581693,0.2588067013560882,False
cg24788090,-0.06439260202781266,-0.4148939451072827,0.2396432735675477,False
cg24788483,0.014267982993991547,0.09260019458862775,0.05343408879130965,False
cg24791846,-0.7514305486638349,-0.6343205233912855,0.6928755360275602,True
cg24805886,-0.1229455693261426,-0.10298810542225571,0.11296683737419916,False
cg24806812,-0.6759952246478124,-0.1577725777959384,0.41688390122187535,False
cg24807761,-0.6038178937867105,-0.32317609089855154,0.463496992342631,True
cg24808318,-0.08637929258262084,-0.3478118656739907,0.21709557912830577,False
cg24813613,-0.9358570424894125,0.06302142150617412,0.4994392319977933,False
cg24820270,0.637422821276484,-0.35358802528323907,0.4955054232798615,False
cg24827600,0.1852009138441258,0.17230794238019317,0.17875442811215947,False
cg24830524,-0.5863934840249816,0.35226917968344373,0.46933133185421266,False
cg24831140,-1.0496893604799582,-0.34725084793868644,0.6984701042093223,True
cg24833566,-0.7257898639782325,-0.3764432364384654,0.5511165502083489,True
cg24838839,-1.5490048109742742,-0.6366078366053509,1.0928063237898127,True
cg24841244,0.24554623450560006,0.08877320325063594,0.167159718878118,False
cg24843511,-0.9893540072920186,0.2756448640275787,0.6324994356597986,False
cg24847996,-0.03414243018024536,-0.48417368712738135,0.25915805865381336,False
cg24854175,-0.8626357193794661,-0.21955830771316395,0.541097013546315,False
cg24854181,-0.08523340606398579,0.09461081626324264,0.0899221111636142,False
cg24864413,-0.11393066484470532,0.0342650620945675,0.07409786346963641,False
cg24873280,0.07250869993135499,0.5753738621035934,0.3239412810174742,False
cg24884265,-0.6724372139728553,0.027915657909877212,0.35017643594136627,False
cg24885723,0.044376688897329215,-0.11646061885195437,0.0804186538746418,False
cg24886219,-0.8945104949164918,-0.2596402721363561,0.577075383526424,False
cg24888257,1.030049956215942,0.1802622516783739,0.6051561039471579,False
cg24894531,-0.6139359600191772,0.1104419435963539,0.36218895180776556,False
cg24916165,-0.4760598838000186,0.031010112843674116,0.2535349983218464,False
cg24924358,-0.3002202185102807,-0.15570498263351326,0.227962600571897,False
cg24925907,-0.49699352282121756,-0.048763377242522984,0.2728784500318703,False
cg24928183,-0.5541153791459416,-0.3080076368935759,0.43106150801975873,True
cg24929556,-0.5798499869747616,-0.047646667545716156,0.3137483272602389,False
cg24929896,-0.06995782738252433,-0.4120099258432355,0.2409838766128799,False
cg24935217,-0.38718713520055287,0.4021040040308997,0.3946455696157263,False
cg24937735,-1.1841627962213774,-0.48201346991607735,0.8330881330687274,True
cg24940138,0.32770155941129303,0.9213286219609921,0.6245150906861425,True
cg24941342,-0.8646641179307769,-0.06989057676743077,0.46727734734910387,False
cg24952240,-0.4765427947625743,-0.5030325750465217,0.48978768490454794,True
cg24955196,0.02388784737463985,-0.40156155362197693,0.21272470049830838,False
cg24956710,-0.3771145401270334,-0.15922006122918525,0.26816730067810934,False
cg24959428,-0.5684399407587396,0.10870908809572839,0.338574514427234,False
cg24965791,-0.729411323082996,-0.4190179191446898,0.5742146211138429,True
cg24967811,-0.7888386422632959,0.030333360442734058,0.409586001353015,False
cg24970620,-0.6486310736014366,-0.3484034442160823,0.4985172589087594,True
cg24974356,-0.19690628255166676,-0.3967338659453481,0.2968200742485074,False
cg24995008,-0.6338842638957575,-0.10889983109351171,0.3713920474946346,False
cg24997744,0.19223353743136232,0.32642781231147044,0.25933067487141637,False
cg25003924,-0.17128158169080834,0.14632886103582646,0.1588052213633174,False
cg25005674,-0.6628742776751321,-0.2891315814238354,0.47600292954948376,False
cg25014247,-0.6301476802283283,-0.024948225373099275,0.3275479528007138,False
cg25015613,-0.6099067201527861,-0.2112832157020958,0.410594967927441,False
cg25015733,-0.6007336401979758,0.10212864685467508,0.35143114352632543,False
cg25016308,-0.35537930819402025,-0.5665106500598036,0.4609449791269119,True
cg25017837,0.8712250148413758,0.054326571452578125,0.462775793146977,False
cg25018208,0.055947593383005575,-0.29816723001042067,0.17705741169671313,False
cg25021182,-0.6290856488060135,-0.052132583801354423,0.34060911630368396,False
cg25025181,0.06672952887186262,0.2630072768321617,0.16486840285201215,False
cg25025545,-0.685065805164728,-0.08075895777356067,0.38291238146914436,False
cg25026949,0.039316298277067535,0.1797561869679373,0.10953624262250242,False
cg25028308,-0.2859028375371202,-0.11801161446669435,0.20195722600190727,False
cg25029657,-0.7880920073276974,0.23692224732148776,0.5125071273245926,False
cg25031824,0.09549275998407133,0.33354601355562075,0.21451938676984605,False
cg25040934,-0.46285020768685736,-0.16348584882774775,0.31316802825730256,False
cg25045219,0.04955009220548467,-0.49664216872650063,0.2730961304659926,False
cg25052374,0.5116667812668982,0.088974524612585,0.30032065293974164,False
cg25060632,-0.4511553397405481,0.045109564069072884,0.2481324519048105,False
cg25069807,-0.03887549283186142,-0.1261867030536788,0.08253109794277011,False
cg25074170,-0.3864012453260534,-0.24806107794728932,0.31723116163667137,False
cg25078649,-0.3208137759802421,-0.37706782560378954,0.34894080079201584,True
cg25079997,-1.0669090685225229,-0.7271261025617182,0.8970175855421205,True
cg25086418,-0.08793129051909376,-0.2545552527956896,0.17124327165739167,False
cg25087423,-0.5108225360880685,-0.03906619437776446,0.2749443652329165,False
cg25090472,-0.1147192934989023,-0.4697373100694267,0.2922283017841645,False
cg25095032,-1.4239187765978398,-0.7957260542070266,1.1098224154024332,True
cg25097946,-0.5491441471300674,0.060952108116760856,0.30504812762341416,False
cg25099065,-1.1146649927330308,-0.5120367079102387,0.8133508503216347,True
cg25105060,-0.15462527614863164,-0.4244984052718137,0.2895618407102227,False
cg25113462,-0.3923207109732929,-0.10807075542199628,0.2501957331976446,False
cg25131632,-0.10559629153297655,0.03994709733160273,0.07277169443228965,False
cg25140783,-0.5007149253333334,-0.25957205728679134,0.38014349131006236,False
cg25148347,-0.7278831420181726,-0.014832948518362709,0.37135804526826766,False
cg25149125,-0.19183338137501513,0.29961052055019755,0.24572195096260635,False
cg25153741,0.307303532300923,-0.1337693551438761,0.22053644372239956,False
cg25161092,-0.8116535713996057,-0.7612171875465448,0.7864353794730752,True
cg25162301,-0.3924476243380857,-0.10817914692489819,0.25031338563149197,False
cg25165544,-0.483335244295366,-0.6443037358238408,0.5638194900596034,True
cg25170017,-0.12574136627425392,-0.5930479469976645,0.3593946566359592,False
cg25181507,0.6032558415512776,0.08652649984335267,0.3448911706973152,False
cg25185536,-0.651354572475692,-0.10475147531481811,0.378053023895255,False
cg25189247,-0.12183641155523266,0.18168708697392785,0.15176174926458025,False
cg25191041,-0.2334844231334102,0.31180572744352986,0.27264507528847004,False
cg25193867,-0.2503719312278558,-0.5549488500956928,0.4026603906617743,False
cg25196715,-0.3777901265586784,0.07419319399087448,0.22599166027477643,False
cg25198830,0.14618468455102163,-0.1708978537948735,0.15854126917294756,False
cg25203627,-0.8624243571247925,-0.17450019764815355,0.518462277386473,False
cg25211622,-0.2943972981321588,-0.5249034453820568,0.40965037175710783,False
cg25213452,-0.06013428586973842,0.17390554530200178,0.1170199155858701,False
cg25214966,-0.539765696209124,-0.2040201200201213,0.3718929081146226,False
cg25215170,0.2452766333047794,-0.26201880170314834,0.25364771750396387,False
cg25226014,-0.15229376303637207,-0.016998862716286787,0.08464631287632943,False
cg25228995,-0.6693344706870186,-0.3780182821075535,0.523676376397286,True
cg25230284,-0.7345585690043628,-0.3897102127963332,0.562134390900348,True
cg25236028,0.34141898996637554,0.15010298176637765,0.2457609858663766,False
cg25247290,0.9054947521670365,0.6374655648841334,0.7714801585255849,True
cg25279778,0.3592813843461665,-0.07047205260891881,0.21487671847754267,False
cg25283336,-0.6871597353482044,-0.4599024022432028,0.5735310687957036,True
cg25285720,-0.5877844128368674,-0.535313984598809,0.5615491987178383,True
cg25286012,-0.6588854176690087,-0.2526008106449157,0.45574311415696217,False
cg25287257,0.1294635689475308,-0.15676247842100338,0.1431130236842671,False
cg25302730,-0.3324763093796452,-0.5146359492077005,0.4235561292936728,True
cg25311466,-0.24957092312835888,-0.22139336459238515,0.23548214386037203,False
cg25314733,0.020798791182570806,0.09880539172693611,0.05980209145475346,False
cg25315312,-0.131545723530062,-0.19836507137513176,0.16495539745259688,False
cg25320665,-0.5232245951316579,0.22225815492358647,0.37274137502762217,False
cg25325005,0.2657350730404257,0.004112318282259111,0.1349236956613424,False
cg25325094,0.08296788981258761,-0.03391009232771932,0.05843899107015346,False
cg25329377,-0.24142005226292013,-0.19411892009995613,0.21776948618143813,False
cg25338036,-0.8951428227460244,-0.11636423657114701,0.5057535296585857,False
cg25340432,0.20974666660165475,-0.8419566743760274,0.5258516704888411,False
cg25344376,-0.5295531838194826,-0.11018542818565932,0.31986930600257096,False
cg25351653,-0.34059626565447987,-1.2356810943305079,0.7881386799924939,True
cg25352342,-0.4763952179771586,-1.0380033157290012,0.7571992668530799,True
cg25353468,-0.715706176900624,-0.5736912294636589,0.6446987031821414,True
cg25365958,0.2535495584692033,-0.13457536429653358,0.19406246138286842,False
cg25373430,-1.0930450414865174,-0.30608866074557045,0.6995668511160439,True
cg25378117,-0.8287059614981186,-0.3586336569624969,0.5936698092303078,True
cg25378916,0.5340102516694768,-0.11364010806948517,0.323825179869481,False
cg25381747,-1.1134970180604897,-0.11465644324038496,0.6140767306504373,False
cg25382573,0.008069302208150771,-0.5375329893646859,0.2728011457864183,False
cg25383503,0.796766606226232,0.23352028474518252,0.5151434454857072,False
cg25383568,-0.42290961284532963,-0.1351439858485912,0.2790267993469604,False
cg25386954,-0.9573887149280751,-0.46918327395920806,0.7132859944436416,True
cg25389791,-0.8308201629078541,-0.6262376421514787,0.7285289025296664,True
cg25399148,,-0.6111703222206789,,False
cg25406374,0.2868481610188098,-0.16207207205536295,0.22446011653708636,False
cg25407979,0.16484666018803645,-0.19140130716686657,0.17812398367745153,False
cg25412641,0.20869360614353252,-0.272797499581538,0.24074555286253524,False
cg25418947,-0.23367556975294893,0.11455632597890981,0.17411594786592938,False
cg25420952,-0.7781421938050428,-0.276312342146569,0.5272272679758059,False
cg25422405,0.3510074872209311,0.26726966027222526,0.30913857374657816,False
cg25424742,-0.7276525846300207,-0.09989860245964355,0.4137755935448321,False
cg25426203,-0.9362579766380331,-0.7646585234125054,0.8504582500252693,True
cg25429672,-0.21342614224171785,-0.16001720961707663,0.18672167592939726,False
cg25435594,-0.8314672001307956,-0.6550799997074342,0.7432735999191149,True
cg25437005,-0.04578196310702928,-0.008979677058172084,0.027380820082600683,False
cg25438683,-0.362202033027279,-0.6848768200478202,0.5235394265375496,True
cg25448856,-0.663293771492173,-0.11153198337464454,0.38741287743340874,False
cg25457027,-0.15928571407180156,0.34689053759626304,0.2530881258340323,False
cg25469923,0.08950441690920767,0.6025774385643209,0.34604092773676426,False
cg25479134,-0.41577840371018826,-0.298347668252082,0.3570630359811351,False
cg25492363,-0.9660638906416767,-0.048752620553717,0.5074082555976969,False
cg25495024,,0.12294170636298259,,False
cg25503323,0.15375234049870923,0.07186471403334878,0.112808527266029,False
cg25517015,-0.6804593820272831,-0.20715974585577798,0.44380956394153054,False
cg25518868,-0.5626490316657724,0.3010427245605214,0.4318458781131469,False
cg25535316,-0.6274877449995702,-0.061389935795893615,0.34443884039773187,False
cg25538627,0.13140092651678145,1.0160405541467041,0.5737207403317428,False
cg25539045,0.4675967849200841,-0.05059598004586768,0.2590963824829759,False
cg25545503,-0.17775070414312272,-0.07486144948258906,0.12630607681285588,False
cg25554205,-1.0034759116393888,-0.04289073268715505,0.5231833221632719,False
cg25564752,0.2923316289428269,0.6563468472079051,0.47433923807536604,False
cg25566312,-0.8871385804104069,-0.3996041354230174,0.6433713579167122,True
cg25574765,0.38619696342677984,0.21409650173668854,0.3001467325817342,False
cg25578728,-0.7365179170373047,-0.4677827690872987,0.6021503430623018,True
cg25580656,-0.4017005289035657,0.02814024311600776,0.21492038600978675,False
cg25582189,-0.5832058410761364,0.03509160529295688,0.3091487231845466,False
cg25589296,-1.0902759459392004,-0.6104008336091117,0.8503383897741561,True
cg25596405,0.31134189767643977,-0.27111466569285697,0.29122828168464837,False
cg25599012,-0.642752692046715,-0.19545544337060755,0.41910406770866127,False
cg25599673,-1.4691468265452048,-0.5578755210965957,1.0135111738209002,True
cg25600606,0.332297498371455,0.0699266890727281,0.20111209372209155,False
cg25600750,-0.5528433534531005,0.04405740051049148,0.298450376981796,False
cg25605731,0.25798316022642764,-0.5145545770792627,0.38626886865284515,False
cg25611057,0.016486652608830515,0.17640939520025867,0.09644802390454459,False
cg25630588,-0.4733569088490921,-0.13742428211626975,0.30539059548268094,False
cg25636354,0.6205255641155111,-0.6895450914508906,0.6550353277832008,False
cg25639566,-0.19157042801016078,-0.1747140737164744,0.1831422508633176,False
cg25643253,-0.040205731298307054,-0.22618503402794768,0.13319538266312736,False
cg25643644,-0.4741894289150738,-0.19849196382200213,0.336340696368538,False
cg25648211,0.6402410843642311,-0.34677483926609426,0.49350796181516265,False
cg25653759,-0.48030352161222284,0.6689223008698509,0.5746129112410369,False
cg25655096,-0.30958798120303926,-0.37465557282129686,0.34212177701216806,True
cg25660390,-0.0005473928338669969,-0.18855727005105427,0.09455233144246063,False
cg25667409,-0.2818802403934828,0.3565550859733253,0.31921766318340405,False
cg25670583,-0.43198342201533574,-0.8567332366160595,0.6443583293156976,True
cg25672013,-0.06269739223904763,-0.45173496251381146,0.25721617737642954,False
cg25683989,0.04735962343459979,-0.7211362683269765,0.38424794588078814,False
cg25687423,-0.829544797737916,0.09248480525080892,0.46101480149436247,False
cg25693317,-0.4362418924335613,-0.5527205571677263,0.4944812248006438,True
cg25711558,-0.6224319941368625,0.05073178509932311,0.33658188961809277,False
cg25721950,0.010541529391534665,0.45241468266587237,0.23147810602870353,False
cg25728166,0.1980244529556141,0.5438578502476275,0.3709411516016208,False
cg25729068,0.1550097667347989,-0.34847221179111265,0.2517409892629558,False
cg25730685,0.15973726804788707,-0.33067794805981826,0.24520760805385267,False
cg25732104,-0.9068690004504127,-0.0120053238512342,0.4594371621508235,False
cg25732961,-0.1652400494678819,-0.5529812836734147,0.3591106665706483,False
cg25735490,0.0227550913870747,-0.931311616775568,0.4770333540813213,False
cg25735823,-1.1836984477111623,0.011882488091456454,0.5977904679013094,False
cg25736617,-0.54131696479947,-0.3315481439679065,0.4364325543836882,True
cg25738116,-0.1962412491796962,0.018391662822618886,0.10731645600115755,False
cg25739938,0.14969263978305908,0.2388678995620324,0.19428026967254575,False
cg25743531,-0.6356339551690189,0.11137866145780924,0.3735063083134141,False
cg25744905,-0.44204567808746836,0.11416422317079823,0.2781049506291333,False
cg25752703,-0.717361650832056,-0.6897365774293269,0.7035491141306915,True
cg25757820,0.46038685123169976,0.03964972911907596,0.25001829017538785,False
cg25761326,0.6460130083882445,-0.01356075261005491,0.3297868804991497,False
cg25761791,0.22703913400138254,-0.37600424820026146,0.301521691100822,False
cg25768632,-1.4705860118394418,-0.545400846526807,1.0079934291831245,True
cg25769412,0.21734802564726013,-0.4295671428807048,0.32345758426398247,False
cg25780632,-0.6969590987649291,-0.6873404533158287,0.692149776040379,True
cg25783892,-1.0341619584951973,-0.4178560171178096,0.7260089878065035,True
cg25783969,-0.516591772927867,-0.13857902608292572,0.32758539950539634,False
cg25791430,-0.6269719863600548,-0.31381490305267784,0.47039344470636635,True
cg25801622,-0.6619527802031672,-0.37928003855519316,0.5206164093791802,True
cg25801976,-0.2725800919734885,0.37989677521745485,0.32623843359547167,False
cg25803583,-0.5425736238693777,-0.3170930302052595,0.4298333270373186,True
cg25806370,-0.34176420302944654,0.5096186911916822,0.4256914471105644,False
cg25817701,0.14579448147780444,-0.043586892080855595,0.09469068677933001,False
cg25819846,-0.06461048408254982,-0.12752024448871163,0.09606536428563073,False
cg25830307,-0.24728114166176984,-0.04483009565809887,0.14605561865993436,False
cg25838060,-0.2797772972362735,-0.6054886756928284,0.44263298646455096,False
cg25840318,-0.4626005704897676,0.2369026531526281,0.34975161182119785,False
cg25841373,-0.48070198018870836,-0.08837214454679247,0.2845370623677504,False
cg25844471,-0.4239208209934245,-0.3942853288688659,0.40910307493114517,True
cg25859670,-0.33239179147664716,-0.40259245627637014,0.36749212387650865,True
cg25866212,-0.4784917076140454,0.04666725114192999,0.2625794793779877,False
cg25879118,-0.48648950706845373,-0.21563214641877354,0.3510608267436136,False
cg25885684,-0.8051232199126079,-0.07167480722784192,0.4383990135702249,False
cg25889160,-0.6011976242085364,0.1702720290884372,0.3857348266484868,False
cg25893560,-0.09759363876574245,0.047960735739379076,0.07277718725256077,False
cg25894551,-0.4200638163538606,0.37274746639339945,0.39640564137363,False
cg25896644,0.2710642703902159,-0.06484500771116634,0.16795463905069113,False
cg25899954,-0.5337496649149504,-0.1639090166226989,0.34882934076882466,False
cg25900150,-0.227559526557236,0.32829146105640233,0.2779254938068192,False
cg25908973,0.5043254103154866,0.19698934537073076,0.3506573778431087,False
cg25913761,-0.3726940081950522,-0.06658368660704075,0.2196388474010465,False
cg25916282,0.711843545704703,0.5098180900261684,0.6108308178654357,True
cg25918166,-1.142332313738073,-1.0384797192402786,1.0904060164891758,True
cg25920665,-0.0445406076130996,-0.3805835766750669,0.21256209214408325,False
cg25924139,-0.7494197291226854,-0.40498970732113815,0.5772047182219118,True
cg25924558,-0.4114491322733244,-0.5243502832886862,0.4678997077810053,True
cg25931138,-0.2832846007054091,-1.1810276392057864,0.7321561199555977,False
cg25933095,-0.7395286409610741,-0.2606179940952352,0.5000733175281546,False
cg25934700,-0.27684828347319385,0.37958003164021115,0.32821415755670247,False
cg25939861,-0.5789073445093899,0.013849985964984749,0.2963786652371873,False
cg25940485,-0.9869776735572257,0.011667187132369045,0.49932243034479734,False
cg25942990,0.09813759268257269,0.08224858946171845,0.09019309107214557,False
cg25956012,0.19834932254817145,-0.28824176838483284,0.24329554546650214,False
cg25963511,-0.7115891527342568,0.14690193264454177,0.4292455426893993,False
cg25964019,0.7083741718093445,-0.34574654229176816,0.5270603570505563,False
cg25968394,-0.15377790857488358,-0.3856989519584386,0.2697384302666611,False
cg25980388,0.36356832361885544,-0.30029056703983076,0.3319294453293431,False
cg25989745,-1.2151996805926326,-0.16119060785524555,0.6881951442239391,False
cg25995460,-0.44874327039555795,0.0977812835570218,0.27326227697628985,False
cg25996553,-0.5042174172629138,-0.1322228010397456,0.3182201091513297,False
cg25996826,-0.986778251856516,-0.14002763013781788,0.5634029409971669,False
cg25999891,-0.6010845885124815,0.05662476708069437,0.32885467779658795,False
cg26005578,-0.08320397006740757,-0.3735999884970966,0.2284019792822521,False
cg26009797,-0.059988538348784884,0.0491227153293821,0.05455562683908349,False
cg26010099,-0.9799431825158423,-0.2642258396087605,0.6220845110623014,False
cg26018544,-0.5581441839539787,0.36108087551419565,0.45961252973408717,False
cg26019295,0.2998131034544194,0.14328123292558798,0.2215471681900037,False
cg26028155,0.020806402886071385,-0.009020637654710456,0.014913520270390921,False
cg26032026,-0.9009719327126492,-0.30638087358275745,0.6036764031477033,True
cg26033526,-0.6375962434217087,-0.3762516272409353,0.506923935331322,True
cg26037170,0.4191003714976744,-0.4281243459499614,0.42361235872381786,False
cg26044340,-1.3039058719565613,-0.26448048172170446,0.7841931768391328,False
cg26051540,-0.26341042967456507,0.014641402583228425,0.13902591612889675,False
cg26052194,0.023315799339267543,0.052982938556103164,0.03814936894768535,False
cg26058508,-0.13000383721169173,-0.014639743721161782,0.07232179046642676,False
cg26066912,-0.11947170287828787,0.10404020036435548,0.11175595162132168,False
cg26071556,-1.703962860297236,-1.3216660215229081,1.5128144409100721,True
cg26075639,0.2662518406312082,0.2961606863408587,0.28120626348603345,False
cg26081062,-0.5201449984269336,-0.33168633090735156,0.4259156646671426,True
cg26094802,-0.38764024533959984,0.1850969085321508,0.2863685769358753,False
cg26097073,-0.7263796403628245,-0.1935057930345336,0.4599427166986791,False
cg26102819,-0.6120988145734791,-0.01830485517025177,0.3152018348718655,False
cg26119382,-0.09973232512529676,-0.01227068183433856,0.05600150347981766,False
cg26121053,-0.4620999304271355,-0.5063069974819947,0.4842034639545651,True
cg26125690,-0.24188109750804532,-0.11367287598305331,0.17777698674554931,False
cg26130053,0.03596146895292665,0.2689506562437197,0.15245606259832317,False
cg26136776,-0.877386544027901,0.1447666529315418,0.5110765984797214,False
cg26137350,-0.9573205021131275,-0.38423961699178655,0.670780059552457,True
cg26137915,0.04107419916476635,-0.05784802667234521,0.04946111291855578,False
cg26138637,-0.4176153023130961,-0.2891406392275224,0.3533779707703093,False
cg26154631,-0.8112252320512408,-0.37575383041517835,0.5934895312332096,True
cg26156687,-0.1489729124426332,-0.10602447705002135,0.12749869474632727,False
cg26160564,-0.7997422860169952,-1.0189410974205968,0.909341691718796,True
cg26163153,-0.34893865871218616,0.06797429654559997,0.20845647762889308,False
cg26164712,-0.6710591610980201,-0.3166412624250618,0.493850211761541,True
cg26164773,-0.10306425745909945,-0.3311875924664935,0.21712592496279648,False
cg26165081,-0.2610135713375309,-0.28979433937708027,0.27540395535730555,False
cg26166817,-0.22818110392329807,-0.2306017595746901,0.22939143174899407,False
cg26166854,-0.5092473238643844,-0.5185485006422901,0.5138979122533373,True
cg26172342,-0.7907909187526091,0.19057058799373905,0.4906807533731741,False
cg26180191,-0.43462041308121613,-0.08662376073876892,0.2606220869099925,False
cg26183671,-0.4940167537584067,0.08421411203581022,0.28911543289710845,False
cg26191747,-0.2859315536425918,-0.9398827316007983,0.612907142621695,False
cg26197836,-0.33472629512200414,-0.017351676162994465,0.1760389856424993,False
cg26212328,0.44248701424840403,0.1862781461630959,0.31438258020574994,False
cg26217402,-0.6330896263315926,-0.5189024107659319,0.5759960185487623,True
cg26219152,-0.4197402303063494,0.08184774602611937,0.2507939881662344,False
cg26221105,-0.7346673181772985,-0.44846143050478166,0.59156437434104,True
cg26227465,-0.013818662472428214,-0.10605777974717681,0.059938221109802514,False
cg26242064,-0.9200530349766621,-0.4043214675160778,0.66218725124637,True
cg26244109,-0.367527563020116,-0.3200190024502323,0.34377328273517416,True
cg26256263,-0.5637118424812249,-0.5091948431770124,0.5364533428291186,True
cg26257082,0.45938869967705726,0.5553424016675856,0.5073655506723215,True
cg26261873,-0.3640054337587186,0.025659572879122863,0.1948325033189207,False
cg26267430,0.4556733272981867,0.7157225748824952,0.585697951090341,True
cg26269677,-0.6872901748892463,-0.04976071409257311,0.3685254444909097,False
cg26269881,-0.34523719051753465,0.35578942174158296,0.3505133061295588,False
cg26273958,-0.24206310581800364,0.333238890801484,0.28765099830974383,False
cg26275360,-0.44631924566063236,-0.511387701505515,0.47885347358307373,True
cg26279021,0.04643649983124748,-0.019150154404488265,0.03279332711786787,False
cg26279614,-1.2218011060032252,-0.24827030448776366,0.7350357052454944,False
cg26280976,-0.39766297781067556,-0.21428917639938316,0.3059760771050294,False
cg26289436,-0.20281031784880407,-0.7720556966042673,0.4874330072265357,False
cg26294229,-0.561698739313783,0.5570578198655909,0.5593782795896869,False
cg26298914,0.1837907807904257,0.41233271610341815,0.2980617484469219,False
cg26299169,-0.23010922274853138,-0.5178730589466153,0.37399114084757334,False
cg26301689,-0.25733569969001274,-0.04707092804623717,0.15220331386812497,False
cg26305504,-0.6184352409916544,0.5771762786587086,0.5978057598251815,False
cg26310429,0.49660717100050206,-0.03715129948732353,0.26687923524391277,False
cg26315617,-0.7453458794093674,-0.40917704433829216,0.5772614618738298,True
cg26318872,-0.22000483966842735,-0.010946884746217005,0.11547586220732217,False
cg26322711,-0.742018460060499,-0.4240748803030674,0.5830466701817831,True
cg26328150,-0.7678693677177205,0.1620751474674263,0.46497225759257343,False
cg26337390,-0.5297793151570181,0.2502214706587876,0.3900003929079029,False
cg26341831,-0.7800363333729796,0.11056660334271154,0.44530146835784556,False
cg26342671,1.2110752978203287,0.8848105685413377,1.0479429331808332,True
cg26348243,-0.5153254000872023,-0.009144908776245535,0.2622351544317239,False
cg26353877,-0.37159113698104146,0.23659492845934946,0.30409303272019544,False
cg26371345,-0.021600833145742952,0.5096584654248582,0.26562964928530053,False
cg26383838,-0.49590089469265186,-0.40412739109051976,0.4500141428915858,True
cg26386472,0.26197488103533745,0.37996495858756596,0.32096991981145173,False
cg26388177,-1.1567285933793698,-0.4340248835733786,0.7953767384763742,True
cg26394055,-0.01722619392874283,-0.45500075935905077,0.23611347664389679,False
cg26395066,-0.6144235664704003,-0.5573112565685041,0.5858674115194522,True
cg26396815,-0.6953127618638802,0.0886256613599927,0.3919692116119365,False
cg26399994,-0.29284011046376424,0.3497759577356938,0.321308034099729,False
cg26400113,-1.174747386853557,-0.20116640850901576,0.6879568976812863,False
cg26401541,-0.6689330091564883,-0.39834308289113274,0.5336380460238106,True
cg26402417,-0.6141768828879861,-0.16499066770022247,0.38958377529410426,False
cg26406292,-0.2598011755275354,-0.1283098316841325,0.19405550360583396,False
cg26420795,-0.030433258939503105,0.14749738207569527,0.08896532050759919,False
cg26421310,0.6639295456301036,-0.039685926235941964,0.3518077359330228,False
cg26427109,-0.0085467523659248,0.14222335066472958,0.07538505151532719,False
cg26431815,-0.7581295029036909,-0.24080829910377838,0.49946890100373464,False
cg26439963,0.9298225210513463,0.1886632515731129,0.5592428863122296,False
cg26453360,-0.4733008028835331,-0.43723059658668983,0.45526569973511144,True
cg26456274,-0.758770200103285,-0.09375093840782753,0.4262605692555563,False
cg26465474,-0.7393874613389337,-0.3216953913140681,0.5305414263265009,True
cg26468833,-0.38444932569823725,-0.13092449007442214,0.2576869078863297,False
cg26469821,0.22417952810730077,0.47566681015183065,0.3499231691295657,False
cg26472802,-0.40255812737158764,-0.14021023042733843,0.27138417889946304,False
cg26473818,-0.2121173722933424,0.5615090158430899,0.3868131940682161,False
cg26489080,-0.3405018583754329,-0.7817885399340878,0.5611451991547604,True
cg26510178,-0.9476742158576346,-0.7097573894261253,0.8287158026418799,True
cg26510945,-1.1716589507771626,-0.46611008548070265,0.8188845181289326,True
cg26514623,-0.6198484457568891,-0.21920500099548626,0.4195267233761877,False
cg26515162,-0.7603689693185245,-0.10769481948667149,0.434031894402598,False
cg26517849,0.467957793443893,0.21252737644692432,0.34024258494540865,False
cg26527655,-0.5926859723350049,0.061440407806522275,0.32706319007076357,False
cg26533764,-0.35605707521911195,0.09623777476656634,0.22614742499283913,False
cg26535835,0.5470331527886894,0.7157028470113457,0.6313679999000175,True
cg26538782,-0.39579419958889106,-0.45699286166718533,0.4263935306280382,True
cg26540315,-0.10204817705387584,-0.08590934697234233,0.09397876201310909,False
cg26547816,-0.2810409397858435,0.1523464373852456,0.21669368858554455,False
cg26549892,-0.9907292403405129,-0.4181558649408133,0.7044425526406631,True
cg26552734,-0.5964891507997648,-0.6187726348309642,0.6076308928153645,True
cg26552743,-0.9539161789280722,-0.250285998103924,0.6021010885159981,False
cg26554494,-0.15420027401070455,-0.4264321370528091,0.2903162055317568,False
cg26555052,-0.8002219641412226,0.02813865452307041,0.4141803093321465,False
cg26557005,-0.348485298842901,-0.9408200597334209,0.644652679288161,True
cg26573274,0.25757579418649085,0.008313236204709936,0.13294451519560038,False
cg26573923,-0.6539972222887153,-0.28238931927341077,0.468193270781063,False
cg26574794,-0.26135778941560656,-0.541984566536855,0.40167117797623075,False
cg26575166,-0.556360264107507,-0.6766654349613561,0.6165128495344316,True
cg26586384,-0.4409049820161042,0.2561289559106883,0.34851696896339623,False
cg26605046,-0.2722878480803856,-0.2920110579453283,0.28214945301285693,False
cg26624794,0.13234288809152311,-0.7111022419372242,0.42172256501437366,False
cg26627956,-0.6375564109155925,-0.25732937496505004,0.44744289294032125,False
cg26644059,0.80261709180437,-0.008772547829663602,0.4056948198170168,False
cg26648465,0.06368397643143489,0.27434337677978876,0.16901367660561184,False
cg26665904,-0.43801250687403726,-0.42299737643884827,0.43050494165644276,True
cg26668919,-0.11949379311023353,-0.24203680417792242,0.18076529864407798,False
cg26672794,0.48101302222509634,-0.09133755114278039,0.2861752866839384,False
cg26673070,-0.23205361749548759,0.39990038125472527,0.3159769993751064,False
cg26673975,0.01642547713661868,-1.207634967835528,0.6120302224860733,False
cg26678144,-0.5348897399375085,-0.10111812184472142,0.318003930891115,False
cg26680675,-0.7378885809969307,-0.32828329027659636,0.5330859356367635,True
cg26681770,0.201212760347384,-0.28824850985568545,0.24473063510153473,False
cg26684776,-0.08044280784170749,0.46381954549022586,0.27213117666596665,False
cg26690127,-0.5154257532003211,-0.29586978589109797,0.4056477695457096,False
cg26692749,-0.5407180924328155,-0.25063165341707605,0.3956748729249458,False
cg26708100,-0.05157190839949988,0.36521452573397484,0.20839321706673736,False
cg26709988,-0.6309004577699581,-0.09575176720088027,0.3633261124854192,False
cg26710819,-0.6477011207770174,-0.5296772549147327,0.5886891878458751,True
cg26717554,0.13807175672383148,-0.502506604193784,0.3202891804588077,False
cg26720010,-0.25017191739350464,-0.07962912447101003,0.16490052093225732,False
cg26724070,-0.304323225642415,0.4702007905421738,0.3872620080922944,False
cg26735503,-0.16643381992286785,0.0007774866153032677,0.08360565326908556,False
cg26744236,-0.6825930683313283,-0.8760186307798932,0.7793058495556107,True
cg26749361,-1.1347760117869459,-0.9333536528118911,1.0340648322994186,True
cg26753302,0.23989306357613832,0.2848260630405727,0.2623595633083555,False
cg26757673,-0.25084688158674434,-0.37304269175103183,0.3119447866688881,False
cg26768067,-0.08265440112250527,-0.10303431200986339,0.09284435656618434,False
cg26771557,0.3500142519866648,0.18192795556708713,0.26597110377687594,False
cg26776656,-0.5632618160656706,0.12359372742982577,0.3434277717477482,False
cg26777475,-0.3797294335886935,0.2787189149332079,0.3292241742609507,False
cg26783127,-0.8471733302017419,0.19741941276967295,0.5222963714857074,False
cg26784000,-0.5309603955063827,0.0927783053270532,0.311869350416718,False
cg26787915,-0.598898417363667,-0.17865064625998678,0.38877453181182686,False
cg26789453,0.6029682805985073,0.3510817431887769,0.4770250118936421,True
cg26793019,-0.59650688401694,0.13446195808093614,0.3654844210489381,False
cg26795340,-0.5558031511897246,-0.38572792742869577,0.47076553930921017,True
cg26795789,0.146707275607535,-0.3018349928674816,0.2242711342375083,False
cg26803313,-0.7423672748979291,-0.4282049884571989,0.5852861316775639,True
cg26805779,-0.44392782099354716,-0.4020551164500959,0.42299146872182153,True
cg26807107,0.152507035707922,-0.22058791682307297,0.1865474762654975,False
cg26810157,-1.498955743191675,-0.6712082608722778,1.0850820020319762,True
cg26811065,-0.5963004354474389,-0.27026764353940047,0.4332840394934197,False
cg26814100,0.006867269130593978,-0.17400488856610358,0.09043607884834878,False
cg26816748,-1.3070876753809166,-0.6553155385753953,0.981201606978156,True
cg26824508,-0.6276503700088866,-0.21096494897359472,0.41930765949124066,False
cg26826183,-0.34838740355187536,-0.284531237256549,0.3164593204042122,False
cg26830409,-1.132971721026436,-0.17881790956180924,0.6558948152941226,False
cg26848126,-0.29055396455583477,0.2629826182800944,0.27676829141796455,False
cg26848442,-0.5351791081674947,-0.24780361769421586,0.3914913629308553,False
cg26848724,-0.34567631425257955,-0.11561442324919304,0.2306453687508863,False
cg26851374,0.1170599862450225,0.16856287935002187,0.14281143279752218,False
cg26852625,0.5999005206894278,-0.5528078876984326,0.5763542041939302,False
cg26858540,-0.19797120125857548,-0.2785592148697046,0.23826520806414003,False
cg26865290,-1.3879732818485229,-0.655842887170697,1.02190808450961,True
cg26868156,-0.5752082502788569,-0.0344487588938678,0.30482850458636235,False
cg26870057,-0.1466630258834058,-0.31195718212707757,0.22931010400524168,False
cg26872907,0.3566538772045295,-0.12903302143097875,0.24284344931775415,False
cg26884027,0.01587357272818078,-0.5234450908980438,0.2696593318131123,False
cg26888623,-0.8512425148664318,-0.7933804232845921,0.822311469075512,True
cg26889953,-0.2900182734740872,0.22508598202206082,0.257552127748074,False
cg26894079,-0.6583145363774108,0.0869179461219088,0.3726162412496598,False
cg26896748,-2.7092849537662067,-1.3996294917731467,2.0544572227696767,True
cg26897904,0.35428933071509133,0.28905490546202367,0.3216721180885575,False
cg26902127,-1.0407049802801462,-0.050075106556909846,0.545390043418528,False
cg26905196,-0.13559055269108344,-0.2774675870489078,0.2065290698699956,False
cg26905720,-0.7961825265547697,-0.36746761196486644,0.5818250692598181,True
cg26906629,-0.2692868673275957,0.056055543819537534,0.16267120557356662,False
cg26907427,-0.04071710635557914,0.011746300827802354,0.026231703591690747,False
cg26915370,-0.32813124608395944,0.07187561250532,0.2000034292946397,False
cg26918935,-0.016179964118321573,-0.14051939239855257,0.07834967825843707,False
cg26921093,-0.016945509567107213,0.05186153421800494,0.03440352189255608,False
cg26921611,0.16345981897697393,0.0569323658614674,0.11019609241922067,False
cg26922780,0.22224237195852217,-0.13499631341135235,0.17861934268493726,False
cg26923863,0.0531676776363991,-0.3001316774884325,0.17664967756241579,False
cg26930596,-0.80227259305983,-0.2054307540699548,0.5038516735648924,False
cg26934362,-0.31481060962581964,-0.18460317874935708,0.24970689418758835,False
cg26935304,-0.18172991821342221,-0.5534934535959843,0.3676116859047033,False
cg26937434,-0.20152195712322132,-0.4673732455656381,0.3344476013444297,False
cg26955337,-0.13898736126945183,0.04520515981553776,0.09209626054249478,False
cg26955540,-0.742905754523948,-0.036683197483529766,0.3897944760037389,False
cg26959580,0.13120437884715683,-0.5911770413096327,0.36119071007839476,False
cg26962002,-0.2626928201134595,-1.6395364277103874,0.9511146239119235,False
cg26971585,-0.48747831293794713,0.2735061865755274,0.38049224975673723,False
cg26975459,-0.07240638613006856,0.10684493260704216,0.08962565936855535,False
cg26975807,-0.1660429980949588,-0.6637248017163252,0.414883899905642,False
cg26978776,-0.9362453091965096,-0.35921597013596474,0.6477306396662372,True
cg26986871,0.7305206558475561,-0.10967432068554385,0.42009748826654997,False
cg26988138,-0.35409385710813956,-0.04453561259688828,0.19931473485251391,False
cg26988253,-0.10509399941339433,0.14311055339600914,0.12410227640470173,False
cg26990332,-0.4075933454652513,0.00750211725323887,0.20754773135924506,False
cg26994283,0.14103633838770463,-0.5874548691036063,0.3642456037456555,False
cg27000496,-0.6124793047389915,-1.1715005936512284,0.89198994919511,True
cg27008565,-1.0171361967011299,0.08042130263466707,0.5487787496678984,False
cg27027055,-0.7355283822788455,-0.09280974382462676,0.4141690630517362,False
cg27027655,-0.8164578191765524,-0.009575019544757908,0.41301641936065514,False
cg27029018,-0.3449121696111551,0.1451580725769413,0.2450351210940482,False
cg27036740,-0.04276877762937735,0.3663641235400653,0.20456645058472134,False
cg27038101,-0.8216443035380154,-0.2509042499012549,0.5362742767196351,False
cg27040968,-0.4170806299501446,0.06426397167711842,0.2406723008136315,False
cg27049194,-0.8899887853630339,-0.05838873663652803,0.47418876099978097,False
cg27050057,-0.23787270149049888,0.47784467944420544,0.3578586904673522,False
cg27050793,-0.47940379377691933,0.19798289348937215,0.33869334363314574,False
cg27056418,-0.7570417511582846,-0.7056803243597732,0.7313610377590289,True
cg27059140,-0.20814391323380793,-0.23014760904055356,0.21914576113718076,False
cg27060355,0.3675126928352022,0.059526528828395806,0.21351961083179902,False
cg27060386,-0.32214993955280796,0.09293080444711498,0.20754037199996148,False
cg27069566,-0.5738828712803076,-0.007947617742175892,0.29091524451124173,False
cg27072749,0.5010336700478115,-0.39710738995014216,0.44907052999897684,False
cg27078600,-0.8827722080467033,0.09707841089167664,0.48992530946919,False
cg27083891,-0.5395055121303303,-0.4925329039393259,0.516019208034828,True
cg27088473,-0.7178250295249141,-0.509502079135369,0.6136635543301416,True
cg27091865,-0.15508679070565,-0.238134482993598,0.196610636849624,False
cg27096032,,0.2939784123994711,,False
cg27097660,-0.4029089080506218,0.4582967410663442,0.430602824558483,False
cg27098900,0.11537622368193988,0.3092741600602891,0.2123251918711145,False
cg27099880,0.36981064605385794,-0.22653522968302864,0.2981729378684433,False
cg27106643,-0.16485398123616601,-0.47812938156053164,0.3214916813983488,False
cg27110491,-0.9664411805589936,-0.5371722416173585,0.7518067110881761,True
cg27111890,-0.20500137565442497,-0.017022547413592055,0.11101196153400851,False
cg27128042,-0.537959188487858,-1.1781902140086906,0.8580747012482743,True
cg27128560,-1.726631888023865,-0.4170400576939175,1.0718359728588913,True
cg27138901,-0.5398888956180077,0.050623936818554136,0.2952564162182809,False
cg27145197,-0.56991340884079,-0.36967186415182895,0.4697926364963095,True
cg27162932,-0.8114724948654536,-0.440614929407447,0.6260437121364503,True
cg27163431,-0.5163428421243131,-0.05491018181831469,0.2856265119713139,False
cg27166381,0.19276096893001432,-0.724976579610352,0.45886877427018313,False
cg27178401,0.31633325226573367,-0.15569935682862943,0.23601630454718153,False
cg27183791,-0.07116945708840496,-0.49723373285004846,0.2842015949692267,False
cg27193655,-1.0445636984366702,-0.302796700200028,0.6736801993183491,True
cg27196131,-1.4463207398298397,-1.3565958284129145,1.401458284121377,True
cg27196194,-0.2563074217767382,-0.27001378120002373,0.26316060148838094,False
cg27197524,0.11454910129354688,-0.46048154156266796,0.28751532142810743,False
cg27200257,-0.8298599362986533,-0.3821966392840493,0.6060282877913513,True
cg27201332,-0.3024059649245419,-0.7222292522605268,0.5123176085925344,True
cg27201679,-0.23436549494753858,-0.4465716221876312,0.3404685585675849,False
cg27214730,-0.053313837038433926,-0.059215885042737774,0.05626486104058585,False
cg27218993,-0.652936375234714,-0.43256111456299146,0.5427487448988527,True
cg27220660,0.1136859435620925,0.28679473518518456,0.20024033937363853,False
cg27223646,-0.4401300988135757,-1.0415064090208883,0.740818253917232,True
cg27224881,-0.6486667577778692,-0.04257538252762436,0.3456210701527468,False
cg27230784,0.03630030948942663,0.3232521575810665,0.17977623353524658,False
cg27256629,-0.28966589074653226,-0.18812785785299846,0.23889687429976536,False
cg27258394,-0.08823838859101125,0.10053157609438296,0.0943849823426971,False
cg27261733,-1.0394908101376994,-0.05953054569404319,0.5495106779158713,False
cg27273946,-0.9637659076725609,-0.5682037482939288,0.7659848279832449,True
cg27274377,-0.18992760909462117,-0.020843359943030135,0.10538548451882565,False
cg27274718,0.06285523963564849,0.39830721448894024,0.23058122706229436,False
cg27279301,-0.20378441069175796,-0.039013516333255324,0.12139896351250665,False
cg27284034,-0.6744086667195759,-0.029290900214313253,0.35184978346694457,False
cg27285599,-0.6680236049968785,-0.15244766876999655,0.41023563688343756,False
cg27287951,-0.2121768261342927,0.013633626512253267,0.11290522632327299,False
cg27292431,-0.5577339702984352,-0.1666849906910496,0.3622094804947424,False
cg27297673,-0.7555965209034977,-0.46499199184610346,0.6102942563748006,True
cg27304328,0.11650311835931165,-0.3663802791800611,0.24144169876968638,False
cg27306537,0.08838695048299532,-0.15888675497891433,0.12363685273095482,False
cg27309155,-0.6404425072319467,-0.06247282716589223,0.35145766719891947,False
cg27309282,0.03702247327906848,-0.5346187958531884,0.28582063456612844,False
cg27309871,-0.027591185486238165,-0.44128313287940235,0.23443715918282027,False
cg27310485,-0.6514920124561986,-0.2960549930888339,0.47377350277251623,False
cg27315109,-0.662287758586786,-0.2519322190458202,0.4571099888163031,False
cg27316811,0.3695421362306319,0.13797722105215207,0.253759678641392,False
cg27317046,-0.1568603520403508,-0.20759237202978878,0.18222636203506978,False
cg27317694,0.2314874567548594,-0.5458264804142753,0.38865696858456733,False
cg27318481,0.039691274367034936,-0.24070926570087686,0.1402002700339559,False
cg27327508,-0.24480732972530647,-0.3400317620235172,0.2924195458744118,False
cg27340480,-1.272274700976007,-0.1329313363283863,0.7026030186521967,False
cg27341866,-0.770338773600845,-0.37417696274056994,0.5722578681707075,True
cg27345924,0.37871781351428285,0.2789632842598913,0.3288405488870871,False
cg27350716,0.39645722365236713,-0.018968603661734997,0.20771291365705105,False
cg27351816,-0.2855322634734498,-0.059917709552930354,0.17272498651319007,False
cg27356296,-0.1727391395820571,-0.38703290026565546,0.2798860199238563,False
cg27359629,-0.2431621648516007,-0.015137931477166145,0.1291500481643834,False
cg27360282,-0.4120379216388351,0.1497642785976169,0.280901100118226,False
cg27366072,-0.24527313628262878,0.002220478118145031,0.1237468072003869,False
cg27367142,-0.18964608458083318,0.03432006809156551,0.11198307633619935,False
cg27368828,-0.3678754915485286,0.028216617859873963,0.19804605470420128,False
cg27377863,0.5435427307855688,1.1864431581277592,0.864992944456664,True
cg27378814,-0.8655698511266078,0.02626066744055541,0.4459152592835816,False
cg27383365,-1.34992679844663,-0.6256304333011434,0.9877786158738868,True
cg27392802,-0.4094723612334803,-0.22396631157296532,0.3167193364032228,False
cg27398230,-0.4887403296876511,-0.0067065945140698646,0.24772346210086046,False
cg27400165,-1.1104256782795,-0.3485599514154049,0.7294928148474524,True
cg27412039,-0.7623898357451696,-0.17294792846000503,0.46766888210258734,False
cg27416848,-0.41145592774814616,-0.4175546339004281,0.4145052808242871,True
cg27417578,-0.09103527439257096,-0.321744552879788,0.20638991363617948,False
cg27423838,-0.7212758956753719,-0.13182726055316715,0.4265515781142695,False
cg27436184,-1.0984555592611167,0.003952897545761688,0.5512042284034392,False
cg27436324,-0.7951616759680097,-1.1616597637968722,0.978410719882441,True
cg27440002,-0.9864745116247324,-0.7134394436843834,0.8499569776545579,True
cg27440150,-0.2723579513758744,-0.16563256679397667,0.2189952590849255,False
cg27440523,-0.83681916749919,-0.20048117306409427,0.5186501702816422,False
cg27444290,-0.43329771630387764,-0.35108333738564446,0.3921905268447611,True
cg27447753,-0.1790293948366879,-0.33824000104891566,0.2586346979428018,False
cg27455061,-0.7839107305609414,-0.8523711738613376,0.8181409522111396,True
cg27459530,-0.24960856662723493,-0.5182307574358459,0.38391966203154043,False
cg27468224,-0.10475271410269973,-0.04943890008316359,0.07709580709293166,False
cg27470208,0.3967013634501868,-0.21093867649615197,0.3038200199731694,False
cg27477601,0.8792218526764269,0.9760307670956578,0.9276263098860424,True
cg27488364,-0.12766933093054925,0.22940985777564937,0.1785395943530993,False
cg27490101,-0.43057957241996536,0.38399440514319444,0.4072869887815799,False
cg27506254,-1.1632750162466265,-0.016058413020187588,0.589666714633407,False
cg27507827,-0.6395691219658678,-0.11238747046007608,0.37597829621297196,False
cg27510197,0.5675151205976221,0.6079048531452383,0.5877099868714302,True
cg27516584,-0.337211525107933,0.4285851025107794,0.38289831380935624,False
cg27518860,-1.2448120997779928,0.4137859623935684,0.8292990310857806,False
cg27518976,-0.3882829351245964,-0.10621408155362899,0.2472485083391127,False
cg27519392,-0.8790190270901469,-0.10641354246251114,0.492716284776329,False
cg27539060,0.6263596443074537,0.04476064485141775,0.3355601445794357,False
cg27545565,-0.4038996839953246,-0.3263920824257995,0.36514588321056207,True
cg27545615,-0.5156855475404412,-0.4359634140006763,0.4758244807705587,True
cg27565811,-1.321426217559794,-0.5885762634747599,0.955001240517277,True
cg27565966,-0.1306044490943632,-0.40759059851358337,0.2690975238039733,False
cg27567206,-0.6948010459422904,-0.30075750067440926,0.4977792733083498,True
cg27572855,0.059329466764933975,0.39148594393343333,0.22540770534918364,False
cg27575052,-0.4337556902984212,0.37663865892450393,0.40519717461146254,False
cg27576271,-0.0180943559518785,-0.3922351749839896,0.20516476546793405,False
cg27578760,-0.36371915295880125,-0.7817247609064641,0.5727219569326327,True
cg27579501,-0.4667472700593794,0.07105418893388989,0.2689007294966346,False
cg27582527,-0.3579612816236675,-0.11041430356642845,0.234187792595048,False
cg27586249,-0.07717850742923232,0.1093679069795321,0.0932732072043822,False
cg27592331,0.024801599566997654,0.3477030560004516,0.18625232778372464,False
cg27594157,-0.24773094128036027,-0.663630430150036,0.45568068571519815,False
cg27598340,-0.1743268212313009,0.18300054767000068,0.17866368445065078,False
cg27604897,-1.0323411252312042,0.1836165505251909,0.6079788378781976,False
cg27606341,-0.17527599277797276,-0.17259593808045026,0.17393596542921153,False
cg27607126,-0.7269687609853254,-0.34299524500316175,0.5349820029942436,True
cg27607583,-0.6620142793387952,-0.8904093473924836,0.7762118133656394,True
cg27608563,-0.7696828701186685,-0.501903273470829,0.6357930717947488,True
cg27621471,0.07275530001873314,-0.21618083023993953,0.14446806512933633,False
cg27621997,-1.063731560350235,-0.19125633604789172,0.6274939481990633,False
cg27625491,-0.45101391805630103,-0.21607585309718202,0.33354488557674156,False
cg27627209,0.23389275274755103,-0.021674161197280998,0.12778345697241603,False
cg27627381,-0.5201298556672409,0.2951188084031814,0.40762433203521115,False
cg27629124,-0.6338999855251942,-0.3757210918625493,0.5048105386938717,True
cg27634130,-0.2827926582183015,-0.7813137801326834,0.5320532191754924,False
cg27635470,-1.1200111010219658,-0.29515296278333314,0.7075820319026495,False
cg27637873,-1.6791167233088866,-1.054702227647023,1.366909475477955,True
cg27648858,0.0609730054710156,-0.15038940461120132,0.10568120504110845,False
cg27649037,-0.36162280720152074,-0.25619622101500594,0.30890951410826334,False
cg27650540,-0.7682792627724226,-0.26166623482651347,0.5149727487994681,False
cg27653134,-0.6388631643785089,0.113264944978795,0.37606405467865195,False
cg27653384,0.643167187701059,0.21343923911484594,0.42830321340795247,False
cg27659862,0.7734255487044834,0.07236374911969298,0.4228946489120882,False
